time/fps,time/time_elapsed,time/iterations,time/total_timesteps,train/std,train/learning_rate,train/n_updates,train/value_loss,train/entropy_loss,train/clip_fraction,train/explained_variance,train/policy_gradient_loss,train/clip_range,train/approx_kl,train/loss,rollout/ep_rew_mean,rollout/ep_len_mean
4119,0,1,512,,,,,,,,,,,,,
2494,0,2,1024,0.9998894929885864,0.0004092704424510632,16,0.10130200143248658,-43.98685956001282,0.3079833984375,-0.5104485750198364,-0.03721158753614873,0.2,0.020504083,-0.047220803797245026,,
2224,0,3,1536,0.9995006322860718,0.0004092704424510632,32,0.006475333735579625,-43.976062655448914,0.241943359375,0.03491055965423584,-0.026897119452769402,0.2,0.016365448,-0.03611002117395401,-2.486559,1258.0
2063,0,4,2048,0.9997488260269165,0.0004092704424510632,48,0.012501840421464294,-43.972001791000366,0.2938232421875,0.030170321464538574,-0.029343847883865237,0.2,0.022844274,-0.03731349855661392,-2.486559,1258.0
1884,1,5,2560,0.9983600378036499,0.0004092704424510632,64,0.0023115484254958574,-43.96166634559631,0.295166015625,0.017159461975097656,-0.02648789982777089,0.2,0.021439845,-0.035562776029109955,-2.3843104999999998,1258.0
1814,1,6,3072,0.9972628951072693,0.0004092704424510632,80,0.01829960066243075,-43.91306805610657,0.302978515625,-0.003920316696166992,-0.028356548136798665,0.2,0.020128906,-0.021740484982728958,-2.3843104999999998,1258.0
1814,1,7,3584,0.9966623187065125,0.0004092704424510632,96,0.0028455993051466066,-43.88598966598511,0.2381591796875,-0.013225197792053223,-0.026291305330232717,0.2,0.017943587,-0.03469439595937729,-2.3843104999999998,1258.0
1815,2,8,4096,0.9980605244636536,0.0004092704424510632,112,0.004096926357306074,-43.89819920063019,0.2503662109375,0.07811141014099121,-0.022803859814302996,0.2,0.022090405,-0.022931983694434166,-2.403316,1258.0
1814,2,9,4608,0.9975047707557678,0.0004092704424510632,128,0.024194402678404003,-43.91900312900543,0.229736328125,0.02508866786956787,-0.022553172835614532,0.2,0.015711918,-0.01373288780450821,-2.403316,1258.0
1818,2,10,5120,0.9952470064163208,0.0004092704424510632,144,0.00456899571872782,-43.87537598609924,0.23828125,0.31524837017059326,-0.02735617064172402,0.2,0.015399519,-0.02841932885348797,-2.3998939999999997,1258.0
1822,3,11,5632,0.9952692985534668,0.0004092704424510632,160,0.03324222849914804,-43.82581853866577,0.3206787109375,0.009481966495513916,-0.03602240394684486,0.2,0.029029869,-0.018574010580778122,-2.3998939999999997,1258.0
1822,3,12,6144,0.9943866729736328,0.0004092704424510632,176,0.002183385595344589,-43.823503613471985,0.2625732421875,0.025010764598846436,-0.03156951462733559,0.2,0.016095797,-0.04280240461230278,-2.3998939999999997,1258.0
1814,3,13,6656,0.9949399828910828,0.0004092704424510632,192,0.009418895264388993,-43.810837388038635,0.22021484375,0.01909160614013672,-0.022707871496095322,0.2,0.017712105,-0.028751380741596222,-2.405107,1258.0
1807,3,14,7168,0.991751492023468,0.0004092704424510632,208,0.041550221387296915,-43.78715109825134,0.3306884765625,0.015434563159942627,-0.03705839574104175,0.2,0.033826753,-0.023468144237995148,-2.405107,1258.0
1801,4,15,7680,0.991007924079895,0.0004092704424510632,224,0.005075805362139363,-43.69917166233063,0.205322265625,0.5213683843612671,-0.02278407264384441,0.2,0.013414064,-0.03927032649517059,-2.389347,1258.0
1797,4,16,8192,0.9912751317024231,0.0004092704424510632,240,0.046601450885646045,-43.70106065273285,0.2242431640625,0.03303849697113037,-0.023813596766558476,0.2,0.019460086,-0.013198036700487137,-2.389347,1258.0
1793,4,17,8704,0.9943063855171204,0.0004092704424510632,256,0.002428581577987643,-43.739545583724976,0.2113037109375,-0.1146472692489624,-0.02121005198569037,0.2,0.015843865,-0.030480436980724335,-2.389347,1258.0
1789,5,18,9216,0.9959586262702942,0.0004092704424510632,272,0.002918360089097405,-43.826987504959106,0.176513671875,0.2491084337234497,-0.017629147216212004,0.2,0.016384538,-0.02233114279806614,-2.375391,1258.0
1787,5,19,9728,0.9960749745368958,0.0004092704424510632,288,0.0622258159564808,-43.85623514652252,0.21826171875,0.02066272497177124,-0.020325881167082116,0.2,0.017888231,-0.0005677342414855957,-2.375391,1258.0
1792,5,20,10240,0.9955496191978455,0.0004092704424510632,304,0.0031453171104658395,-43.842710733413696,0.242431640625,0.5988642573356628,-0.02525707645691,0.2,0.024829097,-0.038081347942352295,-2.3638415,1258.0
1797,5,21,10752,0.9942647814750671,0.0004092704424510632,320,0.05431389529258013,-43.818949818611145,0.2452392578125,0.11060076951980591,-0.029065418464597315,0.2,0.017244011,-0.016433799639344215,-2.3638415,1258.0
1800,6,22,11264,0.9931656122207642,0.0004092704424510632,336,0.002482974796294002,-43.775776624679565,0.2059326171875,-0.6258840560913086,-0.022930115403141826,0.2,0.013645704,-0.029695291072130203,-2.3638415,1258.0
1803,6,23,11776,0.9928544163703918,0.0004092704424510632,352,0.0023959937716426793,-43.755672097206116,0.2757568359375,0.5220391154289246,-0.028808751972974278,0.2,0.024771873,-0.03873645141720772,-2.3636222222222223,1258.0
1810,6,24,12288,0.9935896396636963,0.0004092704424510632,368,0.06222387193702161,-43.75519299507141,0.248291015625,0.04960232973098755,-0.025727301166625693,0.2,0.022909207,-0.017536554485559464,-2.3636222222222223,1258.0
1828,7,25,12800,0.9933289885520935,0.0004092704424510632,384,0.003686052586999722,-43.77371120452881,0.2265625,0.7261958718299866,-0.022917620692169294,0.2,0.02103879,-0.030865151435136795,-2.3632686,1258.0
1844,7,26,13312,0.9925256371498108,0.0004092704424510632,400,0.061442053178325295,-43.75229895114899,0.2310791015625,0.14942270517349243,-0.024905699712689966,0.2,0.020473562,-0.017084425315260887,-2.3632686,1258.0
1860,7,27,13824,0.990803062915802,0.0004092704424510632,416,0.002674722927622497,-43.71662724018097,0.2603759765625,-0.9550226926803589,-0.0290415525669232,0.2,0.018037602,-0.03894736245274544,-2.3632686,1258.0
1877,7,28,14336,0.9910388588905334,0.0004092704424510632,432,0.002500459766451968,-43.68179214000702,0.2230224609375,0.022084534168243408,-0.022173034987645224,0.2,0.021661904,-0.03683893382549286,-2.3497464545454547,1258.0
1892,7,29,14848,0.9913937449455261,0.0004092704424510632,448,0.03805061525781639,-43.69918072223663,0.2833251953125,0.00771254301071167,-0.02610791742336005,0.2,0.03471765,-0.0153714120388031,-2.3497464545454547,1258.0
1906,8,30,15360,0.9917386770248413,0.0004092704424510632,464,0.00301700744239497,-43.707244515419006,0.2208251953125,0.7178460955619812,-0.022234665564610623,0.2,0.016638413,-0.02156290039420128,-2.3430874166666666,1258.0
1919,8,31,15872,0.9898933172225952,0.0004092704424510632,480,0.07371841045096517,-43.689396023750305,0.229248046875,0.1467108130455017,-0.022792207077145576,0.2,0.020638447,-0.013126403093338013,-2.3430874166666666,1258.0
1930,8,32,16384,0.9894501566886902,0.0004092704424510632,496,0.0027520090097823413,-43.64208269119263,0.16552734375,-1.3180809020996094,-0.018969448370626196,0.2,0.012144256,-0.028695590794086456,-2.345834153846154,1258.0
1938,8,33,16896,0.9898874163627625,0.0004092704424510632,512,0.07655286195222288,-43.648258566856384,0.2117919921875,-0.10837006568908691,-0.022751295007765293,0.2,0.015829157,0.016233518719673157,-2.345834153846154,1258.0
1944,8,34,17408,0.9907504320144653,0.0004092704424510632,528,0.0029432359951897524,-43.66972100734711,0.2425537109375,0.00035560131072998047,-0.025661039515398443,0.2,0.020953117,-0.036844685673713684,-2.345834153846154,1258.0
1956,9,35,17920,0.9888049364089966,0.0004092704424510632,544,0.005346262565581128,-43.66055476665497,0.2581787109375,0.01484006643295288,-0.02895312874170486,0.2,0.02054369,-0.03988955169916153,-2.3389835000000003,1258.0
1967,9,36,18432,0.9882639050483704,0.0004092704424510632,560,0.08960920735262334,-43.6096670627594,0.268310546875,0.0013775229454040527,-0.0269544399343431,0.2,0.023812199,0.011155154556035995,-2.3389835000000003,1258.0
1975,9,37,18944,0.9872187972068787,0.0004092704424510632,576,0.0035755456483457237,-43.592424273490906,0.2010498046875,0.18831652402877808,-0.020824463426833972,0.2,0.015638988,-0.02542833238840103,-2.3393970666666672,1258.0
1977,9,38,19456,0.9865784049034119,0.0004092704424510632,592,0.0908084746915847,-43.55815410614014,0.252685546875,0.00834190845489502,-0.025923091074218974,0.2,0.021672696,0.008704625070095062,-2.3393970666666672,1258.0
1983,10,39,19968,0.9869377017021179,0.0004092704424510632,608,0.0016660801993566565,-43.55063998699188,0.2384033203125,-0.016835927963256836,-0.026272175600752234,0.2,0.01824179,-0.023654304444789886,-2.3393970666666672,1258.0
1989,10,40,20480,0.9865065217018127,0.0004092704424510632,624,0.005048051956691779,-43.55680274963379,0.1654052734375,0.07420825958251953,-0.017005340952891856,0.2,0.012571299,-0.02464221976697445,-2.3284845,1258.0
1995,10,41,20992,0.9847534894943237,0.0004092704424510632,640,0.10555062047205865,-43.51955235004425,0.21484375,0.02829355001449585,-0.023483479468268342,0.2,0.018419586,0.024767916649580002,-2.3284845,1258.0
2003,10,42,21504,0.9840692281723022,0.0004092704424510632,656,0.0027126341810799204,-43.47132647037506,0.2425537109375,0.4894866347312927,-0.029462177619279828,0.2,0.021103732,-0.04321933165192604,-2.3328322941176474,1258.0
2012,10,43,22016,0.9845288395881653,0.0004092704424510632,672,0.09804663993418217,-43.46782684326172,0.2215576171875,0.04162704944610596,-0.02372969216958154,0.2,0.020570057,0.015795767307281494,-2.3328322941176474,1258.0
2020,11,44,22528,0.9837708473205566,0.0004092704424510632,688,0.0021629945877066348,-43.465943336486816,0.23388671875,-0.054817914962768555,-0.02678596111945808,0.2,0.018682692,-0.0431491993367672,-2.3328322941176474,1258.0
2029,11,45,23040,0.9852017164230347,0.0004092704424510632,704,0.004948997957399115,-43.47032165527344,0.278076171875,-0.005692481994628906,-0.02721567012486048,0.2,0.025071856,-0.03133746609091759,-2.333782777777778,1258.0
2036,11,46,23552,0.9834659099578857,0.0004092704424510632,720,0.12902523903176188,-43.48285913467407,0.215576171875,0.002711772918701172,-0.024502964573912323,0.2,0.020983713,0.030811700969934464,-2.333782777777778,1258.0
2033,11,47,24064,0.9814717173576355,0.0004092704424510632,736,0.0033054298837669194,-43.40705668926239,0.2208251953125,-0.10431408882141113,-0.02261177747277543,0.2,0.015881862,-0.03393081575632095,-2.3384334736842107,1258.0
2039,12,48,24576,0.980317234992981,0.0004092704424510632,752,0.11029865848831832,-43.36131477355957,0.24755859375,0.05883312225341797,-0.024885839666239917,0.2,0.019903436,0.031724199652671814,-2.3384334736842107,1258.0
2046,12,49,25088,0.9790958166122437,0.0004092704424510632,768,0.0028053222504240694,-43.319371461868286,0.2286376953125,-0.24051213264465332,-0.026182658999459818,0.2,0.0165758,-0.03389313817024231,-2.3384334736842107,1258.0
2052,12,50,25600,0.979275107383728,0.0004092704424510632,784,0.0038923510801396333,-43.2956565618515,0.281494140625,0.10770100355148315,-0.025416778167709708,0.2,0.02242813,-0.03138144314289093,-2.3282503,1258.0
2059,12,51,26112,0.9782383441925049,0.0004092704424510632,800,0.12649982562288642,-43.28782653808594,0.2454833984375,0.007844269275665283,-0.024259931422420777,0.2,0.02076105,0.03062092885375023,-2.3282503,1258.0
2065,12,52,26624,0.9767256379127502,0.0004092704424510632,816,0.0034140933421440423,-43.24709916114807,0.2161865234375,0.3801031708717346,-0.026118000314454548,0.2,0.015796475,-0.03571240231394768,-2.3132649523809525,1258.0
2072,13,53,27136,0.9756527543067932,0.0004092704424510632,832,0.09713205602020025,-43.20356094837189,0.2501220703125,0.12743353843688965,-0.02367204565962311,0.2,0.021797493,0.021728673949837685,-2.3132649523809525,1258.0
2077,13,54,27648,0.9753928780555725,0.0004092704424510632,848,0.004333948912972119,-43.1819189786911,0.2181396484375,-2.9450058937072754,-0.022904051853402052,0.2,0.018256817,-0.02676793746650219,-2.3132649523809525,1258.0
2083,13,55,28160,0.9762280583381653,0.0004092704424510632,864,0.004866010494879447,-43.18632411956787,0.226318359375,-0.17377793788909912,-0.025586211078916676,0.2,0.019174248,-0.030468326061964035,-2.311224363636364,1258.0
2089,13,56,28672,0.9765211343765259,0.0004092704424510632,880,0.0645943091949448,-43.204675793647766,0.3087158203125,0.049845874309539795,-0.0312640969932545,0.2,0.035126902,-0.02092473953962326,-2.311224363636364,1258.0
2094,13,57,29184,0.9757657051086426,0.0004092704424510632,896,0.008510016632499173,-43.19701874256134,0.1805419921875,0.19304370880126953,-0.020109758392209187,0.2,0.016006604,-0.03794565051794052,-2.314015826086957,1258.0
2091,14,58,29696,0.9752023816108704,0.0004092704424510632,912,0.09363578609190881,-43.17107343673706,0.2454833984375,0.00913858413696289,-0.031006210308987647,0.2,0.024365576,-0.0008520334959030151,-2.314015826086957,1258.0
2089,14,59,30208,0.9759989976882935,0.0004092704424510632,928,0.004253548378983396,-43.171751618385315,0.257080078125,-2.7742252349853516,-0.028427811717847362,0.2,0.02522363,-0.03702818602323532,-2.311034333333333,1258.0
2086,14,60,30720,0.9763182401657104,0.0004092704424510632,944,0.10977126471698284,-43.195969462394714,0.2601318359375,-0.0302048921585083,-0.024957722605904564,0.2,0.025678433,0.00410287082195282,-2.311034333333333,1258.0
2081,15,61,31232,0.9772836565971375,0.0004092704424510632,960,0.0020386424112075474,-43.20524847507477,0.2578125,0.0018534660339355469,-0.025880559071083553,0.2,0.021605521,-0.04036249220371246,-2.311034333333333,1258.0
2075,15,62,31744,0.9797376990318298,0.0004092704424510632,976,0.006686364737106487,-43.265313148498535,0.2073974609375,0.01477271318435669,-0.02423812921915669,0.2,0.020442547,-0.030629616230726242,-2.3078890000000003,1258.0
2071,15,63,32256,0.9792613983154297,0.0004092704424510632,992,0.1229563842061907,-43.30515909194946,0.2918701171875,0.0008338093757629395,-0.03213875263463706,0.2,0.02592462,0.01991824433207512,-2.3078890000000003,1258.0
2069,15,64,32768,0.9788652062416077,0.0004092704424510632,1008,0.005557356125791557,-43.28136765956879,0.254638671875,0.008635938167572021,-0.02666557257180102,0.2,0.028499505,-0.04362022504210472,-2.302252423076923,1258.0
2067,16,65,33280,0.9794886112213135,0.0004092704424510632,1024,0.1215695037972182,-43.28873133659363,0.168701171875,3.6776065826416016e-05,-0.018463992993929423,0.2,0.01378499,0.02758653461933136,-2.302252423076923,1258.0
2066,16,66,33792,0.9804205298423767,0.0004092704424510632,1040,0.002655088512256043,-43.31417644023895,0.2176513671875,0.0014494061470031738,-0.02387520189222414,0.2,0.015908886,-0.029816823080182076,-2.302252423076923,1258.0
2062,16,67,34304,0.9815654754638672,0.0004092704424510632,1056,0.0065843379707075655,-43.34761381149292,0.19873046875,0.03158891201019287,-0.022926805133465677,0.2,0.01692501,-0.027187811210751534,-2.3074283333333336,1258.0
2058,16,68,34816,0.9813500046730042,0.0004092704424510632,1072,0.13550759735517204,-43.36147058010101,0.23876953125,0.002638697624206543,-0.0260524274490308,0.2,0.019914914,0.02396262437105179,-2.3074283333333336,1258.0
2054,17,69,35328,0.9794058799743652,0.0004092704424510632,1088,0.004304076446715044,-43.32842838764191,0.22216796875,0.5741660594940186,-0.025961423671105877,0.2,0.018682256,-0.04551522433757782,-2.308195535714286,1258.0
2049,17,70,35840,0.9771513342857361,0.0004092704424510632,1104,0.13645645999349654,-43.264100790023804,0.239990234375,0.09929126501083374,-0.024148727534338832,0.2,0.02186171,0.03349515050649643,-2.308195535714286,1258.0
2046,17,71,36352,0.9787092804908752,0.0004092704424510632,1120,0.0021084781510580797,-43.235291957855225,0.2098388671875,-0.30428338050842285,-0.022194288023456465,0.2,0.0173955,-0.03118870221078396,-2.308195535714286,1258.0
2042,18,72,36864,0.9800967574119568,0.0004092704424510632,1136,0.0038159957257448696,-43.29647994041443,0.2501220703125,-0.0811159610748291,-0.026129649922950193,0.2,0.018605642,-0.03738897293806076,-2.308347793103448,1258.0
2037,18,73,37376,0.9806338548660278,0.0004092704424510632,1152,0.148849654244259,-43.32355046272278,0.25390625,0.008544862270355225,-0.024383127660257742,0.2,0.01975375,0.032648853957653046,-2.308347793103448,1258.0
2034,18,74,37888,0.9780925512313843,0.0004092704424510632,1168,0.006534971864311956,-43.303242921829224,0.17431640625,0.5823072791099548,-0.019868089220835827,0.2,0.016945824,-0.025193199515342712,-2.3123041666666664,1258.0
2029,18,75,38400,0.9791788458824158,0.0004092704424510632,1184,0.13684467528946698,-43.2539598941803,0.2003173828125,0.10236406326293945,-0.019086298358161002,0.2,0.019618187,0.04054080322384834,-2.3123041666666664,1258.0
2027,19,76,38912,0.9789356589317322,0.0004092704424510632,1200,0.0030293105155578814,-43.2917355298996,0.2139892578125,-0.5374628305435181,-0.024635614739963785,0.2,0.014056231,-0.044729091227054596,-2.3123041666666664,1258.0
2024,19,77,39424,0.9783994555473328,0.0004092704424510632,1216,0.00394328503170982,-43.26765584945679,0.2515869140625,-0.3739471435546875,-0.022966129410633584,0.2,0.025385743,-0.021242480725049973,-2.314800709677419,1258.0
2021,19,78,39936,0.978435218334198,0.0004092704424510632,1232,0.12864651158452034,-43.263304352760315,0.242919921875,0.01735907793045044,-0.021992326132021844,0.2,0.014749336,0.03787776082754135,-2.314800709677419,1258.0
2020,20,79,40448,0.9787682294845581,0.0004092704424510632,1248,0.008052548560954165,-43.26338040828705,0.240966796875,0.3267902135848999,-0.02459782724326942,0.2,0.022185054,-0.032215666025877,-2.312507625,1258.0
2020,20,80,40960,0.9770424962043762,0.0004092704424510632,1264,0.10846125218085945,-43.24833643436432,0.2447509765625,0.1393725872039795,-0.02531380608706968,0.2,0.022164159,0.019815411418676376,-2.312507625,1258.0
2019,20,81,41472,0.9775648713111877,0.0004092704424510632,1280,0.0031245657701219898,-43.21522319316864,0.2081298828125,-0.5656195878982544,-0.026751416531624272,0.2,0.015826866,-0.03552497178316116,-2.312507625,1258.0
2019,20,82,41984,0.9777801632881165,0.0004092704424510632,1296,0.004670603389968164,-43.23945450782776,0.2774658203125,-1.5036230087280273,-0.027471725377836265,0.2,0.023675468,-0.027541732415556908,-2.3209401515151518,1258.0
2018,21,83,42496,0.9751477241516113,0.0004092704424510632,1312,0.1299702024552971,-43.204843521118164,0.27099609375,0.0031198859214782715,-0.025502153890556656,0.2,0.024601255,0.014752443879842758,-2.3209401515151518,1258.0
2016,21,84,43008,0.9756069779396057,0.0004092704424510632,1328,0.008680750237544999,-43.14865326881409,0.2010498046875,-0.07462358474731445,-0.02106353992712684,0.2,0.01578972,-0.022615088149905205,-2.320506941176471,1258.0
2016,21,85,43520,0.9758411049842834,0.0004092704424510632,1344,0.1157764873933047,-43.17611372470856,0.27490234375,0.1212584376335144,-0.02685545975691639,0.2,0.02235967,0.011772945523262024,-2.320506941176471,1258.0
2015,21,86,44032,0.9753831624984741,0.0004092704424510632,1360,0.003806188364251284,-43.16213870048523,0.2069091796875,-2.1777396202087402,-0.020188631388009526,0.2,0.016214706,-0.024550989270210266,-2.316449742857143,1258.0
2013,22,87,44544,0.9743326902389526,0.0004092704424510632,1376,0.13392548984847963,-43.14058840274811,0.215576171875,-0.06323671340942383,-0.023238860856508836,0.2,0.017670149,0.009440317749977112,-2.316449742857143,1258.0
2012,22,88,45056,0.9738180637359619,0.0004092704424510632,1392,0.002419371605355991,-43.11176383495331,0.2882080078125,0.0015192031860351562,-0.029087150891427882,0.2,0.03158296,-0.038334354758262634,-2.316449742857143,1258.0
2011,22,89,45568,0.9735169410705566,0.0004092704424510632,1408,0.006257691406062804,-43.09741735458374,0.3115234375,0.017764031887054443,-0.030195812578313053,0.2,0.02982622,-0.045808423310518265,-2.3123577500000003,1258.0
2010,22,90,46080,0.9735457897186279,0.0004092704424510632,1424,0.1411295949947089,-43.09537088871002,0.2066650390625,0.001153111457824707,-0.025142444123048335,0.2,0.015087434,0.046184320002794266,-2.3123577500000003,1258.0
2008,23,91,46592,0.9727645516395569,0.0004092704424510632,1440,0.0026300399094907334,-43.087592363357544,0.2484130859375,0.09120643138885498,-0.028049786895280704,0.2,0.021929631,-0.03432547673583031,-2.310317108108108,1258.0
2006,23,92,47104,0.9717642068862915,0.0004092704424510632,1456,0.139920360641554,-43.059826135635376,0.27880859375,-0.0007854700088500977,-0.029136681187083013,0.2,0.020694572,0.03336206078529358,-2.310317108108108,1258.0
2004,23,93,47616,0.9719120264053345,0.0004092704424510632,1472,0.001941878319485113,-43.04102897644043,0.2376708984375,0.003920018672943115,-0.022818892612122,0.2,0.017517157,-0.031789641827344894,-2.310317108108108,1258.0
2002,24,94,48128,0.9720603227615356,0.0004092704424510632,1488,0.007213523640530184,-43.05410599708557,0.2208251953125,0.015414535999298096,-0.021223627991275862,0.2,0.017927941,-0.03126214072108269,-2.311443552631579,1258.0
2001,24,95,48640,0.9713008999824524,0.0004092704424510632,1504,0.15145647805184126,-43.048813700675964,0.2069091796875,0.002104043960571289,-0.023130342975491658,0.2,0.016293243,0.038945745676755905,-2.311443552631579,1258.0
2000,24,96,49152,0.9701319336891174,0.0004092704424510632,1520,0.003705769566295203,-43.012980937957764,0.2276611328125,0.48569411039352417,-0.025968067791836802,0.2,0.016524868,-0.03554937615990639,-2.310585461538462,1258.0
1998,24,97,49664,0.9689783453941345,0.0004092704424510632,1536,0.14326824503950775,-42.97401511669159,0.2733154296875,0.01000511646270752,-0.026939813105855137,0.2,0.022540666,0.027726374566555023,-2.310585461538462,1258.0
1997,25,98,50176,0.9669056534767151,0.0004092704424510632,1552,0.002357623551688448,-42.93014442920685,0.1986083984375,-3.0130743980407715,-0.023357305268291384,0.2,0.015532109,-0.03790074214339256,-2.310585461538462,1258.0
1996,25,99,50688,0.9650957584381104,0.0004092704424510632,1568,0.0026836018332687672,-42.8653529882431,0.25537109375,-0.26637518405914307,-0.023780861491104588,0.2,0.029730745,-0.0387752465903759,-2.311131375,1258.0
1995,25,100,51200,0.9649088978767395,0.0004092704424510632,1584,0.14568367530591786,-42.82848250865936,0.2413330078125,0.022583961486816406,-0.025037546118255705,0.2,0.020142816,0.02582605928182602,-2.311131375,1258.0
1993,25,101,51712,0.9639131426811218,0.0004092704424510632,1600,0.013021838007261977,-42.81717669963837,0.145751953125,0.3384939432144165,-0.017294961609877646,0.2,0.014116413,-0.032253555953502655,-2.3139146585365853,1258.0
1995,26,102,52224,0.963239312171936,0.0004092704424510632,1616,0.15503788623027503,-42.77676451206207,0.26513671875,0.05302363634109497,-0.02927315163833555,0.2,0.024866994,0.04127715528011322,-2.3139146585365853,1258.0
1997,26,103,52736,0.9649673700332642,0.0004092704424510632,1632,0.004324686342442874,-42.78845834732056,0.25146484375,-0.694939136505127,-0.030422271345742047,0.2,0.01788317,-0.044184476137161255,-2.3139146585365853,1258.0
1994,26,104,53248,0.9654467105865479,0.0004092704424510632,1648,0.0033446572961111087,-42.8293536901474,0.260498046875,-0.8193786144256592,-0.02543504213099368,0.2,0.024306837,-0.0337936170399189,-2.3120935,1258.0
1992,26,105,53760,0.9646700620651245,0.0004092704424510632,1664,0.14330605161376297,-42.823602080345154,0.1939697265625,0.045590102672576904,-0.020073658088222146,0.2,0.015632538,0.03473060950636864,-2.3120935,1258.0
1990,27,106,54272,0.9633671045303345,0.0004092704424510632,1680,0.008490777858241927,-42.78745448589325,0.185302734375,0.011460542678833008,-0.022496816323837265,0.2,0.014063093,-0.03379938378930092,-2.3149389302325583,1258.0
1988,27,107,54784,0.9630254507064819,0.0004092704424510632,1696,0.11732365214265883,-42.747538805007935,0.2352294921875,0.10684740543365479,-0.02616247913101688,0.2,0.019922448,0.01714400202035904,-2.3149389302325583,1258.0
1987,27,108,55296,0.9633679986000061,0.0004092704424510632,1712,0.0033503758459119126,-42.75095558166504,0.1795654296875,-0.8106625080108643,-0.02034319618542213,0.2,0.014356393,-0.023680856451392174,-2.3149389302325583,1258.0
1985,28,109,55808,0.9640560746192932,0.0004092704424510632,1728,0.002914353426604066,-42.76818382740021,0.2384033203125,-1.0347812175750732,-0.026552731345873326,0.2,0.02112101,-0.035687658935785294,-2.3162793181818184,1258.0
1984,28,110,56320,0.9643967151641846,0.0004092704424510632,1744,0.10838621878065169,-42.78001284599304,0.27880859375,0.03807246685028076,-0.029044615337625146,0.2,0.027474802,0.012675795704126358,-2.3162793181818184,1258.0
1982,28,111,56832,0.9643187522888184,0.0004092704424510632,1760,0.014655885664978996,-42.783697843551636,0.2093505859375,-0.12895286083221436,-0.018443793298501987,0.2,0.017095005,-0.029116105288267136,-2.318772088888889,1258.0
1980,28,112,57344,0.9624155163764954,0.0004092704424510632,1776,0.100267652887851,-42.75501835346222,0.300048828125,0.1807728409767151,-0.031009349127998576,0.2,0.030116636,0.0011185631155967712,-2.318772088888889,1258.0
1977,29,113,57856,0.9628499150276184,0.0004092704424510632,1792,0.0036172787549730856,-42.718751549720764,0.2244873046875,-3.615170955657959,-0.024227284258813597,0.2,0.01799633,-0.034334298223257065,-2.318772088888889,1258.0
1975,29,114,58368,0.9615638256072998,0.0004092704424510632,1808,0.003998218635388184,-42.71402072906494,0.2314453125,-0.8519748449325562,-0.019805755804554792,0.2,0.024702374,-0.02395332045853138,-2.320078586956522,1258.0
1973,29,115,58880,0.9603898525238037,0.0004092704424510632,1824,0.054828989901579916,-42.662113904953,0.3218994140625,0.020141184329986572,-0.021229110134299845,0.2,0.042055544,-0.005188308656215668,-2.320078586956522,1258.0
1972,30,116,59392,0.9589215517044067,0.0004092704424510632,1840,0.0179169503680896,-42.627609968185425,0.23779296875,-0.03871190547943115,-0.02638763125287369,0.2,0.013691256,-0.03598110377788544,-2.316787936170213,1258.0
1971,30,117,59904,0.9579212665557861,0.0004092704424510632,1856,0.10284354910254478,-42.585245013237,0.21435546875,0.34752482175827026,-0.021678341887309216,0.2,0.016079545,0.02656659483909607,-2.316787936170213,1258.0
1970,30,118,60416,0.9587098360061646,0.0004092704424510632,1872,0.0054983067529974505,-42.57695734500885,0.2642822265625,-2.8400464057922363,-0.028021895355777815,0.2,0.021690715,-0.052975524216890335,-2.3128603333333335,1258.0
1973,30,119,60928,0.9581868052482605,0.0004092704424510632,1888,0.12540952768176794,-42.594205141067505,0.317138671875,-0.042293548583984375,-0.03139674384146929,0.2,0.025595563,0.020341750234365463,-2.3128603333333335,1258.0
1977,31,120,61440,0.9574787616729736,0.0004092704424510632,1904,0.0026499708255869336,-42.569066762924194,0.2135009765625,0.005386650562286377,-0.021672608228982426,0.2,0.015737144,-0.026509108021855354,-2.3128603333333335,1258.0
1979,31,121,61952,0.9563437104225159,0.0004092704424510632,1920,0.005752423239755444,-42.541723132133484,0.2581787109375,0.09242421388626099,-0.02287601286661811,0.2,0.021005524,-0.03404230251908302,-2.3114326734693877,1258.0
1981,31,122,62464,0.9558981657028198,0.0004092704424510632,1936,0.1173700278159231,-42.51476860046387,0.2760009765625,0.01911550760269165,-0.02631012161145918,0.2,0.026543513,0.014759372919797897,-2.3114326734693877,1258.0
1984,31,123,62976,0.955753743648529,0.0004092704424510632,1952,0.01981356187025085,-42.50707304477692,0.16064453125,0.49300843477249146,-0.014920406800229102,0.2,0.01601241,-0.009105809032917023,-2.31281312,1258.0
1986,31,124,63488,0.9571452140808105,0.0004092704424510632,1968,0.10174200031906366,-42.523486256599426,0.187744140625,0.1759238839149475,-0.019800535126705654,0.2,0.013485142,0.018320322036743164,-2.31281312,1258.0
1989,32,125,64000,0.9571050405502319,0.0004092704424510632,1984,0.0023048492330417503,-42.55133819580078,0.2574462890625,-2.6032874584198,-0.029052291210973635,0.2,0.023196429,-0.04093984141945839,-2.31281312,1258.0
1992,32,126,64512,0.956462025642395,0.0004092704424510632,2000,0.004798851805389859,-42.5395929813385,0.28466796875,-0.12669670581817627,-0.025974114614655264,0.2,0.021219593,-0.039049629122018814,-2.3124000980392156,1258.0
1994,32,127,65024,0.9567917585372925,0.0004092704424510632,2016,0.09858535823877901,-42.530109167099,0.169189453125,0.05586707592010498,-0.01728954160353169,0.2,0.014199564,0.021092981100082397,-2.3124000980392156,1258.0
1996,32,128,65536,0.9570610523223877,0.0004092704424510632,2032,0.014223008271073923,-42.53663408756256,0.18310546875,-0.0654977560043335,-0.02165240731847007,0.2,0.0143365925,-0.028086155652999878,-2.308395692307692,1258.0
1998,33,129,66048,0.956971287727356,0.0004092704424510632,2048,0.10813061939552426,-42.535555720329285,0.2215576171875,0.2410086989402771,-0.026981961476849392,0.2,0.019411568,0.015846911817789078,-2.308395692307692,1258.0
1998,33,130,66560,0.9567304849624634,0.0004092704424510632,2064,0.0033164070919156075,-42.524433851242065,0.2003173828125,-3.7737526893615723,-0.022763197164749727,0.2,0.015734624,-0.02752041444182396,-2.308395692307692,1258.0
1996,33,131,67072,0.9568407535552979,0.0004092704424510632,2080,0.0023635261604795232,-42.516209959983826,0.2076416015625,0.11916130781173706,-0.021881760039832443,0.2,0.013658207,-0.026268988847732544,-2.3071696981132073,1258.0
1994,33,132,67584,0.9570444226264954,0.0004092704424510632,2096,0.09884211304597557,-42.523390769958496,0.3135986328125,0.07036864757537842,-0.03205416836135555,0.2,0.029592168,0.010757680982351303,-2.3071696981132073,1258.0
1994,34,133,68096,0.9542052149772644,0.0004092704424510632,2112,0.019825819064863026,-42.49666881561279,0.1888427734375,-0.05989885330200195,-0.021816523279994726,0.2,0.019505005,-0.01744663156569004,-2.305794259259259,1258.0
1994,34,134,68608,0.9527935981750488,0.0004092704424510632,2128,0.11693888832814991,-42.40891206264496,0.2218017578125,0.24558347463607788,-0.02356161322677508,0.2,0.017537624,0.03295348584651947,-2.305794259259259,1258.0
1993,34,135,69120,0.952256441116333,0.0004092704424510632,2144,0.005409612407675013,-42.386433362960815,0.258056640625,-1.6043870449066162,-0.028888456581626087,0.2,0.021425037,-0.04573023319244385,-2.305794259259259,1258.0
1993,34,136,69632,0.95396488904953,0.0004092704424510632,2160,0.0033669137228571344,-42.39591419696808,0.245361328125,-0.42031705379486084,-0.023410555622831453,0.2,0.022468567,-0.033708300441503525,-2.305884327272727,1258.0
1993,35,137,70144,0.9544083476066589,0.0004092704424510632,2176,0.10679135704413056,-42.44565773010254,0.2408447265625,0.11836856603622437,-0.02120303663832601,0.2,0.019958392,0.030258864164352417,-2.305884327272727,1258.0
1992,35,138,70656,0.9545987844467163,0.0004092704424510632,2192,0.017435702757211402,-42.44804930686951,0.1942138671875,-0.09426283836364746,-0.026110457627510186,0.2,0.018194936,-0.040639374405145645,-2.3053325535714286,1258.0
1990,35,139,71168,0.9558588862419128,0.0004092704424510632,2208,0.11161401099525392,-42.47351157665253,0.28271484375,0.2740347981452942,-0.03128660414949991,0.2,0.01838978,0.005065150558948517,-2.3053325535714286,1258.0
1989,36,140,71680,0.9567971229553223,0.0004092704424510632,2224,0.0026916988299490185,-42.50553357601166,0.2562255859375,-6.117342948913574,-0.028051614863215946,0.2,0.015250061,-0.04400135949254036,-2.3053325535714286,1258.0
1987,36,141,72192,0.9590685367584229,0.0004092704424510632,2240,0.002552293866756372,-42.54747676849365,0.2974853515625,0.28988784551620483,-0.027914471909753047,0.2,0.02670938,-0.04783694073557854,-2.3035777192982456,1258.0
1986,36,142,72704,0.9592767357826233,0.0004092704424510632,2256,0.0795099443057552,-42.59929609298706,0.3360595703125,0.07335174083709717,-0.0259885154227959,0.2,0.040460072,-0.005065560340881348,-2.3035777192982456,1258.0
1985,36,143,73216,0.9610303044319153,0.0004092704424510632,2272,0.024915753456298262,-42.61952078342438,0.18994140625,-0.6357235908508301,-0.01927085456554778,0.2,0.013487188,-0.01674218475818634,-2.3057068103448275,1258.0
1984,37,144,73728,0.9599977135658264,0.0004092704424510632,2288,0.13232269138097763,-42.64818227291107,0.165283203125,0.36439377069473267,-0.018050903861876577,0.2,0.016179753,0.03316391259431839,-2.3057068103448275,1258.0
1983,37,145,74240,0.9596914649009705,0.0004092704424510632,2304,0.004813795363588724,-42.60988092422485,0.235107421875,-4.815210342407227,-0.02678610573639162,0.2,0.019656945,-0.04181152582168579,-2.304078389830509,1258.0
1983,37,146,74752,0.9598233699798584,0.0004092704424510632,2320,0.15263464325107634,-42.616124749183655,0.256591796875,0.03007185459136963,-0.02975404901371803,0.2,0.023458622,0.041660383343696594,-2.304078389830509,1258.0
1983,37,147,75264,0.9611396193504333,0.0004092704424510632,2336,0.002657518612977583,-42.632264375686646,0.3060302734375,0.08740943670272827,-0.032049742760136724,0.2,0.022070456,-0.03818853199481964,-2.304078389830509,1258.0
4110,0,1,75776,0.9627822637557983,0.0004092704424510632,2352,0.0037474406854016706,-42.68286871910095,0.27392578125,0.3685404658317566,-0.026126429584110156,0.2,0.021882504,-0.035415612161159515,-2.3047073333333334,1258.0
2638,0,2,76288,0.9630401134490967,0.0004092704424510632,2368,0.1323081231676042,-42.71924042701721,0.2681884765625,0.07322460412979126,-0.02428669204527978,0.2,0.021680644,0.023891471326351166,-2.3047073333333334,1258.0
2361,0,3,76800,0.9634478688240051,0.0004092704424510632,2384,0.014488043641904369,-42.719846367836,0.22265625,-0.1963895559310913,-0.024325285616214387,0.2,0.016302004,-0.03078814595937729,-2.3021649344262296,1258.0
2238,0,4,77312,0.9644320011138916,0.0004092704424510632,2400,0.1390712836291641,-42.74841058254242,0.2335205078125,0.19049471616744995,-0.02372724398446735,0.2,0.025359184,0.03204744681715965,-2.3021649344262296,1258.0
2173,1,5,77824,0.9639893174171448,0.0004092704424510632,2416,0.005067231246357551,-42.75827646255493,0.2288818359375,-6.06525182723999,-0.02478376824001316,0.2,0.01658711,-0.031581271439790726,-2.3021649344262296,1258.0
2098,1,6,78336,0.964592695236206,0.0004092704424510632,2432,0.004193131637293845,-42.743236899375916,0.24267578125,0.07782727479934692,-0.02204119024099782,0.2,0.01947707,-0.0376984067261219,-2.302273112903226,1258.0
2049,1,7,78848,0.9644911885261536,0.0004092704424510632,2448,0.11638644919730723,-42.76564621925354,0.24169921875,0.13893282413482666,-0.023491443454986438,0.2,0.020888869,0.006713464856147766,-2.302273112903226,1258.0
2034,2,8,79360,0.964372456073761,0.0004092704424510632,2464,0.014294924709247425,-42.757603883743286,0.230712890625,-0.20741844177246094,-0.02743587753502652,0.2,0.02059897,-0.022611359134316444,-2.3005173015873015,1258.0
2022,2,9,79872,0.9633732438087463,0.0004092704424510632,2480,0.12459960579872131,-42.74372386932373,0.1849365234375,0.27470988035202026,-0.019345186519785784,0.2,0.01772681,0.031360916793346405,-2.3005173015873015,1258.0
2013,2,10,80384,0.9623792171478271,0.0004092704424510632,2496,0.004570356555632316,-42.705960392951965,0.251220703125,-1.624953031539917,-0.02520017061033286,0.2,0.01609902,-0.02670110948383808,-2.3005173015873015,1258.0
2006,2,11,80896,0.9612781405448914,0.0004092704424510632,2512,0.003239280249545118,-42.67417562007904,0.2886962890625,0.22467190027236938,-0.031143307307502255,0.2,0.021766338,-0.03436628729104996,-2.299573828125,1258.0
1999,3,12,81408,0.9598803520202637,0.0004092704424510632,2528,0.11778312991373241,-42.63447642326355,0.2613525390625,0.07515448331832886,-0.02624549882602878,0.2,0.022480007,0.008383970707654953,-2.299573828125,1258.0
1985,3,13,81920,0.9602601528167725,0.0004092704424510632,2544,0.019622132269432768,-42.610254526138306,0.18359375,0.2512057423591614,-0.022047861333703622,0.2,0.016234724,-0.029090385884046555,-2.3017245692307693,1258.0
1971,3,14,82432,0.9610023498535156,0.0004092704424510632,2560,0.12406470766291022,-42.63560903072357,0.201416015625,0.3114458918571472,-0.021545399155002087,0.2,0.021082994,0.015443611890077591,-2.3017245692307693,1258.0
1968,3,15,82944,0.9609168767929077,0.0004092704424510632,2576,0.005522541847312823,-42.6482013463974,0.2371826171875,-1.2795803546905518,-0.029343476198846474,0.2,0.020069702,-0.03301664814352989,-2.3017245692307693,1258.0
1964,4,16,83456,0.9609310030937195,0.0004092704424510632,2592,0.004095276090083644,-42.64142906665802,0.1900634765625,-0.5252615213394165,-0.020261546480469406,0.2,0.016121125,-0.03339433670043945,-2.30228696969697,1258.0
1963,4,17,83968,0.959208607673645,0.0004092704424510632,2608,0.10628749220632017,-42.62505567073822,0.28076171875,0.05534869432449341,-0.02998631952505093,0.2,0.025607295,-0.0003404691815376282,-2.30228696969697,1258.0
1963,4,18,84480,0.9572665691375732,0.0004092704424510632,2624,0.027757968346122652,-42.558385729789734,0.1939697265625,-0.5690462589263916,-0.02286774003005121,0.2,0.021959731,-0.01603011041879654,-2.30243452238806,1258.0
1963,4,19,84992,0.9561975598335266,0.0004092704424510632,2640,0.12886453978717327,-42.508140206336975,0.2340087890625,0.3634771704673767,-0.02421015838626772,0.2,0.020531889,0.018461816012859344,-2.30243452238806,1258.0
1962,5,20,85504,0.9548215270042419,0.0004092704424510632,2656,0.006118090816016775,-42.4667090177536,0.248291015625,-2.169760227203369,-0.0270591746957507,0.2,0.018124487,-0.04348186403512955,-2.30243452238806,1258.0
1954,5,21,86016,0.9533522725105286,0.0004092704424510632,2672,0.003734261234058067,-42.41660130023956,0.2767333984375,-0.36180806159973145,-0.028357997289276682,0.2,0.023667578,-0.046483464539051056,-2.301209382352941,1258.0
1945,5,22,86528,0.9526278972625732,0.0004092704424510632,2688,0.0961248988751322,-42.385838747024536,0.28857421875,0.09054762125015259,-0.026782966087921523,0.2,0.025583677,0.01150374487042427,-2.301209382352941,1258.0
1941,6,23,87040,0.9512359499931335,0.0004092704424510632,2704,0.018189033944508992,-42.360628724098206,0.225830078125,-0.7945854663848877,-0.025065597030334175,0.2,0.014701828,-0.0324430987238884,-2.299351028985507,1258.0
1938,6,24,87552,0.9501826167106628,0.0004092704424510632,2720,0.10265709203667939,-42.31367039680481,0.2510986328125,0.19303077459335327,-0.025068468472454697,0.2,0.020720884,0.001228194683790207,-2.299351028985507,1258.0
1933,6,25,88064,0.9482687711715698,0.0004092704424510632,2736,0.00648140897101257,-42.271109104156494,0.203125,-2.969503879547119,-0.02638348867185414,0.2,0.017147418,-0.040716271847486496,-2.2966417,1258.0
1942,6,26,88576,0.9466572403907776,0.0004092704424510632,2752,0.12558934628032148,-42.19851207733154,0.2718505859375,0.06852316856384277,-0.027735948853660375,0.2,0.024261788,0.02563174068927765,-2.2966417,1258.0
1957,7,27,89088,0.944337785243988,0.0004092704424510632,2768,0.0026470788216101937,-42.13712465763092,0.2998046875,-0.31087803840637207,-0.03126077973865904,0.2,0.025573079,-0.03838399052619934,-2.2966417,1258.0
1972,7,28,89600,0.9427348971366882,0.0004092704424510632,2784,0.004208809034025762,-42.05605757236481,0.2735595703125,0.324165403842926,-0.025866008218144998,0.2,0.020430746,-0.044726159423589706,-2.2929105352112678,1258.0
1986,7,29,90112,0.9428716897964478,0.0004092704424510632,2800,0.09043084923177958,-42.03152596950531,0.250244140625,0.12062788009643555,-0.024515387704013847,0.2,0.019713681,-0.0010291114449501038,-2.2929105352112678,1258.0
1995,7,30,90624,0.9426538944244385,0.0004092704424510632,2816,0.010584431292954832,-42.032925486564636,0.2523193359375,-3.4192609786987305,-0.028369561914587393,0.2,0.018424768,-0.028300760313868523,-2.29481,1258.0
1994,7,31,91136,0.942532479763031,0.0004092704424510632,2832,0.11764739733189344,-42.02733027935028,0.2462158203125,0.14988160133361816,-0.02375730111816665,0.2,0.019124657,0.019892573356628418,-2.29481,1258.0
1993,8,32,91648,0.9431591629981995,0.0004092704424510632,2848,0.003694630431709811,-42.02904784679413,0.2880859375,-0.33476245403289795,-0.02936590752506163,0.2,0.021721512,-0.037730783224105835,-2.29481,1258.0
1991,8,33,92160,0.9427062273025513,0.0004092704424510632,2864,0.0056964155519381166,-42.03909921646118,0.268310546875,0.14307337999343872,-0.02665881950815674,0.2,0.020137079,-0.041482485830783844,-2.295179232876712,1258.0
1989,8,34,92672,0.9430298209190369,0.0004092704424510632,2880,0.10043373820371926,-42.03576326370239,0.2415771484375,0.09150189161300659,-0.02593089092988521,0.2,0.020697169,0.00886264443397522,-2.295179232876712,1258.0
1985,9,35,93184,0.9429660439491272,0.0004092704424510632,2896,0.01842021063202992,-42.05045199394226,0.2120361328125,0.29430198669433594,-0.02147137885549455,0.2,0.01638496,-0.02219213917851448,-2.2939433108108105,1258.0
1982,9,36,93696,0.942821741104126,0.0004092704424510632,2912,0.1184910221491009,-42.04500770568848,0.2381591796875,0.30951619148254395,-0.022570713772438467,0.2,0.025173325,0.03515087068080902,-2.2939433108108105,1258.0
1981,9,37,94208,0.9414450526237488,0.0004092704424510632,2928,0.0027006092459487263,-42.02706980705261,0.2706298828125,-5.361115455627441,-0.031033459585160017,0.2,0.023000695,-0.04701978713274002,-2.2939433108108105,1258.0
1981,9,38,94720,0.9402948021888733,0.0004092704424510632,2944,0.005143967435287777,-41.98381149768829,0.2060546875,0.10885202884674072,-0.023593716767209116,0.2,0.015484377,-0.025469699874520302,-2.2908562666666663,1258.0
1979,10,39,95232,0.9386459589004517,0.0004092704424510632,2960,0.1167891698423773,-41.945221185684204,0.294677734375,0.060033321380615234,-0.024973326624603942,0.2,0.01868289,0.007832441478967667,-2.2908562666666663,1258.0
1978,10,40,95744,0.9381800889968872,0.0004092704424510632,2976,0.022299411823041737,-41.908084750175476,0.201171875,-0.40699636936187744,-0.022254167604842223,0.2,0.015205151,-0.02355058863759041,-2.2896734605263154,1258.0
1977,10,41,96256,0.9373080134391785,0.0004092704424510632,2992,0.12648100429214537,-41.889782428741455,0.2508544921875,0.3290528655052185,-0.0266061736328993,0.2,0.02037029,0.025285284966230392,-2.2896734605263154,1258.0
1976,10,42,96768,0.9366896748542786,0.0004092704424510632,3008,0.008125538966851309,-41.861461997032166,0.2066650390625,-1.0899367332458496,-0.021681368147255853,0.2,0.014136806,-0.022150710225105286,-2.2896734605263154,1258.0
1976,11,43,97280,0.9357396364212036,0.0004092704424510632,3024,0.00434458158997586,-41.84189021587372,0.31640625,0.04820936918258667,-0.03414048138074577,0.2,0.024990935,-0.05057458579540253,-2.2893643506493504,1258.0
1973,11,44,97792,0.9345330595970154,0.0004092704424510632,3040,0.11382922669872642,-41.80331814289093,0.1815185546875,0.06934535503387451,-0.01778894427116029,0.2,0.015179837,0.017273075878620148,-2.2893643506493504,1258.0
1969,11,45,98304,0.934006929397583,0.0004092704424510632,3056,0.029638418345712125,-41.77477967739105,0.269775390625,-1.7342278957366943,-0.02982554558548145,0.2,0.02781168,-0.025183210149407387,-2.286984551282051,1258.0
1961,12,46,98816,0.9332622289657593,0.0004092704424510632,3072,0.13802500325255096,-41.75448489189148,0.262451171875,0.33404433727264404,-0.024126589738443727,0.2,0.029769238,0.03162010759115219,-2.286984551282051,1258.0
1958,12,47,99328,0.9341798424720764,0.0004092704424510632,3088,0.0058154549697064795,-41.752238035202026,0.1995849609375,-2.355492353439331,-0.020684809365775436,0.2,0.01517036,-0.02516620233654976,-2.286984551282051,1258.0
1955,12,48,99840,0.9355452060699463,0.0004092704424510632,3104,0.005853327893419191,-41.7889963388443,0.2745361328125,-0.13069415092468262,-0.02727666118880734,0.2,0.020723611,-0.025843292474746704,-2.286647632911392,1258.0
1953,12,49,100352,0.9366639852523804,0.0004092704424510632,3120,0.1355525904800743,-41.8308972120285,0.272216796875,0.049028098583221436,-0.024189990130253136,0.2,0.022470148,0.001715186983346939,-2.286647632911392,1258.0
1950,13,50,100864,0.9370377063751221,0.0004092704424510632,3136,0.019430787244345993,-41.85320234298706,0.215576171875,-1.791274070739746,-0.02465436987404246,0.2,0.019289816,-0.024027813225984573,-2.2868869,1258.0
1946,13,51,101376,0.9371152520179749,0.0004092704424510632,3152,0.16927978489547968,-41.858635783195496,0.1790771484375,0.20754575729370117,-0.019638955709524453,0.2,0.0227682,0.052754342555999756,-2.2868869,1258.0
1943,13,52,101888,0.9369673132896423,0.0004092704424510632,3168,0.010781796285300516,-41.857688546180725,0.254638671875,-3.939960479736328,-0.02441217066370882,0.2,0.019815255,-0.036237943917512894,-2.2868869,1258.0
1942,13,53,102400,0.9368978142738342,0.0004092704424510632,3184,0.012426587869413197,-41.84594774246216,0.225830078125,-0.20496511459350586,-0.02506774255016353,0.2,0.017110467,-0.02605767548084259,-2.2849231728395063,1258.0
1941,14,54,102912,0.9361737370491028,0.0004092704424510632,3200,0.060306392231723294,-41.825655937194824,0.3780517578125,0.10041236877441406,-0.023605383408721536,0.2,0.06448287,-0.002361426129937172,-2.2849231728395063,1258.0
1940,14,55,103424,0.9365283250808716,0.0004092704424510632,3216,0.019958932098234072,-41.81550097465515,0.248291015625,-0.9386026859283447,-0.02904668361588847,0.2,0.014896954,-0.03283960744738579,-2.283956365853659,1258.0
1938,14,56,103936,0.9370092749595642,0.0004092704424510632,3232,0.12751630716957152,-41.826899766922,0.223876953125,0.296008825302124,-0.027761102945078164,0.2,0.022327736,0.015354551374912262,-2.283956365853659,1258.0
1935,15,57,104448,0.9363835453987122,0.0004092704424510632,3248,0.010750269517302513,-41.82659137248993,0.2408447265625,-2.7810938358306885,-0.025360020430525765,0.2,0.016828083,-0.03006993792951107,-2.2844194939759035,1258.0
1933,15,58,104960,0.9359430074691772,0.0004092704424510632,3264,0.1475773558486253,-41.79794788360596,0.2315673828125,0.17298293113708496,-0.02288417571980972,0.2,0.02070921,0.04172184318304062,-2.2844194939759035,1258.0
1931,15,59,105472,0.9369187951087952,0.0004092704424510632,3280,0.003131297742584138,-41.806299448013306,0.201904296875,-4.626141548156738,-0.022786590125178918,0.2,0.014496479,-0.0403745099902153,-2.2844194939759035,1258.0
1930,15,60,105984,0.9367716908454895,0.0004092704424510632,3296,0.00501286554208491,-41.82033693790436,0.2645263671875,0.06168001890182495,-0.025240058195777237,0.2,0.02215217,-0.03599311783909798,-2.2830330595238095,1258.0
1928,16,61,106496,0.9373318552970886,0.0004092704424510632,3312,0.1420668102800846,-41.8203090429306,0.3114013671875,0.055464744567871094,-0.030032664646569174,0.2,0.026807707,0.019127462059259415,-2.2830330595238095,1258.0
1927,16,62,107008,0.9373023509979248,0.0004092704424510632,3328,0.01730665922514163,-41.836434960365295,0.2227783203125,0.22229981422424316,-0.02257116266991943,0.2,0.01786244,-0.03355647623538971,-2.2817821294117646,1258.0
1926,16,63,107520,0.9358029961585999,0.0004092704424510632,3344,0.16534556541591883,-41.81844711303711,0.199462890625,0.2807925343513489,-0.024271113055874594,0.2,0.01567608,0.04710555076599121,-2.2817821294117646,1258.0
1926,17,64,108032,0.937239408493042,0.0004092704424510632,3360,0.004612633998476667,-41.80156111717224,0.2335205078125,-4.420861721038818,-0.024007112020626664,0.2,0.018227119,-0.03971213847398758,-2.2817821294117646,1258.0
1924,17,65,108544,0.9365718364715576,0.0004092704424510632,3376,0.003663737115857657,-41.83317458629608,0.269287109375,0.030120372772216797,-0.024568307926529087,0.2,0.020073801,-0.02513364888727665,-2.2806917325581395,1258.0
1922,17,66,109056,0.9366647005081177,0.0004092704424510632,3392,0.14906516182236373,-41.804993629455566,0.2469482421875,0.055417537689208984,-0.023917731348774396,0.2,0.02025986,0.027315529063344002,-2.2806917325581395,1258.0
1921,17,67,109568,0.9362472891807556,0.0004092704424510632,3408,0.027983601961750537,-41.803531646728516,0.19287109375,-1.5563278198242188,-0.020220437058014795,0.2,0.014902621,-0.02844233065843582,-2.280340505747126,1258.0
1920,18,68,110080,0.9356363415718079,0.0004092704424510632,3424,0.16127647110261023,-41.78757667541504,0.161865234375,0.3520544767379761,-0.017473897110903636,0.2,0.017184433,0.053215838968753815,-2.280340505747126,1258.0
1920,18,69,110592,0.9366002678871155,0.0004092704424510632,3440,0.006548527177073993,-41.78571426868439,0.222412109375,-2.422039031982422,-0.027111461386084557,0.2,0.015214223,-0.03854137286543846,-2.280340505747126,1258.0
1919,18,70,111104,0.9367721080780029,0.0004092704424510632,3456,0.005721658977563493,-41.811014890670776,0.2781982421875,-0.03482532501220703,-0.029339865228394046,0.2,0.015957516,-0.043945204466581345,-2.278938227272727,1258.0
1919,18,71,111616,0.9354954957962036,0.0004092704424510632,3472,0.1338683699723333,-41.79083752632141,0.26220703125,0.055485427379608154,-0.024460702086798847,0.2,0.021089844,0.027161549776792526,-2.278938227272727,1258.0
1918,19,72,112128,0.9328092932701111,0.0004092704424510632,3488,0.027200709853786975,-41.729087829589844,0.1917724609375,-1.5451819896697998,-0.024085452751023695,0.2,0.013520731,-0.024553552269935608,-2.275699606741573,1258.0
1918,19,73,112640,0.9318512082099915,0.0004092704424510632,3504,0.1450954177416861,-41.6620968580246,0.1953125,0.36515605449676514,-0.0228414834200521,0.2,0.021304403,0.04194231703877449,-2.275699606741573,1258.0
1918,19,74,113152,0.9318973422050476,0.0004092704424510632,3520,0.012135986267821863,-41.6545250415802,0.201416015625,-4.603829860687256,-0.02213574043707922,0.2,0.014882101,-0.02780442126095295,-2.275699606741573,1258.0
1916,20,75,113664,0.9329739212989807,0.0004092704424510632,3536,0.0037998064508428797,-41.6659140586853,0.2156982421875,-0.4546271562576294,-0.020969723489542957,0.2,0.016967887,-0.04180888086557388,-2.2734890666666665,1258.0
1914,20,76,114176,0.9321408867835999,0.0004092704424510632,3552,0.11805456131696701,-41.675198554992676,0.2216796875,0.06818699836730957,-0.02062676436617039,0.2,0.014574193,0.024574287235736847,-2.2734890666666665,1258.0
1913,20,77,114688,0.9323114156723022,0.0004092704424510632,3568,0.03014370269374922,-41.652958154678345,0.21142578125,-2.686678409576416,-0.025278810382587835,0.2,0.013647417,-0.03692761808633804,-2.270819131868132,1258.0
1912,20,78,115200,0.9322343468666077,0.0004092704424510632,3584,0.12809245008975267,-41.65652537345886,0.30224609375,0.3721197247505188,-0.030426953700953163,0.2,0.025452197,0.03568501025438309,-2.270819131868132,1258.0
1911,21,79,115712,0.9330943822860718,0.0004092704424510632,3600,0.011744348084903322,-41.66362905502319,0.209716796875,-5.609440326690674,-0.024343937955563888,0.2,0.01675395,-0.0394793264567852,-2.270819131868132,1258.0
1909,21,80,116224,0.9334383606910706,0.0004092704424510632,3616,0.006970985748921521,-41.68116879463196,0.227294921875,0.01325380802154541,-0.025314000769867562,0.2,0.014438185,-0.036536041647195816,-2.2700143695652173,1258.0
1907,21,81,116736,0.9337769150733948,0.0004092704424510632,3632,0.07819839660078287,-41.685165762901306,0.2535400390625,0.0842483639717102,-0.018452892618370242,0.2,0.024913462,0.00926811620593071,-2.2700143695652173,1258.0
1905,22,82,117248,0.9319514632225037,0.0004092704424510632,3648,0.022153501311549917,-41.67168307304382,0.1859130859375,-3.891632556915283,-0.01944098831154406,0.2,0.014589525,-0.03467763215303421,-2.2692603870967742,1258.0
1903,22,83,117760,0.9305304288864136,0.0004092704424510632,3664,0.1309882248751819,-41.60475957393646,0.2462158203125,0.20196425914764404,-0.02397431009376305,0.2,0.02164912,0.02010728418827057,-2.2692603870967742,1258.0
1902,22,84,118272,0.9293630719184875,0.0004092704424510632,3680,0.020866574544925243,-41.56995165348053,0.1934814453125,-6.322752952575684,-0.02226614236133173,0.2,0.01525129,-0.028494704514741898,-2.2671880957446806,1258.0
1901,22,85,118784,0.9284042716026306,0.0004092704424510632,3696,0.13198809302411973,-41.53222930431366,0.2120361328125,0.25649094581604004,-0.023900479180156253,0.2,0.017581843,0.025186650454998016,-2.2671880957446806,1258.0
1900,23,86,119296,0.928250789642334,0.0004092704424510632,3712,0.003565574934327742,-41.512043595314026,0.2147216796875,-1.5961670875549316,-0.023779861148796044,0.2,0.015910767,-0.03797496482729912,-2.2671880957446806,1258.0
1899,23,87,119808,0.9261855483055115,0.0004092704424510632,3728,0.004747279890580103,-41.491053342819214,0.2017822265625,0.058093905448913574,-0.02349680605402682,0.2,0.014342964,-0.030442537739872932,-2.265273747368421,1258.0
1898,23,88,120320,0.9267059564590454,0.0004092704424510632,3744,0.10871092323213816,-41.45012712478638,0.2255859375,0.06444346904754639,-0.022177383201778866,0.2,0.017425984,0.014206331223249435,-2.265273747368421,1258.0
1898,23,89,120832,0.9268235564231873,0.0004092704424510632,3760,0.020674315135693178,-41.46980583667755,0.212158203125,-3.6632447242736816,-0.024777693062787876,0.2,0.017262172,-0.04608340933918953,-2.2634255833333334,1258.0
1898,24,90,121344,0.9252888560295105,0.0004092704424510632,3776,0.14615840464830399,-41.448707699775696,0.2254638671875,0.2779155373573303,-0.023469503328669816,0.2,0.019246459,0.039329372346401215,-2.2634255833333334,1258.0
1898,24,91,121856,0.926534116268158,0.0004092704424510632,3792,0.003931873270630604,-41.42902731895447,0.265380859375,-8.35915756225586,-0.02430766765610315,0.2,0.021848354,-0.03394335135817528,-2.2634255833333334,1258.0
1899,24,92,122368,0.9279990196228027,0.0004092704424510632,3808,0.007244890162837692,-41.48717546463013,0.221923828125,0.03766971826553345,-0.02224198469775729,0.2,0.019283805,-0.017893478274345398,-2.2621906907216496,1258.0
1899,25,93,122880,0.9285191893577576,0.0004092704424510632,3824,0.1275876136496663,-41.51475250720978,0.24462890625,0.06862539052963257,-0.02684515339205973,0.2,0.023825899,0.007834289222955704,-2.2621906907216496,1258.0
1898,25,94,123392,0.9302508234977722,0.0004092704424510632,3840,0.021965543826809153,-41.54311561584473,0.2406005859375,-6.126528263092041,-0.026450954188476317,0.2,0.020193294,-0.02875787764787674,-2.261852785714286,1258.0
1897,25,95,123904,0.9297117590904236,0.0004092704424510632,3856,0.14129049913026392,-41.5770800113678,0.2451171875,0.24946117401123047,-0.027387465161154978,0.2,0.022513464,0.026734691113233566,-2.261852785714286,1258.0
1896,25,96,124416,0.9300493001937866,0.0004092704424510632,3872,0.007155972802138422,-41.559194922447205,0.2493896484375,-2.4587936401367188,-0.02631138582364656,0.2,0.01931442,-0.03558231517672539,-2.261852785714286,1258.0
1896,26,97,124928,0.9318559169769287,0.0004092704424510632,3888,0.005284209837554954,-41.60655951499939,0.228271484375,-0.00670468807220459,-0.02301809738855809,0.2,0.017196275,-0.0301657821983099,-2.259484101010101,1258.0
1896,26,98,125440,0.931280791759491,0.0004092704424510632,3904,0.1518899032380432,-41.63167369365692,0.2598876953125,0.053723812103271484,-0.025584391492884606,0.2,0.020308863,0.025290153920650482,-2.259484101010101,1258.0
1896,26,99,125952,0.9312348365783691,0.0004092704424510632,3920,0.02920739125693217,-41.610023617744446,0.199951171875,-1.0919432640075684,-0.020982428832212463,0.2,0.017213337,-0.025579266250133514,-2.2593514100000003,1258.0
1896,26,100,126464,0.9313836693763733,0.0004092704424510632,3936,0.15244691213592887,-41.619632720947266,0.2716064453125,0.37017571926116943,-0.026213901030132547,0.2,0.025357608,0.028279893100261688,-2.2593514100000003,1258.0
1896,27,101,126976,0.9314869046211243,0.0004092704424510632,3952,0.0070071421505417675,-41.61781287193298,0.207275390625,-6.937400817871094,-0.024395061685936525,0.2,0.013396572,-0.031881485134363174,-2.2593514100000003,1258.0
1896,27,102,127488,0.9318994879722595,0.0004092704424510632,3968,0.0047863096770015545,-41.621742367744446,0.2425537109375,0.023591995239257812,-0.025785642093978822,0.2,0.017424766,-0.029087813571095467,-2.25522891,1258.0
1896,27,103,128000,0.9317104816436768,0.0004092704424510632,3984,0.1419251044280827,-41.626014709472656,0.2913818359375,0.05200093984603882,-0.027406827357481234,0.2,0.025276646,0.013997972011566162,-2.25522891,1258.0
1896,28,104,128512,0.9316253662109375,0.0004092704424510632,4000,0.0351317634631414,-41.62081587314606,0.1497802734375,-2.1878581047058105,-0.018353342529735528,0.2,0.016016852,-0.025687165558338165,-2.25495051,1258.0
1896,28,105,129024,0.9322587251663208,0.0004092704424510632,4016,0.14917832356877625,-41.62362003326416,0.152099609375,0.2837161421775818,-0.017014850403938908,0.2,0.013694997,0.0550001859664917,-2.25495051,1258.0
1896,28,106,129536,0.9308246970176697,0.0004092704424510632,4032,0.012876572189270519,-41.6142201423645,0.19775390625,-3.871412754058838,-0.02308971587626729,0.2,0.013513897,-0.04239353537559509,-2.25495051,1258.0
1895,28,107,130048,0.9294010400772095,0.0004092704424510632,4048,0.006866825802717358,-41.547072410583496,0.333740234375,-0.25236010551452637,-0.034528489370131865,0.2,0.032222014,-0.04266906529664993,-2.25235648,1258.0
1895,29,108,130560,0.9295283555984497,0.0004092704424510632,4064,0.11432941444218159,-41.527063488960266,0.296875,0.058748841285705566,-0.0246764981711749,0.2,0.033461146,0.020531591027975082,-2.25235648,1258.0
1895,29,109,131072,0.9293816089630127,0.0004092704424510632,4080,0.031977313570678234,-41.52731966972351,0.1744384765625,-4.448908805847168,-0.020539821380225476,0.2,0.015230764,-0.032969508320093155,-2.2513928000000005,1258.0
1894,29,110,131584,0.9287654757499695,0.0004092704424510632,4096,0.14328416902571917,-41.52244317531586,0.249755859375,0.33233535289764404,-0.029976606863783672,0.2,0.023840103,0.03026023507118225,-2.2513928000000005,1258.0
1897,29,111,132096,0.9291126728057861,0.0004092704424510632,4112,0.011691078660078347,-41.51098275184631,0.2586669921875,-3.877385139465332,-0.02734967475407757,0.2,0.018600915,-0.03295105695724487,-2.2485779600000004,1258.0
1901,30,112,132608,0.9283050894737244,0.0004092704424510632,4128,0.16744648525491357,-41.51364016532898,0.2252197265625,0.18833762407302856,-0.019981870769697707,0.2,0.020278133,0.04234996438026428,-2.2485779600000004,1258.0
1900,30,113,133120,0.928216278553009,0.0004092704424510632,4144,0.006576100931852125,-41.49217176437378,0.209716796875,-1.2095041275024414,-0.019801324626314454,0.2,0.015035775,-0.02476615086197853,-2.2485779600000004,1258.0
1899,30,114,133632,0.9283679127693176,0.0004092704424510632,4160,0.005691782447684091,-41.49473750591278,0.2972412109375,-0.0035916566848754883,-0.03257423697505146,0.2,0.020194823,-0.04255371168255806,-2.24719624,1258.0
1897,31,115,134144,0.9275072813034058,0.0004092704424510632,4176,0.13931959075853229,-41.48762345314026,0.2047119140625,0.048988521099090576,-0.01827877975301817,0.2,0.016534083,0.04292735457420349,-2.24719624,1258.0
1896,31,116,134656,0.927609920501709,0.0004092704424510632,4192,0.028713853331282735,-41.46695172786713,0.2410888671875,-1.891709327697754,-0.025732235895702615,0.2,0.020047061,-0.03179258853197098,-2.2452387399999996,1258.0
1896,31,117,135168,0.9283187389373779,0.0004092704424510632,4208,0.16400302690453827,-41.48852479457855,0.2236328125,0.306441068649292,-0.023783012060448527,0.2,0.02299431,0.03620351105928421,-2.2452387399999996,1258.0
1896,31,118,135680,0.9283350110054016,0.0004092704424510632,4224,0.00784806237788871,-41.49989080429077,0.17626953125,-1.0304601192474365,-0.018953697916003875,0.2,0.012822228,-0.027470359578728676,-2.2452387399999996,1258.0
1893,32,119,136192,0.9283592700958252,0.0004092704424510632,4240,0.00643957217107527,-41.50390958786011,0.2330322265625,-0.11199736595153809,-0.023730166081804782,0.2,0.018993236,-0.03286699578166008,-2.24417507,1258.0
1892,32,120,136704,0.9278953671455383,0.0004092704424510632,4256,0.13727989746257663,-41.50142216682434,0.25,0.05238461494445801,-0.023349525406956673,0.2,0.020307213,0.01239420473575592,-2.24417507,1258.0
1892,32,121,137216,0.9259585738182068,0.0004092704424510632,4272,0.02058002512785606,-41.465545535087585,0.2161865234375,-0.5626614093780518,-0.022442412097007036,0.2,0.017229501,-0.0293540321290493,-2.24052398,1258.0
1890,33,122,137728,0.924732506275177,0.0004092704424510632,4288,0.14668441307730973,-41.40586805343628,0.1966552734375,0.36515218019485474,-0.022425776027375832,0.2,0.02055984,0.04829986393451691,-2.24052398,1258.0
1889,33,123,138240,0.9243829846382141,0.0004092704424510632,4304,0.006893541052704677,-41.38412415981293,0.2493896484375,-6.802652359008789,-0.02931716431339737,0.2,0.018622477,-0.040050607174634933,-2.24052398,1258.0
1889,33,124,138752,0.9248982071876526,0.0004092704424510632,4320,0.004596147460688371,-41.38563048839569,0.298583984375,-0.04082989692687988,-0.025374963952344842,0.2,0.018761385,-0.027801934629678726,-2.23781214,1258.0
1889,33,125,139264,0.9256595373153687,0.0004092704424510632,4336,0.14241799339652061,-41.411365389823914,0.2222900390625,0.047334134578704834,-0.022583102574571967,0.2,0.018787377,0.025556128472089767,-2.23781214,1258.0
1889,34,126,139776,0.9253657460212708,0.0004092704424510632,4352,0.03495314554311335,-41.419583797454834,0.2171630859375,-2.5499632358551025,-0.025604676964576356,0.2,0.0176736,-0.026217259466648102,-2.2380634399999995,1258.0
1890,34,127,140288,0.924782395362854,0.0004092704424510632,4368,0.15951863187365234,-41.39846348762512,0.2572021484375,0.41287338733673096,-0.030212099809432402,0.2,0.030274406,0.036955058574676514,-2.2380634399999995,1258.0
1890,34,128,140800,0.9247339367866516,0.0004092704424510632,4384,0.007381310439086519,-41.38462173938751,0.2501220703125,-2.343906879425049,-0.02629806787444977,0.2,0.017276071,-0.0374685600399971,-2.2380634399999995,1258.0
1891,34,129,141312,0.9262071847915649,0.0004092704424510632,4400,0.007520022612879984,-41.39510440826416,0.3189697265625,0.006986498832702637,-0.03212040482321754,0.2,0.023326967,-0.048208728432655334,-2.2375896899999996,1258.0
1891,35,130,141824,0.9267714023590088,0.0004092704424510632,4416,0.14555184240452945,-41.44225633144379,0.249267578125,0.06349438428878784,-0.02304368416662328,0.2,0.022432445,0.03765062987804413,-2.2375896899999996,1258.0
1892,35,131,142336,0.926347553730011,0.0004092704424510632,4432,0.024970975646283478,-41.43579614162445,0.2132568359375,-2.9414267539978027,-0.02327294867427554,0.2,0.018590348,-0.036756131798028946,-2.2348714800000002,1258.0
1892,35,132,142848,0.9256670475006104,0.0004092704424510632,4448,0.16624887939542532,-41.41900670528412,0.2152099609375,0.23317372798919678,-0.02081859479949344,0.2,0.01856659,0.04219652712345123,-2.2348714800000002,1258.0
1893,35,133,143360,0.9228904247283936,0.0004092704424510632,4464,0.018064106378005818,-41.3662314414978,0.2130126953125,-2.125347137451172,-0.02338923016213812,0.2,0.015812982,-0.032411664724349976,-2.2348714800000002,1258.0
1893,36,134,143872,0.9224874377250671,0.0004092704424510632,4480,0.004550112025754061,-41.29384207725525,0.251220703125,-1.748230218887329,-0.029420642997138202,0.2,0.018573191,-0.038751982152462006,-2.23490716,1258.0
1893,36,135,144384,0.9221682548522949,0.0004092704424510632,4496,0.12503826431930065,-41.29810583591461,0.3026123046875,0.0711480975151062,-0.02838306754711084,0.2,0.029303432,0.008024632930755615,-2.23490716,1258.0
1891,36,136,144896,0.9232978820800781,0.0004092704424510632,4512,0.02921618138498161,-41.298683404922485,0.1865234375,-4.3101372718811035,-0.0229906868407852,0.2,0.0144862365,-0.03451308608055115,-2.2343749400000004,1258.0
1890,37,137,145408,0.9249211549758911,0.0004092704424510632,4528,0.13125272025354207,-41.348958253860474,0.212646484375,0.26924121379852295,-0.024293962575029582,0.2,0.018994696,0.028828982263803482,-2.2343749400000004,1258.0
1889,37,138,145920,0.9248334169387817,0.0004092704424510632,4544,0.01266789152577985,-41.374186277389526,0.237548828125,-4.251422882080078,-0.025647462665801868,0.2,0.018074224,-0.031365685164928436,-2.2343749400000004,1258.0
1889,37,139,146432,0.924587607383728,0.0004092704424510632,4560,0.007047725594020449,-41.37134861946106,0.3013916015625,0.015187740325927734,-0.02555511365062557,0.2,0.030766811,-0.03756502643227577,-2.23459456,1258.0
1888,37,140,146944,0.924014687538147,0.0004092704424510632,4576,0.05598914227448404,-41.353429555892944,0.3118896484375,0.039801597595214844,-0.021706756844650954,0.2,0.04036379,0.00495171919465065,-2.23459456,1258.0
1888,38,141,147456,0.9240235090255737,0.0004092704424510632,4592,0.016168929301784374,-41.34855604171753,0.2330322265625,-3.428502082824707,-0.02477301625185646,0.2,0.015014689,-0.024709537625312805,-2.23264449,1258.0
1888,38,142,147968,0.9236017465591431,0.0004092704424510632,4608,0.1466271816752851,-41.33243405818939,0.234619140625,0.15512067079544067,-0.02573283709352836,0.2,0.02007645,0.03741125762462616,-2.23264449,1258.0
1886,38,143,148480,0.9232690334320068,0.0004092704424510632,4624,0.015246618946548551,-41.314268708229065,0.243896484375,-3.548361301422119,-0.026845883898204193,0.2,0.01757677,-0.02663329429924488,-2.23063292,1258.0
1884,39,144,148992,0.9233341217041016,0.0004092704424510632,4640,0.1725808980409056,-41.31188976764679,0.2828369140625,0.24238181114196777,-0.02803133148699999,0.2,0.027136281,0.037270739674568176,-2.23063292,1258.0
1883,39,145,149504,0.9232390522956848,0.0004092704424510632,4656,0.003040748331841314,-41.31152963638306,0.2803955078125,-2.4874355792999268,-0.029630037577589974,0.2,0.0206695,-0.03720187023282051,-2.23063292,1258.0
1882,39,146,150016,0.9232208132743835,0.0004092704424510632,4672,0.007046595477731898,-41.305060029029846,0.25390625,0.013435065746307373,-0.026721705653471872,0.2,0.019296996,-0.03827161341905594,-2.2297823800000005,1258.0
1882,39,147,150528,0.9226670265197754,0.0004092704424510632,4688,0.18065715255215764,-41.29130816459656,0.28759765625,0.0484771728515625,-0.025055241465452127,0.2,0.02427635,0.042719125747680664,-2.2297823800000005,1258.0
3995,0,1,151040,0.9223806858062744,0.0004092704424510632,4704,0.019926715031033382,-41.28062379360199,0.18408203125,0.19619911909103394,-0.020981252862839028,0.2,0.013133163,-0.021128876134753227,-2.2305307400000003,1258.0
2319,0,2,151552,0.9217766523361206,0.0004092704424510632,4720,0.2008733837865293,-41.2630877494812,0.1602783203125,0.3223634958267212,-0.01939868478802964,0.2,0.015348639,0.07425566017627716,-2.2305307400000003,1258.0
2265,0,3,152064,0.9202402830123901,0.0004092704424510632,4736,0.00779309024073882,-41.22917342185974,0.283203125,-3.662230968475342,-0.031102884728170466,0.2,0.019669749,-0.03785141929984093,-2.2305307400000003,1258.0
2312,0,4,152576,0.9213365912437439,0.0004092704424510632,4752,0.004835968305997085,-41.205100774765015,0.2728271484375,0.06021791696548462,-0.023471171560231596,0.2,0.021955177,-0.03310614079236984,-2.23228527,1258.0
2334,1,5,153088,0.9213834404945374,0.0004092704424510632,4768,0.1828808579593897,-41.243239760398865,0.205078125,0.060746073722839355,-0.019249352106271544,0.2,0.017710695,0.05667809396982193,-2.23228527,1258.0
2331,1,6,153600,0.922563910484314,0.0004092704424510632,4784,0.014443532199948095,-41.25068700313568,0.21630859375,-2.0282814502716064,-0.025897310639265925,0.2,0.018126566,-0.03807741403579712,-2.2303488600000003,1258.0
2345,1,7,154112,0.9235405921936035,0.0004092704424510632,4800,0.17736151162534952,-41.29477918148041,0.1959228515625,0.20596563816070557,-0.02220570741337724,0.2,0.019461766,0.03840549290180206,-2.2303488600000003,1258.0
2341,1,8,154624,0.9244768023490906,0.0004092704424510632,4816,0.008815762026642915,-41.31685018539429,0.2308349609375,-2.8888587951660156,-0.025670021495898254,0.2,0.020837916,-0.03597762808203697,-2.2303488600000003,1258.0
2335,1,9,155136,0.9243797659873962,0.0004092704424510632,4832,0.006747164472471923,-41.342010498046875,0.26318359375,-0.10428035259246826,-0.025838777124590706,0.2,0.018756315,-0.03259510174393654,-2.22857569,1258.0
2347,2,10,155648,0.9244558215141296,0.0004092704424510632,4848,0.16727846511639655,-41.333882570266724,0.27099609375,0.051549315452575684,-0.021038134611444548,0.2,0.019337151,0.036400217562913895,-2.22857569,1258.0
2359,2,11,156160,0.9241198897361755,0.0004092704424510632,4864,0.022343344666296616,-41.33500695228577,0.2025146484375,-2.5349655151367188,-0.024496460348018445,0.2,0.016479105,-0.023626629263162613,-2.22845486,1258.0
2366,2,12,156672,0.9239543676376343,0.0004092704424510632,4880,0.1608543531037867,-41.32394886016846,0.2332763671875,0.19946199655532837,-0.020201646329951473,0.2,0.020748384,0.030706491321325302,-2.22845486,1258.0
2371,2,13,157184,0.9242798089981079,0.0004092704424510632,4896,0.010296773361915257,-41.32465219497681,0.2166748046875,-4.421967029571533,-0.02459842897951603,0.2,0.016788533,-0.03128257766366005,-2.22845486,1258.0
2377,3,14,157696,0.9230614304542542,0.0004092704424510632,4912,0.004557617590762675,-41.31187129020691,0.2879638671875,-0.06676983833312988,-0.029173166927648708,0.2,0.01874222,-0.04992124065756798,-2.2283134,1258.0
2384,3,15,158208,0.9228770732879639,0.0004092704424510632,4928,0.16562782344408333,-41.27676963806152,0.247802734375,0.04883980751037598,-0.022736295504728332,0.2,0.022911375,0.030611947178840637,-2.2283134,1258.0
2388,3,16,158720,0.9230932593345642,0.0004092704424510632,4944,0.016340788453817368,-41.283153772354126,0.1953125,-3.2981696128845215,-0.021442619065055624,0.2,0.013311036,-0.03692887723445892,-2.2300986600000003,1258.0
2392,3,17,159232,0.922804594039917,0.0004092704424510632,4960,0.18697806168347597,-41.28261363506317,0.197998046875,0.17865842580795288,-0.024473778961692005,0.2,0.024861552,0.04469945654273033,-2.2300986600000003,1258.0
2398,3,18,159744,0.9219582080841064,0.0004092704424510632,4976,0.027540295166545548,-41.270469307899475,0.173583984375,-8.34883975982666,-0.020121341047342867,0.2,0.015700106,-0.02729792147874832,-2.2300986600000003,1258.0
2404,4,19,160256,0.923086404800415,0.0004092704424510632,4992,0.04358570615295321,-41.26806938648224,0.2518310546875,-0.049800872802734375,-0.023994087910978124,0.2,0.021634616,-0.005384454503655434,-2.22707577,1258.0
2408,4,20,160768,0.923921525478363,0.0004092704424510632,5008,0.07133860711473972,-41.310696482658386,0.291015625,0.30180948972702026,-0.023895204794825986,0.2,0.025716305,-0.0034172609448432922,-2.22707577,1258.0
2412,4,21,161280,0.9233288764953613,0.0004092704424510632,5024,0.02328829986799974,-41.31290149688721,0.208251953125,-4.467988014221191,-0.024054019115283154,0.2,0.015472281,-0.027095064520835876,-2.22382099,1258.0
2416,4,22,161792,0.922966718673706,0.0004092704424510632,5040,0.133266648510471,-41.29306519031525,0.2061767578125,0.18117642402648926,-0.02419746929081157,0.2,0.01712978,0.022614406421780586,-2.22382099,1258.0
2419,4,23,162304,0.9236128926277161,0.0004092704424510632,5056,0.017772702893125825,-41.2978230714798,0.2725830078125,-2.965273141860962,-0.03153591993032023,0.2,0.018376717,-0.037843503057956696,-2.22323069,1258.0
2422,5,24,162816,0.9240319132804871,0.0004092704424510632,5072,0.14994504116475582,-41.32172238826752,0.29052734375,0.19812554121017456,-0.029150274640414864,0.2,0.02543104,0.02409784495830536,-2.22323069,1258.0
2425,5,25,163328,0.9239723682403564,0.0004092704424510632,5088,0.0035132927951053716,-41.324830412864685,0.2381591796875,-2.811170816421509,-0.02363648590107914,0.2,0.020051848,-0.033700067549943924,-2.22323069,1258.0
2428,5,26,163840,0.9232533574104309,0.0004092704424510632,5104,0.006716826159390621,-41.31910252571106,0.271484375,0.006919264793395996,-0.02429005960584618,0.2,0.02070672,-0.03713732212781906,-2.2208087599999997,1258.0
2429,5,27,164352,0.9214300513267517,0.0004092704424510632,5120,0.14218355156481266,-41.279592990875244,0.279296875,0.054134905338287354,-0.02489908959250897,0.2,0.020434327,0.020199976861476898,-2.2208087599999997,1258.0
2425,5,28,164864,0.9200310707092285,0.0004092704424510632,5136,0.015491500060306862,-41.22928810119629,0.207275390625,-1.6513381004333496,-0.027077252743765712,0.2,0.020134978,-0.02753055840730667,-2.2206752699999996,1258.0
2420,6,29,165376,0.9201488494873047,0.0004092704424510632,5152,0.16162599064409733,-41.200690031051636,0.1953125,0.27817636728286743,-0.01740107806836022,0.2,0.01756065,0.04836823046207428,-2.2206752699999996,1258.0
2417,6,30,165888,0.9182271361351013,0.0004092704424510632,5168,0.006056403850379866,-41.191118001937866,0.2095947265625,-6.6053571701049805,-0.022618769682594575,0.2,0.0146666095,-0.04193539172410965,-2.2206752699999996,1258.0
2410,6,31,166400,0.9164316654205322,0.0004092704424510632,5184,0.005357474379707128,-41.11057531833649,0.3199462890625,0.02564018964767456,-0.029809968458721414,0.2,0.024008546,-0.04116437956690788,-2.21843156,1258.0
2407,6,32,166912,0.9158463478088379,0.0004092704424510632,5200,0.16143383854068816,-41.07312488555908,0.2381591796875,0.05949580669403076,-0.020859924028627574,0.2,0.01665492,0.02553354762494564,-2.21843156,1258.0
2404,7,33,167424,0.9154496192932129,0.0004092704424510632,5216,0.024115358202834614,-41.06078779697418,0.1943359375,-5.792939186096191,-0.02396144618978724,0.2,0.019419985,-0.029714956879615784,-2.21381735,1258.0
2387,7,34,167936,0.9152458906173706,0.0004092704424510632,5232,0.15814415295608342,-41.05124223232269,0.2506103515625,0.3369981050491333,-0.026755543643957935,0.2,0.021301243,0.04259084165096283,-2.21381735,1258.0
2364,7,35,168448,0.9148736596107483,0.0004092704424510632,5248,0.010572055834927596,-41.04786717891693,0.2139892578125,-3.348128318786621,-0.025518009584629908,0.2,0.015930532,-0.033187031745910645,-2.21381735,1258.0
2342,7,36,168960,0.9139906764030457,0.0004092704424510632,5264,0.0062743215094087645,-41.02560102939606,0.21484375,-0.15528523921966553,-0.020459295134060085,0.2,0.015796822,-0.021087024360895157,-2.21357442,1258.0
2322,8,37,169472,0.9127837419509888,0.0004092704424510632,5280,0.1375876348465681,-40.98672556877136,0.2376708984375,0.04393565654754639,-0.021387045373558067,0.2,0.022071386,0.029581740498542786,-2.21357442,1258.0
2304,8,38,169984,0.914412796497345,0.0004092704424510632,5296,0.033212103648111224,-40.97705340385437,0.22802734375,-0.8326847553253174,-0.02842654031701386,0.2,0.016780224,-0.027245983481407166,-2.21170144,1258.0
2294,8,39,170496,0.9144564867019653,0.0004092704424510632,5312,0.13020797981880605,-41.01466119289398,0.2132568359375,0.40731728076934814,-0.024002200763789006,0.2,0.02460241,0.035307712852954865,-2.21170144,1258.0
2291,8,40,171008,0.9149142503738403,0.0004092704424510632,5328,0.007169752178015187,-41.003419160842896,0.2598876953125,-8.089447021484375,-0.030858918267767876,0.2,0.018338867,-0.035344500094652176,-2.21170144,1258.0
2293,9,41,171520,0.9143746495246887,0.0004092704424510632,5344,0.0054734298173571005,-41.00931537151337,0.1917724609375,0.04517412185668945,-0.022835436669993214,0.2,0.014055217,-0.02968296781182289,-2.2108102699999996,1258.0
2295,9,42,172032,0.9145985245704651,0.0004092704424510632,5360,0.12753725284710526,-40.99473249912262,0.272705078125,0.05424308776855469,-0.02729874473880045,0.2,0.018794633,-0.0012698806822299957,-2.2108102699999996,1258.0
2297,9,43,172544,0.9138609766960144,0.0004092704424510632,5376,0.024562136779422872,-40.991899490356445,0.212890625,-4.488433837890625,-0.02589114473084919,0.2,0.014113773,-0.03577110171318054,-2.20978064,1258.0
2297,9,44,173056,0.9132359623908997,0.0004092704424510632,5392,0.141578312497586,-40.9634975194931,0.220947265625,0.31386733055114746,-0.024445364979328588,0.2,0.025597103,0.025952257215976715,-2.20978064,1258.0
2298,10,45,173568,0.9138017892837524,0.0004092704424510632,5408,0.01054958084205282,-40.95353591442108,0.177490234375,-8.812050819396973,-0.021201711933827028,0.2,0.013181694,-0.02272183448076248,-2.20978064,1258.0
2299,10,46,174080,0.9136403203010559,0.0004092704424510632,5424,0.006386757682776079,-40.964038252830505,0.3016357421875,0.0276145339012146,-0.030317261553136632,0.2,0.02304936,-0.03761731833219528,-2.20735575,1258.0
2301,10,47,174592,0.9124886393547058,0.0004092704424510632,5440,0.1032825488364324,-40.939197063446045,0.28955078125,0.07708251476287842,-0.022023417317541316,0.2,0.030705761,0.009204309433698654,-2.20735575,1258.0
2300,10,48,175104,0.9128892421722412,0.0004092704424510632,5456,0.02574627568537835,-40.919034004211426,0.2391357421875,-5.061495304107666,-0.02514954673824832,0.2,0.016937975,-0.037764906883239746,-2.20562108,1258.0
2300,10,49,175616,0.9136400818824768,0.0004092704424510632,5472,0.12775046820752323,-40.9453045129776,0.2227783203125,0.23663330078125,-0.025584848830476403,0.2,0.019966837,0.004713091999292374,-2.20562108,1258.0
2302,11,50,176128,0.9132596254348755,0.0004092704424510632,5488,0.009249515336705372,-40.95394742488861,0.251220703125,-6.086546897888184,-0.028451798236346804,0.2,0.022574425,-0.05043153092265129,-2.2041483900000003,1258.0
2302,11,51,176640,0.9128028154373169,0.0004092704424510632,5504,0.1511909149121493,-40.9317045211792,0.2542724609375,0.19079357385635376,-0.025225038451026194,0.2,0.01965364,0.02851317822933197,-2.2041483900000003,1258.0
2302,11,52,177152,0.9147762060165405,0.0004092704424510632,5520,0.004360703969723545,-40.944366216659546,0.241455078125,-2.3307082653045654,-0.029954996629385278,0.2,0.016494095,-0.03509169816970825,-2.2041483900000003,1258.0
2303,11,53,177664,0.9168828129768372,0.0004092704424510632,5536,0.0065893728751689196,-41.02366077899933,0.2674560546875,0.006429314613342285,-0.029141234088456258,0.2,0.021737311,-0.042861126363277435,-2.2014845000000003,1258.0
2302,12,54,178176,0.9167925715446472,0.0004092704424510632,5552,0.15192644926719368,-41.06011140346527,0.27978515625,0.03954058885574341,-0.025828559970250353,0.2,0.02093039,0.02506999298930168,-2.2014845000000003,1258.0
2298,12,55,178688,0.9145464897155762,0.0004092704424510632,5568,0.025086825189646333,-41.02528464794159,0.216796875,-1.8778057098388672,-0.025941778672859073,0.2,0.015492772,-0.04192138835787773,-2.2004336300000005,1258.0
2295,12,56,179200,0.9143260717391968,0.0004092704424510632,5584,0.1559081319719553,-40.963066935539246,0.1688232421875,0.35266757011413574,-0.017033339536283165,0.2,0.016139444,0.061146873980760574,-2.2004336300000005,1258.0
2297,12,57,179712,0.914076566696167,0.0004092704424510632,5600,0.0097161763405893,-40.9675829410553,0.25732421875,-1.8468153476715088,-0.0239120732221636,0.2,0.019380666,-0.02662494033575058,-2.2004336300000005,1258.0
2297,12,58,180224,0.9137057662010193,0.0004092704424510632,5616,0.006692196082440205,-40.945512890815735,0.2586669921875,-0.25031983852386475,-0.026286033433279954,0.2,0.015096405,-0.038246117532253265,-2.19677324,1258.0
2296,13,59,180736,0.9132463932037354,0.0004092704424510632,5632,0.14255397533997893,-40.93000411987305,0.2474365234375,0.05446726083755493,-0.023538044857559726,0.2,0.020437058,0.038262512534856796,-2.19677324,1258.0
2297,13,60,181248,0.9140554666519165,0.0004092704424510632,5648,0.01071828042040579,-40.933526158332825,0.2750244140625,-0.9040849208831787,-0.029769091022899374,0.2,0.017514503,-0.04125599190592766,-2.19464439,1258.0
2298,13,61,181760,0.9147453308105469,0.0004092704424510632,5664,0.16436171298846602,-40.97116017341614,0.145263671875,0.2634810209274292,-0.015664625345380045,0.2,0.014340332,0.037383124232292175,-2.19464439,1258.0
2298,13,62,182272,0.9151560068130493,0.0004092704424510632,5680,0.006959729136724491,-40.9825142621994,0.225830078125,-4.53920841217041,-0.024471990793244913,0.2,0.017922228,-0.024467390030622482,-2.19464439,1258.0
2299,14,63,182784,0.9135661721229553,0.0004092704424510632,5696,0.005665427626809105,-40.97035896778107,0.212158203125,-0.08135855197906494,-0.023509943319368176,0.2,0.016072256,-0.02697010524570942,-2.1914129200000003,1258.0
2299,14,64,183296,0.9121776223182678,0.0004092704424510632,5712,0.1660177120938897,-40.9223747253418,0.238037109375,0.040093064308166504,-0.021565612230915576,0.2,0.018752463,0.03805501013994217,-2.1914129200000003,1258.0
2299,14,65,183808,0.9125011563301086,0.0004092704424510632,5728,0.027365954651031643,-40.90373229980469,0.2376708984375,-5.292619228363037,-0.027306089352350682,0.2,0.016326912,-0.02309280075132847,-2.18856178,1258.0
2300,14,66,184320,0.9130642414093018,0.0004092704424510632,5744,0.15903701004572213,-40.92523372173309,0.21484375,0.40805888175964355,-0.024788867245661095,0.2,0.022242459,0.02440851926803589,-2.18856178,1258.0
2300,14,67,184832,0.9130256175994873,0.0004092704424510632,5760,0.0111186401481973,-40.929750204086304,0.245849609375,-0.9688873291015625,-0.026128379860892892,0.2,0.018618163,-0.027559500187635422,-2.18856178,1258.0
2300,15,68,185344,0.9120434522628784,0.0004092704424510632,5776,0.004463385448616464,-40.90662109851837,0.2462158203125,-0.45867669582366943,-0.026346192054916173,0.2,0.014439294,-0.03740962967276573,-2.1894889700000006,1258.0
2300,15,69,185856,0.911805272102356,0.0004092704424510632,5792,0.14640947710722685,-40.875269174575806,0.266845703125,0.054984211921691895,-0.024245594337116927,0.2,0.02245765,0.02260640263557434,-2.1894889700000006,1258.0
2301,15,70,186368,0.9104578495025635,0.0004092704424510632,5808,0.010967991554934997,-40.85467171669006,0.183837890625,-4.739359378814697,-0.019912964606191963,0.2,0.017675633,-0.032739363610744476,-2.19125512,1258.0
2298,15,71,186880,0.9090427160263062,0.0004092704424510632,5824,0.15940890717320144,-40.80870008468628,0.2452392578125,0.1233295202255249,-0.022827943204902112,0.2,0.02617981,0.032250210642814636,-2.19125512,1258.0
2290,16,72,187392,0.9087532162666321,0.0004092704424510632,5840,0.01402317218889948,-40.78175759315491,0.2454833984375,-1.5412781238555908,-0.02919308451237157,0.2,0.020147374,-0.04172046110033989,-2.19125512,1258.0
2284,16,73,187904,0.9080176949501038,0.0004092704424510632,5856,0.004414635237480979,-40.77090871334076,0.2362060546875,-0.36568570137023926,-0.02773490612162277,0.2,0.02042408,-0.03670120611786842,-2.19148633,1258.0
2284,16,74,188416,0.9084866046905518,0.0004092704424510632,5872,0.1426237274426967,-40.75236666202545,0.294677734375,0.054127633571624756,-0.025476096794591285,0.2,0.023319483,-0.0022688955068588257,-2.19148633,1258.0
2283,16,75,188928,0.9089393615722656,0.0004092704424510632,5888,0.038917640544241294,-40.77168607711792,0.18359375,-6.400759220123291,-0.021040898413048126,0.2,0.0133701395,-0.025224894285202026,-2.18951996,1258.0
2277,17,76,189440,0.9087375998497009,0.0004092704424510632,5904,0.15513270278461277,-40.77711200714111,0.2216796875,0.3797242045402527,-0.02614077510952484,0.2,0.017833736,0.018664993345737457,-2.18951996,1258.0
2276,17,77,189952,0.9077723026275635,0.0004092704424510632,5920,0.011507327217259444,-40.757007360458374,0.22900390625,-3.853116035461426,-0.025342939276015386,0.2,0.017235262,-0.03258982300758362,-2.18951996,1258.0
2276,17,78,190464,0.9087329506874084,0.0004092704424510632,5936,0.008517061418388039,-40.74859368801117,0.284423828125,0.028384625911712646,-0.028776609076885507,0.2,0.022759061,-0.03500204160809517,-2.1875831100000003,1258.0
2270,17,79,190976,0.9087815284729004,0.0004092704424510632,5952,0.044129598478320986,-40.77239441871643,0.2960205078125,0.06438922882080078,-0.020380286121508107,0.2,0.035140667,-0.00722484290599823,-2.1875831100000003,1258.0
2265,18,80,191488,0.9070689082145691,0.0004092704424510632,5968,0.013641055425978266,-40.74625873565674,0.212158203125,-4.375435829162598,-0.02172209240234224,0.2,0.015066977,-0.03629007935523987,-2.18770554,1258.0
2258,18,81,192000,0.9063200950622559,0.0004092704424510632,5984,0.15268113720230758,-40.68430960178375,0.201904296875,0.15053993463516235,-0.022649739868938923,0.2,0.020068556,0.01640636846423149,-2.18770554,1258.0
2249,18,82,192512,0.9052765369415283,0.0004092704424510632,6000,0.014588040248781908,-40.66018283367157,0.2493896484375,-5.370596885681152,-0.027276414330117404,0.2,0.017944746,-0.03767026215791702,-2.1886651099999996,1258.0
2243,18,83,193024,0.9062303304672241,0.0004092704424510632,6016,0.144471091683954,-40.646130442619324,0.28564453125,0.25475114583969116,-0.030591005721362308,0.2,0.026925096,0.020807549357414246,-2.1886651099999996,1258.0
2244,19,84,193536,0.9058625102043152,0.0004092704424510632,6032,0.006184694466355722,-40.66720938682556,0.218505859375,-2.04372239112854,-0.022464094596216455,0.2,0.018490685,-0.02821986749768257,-2.1886651099999996,1258.0
2244,19,85,194048,0.9065986275672913,0.0004092704424510632,6048,0.00607256538933143,-40.65839982032776,0.24658203125,-0.03746497631072998,-0.02416553520015441,0.2,0.01983963,-0.04115058481693268,-2.18545545,1258.0
2245,19,86,194560,0.9066025614738464,0.0004092704424510632,6064,0.14170234045013785,-40.67313885688782,0.1732177734375,0.07474535703659058,-0.0182442187651759,0.2,0.013093035,0.02372155711054802,-2.18545545,1258.0
2245,19,87,195072,0.9059638977050781,0.0004092704424510632,6080,0.012100679014110938,-40.65755748748779,0.22216796875,-0.7840763330459595,-0.025629968411521986,0.2,0.015086741,-0.042487338185310364,-2.18405471,1258.0
2243,20,88,195584,0.9036111235618591,0.0004092704424510632,6096,0.13983590225689113,-40.61098003387451,0.25390625,0.302095890045166,-0.023899466381408274,0.2,0.023427434,0.03049263171851635,-2.18405471,1258.0
2238,20,89,196096,0.9024080634117126,0.0004092704424510632,6112,0.006459069139964413,-40.54182291030884,0.231689453125,-3.6179633140563965,-0.02753056475921767,0.2,0.014596299,-0.042969800531864166,-2.18405471,1258.0
2233,20,90,196608,0.903904378414154,0.0004092704424510632,6128,0.006624641828238964,-40.55060017108917,0.295654296875,0.046821415424346924,-0.03018128898111172,0.2,0.023414467,-0.04797796905040741,-2.1826914299999998,1258.0
2228,20,91,197120,0.9044499397277832,0.0004092704424510632,6144,0.16396733419969678,-40.606269001960754,0.2393798828125,0.057168424129486084,-0.021520183887332678,0.2,0.019632012,0.022784341126680374,-2.1826914299999998,1258.0
2223,21,92,197632,0.9044130444526672,0.0004092704424510632,6160,0.010096303216414526,-40.61235022544861,0.194091796875,-2.922118902206421,-0.020538554308586754,0.2,0.017042821,-0.029151413589715958,-2.18068336,1258.0
2218,21,93,198144,0.9051274061203003,0.0004092704424510632,6176,0.17068422632291913,-40.61829447746277,0.1795654296875,0.16252458095550537,-0.01972464661230333,0.2,0.02120146,0.03402874618768692,-2.18068336,1258.0
2213,21,94,198656,0.9043369889259338,0.0004092704424510632,6192,0.014553899789461866,-40.62305212020874,0.198974609375,-2.0436031818389893,-0.021710194167098962,0.2,0.013654178,-0.02552194707095623,-2.18068336,1258.0
2208,22,95,199168,0.9033118486404419,0.0004092704424510632,6208,0.005000085671781562,-40.5908477306366,0.2900390625,-0.26558995246887207,-0.03196841299723019,0.2,0.022683583,-0.04652797430753708,-2.17624767,1258.0
2205,22,96,199680,0.9031887054443359,0.0004092704424510632,6224,0.15613346151076257,-40.57220149040222,0.2152099609375,0.06828141212463379,-0.022230785427382216,0.2,0.019034754,0.022829536348581314,-2.17624767,1258.0
2205,22,97,200192,0.9034544825553894,0.0004092704424510632,6240,0.020247911001206376,-40.57897925376892,0.1690673828125,-4.052242755889893,-0.019989680367871188,0.2,0.013760028,-0.027100984007120132,-2.1767402,1258.0
2207,22,98,200704,0.9030460715293884,0.0004092704424510632,6256,0.13551567355170846,-40.580607175827026,0.2034912109375,0.2515350580215454,-0.02369696693494916,0.2,0.022091791,0.03351832181215286,-2.1767402,1258.0
2208,22,99,201216,0.9019008874893188,0.0004092704424510632,6272,0.008075160876614973,-40.557841658592224,0.310302734375,-3.7366013526916504,-0.03507403386174701,0.2,0.022446457,-0.04071122407913208,-2.1767402,1258.0
2208,23,100,201728,0.9006730914115906,0.0004092704424510632,6288,0.005863668353413232,-40.517422914505005,0.2447509765625,0.022567570209503174,-0.026438383210916072,0.2,0.020248033,-0.03570498898625374,-2.17478417,1258.0
2204,23,101,202240,0.8999164700508118,0.0004092704424510632,6304,0.15919621801003814,-40.48246765136719,0.2962646484375,0.05039370059967041,-0.0257086883939337,0.2,0.020602223,0.013420302420854568,-2.17478417,1258.0
2203,23,102,202752,0.9003702998161316,0.0004092704424510632,6320,0.012297794979531318,-40.478652000427246,0.1937255859375,-3.0053391456604004,-0.02066532366006868,0.2,0.013260027,-0.035227905958890915,-2.17487743,1258.0
2198,23,103,203264,0.9006597995758057,0.0004092704424510632,6336,0.18385793827474117,-40.49694120883942,0.1954345703125,0.18883782625198364,-0.022491020674351603,0.2,0.01959443,0.022713057696819305,-2.17487743,1258.0
2193,24,104,203776,0.9015743136405945,0.0004092704424510632,6352,0.012863853386079427,-40.50862407684326,0.1907958984375,-7.376294136047363,-0.022583580459468067,0.2,0.0132826,-0.02159801498055458,-2.17487743,1258.0
2190,24,105,204288,0.9015955924987793,0.0004092704424510632,6368,0.031025691248942167,-40.532596826553345,0.2908935546875,0.15210652351379395,-0.02600942052231403,0.2,0.025548704,-0.023242628201842308,-2.1726354199999998,1258.0
2186,24,106,204800,0.9018873572349548,0.0004092704424510632,6384,0.06873933668248355,-40.53657603263855,0.27001953125,0.3464880585670471,-0.02385030029108748,0.2,0.029914264,-0.009682558476924896,-2.1726354199999998,1258.0
2183,25,107,205312,0.9038090705871582,0.0004092704424510632,6400,0.012651385841309093,-40.56291580200195,0.2237548828125,-4.961122989654541,-0.02353350775956642,0.2,0.021358106,-0.02664921060204506,-2.17234778,1258.0
2178,25,108,205824,0.9051719903945923,0.0004092704424510632,6416,0.17226590565405786,-40.63642990589142,0.215087890625,0.13079750537872314,-0.023086146044079214,0.2,0.02176302,0.016721531748771667,-2.17234778,1258.0
2174,25,109,206336,0.9054995775222778,0.0004092704424510632,6432,0.00993473110429477,-40.66361343860626,0.2322998046875,-3.2175140380859375,-0.02477848065973376,0.2,0.019348562,-0.04266456514596939,-2.1715625,1258.0
2170,25,110,206848,0.9059884548187256,0.0004092704424510632,6448,0.19270385894924402,-40.671727776527405,0.177978515625,0.1492123007774353,-0.020076167726074345,0.2,0.014450451,0.06246977671980858,-2.1715625,1258.0
2165,26,111,207360,0.9060585498809814,0.0004092704424510632,6464,0.003964090556110023,-40.68627214431763,0.2412109375,-8.051210403442383,-0.025968419286073186,0.2,0.019517051,-0.03746649995446205,-2.1715625,1258.0
2161,26,112,207872,0.9079543948173523,0.0004092704424510632,6480,0.005729772165068425,-40.71100044250488,0.2767333984375,-0.07751929759979248,-0.030261153005994856,0.2,0.02098318,-0.038350917398929596,-2.16812239,1258.0
2155,26,113,208384,0.9092249274253845,0.0004092704424510632,6496,0.18170545995235443,-40.77771008014679,0.2308349609375,0.06190770864486694,-0.022613648543483578,0.2,0.01829855,0.03359576687216759,-2.16812239,1258.0
2152,27,114,208896,0.9093896746635437,0.0004092704424510632,6512,0.03130163537571207,-40.802595019340515,0.1868896484375,-0.30097901821136475,-0.019585137866670266,0.2,0.015872978,-0.017001895233988762,-2.16480123,1258.0
2150,27,115,209408,0.9092456698417664,0.0004092704424510632,6528,0.17877507535740733,-40.80552077293396,0.2408447265625,0.3561035394668579,-0.026783748937305063,0.2,0.023986038,0.035435788333415985,-2.16480123,1258.0
2147,27,116,209920,0.9115343689918518,0.0004092704424510632,6544,0.004871667424595216,-40.828617453575134,0.2589111328125,-6.2591938972473145,-0.025553398343618028,0.2,0.020383371,-0.03753666207194328,-2.16480123,1258.0
2145,27,117,210432,0.9109948873519897,0.0004092704424510632,6560,0.006443605801905505,-40.8697863817215,0.262451171875,0.041303932666778564,-0.026613485475536436,0.2,0.020188736,-0.03541434556245804,-2.16220988,1258.0
2142,28,118,210944,0.9097817540168762,0.0004092704424510632,6576,0.15693156537599862,-40.82563233375549,0.2052001953125,0.07088983058929443,-0.020884516285150312,0.2,0.01790965,0.02022101730108261,-2.16220988,1258.0
2140,28,119,211456,0.9108695983886719,0.0004092704424510632,6592,0.011058807547669858,-40.81981432437897,0.240966796875,-5.080214023590088,-0.026290960697224364,0.2,0.017453583,-0.03427194803953171,-2.16151939,1258.0
2138,28,120,211968,0.9110102653503418,0.0004092704424510632,6608,0.16495787724852562,-40.85730683803558,0.1962890625,0.1490689516067505,-0.019060021135373972,0.2,0.015085928,0.033712420612573624,-2.16151939,1258.0
2136,29,121,212480,0.9125791788101196,0.0004092704424510632,6624,0.005139557593793143,-40.88179004192352,0.2430419921875,-3.1707301139831543,-0.027260835697234143,0.2,0.01544583,-0.04107452929019928,-2.16151939,1258.0
2134,29,122,212992,0.91416996717453,0.0004092704424510632,6640,0.006919151404872537,-40.94650602340698,0.2547607421875,0.02243804931640625,-0.02347326130256988,0.2,0.018560983,-0.031556785106658936,-2.16180183,1258.0
2131,29,123,213504,0.9154506325721741,0.0004092704424510632,6656,0.18566021439619362,-40.995012164115906,0.21337890625,0.05583655834197998,-0.020971684163669124,0.2,0.018358685,0.023937150835990906,-2.16180183,1258.0
2129,29,124,214016,0.915012776851654,0.0004092704424510632,6672,0.03500708984211087,-41.004472494125366,0.2373046875,-0.25798773765563965,-0.02597196976421401,0.2,0.014709985,-0.018313761800527573,-2.16151043,1258.0
2127,30,125,214528,0.9158123135566711,0.0004092704424510632,6688,0.1480326885357499,-40.998128056526184,0.20263671875,0.3381999731063843,-0.02367144748859573,0.2,0.017189227,0.037445612251758575,-2.16151043,1258.0
2125,30,126,215040,0.9164554476737976,0.0004092704424510632,6704,0.010859883004741278,-41.02824509143829,0.2052001953125,-11.817086219787598,-0.021733067696914077,0.2,0.014284999,-0.04064932465553284,-2.16151043,1258.0
2123,30,127,215552,0.9187529683113098,0.0004092704424510632,6720,0.004290560173103586,-41.07271718978882,0.260498046875,0.08093899488449097,-0.027689921014825813,0.2,0.019495448,-0.03197406977415085,-2.16295836,1258.0
2121,30,128,216064,0.9188856482505798,0.0004092704424510632,6736,0.16734322882257402,-41.12187135219574,0.293701171875,0.04720199108123779,-0.026659195704269223,0.2,0.023218352,0.028847170993685722,-2.16295836,1258.0
2118,31,129,216576,0.9171627759933472,0.0004092704424510632,6752,0.013401091549894772,-41.10006320476532,0.2205810546875,-2.9766526222229004,-0.021630385337630287,0.2,0.016981922,-0.030379170551896095,-2.1605854599999996,1258.0
2115,31,130,217088,0.9160634279251099,0.0004092704424510632,6768,0.17893667961470783,-41.04615890979767,0.14599609375,0.13764333724975586,-0.015940990233502816,0.2,0.016897265,0.037011321634054184,-2.1605854599999996,1258.0
2113,31,131,217600,0.9156992435455322,0.0004092704424510632,6784,0.012662081775488332,-41.024733781814575,0.18896484375,-5.262949466705322,-0.016762491388362832,0.2,0.012438245,-0.016820836812257767,-2.1605854599999996,1258.0
2111,32,132,218112,0.9155788421630859,0.0004092704424510632,6800,0.00448939031775808,-41.019399881362915,0.30029296875,-0.13644564151763916,-0.03240965891745873,0.2,0.026485693,-0.04869703948497772,-2.15897873,1258.0
2109,32,133,218624,0.9137731790542603,0.0004092704424510632,6816,0.12753749475814402,-40.986072063446045,0.296142578125,0.07330191135406494,-0.023771731663146056,0.2,0.021093765,0.024832095950841904,-2.15897873,1258.0
2107,32,134,219136,0.9144812226295471,0.0004092704424510632,6832,0.01774720560933929,-40.95118057727814,0.213623046875,-4.787304878234863,-0.021608683658996597,0.2,0.019271918,-0.02505570277571678,-2.15784156,1258.0
2104,32,135,219648,0.9146040081977844,0.0004092704424510632,6848,0.1942500239238143,-40.97984707355499,0.2044677734375,0.11314940452575684,-0.022482027008663863,0.2,0.01761579,0.04155385121703148,-2.15784156,1258.0
2102,33,136,220160,0.9145867824554443,0.0004092704424510632,6864,0.007636582951818127,-40.969000577926636,0.2281494140625,-8.058023452758789,-0.023548199846118223,0.2,0.015660092,-0.0308893583714962,-2.15837778,1258.0
2100,33,137,220672,0.9142645597457886,0.0004092704424510632,6880,0.22270213067531586,-40.97297275066376,0.215576171875,0.14994585514068604,-0.022358666625223123,0.2,0.021333646,0.06543947011232376,-2.15837778,1258.0
2102,33,138,221184,0.9148414731025696,0.0004092704424510632,6896,0.006115888652857393,-40.96295154094696,0.28857421875,-2.65044903755188,-0.033153979893540964,0.2,0.02306995,-0.053561143577098846,-2.15837778,1258.0
2103,33,139,221696,0.9157835245132446,0.0004092704424510632,6912,0.0050004519944195636,-40.99447798728943,0.242431640625,-0.07401537895202637,-0.026899328848230653,0.2,0.015940279,-0.031029723584651947,-2.1569039099999996,1258.0
2104,34,140,222208,0.9164736270904541,0.0004092704424510632,6928,0.22146771615371108,-41.01662790775299,0.283447265625,0.05782020092010498,-0.02381157100899145,0.2,0.022174887,0.03347812965512276,-2.1569039099999996,1258.0
2106,34,141,222720,0.9178830981254578,0.0004092704424510632,6944,0.02305665847961791,-41.05009436607361,0.201904296875,-2.950608015060425,-0.023966965673025697,0.2,0.013610253,-0.03331725299358368,-2.1549097899999996,1258.0
2107,34,142,223232,0.9186851978302002,0.0004092704424510632,6960,0.15802204865030944,-41.094823718070984,0.2281494140625,0.30590134859085083,-0.02247441470535705,0.2,0.019848108,0.05608154088258743,-2.1549097899999996,1258.0
2105,34,143,223744,0.9198475480079651,0.0004092704424510632,6976,0.00566378630901454,-41.116228222846985,0.2059326171875,-1.7239189147949219,-0.020808352492167614,0.2,0.017256927,-0.019896186888217926,-2.1549097899999996,1258.0
2105,35,144,224256,0.9201937913894653,0.0004092704424510632,6992,0.006399365403922275,-41.145477652549744,0.263916015625,-0.03195655345916748,-0.027784964244347066,0.2,0.016536906,-0.033115118741989136,-2.15576968,1258.0
2106,35,145,224768,0.9210988283157349,0.0004092704424510632,7008,0.16258081840351224,-41.16837286949158,0.2364501953125,0.062405288219451904,-0.0239029994700104,0.2,0.01962196,0.012496549636125565,-2.15576968,1258.0
2107,35,146,225280,0.9225370287895203,0.0004092704424510632,7024,0.02348767255898565,-41.20014536380768,0.2530517578125,-0.21287953853607178,-0.02724968567781616,0.2,0.017657226,-0.02907809615135193,-2.1554891999999994,1258.0
2108,35,147,225792,0.9229472279548645,0.0004092704424510632,7040,0.1708939685486257,-41.23585617542267,0.1986083984375,0.41733622550964355,-0.02350715600186959,0.2,0.0187646,0.037070382386446,-2.1554891999999994,1258.0
4099,0,1,226304,0.9206845760345459,0.0004092704424510632,7056,0.004758677561767399,-41.211819767951965,0.2509765625,-2.3316659927368164,-0.030898516910383478,0.2,0.017345779,-0.041691847145557404,-2.1554891999999994,1258.0
2537,0,2,226816,0.9194984436035156,0.0004092704424510632,7072,0.005935392182436772,-41.14807879924774,0.273193359375,0.03888171911239624,-0.025335995291243307,0.2,0.02563269,-0.03277357295155525,-2.1525576199999996,1258.0
2413,0,3,227328,0.919535219669342,0.0004092704424510632,7088,0.1814115538727492,-41.12943732738495,0.2158203125,0.06541186571121216,-0.02045007422566414,0.2,0.018278994,0.022840365767478943,-2.1525576199999996,1258.0
2236,0,4,227840,0.9197292327880859,0.0004092704424510632,7104,0.01302088619559072,-41.13145577907562,0.2413330078125,-3.5432629585266113,-0.027978167112451047,0.2,0.016754817,-0.03928718715906143,-2.1547971,1258.0
2110,1,5,228352,0.9195265173912048,0.0004092704424510632,7120,0.17076653824187815,-41.11692273616791,0.2308349609375,0.13127374649047852,-0.026472255442058668,0.2,0.01893901,0.024359356611967087,-2.1547971,1258.0
2061,1,6,228864,0.9174683094024658,0.0004092704424510632,7136,0.013515887083485723,-41.08431529998779,0.2547607421875,-0.5111192464828491,-0.027820926552521996,0.2,0.018391997,-0.03408781811594963,-2.1547971,1258.0
2017,1,7,229376,0.916267454624176,0.0004092704424510632,7152,0.0044300998779363,-41.017842054367065,0.277099609375,-0.15559327602386475,-0.03162954306026222,0.2,0.023939788,-0.03412668779492378,-2.15597503,1258.0
1989,2,8,229888,0.9162546992301941,0.0004092704424510632,7168,0.18867780989967287,-40.992088079452515,0.2193603515625,0.08002334833145142,-0.0228676347178407,0.2,0.016764514,0.03551337122917175,-2.15597503,1258.0
1964,2,9,230400,0.9154953956604004,0.0004092704424510632,7184,0.02592889186053071,-40.982248425483704,0.2015380859375,-7.384030342102051,-0.02242297680641059,0.2,0.01618975,-0.02261531539261341,-2.15358836,1258.0
1993,2,10,230912,0.91440349817276,0.0004092704424510632,7200,0.16120169591158628,-40.940144062042236,0.224853515625,0.15222424268722534,-0.02390993686276488,0.2,0.020356594,0.02108488604426384,-2.15358836,1258.0
2023,2,11,231424,0.9139848947525024,0.0004092704424510632,7216,0.009028925698657986,-40.91220712661743,0.24072265625,-5.6167683601379395,-0.02630237233825028,0.2,0.016210418,-0.04343005269765854,-2.15358836,1258.0
2015,3,12,231936,0.9148163795471191,0.0004092704424510632,7232,0.005536471609957516,-40.918357372283936,0.284423828125,0.04284060001373291,-0.023518430127296597,0.2,0.023604942,-0.02919122204184532,-2.1542023699999997,1258.0
1989,3,13,232448,0.91566401720047,0.0004092704424510632,7248,0.1354570018593222,-40.94610023498535,0.272705078125,0.06435942649841309,-0.02352446538861841,0.2,0.02566012,0.01015845499932766,-2.1542023699999997,1258.0
1969,3,14,232960,0.9150794744491577,0.0004092704424510632,7264,0.019219148089177907,-40.9471515417099,0.218017578125,-4.588074207305908,-0.02438500565040158,0.2,0.019715406,-0.04389826953411102,-2.1542354,1258.0
1958,3,15,233472,0.915092408657074,0.0004092704424510632,7280,0.15795616526156664,-40.919461607933044,0.2088623046875,0.2008954882621765,-0.024007510452065617,0.2,0.017482135,0.024776563048362732,-2.1542354,1258.0
1942,4,16,233984,0.914236307144165,0.0004092704424510632,7296,0.01739248375815805,-40.908629298210144,0.1993408203125,-5.236595153808594,-0.02190558789880015,0.2,0.0136865005,-0.026882147416472435,-2.1542354,1258.0
1927,4,17,234496,0.9142937660217285,0.0004092704424510632,7312,0.0118791495624464,-40.89011538028717,0.263916015625,-0.023402094841003418,-0.0252678004471818,0.2,0.018637875,-0.022115154191851616,-2.1551669299999996,1258.0
1918,4,18,235008,0.9142639636993408,0.0004092704424510632,7328,0.03312714409548789,-40.892083287239075,0.2528076171875,0.05677235126495361,-0.016582852927967906,0.2,0.025476804,-0.002897389233112335,-2.1551669299999996,1258.0
1913,5,19,235520,0.9136010408401489,0.0004092704424510632,7344,0.00821127862582216,-40.8803995847702,0.2652587890625,-3.994731903076172,-0.02677128807408735,0.2,0.01980165,-0.028946707025170326,-2.15376173,1258.0
1931,5,20,236032,0.9131612181663513,0.0004092704424510632,7360,0.15475372225046158,-40.854384899139404,0.2354736328125,0.1499006152153015,-0.02522981028596405,0.2,0.021072892,0.020471815019845963,-2.15376173,1258.0
1949,5,21,236544,0.9147087931632996,0.0004092704424510632,7376,0.01228673171135597,-40.869911432266235,0.21875,-5.273646831512451,-0.023668268782785162,0.2,0.017670235,-0.01849907450377941,-2.1556976299999993,1258.0
1966,5,22,237056,0.9148373007774353,0.0004092704424510632,7392,0.17943249037489295,-40.915332555770874,0.168701171875,0.20443737506866455,-0.014805944170802832,0.2,0.010091384,0.0589093342423439,-2.1556976299999993,1258.0
1978,5,23,237568,0.9154388904571533,0.0004092704424510632,7408,0.004826937896723393,-40.914966106414795,0.2659912109375,-0.6769338846206665,-0.02786892536096275,0.2,0.01926365,-0.03257357329130173,-2.1556976299999993,1258.0
1993,6,24,238080,0.913699746131897,0.0004092704424510632,7424,0.009513881435850635,-40.90393376350403,0.216064453125,-0.04700922966003418,-0.024922586977481842,0.2,0.015942771,-0.02804991416633129,-2.15770653,1258.0
2005,6,25,238592,0.9132004976272583,0.0004092704424510632,7440,0.17691090726293623,-40.8454133272171,0.270751953125,0.0633307695388794,-0.02424018814053852,0.2,0.018094782,0.03147270157933235,-2.15770653,1258.0
2016,6,26,239104,0.9123058915138245,0.0004092704424510632,7456,0.01270490765455179,-40.82572531700134,0.2342529296875,-0.33856821060180664,-0.026855536983930506,0.2,0.0140523,-0.030384203419089317,-2.1581759899999997,1258.0
2025,6,27,239616,0.911937415599823,0.0004092704424510632,7472,0.16961803031153977,-40.79684805870056,0.2054443359375,0.34685981273651123,-0.022885371145093814,0.2,0.015801957,0.03558119758963585,-2.1581759899999997,1258.0
2036,7,28,240128,0.9117297530174255,0.0004092704424510632,7488,0.012501832417910919,-40.783796191215515,0.2950439453125,-1.2933273315429688,-0.0319071423728019,0.2,0.022699794,-0.03639477863907814,-2.1581759899999997,1258.0
2046,7,29,240640,0.9100445508956909,0.0004092704424510632,7504,0.005773135293566156,-40.752466917037964,0.23046875,0.006281495094299316,-0.0269918508711271,0.2,0.015625037,-0.02180907130241394,-2.15992244,1258.0
2056,7,30,241152,0.9089434146881104,0.0004092704424510632,7520,0.1600062542129308,-40.69578754901886,0.2371826171875,0.06786441802978516,-0.023192418237158563,0.2,0.020488428,0.010076284408569336,-2.15992244,1258.0
2064,7,31,241664,0.9078751802444458,0.0004092704424510632,7536,0.012710437411442399,-40.65638327598572,0.259033203125,-1.5889711380004883,-0.026478208441403694,0.2,0.019941539,-0.03608465567231178,-2.16154268,1258.0
2073,7,32,242176,0.9073776602745056,0.0004092704424510632,7552,0.16120195109397173,-40.61519479751587,0.249267578125,0.19974792003631592,-0.028030150948325172,0.2,0.028494217,0.025152023881673813,-2.16154268,1258.0
2081,8,33,242688,0.9080468416213989,0.0004092704424510632,7568,0.00831146165728569,-40.61688697338104,0.27734375,-1.6542980670928955,-0.03085830718919169,0.2,0.021679755,-0.03778675198554993,-2.16154268,1258.0
2070,8,34,243200,0.9090620279312134,0.0004092704424510632,7584,0.005173341109184548,-40.633976221084595,0.240478515625,0.012266039848327637,-0.02461569511797279,0.2,0.015422175,-0.03663168102502823,-2.1618832,1258.0
2063,8,35,243712,0.9096859693527222,0.0004092704424510632,7600,0.19544589752331376,-40.648003339767456,0.25146484375,0.08074748516082764,-0.027708091991371475,0.2,0.02122464,0.05212496593594551,-2.1618832,1258.0
2054,8,36,244224,0.9097706079483032,0.0004092704424510632,7616,0.03636139020090923,-40.65831112861633,0.1702880859375,-4.743809700012207,-0.01946681189292576,0.2,0.018151935,-0.021141525357961655,-2.16368603,1258.0
2047,9,37,244736,0.9099317193031311,0.0004092704424510632,7632,0.15103157865814865,-40.65657997131348,0.220703125,0.1765851378440857,-0.022940016555367038,0.2,0.018556908,0.026506157591938972,-2.16368603,1258.0
2052,9,38,245248,0.9089070558547974,0.0004092704424510632,7648,0.009546049739583395,-40.64443528652191,0.2578125,-6.014116287231445,-0.024289655382744968,0.2,0.020946138,-0.0359528474509716,-2.16368603,1258.0
2058,9,39,245760,0.910252034664154,0.0004092704424510632,7664,0.004865731185418554,-40.629329442977905,0.3204345703125,0.036418378353118896,-0.03323735302546993,0.2,0.027208552,-0.05021920055150986,-2.1668708899999998,1258.0
2062,9,40,246272,0.9106727242469788,0.0004092704424510632,7680,0.16873501823283732,-40.66421031951904,0.2918701171875,0.053090810775756836,-0.022049872553907335,0.2,0.022223838,0.02327096462249756,-2.1668708899999998,1258.0
2055,10,41,246784,0.9109329581260681,0.0004092704424510632,7696,0.03385665787209291,-40.663989424705505,0.2335205078125,-4.92222785949707,-0.025137872187769972,0.2,0.018813912,-0.0314597561955452,-2.16860447,1258.0
2055,10,42,247296,0.9118678569793701,0.0004092704424510632,7712,0.1299699554219842,-40.686527132987976,0.2362060546875,0.28041064739227295,-0.023214705041027628,0.2,0.021197474,0.019098319113254547,-2.16860447,1258.0
2052,10,43,247808,0.9114721417427063,0.0004092704424510632,7728,0.007515674558817409,-40.70174312591553,0.2645263671875,-6.840649127960205,-0.025828529556747526,0.2,0.02450978,-0.0435388945043087,-2.16860447,1258.0
2049,10,44,248320,0.9105706214904785,0.0004092704424510632,7744,0.017201344773638994,-40.689544916152954,0.30517578125,0.14446765184402466,-0.02822971346176928,0.2,0.020749144,-0.02937515452504158,-2.17041201,1258.0
2043,11,45,248832,0.9108640551567078,0.0004092704424510632,7760,0.058826319815125316,-40.69642996788025,0.3321533203125,0.19587725400924683,-0.027357673621736467,0.2,0.030607197,-0.016241397708654404,-2.17041201,1258.0
2036,11,46,249344,0.9126244783401489,0.0004092704424510632,7776,0.0129135922761634,-40.72134065628052,0.2615966796875,-4.512528419494629,-0.027467558524222113,0.2,0.019069899,-0.03322939947247505,-2.1695487599999996,1258.0
2032,11,47,249856,0.9136486649513245,0.0004092704424510632,7792,0.1575643066316843,-40.7772901058197,0.212646484375,0.2064087986946106,-0.02386927415500395,0.2,0.017227642,0.03249170631170273,-2.1695487599999996,1258.0
2033,12,48,250368,0.9137668013572693,0.0004092704424510632,7808,0.007002739323070273,-40.78709125518799,0.2109375,-1.9450414180755615,-0.0223147714859806,0.2,0.01938878,-0.03359420597553253,-2.17183054,1258.0
2035,12,49,250880,0.9137389659881592,0.0004092704424510632,7824,0.1861422681249678,-40.78606128692627,0.2080078125,0.1569371223449707,-0.0210176862165099,0.2,0.022617519,0.03869684413075447,-2.17183054,1258.0
2033,12,50,251392,0.9122495055198669,0.0004092704424510632,7840,0.0031788016785867512,-40.75245440006256,0.247314453125,-3.098123073577881,-0.02801806794013828,0.2,0.016887492,-0.041272588074207306,-2.17183054,1258.0
2027,12,51,251904,0.9113374948501587,0.0004092704424510632,7856,0.0072513342602178454,-40.71138548851013,0.2430419921875,-0.03568768501281738,-0.02311966847628355,0.2,0.016804997,-0.01751786842942238,-2.1715797,1258.0
2022,13,52,252416,0.9104849100112915,0.0004092704424510632,7872,0.1780470188241452,-40.67216980457306,0.248779296875,0.06443518400192261,-0.025516002613585442,0.2,0.019266061,0.014162439852952957,-2.1715797,1258.0
2016,13,53,252928,0.909440815448761,0.0004092704424510632,7888,0.010397167032351717,-40.64015197753906,0.2135009765625,-1.4661452770233154,-0.022248588895308785,0.2,0.017816331,-0.024049846455454826,-2.17326659,1258.0
2011,13,54,253440,0.9087206721305847,0.0004092704424510632,7904,0.19340729946270585,-40.61275887489319,0.1708984375,0.1856268048286438,-0.020562715726555325,0.2,0.013914024,0.07186988741159439,-2.17326659,1258.0
2004,14,55,253952,0.9083939790725708,0.0004092704424510632,7920,0.005007785264751874,-40.59330880641937,0.23291015625,-7.489711761474609,-0.022516655473737046,0.2,0.016911484,-0.032316941767930984,-2.17326659,1258.0
1999,14,56,254464,0.9082900881767273,0.0004092704424510632,7936,0.005964987882180139,-40.58064866065979,0.267333984375,0.029472947120666504,-0.026925571641186252,0.2,0.019787725,-0.04312058910727501,-2.17315939,1258.0
1995,14,57,254976,0.9076736569404602,0.0004092704424510632,7952,0.2190174493007362,-40.5669424533844,0.2015380859375,0.06516790390014648,-0.01928364174091257,0.2,0.017206633,0.038130857050418854,-2.17315939,1258.0
1992,14,58,255488,0.9077006578445435,0.0004092704424510632,7968,0.017827498144470155,-40.55066406726837,0.2440185546875,-7.5754194259643555,-0.028288553352467716,0.2,0.021046158,-0.03848540410399437,-2.17393204,1258.0
1991,15,59,256000,0.9085723161697388,0.0004092704424510632,7984,0.18095809570513666,-40.563823223114014,0.2498779296875,0.09889930486679077,-0.028213244368089363,0.2,0.021663912,0.03377760574221611,-2.17393204,1258.0
1992,15,60,256512,0.9084605574607849,0.0004092704424510632,8000,0.009425346324860584,-40.577396392822266,0.2440185546875,-11.136215209960938,-0.024747212053625844,0.2,0.019326601,-0.022400688380002975,-2.17393204,1258.0
1995,15,61,257024,0.9083287119865417,0.0004092704424510632,8016,0.0055333643686026335,-40.55704462528229,0.2337646484375,0.01415175199508667,-0.020980100060114637,0.2,0.019399663,-0.023855682462453842,-2.1727566400000002,1258.0
1990,15,62,257536,0.9074574112892151,0.0004092704424510632,8032,0.21102511137723923,-40.54476606845856,0.20947265625,0.050395429134368896,-0.017679662414593622,0.2,0.015937973,0.0510420948266983,-2.1727566400000002,1258.0
1992,16,63,258048,0.908790111541748,0.0004092704424510632,8048,0.03126634325599298,-40.534584522247314,0.2213134765625,-2.2657113075256348,-0.024860176767106168,0.2,0.019470278,-0.028240401297807693,-2.1739255600000003,1258.0
1996,16,64,258560,0.9079301953315735,0.0004092704424510632,8064,0.15446381689980626,-40.571388244628906,0.2802734375,0.3195176124572754,-0.0335253723023925,0.2,0.026167855,0.04525626450777054,-2.1739255600000003,1258.0
2001,16,65,259072,0.9074351787567139,0.0004092704424510632,8080,0.007061646389047382,-40.530266523361206,0.2236328125,-9.776541709899902,-0.022811574934166856,0.2,0.018729592,-0.030910233035683632,-2.1739255600000003,1258.0
2005,16,66,259584,0.908200740814209,0.0004092704424510632,8096,0.005475729456520639,-40.53239190578461,0.2991943359375,0.06257748603820801,-0.026634880821802653,0.2,0.024487518,-0.032087959349155426,-2.17319964,1258.0
2006,17,67,260096,0.9081222414970398,0.0004092704424510632,8112,0.17509426781907678,-40.54140615463257,0.230224609375,0.066944420337677,-0.021389657151303254,0.2,0.013334106,0.01769290491938591,-2.17319964,1258.0
2002,17,68,260608,0.9079006314277649,0.0004092704424510632,8128,0.014366002949827816,-40.53027009963989,0.2664794921875,-6.6026411056518555,-0.031170943533652462,0.2,0.023077592,-0.033016860485076904,-2.17602706,1258.0
2001,17,69,261120,0.9077454209327698,0.0004092704424510632,8144,0.18791937176138163,-40.513715505599976,0.2198486328125,0.10235518217086792,-0.0220843953138683,0.2,0.019207196,0.025218062102794647,-2.17602706,1258.0
1997,17,70,261632,0.9067268371582031,0.0004092704424510632,8160,0.005699102151993429,-40.50406634807587,0.2420654296875,-8.70026683807373,-0.02649726024537813,0.2,0.014775705,-0.037538863718509674,-2.17602706,1258.0
1994,18,71,262144,0.9074596762657166,0.0004092704424510632,8176,0.005357774767617229,-40.49156057834625,0.2464599609375,0.05968296527862549,-0.0201593225938268,0.2,0.017757047,-0.027750924229621887,-2.1739455100000002,1258.0
1992,18,72,262656,0.9076876044273376,0.0004092704424510632,8192,0.13583097595255822,-40.51433801651001,0.316162109375,0.07487595081329346,-0.025140074867522344,0.2,0.028420646,0.004568476229906082,-2.1739455100000002,1258.0
1989,18,73,263168,0.9071915745735168,0.0004092704424510632,8208,0.02191768206830602,-40.51132369041443,0.2366943359375,-4.488385200500488,-0.025500205490970984,0.2,0.018389396,-0.03002309799194336,-2.17579302,1258.0
1985,19,74,263680,0.9071906208992004,0.0004092704424510632,8224,0.18596872128546238,-40.494723200798035,0.23291015625,0.11903023719787598,-0.024709607372642495,0.2,0.020842131,0.03782912343740463,-2.17579302,1258.0
1982,19,75,264192,0.9076720476150513,0.0004092704424510632,8240,0.012284229160286486,-40.500316739082336,0.2159423828125,-13.152467727661133,-0.024075964087387547,0.2,0.015095547,-0.03624773398041725,-2.17769914,1258.0
1980,19,76,264704,0.9073374271392822,0.0004092704424510632,8256,0.21489209542050958,-40.51103329658508,0.1783447265625,0.16428327560424805,-0.022212423318705987,0.2,0.019062363,0.047309450805187225,-2.17769914,1258.0
1978,19,77,265216,0.9067723751068115,0.0004092704424510632,8272,0.005471410106110852,-40.49430549144745,0.23583984375,-1.340864896774292,-0.026426397715113126,0.2,0.015466256,-0.03538113087415695,-2.17769914,1258.0
1975,20,78,265728,0.9057412147521973,0.0004092704424510632,8288,0.006215277404407971,-40.46775543689728,0.2628173828125,0.0004980564117431641,-0.027295457781292498,0.2,0.020117454,-0.045902859419584274,-2.17683442,1258.0
1972,20,79,266240,0.9053066372871399,0.0004092704424510632,8304,0.2104209647513926,-40.43357062339783,0.222412109375,0.07292789220809937,-0.024700912355910987,0.2,0.018908855,0.03138776123523712,-2.17683442,1258.0
1975,20,80,266752,0.9061243534088135,0.0004092704424510632,8320,0.02311968186404556,-40.43285429477692,0.259033203125,-1.002161979675293,-0.02903042230173014,0.2,0.016832218,-0.03361382335424423,-2.17641692,1258.0
1978,20,81,267264,0.9071635603904724,0.0004092704424510632,8336,0.16275142133235931,-40.46771192550659,0.2415771484375,0.30642586946487427,-0.027029509044950828,0.2,0.01991374,0.023256249725818634,-2.17641692,1258.0
1980,21,82,267776,0.9083661437034607,0.0004092704424510632,8352,0.004889891897619236,-40.49987983703613,0.2469482421875,-1.2805969715118408,-0.025919069186784327,0.2,0.017598111,-0.037329770624637604,-2.17641692,1258.0
1979,21,83,268288,0.907913088798523,0.0004092704424510632,8368,0.009766771821887232,-40.52178227901459,0.2628173828125,-0.020521879196166992,-0.022862757221446373,0.2,0.022516849,-0.027565205469727516,-2.17985927,1258.0
1976,21,84,268800,0.907548725605011,0.0004092704424510632,8384,0.16671751835383475,-40.50246858596802,0.2117919921875,0.06874752044677734,-0.019441637457930483,0.2,0.017325208,0.030431658029556274,-2.17985927,1258.0
1973,22,85,269312,0.9080663323402405,0.0004092704424510632,8400,0.015405256039230153,-40.50191378593445,0.24560546875,-0.3511720895767212,-0.02755772830278147,0.2,0.020763079,-0.0400286465883255,-2.18169688,1258.0
1976,22,86,269824,0.9079176187515259,0.0004092704424510632,8416,0.1788919037207961,-40.51335287094116,0.2098388671875,0.15124249458312988,-0.02316034524119459,0.2,0.025387648,0.044185686856508255,-2.18169688,1258.0
1973,22,87,270336,0.9070929288864136,0.0004092704424510632,8432,0.00589988061983604,-40.49543917179108,0.2315673828125,-0.7111736536026001,-0.024846480489941314,0.2,0.019616794,-0.020197603851556778,-2.18169688,1258.0
1974,22,88,270848,0.9057924151420593,0.0004092704424510632,8448,0.007956267349072732,-40.45853841304779,0.2559814453125,0.01694512367248535,-0.02397156649385579,0.2,0.021428682,-0.0331634059548378,-2.18189106,1258.0
1975,23,89,271360,0.9049282670021057,0.0004092704424510632,8464,0.2198814544826746,-40.41415452957153,0.180908203125,0.06376898288726807,-0.01712966538616456,0.2,0.015741132,0.039459098130464554,-2.18189106,1258.0
1977,23,90,271872,0.9039924144744873,0.0004092704424510632,8480,0.012610487974598072,-40.38370716571808,0.2061767578125,-3.5480198860168457,-0.022853532864246517,0.2,0.01750125,-0.031584322452545166,-2.18424099,1258.0
1975,23,91,272384,0.9032996296882629,0.0004092704424510632,8496,0.19760510558262467,-40.34657347202301,0.1793212890625,0.20393449068069458,-0.022708832984790206,0.2,0.020987479,0.03568600118160248,-2.18424099,1258.0
1977,23,92,272896,0.9065643548965454,0.0004092704424510632,8512,0.022753419529180974,-40.37252867221832,0.260986328125,-0.25495612621307373,-0.027636754035484046,0.2,0.019258682,-0.026538770645856857,-2.18424099,1258.0
1979,24,93,273408,0.9105516672134399,0.0004092704424510632,8528,0.006205272191436961,-40.50591444969177,0.2413330078125,-0.31098365783691406,-0.027514650369994342,0.2,0.017323045,-0.03869321197271347,-2.18343954,1258.0
1981,24,94,273920,0.9111421704292297,0.0004092704424510632,8544,0.18875855254009366,-40.576700091362,0.295654296875,0.1168292760848999,-0.02979221599525772,0.2,0.02495936,0.045653630048036575,-2.18343954,1258.0
1983,24,95,274432,0.9101418256759644,0.0004092704424510632,8560,0.027997844736091793,-40.5612918138504,0.119873046875,-6.8234381675720215,-0.014230828601284884,0.2,0.01030265,-0.02462676912546158,-2.18556353,1258.0
1985,24,96,274944,0.909774661064148,0.0004092704424510632,8576,0.15943435486406088,-40.524353981018066,0.2127685546875,0.18835145235061646,-0.02238377238973044,0.2,0.024335135,0.022566109895706177,-2.18556353,1258.0
1988,24,97,275456,0.9081946611404419,0.0004092704424510632,8592,0.005965002645098139,-40.50583851337433,0.3079833984375,-3.925523281097412,-0.03422059463628102,0.2,0.02071492,-0.04278215765953064,-2.18556353,1258.0
1990,25,98,275968,0.9073365926742554,0.0004092704424510632,8608,0.009289591122069396,-40.462026953697205,0.287109375,0.016713380813598633,-0.025802940246649086,0.2,0.021606952,-0.022858647629618645,-2.1860411099999997,1258.0
1992,25,99,276480,0.9072538614273071,0.0004092704424510632,8624,0.16577123827300966,-40.44895625114441,0.2811279296875,0.06107825040817261,-0.01964398252312094,0.2,0.022705536,0.02023080363869667,-2.1860411099999997,1258.0
1994,25,100,276992,0.9078428149223328,0.0004092704424510632,8640,0.04027121965191327,-40.44686710834503,0.2021484375,-3.733142375946045,-0.02123162469069939,0.2,0.021887768,-0.03275269269943237,-2.1865314299999996,1258.0
1996,25,101,277504,0.9065966010093689,0.0004092704424510632,8656,0.1440143915824592,-40.44007861614227,0.181396484375,0.3193034529685974,-0.016386901144869626,0.2,0.0153934825,0.04430124908685684,-2.1865314299999996,1258.0
1997,26,102,278016,0.9072803258895874,0.0004092704424510632,8672,0.00989981422026176,-40.4142370223999,0.263427734375,-1.9064710140228271,-0.028381702257320285,0.2,0.017972305,-0.030271489173173904,-2.1865314299999996,1258.0
1999,26,103,278528,0.9072450995445251,0.0004092704424510632,8688,0.007611747205373831,-40.44657242298126,0.2655029296875,-0.059363365173339844,-0.025500387928332202,0.2,0.02175381,-0.02402816154062748,-2.18678136,1258.0
2000,26,104,279040,0.90714430809021,0.0004092704424510632,8704,0.022892559180036187,-40.43862771987915,0.252197265625,0.02530282735824585,-0.013601023936644197,0.2,0.023858152,-0.0065729375928640366,-2.18678136,1258.0
2002,26,105,279552,0.9067335724830627,0.0004092704424510632,8720,0.006859720422653481,-40.43228888511658,0.2158203125,-1.519324779510498,-0.022397357126465067,0.2,0.01471113,-0.03305871784687042,-2.18865834,1258.0
2000,27,106,280064,0.9065082669258118,0.0004092704424510632,8736,0.16154868947342038,-40.42713117599487,0.197509765625,0.1250995397567749,-0.020672140235546976,0.2,0.020963442,0.03464913368225098,-2.18865834,1258.0
1998,27,107,280576,0.9064520597457886,0.0004092704424510632,8752,0.006391928574885242,-40.418301820755005,0.2608642578125,-5.181824684143066,-0.027491684624692425,0.2,0.019550214,-0.0354435108602047,-2.18713475,1258.0
1995,27,108,281088,0.9054239988327026,0.0004092704424510632,8768,0.18267306312918663,-40.405465960502625,0.1356201171875,0.16951268911361694,-0.015151535801123828,0.2,0.014504563,0.03836215287446976,-2.18713475,1258.0
1994,27,109,281600,0.9031589031219482,0.0004092704424510632,8784,0.0074636976642068475,-40.35232102870941,0.2913818359375,-0.6613173484802246,-0.030271841722424142,0.2,0.021527871,-0.028305016458034515,-2.18713475,1258.0
1992,28,110,282112,0.9040470123291016,0.0004092704424510632,8800,0.009091617350350134,-40.30633807182312,0.28125,-0.0037082433700561523,-0.02630649582715705,0.2,0.020893045,-0.022854948416352272,-2.18797234,1258.0
1990,28,111,282624,0.9045458436012268,0.0004092704424510632,8816,0.17517006071284413,-40.33585560321808,0.286376953125,0.08147627115249634,-0.030549044226063415,0.2,0.025340486,0.002670023590326309,-2.18797234,1258.0
1988,28,112,283136,0.9029333591461182,0.0004092704424510632,8832,0.014337828557472676,-40.31291723251343,0.2628173828125,-0.057625770568847656,-0.02757615319569595,0.2,0.020648409,-0.030227772891521454,-2.1903108899999997,1258.0
1984,29,113,283648,0.9025656580924988,0.0004092704424510632,8848,0.19056220958009362,-40.25708603858948,0.2017822265625,0.3234547972679138,-0.02017623317806283,0.2,0.016176881,0.0745459794998169,-2.1903108899999997,1258.0
1981,29,114,284160,0.902746319770813,0.0004092704424510632,8864,0.007390734332147986,-40.2605277299881,0.26904296875,-1.1319260597229004,-0.02816665884165559,0.2,0.020616949,-0.03217855468392372,-2.1903108899999997,1258.0
1977,29,115,284672,0.9025100469589233,0.0004092704424510632,8880,0.007202950146165676,-40.25935232639313,0.2784423828125,0.02987349033355713,-0.026515915247728117,0.2,0.021546604,-0.03676630184054375,-2.19082162,1258.0
1975,30,116,285184,0.9015525579452515,0.0004092704424510632,8896,0.19876989838667214,-40.23234736919403,0.24365234375,0.07385003566741943,-0.02277371592936106,0.2,0.017123032,0.025789586827158928,-2.19082162,1258.0
1973,30,117,285696,0.9001636505126953,0.0004092704424510632,8912,0.0193640737561509,-40.19877779483795,0.272216796875,-1.2156915664672852,-0.02788838317792397,0.2,0.02122572,-0.04202304407954216,-2.1915095300000003,1258.0
1972,30,118,286208,0.8988977670669556,0.0004092704424510632,8928,0.17968327109701931,-40.14444077014923,0.1932373046875,0.24641764163970947,-0.023142261532484554,0.2,0.023327652,0.040129587054252625,-2.1915095300000003,1258.0
1970,30,119,286720,0.8983442783355713,0.0004092704424510632,8944,0.006959162245038897,-40.11209177970886,0.209228515625,-4.852152347564697,-0.024973115549073555,0.2,0.015002295,-0.03854505345225334,-2.1915095300000003,1258.0
1969,31,120,287232,0.8981746435165405,0.0004092704424510632,8960,0.008092533607850783,-40.10218048095703,0.2452392578125,0.033487021923065186,-0.031012854597065598,0.2,0.016117102,-0.05232943594455719,-2.19334154,1258.0
1967,31,121,287744,0.8986071944236755,0.0004092704424510632,8976,0.20069977547973394,-40.110260367393494,0.193115234375,0.06902086734771729,-0.01747144915862009,0.2,0.016818773,0.04089077189564705,-2.19334154,1258.0
1965,31,122,288256,0.8988032341003418,0.0004092704424510632,8992,0.02384417748544365,-40.11714994907379,0.133056640625,-4.068089485168457,-0.015596549652400427,0.2,0.012453224,-0.017579324543476105,-2.19398977,1258.0
1963,32,123,288768,0.8988587260246277,0.0004092704424510632,9008,0.167372175026685,-40.115654706954956,0.17919921875,0.1740283966064453,-0.021667910725227557,0.2,0.016016286,0.014750339090824127,-2.19398977,1258.0
1962,32,124,289280,0.8999823331832886,0.0004092704424510632,9024,0.009065663383807987,-40.1209442615509,0.1883544921875,-4.302101135253906,-0.01998188454308547,0.2,0.015826462,-0.03751935437321663,-2.19398977,1258.0
1964,32,125,289792,0.9009910225868225,0.0004092704424510632,9040,0.005757252612966113,-40.14978885650635,0.259765625,0.05671858787536621,-0.026565828287857585,0.2,0.019480703,-0.04576048627495766,-2.1951722499999997,1258.0
1965,32,126,290304,0.9010633826255798,0.0004092704424510632,9056,0.18082595663145185,-40.173882722854614,0.203125,0.07223457098007202,-0.01983315202232916,0.2,0.017773807,0.024803919717669487,-2.1951722499999997,1258.0
1964,33,127,290816,0.8996084928512573,0.0004092704424510632,9072,0.015324322463129647,-40.15155601501465,0.1614990234375,-5.493993759155273,-0.02039311901171459,0.2,0.014310727,-0.031302448362112045,-2.19554205,1258.0
1962,33,128,291328,0.8983094096183777,0.0004092704424510632,9088,0.18029113113880157,-40.09518206119537,0.19140625,0.17164009809494019,-0.02335352258523926,0.2,0.018554866,0.0580904521048069,-2.19554205,1258.0
1961,33,129,291840,0.897871732711792,0.0004092704424510632,9104,0.005440247943624854,-40.06590664386749,0.2823486328125,-4.152624607086182,-0.027595253486651927,0.2,0.020386431,-0.041571181267499924,-2.19554205,1258.0
1962,33,130,292352,0.8977550268173218,0.0004092704424510632,9120,0.01259832107461989,-40.04472732543945,0.28564453125,0.1724908947944641,-0.028551314520882443,0.2,0.02226359,-0.02928897552192211,-2.1966964599999996,1258.0
1963,34,131,292864,0.8979787230491638,0.0004092704424510632,9136,0.0941569407004863,-40.03200650215149,0.2794189453125,0.10186469554901123,-0.021447388891829178,0.2,0.034463998,-0.008898414671421051,-2.1966964599999996,1258.0
1964,34,132,293376,0.8988756537437439,0.0004092704424510632,9152,0.014115110228885897,-40.053704619407654,0.212890625,-3.6846065521240234,-0.01807018113322556,0.2,0.015859388,-0.019843190908432007,-2.19837665,1258.0
1962,34,133,293888,0.8987772464752197,0.0004092704424510632,9168,0.2535772102419287,-40.070032835006714,0.1474609375,0.13158893585205078,-0.018672240810701624,0.2,0.019162823,0.037315331399440765,-2.19837665,1258.0
1960,35,134,294400,0.8974002599716187,0.0004092704424510632,9184,0.0077151550285634585,-40.04519331455231,0.252197265625,-4.033417224884033,-0.027074745594291016,0.2,0.017085126,-0.041003838181495667,-2.20052803,1258.0
1960,35,135,294912,0.8967670798301697,0.0004092704424510632,9200,0.2623366047628224,-40.012239933013916,0.193359375,0.085407555103302,-0.022301377961412072,0.2,0.020986471,0.0750235766172409,-2.20052803,1258.0
1959,35,136,295424,0.8944823145866394,0.0004092704424510632,9216,0.0031945733244356234,-39.970441579818726,0.236328125,-3.3143653869628906,-0.023969509769813158,0.2,0.017104318,-0.03285283222794533,-2.20052803,1258.0
1960,35,137,295936,0.8945541977882385,0.0004092704424510632,9232,0.0061579818138852715,-39.923041462898254,0.3118896484375,-0.05206334590911865,-0.030856932717142627,0.2,0.021958865,-0.05418751388788223,-2.20262418,1258.0
1961,36,138,296448,0.8939533233642578,0.0004092704424510632,9248,0.30503075383603573,-39.93195819854736,0.2183837890625,0.06302803754806519,-0.0256343902728986,0.2,0.024399351,0.08924517035484314,-2.20262418,1258.0
1963,36,139,296960,0.8946300745010376,0.0004092704424510632,9264,0.012918380496557802,-39.927122950553894,0.2442626953125,0.02040541172027588,-0.026682979354518466,0.2,0.015604395,-0.030214395374059677,-2.20392728,1258.0
1964,36,140,297472,0.8943140506744385,0.0004092704424510632,9280,0.24645080789923668,-39.939030170440674,0.1484375,0.3260881304740906,-0.01604924982530065,0.2,0.014807554,0.10715800523757935,-2.20392728,1258.0
1964,36,141,297984,0.8927000164985657,0.0004092704424510632,9296,0.003179270075634122,-39.897409439086914,0.2421875,-5.198099136352539,-0.024987322802189738,0.2,0.018322967,-0.02852449379861355,-2.20392728,1258.0
1963,37,142,298496,0.8921175599098206,0.0004092704424510632,9312,0.006492794942460023,-39.8532395362854,0.2462158203125,0.026741087436676025,-0.02546431196242338,0.2,0.017593578,-0.03276766836643219,-2.20407297,1258.0
1961,37,143,299008,0.8920243382453918,0.0004092704424510632,9328,0.23820154857821763,-39.85919511318207,0.2296142578125,0.07679098844528198,-0.02471286876243539,0.2,0.020282805,0.033204443752765656,-2.20407297,1258.0
1960,37,144,299520,0.8922802805900574,0.0004092704424510632,9344,0.028287138586165383,-39.86440598964691,0.220458984375,-6.253419399261475,-0.02178729350271169,0.2,0.020019583,-0.03241715580224991,-2.20478847,1258.0
1958,37,145,300032,0.8925554752349854,0.0004092704424510632,9360,0.19990467373281717,-39.88292634487152,0.21240234375,0.19975489377975464,-0.025455353927100077,0.2,0.024452245,0.04546964168548584,-2.20478847,1258.0
1957,38,146,300544,0.8938925862312317,0.0004092704424510632,9376,0.00575535234020208,-39.909308671951294,0.181396484375,-6.225372314453125,-0.0205609916447429,0.2,0.012303426,-0.023717567324638367,-2.20478847,1258.0
1956,38,147,301056,0.8925015926361084,0.0004092704424510632,9392,0.0071700286061968654,-39.90615797042847,0.251708984375,0.011963903903961182,-0.02587640326237306,0.2,0.017034626,-0.021826282143592834,-2.20630969,1258.0
