time/fps,time/total_timesteps,time/iterations,time/time_elapsed,train/clip_fraction,train/loss,train/learning_rate,train/policy_gradient_loss,train/value_loss,train/std,train/n_updates,train/clip_range,train/entropy_loss,train/explained_variance,train/approx_kl,rollout/ep_len_mean,rollout/ep_rew_mean
4289,512,1,0,,,,,,,,,,,,,
2718,1024,2,0,0.1678466796875,-0.028309648856520653,0.0004092704424510632,-0.017936365446075797,0.23160419429768808,0.9978408813476562,16,0.2,-43.95557224750519,-2.4071450233459473,0.012029782,,
2406,1536,3,0,0.2840576171875,-0.045455481857061386,0.0004092704424510632,-0.026907804945949465,0.0028268662426853552,0.9968462586402893,32,0.2,-43.89920508861542,0.003962337970733643,0.018004188,1223.0,-2.366858
2292,2048,4,0,0.1922607421875,-0.026916474103927612,0.0004092704424510632,-0.022167696908582002,0.0024808623602439184,0.9953759908676147,48,0.2,-43.866260170936584,0.013383626937866211,0.013588697,1223.0,-2.366858
2233,2560,5,1,0.2398681640625,-0.030397696420550346,0.0004092704424510632,-0.02779999509220943,0.0016403927802457474,0.9949290156364441,64,0.2,-43.83207595348358,0.011307060718536377,0.014750269,1223.0,-2.256273
2201,3072,6,1,0.2694091796875,-0.03938322141766548,0.0004092704424510632,-0.02894996116810944,0.0025892838166328147,0.9939406514167786,80,0.2,-43.815492391586304,0.0021517276763916016,0.017127983,1223.0,-2.256273
2181,3584,7,1,0.268798828125,-0.024610746651887894,0.0004092704424510632,-0.0253635033586761,0.0017973272988456301,0.9936729073524475,96,0.2,-43.787997126579285,0.00035059452056884766,0.018528529,1223.0,-2.256273
2165,4096,8,1,0.3018798828125,-0.03555244579911232,0.0004092704424510632,-0.027671320625813678,0.0026460551634954754,0.9949915409088135,112,0.2,-43.80196142196655,0.005394876003265381,0.025851626,1223.0,-2.262935666666667
2150,4608,9,2,0.2598876953125,-0.03470643609762192,0.0004092704424510632,-0.025243348703952506,0.008694810283486731,0.9921039342880249,128,0.2,-43.79355597496033,0.0012227892875671387,0.017095868,1223.0,-2.262935666666667
2136,5120,10,2,0.2427978515625,-0.0385347381234169,0.0004092704424510632,-0.030195922241546214,0.0017872433127195109,0.9911303520202637,144,0.2,-43.71107017993927,0.003146529197692871,0.01780881,1223.0,-2.27605
2126,5632,11,2,0.266845703125,-0.02439584955573082,0.0004092704424510632,-0.025893945145071484,0.01472873572492972,0.9907873868942261,160,0.2,-43.7030668258667,0.0019794702529907227,0.023597702,1223.0,-2.27605
2115,6144,12,2,0.23046875,-0.026099342852830887,0.0004092704424510632,-0.023680590209551156,0.0012727561570500256,0.9905444979667664,176,0.2,-43.69109869003296,0.0026313066482543945,0.015788227,1223.0,-2.2700274
2101,6656,13,3,0.3271484375,-0.04402551427483559,0.0004092704424510632,-0.031649410841055214,0.020474576042033732,0.9897526502609253,192,0.2,-43.67232394218445,0.0018104910850524902,0.02592809,1223.0,-2.2700274
2095,7168,14,3,0.2738037109375,-0.0494866780936718,0.0004092704424510632,-0.03268547399784438,0.0022611297063122038,0.9896439909934998,208,0.2,-43.65785491466522,-0.0003249645233154297,0.020840898,1223.0,-2.2700274
2090,7680,15,3,0.2421875,-0.031390972435474396,0.0004092704424510632,-0.026981864328263327,0.0029077417493681423,0.9892744421958923,224,0.2,-43.65230357646942,0.008900225162506104,0.021799598,1223.0,-2.26304
2080,8192,16,3,0.25634765625,-0.019253209233283997,0.0004092704424510632,-0.025010869780089706,0.03510141687002033,0.987343430519104,240,0.2,-43.61646127700806,0.0030786991119384766,0.020718887,1223.0,-2.26304
2072,8704,17,4,0.1905517578125,-0.042486708611249924,0.0004092704424510632,-0.020748874827404507,0.0013994731507409597,0.9874654412269592,256,0.2,-43.57443392276764,0.04865419864654541,0.014924575,1223.0,-2.2624218571428574
2063,9216,18,4,0.2225341796875,-0.02637803554534912,0.0004092704424510632,-0.024737935324083082,0.03941870899870992,0.9875420331954956,272,0.2,-43.58735930919647,0.006988465785980225,0.020147327,1223.0,-2.2624218571428574
2054,9728,19,4,0.234375,-0.04122074693441391,0.0004092704424510632,-0.027776278817327693,0.0017450182403990766,0.9860826730728149,288,0.2,-43.56580424308777,-0.06292331218719482,0.01762128,1223.0,-2.2624218571428574
2048,10240,20,4,0.216064453125,-0.030863434076309204,0.0004092704424510632,-0.026676809473428875,0.0023088992857083213,0.9854143261909485,304,0.2,-43.521413803100586,0.03567296266555786,0.016642647,1223.0,-2.2554937500000003
2042,10752,21,5,0.318359375,-0.025366343557834625,0.0004092704424510632,-0.032996621856000274,0.047411399078555405,0.9838143587112427,320,0.2,-43.49421226978302,0.005487799644470215,0.03970009,1223.0,-2.2554937500000003
2037,11264,22,5,0.2413330078125,-0.039187781512737274,0.0004092704424510632,-0.024094178195809945,0.002261337656818796,0.9817022085189819,336,0.2,-43.429816365242004,-0.11607968807220459,0.01784059,1223.0,-2.268346
2032,11776,23,5,0.2091064453125,-0.008264193311333656,0.0004092704424510632,-0.021595827885903418,0.0518102248897776,0.9812927842140198,352,0.2,-43.390873432159424,0.0484585165977478,0.019140646,1223.0,-2.268346
2027,12288,24,6,0.2203369140625,-0.03938675671815872,0.0004092704424510632,-0.024940995150245726,0.0033166495159093756,0.9810565710067749,368,0.2,-43.37700068950653,0.047761380672454834,0.015347648,1223.0,-2.2615887
2012,12800,25,6,0.226806640625,-0.0063164737075567245,0.0004092704424510632,-0.025716945368913002,0.06080365285743028,0.9816651940345764,384,0.2,-43.38419580459595,0.05688053369522095,0.017798435,1223.0,-2.2615887
1999,13312,26,6,0.2115478515625,-0.03411838412284851,0.0004092704424510632,-0.025290956895332783,0.004920508210489061,0.9803808927536011,400,0.2,-43.379587173461914,0.01444917917251587,0.018328281,1223.0,-2.2615887
1991,13824,27,6,0.299072265625,-0.04069666564464569,0.0004092704424510632,-0.03138346326886676,0.002621545223519206,0.9794010519981384,416,0.2,-43.33113777637482,0.0018955469131469727,0.024227833,1223.0,-2.2646491818181818
1983,14336,28,7,0.1959228515625,0.006005393341183662,0.0004092704424510632,-0.019285640650196,0.09303219802677631,0.9772220253944397,432,0.2,-43.28781270980835,0.00719529390335083,0.01831077,1223.0,-2.2646491818181818
1977,14848,29,7,0.3177490234375,-0.041433095932006836,0.0004092704424510632,-0.03566920019511599,0.002323829503438901,0.9767611026763916,448,0.2,-43.23449993133545,-0.06761479377746582,0.026451427,1223.0,-2.26444275
1974,15360,30,7,0.2886962890625,-0.019184406846761703,0.0004092704424510632,-0.02977752313017845,0.07286225305870175,0.9761682152748108,464,0.2,-43.22388160228729,0.06120723485946655,0.021190945,1223.0,-2.26444275
1970,15872,31,8,0.2254638671875,-0.04191592335700989,0.0004092704424510632,-0.027566916440264322,0.005405881209298968,0.9734926819801331,480,0.2,-43.16922605037689,0.01308286190032959,0.020521857,1223.0,-2.26444275
1968,16384,32,8,0.247802734375,-0.04323626682162285,0.0004092704424510632,-0.02844639669638127,0.0029480357115971856,0.9748154878616333,496,0.2,-43.13254964351654,0.46989667415618896,0.018888935,1223.0,-2.2620733846153844
1967,16896,33,8,0.2337646484375,-0.0211489200592041,0.0004092704424510632,-0.026944881479721516,0.047059457341674715,0.9773308634757996,512,0.2,-43.20121502876282,0.18866539001464844,0.029341029,1223.0,-2.2620733846153844
1966,17408,34,8,0.1939697265625,-0.04043026268482208,0.0004092704424510632,-0.022792597126681358,0.006897099701745901,0.9762822985649109,528,0.2,-43.234888434410095,-2.409628391265869,0.01822098,1223.0,-2.262477714285714
1964,17920,35,9,0.2225341796875,-0.01822248473763466,0.0004092704424510632,-0.02320354647235945,0.060056593269109726,0.9756326079368591,544,0.2,-43.19276189804077,0.10237056016921997,0.021952469,1223.0,-2.262477714285714
1955,18432,36,9,0.2183837890625,-0.03321884199976921,0.0004092704424510632,-0.024213536686147563,0.003947584373236168,0.9742047786712646,560,0.2,-43.16747450828552,-0.7813647985458374,0.017993648,1223.0,-2.264929533333333
1946,18944,37,9,0.16796875,-0.01760447397828102,0.0004092704424510632,-0.025769336862140335,0.07116548251360655,0.973271906375885,576,0.2,-43.12439036369324,0.19707417488098145,0.02075702,1223.0,-2.264929533333333
1937,19456,38,10,0.199951171875,-0.031648341566324234,0.0004092704424510632,-0.024603107594884932,0.0046989536203909665,0.9754931330680847,592,0.2,-43.13349366188049,-0.8065823316574097,0.016694617,1223.0,-2.264929533333333
1928,19968,39,10,0.205322265625,-0.02738785371184349,0.0004092704424510632,-0.024729161072173156,0.003270812696428038,0.9775139093399048,608,0.2,-43.21432375907898,0.1031981110572815,0.019568319,1223.0,-2.2602189375
1920,20480,40,10,0.2127685546875,-0.023184478282928467,0.0004092704424510632,-0.025037050640094094,0.05073473631637171,0.9782290458679199,624,0.2,-43.250845074653625,0.13510829210281372,0.021520328,1223.0,-2.2602189375
1913,20992,41,10,0.157470703125,-0.028211526572704315,0.0004092704424510632,-0.022421204339480028,0.006748761305061635,0.9750956296920776,640,0.2,-43.220577001571655,-2.379716634750366,0.013330512,1223.0,-2.2664531764705877
1907,21504,42,11,0.1751708984375,-0.007905647158622742,0.0004092704424510632,-0.020377812019432895,0.06840414763428271,0.9742392897605896,656,0.2,-43.13554120063782,0.14477074146270752,0.016527828,1223.0,-2.2664531764705877
1901,22016,43,11,0.2174072265625,-0.03564148023724556,0.0004092704424510632,-0.024878404146875255,0.006250773119973019,0.9756695032119751,672,0.2,-43.1451256275177,-0.3501538038253784,0.016851299,1223.0,-2.2644771666666665
1894,22528,44,11,0.1231689453125,-0.0022698286920785904,0.0004092704424510632,-0.017473637926741503,0.06557579000946134,0.9759688973426819,688,0.2,-43.18728828430176,0.3701953887939453,0.016920999,1223.0,-2.2644771666666665
1888,23040,45,12,0.240478515625,-0.03715882450342178,0.0004092704424510632,-0.025808372331084684,0.005043034929258283,0.9739120006561279,704,0.2,-43.16001272201538,-0.3255140781402588,0.01949248,1223.0,-2.2644771666666665
1882,23552,46,12,0.232177734375,-0.03506889566779137,0.0004092704424510632,-0.028947353595867753,0.003957918066589627,0.9726054072380066,720,0.2,-43.09440016746521,0.04416579008102417,0.02127195,1223.0,-2.263286210526316
1877,24064,47,12,0.266845703125,0.004493243992328644,0.0004092704424510632,-0.023655112978303805,0.07896588300354779,0.9729967713356018,736,0.2,-43.08086609840393,0.23365038633346558,0.018471587,1223.0,-2.263286210526316
1872,24576,48,13,0.23681640625,-0.018641222268342972,0.0004092704424510632,-0.023733018577331677,0.01102905665175058,0.9720633029937744,752,0.2,-43.08069550991058,-0.9631484746932983,0.014614249,1223.0,-2.2602919999999997
1870,25088,49,13,0.1414794921875,0.0020941924303770065,0.0004092704424510632,-0.014261315824114718,0.06142942502629012,0.9723089933395386,768,0.2,-43.05820417404175,0.4661700129508972,0.015282115,1223.0,-2.2602919999999997
1867,25600,50,13,0.301513671875,-0.02479046769440174,0.0004092704424510632,-0.02774235726974439,0.0054228796434472315,0.9724870324134827,784,0.2,-43.072445034980774,-1.1038172245025635,0.023337057,1223.0,-2.2602919999999997
1864,26112,51,14,0.2198486328125,-0.04810971021652222,0.0004092704424510632,-0.026292159396689385,0.0039385549898725,0.9709322452545166,800,0.2,-43.051846742630005,0.16219502687454224,0.01731018,1223.0,-2.2586861428571425
1859,26624,52,14,0.2052001953125,-0.033804893493652344,0.0004092704424510632,-0.024616312453872524,0.0647272381465882,0.9704606533050537,816,0.2,-43.01530563831329,0.2952224016189575,0.020389128,1223.0,-2.2586861428571425
1854,27136,53,14,0.20458984375,-0.024799421429634094,0.0004092704424510632,-0.020145773800322786,0.008000266745511908,0.9701122641563416,832,0.2,-43.00449478626251,-4.598294734954834,0.0151783675,1223.0,-2.2561116818181812
1850,27648,54,14,0.18603515625,-0.005946718156337738,0.0004092704424510632,-0.019359859797987156,0.08946908870711923,0.9699479341506958,848,0.2,-42.99924945831299,0.11767411231994629,0.019359421,1223.0,-2.2561116818181812
1847,28160,55,15,0.232421875,-0.04151858016848564,0.0004092704424510632,-0.02738922173739411,0.006325262256723363,0.9686176776885986,864,0.2,-42.981114983558655,-1.205590009689331,0.019269375,1223.0,-2.254817173913043
1845,28672,56,15,0.157470703125,-0.00478142686188221,0.0004092704424510632,-0.019918562480597757,0.0835940483957529,0.9674587249755859,880,0.2,-42.92889213562012,0.33795028924942017,0.016600523,1223.0,-2.254817173913043
1841,29184,57,15,0.2386474609375,-0.030019156634807587,0.0004092704424510632,-0.027831217012135312,0.00550240929442225,0.9671474695205688,896,0.2,-42.90277349948883,-0.420845627784729,0.016883172,1223.0,-2.254817173913043
1837,29696,58,16,0.25537109375,-0.04214411601424217,0.0004092704424510632,-0.027726766900741495,0.002556567997089587,0.9657995700836182,912,0.2,-42.885013580322266,0.046742379665374756,0.02118653,1223.0,-2.2514256666666665
1833,30208,59,16,0.22119140625,4.659034311771393e-05,0.0004092704424510632,-0.023604587477166206,0.13261758838780224,0.964436411857605,928,0.2,-42.83295392990112,0.0631181001663208,0.020050563,1223.0,-2.2514256666666665
1829,30720,60,16,0.1910400390625,-0.03086741641163826,0.0004092704424510632,-0.023360300867352635,0.0121350394183537,0.9634519815444946,944,0.2,-42.797396540641785,-2.541466474533081,0.019532477,1223.0,-2.24608908
1827,31232,61,17,0.15673828125,0.04668498411774635,0.0004092704424510632,-0.020264183745894115,0.16477760230191052,0.9625435471534729,960,0.2,-42.763882994651794,0.15775978565216064,0.01850041,1223.0,-2.24608908
1825,31744,62,17,0.22314453125,-0.03348773717880249,0.0004092704424510632,-0.025166231716866605,0.014874011394567788,0.9635196328163147,976,0.2,-42.75497603416443,-0.4783623218536377,0.016950507,1223.0,-2.24608908
1822,32256,63,17,0.1976318359375,-0.021579211577773094,0.0004092704424510632,-0.02013827086193487,0.012123017833800986,0.9629107117652893,992,0.2,-42.777832984924316,0.26764172315597534,0.013875447,1223.0,-2.2417337692307693
1820,32768,64,18,0.1981201171875,-0.0034310370683670044,0.0004092704424510632,-0.019950769012211822,0.06620578182628378,0.9617292881011963,1008,0.2,-42.7388778924942,0.5424094200134277,0.020280123,1223.0,-2.2417337692307693
1817,33280,65,18,0.18212890625,-0.02479274943470955,0.0004092704424510632,-0.018612512736581266,0.019123042293358594,0.9621720910072327,1024,0.2,-42.72097086906433,-2.7453603744506836,0.013586,1223.0,-2.2360745555555557
1813,33792,66,18,0.17431640625,0.009680679067969322,0.0004092704424510632,-0.020013848414237145,0.12224278890062124,0.9625658392906189,1040,0.2,-42.74384295940399,0.10537880659103394,0.020858862,1223.0,-2.2360745555555557
1811,34304,67,18,0.2369384765625,-0.029359763488173485,0.0004092704424510632,-0.022603267105296254,0.003906672558514401,0.9636396765708923,1056,0.2,-42.75864255428314,-0.9645241498947144,0.01961054,1223.0,-2.237268892857143
1809,34816,68,19,0.1500244140625,0.02407710626721382,0.0004092704424510632,-0.01833101215015631,0.16615013021510094,0.963843822479248,1072,0.2,-42.78438055515289,0.1629217267036438,0.0124560855,1223.0,-2.237268892857143
1808,35328,69,19,0.2685546875,-0.04574766010046005,0.0004092704424510632,-0.02855892406660132,0.005936624125752132,0.9628781676292419,1088,0.2,-42.76693260669708,-0.9596875905990601,0.026371809,1223.0,-2.237268892857143
1805,35840,70,19,0.2218017578125,-0.029719680547714233,0.0004092704424510632,-0.021994689654093236,0.0029823062286595814,0.9622952342033386,1104,0.2,-42.73625600337982,0.034712374210357666,0.014307129,1223.0,-2.2365391724137935
1802,36352,71,20,0.0882568359375,-0.006970090791583061,0.0004092704424510632,-0.014694151512230746,0.15316819434519857,0.9618124961853027,1120,0.2,-42.71895396709442,0.19457018375396729,0.01451852,1223.0,-2.2365391724137935
1799,36864,72,20,0.23095703125,-0.028468694537878036,0.0004092704424510632,-0.023282864276552573,0.014604834403144196,0.9613141417503357,1136,0.2,-42.702507853507996,-1.7863306999206543,0.017075727,1223.0,-2.234375566666667
1797,37376,73,20,0.1182861328125,0.02565488964319229,0.0004092704424510632,-0.015829348820261657,0.15412710653617978,0.9612482786178589,1152,0.2,-42.69072782993317,0.27830493450164795,0.013141468,1223.0,-2.234375566666667
1795,37888,74,21,0.262451171875,-0.045382995158433914,0.0004092704424510632,-0.02729275576712098,0.013885486638173461,0.9587818384170532,1168,0.2,-42.66014921665192,-1.6833288669586182,0.022904543,1223.0,-2.234375566666667
1794,38400,75,21,0.2593994140625,-0.040728818625211716,0.0004092704424510632,-0.02923360135173425,0.012490686785895377,0.9567418098449707,1184,0.2,-42.56963539123535,0.611752450466156,0.02212062,1223.0,-2.2299301935483875
1792,38912,76,21,0.286376953125,-0.0282040573656559,0.0004092704424510632,-0.027502583630848676,0.04691747936885804,0.9562854170799255,1200,0.2,-42.52993190288544,0.5886240005493164,0.035337716,1223.0,-2.2299301935483875
1790,39424,77,22,0.170166015625,-0.03907233849167824,0.0004092704424510632,-0.021383810497354716,0.009058237686986104,0.9560419321060181,1216,0.2,-42.52504241466522,-5.60380744934082,0.01524441,1223.0,-2.23250378125
1787,39936,78,22,0.1507568359375,0.010657809674739838,0.0004092704424510632,-0.018240509249153547,0.1840421394445002,0.9556030035018921,1232,0.2,-42.51033592224121,0.1091458797454834,0.0131847,1223.0,-2.23250378125
1785,40448,79,22,0.2901611328125,-0.035577401518821716,0.0004092704424510632,-0.029611070232931525,0.005417401669546962,0.9539724588394165,1248,0.2,-42.483649492263794,-1.6149110794067383,0.021501968,1223.0,-2.231648272727273
1784,40960,80,22,0.0902099609375,-0.002298131585121155,0.0004092704424510632,-0.013648318301420659,0.15056026121601462,0.9541600346565247,1264,0.2,-42.45381283760071,0.2749885320663452,0.013320983,1223.0,-2.231648272727273
1783,41472,81,23,0.2156982421875,-0.030884569510817528,0.0004092704424510632,-0.025012981233885512,0.0033729001515894197,0.9544732570648193,1280,0.2,-42.466567158699036,-1.329482078552246,0.01619691,1223.0,-2.231648272727273
1781,41984,82,23,0.241943359375,-0.04105043411254883,0.0004092704424510632,-0.02851683512562886,0.003084386386035476,0.9538804292678833,1296,0.2,-42.462802052497864,0.06250959634780884,0.018014425,1223.0,-2.2324512352941177
1780,42496,83,23,0.0576171875,0.006892796605825424,0.0004092704424510632,-0.014169294503517449,0.2099296888918616,0.9535931348800659,1312,0.2,-42.440892696380615,0.19539731740951538,0.011442212,1223.0,-2.2324512352941177
1778,43008,84,24,0.2294921875,-0.032240305095911026,0.0004092704424510632,-0.025083813728997484,0.007784373825415969,0.9541884064674377,1328,0.2,-42.441232323646545,-3.2963857650756836,0.018213835,1223.0,-2.2320670571428574
1776,43520,85,24,0.10546875,0.01603098213672638,0.0004092704424510632,-0.02067788651038427,0.2667956162476912,0.9540541768074036,1344,0.2,-42.450297832489014,0.17214936017990112,0.01586866,1223.0,-2.2320670571428574
1776,44032,86,24,0.2203369140625,-0.03830978274345398,0.0004092704424510632,-0.024204462228226475,0.01201757209491916,0.9538851380348206,1360,0.2,-42.44317412376404,-0.25250303745269775,0.017286014,1223.0,-2.232028833333333
1776,44544,87,25,0.164794921875,0.010991547256708145,0.0004092704424510632,-0.022618738941673655,0.19269002345390618,0.9540840983390808,1376,0.2,-42.43882668018341,0.5291524529457092,0.021972429,1223.0,-2.232028833333333
1776,45056,88,25,0.2164306640625,-0.03210199624300003,0.0004092704424510632,-0.02456215123675065,0.006413969735149294,0.9556270241737366,1392,0.2,-42.46171844005585,-0.9943944215774536,0.015091801,1223.0,-2.232028833333333
1776,45568,89,25,0.23291015625,-0.03268470615148544,0.0004092704424510632,-0.028697351313894615,0.0028735678242810536,0.9566670060157776,1408,0.2,-42.509148359298706,0.03636986017227173,0.02030315,1223.0,-2.2315837297297296
1776,46080,90,25,0.0460205078125,0.008760333061218262,0.0004092704424510632,-0.010493618130567484,0.2850978181231767,0.9568766951560974,1424,0.2,-42.5216246843338,0.2643536925315857,0.009611083,1223.0,-2.2315837297297296
1777,46592,91,26,0.2193603515625,-0.03847832232713699,0.0004092704424510632,-0.027515578491147608,0.0056622227566549554,0.9579679369926453,1440,0.2,-42.53107941150665,-1.7997262477874756,0.017467674,1223.0,-2.229415447368421
1775,47104,92,26,0.0723876953125,0.023920491337776184,0.0004092704424510632,-0.015597016892570537,0.3327290080487728,0.9586663246154785,1456,0.2,-42.55937600135803,0.3196072578430176,0.014640928,1223.0,-2.229415447368421
1774,47616,93,26,0.2098388671875,-0.03557959944009781,0.0004092704424510632,-0.025044229900231585,0.005778572798590176,0.9582362174987793,1472,0.2,-42.56547677516937,-0.4105342626571655,0.0173381,1223.0,-2.229415447368421
1773,48128,94,27,0.2169189453125,-0.024643700569868088,0.0004092704424510632,-0.022600907992455177,0.006016796818585135,0.9590055346488953,1488,0.2,-42.573524951934814,0.26064532995224,0.014340173,1223.0,-2.2311713076923074
1772,48640,95,27,0.0740966796875,-0.014120742678642273,0.0004092704424510632,-0.013860606879461557,0.14519573166035116,0.9588649272918701,1504,0.2,-42.58518958091736,0.4507244825363159,0.013953233,1223.0,-2.2311713076923074
1770,49152,96,27,0.25732421875,-0.032180797308683395,0.0004092704424510632,-0.02590670745121315,0.01978841415257193,0.960283637046814,1520,0.2,-42.59556770324707,-4.991608619689941,0.02168815,1223.0,-2.227542725
1769,49664,97,28,0.1212158203125,0.028941737487912178,0.0004092704424510632,-0.0109706315852236,0.4446949837729335,0.9603537321090698,1536,0.2,-42.63319993019104,0.05793595314025879,0.01130053,1223.0,-2.227542725
1767,50176,98,28,0.203125,-0.02162863314151764,0.0004092704424510632,-0.021359689271776006,0.014166372013278306,0.9605462551116943,1552,0.2,-42.62788164615631,-1.7598955631256104,0.0172307,1223.0,-2.223818292682927
1767,50688,99,28,0.0660400390625,0.022544866427779198,0.0004092704424510632,-0.012743728802888654,0.36503563402220607,0.9605312347412109,1568,0.2,-42.63151240348816,0.3218408226966858,0.009664698,1223.0,-2.223818292682927
1766,51200,100,28,0.2388916015625,-0.037666674703359604,0.0004092704424510632,-0.02662917078123428,0.003995882383605931,0.9618785977363586,1584,0.2,-42.64306116104126,-1.0541610717773438,0.018450066,1223.0,-2.223818292682927
1765,51712,101,29,0.2821044921875,-0.035147394984960556,0.0004092704424510632,-0.029811413085553795,0.0031150234935921617,0.9606232643127441,1600,0.2,-42.65766930580139,0.18281805515289307,0.021738652,1223.0,-2.2235723571428574
1763,52224,102,29,0.033203125,0.01766572892665863,0.0004092704424510632,-0.009752645317348652,0.2883175937458873,0.9601539969444275,1616,0.2,-42.614559173583984,0.28782200813293457,0.007832545,1223.0,-2.2235723571428574
1762,52736,103,29,0.23291015625,-0.03516915440559387,0.0004092704424510632,-0.02234174110344611,0.012952812583534978,0.9597757458686829,1632,0.2,-42.60840344429016,-3.362450122833252,0.019737236,1223.0,-2.221403930232558
1761,53248,104,30,0.055908203125,0.027393970638513565,0.0004092704424510632,-0.012253808657987975,0.5428375536575913,0.9594908356666565,1648,0.2,-42.593005657196045,0.17322635650634766,0.011497039,1223.0,-2.221403930232558
1760,53760,105,30,0.241943359375,-0.027091048657894135,0.0004092704424510632,-0.025157958938507363,0.024257726385258138,0.9593057036399841,1664,0.2,-42.59030866622925,0.16793668270111084,0.022220094,1223.0,-2.221403930232558
1759,54272,106,30,0.2451171875,-0.023899678140878677,0.0004092704424510632,-0.027038612781325355,0.032068256579805166,0.9613975882530212,1680,0.2,-42.60789501667023,0.4926334023475647,0.018507551,1223.0,-2.2227619545454544
1758,54784,107,31,0.0977783203125,-0.025828387588262558,0.0004092704424510632,-0.020106635201955214,0.09763446857687086,0.9617397785186768,1696,0.2,-42.66827034950256,0.7058125734329224,0.017984033,1223.0,-2.2227619545454544
1756,55296,108,31,0.202392578125,-0.02576492540538311,0.0004092704424510632,-0.02243781808647327,0.02225909210392274,0.9606198072433472,1712,0.2,-42.64213824272156,-3.044229030609131,0.017772596,1223.0,-2.224068911111111
1755,55808,109,31,0.092041015625,0.021947652101516724,0.0004092704424510632,-0.01402792095177574,0.38174377009272575,0.9605014324188232,1728,0.2,-42.62051713466644,0.10206025838851929,0.010456694,1223.0,-2.224068911111111
1753,56320,110,32,0.210693359375,-0.027705706655979156,0.0004092704424510632,-0.021269065386150032,0.010050077995401807,0.9599626660346985,1744,0.2,-42.61704659461975,-1.76318359375,0.021043487,1223.0,-2.2281184130434784
1753,56832,111,32,0.076904296875,0.03313356637954712,0.0004092704424510632,-0.0129605506954249,0.2433841247111559,0.959792971611023,1760,0.2,-42.59650802612305,0.4205579161643982,0.011865659,1223.0,-2.2281184130434784
1752,57344,112,32,0.2838134765625,-0.04143393412232399,0.0004092704424510632,-0.03227640633122064,0.003296190006949473,0.9601927995681763,1776,0.2,-42.59837067127228,-0.8736786842346191,0.019118816,1223.0,-2.2281184130434784
1751,57856,113,33,0.2025146484375,-0.03265015035867691,0.0004092704424510632,-0.02212385745951906,0.002844188373273937,0.9621167778968811,1792,0.2,-42.62260448932648,0.10964703559875488,0.013727445,1223.0,-2.2256159574468084
1750,58368,114,33,0.046142578125,0.012386946007609367,0.0004092704424510632,-0.012132126590586267,0.30102638923563063,0.9628901481628418,1808,0.2,-42.670456409454346,0.25559473037719727,0.008585258,1223.0,-2.2256159574468084
1749,58880,115,33,0.2724609375,-0.03767901659011841,0.0004092704424510632,-0.028725404175929725,0.012375160687952302,0.9606475234031677,1824,0.2,-42.646668910980225,-2.65865159034729,0.030750759,1223.0,-2.2289595416666663
1748,59392,116,33,0.0501708984375,0.04713253304362297,0.0004092704424510632,-0.009665141595178284,0.3859022632241249,0.9602411985397339,1840,0.2,-42.58839547634125,0.30614417791366577,0.008888423,1223.0,-2.2289595416666663
1747,59904,117,34,0.2144775390625,-0.04693961888551712,0.0004092704424510632,-0.02598759121610783,0.0066103293356718495,0.9611631631851196,1856,0.2,-42.60210704803467,-1.3337974548339844,0.015599456,1223.0,-2.2289595416666663
1746,60416,118,34,0.202392578125,-0.037613850086927414,0.0004092704424510632,-0.02492780878674239,0.018251782399602234,0.9634132385253906,1872,0.2,-42.649858474731445,0.6183024048805237,0.014195859,1223.0,-2.2281289795918364
1745,60928,119,34,0.2049560546875,-0.016449877992272377,0.0004092704424510632,-0.02075901158968918,0.1646233646897599,0.9639613032341003,1888,0.2,-42.700652837753296,0.49054670333862305,0.02089022,1223.0,-2.2281289795918364
1745,61440,120,35,0.17626953125,-0.0369323268532753,0.0004092704424510632,-0.0192133193340851,0.01131822491879575,0.9617835879325867,1904,0.2,-42.67396795749664,-5.402725696563721,0.016266193,1223.0,-2.2253310999999996
1743,61952,121,35,0.0531005859375,0.010429460555315018,0.0004092704424510632,-0.012512287372373976,0.4427558179013431,0.9608299136161804,1920,0.2,-42.61550974845886,0.14074087142944336,0.010867354,1223.0,-2.2253310999999996
1743,62464,122,35,0.234375,-0.033095505088567734,0.0004092704424510632,-0.027763369056629017,0.008752177280257456,0.960932195186615,1936,0.2,-42.60436141490936,-1.452786922454834,0.018572476,1223.0,-2.2228686862745097
1742,62976,123,36,0.076904296875,0.047003380954265594,0.0004092704424510632,-0.011865984226460569,0.3111366934608668,0.9607313275337219,1952,0.2,-42.6098335981369,0.4525901675224304,0.010909665,1223.0,-2.2228686862745097
1742,63488,124,36,0.2623291015625,-0.01132384967058897,0.0004092704424510632,-0.022431397504988126,0.0075935517670586705,0.9594698548316956,1968,0.2,-42.58647418022156,-2.8139593601226807,0.021075899,1223.0,-2.2228686862745097
1741,64000,125,36,0.2938232421875,-0.0292339064180851,0.0004092704424510632,-0.029508300736779347,0.0023487927064707037,0.9585441946983337,1984,0.2,-42.55097448825836,0.10022008419036865,0.019979171,1223.0,-2.2243487307692305
1740,64512,126,37,0.1422119140625,-0.01303933933377266,0.0004092704424510632,-0.016201473103137687,0.32302348210942,0.957879900932312,2000,0.2,-42.52787661552429,0.26957595348358154,0.015377732,1223.0,-2.2243487307692305
1739,65024,127,37,0.27978515625,-0.03572670742869377,0.0004092704424510632,-0.024800962113658898,0.008978967234725133,0.957237958908081,2016,0.2,-42.504693150520325,-5.278443813323975,0.020531096,1223.0,-2.2232378113207543
1738,65536,128,37,0.0435791015625,0.047497887164354324,0.0004092704424510632,-0.007613475769176148,0.6416583047248423,0.9569767117500305,2032,0.2,-42.48772192001343,0.17500871419906616,0.0095479665,1223.0,-2.2232378113207543
1738,66048,129,38,0.3409423828125,-0.04480276256799698,0.0004092704424510632,-0.03520484277396463,0.010945376750896685,0.9553616046905518,2048,0.2,-42.46569347381592,-0.6948647499084473,0.026587112,1223.0,-2.22386987037037
1737,66560,130,38,0.12548828125,0.036570530384778976,0.0004092704424510632,-0.013822987588355318,0.5147263882681727,0.9546210169792175,2064,0.2,-42.42090916633606,0.3914008140563965,0.0124773085,1223.0,-2.22386987037037
1737,67072,131,38,0.3218994140625,-0.04217416048049927,0.0004092704424510632,-0.026340279349824414,0.004186296748230234,0.9540123343467712,2080,0.2,-42.40515911579132,-1.2927660942077637,0.030297522,1223.0,-2.22386987037037
1736,67584,132,38,0.25048828125,-0.019265146926045418,0.0004092704424510632,-0.020543272243230604,0.003850963621516712,0.9535586833953857,2096,0.2,-42.38544571399689,0.1185922622680664,0.020193074,1223.0,-2.2243805090909086
1735,68096,133,39,0.141357421875,0.03757430985569954,0.0004092704424510632,-0.011455030587967485,0.3893148903734982,0.9533484578132629,2112,0.2,-42.37778294086456,0.32392340898513794,0.009728884,1223.0,-2.2243805090909086
1734,68608,134,39,0.2855224609375,-0.028785260394215584,0.0004092704424510632,-0.02817778819007799,0.010965596899040975,0.953703761100769,2128,0.2,-42.37715697288513,-3.6310367584228516,0.02514685,1223.0,-2.224614857142857
1734,69120,135,39,0.0677490234375,0.035508349537849426,0.0004092704424510632,-0.008995919837616384,0.4503115527331829,0.9537540078163147,2144,0.2,-42.3870815038681,0.2946166396141052,0.008895627,1223.0,-2.224614857142857
1733,69632,136,40,0.2515869140625,-0.04403403028845787,0.0004092704424510632,-0.029705177876167,0.007219296123366803,0.9523431062698364,2160,0.2,-42.36255121231079,-0.4830665588378906,0.019761879,1223.0,-2.224614857142857
1733,70144,137,40,0.2591552734375,-0.04132268577814102,0.0004092704424510632,-0.02867819558014162,0.006142833051853813,0.9509724974632263,2176,0.2,-42.31121790409088,0.375235378742218,0.02118225,1223.0,-2.2261988245614033
1733,70656,138,40,0.0599365234375,0.0149953942745924,0.0004092704424510632,-0.012007828947389498,0.3225327015388757,0.9502845406532288,2192,0.2,-42.28045380115509,0.5104894042015076,0.012451912,1223.0,-2.2261988245614033
1732,71168,139,41,0.33642578125,-0.04971917346119881,0.0004092704424510632,-0.03590322216041386,0.010169472705456428,0.9508664011955261,2208,0.2,-42.27503800392151,-6.153135776519775,0.026550919,1223.0,-2.228738775862069
1732,71680,140,41,0.0562744140625,0.09952884167432785,0.0004092704424510632,-0.010362071174313314,0.7107026216108352,0.9512620568275452,2224,0.2,-42.29963839054108,0.18025118112564087,0.011147497,1223.0,-2.228738775862069
1731,72192,141,41,0.2255859375,-0.03445400297641754,0.0004092704424510632,-0.025317676831036806,0.009735533021739684,0.9497452974319458,2240,0.2,-42.283355712890625,-1.391594648361206,0.019207027,1223.0,-2.2296996440677965
1730,72704,142,42,0.09033203125,0.14446163177490234,0.0004092704424510632,-0.009929285108228214,0.7978466292843223,0.9491758942604065,2256,0.2,-42.23677456378937,0.29522764682769775,0.014551622,1223.0,-2.2296996440677965
1730,73216,143,42,0.3052978515625,-0.039416126906871796,0.0004092704424510632,-0.03513759683119133,0.009259820522856899,0.948890745639801,2272,0.2,-42.22825908660889,-0.7161786556243896,0.027723258,1223.0,-2.2296996440677965
1730,73728,144,42,0.2618408203125,-0.0378037691116333,0.0004092704424510632,-0.02642748325888533,0.0025963954867620487,0.9498198628425598,2288,0.2,-42.23066520690918,0.0596504807472229,0.023133378,1223.0,-2.2270094166666667
1730,74240,145,42,0.038818359375,0.04241763427853584,0.0004092704424510632,-0.007901053395471536,0.645930532598868,0.9502317905426025,2304,0.2,-42.25591039657593,0.2616073489189148,0.007453859,1223.0,-2.2270094166666667
1729,74752,146,43,0.2398681640625,-0.032768137753009796,0.0004092704424510632,-0.02467757906561019,0.0199897299753502,0.9497144222259521,2320,0.2,-42.25318121910095,-3.889678478240967,0.03116243,1223.0,-2.228044737704918
1728,75264,147,43,0.008544921875,0.06989152729511261,0.0004092704424510632,-0.005264972860459238,0.7560226605273783,0.9495863914489746,2336,0.2,-42.23369109630585,0.31509673595428467,0.004925021,1223.0,-2.228044737704918
4124,75776,1,0,0.2022705078125,-0.021695567294955254,0.0004092704424510632,-0.02039510471513495,0.04061685688793659,0.9488258957862854,2352,0.2,-42.22967982292175,0.2630614638328552,0.014541036,1223.0,-2.228044737704918
2437,76288,2,0,0.147705078125,0.060313474386930466,0.0004092704424510632,-0.018906284123659134,0.22749573038890958,0.9480118155479431,2368,0.2,-42.19704568386078,0.6153125762939453,0.015341058,1223.0,-2.2308341935483873
2134,76800,3,0,0.1197509765625,-0.011046871542930603,0.0004092704424510632,-0.016007347505365033,0.08355765446322039,0.9470422863960266,2384,0.2,-42.17564606666565,0.9243890643119812,0.016585805,1223.0,-2.2308341935483873
1990,77312,4,1,0.2132568359375,-0.0268365778028965,0.0004092704424510632,-0.023834304010961205,0.027283736533718184,0.9452897906303406,2400,0.2,-42.12770879268646,-6.55025577545166,0.022295797,1223.0,-2.2308639523809526
1905,77824,5,1,0.082763671875,0.09819004684686661,0.0004092704424510632,-0.01248966809362173,0.6677405105438083,0.9447293281555176,2416,0.2,-42.08546006679535,0.15662658214569092,0.009880429,1223.0,-2.2308639523809526
1856,78336,6,1,0.2540283203125,-0.03743506968021393,0.0004092704424510632,-0.02885169509681873,0.007060617572278716,0.9452798962593079,2432,0.2,-42.08583688735962,-0.9872223138809204,0.01832356,1223.0,-2.231409046875
1827,78848,7,1,0.0478515625,0.05261460691690445,0.0004092704424510632,-0.0113597160379868,0.5043916823342443,0.9455730319023132,2448,0.2,-42.109395146369934,0.38141465187072754,0.00829258,1223.0,-2.231409046875
1807,79360,8,2,0.22509765625,-0.024714505299925804,0.0004092704424510632,-0.023206400132039562,0.004676247750467155,0.9437319040298462,2464,0.2,-42.08590054512024,-0.7083456516265869,0.015900288,1223.0,-2.231409046875
1795,79872,9,2,0.25537109375,-0.03798617795109749,0.0004092704424510632,-0.02788151049753651,0.004874755926721264,0.9426857233047485,2480,0.2,-42.027950048446655,0.12951993942260742,0.016054105,1223.0,-2.232043784615385
1782,80384,10,2,0.0811767578125,0.031041622161865234,0.0004092704424510632,-0.013920326018705964,0.4032528209500015,0.9426868557929993,2496,0.2,-42.009016156196594,0.4000469446182251,0.010554888,1223.0,-2.232043784615385
1766,80896,11,3,0.30078125,-0.035620853304862976,0.0004092704424510632,-0.03140890787472017,0.01305754014174454,0.9420667886734009,2512,0.2,-42.002147912979126,-2.9262516498565674,0.02494251,1223.0,-2.2311490454545457
1752,81408,12,3,0.05224609375,0.11657164990901947,0.0004092704424510632,-0.010385084489826113,0.5175784290768206,0.9417997002601624,2528,0.2,-41.98052525520325,0.38832008838653564,0.0102941925,1223.0,-2.2311490454545457
1742,81920,13,3,0.2001953125,-0.02487313188612461,0.0004092704424510632,-0.020646509947255254,0.007196950537036173,0.9427438378334045,2544,0.2,-41.987616777420044,-1.188431739807129,0.018084787,1223.0,-2.2311490454545457
1736,82432,14,4,0.2061767578125,-0.03977931663393974,0.0004092704424510632,-0.024747423187363893,0.019019300147192553,0.941327691078186,2560,0.2,-41.98657464981079,0.6052640080451965,0.01895436,1223.0,-2.229684402985075
1731,82944,15,4,0.24072265625,-0.012735111638903618,0.0004092704424510632,-0.02393666330317501,0.368890511803329,0.9411987662315369,2576,0.2,-41.94467341899872,0.44873374700546265,0.0212591,1223.0,-2.229684402985075
1726,83456,16,4,0.1949462890625,-0.015569893643260002,0.0004092704424510632,-0.021041462736320682,0.024744625407038257,0.9400399327278137,2592,0.2,-41.93871879577637,-9.421427726745605,0.017684598,1223.0,-2.2291062205882355
1719,83968,17,5,0.0472412109375,0.17913536727428436,0.0004092704424510632,-0.012467438878957182,0.8422965570352972,0.9394984245300293,2608,0.2,-41.90206968784332,0.12289029359817505,0.008545768,1223.0,-2.2291062205882355
1715,84480,18,5,0.2652587890625,-0.02530641108751297,0.0004092704424510632,-0.025640140665927902,0.004187018224911299,0.9402051568031311,2624,0.2,-41.90188431739807,-1.043020248413086,0.019379806,1223.0,-2.2263616811594207
1712,84992,19,5,0.068359375,0.02228514850139618,0.0004092704424510632,-0.013794744852930307,0.5282886289060116,0.940637469291687,2640,0.2,-41.92122197151184,0.34406566619873047,0.011818061,1223.0,-2.2263616811594207
1709,85504,20,5,0.3460693359375,-0.023470886051654816,0.0004092704424510632,-0.036332434276118875,0.009291945432778448,0.9398185014724731,2656,0.2,-41.912877440452576,-0.23148059844970703,0.026619606,1223.0,-2.2263616811594207
1707,86016,21,6,0.2291259765625,-0.03543869033455849,0.0004092704424510632,-0.02285614245920442,0.00749106147850398,0.9408816695213318,2672,0.2,-41.905734062194824,0.22766971588134766,0.017343704,1223.0,-2.2257482571428575
1703,86528,22,6,0.0458984375,0.021934382617473602,0.0004092704424510632,-0.010056765662739053,0.39382431912235916,0.9410781264305115,2688,0.2,-41.942569732666016,0.5335116386413574,0.009618519,1223.0,-2.2257482571428575
1701,87040,23,6,0.2459716796875,-0.03351573273539543,0.0004092704424510632,-0.024684164498467,0.01796110105351545,0.9406258463859558,2704,0.2,-41.93432950973511,-6.220757484436035,0.027566135,1223.0,-2.226367436619719
1699,87552,24,7,0.056884765625,0.04644863307476044,0.0004092704424510632,-0.01356754691369133,0.8096916768699884,0.9405398368835449,2720,0.2,-41.930450558662415,0.23046034574508667,0.01078931,1223.0,-2.226367436619719
1698,88064,25,7,0.1571044921875,-0.03516364097595215,0.0004092704424510632,-0.018464308348484337,0.00903832352196332,0.9411555528640747,2736,0.2,-41.94075000286102,-0.7266650199890137,0.013109618,1223.0,-2.2231596666666666
1696,88576,26,7,0.0118408203125,0.08133495599031448,0.0004092704424510632,-0.00717438937863335,0.6146455612033606,0.9414302110671997,2752,0.2,-41.95993936061859,0.5155876874923706,0.004572615,1223.0,-2.2231596666666666
1694,89088,27,8,0.2696533203125,-0.0400797463953495,0.0004092704424510632,-0.027407078916439787,0.004743751800560858,0.9396165013313293,2768,0.2,-41.93742001056671,-1.0785462856292725,0.019099498,1223.0,-2.2231596666666666
1692,89600,28,8,0.2027587890625,-0.03282027691602707,0.0004092704424510632,-0.02234053341089748,0.007081951451255009,0.9397466778755188,2784,0.2,-41.89425432682037,0.2297651171684265,0.013229455,1223.0,-2.222321054794521
1691,90112,29,8,0.0269775390625,0.05336036533117294,0.0004092704424510632,-0.0075860087818000466,0.5263347532600164,0.9397544264793396,2800,0.2,-41.90609860420227,0.5902281999588013,0.007261304,1223.0,-2.222321054794521
1690,90624,30,9,0.2598876953125,-0.026238150894641876,0.0004092704424510632,-0.024335558555321768,0.013897087555960752,0.9383987784385681,2816,0.2,-41.888431549072266,-4.561764240264893,0.02730662,1223.0,-2.2222547162162165
1689,91136,31,9,0.049072265625,0.04356805980205536,0.0004092704424510632,-0.008553175888664555,0.628607451915741,0.9380249977111816,2832,0.2,-41.853143095970154,0.3587387800216675,0.008496752,1223.0,-2.2222547162162165
1688,91648,32,9,0.2008056640625,-0.02670888602733612,0.0004092704424510632,-0.021940132923191413,0.003325908779515885,0.9378030896186829,2848,0.2,-41.85178184509277,-0.49576306343078613,0.013803504,1223.0,-2.2222547162162165
1686,92160,33,10,0.2413330078125,-0.03447750210762024,0.0004092704424510632,-0.02739016228588298,0.0029384862900769804,0.9379475116729736,2864,0.2,-41.84960615634918,0.1881392002105713,0.014599142,1223.0,-2.220954013333334
1686,92672,34,10,0.0784912109375,0.024613700807094574,0.0004092704424510632,-0.009216928025125526,0.6218155135866255,0.9380759000778198,2880,0.2,-41.857194781303406,0.17949670553207397,0.009725219,1223.0,-2.220954013333334
1686,93184,35,10,0.3192138671875,-0.03171848878264427,0.0004092704424510632,-0.029183972073951736,0.006177961033245083,0.9394575357437134,2896,0.2,-41.87919056415558,-6.369764804840088,0.027243594,1223.0,-2.2192015000000005
1684,93696,36,10,0.0372314453125,0.06028320640325546,0.0004092704424510632,-0.00931511921226047,0.8387665506452322,0.9397615194320679,2912,0.2,-41.91863930225372,0.1584445834159851,0.006340199,1223.0,-2.2192015000000005
1683,94208,37,11,0.21533203125,-0.03655543923377991,0.0004092704424510632,-0.02261956038637436,0.004965285144862719,0.9385315775871277,2928,0.2,-41.89861345291138,-2.057299852371216,0.016963184,1223.0,-2.218049415584416
1683,94720,38,11,0.0941162109375,0.06677386909723282,0.0004092704424510632,-0.008216425572754815,0.7063628355972469,0.9381884336471558,2944,0.2,-41.869057416915894,0.42145103216171265,0.008172955,1223.0,-2.218049415584416
1682,95232,39,11,0.2572021484375,-0.04401492327451706,0.0004092704424510632,-0.024118370900396258,0.004202795033052098,0.9398115873336792,2960,0.2,-41.88551902770996,-0.5991033315658569,0.017295016,1223.0,-2.218049415584416
1682,95744,40,12,0.25634765625,-0.03491254150867462,0.0004092704424510632,-0.02382073929766193,0.003176027828885708,0.9394156336784363,2976,0.2,-41.91837513446808,-0.19066321849822998,0.018969899,1223.0,-2.217953064102564
1681,96256,41,12,0.0635986328125,0.07837307453155518,0.0004092704424510632,-0.008409584072069265,0.6925405960064381,0.939278781414032,2992,0.2,-41.896610736846924,0.3558521866798401,0.008473058,1223.0,-2.217953064102564
1680,96768,42,12,0.2786865234375,-0.03128335624933243,0.0004092704424510632,-0.02617215976351872,0.010391139920102432,0.9390678405761719,3008,0.2,-41.892690896987915,-4.558344841003418,0.022593245,1223.0,-2.218359556962026
1679,97280,43,13,0.0279541015625,0.060990601778030396,0.0004092704424510632,-0.003714376056450419,0.7784622963517904,0.9389384388923645,3024,0.2,-41.88734781742096,0.3194654583930969,0.006801663,1223.0,-2.218359556962026
1677,97792,44,13,0.295166015625,-0.043561991304159164,0.0004092704424510632,-0.030123268166789785,0.007839848592993803,0.9379623532295227,3040,0.2,-41.871408104896545,0.102139413356781,0.020431241,1223.0,-2.218359556962026
1677,98304,45,13,0.24951171875,-0.012198645621538162,0.0004092704424510632,-0.02499911517952569,0.05943509191274643,0.9354652762413025,3056,0.2,-41.81447756290436,0.6972987055778503,0.025088578,1223.0,-2.2159614999999997
1677,98816,46,14,0.0692138671875,-0.006454886868596077,0.0004092704424510632,-0.01468804788601119,0.33234840095974505,0.9343339204788208,3072,0.2,-41.7485226392746,0.5853450298309326,0.01924394,1223.0,-2.2159614999999997
1677,99328,47,14,0.2608642578125,-0.03257366642355919,0.0004092704424510632,-0.024248113088106038,0.02128351604915224,0.9332959651947021,3088,0.2,-41.716177344322205,-5.756580352783203,0.019718466,1223.0,-2.2161017283950617
1677,99840,48,14,0.0843505859375,0.08264388144016266,0.0004092704424510632,-0.017096259092795663,0.6536236244719476,0.9329850077629089,3104,0.2,-41.6899539232254,0.17974817752838135,0.01484815,1223.0,-2.2161017283950617
1676,100352,49,14,0.2493896484375,-0.031797707080841064,0.0004092704424510632,-0.028349821179290302,0.0032585938497504685,0.9321065545082092,3120,0.2,-41.67211830615997,-1.628828763961792,0.021528969,1223.0,-2.2152076097560975
1675,100864,50,15,0.04248046875,0.0747046023607254,0.0004092704424510632,-0.007771470409352332,0.6499577551148832,0.9319317936897278,3136,0.2,-41.64687669277191,0.49390774965286255,0.011663275,1223.0,-2.2152076097560975
1675,101376,51,15,0.27685546875,-0.038812458515167236,0.0004092704424510632,-0.027613841055426747,0.00975267965986859,0.9302518367767334,3152,0.2,-41.620678067207336,-0.42570531368255615,0.016880302,1223.0,-2.2152076097560975
1674,101888,52,15,0.3018798828125,-0.04931172728538513,0.0004092704424510632,-0.033611823615501635,0.0037144263842492364,0.9296436905860901,3168,0.2,-41.57465052604675,0.1681162714958191,0.019805254,1223.0,-2.2132518674698796
1678,102400,53,16,0.056640625,0.02348248101770878,0.0004092704424510632,-0.011272799180005677,0.4324924985412508,0.9295806288719177,3184,0.2,-41.57049524784088,0.47434067726135254,0.011860982,1223.0,-2.2132518674698796
1682,102912,54,16,0.2679443359375,-0.03143846243619919,0.0004092704424510632,-0.02742041484452784,0.03573536337353289,0.9298797845840454,3200,0.2,-41.57127022743225,-4.101125240325928,0.024346225,1223.0,-2.2121085833333334
1685,103424,55,16,0.0880126953125,0.06832326203584671,0.0004092704424510632,-0.01280205357761588,0.7602174603380263,0.9299526810646057,3216,0.2,-41.5762894153595,0.21545767784118652,0.009822192,1223.0,-2.2121085833333334
1689,103936,56,16,0.3084716796875,-0.023303281515836716,0.0004092704424510632,-0.026428143755765632,0.007554020281531848,0.9305249452590942,3232,0.2,-41.58475172519684,-0.4508047103881836,0.02572104,1223.0,-2.2121085833333334
1693,104448,57,17,0.114013671875,0.023422403261065483,0.0004092704424510632,-0.01678891116171144,0.1598718927707523,0.9299063086509705,3248,0.2,-41.588111996650696,0.6982024908065796,0.017416773,1223.0,-2.209464788235294
1698,104960,58,17,0.2615966796875,-0.026744555681943893,0.0004092704424510632,-0.023368607100564986,0.04842831363203004,0.9300279021263123,3264,0.2,-41.56918501853943,0.8657318353652954,0.041636087,1223.0,-2.209464788235294
1703,105472,59,17,0.21923828125,-0.026434097439050674,0.0004092704424510632,-0.02250484084652271,0.013346555570024066,0.9297078251838684,3280,0.2,-41.57565772533417,-7.902403831481934,0.016474998,1223.0,-2.2095201046511628
1707,105984,60,17,0.0482177734375,0.13151998817920685,0.0004092704424510632,-0.009499451756710187,0.8130307840183377,0.9294418096542358,3296,0.2,-41.55919706821442,0.26542359590530396,0.0119920615,1223.0,-2.2095201046511628
1711,106496,61,18,0.27490234375,-0.04094202443957329,0.0004092704424510632,-0.02644132712157443,0.012388281669700518,0.9305875301361084,3312,0.2,-41.57034981250763,-1.1969947814941406,0.02655589,1223.0,-2.2096206206896554
1714,107008,62,18,0.1676025390625,0.08057498931884766,0.0004092704424510632,-0.02207992985495366,0.5141423190943897,0.9309154152870178,3328,0.2,-41.59864592552185,0.6151344776153564,0.007903528,1223.0,-2.2096206206896554
1718,107520,63,18,0.29296875,-0.014675246551632881,0.0004092704424510632,-0.025298546184785664,0.01808422993053682,0.9303592443466187,3344,0.2,-41.59673047065735,-0.25024688243865967,0.021671362,1223.0,-2.2096206206896554
1721,108032,64,19,0.3121337890625,-0.03812520205974579,0.0004092704424510632,-0.033682790090097114,0.013756644388195127,0.929330587387085,3360,0.2,-41.57684397697449,0.32817542552948,0.028332151,1223.0,-2.2080572386363637
1723,108544,65,19,0.02587890625,0.006510643288493156,0.0004092704424510632,-0.007550469308625907,0.4823663023998961,0.9289451837539673,3376,0.2,-41.5480580329895,0.6025601625442505,0.007750622,1223.0,-2.2080572386363637
1726,109056,66,19,0.2474365234375,-0.03389749675989151,0.0004092704424510632,-0.028253440323169343,0.03320655267452821,0.9295300841331482,3392,0.2,-41.54402136802673,-3.3019957542419434,0.019919395,1223.0,-2.205813988764045
1729,109568,67,19,0.0438232421875,0.0801805704832077,0.0004092704424510632,-0.006488343293312937,0.9867177677806467,0.9296122193336487,3408,0.2,-41.56005609035492,0.16226249933242798,0.0069334945,1223.0,-2.205813988764045
1731,110080,68,20,0.250732421875,-0.03719722107052803,0.0004092704424510632,-0.024742423905991018,0.004739929761854,0.9283394813537598,3424,0.2,-41.53552746772766,-1.090791940689087,0.018642612,1223.0,-2.2054917666666665
1734,110592,69,20,0.013427734375,0.09322282671928406,0.0004092704424510632,-0.0052579126204364,0.7582733533345163,0.9278706908226013,3440,0.2,-41.50533390045166,0.6099975109100342,0.007579605,1223.0,-2.2054917666666665
1736,111104,70,20,0.282958984375,-0.031141627579927444,0.0004092704424510632,-0.03125804418232292,0.004598580984747969,0.9269166588783264,3456,0.2,-41.48374021053314,-1.632181167602539,0.023926467,1223.0,-2.2054917666666665
1737,111616,71,20,0.2449951171875,-0.03792468458414078,0.0004092704424510632,-0.026057500479510054,0.002938156671007164,0.9277358055114746,3472,0.2,-41.46594154834747,0.06500262022018433,0.015003147,1223.0,-2.2044567692307693
1739,112128,72,21,0.015869140625,0.04193836450576782,0.0004092704424510632,-0.008874601568095386,0.4774036903399974,0.9281142354011536,3488,0.2,-41.49339735507965,0.4627077579498291,0.007499624,1223.0,-2.2044567692307693
1742,112640,73,21,0.3253173828125,-0.04155687242746353,0.0004092704424510632,-0.03127273835707456,0.010648330833646469,0.9289897084236145,3504,0.2,-41.50834679603577,-3.5115609169006348,0.032058924,1223.0,-2.20313575
1744,113152,74,21,0.0201416015625,0.0553717166185379,0.0004092704424510632,-0.005958487236057408,0.9124323655851185,0.9293975234031677,3520,0.2,-41.5311313867569,0.33342844247817993,0.0067037363,1223.0,-2.20313575
1745,113664,75,21,0.2686767578125,-0.033308226615190506,0.0004092704424510632,-0.027995083066343796,0.003668635785288643,0.9300283193588257,3536,0.2,-41.54769849777222,-0.3155313730239868,0.019219503,1223.0,-2.20313575
1746,114176,76,22,0.2174072265625,-0.03456401079893112,0.0004092704424510632,-0.02182589183212258,0.013353519840165973,0.9294226169586182,3552,0.2,-41.56343734264374,0.5515410900115967,0.016123688,1223.0,-2.20171288172043
1749,114688,77,22,0.0396728515625,0.02409353293478489,0.0004092704424510632,-0.008087775902822614,0.550699504907243,0.9289809465408325,3568,0.2,-41.5316743850708,0.5744162201881409,0.009500476,1223.0,-2.20171288172043
1751,115200,78,22,0.24072265625,-0.03382844105362892,0.0004092704424510632,-0.02564031005022116,0.04204002220649272,0.9297125339508057,3584,0.2,-41.53526568412781,-7.911012649536133,0.02942584,1223.0,-2.199471223404255
1752,115712,79,23,0.02099609375,0.21146175265312195,0.0004092704424510632,-0.007623499412147794,1.3083231477066875,0.9299134612083435,3600,0.2,-41.5583016872406,0.07045227289199829,0.0067024995,1223.0,-2.199471223404255
1754,116224,80,23,0.236083984375,-0.04470868036150932,0.0004092704424510632,-0.026803944230778143,0.002143965299183037,0.929836094379425,3616,0.2,-41.558070063591,-0.28097450733184814,0.016360002,1223.0,-2.198778757894737
1756,116736,81,23,0.0242919921875,0.0850646048784256,0.0004092704424510632,-0.005787063812022097,0.688778621610254,0.9296689033508301,3632,0.2,-41.550376653671265,0.526772141456604,0.009981182,1223.0,-2.198778757894737
1758,117248,82,23,0.2249755859375,-0.03832285478711128,0.0004092704424510632,-0.026411876620841213,0.0039390188685501926,0.9302672743797302,3648,0.2,-41.5491418838501,-0.4266085624694824,0.015500584,1223.0,-2.198778757894737
1759,117760,83,24,0.3165283203125,-0.03881232440471649,0.0004092704424510632,-0.029780560435028747,0.002006344006076688,0.9299222230911255,3664,0.2,-41.56034970283508,0.11377161741256714,0.023246558,1223.0,-2.197603458333333
1760,118272,84,24,0.0328369140625,0.042006634175777435,0.0004092704424510632,-0.009010866953758523,0.8312666965648532,0.9295153021812439,3680,0.2,-41.537625432014465,0.19630032777786255,0.008828027,1223.0,-2.197603458333333
1760,118784,85,24,0.2860107421875,-0.027810538187623024,0.0004092704424510632,-0.02988363997428678,0.014305428514489904,0.9289789795875549,3696,0.2,-41.522430539131165,-2.435065507888794,0.022060703,1223.0,-2.1968385051546386
1760,119296,86,25,0.0465087890625,0.07220792770385742,0.0004092704424510632,-0.004030547788715921,0.6788335307501256,0.929064154624939,3712,0.2,-41.51360762119293,0.5447186827659607,0.00607429,1223.0,-2.1968385051546386
1761,119808,87,25,0.274658203125,-0.018272697925567627,0.0004092704424510632,-0.02796569994825404,0.008876355976099148,0.9282546043395996,3728,0.2,-41.50582265853882,0.05168670415878296,0.019933555,1223.0,-2.1968385051546386
1763,120320,88,25,0.249267578125,-0.03788375109434128,0.0004092704424510632,-0.031826647551497445,0.03190919995540753,0.929523766040802,3744,0.2,-41.50052857398987,0.6778711080551147,0.02134249,1223.0,-2.195757887755102
1765,120832,89,25,0.093505859375,0.017252903431653976,0.0004092704424510632,-0.015866195142734796,0.5598944619996473,0.9299526810646057,3760,0.2,-41.54804575443268,0.4878661632537842,0.01671686,1223.0,-2.195757887755102
1767,121344,90,26,0.192626953125,-0.02972498908638954,0.0004092704424510632,-0.02244995324872434,0.03041699930327013,0.9308033585548401,3776,0.2,-41.5572863817215,-8.898417472839355,0.017235013,1223.0,-2.195387808080808
1768,121856,91,26,0.04296875,0.05369652062654495,0.0004092704424510632,-0.010645926297002006,0.940375525970012,0.9311779141426086,3792,0.2,-41.57865583896637,0.09506344795227051,0.007868903,1223.0,-2.195387808080808
1770,122368,92,26,0.300048828125,-0.050604403018951416,0.0004092704424510632,-0.027084405708592385,0.004317238679504953,0.9317077398300171,3808,0.2,-41.58733344078064,-1.9190773963928223,0.025317341,1223.0,-2.1951355699999997
1772,122880,93,26,0.071044921875,0.1442747861146927,0.0004092704424510632,-0.005799770704470575,0.675381041597575,0.9318637251853943,3824,0.2,-41.59730803966522,0.5341483950614929,0.0044729505,1223.0,-2.1951355699999997
1772,123392,94,27,0.2425537109375,-0.05043027922511101,0.0004092704424510632,-0.02697301545413211,0.003901345655322075,0.9307175874710083,3840,0.2,-41.59152674674988,-1.810988187789917,0.018299147,1223.0,-2.1951355699999997
1770,123904,95,27,0.174072265625,-0.038128603249788284,0.0004092704424510632,-0.020879013783996925,0.002777221790893236,0.9284343123435974,3856,0.2,-41.5466343164444,0.14688199758529663,0.014076982,1223.0,-2.19350967
1770,124416,96,27,0.0322265625,0.08815313875675201,0.0004092704424510632,-0.011774932012485806,0.6616541375406086,0.9279469847679138,3872,0.2,-41.49702274799347,0.25187742710113525,0.008690971,1223.0,-2.19350967
1769,124928,97,28,0.1983642578125,-0.03547808900475502,0.0004092704424510632,-0.020428034142241813,0.015799434477230534,0.9278332591056824,3888,0.2,-41.4940140247345,-5.238409042358398,0.014942151,1223.0,-2.19273853
1768,125440,98,28,0.0465087890625,0.047943904995918274,0.0004092704424510632,-0.008961856656242162,0.9272687758784741,0.9273282885551453,3904,0.2,-41.48005485534668,0.2390071153640747,0.009511696,1223.0,-2.19273853
1766,125952,99,28,0.3033447265625,-0.03621240332722664,0.0004092704424510632,-0.03357573034008965,0.008978242069133557,0.9270259141921997,3920,0.2,-41.463255882263184,0.021698951721191406,0.02380123,1223.0,-2.19273853
1766,126464,100,28,0.221923828125,-0.01555439829826355,0.0004092704424510632,-0.02822951257257955,0.06162070680875331,0.9271723031997681,3936,0.2,-41.46268594264984,0.802375316619873,0.02074033,1223.0,-2.19027691
1765,126976,101,29,0.1427001953125,-0.01420922763645649,0.0004092704424510632,-0.01739093715150375,0.2541673906671349,0.9266813397407532,3952,0.2,-41.46650421619415,0.49389708042144775,0.020582754,1223.0,-2.19027691
1764,127488,102,29,0.2396240234375,-0.03147698566317558,0.0004092704424510632,-0.022234118383494206,0.008993955489131622,0.9248119592666626,3968,0.2,-41.42039752006531,-2.502586603164673,0.014710002,1223.0,-2.1881411800000006
1763,128000,103,29,0.0162353515625,0.08121383935213089,0.0004092704424510632,-0.005034368310589343,0.9082073620520532,0.9244087338447571,3984,0.2,-41.37336444854736,0.196586012840271,0.006028728,1223.0,-2.1881411800000006
1763,128512,104,30,0.241943359375,-0.043693907558918,0.0004092704424510632,-0.025837294931989163,0.005170762677153107,0.9230760931968689,4000,0.2,-41.351832151412964,-1.1766047477722168,0.02311222,1223.0,-2.18528773
1761,129024,105,30,0.0511474609375,0.07076751440763474,0.0004092704424510632,-0.008101618397631682,0.6463910145685077,0.9228550791740417,4016,0.2,-41.3198356628418,0.46590566635131836,0.007991575,1223.0,-2.18528773
1760,129536,106,30,0.241455078125,-0.0331939160823822,0.0004092704424510632,-0.02541040169307962,0.007531292445491999,0.924423098564148,4032,0.2,-41.339595913887024,-0.8352838754653931,0.019743532,1223.0,-2.18528773
1759,130048,107,31,0.2047119140625,-0.030502332374453545,0.0004092704424510632,-0.020778913734829985,0.012029704870656133,0.9231629371643066,4048,0.2,-41.357916474342346,0.3760490417480469,0.014024064,1223.0,-2.18382706
1758,130560,108,31,0.021240234375,0.09565301239490509,0.0004092704424510632,-0.01112636066682171,0.517257294151932,0.922526478767395,4064,0.2,-41.31450939178467,0.6192879676818848,0.007757294,1223.0,-2.18382706
1757,131072,109,31,0.19091796875,-0.015801608562469482,0.0004092704424510632,-0.020728707007947378,0.04193110793130472,0.9229378700256348,4080,0.2,-41.31290936470032,-6.617496013641357,0.01755571,1223.0,-2.1825133799999996
1756,131584,110,32,0.0078125,0.049049071967601776,0.0004092704424510632,-0.007056229718727991,1.1147105218842626,0.9231632947921753,4096,0.2,-41.32288932800293,0.13205111026763916,0.0050600218,1223.0,-2.1825133799999996
1755,132096,111,32,0.267822265625,-0.020838312804698944,0.0004092704424510632,-0.026195372542133555,0.005924828670686111,0.9243516325950623,4112,0.2,-41.340585112571716,-0.5457638502120972,0.018525302,1223.0,-2.1816762199999995
1754,132608,112,32,0.0089111328125,0.1363629549741745,0.0004092704424510632,-0.0038392814094549976,0.7710653627291322,0.9247862100601196,4128,0.2,-41.36914896965027,0.6033734083175659,0.0056929793,1223.0,-2.1816762199999995
1753,133120,113,32,0.245849609375,-0.03569996729493141,0.0004092704424510632,-0.026056686736410484,0.004327757364080753,0.9268234372138977,4144,0.2,-41.40429425239563,-1.3062994480133057,0.018243112,1223.0,-2.1816762199999995
1752,133632,114,33,0.2786865234375,-0.03849231079220772,0.0004092704424510632,-0.027103841945063323,0.0026058867952087894,0.9270053505897522,4160,0.2,-41.455543756484985,0.14322435855865479,0.024461363,1223.0,-2.18065922
1752,134144,115,33,0.001953125,0.130460724234581,0.0004092704424510632,-0.002562832771218382,0.7174260807223618,0.9269168972969055,4176,0.2,-41.4493602514267,0.3389550447463989,0.0033916691,1223.0,-2.18065922
1750,134656,116,33,0.277587890625,-0.022381450980901718,0.0004092704424510632,-0.02581306206411682,0.02126374063664116,0.9286648631095886,4192,0.2,-41.47816300392151,-4.64646053314209,0.02603729,1223.0,-2.17826592
1749,135168,117,34,0.07177734375,0.03690077364444733,0.0004092704424510632,-0.010776100556540769,0.506355999968946,0.9290467500686646,4208,0.2,-41.52732968330383,0.5102874040603638,0.010029793,1223.0,-2.17826592
1748,135680,118,34,0.27685546875,-0.03811870887875557,0.0004092704424510632,-0.028344696620479226,0.004683200015278999,0.9304051399230957,4224,0.2,-41.54641330242157,-0.6845519542694092,0.019110136,1223.0,-2.17826592
1747,136192,119,34,0.1885986328125,-0.0316491536796093,0.0004092704424510632,-0.0208425013552187,0.018847583996830508,0.9280845522880554,4240,0.2,-41.54933559894562,0.6154945492744446,0.011954727,1223.0,-2.17507202
1747,136704,120,35,0.0531005859375,0.01056043803691864,0.0004092704424510632,-0.007070122519508004,0.4035531240515411,0.927218496799469,4256,0.2,-41.478333592414856,0.627598762512207,0.010967652,1223.0,-2.17507202
1746,137216,121,35,0.2667236328125,-0.04689033329486847,0.0004092704424510632,-0.02914432162651792,0.020772110350662842,0.9282576441764832,4272,0.2,-41.48411822319031,-9.051998138427734,0.025131242,1223.0,-2.17407405
1745,137728,122,35,0.0439453125,0.04368291422724724,0.0004092704424510632,-0.006047067668987438,0.8063230833504349,0.92859947681427,4288,0.2,-41.51121437549591,0.3430439829826355,0.0064488426,1223.0,-2.17407405
1744,138240,123,36,0.25048828125,-0.031991712749004364,0.0004092704424510632,-0.02661817512125708,0.0031098426261451095,0.9275448322296143,4304,0.2,-41.495344281196594,-1.4642333984375,0.01665622,1223.0,-2.17176828
1744,138752,124,36,0.0496826171875,0.17914167046546936,0.0004092704424510632,-0.0069365644885692745,0.7540620286017656,0.9274596571922302,4320,0.2,-41.470194578170776,0.44501882791519165,0.008408029,1223.0,-2.17176828
1743,139264,125,36,0.2354736328125,-0.03480798751115799,0.0004092704424510632,-0.024623977311421186,0.0030511187651427463,0.9257754683494568,4336,0.2,-41.44786179065704,-3.5907320976257324,0.014159137,1223.0,-2.17176828
1743,139776,126,37,0.212890625,-0.04345232993364334,0.0004092704424510632,-0.023370601324131712,0.003301025353721343,0.9270802736282349,4352,0.2,-41.42312431335449,0.025830864906311035,0.012312686,1223.0,-2.17034535
1742,140288,127,37,0.099853515625,0.08094312250614166,0.0004092704424510632,-0.010902531736064702,0.88583400612697,0.9275164604187012,4368,0.2,-41.46990132331848,0.40728938579559326,0.0126389135,1223.0,-2.17034535
1742,140800,128,37,0.2230224609375,-0.017563657835125923,0.0004092704424510632,-0.019074058334808797,0.011432484301622026,0.9273796677589417,4384,0.2,-41.47265422344208,-3.6752662658691406,0.019835204,1223.0,-2.16749767
1741,141312,129,37,0.0291748046875,0.07323291897773743,0.0004092704424510632,-0.006533412946737371,1.0024043987505138,0.9271097779273987,4400,0.2,-41.46527099609375,0.3850710988044739,0.0072309067,1223.0,-2.16749767
1740,141824,130,38,0.2586669921875,-0.02973875030875206,0.0004092704424510632,-0.026412106853967998,0.004654347038012929,0.9276173114776611,4416,0.2,-41.46834361553192,-0.9342708587646484,0.027263362,1223.0,-2.16749767
1740,142336,131,38,0.13916015625,0.008245427161455154,0.0004092704424510632,-0.01631016403553076,0.08216537162661552,0.9271180033683777,4432,0.2,-41.47837829589844,0.6440690755844116,0.019482264,1223.0,-2.16645838
1740,142848,132,38,0.0721435546875,-0.018248628824949265,0.0004092704424510632,-0.0106763738731388,0.3096941335243173,0.9270092248916626,4448,0.2,-41.460206270217896,0.6583819389343262,0.013074223,1223.0,-2.16645838
1741,143360,133,39,0.231201171875,-0.025944750756025314,0.0004092704424510632,-0.01933951282990165,0.018260592449223623,0.9292290210723877,4464,0.2,-41.48979890346527,-4.302781581878662,0.016376913,1223.0,-2.16274358
1741,143872,134,39,0.045654296875,0.07117898762226105,0.0004092704424510632,-0.009031023568240926,0.7657875525765121,0.9299220442771912,4480,0.2,-41.54543972015381,0.39082467555999756,0.008148884,1223.0,-2.16274358
1741,144384,135,39,0.3065185546875,-0.02828379161655903,0.0004092704424510632,-0.0284542423178209,0.006085303262807429,0.9286248683929443,4496,0.2,-41.52862536907196,-1.9682939052581787,0.02550918,1223.0,-2.1599655500000003
1740,144896,136,39,0.0234375,0.10943388193845749,0.0004092704424510632,-0.0050784082050086,0.6141181462444365,0.9285076260566711,4512,0.2,-41.498857259750366,0.546200156211853,0.008061358,1223.0,-2.1599655500000003
1740,145408,137,40,0.27392578125,-0.03920343890786171,0.0004092704424510632,-0.02790217217989266,0.0028032111295033246,0.9275273084640503,4528,0.2,-41.483274102211,-0.7864243984222412,0.023750829,1223.0,-2.1599655500000003
1740,145920,138,40,0.299072265625,-0.03719309717416763,0.0004092704424510632,-0.031544227196718566,0.002789668142213486,0.9290014505386353,4544,0.2,-41.48921084403992,0.18672937154769897,0.020888966,1223.0,-2.15756105
1740,146432,139,40,0.095703125,0.059171244502067566,0.0004092704424510632,-0.01665282394969836,0.46863626246340573,0.9298694133758545,4560,0.2,-41.544102907180786,0.5139955282211304,0.01910846,1223.0,-2.15756105
1740,146944,140,41,0.2054443359375,-0.026639295741915703,0.0004092704424510632,-0.01776875989162363,0.006773328022973146,0.9297080636024475,4576,0.2,-41.5519038438797,-5.781878471374512,0.015734762,1223.0,-2.15577972
1740,147456,141,41,0.013916015625,0.06614404916763306,0.0004092704424510632,-0.004266795272997115,1.0760428262874484,0.9296033382415771,4592,0.2,-41.54193949699402,0.36178648471832275,0.006218655,1223.0,-2.15577972
1740,147968,142,41,0.21875,-0.026840047910809517,0.0004092704424510632,-0.024971493097837083,0.014209310989826918,0.9287105798721313,4608,0.2,-41.53088641166687,0.04967772960662842,0.014396524,1223.0,-2.15577972
1740,148480,143,42,0.052734375,0.0903150886297226,0.0004092704424510632,-0.007899656833615154,0.4415275203064084,0.9281755089759827,4624,0.2,-41.50653612613678,0.642508327960968,0.010062605,1223.0,-2.15423074
1740,148992,144,42,0.2996826171875,-0.030584178864955902,0.0004092704424510632,-0.027103541273390874,0.01948945806361735,0.9289659857749939,4640,0.2,-41.509204387664795,0.9756976366043091,0.042484857,1223.0,-2.15423074
1739,149504,145,42,0.2291259765625,-0.023752126842737198,0.0004092704424510632,-0.022324432778987102,0.010484430502401665,0.9279462695121765,4656,0.2,-41.508708477020264,-0.9752339124679565,0.021289201,1223.0,-2.15204922
1739,150016,146,42,0.038330078125,0.08514954149723053,0.0004092704424510632,-0.007629921579791699,0.6734234848991036,0.9275863170623779,4672,0.2,-41.47552490234375,0.6345088481903076,0.0071206447,1223.0,-2.15204922
1738,150528,147,43,0.2789306640625,-0.01636679284274578,0.0004092704424510632,-0.026920781121589243,0.04599136428441852,0.9308921098709106,4688,0.2,-41.514365673065186,-0.24504566192626953,0.027839214,1223.0,-2.15138851
4208,151040,1,0,0.03466796875,0.1644374579191208,0.0004092704424510632,-0.007392382976831868,0.754960561171174,0.9321361184120178,4704,0.2,-41.614147305488586,0.7743651866912842,0.010490762,1223.0,-2.15138851
2438,151552,2,0,0.217041015625,-0.026499437168240547,0.0004092704424510632,-0.01965318234579172,0.01521946262801066,0.9313406348228455,4720,0.2,-41.6182576417923,-0.18926703929901123,0.01520611,1223.0,-2.15138851
2117,152064,3,0,0.2510986328125,-0.011942996643483639,0.0004092704424510632,-0.024229583985288627,0.02343162492616102,0.9318540096282959,4736,0.2,-41.61199867725372,0.4153010845184326,0.018146679,1223.0,-2.151822
1993,152576,4,1,0.035888671875,0.030257223173975945,0.0004092704424510632,-0.011419838527217507,0.3854839482810348,0.9319918751716614,4752,0.2,-41.63157391548157,0.682989239692688,0.010244519,1223.0,-2.151822
1918,153088,5,1,0.2584228515625,-0.022876814007759094,0.0004092704424510632,-0.023751954082399607,0.032475417654495686,0.9322560429573059,4768,0.2,-41.63660705089569,-4.571577072143555,0.02613731,1223.0,-2.15212001
1873,153600,6,1,0.0604248046875,0.07429929077625275,0.0004092704424510632,-0.007131836537155323,0.5961262921337038,0.9322522878646851,4784,0.2,-41.647372245788574,0.4234148859977722,0.011601826,1223.0,-2.15212001
1843,154112,7,1,0.232421875,-0.03752359747886658,0.0004092704424510632,-0.025499862822471187,0.004991111054550856,0.9332444071769714,4800,0.2,-41.66120398044586,-1.0478756427764893,0.01858135,1223.0,-2.15102656
1818,154624,8,2,0.0255126953125,0.18826505541801453,0.0004092704424510632,-0.008642019631224684,0.8226092224940658,0.9336636662483215,4816,0.2,-41.68643319606781,0.6588501930236816,0.0062025944,1223.0,-2.15102656
1802,155136,9,2,0.230224609375,-0.02505834586918354,0.0004092704424510632,-0.02358382109377999,0.00362882101762807,0.9336758255958557,4832,0.2,-41.68792700767517,-1.284165620803833,0.016402405,1223.0,-2.15102656
1787,155648,10,2,0.2279052734375,-0.04051337018609047,0.0004092704424510632,-0.026047629886306822,0.002363738891290268,0.9333117008209229,4848,0.2,-41.678067088127136,0.1143001914024353,0.015712831,1223.0,-2.1510184799999994
1772,156160,11,3,0.030517578125,0.02594437077641487,0.0004092704424510632,-0.009948110280674882,0.9129211925901473,0.9330359101295471,4864,0.2,-41.66417849063873,0.3079215884208679,0.009528007,1223.0,-2.1510184799999994
1760,156672,12,3,0.295654296875,-0.04064696654677391,0.0004092704424510632,-0.030936878465581685,0.003644344847998582,0.9332534074783325,4880,0.2,-41.66484749317169,-2.635834217071533,0.023896754,1223.0,-2.1493487799999995
1755,157184,13,3,0.0587158203125,0.1225290447473526,0.0004092704424510632,-0.005014908412704244,0.9092795758042485,0.9331470727920532,4896,0.2,-41.669007301330566,0.35470694303512573,0.008566592,1223.0,-2.1493487799999995
1749,157696,14,4,0.2803955078125,-0.03738856315612793,0.0004092704424510632,-0.029049205739283934,0.003991800207586493,0.932725727558136,4912,0.2,-41.65538167953491,-1.0412564277648926,0.020959385,1223.0,-2.1493487799999995
1741,158208,15,4,0.273681640625,-0.016343869268894196,0.0004092704424510632,-0.028329390799626708,0.020869936561211944,0.93373703956604,4928,0.2,-41.66165781021118,0.6272197961807251,0.0234533,1223.0,-2.14671568
1732,158720,16,4,0.036376953125,0.03561640903353691,0.0004092704424510632,-0.008509282240993343,0.6470771263120696,0.9341327548027039,4944,0.2,-41.68268847465515,0.5495041608810425,0.01122043,1223.0,-2.14671568
1727,159232,17,5,0.3023681640625,-0.03518445044755936,0.0004092704424510632,-0.027503285091370344,0.025292900565546006,0.9346455931663513,4960,0.2,-41.6939412355423,-8.63161849975586,0.037782922,1223.0,-2.1450225499999998
1723,159744,18,5,0.0135498046875,0.17459632456302643,0.0004092704424510632,-0.0025654618511907756,0.8012489299289882,0.9349229335784912,4976,0.2,-41.709402441978455,0.34059643745422363,0.004975054,1223.0,-2.1450225499999998
1721,160256,19,5,0.3262939453125,-0.03168972581624985,0.0004092704424510632,-0.03256080497521907,0.00551461917348206,0.9360917806625366,4992,0.2,-41.727951407432556,-2.3674890995025635,0.029598363,1223.0,-2.1442235199999997
1720,160768,20,5,0.0574951171875,0.06304581463336945,0.0004092704424510632,-0.006710908404784277,0.6688313176855445,0.9366863369941711,5008,0.2,-41.76688206195831,0.5195398330688477,0.009188985,1223.0,-2.1442235199999997
1718,161280,21,6,0.231201171875,-0.03299045190215111,0.0004092704424510632,-0.02498773745901417,0.002612428073916817,0.9375989437103271,5024,0.2,-41.78573477268219,-0.5999348163604736,0.0138168475,1223.0,-2.1442235199999997
1714,161792,22,6,0.2938232421875,-0.0490531399846077,0.0004092704424510632,-0.03155212596175261,0.0020129606054979376,0.9372437000274658,5040,0.2,-41.810678005218506,0.06127041578292847,0.02740727,1223.0,-2.14194146
1711,162304,23,6,0.00244140625,0.0525641143321991,0.0004092704424510632,-0.004044751378387446,1.5225210394710302,0.9370409846305847,5056,0.2,-41.8019984960556,0.22642022371292114,0.0040106094,1223.0,-2.14194146
1708,162816,24,7,0.280029296875,-0.030530553311109543,0.0004092704424510632,-0.026455583167262375,0.004390763919218443,0.9390460252761841,5072,0.2,-41.83147931098938,-2.858205795288086,0.026957057,1223.0,-2.14017527
1706,163328,25,7,0.011474609375,0.0569043904542923,0.0004092704424510632,-0.004391337097331416,0.9982619252987206,0.9397264122962952,5088,0.2,-41.893723130226135,0.4488975405693054,0.0052360874,1223.0,-2.14017527
1706,163840,26,7,0.3043212890625,-0.02906115911900997,0.0004092704424510632,-0.027921125714783557,0.013940299351816066,0.9411890506744385,5104,0.2,-41.91646432876587,-1.2602107524871826,0.029489659,1223.0,-2.14017527
1706,164352,27,8,0.2362060546875,-0.03216296434402466,0.0004092704424510632,-0.02528901325422339,0.024114215571898967,0.9417449235916138,5120,0.2,-41.96642291545868,0.5281984806060791,0.017332004,1223.0,-2.1394300399999997
1706,164864,28,8,0.0230712890625,0.038905397057533264,0.0004092704424510632,-0.007444153321557678,0.6446536105358973,0.9416720271110535,5136,0.2,-41.968191266059875,0.3835684061050415,0.007339495,1223.0,-2.1394300399999997
1705,165376,29,8,0.2509765625,-0.03240341320633888,0.0004092704424510632,-0.024151837307726964,0.0073249521519755945,0.9421063661575317,5152,0.2,-41.97036147117615,-7.085115432739258,0.025396578,1223.0,-2.13774441
1704,165888,30,9,0.0421142578125,0.04062164947390556,0.0004092704424510632,-0.00629967463464709,0.9209710718132555,0.9425926804542542,5168,0.2,-41.989078640937805,0.3208974003791809,0.009256972,1223.0,-2.13774441
1703,166400,31,9,0.294677734375,-0.04816800355911255,0.0004092704424510632,-0.03173911570047494,0.002610028397612041,0.9425650238990784,5184,0.2,-41.99595594406128,-0.9510411024093628,0.026022557,1223.0,-2.13556469
1704,166912,32,9,0.109619140625,0.0617215670645237,0.0004092704424510632,-0.016588931568549015,1.0716090346686542,0.9427550435066223,5200,0.2,-42.00172996520996,0.3395492434501648,0.016096689,1223.0,-2.13556469
1704,167424,33,9,0.25634765625,-0.0417107492685318,0.0004092704424510632,-0.028338989519397728,0.0042962601510225795,0.9436790347099304,5216,0.2,-42.01827120780945,-0.856234073638916,0.01840513,1223.0,-2.13556469
1694,167936,34,10,0.252197265625,-0.03161505609750748,0.0004092704424510632,-0.02693513160920702,0.007342918761423789,0.9426929354667664,5232,0.2,-42.02474093437195,0.41583681106567383,0.018602813,1223.0,-2.13381391
1693,168448,35,10,0.0787353515625,0.036543019115924835,0.0004092704424510632,-0.009157389766187407,0.6472214041277766,0.942054808139801,5248,0.2,-41.98634433746338,0.6596962809562683,0.011382534,1223.0,-2.13381391
1691,168960,36,10,0.27001953125,-0.028875011950731277,0.0004092704424510632,-0.029292414081282914,0.019667630025651306,0.9415681958198547,5264,0.2,-41.972792744636536,-5.479196071624756,0.026727796,1223.0,-2.1338909
1687,169472,37,11,0.0260009765625,0.08517710864543915,0.0004092704424510632,-0.004106335778487846,0.8033498479053378,0.941406786441803,5280,0.2,-41.95410645008087,0.5103592872619629,0.007411273,1223.0,-2.1338909
1686,169984,38,11,0.252685546875,-0.03609786927700043,0.0004092704424510632,-0.02546505947248079,0.007053015971905552,0.9406882524490356,5296,0.2,-41.94251835346222,-0.0583571195602417,0.01628238,1223.0,-2.1338909
1685,170496,39,11,0.0135498046875,0.13461975753307343,0.0004092704424510632,-0.0034516896994318813,0.5110580818727612,0.940706193447113,5312,0.2,-41.92239701747894,0.7711995840072632,0.0072809476,1223.0,-2.1320499200000005
1683,171008,40,12,0.241455078125,-0.026804998517036438,0.0004092704424510632,-0.02203567478863988,0.01742234657285735,0.9418829679489136,5328,0.2,-41.94109046459198,0.9722075462341309,0.02350811,1223.0,-2.1320499200000005
1681,171520,41,12,0.2513427734375,-0.029431480914354324,0.0004092704424510632,-0.027820424642413855,0.00794177186617162,0.9431620240211487,5344,0.2,-41.97530555725098,-2.6290395259857178,0.021774467,1223.0,-2.13282338
1679,172032,42,12,0.016845703125,0.06561048328876495,0.0004092704424510632,-0.00868754279508721,1.1344797569327056,0.9433257579803467,5360,0.2,-42.001254081726074,0.34726274013519287,0.005701776,1223.0,-2.13282338
1678,172544,43,13,0.2916259765625,-0.02225148305296898,0.0004092704424510632,-0.025225110788596794,0.019097693264484406,0.9440433979034424,5376,0.2,-42.01351571083069,-0.19081509113311768,0.029407606,1223.0,-2.1356602500000004
1679,173056,44,13,0.1201171875,0.12464398145675659,0.0004092704424510632,-0.010191096705966629,0.6310382792726159,0.9441277980804443,5392,0.2,-42.03176474571228,0.7583726644515991,0.014582103,1223.0,-2.1356602500000004
1680,173568,45,13,0.2939453125,-0.020947758108377457,0.0004092704424510632,-0.025846089149126783,0.039080201589968055,0.9455425143241882,5408,0.2,-42.05181169509888,0.004388630390167236,0.020994667,1223.0,-2.1356602500000004
1680,174080,46,14,0.327880859375,0.015442054718732834,0.0004092704424510632,-0.02617107392870821,0.1362348380498588,0.9449023604393005,5424,0.2,-42.0791050195694,0.31303179264068604,0.022160776,1223.0,-2.13452019
1681,174592,47,14,0.05908203125,0.01574796997010708,0.0004092704424510632,-0.009896748524624854,0.3745662737637758,0.9446519613265991,5440,0.2,-42.057042479515076,0.8005566000938416,0.017643087,1223.0,-2.13452019
1680,175104,48,14,0.2572021484375,-0.027292201295495033,0.0004092704424510632,-0.027336558210663497,0.0629433406284079,0.9430262446403503,5456,0.2,-42.03996682167053,-6.4872870445251465,0.018738754,1223.0,-2.1348145400000003
1679,175616,49,14,0.0318603515625,0.05414184182882309,0.0004092704424510632,-0.00708323236904107,1.1256749948952347,0.9422697424888611,5472,0.2,-41.98546361923218,0.32049429416656494,0.0082332725,1223.0,-2.1348145400000003
1680,176128,50,15,0.2271728515625,-0.020974798128008842,0.0004092704424510632,-0.021945450149360113,0.010817452595802024,0.941871702671051,5488,0.2,-41.97371196746826,-0.8106588125228882,0.02180641,1223.0,-2.13464596
1680,176640,51,15,0.03955078125,0.07878319919109344,0.0004092704424510632,-0.006014789491018746,0.6410084986127913,0.9418606162071228,5504,0.2,-41.9628084897995,0.4875601530075073,0.008733227,1223.0,-2.13464596
1681,177152,52,15,0.2965087890625,-0.04018682241439819,0.0004092704424510632,-0.03216473734937608,0.002932795770902885,0.9439000487327576,5520,0.2,-41.994571685791016,-0.6683948040008545,0.019488156,1223.0,-2.13464596
1681,177664,53,16,0.259521484375,-0.0421551838517189,0.0004092704424510632,-0.028632561617996544,0.0022993769707682077,0.9453670978546143,5536,0.2,-42.05752646923065,0.14278370141983032,0.01838921,1223.0,-2.1335708199999996
1680,178176,54,16,0.0250244140625,0.04610668867826462,0.0004092704424510632,-0.01140319783007726,0.9043469799216837,0.9457409381866455,5552,0.2,-42.08512508869171,0.40453821420669556,0.00784277,1223.0,-2.1335708199999996
1680,178688,55,16,0.3165283203125,-0.03702705726027489,0.0004092704424510632,-0.02690120434272103,0.0031395856240123976,0.9471176266670227,5568,0.2,-42.10332000255585,-3.93764591217041,0.028464973,1223.0,-2.12910406
1680,179200,56,17,0.0650634765625,0.07817857712507248,0.0004092704424510632,-0.006321345281321555,0.9521094537340105,0.9476816058158875,5584,0.2,-42.13881468772888,0.2872835397720337,0.008388851,1223.0,-2.12910406
1681,179712,57,17,0.25341796875,-0.03819086030125618,0.0004092704424510632,-0.027033592283260077,0.0022978353626967873,0.9449427127838135,5600,0.2,-42.10691690444946,-0.9523189067840576,0.017536646,1223.0,-2.12910406
1683,180224,58,17,0.238037109375,-0.03375331684947014,0.0004092704424510632,-0.025177925679599866,0.00604309217305854,0.9451069831848145,5616,0.2,-42.04800057411194,0.5421856045722961,0.015013556,1223.0,-2.12971625
1684,180736,59,17,0.0947265625,-3.88268381357193e-05,0.0004092704424510632,-0.014487600303255022,0.49140355619601905,0.9448347687721252,5632,0.2,-42.062963247299194,0.5284565687179565,0.019428823,1223.0,-2.12971625
1684,181248,60,18,0.2996826171875,-0.03988040238618851,0.0004092704424510632,-0.030240420732297935,0.03443712551961653,0.9448584914207458,5648,0.2,-42.042890429496765,-7.362225532531738,0.02589167,1223.0,-2.12622412
1684,181760,61,18,0.046875,0.0659690648317337,0.0004092704424510632,-0.007400642120046541,1.145266859792173,0.945202112197876,5664,0.2,-42.056607127189636,0.2122371792793274,0.01375173,1223.0,-2.12622412
1684,182272,62,18,0.2833251953125,-0.03131524473428726,0.0004092704424510632,-0.03021140763303265,0.003572253423044458,0.9448132514953613,5680,0.2,-42.05595862865448,-1.319535493850708,0.020102058,1223.0,-2.1259576
1682,182784,63,19,0.007568359375,0.22642368078231812,0.0004092704424510632,-0.004200823881546967,0.9076234023086727,0.9445140957832336,5696,0.2,-42.037017941474915,0.6875561475753784,0.0061358875,1223.0,-2.1259576
1681,183296,64,19,0.2967529296875,-0.032765135169029236,0.0004092704424510632,-0.027932297060033306,0.0058536424112389795,0.9439414143562317,5712,0.2,-42.02590560913086,-1.6328835487365723,0.024145992,1223.0,-2.1259576
1679,183808,65,19,0.2081298828125,-0.021444838494062424,0.0004092704424510632,-0.02039731953118462,0.0032933427646639757,0.9439677000045776,5728,0.2,-42.00777304172516,0.17544806003570557,0.012873968,1223.0,-2.1252219
1678,184320,66,20,0.052734375,0.15690657496452332,0.0004092704424510632,-0.01052862145297695,0.6344219844322652,0.9441359639167786,5744,0.2,-42.00580358505249,0.6259201765060425,0.009791497,1223.0,-2.1252219
1676,184832,67,20,0.2655029296875,-0.03378511965274811,0.0004092704424510632,-0.028506705377367325,0.02464546836563386,0.9449038505554199,5760,0.2,-42.01998281478882,-5.801183700561523,0.022900632,1223.0,-2.12587855
1675,185344,68,20,0.0469970703125,0.08155915141105652,0.0004092704424510632,-0.008755328410188667,0.6852891915477812,0.9451785087585449,5776,0.2,-42.04550051689148,0.624005913734436,0.011156976,1223.0,-2.12587855
1675,185856,69,21,0.277587890625,-0.045792125165462494,0.0004092704424510632,-0.028570929483976215,0.004616623773472384,0.9465634822845459,5792,0.2,-42.0662567615509,-1.2583744525909424,0.020728407,1223.0,-2.12587855
1676,186368,70,21,0.2235107421875,-0.02015909180045128,0.0004092704424510632,-0.01984947148594074,0.061400232603773475,0.9489957690238953,5808,0.2,-42.1329391002655,0.5761107206344604,0.01998648,1223.0,-2.1234889800000003
1677,186880,71,21,0.0986328125,0.007852587848901749,0.0004092704424510632,-0.011615655457717367,0.5690800546435639,0.9489556550979614,5824,0.2,-42.17805325984955,0.4941215515136719,0.020371707,1223.0,-2.1234889800000003
1677,187392,72,21,0.275146484375,-0.03956907242536545,0.0004092704424510632,-0.027717478267732076,0.007842846040148288,0.9484042525291443,5840,0.2,-42.166592597961426,-5.591704845428467,0.026709013,1223.0,-2.12417471
1678,187904,73,22,0.0718994140625,0.05144350975751877,0.0004092704424510632,-0.013984762263135053,0.8640375905670226,0.9485465884208679,5856,0.2,-42.160928606987,0.4114474058151245,0.01679613,1223.0,-2.12417471
1678,188416,74,22,0.2445068359375,-0.03727374225854874,0.0004092704424510632,-0.02675457032455597,0.0029040201334282756,0.9502584338188171,5872,0.2,-42.18361270427704,-0.8577283620834351,0.01713983,1223.0,-2.12396457
1679,188928,75,22,0.0257568359375,0.09624413400888443,0.0004092704424510632,-0.01196565139980521,0.8825286761857569,0.9505975842475891,5888,0.2,-42.216392993927,0.6251986622810364,0.009014559,1223.0,-2.12396457
1680,189440,76,23,0.291748046875,-0.03194643184542656,0.0004092704424510632,-0.028326192899839953,0.003134362537821289,0.9510546922683716,5904,0.2,-42.21850144863129,-0.7420463562011719,0.021553516,1223.0,-2.12396457
1681,189952,77,23,0.2265625,-0.02407119795680046,0.0004092704424510632,-0.024417450709734112,0.003389741286810022,0.9520705342292786,5920,0.2,-42.2358717918396,0.15227609872817993,0.015814543,1223.0,-2.1235136300000006
1682,190464,78,23,0.042236328125,0.05866186320781708,0.0004092704424510632,-0.013968596729682758,0.9563034502789378,0.9524455070495605,5936,0.2,-42.25733017921448,0.2855667471885681,0.011361519,1223.0,-2.1235136300000006
1682,190976,79,24,0.1959228515625,-0.020635833963751793,0.0004092704424510632,-0.01833744483337796,0.015580013976432383,0.9510387182235718,5952,0.2,-42.241828083992004,-4.9042134284973145,0.014716493,1223.0,-2.1229789699999997
1682,191488,80,24,0.023681640625,0.043795015662908554,0.0004092704424510632,-0.007822311701602302,1.0282576074823737,0.9504185914993286,5968,0.2,-42.19307720661163,0.49172425270080566,0.006906838,1223.0,-2.1229789699999997
1682,192000,81,24,0.2637939453125,-0.02938045747578144,0.0004092704424510632,-0.026704666495788842,0.006577907333848998,0.9488434791564941,5984,0.2,-42.160380244255066,-0.0806046724319458,0.02062476,1223.0,-2.1229789699999997
1682,192512,82,24,0.055419921875,0.047541551291942596,0.0004092704424510632,-0.011376980066415854,0.30422360729426146,0.9484621286392212,6000,0.2,-42.11598551273346,0.7332950830459595,0.012596507,1223.0,-2.12187619
1682,193024,83,25,0.245361328125,-0.032763637602329254,0.0004092704424510632,-0.019007954237167723,0.02004629153816495,0.9489652514457703,6016,0.2,-42.11982226371765,0.9460452198982239,0.029742237,1223.0,-2.12187619
1683,193536,84,25,0.2769775390625,-0.040401071310043335,0.0004092704424510632,-0.028267451794818044,0.00806719361571595,0.9468383193016052,6032,0.2,-42.11089622974396,-0.5047779083251953,0.025212068,1223.0,-2.12061075
1682,194048,85,25,0.0284423828125,0.2466830462217331,0.0004092704424510632,-0.0060290489927865565,0.7885203948244452,0.9459887742996216,6048,0.2,-42.04059839248657,0.6761032342910767,0.00860486,1223.0,-2.12061075
1683,194560,86,26,0.2442626953125,-0.03611331805586815,0.0004092704424510632,-0.02446222916478291,0.020806917746085674,0.9451812505722046,6064,0.2,-42.01751089096069,-2.5229947566986084,0.019357972,1223.0,-2.1203432799999997
1683,195072,87,26,0.0714111328125,0.15447629988193512,0.0004092704424510632,-0.009036657167598605,0.752565405331552,0.9450626969337463,6080,0.2,-41.990700006484985,0.7561877369880676,0.009011008,1223.0,-2.1203432799999997
1682,195584,88,26,0.2376708984375,-0.016562938690185547,0.0004092704424510632,-0.02514311339473352,0.03945857239887118,0.9463208913803101,6096,0.2,-42.0099173784256,0.0918932557106018,0.015751522,1223.0,-2.1203432799999997
1682,196096,89,27,0.161865234375,0.16608230769634247,0.0004092704424510632,-0.019993695605080575,0.28481390373781323,0.946991503238678,6112,0.2,-42.049153208732605,0.6372417211532593,0.025448967,1223.0,-2.1203138
1683,196608,90,27,0.0511474609375,0.007350092753767967,0.0004092704424510632,-0.010889304801821709,0.4520949563011527,0.9466919302940369,6128,0.2,-42.05803322792053,0.8293555378913879,0.012579549,1223.0,-2.1203138
1683,197120,91,27,0.2481689453125,-0.02878696471452713,0.0004092704424510632,-0.02478187539963983,0.04706012754468247,0.9470258951187134,6144,0.2,-42.045586705207825,-7.064143180847168,0.023718273,1223.0,-2.1179314700000003
1683,197632,92,27,0.0626220703125,0.17612718045711517,0.0004092704424510632,-0.0071671906698611565,1.1836106535047293,0.9473703503608704,6160,0.2,-42.06261074542999,0.2520003914833069,0.012094066,1223.0,-2.1179314700000003
1683,198144,93,28,0.284912109375,-0.03701840341091156,0.0004092704424510632,-0.027432382048573345,0.004770645718963351,0.9463475942611694,6176,0.2,-42.05650997161865,-0.20067262649536133,0.019273166,1223.0,-2.11481925
1683,198656,94,28,0.0338134765625,0.20075736939907074,0.0004092704424510632,-0.0037807901098858565,0.8746788101270795,0.9459980726242065,6192,0.2,-42.032249450683594,0.7513412237167358,0.008754553,1223.0,-2.11481925
1683,199168,95,28,0.2342529296875,-0.02593783661723137,0.0004092704424510632,-0.022539986013725866,0.0036033336909895297,0.9468167424201965,6208,0.2,-42.04055559635162,-0.7751284837722778,0.015799709,1223.0,-2.11481925
1683,199680,96,29,0.2047119140625,-0.0351216122508049,0.0004092704424510632,-0.017593743017641827,0.00399552835006034,0.9475840926170349,6224,0.2,-42.07134819030762,0.14145302772521973,0.015429655,1223.0,-2.11406083
1684,200192,97,29,0.0242919921875,0.08033200353384018,0.0004092704424510632,-0.007101921539288014,0.6354539538733661,0.9477314352989197,6240,0.2,-42.083192348480225,0.6957332491874695,0.0063662515,1223.0,-2.11406083
1684,200704,98,29,0.2347412109375,-0.026073338463902473,0.0004092704424510632,-0.019716656956006773,0.00996852786920499,0.9508206248283386,6256,0.2,-42.12468421459198,-3.8020477294921875,0.01960164,1223.0,-2.1133182
1684,201216,99,30,0.0802001953125,0.06453873217105865,0.0004092704424510632,-0.0031152550218394026,0.6529608042910695,0.9519858956336975,6272,0.2,-42.21477556228638,0.5301312208175659,0.008188624,1223.0,-2.1133182
1684,201728,100,30,0.248779296875,-0.03355198726058006,0.0004092704424510632,-0.02560609254578594,0.006646781825111248,0.9534256458282471,6288,0.2,-42.248053193092346,-0.6543135643005371,0.018124258,1223.0,-2.1133182
1684,202240,101,30,0.1678466796875,-9.256601333618164e-05,0.0004092704424510632,-0.01640966110426234,0.05839810869656503,0.9539094567298889,6304,0.2,-42.28043496608734,0.588370680809021,0.015733806,1223.0,-2.11309513
1684,202752,102,31,0.0177001953125,-0.0006354916840791702,0.0004092704424510632,-0.008812560743535869,0.6363998235901818,0.9535385370254517,6320,0.2,-42.2857528924942,0.6828386783599854,0.0075015216,1223.0,-2.11309513
1684,203264,103,31,0.2476806640625,-0.028174789622426033,0.0004092704424510632,-0.02538387729146052,0.02740756922867149,0.9532294273376465,6336,0.2,-42.26824939250946,-8.049965858459473,0.020668218,1223.0,-2.1143819600000002
1684,203776,104,31,0.032958984375,0.10371663421392441,0.0004092704424510632,-0.005146511641214602,1.143796801334247,0.953140914440155,6352,0.2,-42.26612162590027,0.2608124613761902,0.0068528485,1223.0,-2.1143819600000002
1684,204288,105,31,0.2391357421875,-0.0284021757543087,0.0004092704424510632,-0.022505085784359835,0.004262728929461446,0.9525805115699768,6368,0.2,-42.25790452957153,-1.8282980918884277,0.018810421,1223.0,-2.11446572
1684,204800,106,32,0.06689453125,0.14103198051452637,0.0004092704424510632,-0.00968725197162712,0.7560530607588589,0.952697217464447,6384,0.2,-42.245691895484924,0.6683722734451294,0.013596813,1223.0,-2.11446572
1683,205312,107,32,0.240234375,-0.037082791328430176,0.0004092704424510632,-0.024728734861128032,0.00342315584566677,0.9532054662704468,6400,0.2,-42.25618827342987,-0.4168204069137573,0.020963378,1223.0,-2.11446572
1683,205824,108,32,0.2484130859375,-0.03928329423069954,0.0004092704424510632,-0.02455071042641066,0.0053228253236738965,0.9531752467155457,6416,0.2,-42.26625204086304,0.152210533618927,0.01805036,1223.0,-2.11538775
1684,206336,109,33,0.0238037109375,0.12270165979862213,0.0004092704424510632,-0.008038717467570677,0.6052353200502694,0.9528517723083496,6432,0.2,-42.25334429740906,0.7016333341598511,0.007179603,1223.0,-2.11538775
1684,206848,110,33,0.2384033203125,-0.02179701253771782,0.0004092704424510632,-0.02345636182872113,0.012507923282100819,0.9520488381385803,6448,0.2,-42.237841725349426,-3.0847229957580566,0.019688968,1223.0,-2.11692628
1684,207360,111,33,0.0791015625,0.06585193425416946,0.0004092704424510632,-0.010175253948546015,0.6542287720367312,0.9516468048095703,6464,0.2,-42.21524095535278,0.6113203763961792,0.0103496425,1223.0,-2.11692628
1684,207872,112,34,0.277587890625,-0.034445617347955704,0.0004092704424510632,-0.0265701103489846,0.005015618102333974,0.9490512013435364,6480,0.2,-42.176097989082336,-0.9316602945327759,0.018553361,1223.0,-2.11692628
1683,208384,113,34,0.1639404296875,0.0021427012979984283,0.0004092704424510632,-0.020512724338914268,0.11531702382490039,0.9478110671043396,6496,0.2,-42.10904657840729,0.7167145013809204,0.016556144,1223.0,-2.11730507
1683,208896,114,34,0.05078125,0.015319474041461945,0.0004092704424510632,-0.013919855708081741,0.8056012463057414,0.947141170501709,6512,0.2,-42.08117461204529,0.5578712224960327,0.012856156,1223.0,-2.11730507
1683,209408,115,34,0.235107421875,-0.041674111038446426,0.0004092704424510632,-0.022628600796451792,0.01821265573380515,0.947580873966217,6528,0.2,-42.07213032245636,-1.9510695934295654,0.024025606,1223.0,-2.1175519300000003
1684,209920,116,35,0.050048828125,0.019766177982091904,0.0004092704424510632,-0.010871614693314768,1.0311327932868153,0.9476584792137146,6544,0.2,-42.08259999752045,0.5280274152755737,0.008893387,1223.0,-2.1175519300000003
1683,210432,117,35,0.204345703125,-0.03283219039440155,0.0004092704424510632,-0.02229464252013713,0.0022064780241635162,0.9486149549484253,6560,0.2,-42.096689224243164,-1.511470079421997,0.016225314,1223.0,-2.11864842
1683,210944,118,35,0.00830078125,0.07883504778146744,0.0004092704424510632,-0.004237545392243192,1.221969367004931,0.9489317536354065,6576,0.2,-42.12139105796814,0.5551697611808777,0.0045859185,1223.0,-2.11864842
1683,211456,119,36,0.2352294921875,-0.027563102543354034,0.0004092704424510632,-0.025272640865296125,0.005996929325192468,0.9504014253616333,6592,0.2,-42.13815772533417,-1.6937544345855713,0.016381767,1223.0,-2.11864842
1683,211968,120,36,0.2706298828125,-0.023461075499653816,0.0004092704424510632,-0.02956070244545117,0.012909650395158678,0.9512723684310913,6608,0.2,-42.18098294734955,0.4749823212623596,0.020300472,1223.0,-2.1176673800000003
1683,212480,121,36,0.035400390625,0.02870478853583336,0.0004092704424510632,-0.00904458385775797,0.687438297085464,0.9512561559677124,6624,0.2,-42.19532239437103,0.743192195892334,0.01141379,1223.0,-2.1176673800000003
1683,212992,122,37,0.2471923828125,-0.03167562931776047,0.0004092704424510632,-0.02547553517797496,0.06061647244496271,0.9498719573020935,6640,0.2,-42.17720603942871,-5.4147114753723145,0.018742595,1223.0,-2.11643844
1682,213504,123,37,0.064697265625,0.03363446146249771,0.0004092704424510632,-0.005157844447239768,0.7751743176486343,0.9493532776832581,6656,0.2,-42.13082206249237,0.5581625699996948,0.012076339,1223.0,-2.11643844
1682,214016,124,37,0.2176513671875,-0.02689288929104805,0.0004092704424510632,-0.020157306717010215,0.005648686768836342,0.9515731334686279,6672,0.2,-42.14960741996765,-0.2209538221359253,0.013874734,1223.0,-2.11643844
1682,214528,125,38,0.0556640625,0.023396246135234833,0.0004092704424510632,-0.010023196722613648,0.42585861776024103,0.9524437785148621,6688,0.2,-42.21189367771149,0.6497020721435547,0.012773554,1223.0,-2.11744948
1682,215040,126,38,0.2457275390625,-0.025803131982684135,0.0004092704424510632,-0.02193693858862389,0.0182131965921144,0.9521641731262207,6704,0.2,-42.21608757972717,0.9747160077095032,0.025067005,1223.0,-2.11744948
1682,215552,127,38,0.2862548828125,-0.03547733277082443,0.0004092704424510632,-0.029318054337636568,0.004070993505592924,0.9544242024421692,6720,0.2,-42.235453963279724,-0.7204256057739258,0.02599475,1223.0,-2.1183226000000004
1681,216064,128,38,0.0374755859375,0.06513801962137222,0.0004092704424510632,-0.009353146830108017,0.723530663177371,0.954971969127655,6736,0.2,-42.2887042760849,0.6301301717758179,0.008407213,1223.0,-2.1183226000000004
1681,216576,129,39,0.27587890625,-0.03922108933329582,0.0004092704424510632,-0.027930450523854233,0.02733542228816077,0.9549353122711182,6752,0.2,-42.293909788131714,0.038963258266448975,0.022305751,1223.0,-2.1204677
1681,217088,130,39,0.0098876953125,0.6573848724365234,0.0004092704424510632,-0.0034526152376201935,1.3757400438189507,0.9547566771507263,6768,0.2,-42.28502178192139,0.8448779582977295,0.004360335,1223.0,-2.1204677
1680,217600,131,39,0.27978515625,-0.03354727104306221,0.0004092704424510632,-0.02643485413864255,0.005385906042647548,0.9557291269302368,6784,0.2,-42.297460198402405,-0.894412636756897,0.022933898,1223.0,-2.1204677
1680,218112,132,40,0.2274169921875,-0.02264454960823059,0.0004092704424510632,-0.023518221962149255,0.022889022948220372,0.9554581046104431,6800,0.2,-42.3231760263443,0.5891618132591248,0.01678181,1223.0,-2.12093631
1680,218624,133,40,0.0579833984375,3.3522024750709534e-05,0.0004092704424510632,-0.011653721499897074,0.4082610853947699,0.9553877115249634,6816,0.2,-42.31187069416046,0.7402557134628296,0.011836679,1223.0,-2.12093631
1680,219136,134,40,0.3209228515625,-0.04060995206236839,0.0004092704424510632,-0.031727800087537616,0.0154379463638179,0.9560795426368713,6832,0.2,-42.3206969499588,-4.174288749694824,0.030802174,1223.0,-2.1203797399999997
1680,219648,135,41,0.0245361328125,0.0678320974111557,0.0004092704424510632,-0.005541423495742492,0.9059909321367741,0.9565728902816772,6848,0.2,-42.34612989425659,0.5603253841400146,0.007822441,1223.0,-2.1203797399999997
1680,220160,136,41,0.2506103515625,-0.03551676124334335,0.0004092704424510632,-0.02630904977559112,0.002439023130136775,0.957419216632843,6864,0.2,-42.363468647003174,-1.204145908355713,0.018821057,1223.0,-2.12261147
1679,220672,137,41,0.0169677734375,0.10865304619073868,0.0004092704424510632,-0.0026450570003362373,0.85698470659554,0.9578089714050293,6880,0.2,-42.38751149177551,0.68686842918396,0.0059062475,1223.0,-2.12261147
1679,221184,138,42,0.2486572265625,-0.03428756445646286,0.0004092704424510632,-0.02314638884854503,0.005696708969480824,0.9547982215881348,6896,0.2,-42.355791091918945,-0.9829432964324951,0.014482369,1223.0,-2.12261147
1679,221696,139,42,0.2437744140625,-0.04103366285562515,0.0004092704424510632,-0.026656243338948116,0.0037603148812195286,0.9538554549217224,6912,0.2,-42.271925926208496,0.2621486186981201,0.018644325,1223.0,-2.1220261099999997
1679,222208,140,42,0.0509033203125,0.10950084030628204,0.0004092704424510632,-0.011367737148248125,0.7658422780223191,0.9539793729782104,6928,0.2,-42.26390790939331,0.7088422775268555,0.008803976,1223.0,-2.1220261099999997
1678,222720,141,42,0.2352294921875,-0.031470175832509995,0.0004092704424510632,-0.019961054511441034,0.010442323662573472,0.9567980766296387,6944,0.2,-42.30110061168671,-4.342923164367676,0.024932846,1223.0,-2.1215295700000003
1678,223232,142,43,0.0081787109375,0.07379955798387527,0.0004092704424510632,-0.004951831571816001,1.3200732306577265,0.9577217698097229,6960,0.2,-42.373966574668884,0.4811798334121704,0.0040159794,1223.0,-2.1215295700000003
1678,223744,143,43,0.207275390625,-0.04319307208061218,0.0004092704424510632,-0.0250584607856581,0.006306911040155683,0.9574002623558044,6976,0.2,-42.37928879261017,-1.0212945938110352,0.015810754,1223.0,-2.1215295700000003
1679,224256,144,43,0.127685546875,0.01086549460887909,0.0004092704424510632,-0.01412567580700852,0.06799919495824724,0.9571182131767273,6992,0.2,-42.370004057884216,0.6142152547836304,0.013503176,1223.0,-2.12316497
1679,224768,145,44,0.016357421875,0.08970467746257782,0.0004092704424510632,-0.005837595075718127,0.9629315885249525,0.9569079875946045,7008,0.2,-42.35700857639313,0.61276775598526,0.006902179,1223.0,-2.12316497
1679,225280,146,44,0.2362060546875,-0.020420879125595093,0.0004092704424510632,-0.023423455306328833,0.01631412928691134,0.9579493403434753,7024,0.2,-42.36527991294861,-7.330069541931152,0.02305571,1223.0,-2.1248496400000003
1679,225792,147,44,0.0391845703125,0.04336728900671005,0.0004092704424510632,-0.007921103708213195,1.1831966657191515,0.9583674073219299,7040,0.2,-42.399343967437744,0.3115987777709961,0.006850009,1223.0,-2.1248496400000003
4296,226304,1,0,0.2265625,-0.040222831070423126,0.0004092704424510632,-0.025988002817030065,0.0024718872937228298,0.9603373408317566,7056,0.2,-42.429608941078186,-1.7210891246795654,0.013843735,1223.0,-2.12810292
2562,226816,2,0,0.05078125,0.16581445932388306,0.0004092704424510632,-0.008529580052709207,0.8796126050874591,0.9607715010643005,7072,0.2,-42.48008406162262,0.720420241355896,0.010566617,1223.0,-2.12810292
2340,227328,3,0,0.281982421875,-0.030916213989257812,0.0004092704424510632,-0.030311728012748063,0.003441169246798381,0.9623850584030151,7088,0.2,-42.50519645214081,-1.4452152252197266,0.0208535,1223.0,-2.12810292
2249,227840,4,0,0.26123046875,-0.04358236491680145,0.0004092704424510632,-0.02752712747314945,0.0024676108987478074,0.9643368721008301,7104,0.2,-42.566290855407715,0.11642873287200928,0.017627459,1223.0,-2.1288474600000002
2193,228352,5,1,0.0296630859375,0.038292624056339264,0.0004092704424510632,-0.010085551242809743,0.87735171825625,0.9648420214653015,7120,0.2,-42.60663890838623,0.5423235893249512,0.010547811,1223.0,-2.1288474600000002
2163,228864,6,1,0.2816162109375,-0.03413772210478783,0.0004092704424510632,-0.028539618680952117,0.009167059542960487,0.9674122333526611,7136,0.2,-42.64918780326843,-2.2406623363494873,0.020018846,1223.0,-2.1295543599999998
2143,229376,7,1,0.03955078125,0.0958583876490593,0.0004092704424510632,-0.005936249697697349,0.8444528048858047,0.9681560397148132,7152,0.2,-42.70733296871185,0.6670461893081665,0.005904186,1223.0,-2.1295543599999998
2132,229888,8,1,0.2257080078125,-0.03880600258708,0.0004092704424510632,-0.024746334529481828,0.005377813606173731,0.9683822393417358,7168,0.2,-42.70832586288452,-1.0208771228790283,0.01754902,1223.0,-2.1295543599999998
2114,230400,9,2,0.1455078125,-0.0014195069670677185,0.0004092704424510632,-0.023703718063188717,0.16881937661673874,0.9682890772819519,7184,0.2,-42.70951044559479,0.6625109910964966,0.021220412,1223.0,-2.1314575799999997
2102,230912,10,2,0.0965576171875,0.01794259622693062,0.0004092704424510632,-0.016856252594152465,1.4928042145911604,0.9683239459991455,7200,0.2,-42.70320117473602,0.43239128589630127,0.013765656,1223.0,-2.1314575799999997
2088,231424,11,2,0.2978515625,-0.04014432802796364,0.0004092704424510632,-0.03165268828161061,0.005857593074324541,0.9682003855705261,7216,0.2,-42.706214904785156,-0.930147647857666,0.022628998,1223.0,-2.1329690299999995
2080,231936,12,2,0.0052490234375,0.06941214948892593,0.0004092704424510632,-0.0015295087359845638,1.3748085373081267,0.9681192636489868,7232,0.2,-42.70317459106445,0.5031503438949585,0.0045201927,1223.0,-2.1329690299999995
2072,232448,13,3,0.2237548828125,-0.029386918991804123,0.0004092704424510632,-0.02250141152762808,0.00257502890235628,0.9681834578514099,7248,0.2,-42.70608615875244,-1.205091953277588,0.018067243,1223.0,-2.13306766
2066,232960,14,3,0.01318359375,0.07788839936256409,0.0004092704424510632,-0.003779678198043257,1.3469479512423277,0.9683115482330322,7264,0.2,-42.715195059776306,0.46731430292129517,0.005924611,1223.0,-2.13306766
2061,233472,15,3,0.2174072265625,-0.04211463779211044,0.0004092704424510632,-0.026669719685742166,0.002949181100120768,0.9668498635292053,7280,0.2,-42.69386005401611,-1.4062490463256836,0.013432803,1223.0,-2.13306766
2058,233984,16,3,0.229248046875,-0.03255040571093559,0.0004092704424510632,-0.02263081178534776,0.01338173629483208,0.9667523503303528,7296,0.2,-42.67010140419006,0.5243515968322754,0.016944496,1223.0,-2.1337871699999997
2044,234496,17,4,0.0147705078125,0.06849196553230286,0.0004092704424510632,-0.006199593510245904,0.7755096354521811,0.9667946696281433,7312,0.2,-42.66326439380646,0.7445112466812134,0.0066274498,1223.0,-2.1337871699999997
2038,235008,18,4,0.215576171875,-0.030133705586194992,0.0004092704424510632,-0.02369227699819021,0.017021740757627413,0.9665005207061768,7328,0.2,-42.659690499305725,-4.9566650390625,0.017217677,1223.0,-2.13449067
2033,235520,19,4,0.0206298828125,0.07674835622310638,0.0004092704424510632,-0.0009303054539486766,1.11374626820907,0.9663411974906921,7344,0.2,-42.65105605125427,0.5930376052856445,0.0051081656,1223.0,-2.13449067
2030,236032,20,5,0.247314453125,-0.04034219682216644,0.0004092704424510632,-0.02508061518892646,0.003557469608495012,0.9685784578323364,7360,0.2,-42.67888677120209,-1.1565353870391846,0.015677916,1223.0,-2.13449067
2026,236544,21,5,0.0289306640625,0.09368108212947845,0.0004092704424510632,-0.00855481653343304,0.7688818369060755,0.9694984555244446,7376,0.2,-42.735281467437744,0.7000465393066406,0.007144723,1223.0,-2.1366973099999997
2024,237056,22,5,0.2640380859375,-0.030908463522791862,0.0004092704424510632,-0.021302906025084667,0.016607389188720845,0.9706330895423889,7392,0.2,-42.75868499279022,0.9846699833869934,0.02867047,1223.0,-2.1366973099999997
2022,237568,23,5,0.3104248046875,-0.03537037968635559,0.0004092704424510632,-0.03116350850177696,0.006199358540470712,0.9677662253379822,7408,0.2,-42.7456374168396,-0.04309391975402832,0.01947948,1223.0,-2.1387868599999997
2020,238080,24,6,0.0179443359375,0.17285138368606567,0.0004092704424510632,-0.0035527707368601114,1.1976927947252989,0.9667922258377075,7424,0.2,-42.66284477710724,0.7660187482833862,0.0056801206,1223.0,-2.1387868599999997
2015,238592,25,6,0.2181396484375,-0.03177997097373009,0.0004092704424510632,-0.024582717611338012,0.01585356899886392,0.9668824076652527,7440,0.2,-42.65770244598389,-0.29382169246673584,0.017068839,1223.0,-2.13885173
2012,239104,26,6,0.0108642578125,0.5838158130645752,0.0004092704424510632,-0.002553102051024325,1.2859013751149178,0.966946542263031,7456,0.2,-42.66292870044708,0.8225154876708984,0.004363049,1223.0,-2.13885173
2010,239616,27,6,0.2337646484375,-0.03941286355257034,0.0004092704424510632,-0.02688774760463275,0.003610591680626385,0.9638820886611938,7472,0.2,-42.627119064331055,-1.3481850624084473,0.017514028,1223.0,-2.13885173
2007,240128,28,7,0.2540283203125,-0.035462334752082825,0.0004092704424510632,-0.0283629138575634,0.01884862338192761,0.9592480063438416,7488,0.2,-42.486706137657166,0.6258245706558228,0.01885168,1223.0,-2.1399448
2005,240640,29,7,0.0452880859375,-0.005444221198558807,0.0004092704424510632,-0.011880344471137505,0.5427545269485563,0.9578526616096497,7504,0.2,-42.37583577632904,0.7043552994728088,0.012552175,1223.0,-2.1399448
2003,241152,30,7,0.3270263671875,-0.026560895144939423,0.0004092704424510632,-0.027889736797078513,0.014616635075071827,0.9590521454811096,7520,0.2,-42.36920344829559,-3.2302603721618652,0.026206518,1223.0,-2.14194395
2001,241664,31,7,0.0205078125,0.09501861035823822,0.0004092704424510632,0.0023498751397710294,1.1172755262814462,0.9595376253128052,7536,0.2,-42.4041393995285,0.4747700095176697,0.0039340635,1223.0,-2.14194395
1999,242176,32,8,0.195068359375,-0.028099676594138145,0.0004092704424510632,-0.022230584392673336,0.0028536822355818003,0.9568089842796326,7552,0.2,-42.37784922122955,-0.2427152395248413,0.015790408,1223.0,-2.14245011
1997,242688,33,8,0.010986328125,0.3379209041595459,0.0004092704424510632,-0.005021952631068416,2.3643665751442313,0.9560487866401672,7568,0.2,-42.31408882141113,0.1392410397529602,0.0050838133,1223.0,-2.14245011
1995,243200,34,8,0.2454833984375,-0.03959003835916519,0.0004092704424510632,-0.02781345957191661,0.003478457198070828,0.9538819789886475,7584,0.2,-42.284326672554016,-0.10408341884613037,0.014891382,1223.0,-2.14245011
1994,243712,35,8,0.2359619140625,-0.029509635642170906,0.0004092704424510632,-0.023058594786562026,0.0070660618803231046,0.952562153339386,7600,0.2,-42.228179931640625,0.3397923707962036,0.015196032,1223.0,-2.1438405099999995
1991,244224,36,9,0.0157470703125,0.22795134782791138,0.0004092704424510632,-0.0057469310995657,1.3497592154890299,0.9521309733390808,7616,0.2,-42.20678126811981,0.7670708894729614,0.005281586,1223.0,-2.1438405099999995
1988,244736,37,9,0.2515869140625,-0.019070569425821304,0.0004092704424510632,-0.01883012053440325,0.0197211533668451,0.9522354006767273,7632,0.2,-42.20189571380615,-4.249189853668213,0.028274063,1223.0,-2.1431134099999998
1987,245248,38,9,0.0166015625,0.06670187413692474,0.0004092704424510632,-0.003705947267008014,1.3880831864662468,0.9520664811134338,7648,0.2,-42.19702422618866,0.45058339834213257,0.005822185,1223.0,-2.1431134099999998
1987,245760,39,10,0.2606201171875,-0.03929230943322182,0.0004092704424510632,-0.029139849677449092,0.0018122591063729487,0.9524521231651306,7664,0.2,-42.193703413009644,-0.4508012533187866,0.021945339,1223.0,-2.1431134099999998
1987,246272,40,10,0.2000732421875,-0.017770089209079742,0.0004092704424510632,-0.021474573513842188,0.005705742165446281,0.9542717337608337,7680,0.2,-42.235071420669556,0.5706200003623962,0.014834975,1223.0,-2.14237785
1986,246784,41,10,0.0408935546875,0.051134709268808365,0.0004092704424510632,-0.011880160935106687,1.7512151175178587,0.9547393321990967,7696,0.2,-42.285053730010986,0.24160712957382202,0.011488197,1223.0,-2.14237785
1985,247296,42,10,0.30859375,-0.03243696317076683,0.0004092704424510632,-0.02733496014843695,0.015773986669955775,0.9543062448501587,7712,0.2,-42.277281522750854,-5.322756767272949,0.030287791,1223.0,-2.14324571
1985,247808,43,11,0.01611328125,0.09048193693161011,0.0004092704424510632,-0.008075515237578657,1.268709453754127,0.9540488719940186,7728,0.2,-42.258596777915955,0.5652272701263428,0.0075943246,1223.0,-2.14324571
1985,248320,44,11,0.31005859375,-0.0506114587187767,0.0004092704424510632,-0.027500159601913765,0.003959442550694803,0.9551295638084412,7744,0.2,-42.26445281505585,-2.6843695640563965,0.023063146,1223.0,-2.1432197899999994
1985,248832,45,11,0.0836181640625,0.09786006063222885,0.0004092704424510632,-0.013657672141562216,0.9677841016091406,0.9556781053543091,7760,0.2,-42.29950749874115,0.667794942855835,0.013774882,1223.0,-2.1432197899999994
1987,249344,46,11,0.3111572265625,-0.04520103335380554,0.0004092704424510632,-0.03370288937003352,0.003039877883566078,0.9533020853996277,7776,0.2,-42.27692973613739,-1.4885165691375732,0.023832567,1223.0,-2.1432197899999994
1987,249856,47,12,0.2762451171875,-0.033464863896369934,0.0004092704424510632,-0.024537703167879954,0.0033316857734462246,0.9541140794754028,7792,0.2,-42.234853625297546,-0.25532305240631104,0.0272757,1223.0,-2.1442934399999998
1987,250368,48,12,0.00830078125,0.03966789320111275,0.0004092704424510632,-0.00252748753700871,0.8747487370856106,0.954754650592804,7808,0.2,-42.27929353713989,0.6216788291931152,0.004768319,1223.0,-2.1442934399999998
1984,250880,49,12,0.2469482421875,-0.012232299894094467,0.0004092704424510632,-0.024888252752134576,0.07987396162934601,0.9557362198829651,7824,0.2,-42.29969894886017,-0.058875441551208496,0.022951387,1223.0,-2.144295229999999
1982,251392,50,12,0.0076904296875,0.3072826564311981,0.0004092704424510632,-0.005332079061190598,1.5240457206964493,0.9558042287826538,7840,0.2,-42.31640923023224,0.8594871759414673,0.0049807145,1223.0,-2.144295229999999
1984,251904,51,13,0.250732421875,-0.026155032217502594,0.0004092704424510632,-0.02513951458968222,0.013825406291289255,0.9584047198295593,7856,0.2,-42.343262672424316,-3.1256818771362305,0.020269565,1223.0,-2.144295229999999
1984,252416,52,13,0.0601806640625,0.05143703520298004,0.0004092704424510632,-0.013276455538289156,0.40347849717363715,0.9590581059455872,7872,0.2,-42.41269493103027,0.527225136756897,0.010396656,1223.0,-2.14421748
1983,252928,53,13,0.099853515625,0.0036873482167720795,0.0004092704424510632,-0.016101936111226678,0.32421829720260575,0.9591898322105408,7888,0.2,-42.41451096534729,0.7781670689582825,0.018422084,1223.0,-2.14421748
1985,253440,54,13,0.2779541015625,-0.005800660699605942,0.0004092704424510632,-0.025068086237297393,0.042593436664901674,0.9597632884979248,7904,0.2,-42.423543095588684,-0.527949333190918,0.024569718,1223.0,-2.1458780999999996
1985,253952,55,14,0.0220947265625,0.15435843169689178,0.0004092704424510632,-0.00572855636710301,0.9844614397734404,0.9603032469749451,7920,0.2,-42.44562005996704,0.8366135954856873,0.007490581,1223.0,-2.1458780999999996
1986,254464,56,14,0.2777099609375,-0.026073288172483444,0.0004092704424510632,-0.021113461363711394,0.020372563390992582,0.9613782167434692,7936,0.2,-42.4684693813324,-2.9374372959136963,0.019702157,1223.0,-2.1468043499999996
1986,254976,57,14,0.013671875,0.12107402086257935,0.0004092704424510632,-0.0031428099900949746,1.2338876072317362,0.9617359638214111,7952,0.2,-42.4988089799881,0.6175554990768433,0.005674095,1223.0,-2.1468043499999996
1985,255488,58,14,0.24853515625,-0.049138713628053665,0.0004092704424510632,-0.03058660079841502,0.003635319972090656,0.962102472782135,7968,0.2,-42.50708889961243,-0.5397727489471436,0.018110966,1223.0,-2.1468043499999996
1985,256000,59,15,0.225341796875,-0.021961858496069908,0.0004092704424510632,-0.022447939089033753,0.017543006339110434,0.9644963145256042,7984,0.2,-42.55059516429901,0.4311830997467041,0.019235622,1223.0,-2.1448147
1984,256512,60,15,0.0301513671875,0.022548295557498932,0.0004092704424510632,-0.008522326301317662,0.6062732967548072,0.9650290012359619,8000,0.2,-42.603684067726135,0.7666218876838684,0.011043949,1223.0,-2.1448147
1985,257024,61,15,0.228515625,-0.01939053274691105,0.0004092704424510632,-0.02252986267922097,0.02413225590134971,0.9626438021659851,8016,0.2,-42.57521200180054,-5.941189765930176,0.019905973,1223.0,-2.1467666299999997
1983,257536,62,16,0.0216064453125,0.08714304864406586,0.0004092704424510632,-0.0020793064177269116,1.1205985341221094,0.9617735147476196,8032,0.2,-42.500962138175964,0.559575080871582,0.006419896,1223.0,-2.1467666299999997
1984,258048,63,16,0.2286376953125,-0.028638672083616257,0.0004092704424510632,-0.023758797498885542,0.002453322318615392,0.9617549180984497,8048,0.2,-42.49620866775513,-0.316756010055542,0.017352507,1223.0,-2.1467666299999997
1984,258560,64,16,0.25439453125,-0.00760975107550621,0.0004092704424510632,-0.02559142024256289,0.08264333929400891,0.959944486618042,8064,0.2,-42.48388314247131,0.46701520681381226,0.021445423,1223.0,-2.1477229899999997
1985,259072,65,16,0.26123046875,0.13298220932483673,0.0004092704424510632,-0.01638483068381902,0.9309863648959436,0.959404706954956,8080,0.2,-42.4366991519928,0.22922366857528687,0.025269058,1223.0,-2.1477229899999997
1986,259584,66,17,0.3001708984375,-0.03699382394552231,0.0004092704424510632,-0.030622436504927464,0.010838608664926142,0.9613291621208191,8096,0.2,-42.456997871398926,-1.5028414726257324,0.021628529,1223.0,-2.1484639899999998
1987,260096,67,17,0.0208740234375,0.23989200592041016,0.0004092704424510632,-0.005295650622429093,1.125938355922699,0.9621166586875916,8112,0.2,-42.519609332084656,0.6125150322914124,0.009327386,1223.0,-2.1484639899999998
1988,260608,68,17,0.2630615234375,-0.03449031710624695,0.0004092704424510632,-0.025244204414775595,0.012219776137499139,0.9619231224060059,8128,0.2,-42.53085672855377,0.06752157211303711,0.019096226,1223.0,-2.1510338199999994
1989,261120,69,17,0.034423828125,0.24725452065467834,0.0004092704424510632,-0.00716288412513677,1.1786784306168556,0.9614379405975342,8144,0.2,-42.52419877052307,0.8582854866981506,0.0079522785,1223.0,-2.1510338199999994
1991,261632,70,17,0.2464599609375,-0.03292705491185188,0.0004092704424510632,-0.025281398760853335,0.00867429660866037,0.9597793221473694,8160,0.2,-42.49356126785278,-3.9062867164611816,0.020099308,1223.0,-2.1510338199999994
1993,262144,71,18,0.2943115234375,-0.03707408159971237,0.0004092704424510632,-0.03429761793813668,0.02027840103255585,0.9580643177032471,8176,0.2,-42.43722927570343,0.608540415763855,0.020260472,1223.0,-2.15260413
1994,262656,72,18,0.065185546875,0.04799123853445053,0.0004092704424510632,-0.012134350719861686,0.6583233887795359,0.9575974345207214,8192,0.2,-42.39742946624756,0.6893264055252075,0.013113458,1223.0,-2.15260413
1996,263168,73,18,0.248046875,-0.03234735131263733,0.0004092704424510632,-0.02528746091411449,0.012030099431285635,0.9576235413551331,8208,0.2,-42.3896324634552,-1.4095981121063232,0.020714406,1223.0,-2.1533935200000003
1996,263680,74,18,0.0220947265625,0.11453856527805328,0.0004092704424510632,-0.005177840037504211,1.698052080348134,0.9576270580291748,8224,0.2,-42.39266812801361,0.608344554901123,0.0056704553,1223.0,-2.1533935200000003
1997,264192,75,19,0.2808837890625,-0.03998756781220436,0.0004092704424510632,-0.030429888982325792,0.006154337868792936,0.9577411413192749,8240,0.2,-42.389585852622986,-1.950319528579712,0.021874804,1223.0,-2.1537410699999997
1997,264704,76,19,0.0078125,0.2610534131526947,0.0004092704424510632,-0.005639066104777157,1.4383838549256325,0.9579590559005737,8256,0.2,-42.39123046398163,0.6552313566207886,0.004739417,1223.0,-2.1537410699999997
1998,265216,77,19,0.2633056640625,-0.04571947827935219,0.0004092704424510632,-0.027236964961048216,0.004748450097395107,0.9598670601844788,8272,0.2,-42.417983412742615,-1.0784950256347656,0.01885667,1223.0,-2.1537410699999997
1998,265728,78,19,0.313720703125,-0.04494224861264229,0.0004092704424510632,-0.030066184714087285,0.0038257396954577416,0.9585121273994446,8288,0.2,-42.4406042098999,0.4186429977416992,0.024925025,1223.0,-2.15434075
1999,266240,79,20,0.008544921875,0.094023697078228,0.0004092704424510632,-0.0012926103445352055,1.0430928408168256,0.9576491713523865,8304,0.2,-42.38277351856232,0.6698220372200012,0.00507975,1223.0,-2.15434075
1999,266752,80,20,0.2783203125,-0.029708053916692734,0.0004092704424510632,-0.026044032856589183,0.008441403682809323,0.9575389623641968,8320,0.2,-42.36980152130127,-2.7852540016174316,0.022690753,1223.0,-2.1575174799999997
1999,267264,81,20,0.0128173828125,0.05141136422753334,0.0004092704424510632,-0.00852335889794631,1.152622263878584,0.9574159383773804,8336,0.2,-42.36203742027283,0.5799068212509155,0.005906829,1223.0,-2.1575174799999997
2000,267776,82,20,0.2764892578125,-0.042728424072265625,0.0004092704424510632,-0.030615386262070388,0.0026264529005857185,0.9560940265655518,8352,0.2,-42.34158778190613,-1.1821303367614746,0.021264989,1223.0,-2.1575174799999997
2000,268288,83,21,0.280517578125,-0.037200670689344406,0.0004092704424510632,-0.03068391466513276,0.006097360979765654,0.954154372215271,8368,0.2,-42.290276646614075,0.48330456018447876,0.01894427,1223.0,-2.1599762599999996
1999,268800,84,21,0.0716552734375,0.017653051763772964,0.0004092704424510632,-0.012633937789360061,0.868184158578515,0.9536606669425964,8384,0.2,-42.246697664260864,0.4452137351036072,0.017046047,1223.0,-2.1599762599999996
2000,269312,85,21,0.2996826171875,-0.039454564452171326,0.0004092704424510632,-0.031345853334642015,0.0046570670674555,0.9542220234870911,8400,0.2,-42.24688386917114,-3.0115785598754883,0.020277515,1223.0,-2.16196911
2000,269824,86,22,0.0035400390625,0.08401811867952347,0.0004092704424510632,-0.003945083837606944,1.6895472160540521,0.9543656706809998,8416,0.2,-42.26019632816315,0.44100916385650635,0.0049601076,1223.0,-2.16196911
2001,270336,87,22,0.2498779296875,-0.04220547154545784,0.0004092704424510632,-0.026557140081422403,0.002778288569970755,0.9548758268356323,8432,0.2,-42.263888239860535,-2.183634042739868,0.022404155,1223.0,-2.16209295
2001,270848,88,22,0.0474853515625,0.07872024923563004,0.0004092704424510632,-0.011004330357536674,1.4948453665710986,0.9550887942314148,8448,0.2,-42.281611919403076,0.6561267375946045,0.009310754,1223.0,-2.16209295
2002,271360,89,22,0.235107421875,-0.03590792417526245,0.0004092704424510632,-0.02580384138855152,0.0029501031604013406,0.9551219344139099,8464,0.2,-42.286343693733215,-1.2900171279907227,0.019015886,1223.0,-2.16209295
2003,271872,90,22,0.2998046875,-0.04944206401705742,0.0004092704424510632,-0.03919877151201945,0.0030813744851911906,0.9539332985877991,8480,0.2,-42.274493932724,0.0908460021018982,0.01919116,1223.0,-2.16517945
2004,272384,91,23,0.0172119140625,0.07514633983373642,0.0004092704424510632,-0.004108550390810706,1.7537321038544178,0.9536018967628479,8496,0.2,-42.2477650642395,0.43475180864334106,0.005160314,1223.0,-2.16517945
2005,272896,92,23,0.2529296875,-0.03720614314079285,0.0004092704424510632,-0.02509112740517594,0.006084661508793943,0.9519038200378418,8512,0.2,-42.21892440319061,-1.0391452312469482,0.020403787,1223.0,-2.1650168499999993
2006,273408,93,23,0.0260009765625,0.11041615903377533,0.0004092704424510632,-0.010040946552180685,1.9353449833579361,0.9515138268470764,8528,0.2,-42.17032170295715,0.49448519945144653,0.006601179,1223.0,-2.1650168499999993
2007,273920,94,23,0.1990966796875,-0.02524440921843052,0.0004092704424510632,-0.021719690863392316,0.008388192094571423,0.9523364901542664,8544,0.2,-42.18008589744568,-2.3017966747283936,0.015180882,1223.0,-2.1650168499999993
2007,274432,95,24,0.2132568359375,0.012988723814487457,0.0004092704424510632,-0.022766052585211582,0.15325021394528449,0.9533362984657288,8560,0.2,-42.213637948036194,0.6014236211776733,0.024822447,1223.0,-2.1643784799999994
2008,274944,96,24,0.0390625,0.09576506912708282,0.0004092704424510632,-0.011058808493544348,2.7868478670716286,0.9535263776779175,8576,0.2,-42.22691237926483,0.4316340684890747,0.009911608,1223.0,-2.1643784799999994
2008,275456,97,24,0.2296142578125,-0.035137761384248734,0.0004092704424510632,-0.026590439447318204,0.008310937577334698,0.9533697366714478,8592,0.2,-42.21877145767212,-4.054776191711426,0.017022539,1223.0,-2.1653833899999992
2008,275968,98,24,0.022216796875,0.772423267364502,0.0004092704424510632,-0.006036775441316422,4.055735796689987,0.9534531235694885,8608,0.2,-42.21312701702118,0.17060476541519165,0.00571261,1223.0,-2.1653833899999992
2008,276480,99,25,0.2344970703125,-0.032377779483795166,0.0004092704424510632,-0.02562478835170623,0.031166050059255213,0.9518828988075256,8624,0.2,-42.19634652137756,-0.35590481758117676,0.018331844,1223.0,-2.1670584399999995
2009,276992,100,25,0.029296875,1.4617702960968018,0.0004092704424510632,-0.004605700669344515,5.304548263549805,0.9512471556663513,8640,0.2,-42.153781056404114,0.3286030888557434,0.005673881,1223.0,-2.1670584399999995
2009,277504,101,25,0.240234375,-0.03588828817009926,0.0004092704424510632,-0.0268026098201517,0.03107329274644144,0.953042209148407,8656,0.2,-42.1654349565506,-10.964458465576172,0.020929407,1223.0,-2.1670584399999995
2008,278016,102,25,0.2630615234375,-0.02634466625750065,0.0004092704424510632,-0.024984743125969544,0.003148393821902573,0.9547145962715149,8672,0.2,-42.22362983226776,0.026317954063415527,0.02173202,1223.0,-2.1678689199999996
2008,278528,103,26,0.02392578125,0.2893527150154114,0.0004092704424510632,-0.009271769245970063,3.6399174574762583,0.9551891684532166,8688,0.2,-42.2576904296875,0.11243396997451782,0.0069044144,1223.0,-2.1678689199999996
2007,279040,104,26,0.220458984375,-0.02575804479420185,0.0004092704424510632,-0.023830652062315494,0.059716173622291535,0.9559879302978516,8704,0.2,-42.27052712440491,-9.281631469726562,0.02887506,1223.0,-2.16821938
2006,279552,105,26,0.029296875,0.13021591305732727,0.0004092704424510632,-0.009186305484035984,1.6375921973958611,0.9563931822776794,8720,0.2,-42.2918666601181,0.3424285650253296,0.008996711,1223.0,-2.16821938
2006,280064,106,27,0.25341796875,-0.046061430126428604,0.0004092704424510632,-0.02748509078810457,0.001932579998538131,0.9544485211372375,8736,0.2,-42.27636671066284,-0.18205249309539795,0.018975109,1223.0,-2.16821938
2005,280576,107,27,0.097900390625,0.051443472504615784,0.0004092704424510632,-0.015899092104518786,0.34797503892332315,0.9538760781288147,8752,0.2,-42.224624037742615,0.5199605822563171,0.013884752,1223.0,-2.1694647500000004
2004,281088,108,27,0.0877685546875,0.02943364717066288,0.0004092704424510632,-0.010767897110781632,0.2207333241822198,0.9537923336029053,8768,0.2,-42.218796133995056,0.3993809223175049,0.011969274,1223.0,-2.1694647500000004
2001,281600,109,27,0.2086181640625,0.14826509356498718,0.0004092704424510632,-0.017629121779464185,0.35073483223095536,0.9543609619140625,8784,0.2,-42.22819530963898,0.4033682942390442,0.019392913,1223.0,-2.1711410800000004
2000,282112,110,28,0.0015869140625,0.35707592964172363,0.0004092704424510632,-0.0055777703382773325,1.057406423613429,0.9545245170593262,8800,0.2,-42.240087032318115,0.9195592403411865,0.003910626,1223.0,-2.1711410800000004
1998,282624,111,28,0.1302490234375,0.35897234082221985,0.0004092704424510632,-0.016651571713737212,0.7988982610404491,0.9537651538848877,8816,0.2,-42.234442830085754,0.2981122136116028,0.018610517,1223.0,-2.171303230000001
1997,283136,112,28,0.013671875,1.9069290161132812,0.0004092704424510632,-0.008836096749291755,3.1482256911695004,0.9536020755767822,8832,0.2,-42.216644525527954,0.9055382013320923,0.005708521,1223.0,-2.171303230000001
1996,283648,113,28,0.1781005859375,-0.029783345758914948,0.0004092704424510632,-0.023579624903504737,0.09221259877085686,0.9538407921791077,8848,0.2,-42.21640467643738,-19.910348892211914,0.020086624,1223.0,-2.171303230000001
1994,284160,114,29,0.3197021484375,-0.03570520132780075,0.0004092704424510632,-0.03177451893861871,0.0024608524072391447,0.9557766914367676,8864,0.2,-42.24531543254852,0.4135380983352661,0.024645662,1223.0,-2.17193782
1994,284672,115,29,0.0240478515625,0.2793594002723694,0.0004092704424510632,0.0011746802920242772,2.333089721389115,0.9562133550643921,8880,0.2,-42.28479838371277,0.19150054454803467,0.0047208536,1223.0,-2.17193782
1993,285184,116,29,0.281494140625,-0.030690187588334084,0.0004092704424510632,-0.02933065840625204,0.003951708167733159,0.9572368860244751,8896,0.2,-42.29546236991882,0.17478221654891968,0.018858038,1223.0,-2.1735742300000003
1992,285696,117,30,0.02099609375,0.31489861011505127,0.0004092704424510632,-0.0008693152412888594,1.762403879314661,0.9575944542884827,8912,0.2,-42.31647801399231,0.3702613115310669,0.005557508,1223.0,-2.1735742300000003
1992,286208,118,30,0.276611328125,-0.045730285346508026,0.0004092704424510632,-0.03211976734746713,0.00242455202533165,0.960128903388977,8928,0.2,-42.34570252895355,0.043326497077941895,0.020418521,1223.0,-2.17224518
1989,286720,119,30,0.0123291015625,0.34111106395721436,0.0004092704424510632,-0.001312140389927663,1.837220092304051,0.9609338045120239,8944,0.2,-42.40075194835663,0.42859208583831787,0.0040983493,1223.0,-2.17224518
1988,287232,120,30,0.1937255859375,-0.0351974219083786,0.0004092704424510632,-0.02239698426274117,0.0031269630089809652,0.9612692594528198,8960,0.2,-42.405728340148926,-0.15985488891601562,0.01222579,1223.0,-2.17224518
1987,287744,121,31,0.267578125,-0.030580701306462288,0.0004092704424510632,-0.026725309711764567,0.002716094229981536,0.9617749452590942,8976,0.2,-42.40485346317291,0.08454328775405884,0.017926764,1223.0,-2.17170648
1986,288256,122,31,0.001708984375,0.20547987520694733,0.0004092704424510632,-0.0005644818957080133,2.565959360450506,0.9621925354003906,8992,0.2,-42.417216300964355,0.14169299602508545,0.0022355597,1223.0,-2.17170648
1985,288768,123,31,0.2685546875,-0.03670313581824303,0.0004092704424510632,-0.03026795580808539,0.005636296664306428,0.9636662602424622,9008,0.2,-42.439207315444946,-0.424222469329834,0.01922956,1223.0,-2.17305912
1983,289280,124,32,0.027099609375,0.24530699849128723,0.0004092704424510632,-0.001113020807679277,1.3086361531168222,0.9639526009559631,9024,0.2,-42.471718549728394,0.35181641578674316,0.0061959187,1223.0,-2.17305912
1982,289792,125,32,0.260986328125,-0.03970728814601898,0.0004092704424510632,-0.024929987615905702,0.0023863617607275955,0.961250901222229,9040,0.2,-42.43681359291077,-0.3895364999771118,0.019365687,1223.0,-2.17305912
1982,290304,126,32,0.0452880859375,0.15233495831489563,0.0004092704424510632,-0.013194814877351746,0.7070929566398263,0.9604835510253906,9056,0.2,-42.37567102909088,0.6144117116928101,0.008597047,1223.0,-2.1753734000000002
1981,290816,127,32,0.104248046875,0.0035200752317905426,0.0004092704424510632,-0.010969929193379357,0.29415992728900164,0.9606440663337708,9072,0.2,-42.37055563926697,0.9162055850028992,0.020032007,1223.0,-2.1753734000000002
1980,291328,128,33,0.308349609375,-0.029259759932756424,0.0004092704424510632,-0.033318142901407555,0.016284646175336093,0.9617083668708801,9088,0.2,-42.37980914115906,-1.0717182159423828,0.023163218,1223.0,-2.1751338
1980,291840,129,33,0.016845703125,0.23070840537548065,0.0004092704424510632,-0.002816426240315195,1.6000887425616384,0.9618761539459229,9104,0.2,-42.393255949020386,0.8137131333351135,0.004369079,1223.0,-2.1751338
1978,292352,130,33,0.186279296875,-0.021514184772968292,0.0004092704424510632,-0.019512851184117608,0.0028443481569411233,0.9604170322418213,9120,0.2,-42.37369656562805,-5.296844482421875,0.015902497,1223.0,-2.17470632
1977,292864,131,33,0.0037841796875,0.647746741771698,0.0004092704424510632,-0.0022447055380325764,1.8563992446288466,0.9598811864852905,9136,0.2,-42.330363750457764,0.6001136302947998,0.0035667145,1223.0,-2.17470632
1976,293376,132,34,0.299560546875,-0.048987340182065964,0.0004092704424510632,-0.03316534182522446,0.0033732867341313977,0.9620362520217896,9152,0.2,-42.352829456329346,-3.1482911109924316,0.021824889,1223.0,-2.17470632
1975,293888,133,34,0.2821044921875,-0.030681049451231956,0.0004092704424510632,-0.02876306464895606,0.006841343303676695,0.9593741297721863,9168,0.2,-42.35531544685364,0.4896501898765564,0.021011777,1223.0,-2.17527159
1974,294400,134,34,0.0067138671875,0.16954368352890015,0.0004092704424510632,0.0005382452873163857,0.8880047500133514,0.9583892822265625,9184,0.2,-42.279253363609314,0.7274650931358337,0.0044562924,1223.0,-2.17527159
1973,294912,135,35,0.2071533203125,-0.02702357806265354,0.0004092704424510632,-0.023844723240472376,0.011166916665388271,0.956013023853302,9200,0.2,-42.24076867103577,-0.12121355533599854,0.01713359,1223.0,-2.17371595
1972,295424,136,35,0.0018310546875,0.2748526632785797,0.0004092704424510632,-2.958696859423071e-05,1.67879787273705,0.9551180005073547,9216,0.2,-42.17685008049011,0.8201272487640381,0.0027313163,1223.0,-2.17371595
1972,295936,137,35,0.2147216796875,-0.05265127867460251,0.0004092704424510632,-0.025364348701259587,0.0028677959126071073,0.9552373290061951,9232,0.2,-42.170440435409546,-3.89617919921875,0.015311865,1223.0,-2.17371595
1971,296448,138,35,0.2718505859375,-0.04323996603488922,0.0004092704424510632,-0.03002601067419164,0.007842383056413382,0.9556682705879211,9248,0.2,-42.18241560459137,0.5978110432624817,0.022275113,1223.0,-2.17517162
1971,296960,139,36,0.0928955078125,0.037799905985593796,0.0004092704424510632,-0.017763971904059872,0.8971954225562513,0.9554713368415833,9264,0.2,-42.19332444667816,0.18976300954818726,0.017119948,1223.0,-2.17517162
1970,297472,140,36,0.272216796875,-0.025276606902480125,0.0004092704424510632,-0.029099300139932893,0.033932602033019066,0.9551703929901123,9280,0.2,-42.18524086475372,0.21695125102996826,0.021097952,1223.0,-2.17533766
1970,297984,141,36,0.0260009765625,0.3690240979194641,0.0004092704424510632,-0.0033116232734755613,1.3080841368064284,0.9550261497497559,9296,0.2,-42.17719340324402,0.8803227543830872,0.005963106,1223.0,-2.17533766
1969,298496,142,36,0.2176513671875,-0.016336487606167793,0.0004092704424510632,-0.025482799479505047,0.04815941408742219,0.9554386138916016,9312,0.2,-42.1799693107605,-0.6632781028747559,0.01678727,1223.0,-2.17360114
1968,299008,143,37,0.0106201171875,0.18214884400367737,0.0004092704424510632,-0.004445408587343991,0.9339610347524285,0.9555562138557434,9328,0.2,-42.1873482465744,0.8477662205696106,0.005338532,1223.0,-2.17360114
1968,299520,144,37,0.2264404296875,-0.04903564602136612,0.0004092704424510632,-0.027234362678427715,0.0031176373959169723,0.9575165510177612,9344,0.2,-42.21335184574127,-3.0766053199768066,0.014789438,1223.0,-2.17360114
1967,300032,145,37,0.1993408203125,-0.027300605550408363,0.0004092704424510632,-0.02514963764406275,0.0039053553991834633,0.9598863124847412,9360,0.2,-42.282546162605286,0.3960654139518738,0.014118439,1223.0,-2.1750623
1967,300544,146,37,0.0030517578125,0.18870961666107178,0.0004092704424510632,-0.0002903346176026389,1.437390354461968,0.9603193402290344,9376,0.2,-42.32283902168274,0.48357319831848145,0.0028118775,1223.0,-2.1750623
1967,301056,147,38,0.2562255859375,-0.03347834199666977,0.0004092704424510632,-0.0258195074275136,0.0021438894764287397,0.9607713222503662,9392,0.2,-42.32894492149353,-0.38483595848083496,0.021897666,1223.0,-2.17506645
