time/fps,time/iterations,time/time_elapsed,time/total_timesteps,train/entropy_loss,train/std,train/loss,train/policy_gradient_loss,train/explained_variance,train/approx_kl,train/learning_rate,train/n_updates,train/value_loss,train/clip_range,train/clip_fraction,rollout/ep_len_mean,rollout/ep_rew_mean
4084,1,0,512,,,,,,,,,,,,,
1925,2,0,1024,-44.00280559062958,1.0013577938079834,-0.028735056519508362,-0.026692852465203032,-0.03618896007537842,0.018499047,0.0004092704424510632,16,0.21881171307177283,0.2,0.213623046875,,
1650,3,0,1536,-44.03765630722046,1.001919150352478,-0.04089665040373802,-0.030350549146533012,-0.001796722412109375,0.019098453,0.0004092704424510632,32,0.006350698982714675,0.2,0.27197265625,1257.0,-3.206628
1532,4,1,2048,-44.03382444381714,1.0010759830474854,-0.03458082675933838,-0.03250413585919887,0.017064273357391357,0.029266987,0.0004092704424510632,48,0.019896502402843907,0.2,0.3482666015625,1257.0,-3.206628
1477,5,1,2560,-44.006951570510864,1.0004522800445557,-0.02592271752655506,-0.024203465727623552,-0.05485236644744873,0.016119434,0.0004092704424510632,64,0.004841281435801648,0.2,0.227294921875,1257.0,-3.0996275
1437,6,2,3072,-43.99302804470062,1.0000369548797607,-0.034556955099105835,-0.031117534192162566,0.024853229522705078,0.023156997,0.0004092704424510632,80,0.019715523987542838,0.2,0.319091796875,1257.0,-3.0996275
1410,7,2,3584,-43.9631484746933,0.9984694719314575,-0.04366877302527428,-0.034620559570612386,-0.2300792932510376,0.01736584,0.0004092704424510632,96,0.0021425194427138194,0.2,0.291259765625,1257.0,-3.0996275
1393,8,2,4096,-43.924166321754456,0.9979463219642639,-0.04504784941673279,-0.03512734721880406,-0.014960765838623047,0.017543506,0.0004092704424510632,112,0.0046094640347291715,0.2,0.3056640625,1257.0,-3.019318333333333
1374,9,3,4608,-43.940288066864014,0.9998525977134705,-0.0269900094717741,-0.031175960670225322,0.0005580782890319824,0.026544532,0.0004092704424510632,128,0.04154386615846306,0.2,0.3135986328125,1257.0,-3.019318333333333
1360,10,3,5120,-43.97677183151245,0.9994035363197327,-0.043553922325372696,-0.023239943955559283,-0.04695761203765869,0.014471822,0.0004092704424510632,144,0.005165388429304585,0.2,0.2117919921875,1257.0,-3.05158575
1351,11,4,5632,-43.90386354923248,0.9954004883766174,0.00251900777220726,-0.02267952123656869,0.0035482048988342285,0.017169172,0.0004092704424510632,160,0.05497798544820398,0.2,0.2333984375,1257.0,-3.05158575
1345,12,4,6144,-43.78754734992981,0.9927127957344055,-0.039537351578474045,-0.022575446317205206,-0.15308928489685059,0.014684417,0.0004092704424510632,176,0.003764827015402261,0.2,0.2374267578125,1257.0,-3.05158575
1341,13,4,6656,-43.72548592090607,0.9915814399719238,-0.021090954542160034,-0.023922637963551097,-0.004099845886230469,0.014352289,0.0004092704424510632,192,0.0035822864665533416,0.2,0.234619140625,1257.0,-3.1085806000000002
1337,14,5,7168,-43.71553909778595,0.9918785095214844,-0.014443773776292801,-0.037177830665314104,0.002819955348968506,0.03728813,0.0004092704424510632,208,0.07216069148853421,0.2,0.3489990234375,1257.0,-3.1085806000000002
1333,15,5,7680,-43.70184814929962,0.9902480244636536,-0.0251788143068552,-0.02605385353672318,-0.059005022048950195,0.019849733,0.0004092704424510632,224,0.004929895083478186,0.2,0.2496337890625,1257.0,-3.0847648333333333
1329,16,6,8192,-43.6331342458725,0.9878246188163757,0.005201332271099091,-0.024320693672052585,0.00701904296875,0.015352297,0.0004092704424510632,240,0.07799335988238454,0.2,0.2567138671875,1257.0,-3.0847648333333333
1326,17,6,8704,-43.57094597816467,0.9863660335540771,-0.03560466319322586,-0.025797154376050457,-0.4094278812408447,0.015622139,0.0004092704424510632,256,0.0041458303821855225,0.2,0.218994140625,1257.0,-3.0847648333333333
1324,18,6,9216,-43.55710220336914,0.9871999621391296,-0.03120388649404049,-0.023943012347444892,-0.010264396667480469,0.017704181,0.0004092704424510632,272,0.0028915898146806285,0.2,0.2266845703125,1257.0,-3.072372285714286
1322,19,7,9728,-43.61028826236725,0.9896072149276733,0.003293614834547043,-0.0280771706457017,0.005861759185791016,0.024380181,0.0004092704424510632,288,0.10247605270706117,0.2,0.262939453125,1257.0,-3.072372285714286
1319,20,7,10240,-43.67783212661743,0.9917015433311462,-0.038511380553245544,-0.028052162699168548,-0.20719504356384277,0.021704765,0.0004092704424510632,304,0.009122436575125903,0.2,0.281982421875,1257.0,-3.0704625
1317,21,8,10752,-43.68634605407715,0.989124596118927,0.024877062067389488,-0.024886834893550258,0.005332231521606445,0.017896602,0.0004092704424510632,320,0.10574349411763251,0.2,0.2686767578125,1257.0,-3.0704625
1314,22,8,11264,-43.58061134815216,0.9861068725585938,-0.044679056853055954,-0.029873063060222194,-2.499699115753174,0.01676501,0.0004092704424510632,336,0.004190347270196071,0.2,0.2559814453125,1257.0,-3.0704625
1313,23,8,11776,-43.5154265165329,0.9852735996246338,-0.04879368841648102,-0.030084776008152403,-0.0007890462875366211,0.023299025,0.0004092704424510632,352,0.0022246013577387203,0.2,0.2576904296875,1257.0,-3.0605073333333332
1312,24,9,12288,-43.514967918395996,0.9862280488014221,0.006698399782180786,-0.03362230725178961,0.0027938485145568848,0.0379849,0.0004092704424510632,368,0.1263448519166559,0.2,0.3271484375,1257.0,-3.0605073333333332
1310,25,9,12800,-43.536113023757935,0.9861814975738525,-0.033087167888879776,-0.020777117257239297,-0.5585392713546753,0.014212787,0.0004092704424510632,384,0.0077498452010331675,0.2,0.2003173828125,1257.0,-3.0318027
1309,26,10,13312,-43.53703427314758,0.9867479801177979,0.006645124405622482,-0.022133866528747603,0.023263633251190186,0.01832736,0.0004092704424510632,400,0.11633400502614677,0.2,0.2237548828125,1257.0,-3.0318027
1308,27,10,13824,-43.53803372383118,0.9856418371200562,-0.044406816363334656,-0.028282466388191096,-1.3327300548553467,0.017550029,0.0004092704424510632,416,0.009144287163508125,0.2,0.233154296875,1257.0,-3.0318027
1306,28,10,14336,-43.49810576438904,0.9850670099258423,-0.03742123022675514,-0.022848360240459442,0.05817818641662598,0.013434516,0.0004092704424510632,432,0.0022760938300052658,0.2,0.1875,1257.0,-3.0399311818181816
1305,29,11,14848,-43.51549482345581,0.9864802956581116,-0.0139666348695755,-0.024288626911584288,0.007465541362762451,0.03518942,0.0004092704424510632,448,0.029835554800229147,0.2,0.2987060546875,1257.0,-3.0399311818181816
1305,30,11,15360,-43.55548918247223,0.9873043298721313,-0.03590746596455574,-0.024800810177111998,-0.12806355953216553,0.016919263,0.0004092704424510632,464,0.004555399878881872,0.2,0.2205810546875,1257.0,-3.0328565
1304,31,12,15872,-43.56064462661743,0.986860454082489,0.030344976112246513,-0.02823634573724121,0.02846384048461914,0.018848361,0.0004092704424510632,480,0.13757468736730516,0.2,0.229736328125,1257.0,-3.0328565
1303,32,12,16384,-43.55428373813629,0.9876198172569275,-0.0480322539806366,-0.031093977057025768,-0.7256296873092651,0.0312205,0.0004092704424510632,496,0.010763756101368926,0.2,0.2435302734375,1257.0,-3.0319956923076927
1302,33,12,16896,-43.56358599662781,0.9865494966506958,0.028251223266124725,-0.023286373048904352,0.007812023162841797,0.022576079,0.0004092704424510632,512,0.14704783982597291,0.2,0.2586669921875,1257.0,-3.0319956923076927
1301,34,13,17408,-43.50790762901306,0.9850085973739624,-0.027524277567863464,-0.022372572246240452,-2.154590606689453,0.018948548,0.0004092704424510632,528,0.007797238606144674,0.2,0.225341796875,1257.0,-3.0319956923076927
1300,35,13,17920,-43.479541182518005,0.9850397706031799,-0.02205505780875683,-0.027452834008727223,-0.00215911865234375,0.017058276,0.0004092704424510632,544,0.004428869251569267,0.2,0.23486328125,1257.0,-3.0278159285714286
1300,36,14,18432,-43.484803199768066,0.9851062297821045,0.0183725506067276,-0.022791619965573773,0.013623833656311035,0.023052726,0.0004092704424510632,560,0.16056118020787835,0.2,0.2396240234375,1257.0,-3.0278159285714286
1300,37,14,18944,-43.47339403629303,0.9841493368148804,-0.04320814833045006,-0.024220609455369413,-3.7840728759765625,0.017528567,0.0004092704424510632,576,0.008984263360616751,0.2,0.1895751953125,1257.0,-3.026171933333333
1299,38,14,19456,-43.44027400016785,0.9829632639884949,0.0429622083902359,-0.024510038289008662,0.0051825642585754395,0.028319363,0.0004092704424510632,592,0.19019754137843847,0.2,0.2635498046875,1257.0,-3.026171933333333
1298,39,15,19968,-43.42769014835358,0.9841248393058777,-0.037957485765218735,-0.020736413964186795,-3.7935643196105957,0.014519656,0.0004092704424510632,608,0.01230370721896179,0.2,0.174560546875,1257.0,-3.026171933333333
1297,40,15,20480,-43.44818425178528,0.9831436276435852,-0.02998439222574234,-0.021106543819769286,-0.008228421211242676,0.018419594,0.0004092704424510632,624,0.0029025089170318097,0.2,0.2071533203125,1257.0,-3.0216733749999998
1297,41,16,20992,-43.4121789932251,0.9827792644500732,0.03071463480591774,-0.020820728706894442,0.006247997283935547,0.02358773,0.0004092704424510632,640,0.2100394458975643,0.2,0.2337646484375,1257.0,-3.0216733749999998
1296,42,16,21504,-43.40316426753998,0.9818561673164368,-0.03014405444264412,-0.024175683269277215,-4.644766807556152,0.017553054,0.0004092704424510632,656,0.01246652688132599,0.2,0.2030029296875,1257.0,-3.0219799411764705
1297,43,16,22016,-43.37005341053009,0.9811349511146545,0.06622050702571869,-0.026787117560161278,0.0035536885261535645,0.025496433,0.0004092704424510632,672,0.25141357025131583,0.2,0.255615234375,1257.0,-3.0219799411764705
1296,44,17,22528,-43.37495672702789,0.9824563264846802,-0.03711191564798355,-0.02707084678695537,-1.2334530353546143,0.019337203,0.0004092704424510632,688,0.008115979042486288,0.2,0.2296142578125,1257.0,-3.0219799411764705
1296,45,17,23040,-43.4260596036911,0.9840945601463318,-0.03608831763267517,-0.026252515090163797,-0.002788066864013672,0.024676558,0.0004092704424510632,704,0.0025970881324610673,0.2,0.2926025390625,1257.0,-3.0240087777777775
1296,46,18,23552,-43.45233976840973,0.9841392040252686,0.07716712355613708,-0.02657862103660591,0.0069577693939208984,0.030801225,0.0004092704424510632,720,0.2690822430886328,0.2,0.27294921875,1257.0,-3.0240087777777775
1296,47,18,24064,-43.4773313999176,0.9862039685249329,-0.021479858085513115,-0.02526573087379802,-1.8791134357452393,0.013819659,0.0004092704424510632,736,0.014865589328110218,0.2,0.2193603515625,1257.0,-3.013712684210526
1295,48,18,24576,-43.52773857116699,0.9866942763328552,0.08573856204748154,-0.019745763711398467,0.00662684440612793,0.025412047,0.0004092704424510632,752,0.29759717360138893,0.2,0.2327880859375,1257.0,-3.013712684210526
1294,49,19,25088,-43.52647089958191,0.9869288802146912,-0.03954778239130974,-0.029764482416794635,-9.018840789794922,0.01797482,0.0004092704424510632,768,0.012015388660074677,0.2,0.2364501953125,1257.0,-3.013712684210526
1294,50,19,25600,-43.54764366149902,0.9873594641685486,-0.03627476096153259,-0.03188230548403226,0.012822508811950684,0.020211816,0.0004092704424510632,784,0.002084326682961546,0.2,0.266357421875,1257.0,-3.00573
1293,51,20,26112,-43.57180690765381,0.988899827003479,0.034083880484104156,-0.026540663617197424,0.0041882991790771484,0.03845174,0.0004092704424510632,800,0.29141361778602004,0.2,0.2628173828125,1257.0,-3.00573
1293,52,20,26624,-43.60286521911621,0.9889895915985107,-0.048770200461149216,-0.02893526818661485,-4.685091495513916,0.020725902,0.0004092704424510632,816,0.013635745330248028,0.2,0.22119140625,1257.0,-3.0062221428571427
1293,53,20,27136,-43.61759960651398,0.9899644255638123,0.08911322802305222,-0.018976067382027395,0.009511590003967285,0.020913176,0.0004092704424510632,832,0.3077062605880201,0.2,0.171875,1257.0,-3.0062221428571427
1293,54,21,27648,-43.62529540061951,0.9894015192985535,-0.03560752794146538,-0.022301553675788455,-6.197420597076416,0.012038528,0.0004092704424510632,848,0.010773768481158186,0.2,0.1741943359375,1257.0,-3.0062221428571427
1293,55,21,28160,-43.63513743877411,0.9913223385810852,-0.02543468587100506,-0.029019491528742947,0.13549894094467163,0.015748218,0.0004092704424510632,864,0.0019326191359141376,0.2,0.2191162109375,1257.0,-2.9989033181818177
1290,56,22,28672,-43.6906955242157,0.9926129579544067,0.009297741577029228,-0.023183528654044494,0.019588351249694824,0.03894122,0.0004092704424510632,880,0.09863339050207287,0.2,0.29736328125,1257.0,-2.9989033181818177
1289,57,22,29184,-43.721601247787476,0.9933276176452637,-0.03509281948208809,-0.02133327635237947,-1.4329643249511719,0.014541462,0.0004092704424510632,896,0.009092089167097583,0.2,0.1993408203125,1257.0,-3.001725608695652
1288,58,23,29696,-43.73456954956055,0.9934902191162109,0.10791117697954178,-0.02003130923549179,0.008969426155090332,0.024622288,0.0004092704424510632,912,0.3309208070859313,0.2,0.2215576171875,1257.0,-3.001725608695652
1288,59,23,30208,-43.70466446876526,0.9909654855728149,-0.03176698088645935,-0.02589795136009343,-9.868793487548828,0.016657002,0.0004092704424510632,928,0.012040743720717728,0.2,0.188232421875,1257.0,-2.999570375
1288,60,23,30720,-43.612382888793945,0.989022433757782,0.07216279953718185,-0.023251072532730177,0.010734140872955322,0.031876817,0.0004092704424510632,944,0.32482841797173023,0.2,0.2581787109375,1257.0,-2.999570375
1288,61,24,31232,-43.576568841934204,0.9879889488220215,-0.030949784442782402,-0.025243127020075917,-2.784372329711914,0.0161652,0.0004092704424510632,960,0.006601684333872981,0.2,0.2235107421875,1257.0,-2.999570375
1287,62,24,31744,-43.56453216075897,0.9882710576057434,-0.03703564032912254,-0.026110186852747574,0.004436373710632324,0.015015107,0.0004092704424510632,976,0.005350260260456707,0.2,0.2333984375,1257.0,-2.9984932399999997
1287,63,25,32256,-43.59179878234863,0.9895399808883667,0.053960543125867844,-0.02728112175827846,0.020178377628326416,0.019894632,0.0004092704424510632,992,0.3412264995276928,0.2,0.232421875,1257.0,-2.9984932399999997
1286,64,25,32768,-43.603933930397034,0.9886935949325562,-0.03280576318502426,-0.02358282104250975,-4.730858325958252,0.01913329,0.0004092704424510632,1008,0.01220817887224257,0.2,0.2208251953125,1257.0,-3.0014771538461535
1286,65,25,33280,-43.55755972862244,0.9872303009033203,0.085828498005867,-0.0235622790933121,0.029494941234588623,0.019196477,0.0004092704424510632,1024,0.3407874684780836,0.2,0.1883544921875,1257.0,-3.0014771538461535
1286,66,26,33792,-43.54017722606659,0.9876428246498108,-0.030535971745848656,-0.02796050645702053,-5.293637275695801,0.025685564,0.0004092704424510632,1040,0.005044092467869632,0.2,0.239013671875,1257.0,-3.0014771538461535
1285,67,26,34304,-43.515992879867554,0.9850937724113464,-0.03263547644019127,-0.023667998029850423,-0.0025697946548461914,0.019038327,0.0004092704424510632,1056,0.004154994428972714,0.2,0.2171630859375,1257.0,-2.998228851851852
1285,68,27,34816,-43.45938313007355,0.9846116900444031,0.08295219391584396,-0.023450778535334393,0.014608204364776611,0.024562765,0.0004092704424510632,1072,0.42364783119410276,0.2,0.267333984375,1257.0,-2.998228851851852
1285,69,27,35328,-43.47619104385376,0.9862527251243591,-0.03168701007962227,-0.01960519709973596,-7.152246475219727,0.017385973,0.0004092704424510632,1088,0.011355020542396232,0.2,0.19287109375,1257.0,-3.002337785714286
1284,70,27,35840,-43.51461613178253,0.9866637587547302,0.10051514953374863,-0.02143637419794686,0.03393369913101196,0.01825766,0.0004092704424510632,1104,0.4540614322759211,0.2,0.1705322265625,1257.0,-3.002337785714286
1284,71,28,36352,-43.515018582344055,0.9864354133605957,-0.015334991738200188,-0.021093030125484802,-3.961087703704834,0.018801022,0.0004092704424510632,1120,0.026429540128447115,0.2,0.17333984375,1257.0,-3.002337785714286
1284,72,28,36864,-43.4955233335495,0.9854734539985657,-0.043558333069086075,-0.030621598329162225,-0.010403156280517578,0.021664575,0.0004092704424510632,1136,0.002605864017823478,0.2,0.2872314453125,1257.0,-2.998299482758621
1284,73,29,37376,-43.46012985706329,0.9845272302627563,0.08886878192424774,-0.020660110105382046,0.010063707828521729,0.024013214,0.0004092704424510632,1152,0.4085586708970368,0.2,0.279052734375,1257.0,-2.998299482758621
1284,74,29,37888,-43.45496141910553,0.9853071570396423,-0.03766702115535736,-0.025738197175087407,-6.488003730773926,0.013874845,0.0004092704424510632,1168,0.011018128032446839,0.2,0.2412109375,1257.0,-3.0023252000000005
1284,75,29,38400,-43.467870473861694,0.9851586818695068,0.09923136979341507,-0.02802618028363213,0.04756826162338257,0.025520306,0.0004092704424510632,1184,0.43728237180039287,0.2,0.201904296875,1257.0,-3.0023252000000005
1284,76,30,38912,-43.451751351356506,0.9845675826072693,-0.02022470533847809,-0.02351123231346719,-4.8635454177856445,0.019513281,0.0004092704424510632,1200,0.019256065832450986,0.2,0.218505859375,1257.0,-3.0023252000000005
1283,77,30,39424,-43.426106214523315,0.9837248921394348,-0.04156341403722763,-0.028214379082783125,0.01453852653503418,0.020360041,0.0004092704424510632,1216,0.002521788192098029,0.2,0.24267578125,1257.0,-3.0022914516129036
1284,78,31,39936,-43.41201686859131,0.983552098274231,0.09942761808633804,-0.019401812576688826,0.012277364730834961,0.027434869,0.0004092704424510632,1232,0.3680225918069482,0.2,0.256103515625,1257.0,-3.0022914516129036
1284,79,31,40448,-43.40345776081085,0.9832708835601807,-0.03338225558400154,-0.025587924566934817,-2.805820941925049,0.01633281,0.0004092704424510632,1248,0.009033238631673157,0.2,0.231201171875,1257.0,-2.9964521875
1283,80,31,40960,-43.4046505689621,0.9838439226150513,0.0966099202632904,-0.017636863311054185,0.014074444770812988,0.015927907,0.0004092704424510632,1264,0.4242768636904657,0.2,0.2054443359375,1257.0,-2.9964521875
1283,81,32,41472,-43.39273297786713,0.9817948937416077,-0.01868063025176525,-0.019526025436789496,-4.23171329498291,0.016656797,0.0004092704424510632,1280,0.02269107016036287,0.2,0.1654052734375,1257.0,-2.9964521875
1283,82,32,41984,-43.310993909835815,0.978981614112854,-0.03848494216799736,-0.027195652946829796,0.1773431897163391,0.019033015,0.0004092704424510632,1296,0.002239725723484298,0.2,0.23828125,1257.0,-2.997558909090909
1283,83,33,42496,-43.24098777770996,0.9780053496360779,0.04873969405889511,-0.01998067919339519,0.0373879075050354,0.03413398,0.0004092704424510632,1312,0.1578170731663704,0.2,0.2991943359375,1257.0,-2.997558909090909
1283,84,33,43008,-43.23854064941406,0.9786686897277832,-0.04061943292617798,-0.023615228841663338,-0.9102344512939453,0.01334901,0.0004092704424510632,1328,0.010000211725127883,0.2,0.1968994140625,1257.0,-2.999273617647059
1282,85,33,43520,-43.25306272506714,0.978615403175354,0.09444263577461243,-0.02796186758496333,0.09898626804351807,0.024435002,0.0004092704424510632,1344,0.40350277442485094,0.2,0.1805419921875,1257.0,-2.999273617647059
1283,86,34,44032,-43.233200788497925,0.9772604703903198,-0.035896360874176025,-0.030030527923372574,-3.443422317504883,0.020009652,0.0004092704424510632,1360,0.028258824720978737,0.2,0.2353515625,1257.0,-3.004173542857143
1282,87,34,44544,-43.19010901451111,0.9763377904891968,0.08645674586296082,-0.016123989698826335,0.02985280752182007,0.016491441,0.0004092704424510632,1376,0.3635600144043565,0.2,0.16357421875,1257.0,-3.004173542857143
1282,88,35,45056,-43.194228410720825,0.9778428077697754,-0.024606991559267044,-0.02577665504941251,-3.1181111335754395,0.02930882,0.0004092704424510632,1392,0.006832559869508259,0.2,0.2679443359375,1257.0,-3.004173542857143
1281,89,35,45568,-43.21172749996185,0.9769327044487,-0.023261036723852158,-0.023367635876638815,0.0023645758628845215,0.01695498,0.0004092704424510632,1408,0.005048390514275525,0.2,0.2164306640625,1257.0,-3.010629888888889
1282,90,35,46080,-43.176732778549194,0.9763804078102112,0.08151295781135559,-0.027796108333859593,0.02676457166671753,0.025837755,0.0004092704424510632,1424,0.4773337058722973,0.2,0.2479248046875,1257.0,-3.010629888888889
1282,91,36,46592,-43.189576506614685,0.9782190918922424,-0.028421645984053612,-0.024260517246148083,-1.586155891418457,0.02249046,0.0004092704424510632,1440,0.013491080346284434,0.2,0.26708984375,1257.0,-3.0134603783783787
1281,92,36,47104,-43.23508155345917,0.9786660075187683,0.14006897807121277,-0.024805067369015887,0.025192439556121826,0.023378853,0.0004092704424510632,1456,0.5367213026620448,0.2,0.22216796875,1257.0,-3.0134603783783787
1281,93,37,47616,-43.23284149169922,0.9780297875404358,-0.04001336917281151,-0.024744558933889493,-7.860822677612305,0.021101352,0.0004092704424510632,1472,0.007400820952170761,0.2,0.2679443359375,1257.0,-3.0134603783783787
1280,94,37,48128,-43.21982765197754,0.9784857630729675,-0.04272181913256645,-0.03037576164933853,-0.03363156318664551,0.020440606,0.0004092704424510632,1488,0.003670234167657327,0.2,0.27978515625,1257.0,-3.0097950789473686
1278,95,38,48640,-43.23235607147217,0.9781153798103333,0.06840354204177856,-0.01720276812557131,0.06962132453918457,0.01265298,0.0004092704424510632,1504,0.4325944031588733,0.2,0.11962890625,1257.0,-3.0097950789473686
1277,96,38,49152,-43.2376434803009,0.9798395037651062,-0.031993068754673004,-0.028159598659840412,-10.82816219329834,0.022499109,0.0004092704424510632,1520,0.03156081901397556,0.2,0.2386474609375,1257.0,-3.013940205128205
1277,97,38,49664,-43.29820394515991,0.980503261089325,0.0861644521355629,-0.022959932597586885,0.01830899715423584,0.028389115,0.0004092704424510632,1536,0.47954300651326776,0.2,0.279541015625,1257.0,-3.013940205128205
1277,98,39,50176,-43.29251539707184,0.9798891544342041,-0.039537105709314346,-0.023342673972365446,-2.9907045364379883,0.020169474,0.0004092704424510632,1552,0.007409588179143611,0.2,0.2879638671875,1257.0,-3.013940205128205
1277,99,39,50688,-43.25153052806854,0.9780541062355042,-0.040588561445474625,-0.02920881636964623,-0.05624198913574219,0.016564256,0.0004092704424510632,1568,0.0021687467669835314,0.2,0.26953125,1257.0,-3.010747675
1277,100,40,51200,-43.20249605178833,0.9774949550628662,0.08388756215572357,-0.019964591672760434,0.06646889448165894,0.016228106,0.0004092704424510632,1584,0.4126940038986504,0.2,0.1685791015625,1257.0,-3.010747675
1277,101,40,51712,-43.18950164318085,0.9766175746917725,-0.014825238846242428,-0.021219593807472847,-7.685173034667969,0.01661581,0.0004092704424510632,1600,0.06239466875558719,0.2,0.1912841796875,1257.0,-3.0136274878048783
1276,102,40,52224,-43.14815902709961,0.975212037563324,0.0805482566356659,-0.015180043104919605,0.044766247272491455,0.014150022,0.0004092704424510632,1616,0.40693393675610423,0.2,0.15380859375,1257.0,-3.0136274878048783
1276,103,41,52736,-43.10393667221069,0.9742034673690796,-0.035930145531892776,-0.02022782337735407,-6.193662643432617,0.01596418,0.0004092704424510632,1632,0.008640725034638308,0.2,0.218994140625,1257.0,-3.0136274878048783
1276,104,41,53248,-43.07028031349182,0.9723962545394897,-0.03656338155269623,-0.02888059424003586,0.008664369583129883,0.016482178,0.0004092704424510632,1648,0.002150999800505815,0.2,0.2490234375,1257.0,-3.011842404761905
1276,105,42,53760,-43.014156103134155,0.971401035785675,0.049020007252693176,-0.01894117558549624,0.05783963203430176,0.01739923,0.0004092704424510632,1664,0.3781227907165885,0.2,0.1602783203125,1257.0,-3.011842404761905
1276,106,42,54272,-43.00101041793823,0.9713872671127319,-0.03335830941796303,-0.030769110948313028,-7.335155487060547,0.024818227,0.0004092704424510632,1680,0.007867766718845814,0.2,0.2860107421875,1257.0,-3.011601976744186
1276,107,42,54784,-42.99478578567505,0.9712105989456177,0.11524652689695358,-0.01825143862515688,0.058423638343811035,0.014594498,0.0004092704424510632,1696,0.46911128470674157,0.2,0.17138671875,1257.0,-3.011601976744186
1276,108,43,55296,-43.00266182422638,0.9721294641494751,-0.026728546246886253,-0.02520867889688816,-3.363292694091797,0.021176402,0.0004092704424510632,1712,0.018505828425986692,0.2,0.2421875,1257.0,-3.011601976744186
1275,109,43,55808,-43.01221489906311,0.9711123704910278,-0.028869815170764923,-0.026810552459210157,0.25206106901168823,0.01803884,0.0004092704424510632,1728,0.023590818454977125,0.2,0.2686767578125,1257.0,-3.0099607954545458
1275,110,44,56320,-42.988099336624146,0.971119225025177,0.015463300049304962,-0.018017525086179376,0.42244160175323486,0.024723833,0.0004092704424510632,1744,0.13561105262488127,0.2,0.204345703125,1257.0,-3.0099607954545458
1275,111,44,56832,-42.988908648490906,0.9707767963409424,-0.03776402771472931,-0.031287589721614495,-5.932735443115234,0.030969642,0.0004092704424510632,1760,0.007998340763151646,0.2,0.3017578125,1257.0,-3.0048806
1275,112,44,57344,-42.97557175159454,0.9703710675239563,0.12384054809808731,-0.015918162709567696,0.054673194885253906,0.016523387,0.0004092704424510632,1776,0.519614186603576,0.2,0.177490234375,1257.0,-3.0048806
1275,113,45,57856,-42.93264412879944,0.967749297618866,-0.02021588198840618,-0.019584847817895934,-1.0674643516540527,0.015980797,0.0004092704424510632,1792,0.011167811724590138,0.2,0.2073974609375,1257.0,-3.0011538913043476
1275,114,45,58368,-42.86761796474457,0.9671452045440674,0.10951921343803406,-0.01903662324184552,0.1772831678390503,0.021228611,0.0004092704424510632,1808,0.45350161055102944,0.2,0.1129150390625,1257.0,-3.0011538913043476
1275,115,46,58880,-42.8656849861145,0.9674166440963745,-0.02908717468380928,-0.028331526584224775,-2.174344062805176,0.018021658,0.0004092704424510632,1824,0.005952254956355318,0.2,0.28759765625,1257.0,-3.0011538913043476
1275,116,46,59392,-42.8947788476944,0.9691320657730103,-0.031785011291503906,-0.022137109393952414,0.002254188060760498,0.015116374,0.0004092704424510632,1840,0.004334623132308479,0.2,0.2110595703125,1257.0,-2.999739085106383
1275,117,46,59904,-42.92839276790619,0.9691982865333557,0.12510518729686737,-0.01992375572444871,0.02078181505203247,0.018696025,0.0004092704424510632,1856,0.7330729244276881,0.2,0.1676025390625,1257.0,-2.999739085106383
1275,118,47,60416,-42.92238891124725,0.9688897132873535,-0.023272592574357986,-0.02362826511671301,-12.622337341308594,0.02092937,0.0004092704424510632,1872,0.018061456619761884,0.2,0.234375,1257.0,-2.9964951875000003
1275,119,47,60928,-42.906158089637756,0.9683710932731628,0.12144231796264648,-0.01377452482120134,0.09695577621459961,0.011238085,0.0004092704424510632,1888,0.5119132893159986,0.2,0.1092529296875,1257.0,-2.9964951875000003
1275,120,48,61440,-42.901498436927795,0.9687296748161316,-0.031597770750522614,-0.020422612025868148,-11.893290519714355,0.020323865,0.0004092704424510632,1904,0.006817714711360168,0.2,0.2236328125,1257.0,-2.9964951875000003
1275,121,48,61952,-42.90558362007141,0.9683716297149658,-0.03997974470257759,-0.03000268287723884,-0.011649250984191895,0.019865401,0.0004092704424510632,1920,0.0033792072208598256,0.2,0.2806396484375,1257.0,-2.995004510204082
1275,122,48,62464,-42.89434504508972,0.9680385589599609,0.0764939934015274,-0.01478446765395347,0.09305334091186523,0.013462446,0.0004092704424510632,1936,0.538498125039041,0.2,0.072021484375,1257.0,-2.995004510204082
1275,123,49,62976,-42.88175714015961,0.9680896997451782,-0.033555615693330765,-0.02224221040523844,-13.284818649291992,0.026437405,0.0004092704424510632,1952,0.028802138302125968,0.2,0.2327880859375,1257.0,-2.9935934200000003
1275,124,49,63488,-42.88432288169861,0.9679972529411316,0.10968068987131119,-0.016149521950865164,0.09911477565765381,0.0145810945,0.0004092704424510632,1968,0.4736159825697541,0.2,0.094970703125,1257.0,-2.9935934200000003
1275,125,50,64000,-42.86316442489624,0.966966986656189,-0.02868855558335781,-0.02443299675360322,-11.845623016357422,0.020001072,0.0004092704424510632,1984,0.009525936868158169,0.2,0.2406005859375,1257.0,-2.9935934200000003
1274,126,50,64512,-42.84171712398529,0.9665887951850891,-0.03273482620716095,-0.024982045390061103,-0.00722956657409668,0.021598697,0.0004092704424510632,2000,0.0025374482393090148,0.2,0.2733154296875,1257.0,-2.989896627450981
1274,127,51,65024,-42.84120810031891,0.9667900204658508,0.10013122856616974,-0.012587430072017014,0.06863033771514893,0.010348608,0.0004092704424510632,2016,0.4964825604110956,0.2,0.0596923828125,1257.0,-2.989896627450981
1273,128,51,65536,-42.86158359050751,0.9679957032203674,-0.0374041311442852,-0.02315515930240508,-11.490732192993164,0.02121798,0.0004092704424510632,2032,0.007939229493786115,0.2,0.2574462890625,1257.0,-2.9892984423076925
1273,129,51,66048,-42.898783683776855,0.9681622385978699,0.1319143921136856,-0.016168678557733074,0.05842399597167969,0.014915213,0.0004092704424510632,2048,0.5780552434735,0.2,0.123779296875,1257.0,-2.9892984423076925
1273,130,52,66560,-42.89340603351593,0.9681573510169983,-0.031778231263160706,-0.020990596160118002,-10.406106948852539,0.022011075,0.0004092704424510632,2064,0.008259945927420631,0.2,0.2574462890625,1257.0,-2.9892984423076925
1273,131,52,67072,-42.91057634353638,0.9693506956100464,-0.04032507166266441,-0.024376909568673,0.05127716064453125,0.014080849,0.0004092704424510632,2080,0.002216979850345524,0.2,0.2022705078125,1257.0,-2.9869716981132077
1273,132,53,67584,-42.94190311431885,0.9696438312530518,0.09831228852272034,-0.011766926938435063,0.08726805448532104,0.012457864,0.0004092704424510632,2096,0.541537381708622,0.2,0.0853271484375,1257.0,-2.9869716981132077
1273,133,53,68096,-42.933781147003174,0.9686551690101624,-0.031047524884343147,-0.022776250872993842,-7.944981575012207,0.022591969,0.0004092704424510632,2112,0.00864859577268362,0.2,0.219482421875,1257.0,-2.98712662962963
1273,134,53,68608,-42.89238619804382,0.9677347540855408,0.09650256484746933,-0.019043844658881426,0.05067622661590576,0.014967826,0.0004092704424510632,2128,0.7603034656494856,0.2,0.1278076171875,1257.0,-2.98712662962963
1273,135,54,69120,-42.89714968204498,0.9695888757705688,-0.028217792510986328,-0.02699752261833055,-3.1014742851257324,0.03960606,0.0004092704424510632,2144,0.009760566928889602,0.2,0.312744140625,1257.0,-2.98712662962963
1273,136,54,69632,-42.97479200363159,0.9720248579978943,-0.04081052541732788,-0.029873490013414994,0.2904384732246399,0.017071867,0.0004092704424510632,2160,0.020997009647544473,0.2,0.259033203125,1257.0,-2.9851369454545456
1273,137,55,70144,-43.01918697357178,0.9724414944648743,0.04193548113107681,-0.01824653780204244,0.4917144775390625,0.028794315,0.0004092704424510632,2176,0.16569944634102285,0.2,0.2086181640625,1257.0,-2.9851369454545456
1272,138,55,70656,-43.02321135997772,0.9725097417831421,-0.03135424479842186,-0.025250001956010237,-14.162764549255371,0.023141403,0.0004092704424510632,2192,0.015601474369759671,0.2,0.282958984375,1257.0,-2.9838241607142857
1272,139,55,71168,-43.019108057022095,0.9723398685455322,0.09343220293521881,-0.014709283132106066,0.06791913509368896,0.012266763,0.0004092704424510632,2208,0.7712836619466543,0.2,0.070068359375,1257.0,-2.9838241607142857
1272,140,56,71680,-43.02442121505737,0.9729263186454773,-0.006086472421884537,-0.029297306886292063,-0.130074143409729,0.03694471,0.0004092704424510632,2224,0.08092479524202645,0.2,0.292236328125,1257.0,-2.9804172105263156
1272,141,56,72192,-43.04046630859375,0.9730373620986938,0.0988713800907135,-0.018855740636354312,0.033548176288604736,0.017328702,0.0004092704424510632,2240,0.7392890797927976,0.2,0.1357421875,1257.0,-2.9804172105263156
1272,142,57,72704,-43.05377984046936,0.9744905233383179,-0.03825078904628754,-0.02806940517621115,-1.5702259540557861,0.021649636,0.0004092704424510632,2256,0.006740530567185488,0.2,0.278564453125,1257.0,-2.9804172105263156
1272,143,57,73216,-43.093764901161194,0.975127637386322,-0.0561349056661129,-0.029686330584809184,-0.043904662132263184,0.019317418,0.0004092704424510632,2272,0.004735126320156269,0.2,0.2601318359375,1257.0,-2.9767062068965515
1272,144,57,73728,-43.109110832214355,0.9751832485198975,0.19229847192764282,-0.009732348000397906,0.19690293073654175,0.009457754,0.0004092704424510632,2288,0.7102912329137325,0.2,0.056396484375,1257.0,-2.9767062068965515
1272,145,58,74240,-43.09498631954193,0.9739053249359131,-0.019128939136862755,-0.018018273025518283,-5.510529518127441,0.01674779,0.0004092704424510632,2304,0.007369846134679392,0.2,0.223876953125,1257.0,-2.9767989322033896
1272,146,58,74752,-43.0559139251709,0.9735029339790344,0.13367919623851776,-0.013313739691511728,0.1132550835609436,0.010050902,0.0004092704424510632,2320,0.8429337339475751,0.2,0.0557861328125,1257.0,-2.9767989322033896
1272,147,59,75264,-43.03624880313873,0.9722744226455688,-0.033091217279434204,-0.024295541807077825,-7.922285079956055,0.016186113,0.0004092704424510632,2336,0.005386264183471212,0.2,0.2086181640625,1257.0,-2.9767989322033896
4041,1,0,75776,-43.00542497634888,0.9723764061927795,-0.03125956282019615,-0.023531940794782713,-0.01581704616546631,0.016984891,0.0004092704424510632,2352,0.0031682788285252172,0.2,0.2139892578125,1257.0,-2.977652566666667
1931,2,0,76288,-43.013428807258606,0.9726948142051697,0.12368428707122803,-0.014054657251108438,0.14616841077804565,0.009808337,0.0004092704424510632,2368,0.6845194515772164,0.2,0.180419921875,1257.0,-2.977652566666667
1639,3,0,76800,-43.01794791221619,0.9728726744651794,-0.03242369368672371,-0.023191213724203408,-12.022492408752441,0.0198985,0.0004092704424510632,2384,0.012748845692840405,0.2,0.229248046875,1257.0,-2.979682475409836
1532,4,1,77312,-43.02037990093231,0.9724814891815186,0.13086888194084167,-0.013463453738950193,0.06503242254257202,0.013960894,0.0004092704424510632,2400,0.8176723541691899,0.2,0.080810546875,1257.0,-2.979682475409836
1470,5,1,77824,-42.996970534324646,0.9715438485145569,-0.03162483125925064,-0.026052059154608287,-8.091485023498535,0.022245448,0.0004092704424510632,2416,0.0049517508123244625,0.2,0.2713623046875,1257.0,-2.979682475409836
1433,6,2,78336,-42.962644934654236,0.9707903265953064,-0.04592142626643181,-0.02867640984186437,-0.04606616497039795,0.018644176,0.0004092704424510632,2432,0.0024502642190782353,0.2,0.25341796875,1257.0,-2.9782608064516127
1412,7,2,78848,-42.9555287361145,0.970907986164093,0.1459801197052002,-0.01424400694668293,0.11072790622711182,0.008955769,0.0004092704424510632,2448,0.6843571364879608,0.2,0.038818359375,1257.0,-2.9782608064516127
1394,8,2,79360,-42.94220781326294,0.9696062803268433,-0.03024107590317726,-0.022228221234399825,-11.307881355285645,0.020766772,0.0004092704424510632,2464,0.010290935897501186,0.2,0.20263671875,1257.0,-2.978557206349206
1380,9,3,79872,-42.902398347854614,0.9689440131187439,0.20805907249450684,-0.011194932347279973,0.09373033046722412,0.010615469,0.0004092704424510632,2480,0.8581557916477323,0.2,0.031494140625,1257.0,-2.978557206349206
1370,10,3,80384,-42.89592790603638,0.9688851237297058,-0.027972865849733353,-0.02158124156994745,-6.789032459259033,0.01729022,0.0004092704424510632,2496,0.005054616980487481,0.2,0.24658203125,1257.0,-2.978557206349206
1360,11,4,80896,-42.91746282577515,0.9703519940376282,-0.02187759429216385,-0.026600264012813568,0.01731562614440918,0.016827878,0.0004092704424510632,2512,0.0022164860674820375,0.2,0.224365234375,1257.0,-2.9780275156249996
1351,12,4,81408,-42.9504828453064,0.9711740612983704,0.0719602108001709,-0.016011385225283448,0.1583092212677002,0.01959722,0.0004092704424510632,2528,0.6532473578117788,0.2,0.110595703125,1257.0,-2.9780275156249996
1345,13,4,81920,-42.97604060173035,0.9720744490623474,-0.025899507105350494,-0.020649700323701836,-14.739315032958984,0.015075235,0.0004092704424510632,2544,0.008964789078163449,0.2,0.2109375,1257.0,-2.9802058307692305
1340,14,5,82432,-42.99824941158295,0.9721131920814514,0.13960818946361542,-0.01811154959432315,0.036432504653930664,0.014953603,0.0004092704424510632,2560,0.9781735893338919,0.2,0.127197265625,1257.0,-2.9802058307692305
1335,15,5,82944,-42.964868664741516,0.9699417352676392,-0.03381270542740822,-0.02492028585402295,-5.403600692749023,0.026991114,0.0004092704424510632,2576,0.007200213985925075,0.2,0.2882080078125,1257.0,-2.9802058307692305
1330,16,6,83456,-42.91833996772766,0.9700213670730591,-0.0483335480093956,-0.033742810133844614,0.0952153205871582,0.019205669,0.0004092704424510632,2592,0.0021647761095664464,0.2,0.2882080078125,1257.0,-2.979414378787878
1327,17,6,83968,-42.92954075336456,0.9702852964401245,0.045779477804899216,-0.02341858029831201,0.031158268451690674,0.025020158,0.0004092704424510632,2608,0.4543686779215932,0.2,0.2152099609375,1257.0,-2.979414378787878
1324,18,6,84480,-42.938533902168274,0.9710420370101929,-0.024195274338126183,-0.022674109481158666,-17.38080406188965,0.017292384,0.0004092704424510632,2624,0.01744366232014727,0.2,0.2318115234375,1257.0,-2.978475044776119
1320,19,7,84992,-42.973427414894104,0.9719293713569641,0.14527879655361176,-0.024078882925095968,0.01466381549835205,0.023038682,0.0004092704424510632,2640,0.9635769007727504,0.2,0.195068359375,1257.0,-2.978475044776119
1318,20,7,85504,-42.9834645986557,0.9719067811965942,-0.03911203891038895,-0.025587562369764782,-9.438841819763184,0.023304304,0.0004092704424510632,2656,0.005207537644309923,0.2,0.2960205078125,1257.0,-2.9763216323529407
1316,21,8,86016,-42.982948422431946,0.9717509746551514,0.18732419610023499,-0.013103245626552962,0.06732296943664551,0.012642721,0.0004092704424510632,2672,0.9062464023008943,0.2,0.06591796875,1257.0,-2.9763216323529407
1313,22,8,86528,-42.977946400642395,0.9717247486114502,-0.041181452572345734,-0.035319523653015494,-0.6823635101318359,0.028790314,0.0004092704424510632,2688,0.008430055851931684,0.2,0.3397216796875,1257.0,-2.9763216323529407
1309,23,8,87040,-42.97435259819031,0.9720584750175476,-0.020469175651669502,-0.021657676799804904,-0.0009036064147949219,0.015098558,0.0004092704424510632,2704,0.012354402511846274,0.2,0.2198486328125,1257.0,-2.9785676956521736
1307,24,9,87552,-42.97503137588501,0.9718795418739319,0.17869697511196136,-0.013063427890301682,0.2578198313713074,0.009808003,0.0004092704424510632,2720,0.8942473009228706,0.2,0.059814453125,1257.0,-2.9785676956521736
1305,25,9,88064,-42.97118580341339,0.9720956087112427,-0.04162580147385597,-0.02854225630289875,-18.273990631103516,0.030034266,0.0004092704424510632,2736,0.011837679558084346,0.2,0.29052734375,1257.0,-2.9746521428571424
1304,26,10,88576,-42.98719799518585,0.9725722670555115,0.13257312774658203,-0.009320002107415348,0.07748013734817505,0.006849706,0.0004092704424510632,2752,0.898118807002902,0.2,0.029052734375,1257.0,-2.9746521428571424
1302,27,10,89088,-42.992631673812866,0.9726688265800476,-0.030499881133437157,-0.022751033669919707,-4.3704705238342285,0.02086959,0.0004092704424510632,2768,0.005198838109208737,0.2,0.2408447265625,1257.0,-2.9746521428571424
1301,28,11,89600,-42.98113310337067,0.9717034697532654,-0.040195271372795105,-0.028079853174858727,-0.04857945442199707,0.01723373,0.0004092704424510632,2784,0.0033434407305321656,0.2,0.241943359375,1257.0,-2.973057
1300,29,11,90112,-42.95930087566376,0.9717081189155579,0.16780465841293335,-0.007543853818788193,0.18724900484085083,0.009723274,0.0004092704424510632,2800,0.647071183193475,0.2,0.044921875,1257.0,-2.973057
1299,30,11,90624,-42.97194254398346,0.972183346748352,-0.024344151839613914,-0.020803104271180928,-18.474340438842773,0.019807912,0.0004092704424510632,2816,0.059449175314512104,0.2,0.2022705078125,1257.0,-2.972656347222222
1297,31,12,91136,-42.98600780963898,0.9726775288581848,0.1615610271692276,-0.006906417096615769,0.15853947401046753,0.009874904,0.0004092704424510632,2832,0.8125281520187855,0.2,0.038818359375,1257.0,-2.972656347222222
1296,32,12,91648,-42.998520731925964,0.9727169275283813,-0.043718528002500534,-0.025802238451433368,-10.096160888671875,0.019395297,0.0004092704424510632,2848,0.007199125844636001,0.2,0.23779296875,1257.0,-2.972656347222222
1296,33,13,92160,-42.96501290798187,0.9707397818565369,-0.04073168709874153,-0.027087821712484583,-0.014790654182434082,0.016586885,0.0004092704424510632,2864,0.002845241906470619,0.2,0.23291015625,1257.0,-2.972612835616438
1295,34,13,92672,-42.922550320625305,0.9704664945602417,0.13849951326847076,-0.01286361824895721,0.13959062099456787,0.01060644,0.0004092704424510632,2880,0.7219123616814613,0.2,0.044189453125,1257.0,-2.972612835616438
1295,35,13,93184,-42.91572618484497,0.9696165323257446,-0.025386635214090347,-0.020809754118090495,-13.107409477233887,0.01913055,0.0004092704424510632,2896,0.014566608762834221,0.2,0.2193603515625,1257.0,-2.972448851351351
1294,36,14,93696,-42.892775893211365,0.9692810773849487,0.07461336255073547,-0.019218744630052242,0.08713316917419434,0.012717141,0.0004092704424510632,2912,0.8410695837810636,0.2,0.066650390625,1257.0,-2.972448851351351
1293,37,14,94208,-42.88796806335449,0.9693182706832886,-0.0340450257062912,-0.027235862740781158,-4.494750499725342,0.026217397,0.0004092704424510632,2928,0.007139608351280913,0.2,0.3106689453125,1257.0,-2.972448851351351
1292,38,15,94720,-42.8324031829834,0.9653481245040894,-0.03417079895734787,-0.023174253889010288,0.062038958072662354,0.0153917,0.0004092704424510632,2944,0.003258919321524445,0.2,0.2093505859375,1257.0,-2.9707930399999998
1292,39,15,95232,-42.713329553604126,0.9635491371154785,0.06051844730973244,-0.010491408946109004,0.2516680955886841,0.01241464,0.0004092704424510632,2960,0.543517030775547,0.2,0.043701171875,1257.0,-2.9707930399999998
1291,40,15,95744,-42.6734277009964,0.9625290632247925,-0.03141472116112709,-0.021160357748158276,-16.745433807373047,0.023186686,0.0004092704424510632,2976,0.03617578450939618,0.2,0.2120361328125,1257.0,-2.968981815789473
1290,41,16,96256,-42.64862108230591,0.9622601866722107,0.18656066060066223,-0.011104370321845636,0.09413230419158936,0.009431684,0.0004092704424510632,2992,0.8984162155538797,0.2,0.0533447265625,1257.0,-2.968981815789473
1290,42,16,96768,-42.65485227108002,0.9627896547317505,-0.036723196506500244,-0.02576037766993977,-8.522384643554688,0.025895277,0.0004092704424510632,3008,0.006303879745246377,0.2,0.272216796875,1257.0,-2.968981815789473
1289,43,17,97280,-42.680546283721924,0.9639456868171692,-0.04151559993624687,-0.02750049761380069,0.2963407039642334,0.021508798,0.0004092704424510632,3024,0.018611258681630716,0.2,0.27099609375,1257.0,-2.963404207792207
1288,44,17,97792,-42.71329045295715,0.9644545912742615,0.01936976984143257,-0.01614333961333614,0.4955037236213684,0.024723904,0.0004092704424510632,3040,0.19128081644885242,0.2,0.1197509765625,1257.0,-2.963404207792207
1288,45,17,98304,-42.718281388282776,0.9645917415618896,-0.029194042086601257,-0.022900334879523143,-18.111398696899414,0.025439508,0.0004092704424510632,3056,0.030452879902441055,0.2,0.241455078125,1257.0,-2.962455602564102
1288,46,18,98816,-42.717384934425354,0.9646890759468079,0.17862913012504578,-0.011396372414310463,0.10365557670593262,0.011083453,0.0004092704424510632,3072,0.7881164769642055,0.2,0.0859375,1257.0,-2.962455602564102
1287,47,18,99328,-42.718682050704956,0.9649544954299927,-0.0234708022326231,-0.02259824564680457,-2.5255208015441895,0.01787658,0.0004092704424510632,3088,0.006397357705282047,0.2,0.2603759765625,1257.0,-2.960526037974683
1287,48,19,99840,-42.721001863479614,0.9648534655570984,0.12121577560901642,-0.01196074389736168,0.2830987572669983,0.0103723835,0.0004092704424510632,3104,0.721042369492352,0.2,0.0386962890625,1257.0,-2.960526037974683
1286,49,19,100352,-42.70563805103302,0.9640550017356873,-0.028277462348341942,-0.02437903128156904,-1.173795223236084,0.022158612,0.0004092704424510632,3120,0.007205739617347717,0.2,0.2891845703125,1257.0,-2.960526037974683
1286,50,19,100864,-42.68955934047699,0.9639808535575867,-0.018528148531913757,-0.02477543117129244,-0.00769960880279541,0.015057708,0.0004092704424510632,3136,0.0041686554759508,0.2,0.2391357421875,1257.0,-2.9596327125000004
1285,51,20,101376,-42.69243514537811,0.9640377163887024,0.1770114302635193,-0.007699485679040663,0.23658132553100586,0.008304292,0.0004092704424510632,3152,0.840514438226819,0.2,0.0230712890625,1257.0,-2.9596327125000004
1285,52,20,101888,-42.72458040714264,0.9665084481239319,-0.02790238708257675,-0.026041035642265342,-5.644461631774902,0.018213924,0.0004092704424510632,3168,0.005947954050498083,0.2,0.2557373046875,1257.0,-2.958967135802469
1284,53,21,102400,-42.790003657341,0.9673175811767578,0.20176517963409424,-0.008656110294396058,0.18796032667160034,0.010247687,0.0004092704424510632,3184,0.7803292190656066,0.2,0.090576171875,1257.0,-2.958967135802469
1284,54,21,102912,-42.7730575799942,0.9653757810592651,-0.03258863463997841,-0.025512349617201835,-12.987069129943848,0.025587525,0.0004092704424510632,3200,0.008382513267861214,0.2,0.275390625,1257.0,-2.958967135802469
1284,55,21,103424,-42.745797634124756,0.9669973254203796,-0.03571399673819542,-0.02170613335329108,-0.025497913360595703,0.014133449,0.0004092704424510632,3216,0.0034324385414947756,0.2,0.2109375,1257.0,-2.9589524146341466
1284,56,22,103936,-42.79203689098358,0.9677135944366455,0.13037201762199402,-0.014585486627765931,0.18806415796279907,0.014441516,0.0004092704424510632,3232,0.7632219903171062,0.2,0.0777587890625,1257.0,-2.9589524146341466
1283,57,22,104448,-42.790546894073486,0.9672054052352905,-0.03490602597594261,-0.02247558257658966,-14.421074867248535,0.020122873,0.0004092704424510632,3248,0.026049630789202638,0.2,0.2109375,1257.0,-2.9596401325301205
1282,58,23,104960,-42.76922285556793,0.96657794713974,0.14264225959777832,-0.010365482172346674,0.05412250757217407,0.008734565,0.0004092704424510632,3264,1.0480522252619267,0.2,0.0277099609375,1257.0,-2.9596401325301205
1281,59,23,105472,-42.76014244556427,0.9669827222824097,-0.040804654359817505,-0.026368645558250137,-3.145390033721924,0.023531657,0.0004092704424510632,3280,0.004263967995939311,0.2,0.28173828125,1257.0,-2.9596401325301205
1281,60,23,105984,-42.755794286727905,0.9659716486930847,-0.02609109692275524,-0.028260897030122578,-0.04079723358154297,0.018807448,0.0004092704424510632,3296,0.0034809930293704383,0.2,0.260986328125,1257.0,-2.9584917619047624
1280,61,24,106496,-42.71821653842926,0.9652696251869202,0.1592763364315033,-0.011586853812332265,0.2195737361907959,0.011123963,0.0004092704424510632,3312,0.7774130990728736,0.2,0.0517578125,1257.0,-2.9584917619047624
1280,62,24,107008,-42.696215748786926,0.9640402793884277,-0.035857319831848145,-0.021847274096217006,-11.172597885131836,0.01844981,0.0004092704424510632,3328,0.010230061423499137,0.2,0.2100830078125,1257.0,-2.9561720470588235
1279,63,25,107520,-42.671011567115784,0.9636824131011963,0.2494129091501236,-0.012658158026169986,0.10011708736419678,0.012496573,0.0004092704424510632,3344,0.9522776175290346,0.2,0.0758056640625,1257.0,-2.9561720470588235
1279,64,25,108032,-42.68531262874603,0.9646449685096741,-0.03236951306462288,-0.028688047037576325,-1.991079330444336,0.019226493,0.0004092704424510632,3360,0.0040440576558467,0.2,0.25732421875,1257.0,-2.9561720470588235
1279,65,26,108544,-42.733510851860046,0.9666321873664856,-0.04267030581831932,-0.02822399011347443,-0.03281807899475098,0.018263953,0.0004092704424510632,3376,0.0029011919723416213,0.2,0.254150390625,1257.0,-2.9548894069767444
1278,66,26,109056,-42.78349733352661,0.9672856330871582,0.12560924887657166,-0.013324708488653414,0.2590237259864807,0.013614215,0.0004092704424510632,3392,0.6175119015388191,0.2,0.066650390625,1257.0,-2.9548894069767444
1278,67,26,109568,-42.787001967430115,0.9671250581741333,-0.022781316190958023,-0.01804805798747111,-17.456335067749023,0.01845105,0.0004092704424510632,3408,0.08654299011686817,0.2,0.199951171875,1257.0,-2.955486850574713
1277,68,27,110080,-42.77377223968506,0.9668735265731812,0.11227216571569443,-0.009981236653402448,0.16607391834259033,0.01176049,0.0004092704424510632,3424,0.7414296763017774,0.2,0.0572509765625,1257.0,-2.955486850574713
1277,69,27,110592,-42.78385293483734,0.9684412479400635,-0.03771202638745308,-0.027139183192048222,-12.772317886352539,0.021824967,0.0004092704424510632,3440,0.009034814574988559,0.2,0.266845703125,1257.0,-2.955486850574713
1277,70,28,111104,-42.821749448776245,0.9686200022697449,-0.027698753401637077,-0.023297094594454393,0.2346707582473755,0.017434377,0.0004092704424510632,3456,0.0035997077575302683,0.2,0.222412109375,1257.0,-2.9530732272727276
1276,71,28,111616,-42.80608570575714,0.9675872921943665,0.04029430076479912,-0.012233838555403054,0.21513336896896362,0.018580865,0.0004092704424510632,3472,0.3040183304110542,0.2,0.086669921875,1257.0,-2.9530732272727276
1276,72,28,112128,-42.77148950099945,0.9669426679611206,-0.04420652240514755,-0.029375463738688268,-2.7978553771972656,0.020589242,0.0004092704424510632,3488,0.008167455904185772,0.2,0.272705078125,1257.0,-2.952248494382023
1276,73,29,112640,-42.75691592693329,0.9666174650192261,0.228389710187912,-0.011181357447640039,0.20880740880966187,0.009398229,0.0004092704424510632,3504,0.8657700950279832,0.2,0.0450439453125,1257.0,-2.952248494382023
1276,74,29,113152,-42.742743492126465,0.9660792350769043,-0.03612823039293289,-0.024550563786760904,-5.286012649536133,0.016268777,0.0004092704424510632,3520,0.006084746972192079,0.2,0.232177734375,1257.0,-2.949277255555556
1276,75,30,113664,-42.72592043876648,0.965722918510437,0.16935446858406067,-0.006766669437638484,0.26791954040527344,0.008456355,0.0004092704424510632,3536,0.9937543496489525,0.2,0.025390625,1257.0,-2.949277255555556
1276,76,30,114176,-42.72803056240082,0.9662616848945618,-0.03714698553085327,-0.021932800897047855,-1.0918679237365723,0.015041154,0.0004092704424510632,3552,0.010511261760257185,0.2,0.20458984375,1257.0,-2.949277255555556
1276,77,30,114688,-42.731759786605835,0.965133547782898,-0.02689928561449051,-0.02678884933993686,-0.04258239269256592,0.014723767,0.0004092704424510632,3568,0.00482555780763505,0.2,0.222412109375,1257.0,-2.946923582417583
1276,78,31,115200,-42.69696283340454,0.9647631645202637,0.22901979088783264,-0.008965792818344198,0.3081345558166504,0.0068255654,0.0004092704424510632,3584,0.9614316076040268,0.2,0.0301513671875,1257.0,-2.946923582417583
1275,79,31,115712,-42.69940209388733,0.9651986956596375,-0.03552486002445221,-0.01985042965679895,-5.1329121589660645,0.022713564,0.0004092704424510632,3600,0.006489249455626123,0.2,0.21826171875,1257.0,-2.945393717391305
1275,80,32,116224,-42.713003516197205,0.9656828045845032,0.23094269633293152,-0.010856377964955755,0.23890560865402222,0.010832186,0.0004092704424510632,3616,0.8491417597979307,0.2,0.096435546875,1257.0,-2.945393717391305
1275,81,32,116736,-42.71048331260681,0.9648717045783997,-0.028389470651745796,-0.022820121186668985,-14.594928741455078,0.013383969,0.0004092704424510632,3632,0.008020620720344596,0.2,0.193603515625,1257.0,-2.945393717391305
1275,82,32,117248,-42.677144289016724,0.9642802476882935,-0.02828557789325714,-0.026132182450965047,-0.002391338348388672,0.019285843,0.0004092704424510632,3648,0.0027877786196768284,0.2,0.241455078125,1257.0,-2.941883838709678
1275,83,33,117760,-42.665040612220764,0.9642475247383118,0.15147854387760162,-0.006845008974778466,0.21043366193771362,0.0075686607,0.0004092704424510632,3664,1.0162450359202921,0.2,0.0220947265625,1257.0,-2.941883838709678
1275,84,33,118272,-42.65966534614563,0.9637438058853149,-0.036805659532547,-0.024103964511596132,-6.764843463897705,0.023690283,0.0004092704424510632,3680,0.013558915670728311,0.2,0.2491455078125,1257.0,-2.9417251063829792
1274,85,34,118784,-42.634583592414856,0.9629848599433899,0.17120327055454254,-0.013779524131678045,0.030015110969543457,0.010227255,0.0004092704424510632,3696,1.2167322859168053,0.2,0.0821533203125,1257.0,-2.9417251063829792
1274,86,34,119296,-42.63810467720032,0.9640524387359619,-0.025653934106230736,-0.023899952313513495,-1.8813424110412598,0.022429457,0.0004092704424510632,3712,0.005072314423159696,0.2,0.286865234375,1257.0,-2.9417251063829792
1274,87,34,119808,-42.67407715320587,0.9650984406471252,-0.0275491364300251,-0.02237107331166044,-0.16354143619537354,0.015634015,0.0004092704424510632,3728,0.002873570116207702,0.2,0.2203369140625,1257.0,-2.9425247052631587
1274,88,35,120320,-42.69187831878662,0.9657071232795715,0.12657517194747925,-0.011890251975273713,0.27197450399398804,0.01221617,0.0004092704424510632,3744,0.6732278848066926,0.2,0.0560302734375,1257.0,-2.9425247052631587
1274,89,35,120832,-42.69844186306,0.9652151465415955,-0.028148651123046875,-0.018547530693467706,-11.979692459106445,0.024155334,0.0004092704424510632,3760,0.028371876280289143,0.2,0.2406005859375,1257.0,-2.938551947916667
1274,90,36,121344,-42.678117752075195,0.9650227427482605,0.23250463604927063,-0.007370392602751963,0.10989004373550415,0.00868685,0.0004092704424510632,3776,0.9142549009993672,0.2,0.030517578125,1257.0,-2.938551947916667
1273,91,36,121856,-42.68646252155304,0.965842068195343,-0.03227100521326065,-0.02204849393456243,-1.3956124782562256,0.019761281,0.0004092704424510632,3792,0.004444979393156245,0.2,0.2431640625,1257.0,-2.938551947916667
1273,92,36,122368,-42.69694769382477,0.9654093384742737,-0.03322455286979675,-0.027174442569958046,-0.14698338508605957,0.019117106,0.0004092704424510632,3808,0.0030021836173546035,0.2,0.2496337890625,1257.0,-2.9373718453608246
1273,93,37,122880,-42.6867710351944,0.9653694033622742,0.12708553671836853,-0.014835491099802312,0.3006487488746643,0.015536049,0.0004092704424510632,3824,0.6392109822481871,0.2,0.0855712890625,1257.0,-2.9373718453608246
1273,94,37,123392,-42.69021725654602,0.9653480052947998,-0.029507046565413475,-0.025610544747905806,-6.4640116691589355,0.025674453,0.0004092704424510632,3840,0.023071264382451773,0.2,0.24951171875,1257.0,-2.9362980612244898
1273,95,38,123904,-42.68125069141388,0.9650363922119141,0.20924429595470428,-0.012507145802373998,0.08630514144897461,0.00953465,0.0004092704424510632,3856,1.28506563231349,0.2,0.0526123046875,1257.0,-2.9362980612244898
1274,96,38,124416,-42.65883278846741,0.9637553095817566,-0.027202444151043892,-0.020147183822700754,-5.8741583824157715,0.020543788,0.0004092704424510632,3872,0.007167177347582765,0.2,0.23095703125,1257.0,-2.9362980612244898
1273,97,38,124928,-42.62036740779877,0.9630728960037231,-0.036091431975364685,-0.028054365830030292,0.2460700273513794,0.017108686,0.0004092704424510632,3888,0.0018429998381179757,0.2,0.2467041015625,1257.0,-2.933985686868687
1273,98,39,125440,-42.60768532752991,0.9627150893211365,0.006821595132350922,-0.016349121142411605,0.16050481796264648,0.023472797,0.0004092704424510632,3904,0.383313802536577,0.2,0.11572265625,1257.0,-2.933985686868687
1273,99,39,125952,-42.58089363574982,0.9610174298286438,-0.02371346205472946,-0.029725179891102016,-1.0360994338989258,0.018983124,0.0004092704424510632,3920,0.019637975317891687,0.2,0.291748046875,1257.0,-2.93416919
1273,100,40,126464,-42.52954292297363,0.9603654742240906,0.22503352165222168,-0.013025276100961491,0.21477216482162476,0.012964529,0.0004092704424510632,3936,0.8265712456777692,0.2,0.107421875,1257.0,-2.93416919
1272,101,40,126976,-42.53139293193817,0.961183488368988,-0.034228306263685226,-0.024169548763893545,-9.758726119995117,0.018681679,0.0004092704424510632,3952,0.008065837922913488,0.2,0.2567138671875,1257.0,-2.9306955699999997
1272,102,41,127488,-42.56671702861786,0.9614772200584412,0.23600663244724274,-0.015754380117869005,0.20386147499084473,0.016698033,0.0004092704424510632,3968,0.8495507696643472,0.2,0.083740234375,1257.0,-2.9306955699999997
1272,103,41,128000,-42.5669002532959,0.9614704251289368,-0.029615197330713272,-0.02697952601010911,-2.3409202098846436,0.025125436,0.0004092704424510632,3984,0.011871757960761897,0.2,0.291015625,1257.0,-2.9306955699999997
1272,104,41,128512,-42.55255210399628,0.9605958461761475,-0.028884176164865494,-0.02733552485733526,-0.026842117309570312,0.01850323,0.0004092704424510632,4000,0.004036418213217985,0.2,0.2781982421875,1257.0,-2.9262510400000004
1272,105,42,129024,-42.524720907211304,0.9601694941520691,0.22269372642040253,-0.01216517313150689,0.3005233407020569,0.014613511,0.0004092704424510632,4016,0.9475946202874184,0.2,0.0667724609375,1257.0,-2.9262510400000004
1272,106,42,129536,-42.540626764297485,0.961933434009552,-0.03311176225543022,-0.023814037529518828,-8.446513175964355,0.023858864,0.0004092704424510632,4032,0.012062726964359172,0.2,0.2716064453125,1257.0,-2.9251036999999998
1272,107,43,130048,-42.58990693092346,0.9623627066612244,0.19971466064453125,-0.01311247747798916,0.15963518619537354,0.022145092,0.0004092704424510632,4048,1.154087832197547,0.2,0.1336669921875,1257.0,-2.9251036999999998
1271,108,43,130560,-42.585753202438354,0.9615932106971741,-0.03374965116381645,-0.022335393528919667,-11.880242347717285,0.015987137,0.0004092704424510632,4064,0.0021667359324055724,0.2,0.2830810546875,1257.0,-2.9251036999999998
1271,109,43,131072,-42.60620939731598,0.964582622051239,-0.034871600568294525,-0.027468423490063287,0.003161787986755371,0.018283743,0.0004092704424510632,4080,0.003164901052514324,0.2,0.2802734375,1257.0,-2.9201225600000003
1271,110,44,131584,-42.69784653186798,0.9656636118888855,0.10970805585384369,-0.023561000169138424,0.09474754333496094,0.021950865,0.0004092704424510632,4096,0.9465701440349221,0.2,0.159912109375,1257.0,-2.9201225600000003
1270,111,44,132096,-42.71409201622009,0.9664176106452942,-0.040704891085624695,-0.028115685534430668,-8.342071533203125,0.020052787,0.0004092704424510632,4112,0.008239404996857047,0.2,0.289794921875,1257.0,-2.914386320000001
1270,112,45,132608,-42.73593819141388,0.9664892554283142,0.24776843190193176,-0.00866903095447924,0.17363804578781128,0.010008033,0.0004092704424510632,4128,1.0851138243451715,0.2,0.061767578125,1257.0,-2.914386320000001
1270,113,45,133120,-42.73362958431244,0.9664074182510376,-0.021088648587465286,-0.025333095487440005,-0.11267518997192383,0.023997635,0.0004092704424510632,4144,0.009804385612369515,0.2,0.3096923828125,1257.0,-2.914386320000001
1270,114,45,133632,-42.75860667228699,0.9686616659164429,-0.023242853581905365,-0.020945034513715655,-0.4159519672393799,0.014279984,0.0004092704424510632,4160,0.0031711209812783636,0.2,0.2109375,1257.0,-2.914072030000001
1270,115,46,134144,-42.809330701828,0.9695248603820801,0.16802281141281128,-0.0048307634715456516,0.3008936643600464,0.0065633613,0.0004092704424510632,4176,0.7080997563898563,0.2,0.0169677734375,1257.0,-2.914072030000001
1270,116,46,134656,-42.83735644817352,0.9710946083068848,-0.022802509367465973,-0.023171684486442246,-12.891637802124023,0.020824539,0.0004092704424510632,4192,0.02330181290744804,0.2,0.2510986328125,1257.0,-2.9128200200000007
1270,117,47,135168,-42.875688910484314,0.9715824127197266,0.14891356229782104,-0.01177669464959763,0.12145370244979858,0.010003919,0.0004092704424510632,4208,0.9872351437807083,0.2,0.0498046875,1257.0,-2.9128200200000007
1269,118,47,135680,-42.87650775909424,0.9713390469551086,-0.05329921841621399,-0.03194205742329359,-2.726294994354248,0.025824327,0.0004092704424510632,4224,0.005348392711312044,0.2,0.3031005859375,1257.0,-2.9128200200000007
1269,119,47,136192,-42.88370859622955,0.9711101651191711,-0.04192812740802765,-0.029679840939934365,-0.05458235740661621,0.014493001,0.0004092704424510632,4240,0.0032283520995406434,0.2,0.26171875,1257.0,-2.90879187
1269,120,48,136704,-42.87583947181702,0.9710140824317932,0.11336657404899597,-0.015071239256940316,0.314725399017334,0.014221627,0.0004092704424510632,4256,0.6286183404736221,0.2,0.088134765625,1257.0,-2.90879187
1269,121,48,137216,-42.88059437274933,0.9716490507125854,0.35511571168899536,-0.03019731678068638,-0.1553184986114502,0.02594911,0.0004092704424510632,4272,0.7188833430409431,0.2,0.271484375,1257.0,-2.90796261
1269,122,49,137728,-42.90552854537964,0.9720028638839722,0.47220706939697266,-0.00853742340405006,0.6358575820922852,0.008596297,0.0004092704424510632,4288,1.049578445032239,0.2,0.037353515625,1257.0,-2.90796261
1269,123,49,138240,-42.90605282783508,0.9717355966567993,-0.02947958931326866,-0.019358251767698675,-17.015857696533203,0.017109586,0.0004092704424510632,4304,0.0312628757674247,0.2,0.1806640625,1257.0,-2.90796261
1269,124,50,138752,-42.914552330970764,0.9722537398338318,-0.033314503729343414,-0.026441449183039367,0.28004610538482666,0.016029017,0.0004092704424510632,4320,0.002600548898044508,0.2,0.2474365234375,1257.0,-2.907378209999999
1269,125,50,139264,-42.93311631679535,0.9726812839508057,0.005023378878831863,-0.01545815471035894,0.28730982542037964,0.0245498,0.0004092704424510632,4336,0.25361125625204295,0.2,0.14208984375,1257.0,-2.907378209999999
1269,126,50,139776,-42.93593621253967,0.9725289940834045,-0.024164125323295593,-0.020988049029256217,-6.428725719451904,0.016247835,0.0004092704424510632,4352,0.02728115484933369,0.2,0.2020263671875,1257.0,-2.90127782
1269,127,51,140288,-42.943193197250366,0.972802460193634,0.214071124792099,-0.013200483983382583,0.09914451837539673,0.009136972,0.0004092704424510632,4368,1.2113018091768026,0.2,0.045654296875,1257.0,-2.90127782
1268,128,51,140800,-42.964497685432434,0.974153459072113,-0.03136457875370979,-0.028023870923789218,-5.371651649475098,0.022788117,0.0004092704424510632,4384,0.006990500980464276,0.2,0.294189453125,1257.0,-2.900394049999999
1268,129,52,141312,-43.000048756599426,0.9744700193405151,0.13944515585899353,-0.01265431554929819,0.13472020626068115,0.011675661,0.0004092704424510632,4400,0.8969584740698338,0.2,0.0517578125,1257.0,-2.900394049999999
1268,130,52,141824,-42.975687742233276,0.9730322957038879,-0.029051609337329865,-0.030996658868389204,-0.3517798185348511,0.029878546,0.0004092704424510632,4416,0.010034067541710101,0.2,0.3515625,1257.0,-2.900394049999999
1268,131,52,142336,-42.95549488067627,0.9732487201690674,-0.030699774622917175,-0.02205707903340226,-0.10738730430603027,0.015940523,0.0004092704424510632,4432,0.004804978823813144,0.2,0.236083984375,1257.0,-2.8998007099999996
1268,132,53,142848,-42.962369203567505,0.9731156229972839,0.1276848465204239,-0.009558318633935414,0.34058934450149536,0.009999897,0.0004092704424510632,4448,0.8707935744896531,0.2,0.024169921875,1257.0,-2.8998007099999996
1268,133,53,143360,-42.95308077335358,0.9727486371994019,-0.027226902544498444,-0.022241243525058962,-3.608489513397217,0.016015459,0.0004092704424510632,4464,0.017584273300599307,0.2,0.2261962890625,1257.0,-2.8965757299999995
1268,134,54,143872,-42.943572998046875,0.9727928042411804,0.18488118052482605,-0.016879706308827735,0.22616076469421387,0.01171989,0.0004092704424510632,4480,1.0049612298607826,0.2,0.0531005859375,1257.0,-2.8965757299999995
1268,135,54,144384,-42.983689188957214,0.9755358099937439,-0.030461974442005157,-0.026810903902514838,-4.574906349182129,0.019157682,0.0004092704424510632,4496,0.0033025161392288283,0.2,0.27294921875,1257.0,-2.8965757299999995
1267,136,54,144896,-43.024110555648804,0.9746910929679871,-0.04067256301641464,-0.026865431820624508,-0.08281207084655762,0.019666087,0.0004092704424510632,4512,0.0043072946355096065,0.2,0.277587890625,1257.0,-2.89402134
1267,137,55,145408,-42.982518434524536,0.9740301370620728,0.1259506642818451,-0.014163380314130336,0.3456237316131592,0.016189944,0.0004092704424510632,4528,0.6956653594970703,0.2,0.087890625,1257.0,-2.89402134
1267,138,55,145920,-42.964887499809265,0.9727236032485962,-0.025621632114052773,-0.026702060757088475,-6.1840105056762695,0.019489478,0.0004092704424510632,4544,0.029598200373584405,0.2,0.2635498046875,1257.0,-2.89200792
1267,139,56,146432,-42.92347240447998,0.972144603729248,0.19993332028388977,-0.010455947485752404,0.17704230546951294,0.008893472,0.0004092704424510632,4560,0.9214818878099322,0.2,0.031005859375,1257.0,-2.89200792
1267,140,56,146944,-42.921385765075684,0.972464919090271,-0.045859064906835556,-0.03268613951513544,-0.9169971942901611,0.020295326,0.0004092704424510632,4576,0.0031193900722428225,0.2,0.2886962890625,1257.0,-2.89200792
1267,141,56,147456,-42.92336690425873,0.9731374382972717,-0.03396350517868996,-0.02685291312809568,-0.24249184131622314,0.017922616,0.0004092704424510632,4592,0.003942624272895046,0.2,0.259033203125,1257.0,-2.8917935000000003
1267,142,57,147968,-42.94318664073944,0.9733400940895081,0.14811451733112335,-0.015486406853597146,0.3273509740829468,0.015631773,0.0004092704424510632,4608,0.6466155950911343,0.2,0.0816650390625,1257.0,-2.8917935000000003
1267,143,57,148480,-42.95269763469696,0.9742839336395264,-0.027348579838871956,-0.025846136348263826,-13.140327453613281,0.030227616,0.0004092704424510632,4624,0.056431075965519994,0.2,0.2857666015625,1257.0,-2.8910705100000005
1267,144,58,148992,-42.97447156906128,0.974370539188385,0.2014651894569397,-0.012405811852659099,0.1271311640739441,0.012521249,0.0004092704424510632,4640,0.8162580691277981,0.2,0.0693359375,1257.0,-2.8910705100000005
1267,145,58,149504,-43.00822424888611,0.97706139087677,-0.018194004893302917,-0.01944442602689378,-0.6838257312774658,0.0171385,0.0004092704424510632,4656,0.002913542059104657,0.2,0.223876953125,1257.0,-2.8910705100000005
1266,146,59,150016,-43.088077664375305,0.9778568148612976,-0.02829139493405819,-0.0341421396296937,-0.18712997436523438,0.018165637,0.0004092704424510632,4672,0.0024569437409809325,0.2,0.257568359375,1257.0,-2.8911268000000003
1266,147,59,150528,-43.0846004486084,0.977623701095581,0.11853525787591934,-0.015193582061328925,0.3467711806297302,0.018577147,0.0004092704424510632,4688,0.5544464918784797,0.2,0.08642578125,1257.0,-2.8911268000000003
4136,1,0,151040,-43.059558033943176,0.9760274291038513,-0.006274126470088959,-0.022206003042811062,-1.64778470993042,0.020078927,0.0004092704424510632,4704,0.08227138384245336,0.2,0.21923828125,1257.0,-2.8911013100000003
1953,2,0,151552,-43.012173533439636,0.9753367304801941,0.1674794703722,-0.009323969556135125,0.2893217206001282,0.014488271,0.0004092704424510632,4720,0.7301655327901244,0.2,0.0626220703125,1257.0,-2.8911013100000003
1653,3,0,152064,-43.00181484222412,0.9756982922554016,-0.036323726177215576,-0.02865171006124001,-13.169772148132324,0.028711766,0.0004092704424510632,4736,0.008174998445610981,0.2,0.30224609375,1257.0,-2.8911013100000003
1525,4,1,152576,-43.02071928977966,0.9761512279510498,-0.0379684679210186,-0.022839557990664616,0.30105048418045044,0.013288526,0.0004092704424510632,4752,0.00449708537053084,0.2,0.2022705078125,1257.0,-2.88860774
1468,5,1,153088,-43.03030526638031,0.9766260385513306,-0.002217918634414673,-0.016153765391209163,0.4437407851219177,0.02852177,0.0004092704424510632,4768,0.23969682084862143,0.2,0.142578125,1257.0,-2.88860774
1428,6,2,153600,-43.040976762771606,0.9766196608543396,-0.024214770644903183,-0.023798853013431653,-6.623085975646973,0.017735435,0.0004092704424510632,4784,0.025786633661482483,0.2,0.245361328125,1257.0,-2.88687518
1400,7,2,154112,-43.031455755233765,0.9762019515037537,0.1261078119277954,-0.012419069418683648,0.17252957820892334,0.014286347,0.0004092704424510632,4800,0.8357018465176225,0.2,0.082275390625,1257.0,-2.88687518
1383,8,2,154624,-43.00190281867981,0.974816083908081,-0.03318551927804947,-0.02404817433853168,-1.7287933826446533,0.020873118,0.0004092704424510632,4816,0.008836322740535252,0.2,0.279541015625,1257.0,-2.8872717
1371,9,3,155136,-42.953787326812744,0.9740262627601624,0.20681042969226837,-0.013489715027390048,0.37950819730758667,0.015793627,0.0004092704424510632,4832,0.6920340992510319,0.2,0.086669921875,1257.0,-2.8872717
1360,10,3,155648,-42.94869804382324,0.9743769764900208,-0.036808330565690994,-0.027328162352205254,-0.3587909936904907,0.026030723,0.0004092704424510632,4848,0.00972960187937133,0.2,0.30419921875,1257.0,-2.8872717
1351,11,4,156160,-42.98015344142914,0.9757095575332642,-0.03254951164126396,-0.022631959262071177,-0.015261173248291016,0.013796198,0.0004092704424510632,4864,0.005433256636024453,0.2,0.25,1257.0,-2.8852515600000004
1345,12,4,156672,-42.995777010917664,0.9757677316665649,0.1731722354888916,-0.015335404459619895,0.37161964178085327,0.015416212,0.0004092704424510632,4880,0.7603198122233152,0.2,0.0963134765625,1257.0,-2.8852515600000004
1339,13,4,157184,-42.996389508247375,0.9759486317634583,-0.027046628296375275,-0.02311823640775401,-8.738954544067383,0.015661586,0.0004092704424510632,4896,0.009736204403452575,0.2,0.2340087890625,1257.0,-2.880632270000001
1334,14,5,157696,-43.003756046295166,0.9761055111885071,0.23027372360229492,-0.015804228649358265,0.20524483919143677,0.0146455625,0.0004092704424510632,4912,0.8193768234923482,0.2,0.083984375,1257.0,-2.880632270000001
1330,15,5,158208,-42.99497938156128,0.9749971032142639,-0.042655814439058304,-0.02863298983720597,-1.897538661956787,0.019430134,0.0004092704424510632,4928,0.003153550442220876,0.2,0.2921142578125,1257.0,-2.880632270000001
1326,16,6,158720,-42.9572639465332,0.9741764664649963,-0.041282668709754944,-0.02731393976137042,-0.2279067039489746,0.016724786,0.0004092704424510632,4944,0.0037502987979678437,0.2,0.2705078125,1257.0,-2.8780364100000004
1323,17,6,159232,-42.941771388053894,0.974260151386261,0.1840239316225052,-0.01377341544139199,0.34781020879745483,0.01138343,0.0004092704424510632,4960,0.7433493682183325,0.2,0.0643310546875,1257.0,-2.8780364100000004
1319,18,6,159744,-42.91766631603241,0.9723296761512756,-0.032512322068214417,-0.028469303448218852,-6.895674705505371,0.02008477,0.0004092704424510632,4976,0.008737753043533303,0.2,0.2828369140625,1257.0,-2.8764682000000006
1316,19,7,160256,-42.86349391937256,0.971711277961731,0.16153249144554138,-0.013031328613578808,0.20921605825424194,0.011256367,0.0004092704424510632,4992,1.01241619233042,0.2,0.0460205078125,1257.0,-2.8764682000000006
1314,20,7,160768,-42.86997067928314,0.9728908538818359,-0.024190036579966545,-0.017993776185903698,-3.689188003540039,0.014897539,0.0004092704424510632,5008,0.006275683314015623,0.2,0.20654296875,1257.0,-2.8764682000000006
1311,21,8,161280,-42.896416902542114,0.9727925658226013,-0.03174729645252228,-0.026167843636358157,-0.12159764766693115,0.016030813,0.0004092704424510632,5024,0.003357553097885102,0.2,0.255615234375,1257.0,-2.87175381
1310,22,8,161792,-42.88186299800873,0.972265899181366,0.12778255343437195,-0.010146318702027202,0.3280695080757141,0.012009468,0.0004092704424510632,5040,0.675980519503355,0.2,0.056640625,1257.0,-2.87175381
1311,23,8,162304,-42.86717939376831,0.9723849296569824,-0.024118676781654358,-0.020778663456439972,-10.75186538696289,0.019455934,0.0004092704424510632,5056,0.023472001863410696,0.2,0.244384765625,1257.0,-2.87102236
1310,24,9,162816,-42.876660108566284,0.9727402925491333,0.20711307227611542,-0.00952611469256226,0.15779757499694824,0.008212445,0.0004092704424510632,5072,0.9104265896603465,0.2,0.031005859375,1257.0,-2.87102236
1308,25,9,163328,-42.85692048072815,0.9709354639053345,-0.03607313707470894,-0.020432224438991398,-0.5312529802322388,0.01416559,0.0004092704424510632,5088,0.003762479333090596,0.2,0.1949462890625,1257.0,-2.87102236
1306,26,10,163840,-42.81078886985779,0.9707391858100891,-0.030993886291980743,-0.021824342649779283,-0.774651288986206,0.016748931,0.0004092704424510632,5104,0.0023719210730632767,0.2,0.230712890625,1257.0,-2.8684341399999997
1304,27,10,164352,-42.811471343040466,0.970654308795929,0.0725565180182457,-0.016568733379244804,0.3364233374595642,0.019287338,0.0004092704424510632,5120,0.5897336276248097,0.2,0.101318359375,1257.0,-2.8684341399999997
1301,28,11,164864,-42.81576764583588,0.9715988636016846,-0.030155852437019348,-0.01835732432664372,-10.475696563720703,0.021316912,0.0004092704424510632,5136,0.02301790108322166,0.2,0.2320556640625,1257.0,-2.86927109
1301,29,11,165376,-42.85010123252869,0.9718993306159973,0.11934380233287811,-0.013516292252461426,0.12036079168319702,0.01655522,0.0004092704424510632,5152,0.816956833936274,0.2,0.0777587890625,1257.0,-2.86927109
1300,30,11,165888,-42.85445439815521,0.9727384448051453,-0.032534584403038025,-0.02331414367654361,-6.825947284698486,0.018667994,0.0004092704424510632,5168,0.0069738079837406985,0.2,0.242431640625,1257.0,-2.86927109
1300,31,12,166400,-42.8727502822876,0.9716411232948303,-0.030695924535393715,-0.027816790447104722,0.26039546728134155,0.018905627,0.0004092704424510632,5184,0.003271519257395994,0.2,0.263916015625,1257.0,-2.86989669
1299,32,12,166912,-42.82810711860657,0.9704257249832153,-0.011659456416964531,-0.019731835083803162,0.37526655197143555,0.025715925,0.0004092704424510632,5200,0.28805432515218854,0.2,0.17822265625,1257.0,-2.86989669
1298,33,13,167424,-42.80287444591522,0.970425009727478,-0.02784551866352558,-0.021003584974096157,-12.69059944152832,0.026183693,0.0004092704424510632,5216,0.0171829547471134,0.2,0.2811279296875,1257.0,-2.86824823
1298,34,13,167936,-42.802812814712524,0.970767617225647,0.14005985856056213,-0.01317120052408427,0.1052851676940918,0.01047052,0.0004092704424510632,5232,0.9399692649021745,0.2,0.0560302734375,1257.0,-2.86824823
1298,35,13,168448,-42.82358109951019,0.9721067547798157,-0.033956971019506454,-0.026608324027620256,-3.6449460983276367,0.021851107,0.0004092704424510632,5248,0.0053637462260667235,0.2,0.263671875,1257.0,-2.8653072199999996
1297,36,14,168960,-42.842081904411316,0.971854567527771,0.25836580991744995,-0.013060512457741424,0.38653844594955444,0.015563632,0.0004092704424510632,5264,0.7638051109388471,0.2,0.0975341796875,1257.0,-2.8653072199999996
1296,37,14,169472,-42.8379909992218,0.9723628759384155,-0.041526760905981064,-0.02833401263342239,-0.6969836950302124,0.022236042,0.0004092704424510632,5280,0.01083089952589944,0.2,0.31005859375,1257.0,-2.8653072199999996
1295,38,15,169984,-42.84564411640167,0.9719243049621582,-0.024467075243592262,-0.02980331308208406,-0.003857135772705078,0.017909389,0.0004092704424510632,5296,0.0048350996294175275,0.2,0.270263671875,1257.0,-2.8607721500000003
1295,39,15,170496,-42.822139263153076,0.9719411730766296,0.2132335752248764,-0.013066989689832553,0.27211254835128784,0.017695451,0.0004092704424510632,5312,0.8181285001337528,0.2,0.0850830078125,1257.0,-2.8607721500000003
1294,40,15,171008,-42.81150543689728,0.970322847366333,-0.03837036341428757,-0.025347073678858578,-14.193514823913574,0.025993703,0.0004092704424510632,5328,0.02337694940797519,0.2,0.2779541015625,1257.0,-2.85789799
1293,41,16,171520,-42.75158429145813,0.9692797660827637,0.17186984419822693,-0.00816435540036764,0.12715929746627808,0.010626366,0.0004092704424510632,5344,0.9386779051274061,0.2,0.109130859375,1257.0,-2.85789799
1293,42,16,172032,-42.76348340511322,0.9714169502258301,-0.03511996567249298,-0.026460018154466525,-1.5831012725830078,0.019565666,0.0004092704424510632,5360,0.0018251138244522735,0.2,0.2940673828125,1257.0,-2.85789799
1292,43,17,172544,-42.81333267688751,0.9725514054298401,-0.03187984228134155,-0.024165409049601294,0.007378518581390381,0.017975582,0.0004092704424510632,5376,0.003838668249954935,0.2,0.2374267578125,1257.0,-2.8522548099999994
1292,44,17,173056,-42.824865221977234,0.9727697968482971,0.12417994439601898,-0.013470613514073193,0.32183027267456055,0.019202413,0.0004092704424510632,5392,0.7462236247956753,0.2,0.063720703125,1257.0,-2.8522548099999994
1291,45,17,173568,-42.82236874103546,0.9726807475090027,-0.03257244452834129,-0.02122093108482659,-11.064103126525879,0.02417434,0.0004092704424510632,5408,0.03409213945269585,0.2,0.2388916015625,1257.0,-2.8515038200000005
1290,46,18,174080,-42.81030297279358,0.9721699357032776,0.2144155502319336,-0.01889607767225243,0.11379039287567139,0.015598094,0.0004092704424510632,5424,0.9010682525113225,0.2,0.10546875,1257.0,-2.8515038200000005
1289,47,18,174592,-42.80241048336029,0.9728013277053833,-0.05049457773566246,-0.028245431138202548,-0.9589804410934448,0.018848982,0.0004092704424510632,5440,0.002793151783407666,0.2,0.26416015625,1257.0,-2.8515038200000005
1289,48,19,175104,-42.82391631603241,0.9725859761238098,-0.031110292300581932,-0.020655247441027313,-0.5007692575454712,0.014313503,0.0004092704424510632,5456,0.00297227214105078,0.2,0.203369140625,1257.0,-2.846945
1288,49,19,175616,-42.80389189720154,0.9721658825874329,0.21380099654197693,-0.011147258599521592,0.3456687331199646,0.012477646,0.0004092704424510632,5472,0.7733330801129341,0.2,0.0511474609375,1257.0,-2.846945
1288,50,19,176128,-42.7899284362793,0.9721571207046509,-0.03514399006962776,-0.02440327779186191,-6.56642484664917,0.028538834,0.0004092704424510632,5488,0.008636681704956573,0.2,0.2625732421875,1257.0,-2.84618164
1287,51,20,176640,-42.788769483566284,0.97243332862854,0.1952759325504303,-0.010672657910618,0.23483580350875854,0.012806548,0.0004092704424510632,5504,1.2124762209132314,0.2,0.0869140625,1257.0,-2.84618164
1286,52,20,177152,-42.76902222633362,0.9706933498382568,-0.03412730246782303,-0.028355063492199406,-1.103273868560791,0.02116236,0.0004092704424510632,5520,0.004077820100064855,0.2,0.293212890625,1257.0,-2.84618164
1285,53,21,177664,-42.7023286819458,0.9687270522117615,-0.028803884983062744,-0.02447840313834604,0.005048274993896484,0.014571518,0.0004092704424510632,5536,0.0026152800091949757,0.2,0.214599609375,1257.0,-2.84313197
1285,54,21,178176,-42.66204619407654,0.9682281017303467,0.10567950457334518,-0.013659936885233037,0.05984014272689819,0.01350144,0.0004092704424510632,5552,0.9011943573132157,0.2,0.072998046875,1257.0,-2.84313197
1284,55,21,178688,-42.64261186122894,0.9670528769493103,-0.036701835691928864,-0.022855640738271177,-6.270016193389893,0.019866612,0.0004092704424510632,5568,0.005824597530590836,0.2,0.2381591796875,1257.0,-2.84180145
1284,56,22,179200,-42.60471212863922,0.9665382504463196,0.22265294194221497,-0.012158970625023358,0.17306333780288696,0.012216236,0.0004092704424510632,5584,0.9981720959767699,0.2,0.058837890625,1257.0,-2.84180145
1283,57,22,179712,-42.621620774269104,0.9683920741081238,-0.033000972121953964,-0.023363467014860362,-1.641855001449585,0.02047097,0.0004092704424510632,5600,0.0036510311983875,0.2,0.2310791015625,1257.0,-2.84180145
1283,58,23,180224,-42.65835499763489,0.9681338667869568,-0.0331282913684845,-0.02929578062321525,0.33459794521331787,0.022783566,0.0004092704424510632,5616,0.01083753521379549,0.2,0.3092041015625,1257.0,-2.83863236
1282,59,23,180736,-42.6372207403183,0.9673949480056763,0.002993868663907051,-0.016951342608081177,0.5184557437896729,0.023315597,0.0004092704424510632,5632,0.29475884756539017,0.2,0.1375732421875,1257.0,-2.83863236
1282,60,23,181248,-42.63201403617859,0.9682371020317078,-0.024655058979988098,-0.019729393927264027,-11.050379753112793,0.021879073,0.0004092704424510632,5648,0.01535657727799844,0.2,0.2601318359375,1257.0,-2.83698743
1282,61,24,181760,-42.67394781112671,0.9688625335693359,0.14389440417289734,-0.014318256318802014,0.10653311014175415,0.013613778,0.0004092704424510632,5664,1.0998094100505114,0.2,0.0806884765625,1257.0,-2.83698743
1282,62,24,182272,-42.67064094543457,0.9678868055343628,-0.03430120274424553,-0.031011861516162753,-2.139960765838623,0.016028244,0.0004092704424510632,5680,0.00463399913860485,0.2,0.2818603515625,1257.0,-2.83479957
1282,63,25,182784,-42.65059971809387,0.9673949480056763,0.15929821133613586,-0.013202739850385115,0.0442814826965332,0.010984566,0.0004092704424510632,5696,1.3471888089552522,0.2,0.0565185546875,1257.0,-2.83479957
1281,64,25,183296,-42.66100776195526,0.9687181711196899,-0.0312696248292923,-0.024946957288193516,-0.2418149709701538,0.023166556,0.0004092704424510632,5712,0.010739407312939875,0.2,0.2777099609375,1257.0,-2.83479957
1281,65,25,183808,-42.69213426113129,0.9687292575836182,-0.026565583422780037,-0.02987036429112777,-0.04382753372192383,0.016085617,0.0004092704424510632,5728,0.0036028896502102725,0.2,0.28515625,1257.0,-2.8331919
1281,66,26,184320,-42.69407272338867,0.9686515927314758,0.36208200454711914,-0.01111658988520503,0.36190980672836304,0.00880787,0.0004092704424510632,5744,1.0817460753023624,0.2,0.0294189453125,1257.0,-2.8331919
1279,67,26,184832,-42.69450640678406,0.9688464403152466,-0.03585488349199295,-0.028836563549702987,-0.45932745933532715,0.023819482,0.0004092704424510632,5760,0.013006007793592289,0.2,0.2987060546875,1257.0,-2.8319525
1279,68,27,185344,-42.70964276790619,0.9690400958061218,0.21218031644821167,-0.012477834839955904,0.4851453900337219,0.012375068,0.0004092704424510632,5776,1.0113223735243082,0.2,0.051513671875,1257.0,-2.8319525
1279,69,27,185856,-42.72516095638275,0.970313549041748,-0.03382236883044243,-0.022843371247290634,-16.293807983398438,0.023394842,0.0004092704424510632,5792,0.00502111911191605,0.2,0.2584228515625,1257.0,-2.8319525
1279,70,28,186368,-42.75062561035156,0.9699886441230774,-0.0354875773191452,-0.025070833165955264,0.002412736415863037,0.018842787,0.0004092704424510632,5808,0.004296026585507207,0.2,0.2601318359375,1257.0,-2.83262563
1279,71,28,186880,-42.72613847255707,0.969297468662262,0.17693465948104858,-0.007867447624448687,0.33678358793258667,0.011334959,0.0004092704424510632,5824,0.835413109511137,0.2,0.028564453125,1257.0,-2.83262563
1279,72,28,187392,-42.69853127002716,0.9683296084403992,-0.02763844095170498,-0.02720062935986789,-8.769635200500488,0.023677792,0.0004092704424510632,5840,0.008480313059408218,0.2,0.2974853515625,1257.0,-2.8324619399999995
1279,73,29,187904,-42.67981743812561,0.9681447744369507,0.2728915512561798,-0.010280149464961141,0.1278027892112732,0.011045324,0.0004092704424510632,5856,1.0005650967359543,0.2,0.0506591796875,1257.0,-2.8324619399999995
1279,74,29,188416,-42.68117547035217,0.9688764810562134,-0.04024484381079674,-0.02840964285132941,-0.6538927555084229,0.024082964,0.0004092704424510632,5872,0.002761398907750845,0.2,0.2718505859375,1257.0,-2.8324619399999995
1279,75,30,188928,-42.67594110965729,0.9671007394790649,-0.03966636210680008,-0.02510385832283646,-0.37325310707092285,0.016694631,0.0004092704424510632,5888,0.0030627704327343963,0.2,0.2415771484375,1257.0,-2.83228569
1278,76,30,189440,-42.61234533786774,0.9662666320800781,0.18036653101444244,-0.008742214529775083,0.3519033193588257,0.009920772,0.0004092704424510632,5904,0.9040861185640097,0.2,0.047119140625,1257.0,-2.83228569
1278,77,30,189952,-42.603548645973206,0.966454803943634,-0.04835476353764534,-0.02879361918894574,-5.684165000915527,0.025004484,0.0004092704424510632,5920,0.0056053045045700856,0.2,0.30859375,1257.0,-2.83363449
1278,78,31,190464,-42.608444809913635,0.9664806723594666,0.217368945479393,-0.011088882834883407,0.10418963432312012,0.009387061,0.0004092704424510632,5936,1.3968940237537026,0.2,0.0687255859375,1257.0,-2.83363449
1278,79,31,190976,-42.614232897758484,0.9672178030014038,-0.037976354360580444,-0.026207664341200143,-0.8711767196655273,0.024555488,0.0004092704424510632,5952,0.011509844334796071,0.2,0.29052734375,1257.0,-2.83363449
1278,80,32,191488,-42.667044281959534,0.9693556427955627,-0.02930084615945816,-0.02611587999854237,-0.02193284034729004,0.016492747,0.0004092704424510632,5968,0.0025038840758497827,0.2,0.2421875,1257.0,-2.8343344199999994
1278,81,32,192000,-42.71260321140289,0.9699401259422302,0.16449333727359772,-0.0136124016426038,0.2762686014175415,0.015129354,0.0004092704424510632,5984,0.7360905911773443,0.2,0.078125,1257.0,-2.8343344199999994
1277,82,32,192512,-42.73428809642792,0.9714890718460083,-0.02084364742040634,-0.020664270523411687,-6.524149417877197,0.022217542,0.0004092704424510632,6000,0.011248839844483882,0.2,0.24951171875,1257.0,-2.8346108699999997
1277,83,33,193024,-42.76076853275299,0.9718712568283081,0.22313284873962402,-0.009808486807742156,0.1816180944442749,0.009935482,0.0004092704424510632,6016,1.0525022288784385,0.2,0.0404052734375,1257.0,-2.8346108699999997
1277,84,33,193536,-42.78843152523041,0.9743680357933044,-0.0420258454978466,-0.02863221177540254,-0.5537930727005005,0.024399044,0.0004092704424510632,6032,0.004442404198925942,0.2,0.2938232421875,1257.0,-2.8346108699999997
1277,85,34,194048,-42.85562539100647,0.9755816459655762,-0.031117364764213562,-0.024902039411244914,0.2110658884048462,0.016841939,0.0004092704424510632,6048,0.011843043495900929,0.2,0.2579345703125,1257.0,-2.8320297599999997
1277,86,34,194560,-42.851773381233215,0.9752095937728882,0.03920913487672806,-0.01439235128054861,0.49592339992523193,0.017233305,0.0004092704424510632,6064,0.4143730120267719,0.2,0.0906982421875,1257.0,-2.8320297599999997
1277,87,34,195072,-42.837281465530396,0.974729061126709,-0.022006534039974213,-0.021792970757815056,-9.493378639221191,0.020945257,0.0004092704424510632,6080,0.00984067290846724,0.2,0.2491455078125,1257.0,-2.83025498
1277,88,35,195584,-42.82754564285278,0.9745160937309265,0.17556464672088623,-0.011414041829993948,0.18845677375793457,0.0109158475,0.0004092704424510632,6096,1.1896809227764606,0.2,0.0435791015625,1257.0,-2.83025498
1277,89,35,196096,-42.80660390853882,0.9724929928779602,-0.04336625710129738,-0.031863753523794,-2.5358667373657227,0.021961473,0.0004092704424510632,6112,0.0063902375477482565,0.2,0.323974609375,1257.0,-2.83101116
1277,90,36,196608,-42.75744271278381,0.971569299697876,0.24325789511203766,-0.010883934824960306,0.42894500494003296,0.0100911185,0.0004092704424510632,6128,1.3462553024291992,0.2,0.0755615234375,1257.0,-2.83101116
1277,91,36,197120,-42.7420814037323,0.9712581634521484,-0.027593664824962616,-0.02273224524105899,-1.4692206382751465,0.024877686,0.0004092704424510632,6144,0.013810241071041673,0.2,0.27734375,1257.0,-2.83101116
1276,92,36,197632,-42.73995566368103,0.9714968800544739,-0.02685113623738289,-0.024957198416814208,-0.004773736000061035,0.019260641,0.0004092704424510632,6160,0.004130820496357046,0.2,0.246337890625,1257.0,-2.82921431
1276,93,37,198144,-42.748510122299194,0.9710906147956848,0.1824130117893219,-0.015158152978983708,0.3404121398925781,0.016141031,0.0004092704424510632,6176,0.9860158152878284,0.2,0.0799560546875,1257.0,-2.82921431
1276,94,37,198656,-42.70974338054657,0.9692407250404358,-0.014080516993999481,-0.023358428312349133,-0.6299526691436768,0.014299403,0.0004092704424510632,6192,0.040781527175568044,0.2,0.260009765625,1257.0,-2.82835247
1276,95,38,199168,-42.659693002700806,0.9683368802070618,0.30703556537628174,-0.011950262734899297,0.35295212268829346,0.010504188,0.0004092704424510632,6208,1.161916395649314,0.2,0.0589599609375,1257.0,-2.82835247
1277,96,38,199680,-42.63854420185089,0.9682499170303345,-0.03251999244093895,-0.027184619390027365,-1.4630930423736572,0.02231689,0.0004092704424510632,6224,0.00274877261108486,0.2,0.2947998046875,1257.0,-2.82835247
1277,97,38,200192,-42.59625208377838,0.9662823677062988,-0.033850155770778656,-0.024934004846727476,-0.18102288246154785,0.016658882,0.0004092704424510632,6240,0.0040295812650583684,0.2,0.243408203125,1257.0,-2.8280088599999997
1276,98,39,200704,-42.52560317516327,0.9654560089111328,0.260011225938797,-0.011858775076689199,0.3906998038291931,0.010203857,0.0004092704424510632,6256,0.9881221586838365,0.2,0.046875,1257.0,-2.8280088599999997
1276,99,39,201216,-42.50552415847778,0.9649869203567505,-0.028293278068304062,-0.02333323479979299,-4.572512626647949,0.025413007,0.0004092704424510632,6272,0.008351272903382778,0.2,0.2857666015625,1257.0,-2.8260888399999993
1276,100,40,201728,-42.494033217430115,0.9648178815841675,0.2921847403049469,-0.00842528697103262,0.2832752466201782,0.010645133,0.0004092704424510632,6288,0.9113499876111746,0.2,0.0452880859375,1257.0,-2.8260888399999993
1276,101,40,202240,-42.48252081871033,0.9640886783599854,-0.028614066541194916,-0.023884567111963406,-5.794682502746582,0.024176914,0.0004092704424510632,6304,0.009823337881243788,0.2,0.29833984375,1257.0,-2.8260888399999993
1276,102,40,202752,-42.4605598449707,0.9627999663352966,-0.03025183640420437,-0.02327259887533728,-0.0736231803894043,0.016570289,0.0004092704424510632,6320,0.0024530000882805325,0.2,0.22021484375,1257.0,-2.8238907299999996
1275,103,41,203264,-42.42987763881683,0.9622918367385864,0.2156885266304016,-0.009696670007542707,0.3255743980407715,0.013804739,0.0004092704424510632,6336,0.871549061499536,0.2,0.0841064453125,1257.0,-2.8238907299999996
1276,104,41,203776,-42.42456567287445,0.9624621868133545,-0.026267675682902336,-0.02394384113722481,-8.435908317565918,0.017338825,0.0004092704424510632,6352,0.007801503939845134,0.2,0.2415771484375,1257.0,-2.8212552499999997
1275,105,42,204288,-42.431395530700684,0.9625845551490784,0.1970571130514145,-0.015016056728200056,0.2578165531158447,0.0117233265,0.0004092704424510632,6368,1.1393264327198267,0.2,0.08447265625,1257.0,-2.8212552499999997
1275,106,42,204800,-42.414350390434265,0.9612120985984802,-0.015636853873729706,-0.023012238350929692,0.04417341947555542,0.017710011,0.0004092704424510632,6384,0.04637933161575347,0.2,0.221435546875,1257.0,-2.8212552499999997
1275,107,42,205312,-42.36493265628815,0.960054337978363,-0.0276530459523201,-0.024521657105651684,-6.881524085998535,0.031313468,0.0004092704424510632,6400,0.0069500281679211184,0.2,0.3028564453125,1257.0,-2.8196371300000003
1274,108,43,205824,-42.351144433021545,0.9600335955619812,0.12157242000102997,-0.010671594718587585,0.22082889080047607,0.011362051,0.0004092704424510632,6416,0.8915889132767916,0.2,0.0535888671875,1257.0,-2.8196371300000003
1274,109,43,206336,-42.3844428062439,0.9624611139297485,-0.01855626329779625,-0.022485684166895226,-2.3410325050354004,0.017235994,0.0004092704424510632,6432,0.03135674388613552,0.2,0.2520751953125,1257.0,-2.81666665
1274,110,44,206848,-42.450671315193176,0.9634193181991577,0.20924079418182373,-0.007551101174612995,0.18730372190475464,0.008354753,0.0004092704424510632,6448,1.0617166496813297,0.2,0.0491943359375,1257.0,-2.81666665
1274,111,44,207360,-42.486480593681335,0.9655945897102356,-0.03467818722128868,-0.026703277093474753,-2.19522762298584,0.01589926,0.0004092704424510632,6464,0.004281448673282284,0.2,0.2813720703125,1257.0,-2.81666665
1274,112,44,207872,-42.53560996055603,0.9650473594665527,-0.02354447916150093,-0.028110678569646552,0.2284606695175171,0.026101766,0.0004092704424510632,6480,0.024414927349425852,0.2,0.29443359375,1257.0,-2.81045493
1274,113,45,208384,-42.4998300075531,0.9644055962562561,0.00899217277765274,-0.016399283340433612,0.5790431499481201,0.02716165,0.0004092704424510632,6496,0.30947461735922843,0.2,0.1568603515625,1257.0,-2.81045493
1274,114,45,208896,-42.4950897693634,0.9648645520210266,-0.03370558097958565,-0.025004826435178984,-12.748132705688477,0.022279995,0.0004092704424510632,6512,0.024219219892984256,0.2,0.2701416015625,1257.0,-2.80804071
1274,115,46,209408,-42.515429973602295,0.9651562571525574,0.29327425360679626,-0.013763716546236537,0.1269872784614563,0.011224359,0.0004092704424510632,6528,1.1270858896896243,0.2,0.0462646484375,1257.0,-2.80804071
1274,116,46,209920,-42.52356445789337,0.9658241868019104,-0.025688016787171364,-0.02613148608361371,-0.9628990888595581,0.018995095,0.0004092704424510632,6544,0.00404899464774644,0.2,0.2568359375,1257.0,-2.8056175000000003
1274,117,47,210432,-42.5378692150116,0.9660555124282837,0.19088435173034668,-0.009183179769024719,0.47202515602111816,0.010873569,0.0004092704424510632,6560,0.9725567176938057,0.2,0.0474853515625,1257.0,-2.8056175000000003
1274,118,47,210944,-42.5455265045166,0.9668244123458862,-0.03043707087635994,-0.02576410440087784,-0.880864143371582,0.022150666,0.0004092704424510632,6576,0.013935833820141852,0.2,0.274658203125,1257.0,-2.8056175000000003
1273,119,47,211456,-42.56364154815674,0.9672274589538574,-0.03863368183374405,-0.035551643901271746,-0.02764153480529785,0.025778467,0.0004092704424510632,6592,0.004177543567493558,0.2,0.3204345703125,1257.0,-2.80388016
1273,120,48,211968,-42.56766092777252,0.9672040343284607,0.1723039448261261,-0.014558579394361004,0.397591233253479,0.014355065,0.0004092704424510632,6608,1.0209069391712546,0.2,0.106201171875,1257.0,-2.80388016
1273,121,48,212480,-42.54818797111511,0.9656651616096497,-0.023662924766540527,-0.02314051045686938,-1.9819896221160889,0.01861075,0.0004092704424510632,6624,0.014223369507817551,0.2,0.229248046875,1257.0,-2.79957218
1273,122,49,212992,-42.50541388988495,0.965196967124939,0.22438903152942657,-0.0039003697893349454,0.351158082485199,0.007919905,0.0004092704424510632,6640,1.0484134145081043,0.2,0.0233154296875,1257.0,-2.79957218
1273,123,49,213504,-42.50935387611389,0.9656520485877991,-0.03956121206283569,-0.02730750129558146,-9.210390090942383,0.027164644,0.0004092704424510632,6656,0.007367595339019317,0.2,0.2852783203125,1257.0,-2.79957218
1273,124,49,214016,-42.51454019546509,0.9642383456230164,-0.03398863226175308,-0.02811352812568657,0.0024974942207336426,0.016948765,0.0004092704424510632,6672,0.004060266350279562,0.2,0.2630615234375,1257.0,-2.80100056
1273,125,50,214528,-42.486350893974304,0.9636304974555969,0.2562905251979828,-0.010866221535252407,0.3572308421134949,0.017802544,0.0004092704424510632,6688,0.9729981180280447,0.2,0.10986328125,1257.0,-2.80100056
1272,126,50,215040,-42.48392033576965,0.9633333683013916,-0.03488846495747566,-0.028035573195666075,-4.001603603363037,0.024089731,0.0004092704424510632,6704,0.006069644434319343,0.2,0.3558349609375,1257.0,-2.8014628399999997
1272,127,51,215552,-42.482266306877136,0.9633816480636597,0.27493664622306824,-0.014739382429979742,0.3455439805984497,0.020469021,0.0004092704424510632,6720,0.974797124043107,0.2,0.1201171875,1257.0,-2.8014628399999997
1272,128,51,216064,-42.50407159328461,0.9650360941886902,-0.041157543659210205,-0.029045014234725386,-2.3684422969818115,0.019211097,0.0004092704424510632,6736,0.004856293599004857,0.2,0.2850341796875,1257.0,-2.8014628399999997
1272,129,51,216576,-42.54999792575836,0.9655904173851013,-0.02879278175532818,-0.021308536175638437,-0.11935782432556152,0.016300902,0.0004092704424510632,6752,0.002680025514564477,0.2,0.2254638671875,1257.0,-2.80146256
1272,130,52,217088,-42.551071882247925,0.9655170440673828,0.19161757826805115,-0.008271572394733084,0.34741270542144775,0.014262913,0.0004092704424510632,6768,0.8499255627393723,0.2,0.061279296875,1257.0,-2.80146256
1272,131,52,217600,-42.53364408016205,0.9643874168395996,-0.029208526015281677,-0.02354072935122531,-10.081027030944824,0.025303368,0.0004092704424510632,6784,0.01569241107790731,0.2,0.271728515625,1257.0,-2.8006876700000003
1272,132,53,218112,-42.49855375289917,0.9641161561012268,0.21705281734466553,-0.012238056136993691,0.15409058332443237,0.015385268,0.0004092704424510632,6800,1.0638830745592713,0.2,0.1214599609375,1257.0,-2.8006876700000003
1272,133,53,218624,-42.509329080581665,0.9652631282806396,-0.029160162433981895,-0.023333864271990024,-0.37225592136383057,0.017701004,0.0004092704424510632,6816,0.0035886991972802207,0.2,0.271728515625,1257.0,-2.8006876700000003
1272,134,53,219136,-42.545557379722595,0.9668037295341492,-0.03589697182178497,-0.024481123604346067,-0.5737425088882446,0.015084427,0.0004092704424510632,6832,0.002746672813373152,0.2,0.2244873046875,1257.0,-2.797963
1272,135,54,219648,-42.56856322288513,0.9670936465263367,0.10690233111381531,-0.015222444679238833,0.3749597668647766,0.016221575,0.0004092704424510632,6848,0.7702809227630496,0.2,0.0869140625,1257.0,-2.797963
1272,136,54,220160,-42.5965918302536,0.9697598814964294,-0.017875466495752335,-0.020255172916222364,-11.414395332336426,0.021937333,0.0004092704424510632,6864,0.022902128141140565,0.2,0.2626953125,1257.0,-2.7976313000000004
1272,137,55,220672,-42.670337319374084,0.9707311987876892,0.2633277475833893,-0.016226827588980086,0.1343533992767334,0.013667961,0.0004092704424510632,6880,1.0735639464110136,0.2,0.12548828125,1257.0,-2.7976313000000004
1272,138,55,221184,-42.658738136291504,0.969754159450531,-0.030740242451429367,-0.02187098079593852,-0.96528160572052,0.019188955,0.0004092704424510632,6896,0.004633331307559274,0.2,0.2490234375,1257.0,-2.7976313000000004
1272,139,55,221696,-42.604381918907166,0.9682878255844116,-0.04886308312416077,-0.029865165539376903,0.26457178592681885,0.020401848,0.0004092704424510632,6912,0.0032215139290201478,0.2,0.3031005859375,1257.0,-2.7964943900000003
1272,140,56,222208,-42.56803619861603,0.9680899977684021,0.03171633556485176,-0.012043940601870418,0.503386378288269,0.025056062,0.0004092704424510632,6928,0.37147600622847676,0.2,0.1170654296875,1257.0,-2.7964943900000003
1271,141,56,222720,-42.55467200279236,0.966648519039154,-0.027879828587174416,-0.02688064076937735,-6.7709431648254395,0.029670695,0.0004092704424510632,6944,0.011582049657590687,0.2,0.2843017578125,1257.0,-2.79798061
1271,142,57,223232,-42.51348578929901,0.9659517407417297,0.18826991319656372,-0.013291548093548045,0.20920932292938232,0.012485644,0.0004092704424510632,6960,1.2803101362660527,0.2,0.056884765625,1257.0,-2.79798061
1271,143,57,223744,-42.51090323925018,0.966469407081604,-0.03943908214569092,-0.02627761717303656,-2.238656997680664,0.015926337,0.0004092704424510632,6976,0.006084592161641922,0.2,0.248291015625,1257.0,-2.79798061
1271,144,57,224256,-42.53306233882904,0.9665513038635254,0.09120355546474457,-0.022365378361428156,-0.6904716491699219,0.030374192,0.0004092704424510632,6992,0.30965183954685926,0.2,0.2744140625,1257.0,-2.7964156999999994
1271,145,58,224768,-42.52659451961517,0.9663530588150024,0.008023539558053017,-0.02072113317262847,0.017537832260131836,0.054191805,0.0004092704424510632,7008,0.15800443122861907,0.2,0.4119873046875,1257.0,-2.7964156999999994
1271,146,58,225280,-42.53705549240112,0.9675446152687073,-0.027915578335523605,-0.022337078175041825,-7.442689895629883,0.021679755,0.0004092704424510632,7024,0.013132810418028384,0.2,0.2657470703125,1257.0,-2.79805968
1271,147,59,225792,-42.57658064365387,0.9684192538261414,0.14675447344779968,-0.01542608228919562,0.1209723949432373,0.01786331,0.0004092704424510632,7040,1.0764991072937846,0.2,0.2247314453125,1257.0,-2.79805968
4093,1,0,226304,-42.59503138065338,0.9684386253356934,-0.035491809248924255,-0.026436668864334933,-6.670243263244629,0.024335198,0.0004092704424510632,7056,0.008319254018715583,0.2,0.351318359375,1257.0,-2.7958398600000005
1912,2,0,226816,-42.59184205532074,0.9681404829025269,0.1418728530406952,-0.01219885444152169,0.24425441026687622,0.017762402,0.0004092704424510632,7072,1.2943182485178113,0.2,0.1043701171875,1257.0,-2.7958398600000005
1629,3,0,227328,-42.59484136104584,0.9684967398643494,-0.031651560217142105,-0.02618288119265344,-0.9101190567016602,0.018859664,0.0004092704424510632,7088,0.002498105648555793,0.2,0.25732421875,1257.0,-2.7958398600000005
1517,4,1,227840,-42.60099792480469,0.9681693315505981,-0.03163722902536392,-0.027830844890559092,0.005262911319732666,0.016121734,0.0004092704424510632,7104,0.004678236371546518,0.2,0.2550048828125,1257.0,-2.79349873
1456,5,1,228352,-42.60383665561676,0.9681472778320312,0.17462128400802612,-0.011172788181283977,0.3418710231781006,0.014587322,0.0004092704424510632,7120,0.8888356173411012,0.2,0.0775146484375,1257.0,-2.79349873
1414,6,2,228864,-42.595292925834656,0.9674781560897827,-0.029752740636467934,-0.02642465993994847,-5.814089298248291,0.020763516,0.0004092704424510632,7136,0.014162162959109992,0.2,0.2952880859375,1257.0,-2.791176290000001
1388,7,2,229376,-42.58558464050293,0.9672832489013672,0.21516451239585876,-0.013169938276405446,0.19190090894699097,0.010895219,0.0004092704424510632,7152,1.0980458045378327,0.2,0.146728515625,1257.0,-2.791176290000001
1371,8,2,229888,-42.58090960979462,0.9675437211990356,-0.03565823286771774,-0.02653530429233797,-0.9782325029373169,0.019212784,0.0004092704424510632,7168,0.00407242732035229,0.2,0.258544921875,1257.0,-2.791176290000001
1355,9,3,230400,-42.60817635059357,0.9694619178771973,-0.019604384899139404,-0.02318678291339893,-0.4817509651184082,0.015973244,0.0004092704424510632,7184,0.003557103031198494,0.2,0.234130859375,1257.0,-2.7867399400000004
1345,10,3,230912,-42.652695655822754,0.9701424241065979,0.29963183403015137,-0.009600879366189474,0.37995487451553345,0.009233499,0.0004092704424510632,7200,0.9323750836774707,0.2,0.0517578125,1257.0,-2.7867399400000004
1336,11,4,231424,-42.639190793037415,0.9683416485786438,-0.028267499059438705,-0.02513614928466268,-2.496678590774536,0.015377584,0.0004092704424510632,7216,0.005685446973075159,0.2,0.2435302734375,1257.0,-2.7858897300000014
1327,12,4,231936,-42.57775366306305,0.9673559665679932,0.17172697186470032,-0.018303697273950092,0.33965933322906494,0.018553881,0.0004092704424510632,7232,0.9712833249941468,0.2,0.0762939453125,1257.0,-2.7858897300000014
1322,13,5,232448,-42.56021559238434,0.9669432044029236,-0.02810923010110855,-0.02221061210730113,-0.976469874382019,0.023545522,0.0004092704424510632,7248,0.0059298441192368045,0.2,0.2724609375,1257.0,-2.7858897300000014
1318,14,5,232960,-42.5711452960968,0.9679914116859436,-0.02745630033314228,-0.024956534729426494,-0.15181398391723633,0.017102934,0.0004092704424510632,7264,0.0023000974433671217,0.2,0.245849609375,1257.0,-2.784320280000001
1316,15,5,233472,-42.58890700340271,0.9678184390068054,0.18065646290779114,-0.010421971048344858,0.34269553422927856,0.010589005,0.0004092704424510632,7280,0.8095527403056622,0.2,0.0595703125,1257.0,-2.784320280000001
1313,16,6,233984,-42.552234530448914,0.9654989838600159,-0.033869557082653046,-0.02650428970810026,-7.419863700866699,0.021478023,0.0004092704424510632,7296,0.010480367709533311,0.2,0.2799072265625,1257.0,-2.783681960000001
1311,17,6,234496,-42.48790264129639,0.9646268486976624,0.21178974211215973,-0.008158091084624175,0.22514629364013672,0.013213785,0.0004092704424510632,7312,1.1871308907866478,0.2,0.043701171875,1257.0,-2.783681960000001
1307,18,7,235008,-42.46473228931427,0.9634857773780823,-0.03805900365114212,-0.02461635113650118,-4.148201942443848,0.027615342,0.0004092704424510632,7328,0.009150823454547208,0.2,0.2723388671875,1257.0,-2.783681960000001
1305,19,7,235520,-42.407662987709045,0.961255669593811,-0.04299701750278473,-0.028748660799465142,0.12990891933441162,0.015609115,0.0004092704424510632,7344,0.001883173539681593,0.2,0.2491455078125,1257.0,-2.7823433300000007
1303,20,7,236032,-42.35368835926056,0.960466206073761,0.048027507960796356,-0.010361026812461205,0.37994152307510376,0.014466256,0.0004092704424510632,7360,0.47557213972322643,0.2,0.0941162109375,1257.0,-2.7823433300000007
1300,21,8,236544,-42.33123159408569,0.9599385857582092,-0.029725365340709686,-0.0237048076960491,-12.451739311218262,0.036501028,0.0004092704424510632,7376,0.014494974006083794,0.2,0.296630859375,1257.0,-2.7818911800000006
1299,22,8,237056,-42.31337773799896,0.9600188732147217,0.2988581359386444,-0.012849658291088417,0.13629651069641113,0.012735022,0.0004092704424510632,7392,1.1217635376378894,0.2,0.1204833984375,1257.0,-2.7818911800000006
1298,23,9,237568,-42.302093505859375,0.9589366316795349,-0.03528768569231033,-0.03170834158663638,-0.6441227197647095,0.017802041,0.0004092704424510632,7408,0.004217343688651454,0.2,0.2926025390625,1257.0,-2.7818911800000006
1296,24,9,238080,-42.26280617713928,0.9578819870948792,0.11232913285493851,-0.012478545249905437,0.47811442613601685,0.014123382,0.0004092704424510632,7424,0.49228732474148273,0.2,0.0928955078125,1257.0,-2.7804401000000003
1295,25,9,238592,-42.24140226840973,0.9582179188728333,-0.015168667770922184,-0.020339309150585905,0.827551007270813,0.052934013,0.0004092704424510632,7440,0.0710458709509112,0.2,0.3094482421875,1257.0,-2.7804401000000003
1294,26,10,239104,-42.282763838768005,0.9595997333526611,-0.02807449735701084,-0.024354705412406474,-5.430227756500244,0.028189775,0.0004092704424510632,7456,0.006986285428865813,0.2,0.3033447265625,1257.0,-2.779983149999999
1293,27,10,239616,-42.31700873374939,0.9599734544754028,0.2865850627422333,-0.008217865201004315,0.2134629487991333,0.008283266,0.0004092704424510632,7472,1.6484068538993597,0.2,0.0428466796875,1257.0,-2.779983149999999
1292,28,11,240128,-42.30623209476471,0.9588140249252319,-0.03593069314956665,-0.0239902366156457,-1.705153465270996,0.0152395945,0.0004092704424510632,7488,0.007063238153932616,0.2,0.2548828125,1257.0,-2.78038731
1291,29,11,240640,-42.273154616355896,0.9583512544631958,0.18012484908103943,-0.01600155210326193,0.10183191299438477,0.01649499,0.0004092704424510632,7504,1.276525012217462,0.2,0.0806884765625,1257.0,-2.78038731
1290,30,11,241152,-42.229368567466736,0.9556956887245178,-0.05253439024090767,-0.024097012050333433,-0.3520137071609497,0.016993228,0.0004092704424510632,7520,0.003705443104990991,0.2,0.2432861328125,1257.0,-2.78038731
1290,31,12,241664,-42.165348172187805,0.9548057913780212,-0.03284834697842598,-0.025904580354108475,-0.030328750610351562,0.014769984,0.0004092704424510632,7536,0.004770543797349092,0.2,0.2457275390625,1257.0,-2.78070295
1290,32,12,242176,-42.15751230716705,0.9549965262413025,0.23787850141525269,-0.015032410999992862,0.44686025381088257,0.012657529,0.0004092704424510632,7552,1.1414266871288419,0.2,0.151611328125,1257.0,-2.78070295
1289,33,13,242688,-42.169806361198425,0.9552602171897888,-0.029367953538894653,-0.025739111559232697,-3.349278450012207,0.019702174,0.0004092704424510632,7568,0.03732139046769589,0.2,0.282958984375,1257.0,-2.78462711
1289,34,13,243200,-42.18034863471985,0.9552983641624451,0.2302216738462448,-0.011350812361342832,0.2786366939544678,0.011764012,0.0004092704424510632,7584,1.0205628704279661,0.2,0.072265625,1257.0,-2.78462711
1288,35,13,243712,-42.18367397785187,0.9552990198135376,-0.04203947260975838,-0.026607964144204743,-5.943138599395752,0.020703577,0.0004092704424510632,7600,0.007747921968984883,0.2,0.2847900390625,1257.0,-2.78462711
1287,36,14,244224,-42.16323530673981,0.9537973999977112,-0.03280797600746155,-0.02851192832167726,-0.1738109588623047,0.016619086,0.0004092704424510632,7616,0.0026943791126541328,0.2,0.263427734375,1257.0,-2.78597413
1286,37,14,244736,-42.124308824539185,0.9534768462181091,0.2864290773868561,-0.010780788899865001,0.37864524126052856,0.011993282,0.0004092704424510632,7632,1.0257115922868252,0.2,0.058349609375,1257.0,-2.78597413
1285,38,15,245248,-42.130706667900085,0.9539788365364075,-0.024997936561703682,-0.02234568932908587,-4.255669593811035,0.018579833,0.0004092704424510632,7648,0.01047025115985889,0.2,0.276611328125,1257.0,-2.7852576300000003
1284,39,15,245760,-42.150609612464905,0.95432448387146,0.24308592081069946,-0.009033142341650091,0.2875482439994812,0.013201461,0.0004092704424510632,7664,1.5791120864450932,0.2,0.125,1257.0,-2.7852576300000003
1284,40,15,246272,-42.16100013256073,0.9547563791275024,-0.031205127015709877,-0.021517390705412254,-2.0742573738098145,0.019260924,0.0004092704424510632,7680,0.0037068078163429163,0.2,0.27783203125,1257.0,-2.7852576300000003
1284,41,16,246784,-42.18029808998108,0.9552692174911499,-0.029613852500915527,-0.022023932004231028,-0.005083322525024414,0.01357569,0.0004092704424510632,7696,0.0026294391391274985,0.2,0.23046875,1257.0,-2.7878887499999996
1283,42,16,247296,-42.1942036151886,0.9554219841957092,0.26746395230293274,-0.013642789286677726,0.13939887285232544,0.010869377,0.0004092704424510632,7712,1.3202153267338872,0.2,0.052001953125,1257.0,-2.7878887499999996
1282,43,17,247808,-42.207886695861816,0.9561627507209778,-0.03147812560200691,-0.026024666338344105,-11.012449264526367,0.015996868,0.0004092704424510632,7728,0.018635940097738057,0.2,0.25244140625,1257.0,-2.7855298599999996
1282,44,17,248320,-42.22936511039734,0.9567267894744873,0.16600650548934937,-0.019076768920058385,0.10463052988052368,0.01725676,0.0004092704424510632,7744,1.2731230491772294,0.2,0.1114501953125,1257.0,-2.7855298599999996
1282,45,17,248832,-42.23014783859253,0.9565476179122925,-0.033512234687805176,-0.027349245763616636,-6.152832508087158,0.016907107,0.0004092704424510632,7760,0.006096425888244994,0.2,0.2701416015625,1257.0,-2.7855298599999996
1282,46,18,249344,-42.19687068462372,0.9561057090759277,-0.038566090166568756,-0.021000783613999374,0.10494953393936157,0.013668239,0.0004092704424510632,7776,0.002347568497498287,0.2,0.21142578125,1257.0,-2.785324779999999
1282,47,18,249856,-42.192679047584534,0.9557643532752991,0.020676832646131516,-0.017908746653120033,0.3984929323196411,0.026715582,0.0004092704424510632,7792,0.5645434828475118,0.2,0.115966796875,1257.0,-2.785324779999999
1282,48,19,250368,-42.16765344142914,0.9546458125114441,-0.03403414040803909,-0.02740379373426549,-16.104618072509766,0.027403576,0.0004092704424510632,7808,0.020358655863674358,0.2,0.3138427734375,1257.0,-2.7850866699999997
1282,49,19,250880,-42.15486228466034,0.954592764377594,0.22873803973197937,-0.009355412825243548,0.1529548168182373,0.0086923335,0.0004092704424510632,7824,1.1839774250984192,0.2,0.05419921875,1257.0,-2.7850866699999997
1281,50,19,251392,-42.143837571144104,0.953840434551239,-0.03463982045650482,-0.027859313413500786,-2.18112850189209,0.018039905,0.0004092704424510632,7840,0.007603199854202103,0.2,0.2777099609375,1257.0,-2.7850866699999997
1281,51,20,251904,-42.12828779220581,0.9544307589530945,0.11387985944747925,-0.023909004841698334,0.04438817501068115,0.018351404,0.0004092704424510632,7856,0.36566282249987125,0.2,0.262939453125,1257.0,-2.7816673199999995
1281,52,20,252416,-42.14176559448242,0.9546526670455933,-0.0051135048270225525,-0.013963892182800919,0.5544242858886719,0.022254832,0.0004092704424510632,7872,0.13578661938663572,0.2,0.21044921875,1257.0,-2.7816673199999995
1281,53,21,252928,-42.15997898578644,0.9556902647018433,-0.03176943585276604,-0.025243034935556352,-10.609688758850098,0.020031197,0.0004092704424510632,7888,0.013272028270876035,0.2,0.29736328125,1257.0,-2.7821005299999997
1281,54,21,253440,-42.197052001953125,0.955834686756134,0.22727110981941223,-0.00361422397691058,0.12803584337234497,0.0075917547,0.0004092704424510632,7904,1.2756149768829346,0.2,0.028564453125,1257.0,-2.7821005299999997
1281,55,21,253952,-42.21343469619751,0.9568213820457458,-0.03218572586774826,-0.02029409442911856,-1.8596653938293457,0.014976715,0.0004092704424510632,7920,0.008205878650187515,0.2,0.2515869140625,1257.0,-2.78565218
1281,56,22,254464,-42.248372316360474,0.9570955038070679,0.30350831151008606,-0.013421459661913104,0.43253397941589355,0.010310765,0.0004092704424510632,7936,1.4351050406694412,0.2,0.0411376953125,1257.0,-2.78565218
1280,57,22,254976,-42.23428285121918,0.9560284614562988,-0.04023510590195656,-0.028782300534658134,-0.6567440032958984,0.02529319,0.0004092704424510632,7952,0.005140784305694979,0.2,0.329833984375,1257.0,-2.78565218
1280,58,23,255488,-42.16267240047455,0.9534524083137512,-0.01514957845211029,-0.023251267237355933,-0.06633853912353516,0.015025085,0.0004092704424510632,7968,0.0048551602303632535,0.2,0.2469482421875,1257.0,-2.78571607
1279,59,23,256000,-42.09030497074127,0.9529678225517273,0.19026924669742584,-0.02030870772432536,0.4442683458328247,0.01824872,0.0004092704424510632,7984,1.0826087957248092,0.2,0.1041259765625,1257.0,-2.78571607
1279,60,24,256512,-42.08141613006592,0.9528297185897827,-0.02038600854575634,-0.023015321996354032,-5.679623126983643,0.028935973,0.0004092704424510632,8000,0.043134638108313084,0.2,0.284423828125,1257.0,-2.78742213
1279,61,24,257024,-42.08279597759247,0.9530557990074158,0.20893484354019165,-0.013388400635449216,0.2281627655029297,0.010726066,0.0004092704424510632,8016,1.2431559534743428,0.2,0.1253662109375,1257.0,-2.78742213
1279,62,24,257536,-42.084280252456665,0.9531342387199402,-0.038486022502183914,-0.026284121733624488,-0.6235994100570679,0.015503627,0.0004092704424510632,8032,0.0031726732486276887,0.2,0.2650146484375,1257.0,-2.78742213
1278,63,25,258048,-42.077465653419495,0.9528591632843018,-0.02845623530447483,-0.02299975394271314,-0.3456014394760132,0.016064443,0.0004092704424510632,8048,0.0029394486409728415,0.2,0.2601318359375,1257.0,-2.7857241700000004
1278,64,25,258560,-42.06323564052582,0.9525744318962097,0.2560504376888275,-0.013260146268294193,0.4164741039276123,0.017159395,0.0004092704424510632,8064,0.9869763441383839,0.2,0.08349609375,1257.0,-2.7857241700000004
1278,65,26,259072,-42.06521236896515,0.9529244303703308,-0.041097089648246765,-0.028659015573794022,-6.024636268615723,0.022822864,0.0004092704424510632,8080,0.01143537464668043,0.2,0.309814453125,1257.0,-2.7817847
1278,66,26,259584,-42.07690894603729,0.9529706239700317,0.2070658802986145,-0.006066510773962364,0.24349313974380493,0.012088152,0.0004092704424510632,8096,1.261422655545175,0.2,0.055419921875,1257.0,-2.7817847
1277,67,26,260096,-42.08611178398132,0.9536344408988953,-0.04294486716389656,-0.025067182636121288,-0.4202384948730469,0.022630885,0.0004092704424510632,8112,0.008247751873568632,0.2,0.277099609375,1257.0,-2.7817847
1277,68,27,260608,-42.10182058811188,0.9525336623191833,-0.03245918080210686,-0.021764694654848427,-0.836998701095581,0.015430793,0.0004092704424510632,8128,0.002599409726826707,0.2,0.23046875,1257.0,-2.7813803799999994
1277,69,27,261120,-42.07446467876434,0.9521735906600952,0.16944479942321777,-0.012450498805264942,0.3935074806213379,0.01784341,0.0004092704424510632,8144,0.8733038762584329,0.2,0.081787109375,1257.0,-2.7813803799999994
1277,70,28,261632,-42.08714783191681,0.9532140493392944,-0.023542672395706177,-0.019485971686663106,-12.055179595947266,0.025592666,0.0004092704424510632,8160,0.025857736356556416,0.2,0.2340087890625,1257.0,-2.7820049199999994
1277,71,28,262144,-42.11526942253113,0.9536635279655457,0.2949199080467224,-0.012356485167401843,0.10801839828491211,0.01039132,0.0004092704424510632,8176,1.4818984419107437,0.2,0.041259765625,1257.0,-2.7820049199999994
1277,72,28,262656,-42.126513957977295,0.953811764717102,-0.031616900116205215,-0.02849045762559399,-7.4465789794921875,0.020048447,0.0004092704424510632,8192,0.00522704121976858,0.2,0.298828125,1257.0,-2.7820049199999994
1277,73,29,263168,-42.16308057308197,0.9555600881576538,-0.04201815277338028,-0.032197909691603854,0.06114232540130615,0.019068472,0.0004092704424510632,8208,0.0021641578314302024,0.2,0.2744140625,1257.0,-2.782588599999999
1277,74,29,263680,-42.200762152671814,0.9554863572120667,0.12044347822666168,-0.009455088729737327,0.21959137916564941,0.013978777,0.0004092704424510632,8224,0.7409834386780858,0.2,0.0533447265625,1257.0,-2.782588599999999
1277,75,30,264192,-42.160969734191895,0.9532051682472229,-0.02643594890832901,-0.02322677383199334,-4.940715312957764,0.015935682,0.0004092704424510632,8240,0.006327523733489215,0.2,0.2232666015625,1257.0,-2.7817182399999996
1277,76,30,264704,-42.10219478607178,0.9524581432342529,0.24515630304813385,-0.01070611558679957,0.2640472650527954,0.01277977,0.0004092704424510632,8256,1.4386943308636546,0.2,0.080810546875,1257.0,-2.7817182399999996
1276,77,30,265216,-42.084161162376404,0.9510746598243713,-0.00208856537938118,-0.026332106033805758,-0.09178543090820312,0.018463863,0.0004092704424510632,8272,0.0722849287558347,0.2,0.2701416015625,1257.0,-2.7817182399999996
1276,78,31,265728,-42.05349099636078,0.9515302777290344,0.0380157008767128,-0.019944729836424813,-0.09850573539733887,0.016213333,0.0004092704424510632,8288,0.13487488264217973,0.2,0.2451171875,1257.0,-2.7856716800000005
1276,79,31,266240,-42.08354365825653,0.9518192410469055,-0.01639685407280922,-0.016334196989191696,0.1773112416267395,0.022372343,0.0004092704424510632,8304,0.24687875877134502,0.2,0.1689453125,1257.0,-2.7856716800000005
1276,80,32,266752,-42.09668147563934,0.9531013369560242,-0.03529318422079086,-0.02084131696028635,-10.138882637023926,0.020683825,0.0004092704424510632,8320,0.011558870261069387,0.2,0.2481689453125,1257.0,-2.7859325200000002
1276,81,32,267264,-42.12962591648102,0.9534897804260254,0.16048333048820496,-0.011594247378525324,0.13314294815063477,0.010225341,0.0004092704424510632,8336,1.2145311404019594,0.2,0.093994140625,1257.0,-2.7859325200000002
1277,82,32,267776,-42.13302433490753,0.9531675577163696,-0.04414384812116623,-0.030201747329556383,-0.5758572816848755,0.02777822,0.0004092704424510632,8352,0.01596418465487659,0.2,0.330810546875,1257.0,-2.78347933
1276,83,33,268288,-42.118441343307495,0.9527806639671326,0.3691329061985016,-0.006934205499419477,0.4940893054008484,0.008210832,0.0004092704424510632,8368,1.1454610843211412,0.2,0.0238037109375,1257.0,-2.78347933
1276,84,33,268800,-42.106990337371826,0.9521057605743408,-0.025019900873303413,-0.025137400545645505,-1.7922298908233643,0.026089342,0.0004092704424510632,8384,0.008919653359043878,0.2,0.251220703125,1257.0,-2.78347933
1276,85,34,269312,-42.093573212623596,0.9521439671516418,-0.04177149757742882,-0.03259671572595835,-0.045499444007873535,0.018585198,0.0004092704424510632,8400,0.0036792399041587487,0.2,0.2821044921875,1257.0,-2.7844666299999994
1276,86,34,269824,-42.09389019012451,0.9522734880447388,0.39528369903564453,-0.007603260470204987,0.42334550619125366,0.007238717,0.0004092704424510632,8416,1.1918193511664867,0.2,0.0264892578125,1257.0,-2.7844666299999994
1276,87,34,270336,-42.070311307907104,0.9503605961799622,-0.03884438797831535,-0.026361399301094934,-1.5146098136901855,0.018714603,0.0004092704424510632,8432,0.008491456246702,0.2,0.2586669921875,1257.0,-2.7851588599999997
1276,88,35,270848,-42.02355992794037,0.9497683644294739,0.3467741012573242,-0.008754256643442204,0.44085419178009033,0.009934588,0.0004092704424510632,8448,1.1173168942332268,0.2,0.055419921875,1257.0,-2.7851588599999997
1276,89,35,271360,-42.01071035861969,0.9491080641746521,-0.029784629121422768,-0.02206393051892519,-3.788454055786133,0.020153198,0.0004092704424510632,8464,0.004717572810477577,0.2,0.2440185546875,1257.0,-2.7851588599999997
1276,90,36,271872,-42.01189887523651,0.9504578709602356,-0.038376450538635254,-0.027220823598327115,-0.3673959970474243,0.017990872,0.0004092704424510632,8480,0.0033373518162989058,0.2,0.2679443359375,1257.0,-2.78647531
1276,91,36,272384,-42.05052042007446,0.9509707093238831,0.2931500971317291,-0.010748681161203422,0.408796489238739,0.011156902,0.0004092704424510632,8496,1.0463248398154974,0.2,0.080322265625,1257.0,-2.78647531
1276,92,36,272896,-42.053959250450134,0.9509546756744385,-0.03742469847202301,-0.02425660565495491,-4.503202438354492,0.021758573,0.0004092704424510632,8512,0.005886025232030079,0.2,0.270751953125,1257.0,-2.78504657
1276,93,37,273408,-42.0416077375412,0.9507772326469421,0.33663225173950195,-0.002190949526266195,0.28693294525146484,0.007050396,0.0004092704424510632,8528,1.5185634335502982,0.2,0.032470703125,1257.0,-2.78504657
1276,94,37,273920,-42.040993213653564,0.9507860541343689,-0.037126246839761734,-0.029402948159258813,-3.6426186561584473,0.022522409,0.0004092704424510632,8544,0.003772766616748413,0.2,0.301513671875,1257.0,-2.78504657
1276,95,38,274432,-42.055898904800415,0.9516190886497498,-0.04088739678263664,-0.029200972785474733,-0.0022704601287841797,0.017256908,0.0004092704424510632,8560,0.0026969347200065386,0.2,0.2694091796875,1257.0,-2.78524752
1276,96,38,274944,-42.0701322555542,0.9516059160232544,0.24020782113075256,-0.015382719080662355,0.1247902512550354,0.011293659,0.0004092704424510632,8576,1.268168119713664,0.2,0.04541015625,1257.0,-2.78524752
1275,97,38,275456,-42.07407629489899,0.9521839022636414,-0.02263561263680458,-0.022108159930212423,-10.00124740600586,0.023550546,0.0004092704424510632,8592,0.0141197773773456,0.2,0.27587890625,1257.0,-2.7830925400000006
1275,98,39,275968,-42.09105658531189,0.9525483846664429,0.24019668996334076,-0.008185122846043669,0.10206031799316406,0.007900404,0.0004092704424510632,8608,1.278030308894813,0.2,0.0224609375,1257.0,-2.7830925400000006
1275,99,39,276480,-42.093950271606445,0.9521878361701965,-0.03528134897351265,-0.030600159196183085,-0.7851119041442871,0.025356632,0.0004092704424510632,8624,0.003106995591224404,0.2,0.31396484375,1257.0,-2.7830925400000006
1275,100,40,276992,-42.09981679916382,0.9540384411811829,-0.020810281857848167,-0.02682242360606324,0.12058001756668091,0.017523129,0.0004092704424510632,8640,0.0029151866328902543,0.2,0.24755859375,1257.0,-2.7821170400000006
1275,101,40,277504,-42.14860916137695,0.955095112323761,0.12321393191814423,-0.011138205794850364,0.3626760244369507,0.013905048,0.0004092704424510632,8656,0.674262126442045,0.2,0.071044921875,1257.0,-2.7821170400000006
1275,102,40,278016,-42.15235471725464,0.9541034698486328,-0.025305068120360374,-0.02174018631922081,-7.345044136047363,0.014472284,0.0004092704424510632,8672,0.011019758996553719,0.2,0.2103271484375,1257.0,-2.781871760000001
1275,103,41,278528,-42.11572444438934,0.9537433981895447,0.2714887857437134,-0.012912210746435449,0.20798397064208984,0.009461701,0.0004092704424510632,8688,1.1932813506573439,0.2,0.03369140625,1257.0,-2.781871760000001
1275,104,41,279040,-42.134071588516235,0.9554336667060852,-0.047654129564762115,-0.02867332714231452,-0.4245642423629761,0.022963101,0.0004092704424510632,8704,0.00586891797138378,0.2,0.27880859375,1257.0,-2.781871760000001
1275,105,42,279552,-42.17365121841431,0.9561915993690491,0.11329381912946701,-0.010579371897620149,0.43686115741729736,0.011008593,0.0004092704424510632,8720,0.48074570670723915,0.2,0.091064453125,1257.0,-2.7856601600000004
1275,106,42,280064,-42.16477990150452,0.9546889662742615,-0.022547971457242966,-0.02446831033739727,0.8728510141372681,0.04286559,0.0004092704424510632,8736,0.0987149232532829,0.2,0.318115234375,1257.0,-2.7856601600000004
1275,107,42,280576,-42.112013816833496,0.9535860419273376,-0.03937584161758423,-0.028936553091625683,-8.05383586883545,0.02231944,0.0004092704424510632,8752,0.008053751735133119,0.2,0.3057861328125,1257.0,-2.7806163300000004
1275,108,43,281088,-42.08966827392578,0.9532914757728577,0.27585312724113464,-0.006392370545654558,0.2603171467781067,0.008489171,0.0004092704424510632,8768,1.7318495586514473,0.2,0.0399169921875,1257.0,-2.7806163300000004
1275,109,43,281600,-42.07889258861542,0.9526803493499756,-0.03094174712896347,-0.030946852413762826,-0.11437606811523438,0.021508012,0.0004092704424510632,8784,0.03000570583390072,0.2,0.3199462890625,1257.0,-2.78090867
1275,110,44,282112,-42.06127226352692,0.9523103833198547,0.3342154324054718,-0.009159725887002423,0.2723630666732788,0.010013596,0.0004092704424510632,8800,1.258033225312829,0.2,0.0404052734375,1257.0,-2.78090867
1275,111,44,282624,-42.0540075302124,0.9525355696678162,-0.041160523891448975,-0.026895410657743923,-0.12644338607788086,0.020099567,0.0004092704424510632,8816,0.0074512721912469715,0.2,0.27978515625,1257.0,-2.78090867
1275,112,44,283136,-42.07061719894409,0.9529155492782593,-0.03993820399045944,-0.031142282648943365,-0.1393500566482544,0.017347286,0.0004092704424510632,8832,0.006510432547656819,0.2,0.287109375,1257.0,-2.78362344
1275,113,45,283648,-42.08349108695984,0.9530256986618042,0.2297074794769287,-0.00924427188874688,0.45508259534835815,0.011114833,0.0004092704424510632,8848,1.3428096752613783,0.2,0.0936279296875,1257.0,-2.78362344
1275,114,45,284160,-42.07386672496796,0.9516251683235168,-0.029378823935985565,-0.022090515827585477,-10.598966598510742,0.017529739,0.0004092704424510632,8864,0.016362982962164097,0.2,0.2484130859375,1257.0,-2.7832667799999995
1275,115,46,284672,-42.03241670131683,0.9512667655944824,0.34619084000587463,-0.00572891988849733,0.219684898853302,0.0073586195,0.0004092704424510632,8880,1.3607120560482144,0.2,0.0350341796875,1257.0,-2.7832667799999995
1275,116,46,285184,-42.02712607383728,0.9505678415298462,-0.028045954182744026,-0.028475471190176904,-0.49346983432769775,0.016135026,0.0004092704424510632,8896,0.0035445113680907525,0.2,0.2576904296875,1257.0,-2.7832667799999995
1275,117,46,285696,-41.99837374687195,0.950040876865387,-0.04708057641983032,-0.03268657042644918,-0.44577813148498535,0.018572237,0.0004092704424510632,8912,0.002631683732033707,0.2,0.2904052734375,1257.0,-2.7834036400000004
1275,118,47,286208,-41.97737646102905,0.949840247631073,0.17676126956939697,-0.0101210109423846,0.4154438376426697,0.016254317,0.0004092704424510632,8928,1.0098134456202388,0.2,0.055419921875,1257.0,-2.7834036400000004
1275,119,47,286720,-41.94613981246948,0.9479451775550842,-0.02774546667933464,-0.02903474743652623,-11.909282684326172,0.021515012,0.0004092704424510632,8944,0.010082632230478339,0.2,0.2764892578125,1257.0,-2.78505359
1275,120,48,287232,-41.88442325592041,0.9472787380218506,0.2904743254184723,-0.009993269966798835,0.13453561067581177,0.009162717,0.0004092704424510632,8960,1.6569267865270376,0.2,0.0537109375,1257.0,-2.78505359
1275,121,48,287744,-41.87137055397034,0.9474762678146362,-0.025470225140452385,-0.02254251265549101,-4.097480773925781,0.020406242,0.0004092704424510632,8976,0.005565137071243953,0.2,0.2501220703125,1257.0,-2.78505359
1275,122,48,288256,-41.87265634536743,0.94804847240448,-0.03445284068584442,-0.0273469940002542,-0.0040999650955200195,0.01525243,0.0004092704424510632,8992,0.0023318040002777707,0.2,0.2322998046875,1257.0,-2.7866254999999995
1275,123,49,288768,-41.887420535087585,0.948150098323822,0.18833144009113312,-0.010158907592995092,0.2261258363723755,0.008627212,0.0004092704424510632,9008,1.0372617850080132,0.2,0.0430908203125,1257.0,-2.7866254999999995
1275,124,49,289280,-41.91395044326782,0.9505035877227783,-0.03493497893214226,-0.02799365291139111,-4.174534797668457,0.023119453,0.0004092704424510632,9024,0.006597617728402838,0.2,0.3096923828125,1257.0,-2.7861602999999997
1275,125,50,289792,-41.9742876291275,0.9515321850776672,0.2758868336677551,-0.01273292288533412,0.3325766324996948,0.013754906,0.0004092704424510632,9040,1.4750042343512177,0.2,0.0703125,1257.0,-2.7861602999999997
1275,126,50,290304,-41.98599815368652,0.9517191052436829,-0.031066155061125755,-0.022899962990777567,-1.0556392669677734,0.015871936,0.0004092704424510632,9056,0.003806503700616304,0.2,0.2535400390625,1257.0,-2.7861602999999997
1275,127,50,290816,-41.98230421543121,0.9514486193656921,-0.03476456180214882,-0.02429168499656953,0.007996320724487305,0.012257358,0.0004092704424510632,9072,0.0026604241065797396,0.2,0.19140625,1257.0,-2.78171348
1275,128,51,291328,-41.96174395084381,0.9514751434326172,0.14242056012153625,-0.013182696420699358,0.43383264541625977,0.016139407,0.0004092704424510632,9088,0.7476489450782537,0.2,0.0714111328125,1257.0,-2.78171348
1275,129,51,291840,-41.95814383029938,0.9514086246490479,-0.039444126188755035,-0.02334456289827358,-9.898611068725586,0.023081198,0.0004092704424510632,9104,0.008895139049855061,0.2,0.2816162109375,1257.0,-2.78025264
1275,130,52,292352,-41.96521544456482,0.9515201449394226,0.29693692922592163,0.0012561617768369615,0.21765249967575073,0.006169341,0.0004092704424510632,9120,1.30091155692935,0.2,0.0623779296875,1257.0,-2.78025264
1275,131,52,292864,-41.975576758384705,0.9527673125267029,-0.03509598597884178,-0.02079776508617215,-0.6434811353683472,0.023390684,0.0004092704424510632,9136,0.0066770793637260795,0.2,0.2474365234375,1257.0,-2.78025264
1275,132,53,293376,-41.98000419139862,0.9515222907066345,0.04509499669075012,-0.02217800877406262,0.4193391799926758,0.022014769,0.0004092704424510632,9152,0.2492508334107697,0.2,0.232421875,1257.0,-2.7805240300000005
1275,133,53,293888,-41.9133996963501,0.9492828249931335,-0.018578696995973587,-0.02523953514173627,0.6874485015869141,0.04158604,0.0004092704424510632,9168,0.24301458877744153,0.2,0.292724609375,1257.0,-2.7805240300000005
1274,134,53,294400,-41.874760031700134,0.9490438103675842,-0.03150301054120064,-0.02340532775997417,-11.689596176147461,0.02971917,0.0004092704424510632,9184,0.009875064162770286,0.2,0.286865234375,1257.0,-2.7801755900000007
1274,135,54,294912,-41.87443733215332,0.9490013122558594,0.22408060729503632,-0.010465117593412288,0.2158346176147461,0.009348422,0.0004092704424510632,9200,1.4759387103840709,0.2,0.048828125,1257.0,-2.7801755900000007
1274,136,54,295424,-41.85607039928436,0.9476844668388367,-0.028774425387382507,-0.022447402214311296,-1.1176071166992188,0.015922362,0.0004092704424510632,9216,0.005038775794673711,0.2,0.2337646484375,1257.0,-2.781089820000001
1274,137,55,295936,-41.80798542499542,0.9469143152236938,0.3368455469608307,-0.0141711885589757,0.47247952222824097,0.01968079,0.0004092704424510632,9232,1.1157413683831692,0.2,0.1031494140625,1257.0,-2.781089820000001
1274,138,55,296448,-41.77858340740204,0.9460556507110596,-0.050429817289114,-0.037585752666927874,-1.411634922027588,0.026469156,0.0004092704424510632,9248,0.010451548441778868,0.2,0.3345947265625,1257.0,-2.781089820000001
1274,139,55,296960,-41.740697264671326,0.9440917372703552,-0.02937549166381359,-0.028595285635674372,0.0018056035041809082,0.016695702,0.0004092704424510632,9264,0.005315737973432988,0.2,0.243896484375,1257.0,-2.7787062500000004
1274,140,56,297472,-41.69330978393555,0.9431872367858887,0.3434937596321106,-0.011171237783855759,0.43088299036026,0.009736029,0.0004092704424510632,9280,1.0608646087348461,0.2,0.039306640625,1257.0,-2.7787062500000004
1274,141,56,297984,-41.6711106300354,0.9424460530281067,-0.035796359181404114,-0.027041468762035947,-15.653446197509766,0.036642205,0.0004092704424510632,9296,0.035301737632835284,0.2,0.3116455078125,1257.0,-2.7824741000000004
1274,142,57,298496,-41.649988651275635,0.9422063231468201,0.3919532299041748,-0.008961749874288216,0.13722765445709229,0.012934741,0.0004092704424510632,9312,1.6600213320925832,0.2,0.089111328125,1257.0,-2.7824741000000004
1274,143,57,299008,-41.65767955780029,0.9433597326278687,-0.04137604683637619,-0.025001059781061485,-6.863676071166992,0.01961185,0.0004092704424510632,9328,0.0031806077204237226,0.2,0.2972412109375,1257.0,-2.7824741000000004
1274,144,57,299520,-41.67484164237976,0.9426195621490479,-0.04218757152557373,-0.02930130116874352,0.007634997367858887,0.016344009,0.0004092704424510632,9344,0.0034484329880797304,0.2,0.2396240234375,1257.0,-2.78462197
1274,145,58,300032,-41.65735352039337,0.9426590800285339,0.20130643248558044,-0.010387102447566576,0.31480973958969116,0.011969971,0.0004092704424510632,9360,0.9955085730180144,0.2,0.04931640625,1257.0,-2.78462197
1274,146,58,300544,-41.68104910850525,0.9444632530212402,-0.02865595929324627,-0.02483210145146586,-14.941134452819824,0.018578766,0.0004092704424510632,9376,0.035640075453557074,0.2,0.2415771484375,1257.0,-2.7850615199999997
1273,147,59,301056,-41.71950089931488,0.9450549483299255,0.2773890793323517,-0.017793884413549677,0.13825613260269165,0.011768699,0.0004092704424510632,9392,1.6164623349905014,0.2,0.0770263671875,1257.0,-2.7850615199999997
