time/iterations,time/total_timesteps,time/time_elapsed,time/fps,train/std,train/policy_gradient_loss,train/learning_rate,train/loss,train/clip_fraction,train/entropy_loss,train/explained_variance,train/approx_kl,train/value_loss,train/n_updates,train/clip_range,rollout/ep_rew_mean,rollout/ep_len_mean
1,512,0,3754,,,,,,,,,,,,,
2,1024,0,2230,1.001329779624939,-0.03425327263539657,0.0004092704424510632,-0.0403638556599617,0.2989501953125,-44.012250900268555,-1.3128814697265625,0.020027496,0.16927009978098795,16,0.2,,
3,1536,0,1924,1.0012518167495728,-0.021845055307494476,0.0004092704424510632,-0.025131966918706894,0.2318115234375,-44.02548098564148,-0.017684578895568848,0.017203543,0.0031841968011576682,32,0.2,-2.421087,1258.0
4,2048,1,1804,1.0018771886825562,-0.026581790414638817,0.0004092704424510632,-0.030915778130292892,0.26171875,-44.02992630004883,-0.002019643783569336,0.016873859,0.013399299758020788,48,0.2,-2.421087,1258.0
5,2560,1,1708,1.0011887550354004,-0.030762031121412292,0.0004092704424510632,-0.03369828686118126,0.280517578125,-44.037620067596436,0.004896342754364014,0.021283932,0.0029159267178329173,64,0.2,-2.3427990000000003,1258.0
6,3072,1,1652,1.001900553703308,-0.024127299227984622,0.0004092704424510632,-0.03132060915231705,0.259765625,-44.026216983795166,0.015249311923980713,0.020943172,0.007673976506339386,80,0.2,-2.3427990000000003,1258.0
7,3584,2,1624,1.0016560554504395,-0.02555824982118793,0.0004092704424510632,-0.04239758476614952,0.26220703125,-44.04226338863373,-0.01925194263458252,0.01730653,0.0014741558989044279,96,0.2,-2.3427990000000003,1258.0
8,4096,2,1622,1.0035310983657837,-0.02814214551472105,0.0004092704424510632,-0.03784438595175743,0.2772216796875,-44.052396297454834,0.010137081146240234,0.021824505,0.006612723023863509,112,0.2,-2.347821666666667,1258.0
9,4608,2,1604,1.004210114479065,-0.03018980342312716,0.0004092704424510632,-0.04150627553462982,0.284423828125,-44.10728132724762,0.010660767555236816,0.020942163,0.0018868230799853336,128,0.2,-2.347821666666667,1258.0
10,5120,3,1598,1.0041851997375488,-0.032590692047961056,0.0004092704424510632,-0.0446508415043354,0.2684326171875,-44.11303091049194,-0.00028395652770996094,0.021958744,0.0022231936745811254,144,0.2,-2.3182270000000003,1258.0
11,5632,3,1585,1.0016471147537231,-0.028510339121567085,0.0004092704424510632,-0.039940573275089264,0.2454833984375,-44.07679617404938,0.010132312774658203,0.019035473,0.008999927202239633,160,0.2,-2.3182270000000003,1258.0
12,6144,3,1572,1.0013138055801392,-0.023173913767095655,0.0004092704424510632,-0.028616584837436676,0.198974609375,-44.02095556259155,0.003218352794647217,0.01682283,0.0014824434074398596,176,0.2,-2.3182270000000003,1258.0
13,6656,4,1573,1.0012869834899902,-0.023858674845541827,0.0004092704424510632,-0.044341061264276505,0.2276611328125,-44.01970839500427,0.040135324001312256,0.013792831,0.006105605425545946,192,0.2,-2.335658,1258.0
14,7168,4,1574,1.0010405778884888,-0.023642813015612774,0.0004092704424510632,-0.01544014923274517,0.2452392578125,-44.01485788822174,0.013347327709197998,0.017227892,0.010935718804830685,208,0.2,-2.335658,1258.0
15,7680,4,1562,1.0001740455627441,-0.023713092523394153,0.0004092704424510632,-0.032720375806093216,0.2252197265625,-43.99183714389801,0.027931272983551025,0.017839056,0.0020531105001282413,224,0.2,-2.3361826666666667,1258.0
16,8192,5,1560,0.9987967610359192,-0.028381917843944393,0.0004092704424510632,-0.0287507101893425,0.252685546875,-43.96492302417755,0.014804661273956299,0.025616419,0.018748991831671447,240,0.2,-2.3361826666666667,1258.0
17,8704,5,1561,0.9955592751502991,-0.02962082636076957,0.0004092704424510632,-0.036714524030685425,0.251220703125,-43.89168179035187,0.02586263418197632,0.019946951,0.0013236088052508421,256,0.2,-2.3361826666666667,1258.0
18,9216,5,1551,0.9933554530143738,-0.02952575052040629,0.0004092704424510632,-0.04686319828033447,0.24658203125,-43.7937958240509,0.10386979579925537,0.021777011,0.0064724321564426646,272,0.2,-2.3164045714285715,1258.0
19,9728,6,1553,0.9951123595237732,-0.021429033804452047,0.0004092704424510632,-0.023704688996076584,0.223876953125,-43.78802168369293,0.06725811958312988,0.024396487,0.02380289023858495,288,0.2,-2.3164045714285715,1258.0
20,10240,6,1549,0.9919975996017456,-0.03366696200100705,0.0004092704424510632,-0.04720563441514969,0.2752685546875,-43.78715968132019,0.40654683113098145,0.022954334,0.0025250520920963027,304,0.2,-2.320187375,1258.0
21,10752,6,1544,0.9903833866119385,-0.026490802178159356,0.0004092704424510632,-0.025306953117251396,0.2789306640625,-43.69321346282959,0.21425044536590576,0.017947948,0.02732817205833271,320,0.2,-2.320187375,1258.0
22,11264,7,1544,0.9909266829490662,-0.02490348377614282,0.0004092704424510632,-0.03767676651477814,0.2425537109375,-43.680001854896545,0.18732595443725586,0.015842818,0.002950765538116684,336,0.2,-2.320187375,1258.0
23,11776,7,1546,0.9907054305076599,-0.02105035647400655,0.0004092704424510632,-0.02507208101451397,0.2694091796875,-43.689051270484924,0.23850899934768677,0.030381236,0.005263375387585256,352,0.2,-2.3204892222222226,1258.0
24,12288,7,1548,0.9898021221160889,-0.03116546751698479,0.0004092704424510632,-0.042344480752944946,0.279541015625,-43.671414256095886,0.34834784269332886,0.02534473,0.022062891424866393,368,0.2,-2.3204892222222226,1258.0
25,12800,8,1539,0.9903310537338257,-0.02352254872675985,0.0004092704424510632,-0.030581321567296982,0.220947265625,-43.65852606296539,-0.006883382797241211,0.01627738,0.0046722331462660804,384,0.2,-2.3352555,1258.0
26,13312,8,1538,0.9908826351165771,-0.021200459043029696,0.0004092704424510632,-0.020132146775722504,0.219482421875,-43.68257188796997,0.3149711489677429,0.0162841,0.02638764289440587,400,0.2,-2.3352555,1258.0
27,13824,8,1540,0.9926416873931885,-0.033351457270327955,0.0004092704424510632,-0.03521846607327461,0.290283203125,-43.708651304244995,0.027199387550354004,0.026936436,0.0018278941315656994,416,0.2,-2.3352555,1258.0
28,14336,9,1534,0.9924456477165222,-0.025574199440598022,0.0004092704424510632,-0.024329334497451782,0.22265625,-43.7433660030365,0.6065326929092407,0.011112625,0.006549621655722149,432,0.2,-2.338610090909091,1258.0
29,14848,9,1534,0.9918190240859985,-0.02282411008491181,0.0004092704424510632,-0.01551654003560543,0.2703857421875,-43.71518850326538,0.5077880620956421,0.030763615,0.01459991313458886,448,0.2,-2.338610090909091,1258.0
30,15360,9,1537,0.9916272163391113,-0.024471159478707705,0.0004092704424510632,-0.040740568190813065,0.1907958984375,-43.71449875831604,-0.2463463544845581,0.015957786,0.0034336721801082604,464,0.2,-2.3247955,1258.0
31,15872,10,1532,0.9926119446754456,-0.027913943777093664,0.0004092704424510632,-0.025524064898490906,0.2601318359375,-43.716304063797,0.5341770648956299,0.02484005,0.026960144517943263,480,0.2,-2.3247955,1258.0
32,16384,10,1534,0.9918633699417114,-0.022184795729117468,0.0004092704424510632,-0.03804619237780571,0.198486328125,-43.73336327075958,0.531731903553009,0.016268967,0.00604898484016303,496,0.2,-2.3306074615384618,1258.0
33,16896,10,1536,0.992596447467804,-0.030789499869570136,0.0004092704424510632,-0.017295170575380325,0.2784423828125,-43.72077238559723,0.5710908770561218,0.030961024,0.05442126118578017,512,0.2,-2.3306074615384618,1258.0
34,17408,11,1538,0.9920800924301147,-0.026709924975875765,0.0004092704424510632,-0.03967565670609474,0.2572021484375,-43.7282954454422,-0.6431787014007568,0.020307673,0.0065843560369103216,528,0.2,-2.3306074615384618,1258.0
35,17920,11,1536,0.9927554726600647,-0.02611544611863792,0.0004092704424510632,-0.033998556435108185,0.2314453125,-43.720261454582214,0.001556396484375,0.016491652,0.004034477540699299,544,0.2,-2.3242763571428573,1258.0
36,18432,11,1536,0.9941209554672241,-0.021394243522081524,0.0004092704424510632,0.0025704875588417053,0.194091796875,-43.7573823928833,0.01743072271347046,0.0199169,0.11222351004835218,560,0.2,-2.3242763571428573,1258.0
37,18944,12,1537,0.9939714670181274,-0.029325489027542062,0.0004092704424510632,-0.03629770874977112,0.2728271484375,-43.77744543552399,0.04915350675582886,0.024319986,0.004046514906804077,576,0.2,-2.3273610000000002,1258.0
38,19456,12,1531,0.9941986203193665,-0.02605142688844353,0.0004092704424510632,-0.0021653156727552414,0.2110595703125,-43.77528631687164,0.48702675104141235,0.020007286,0.08067011693492532,592,0.2,-2.3273610000000002,1258.0
39,19968,13,1533,0.9936946034431458,-0.022350549334078096,0.0004092704424510632,-0.023631971329450607,0.209716796875,-43.77705466747284,-0.7127207517623901,0.0121308565,0.0024465984242851846,608,0.2,-2.3273610000000002,1258.0
40,20480,13,1530,0.9930351972579956,-0.027085020643426105,0.0004092704424510632,-0.04191175475716591,0.2440185546875,-43.75610399246216,0.16700613498687744,0.025118537,0.004957389232004061,624,0.2,-2.3277751875000003,1258.0
41,20992,13,1532,0.9929553866386414,-0.02772161806933582,0.0004092704424510632,-0.03394836187362671,0.23193359375,-43.73902976512909,0.32331424951553345,0.029927757,0.07133702235296369,640,0.2,-2.3277751875000003,1258.0
42,21504,14,1530,0.993766188621521,-0.02834511078253854,0.0004092704424510632,-0.03185522183775902,0.256591796875,-43.75056052207947,-0.564016580581665,0.018625781,0.004426713130669668,656,0.2,-2.3229485882352945,1258.0
43,22016,14,1528,0.9927846789360046,-0.02428224286995828,0.0004092704424510632,-0.0008038301020860672,0.20458984375,-43.75596308708191,0.07656574249267578,0.022903146,0.1267265728674829,672,0.2,-2.3229485882352945,1258.0
44,22528,14,1530,0.990612268447876,-0.02820800492190756,0.0004092704424510632,-0.04291943460702896,0.2403564453125,-43.70501363277435,-0.7328612804412842,0.017097313,0.0031547635444439948,688,0.2,-2.3229485882352945,1258.0
45,23040,15,1531,0.9893173575401306,-0.03179055463988334,0.0004092704424510632,-0.03716916963458061,0.3082275390625,-43.64006507396698,0.3225509524345398,0.029428937,0.005348654951376375,704,0.2,-2.3178916666666667,1258.0
46,23552,15,1529,0.9896863102912903,-0.026114793043234386,0.0004092704424510632,-0.013636352494359016,0.202392578125,-43.61991357803345,0.5710974335670471,0.018181873,0.062060959404334426,720,0.2,-2.3178916666666667,1258.0
47,24064,15,1528,0.9886100888252258,-0.0217192402924411,0.0004092704424510632,-0.0195859856903553,0.2095947265625,-43.62125778198242,0.19326621294021606,0.012955798,0.00777403311803937,736,0.2,-2.327213894736842,1258.0
48,24576,16,1526,0.9891039133071899,-0.023832841536204796,0.0004092704424510632,-0.008619964122772217,0.1845703125,-43.59369623661041,0.6729776263237,0.01902968,0.06776680203620344,752,0.2,-2.327213894736842,1258.0
49,25088,16,1525,0.9895841479301453,-0.029807344457367435,0.0004092704424510632,-0.05732758343219757,0.270751953125,-43.62197434902191,-0.5609667301177979,0.023671513,0.003587024941225536,768,0.2,-2.327213894736842,1258.0
50,25600,16,1524,0.9898105263710022,-0.020338534137408715,0.0004092704424510632,-0.02261705882847309,0.1949462890625,-43.624828696250916,0.5745021104812622,0.013337955,0.006054487355868332,784,0.2,-2.32540755,1258.0
51,26112,17,1525,0.9902324080467224,-0.020615449699107558,0.0004092704424510632,-0.01868065819144249,0.191650390625,-43.634241461753845,0.5385156273841858,0.024592051,0.05314325279323384,800,0.2,-2.32540755,1258.0
52,26624,17,1522,0.99123615026474,-0.028139699366874993,0.0004092704424510632,-0.030539020895957947,0.2408447265625,-43.655300974845886,-0.20768070220947266,0.020326307,0.00887316430453211,816,0.2,-2.317837,1258.0
53,27136,17,1521,0.9907870292663574,-0.02552964075584896,0.0004092704424510632,-0.0018683411180973053,0.1881103515625,-43.66482162475586,0.4700150489807129,0.025196515,0.0792908153962344,832,0.2,-2.317837,1258.0
54,27648,18,1519,0.9923033118247986,-0.03259978367714211,0.0004092704424510632,-0.05359538644552231,0.2900390625,-43.67212927341461,-0.3872178792953491,0.02679158,0.0021549991179199424,848,0.2,-2.317837,1258.0
55,28160,18,1517,0.9929773807525635,-0.024006822000956163,0.0004092704424510632,-0.017601003870368004,0.2244873046875,-43.71653723716736,0.6375411748886108,0.015190524,0.018739680148428306,864,0.2,-2.3177352727272726,1258.0
56,28672,18,1518,0.9939895868301392,-0.020616853464161977,0.0004092704424510632,-0.025345828384160995,0.2437744140625,-43.73598837852478,0.7627182006835938,0.029955689,0.030486827105050907,880,0.2,-2.3177352727272726,1258.0
57,29184,19,1520,0.9958046078681946,-0.02588030949118547,0.0004092704424510632,-0.030729040503501892,0.2357177734375,-43.782045006752014,-0.866155743598938,0.018338729,0.010867705073906109,896,0.2,-2.3183904782608695,1258.0
58,29696,19,1521,0.9965500235557556,-0.023471406937460415,0.0004092704424510632,-0.021516013890504837,0.1834716796875,-43.82218611240387,0.7043460607528687,0.018978544,0.06736341095529497,912,0.2,-2.3183904782608695,1258.0
59,30208,19,1520,0.996566116809845,-0.022576559291337617,0.0004092704424510632,-0.027871113270521164,0.19580078125,-43.838059067726135,0.07281136512756348,0.01608281,0.005519634752999991,928,0.2,-2.3173667916666667,1258.0
60,30720,20,1521,0.9970052242279053,-0.011423140007536858,0.0004092704424510632,0.03206004202365875,0.09130859375,-43.84403204917908,0.797719419002533,0.011560301,0.11614868883043528,944,0.2,-2.3173667916666667,1258.0
61,31232,20,1519,0.9956294298171997,-0.023539149085991085,0.0004092704424510632,-0.03598485514521599,0.210205078125,-43.835901498794556,-1.264416217803955,0.016850404,0.0076554331462830305,960,0.2,-2.3173667916666667,1258.0
62,31744,20,1518,0.9947658181190491,-0.02404834820481483,0.0004092704424510632,-0.04846947267651558,0.19873046875,-43.79794001579285,0.03822892904281616,0.018402655,0.002168414430343546,976,0.2,-2.3186858,1258.0
63,32256,21,1517,0.9939795136451721,-0.02044438262237236,0.0004092704424510632,-0.0075768716633319855,0.14990234375,-43.774571776390076,0.3289458751678467,0.019840844,0.16405476129148155,992,0.2,-2.3186858,1258.0
64,32768,21,1515,0.9935263395309448,-0.02024082181742415,0.0004092704424510632,-0.022422756999731064,0.20361328125,-43.74970209598541,0.07785004377365112,0.016099012,0.006602620145713445,1008,0.2,-2.312430230769231,1258.0
65,33280,21,1514,0.9939083456993103,-0.013883477251511067,0.0004092704424510632,0.0355137474834919,0.08740234375,-43.74994730949402,0.6969469785690308,0.013711765,0.14766983035951853,1024,0.2,-2.312430230769231,1258.0
66,33792,22,1515,0.9924923777580261,-0.03192274260800332,0.0004092704424510632,-0.0432586744427681,0.3052978515625,-43.737945556640625,-0.9125261306762695,0.025500031,0.0018971539138874505,1040,0.2,-2.312430230769231,1258.0
67,34304,22,1513,0.9912844896316528,-0.028686766512691975,0.0004092704424510632,-0.025904249399900436,0.295654296875,-43.69091987609863,0.06227380037307739,0.026744084,0.005131734054884873,1056,0.2,-2.3120052962962965,1258.0
68,34816,23,1512,0.9905596971511841,-0.017942000355105847,0.0004092704424510632,-0.0004198625683784485,0.1217041015625,-43.666624426841736,0.2986987233161926,0.017537147,0.15401939360890538,1072,0.2,-2.3120052962962965,1258.0
69,35328,23,1514,0.989948570728302,-0.024699003348359838,0.0004092704424510632,-0.04181443899869919,0.2598876953125,-43.640357971191406,-0.4845857620239258,0.019563317,0.003366122138686478,1088,0.2,-2.3077178928571427,1258.0
70,35840,23,1515,0.9894794225692749,-0.013501061006536474,0.0004092704424510632,0.029502086341381073,0.08642578125,-43.624223470687866,0.4654359817504883,0.017867478,0.18402844853699207,1104,0.2,-2.3077178928571427,1258.0
71,36352,24,1513,0.9902013540267944,-0.028088241364457645,0.0004092704424510632,-0.04188866168260574,0.2720947265625,-43.6195855140686,-0.6072957515716553,0.016740944,0.002860805056116078,1120,0.2,-2.3077178928571427,1258.0
72,36864,24,1514,0.9883295893669128,-0.023386053755530156,0.0004092704424510632,-0.024231895804405212,0.2674560546875,-43.61368441581726,0.5003437399864197,0.021587756,0.005510085233254358,1136,0.2,-2.3090950689655174,1258.0
73,37376,24,1513,0.9872611165046692,-0.01950987966847606,0.0004092704424510632,-0.00559987872838974,0.1072998046875,-43.558127880096436,0.5672594308853149,0.015076205,0.12552433728706092,1152,0.2,-2.3090950689655174,1258.0
74,37888,25,1514,0.9867339134216309,-0.02435336131020449,0.0004092704424510632,-0.03769611567258835,0.2646484375,-43.53261065483093,-0.7233337163925171,0.022095026,0.006334352263365872,1168,0.2,-2.307068366666667,1258.0
75,38400,25,1514,0.9861670136451721,-0.013950864813523367,0.0004092704424510632,0.08915890008211136,0.0999755859375,-43.51440191268921,0.6029583811759949,0.013361553,0.22989942645654082,1184,0.2,-2.307068366666667,1258.0
76,38912,25,1512,0.9858474731445312,-0.024758800471317954,0.0004092704424510632,-0.03472486510872841,0.2099609375,-43.49805521965027,0.2871151566505432,0.016371392,0.003782031351875048,1200,0.2,-2.307068366666667,1258.0
77,39424,26,1512,0.9858534932136536,-0.020852896122960374,0.0004092704424510632,-0.023835517466068268,0.2454833984375,-43.49381422996521,0.647908091545105,0.020949244,0.01710743166040629,1216,0.2,-2.3095421290322578,1258.0
78,39936,26,1511,0.9850865006446838,-0.01814269275928382,0.0004092704424510632,-0.00025977566838264465,0.143310546875,-43.48063802719116,0.70918869972229,0.017720535,0.09818526729941368,1232,0.2,-2.3095421290322578,1258.0
79,40448,26,1509,0.9849873185157776,-0.029967247537570074,0.0004092704424510632,-0.03284578025341034,0.263427734375,-43.467870354652405,-0.24634027481079102,0.018690601,0.01659542991546914,1248,0.2,-2.3116904375000003,1258.0
80,40960,27,1510,0.984656810760498,-0.014946482093364466,0.0004092704424510632,0.029109034687280655,0.10888671875,-43.45795774459839,0.7945716381072998,0.012124479,0.1422460323665291,1264,0.2,-2.3116904375000003,1258.0
81,41472,27,1510,0.9843705296516418,-0.02400170755572617,0.0004092704424510632,-0.023190047591924667,0.24609375,-43.45064854621887,-0.7699679136276245,0.019704206,0.006738592739566229,1280,0.2,-2.3116904375000003,1258.0
82,41984,27,1508,0.982429563999176,-0.02168146839539986,0.0004092704424510632,-0.012891842052340508,0.19580078125,-43.41905093193054,0.6420669555664062,0.016651683,0.04437534173484892,1296,0.2,-2.310713272727273,1258.0
83,42496,28,1505,0.982293963432312,-0.023034954487229697,0.0004092704424510632,-0.02879985421895981,0.228515625,-43.3741250038147,0.867469072341919,0.028554037,0.033889593061758205,1312,0.2,-2.310713272727273,1258.0
84,43008,28,1506,0.9813251495361328,-0.02117408864432946,0.0004092704424510632,-0.0271269753575325,0.1978759765625,-43.36804699897766,-1.1269404888153076,0.016078925,0.014449988608248532,1328,0.2,-2.305720294117647,1258.0
85,43520,28,1506,0.9807517528533936,-0.015673525049351156,0.0004092704424510632,-0.000417318195104599,0.072509765625,-43.341068625450134,0.7513079643249512,0.01619009,0.15519520873203874,1344,0.2,-2.305720294117647,1258.0
86,44032,29,1507,0.9808857440948486,-0.02176597635843791,0.0004092704424510632,-0.03350832685828209,0.21533203125,-43.335174322128296,0.2954316735267639,0.013318079,0.00898168666753918,1360,0.2,-2.2995091714285714,1258.0
87,44544,29,1507,0.9807400703430176,-0.017262298380956054,0.0004092704424510632,0.05379066243767738,0.0853271484375,-43.33733856678009,0.8502419590950012,0.013482211,0.20797358080744743,1376,0.2,-2.2995091714285714,1258.0
88,45056,29,1507,0.9801934361457825,-0.024722267015022226,0.0004092704424510632,-0.04121016710996628,0.2171630859375,-43.324721693992615,-1.5193424224853516,0.02096148,0.005633190739899874,1392,0.2,-2.2995091714285714,1258.0
89,45568,30,1508,0.9787518978118896,-0.02972722559934482,0.0004092704424510632,-0.03345305100083351,0.286865234375,-43.29221034049988,0.2936822772026062,0.018808605,0.0027870536141563207,1408,0.2,-2.297204277777778,1258.0
90,46080,30,1508,0.9787764549255371,-0.011747462107450701,0.0004092704424510632,0.008949179202318192,0.0535888671875,-43.25959122180939,0.5686606168746948,0.01190754,0.2314468731638044,1424,0.2,-2.297204277777778,1258.0
91,46592,30,1508,0.9796971082687378,-0.030571936527849175,0.0004092704424510632,-0.031311288475990295,0.289306640625,-43.279295682907104,-0.09582018852233887,0.023261834,0.0029653802012035158,1440,0.2,-2.297187351351351,1258.0
92,47104,31,1507,0.9801338315010071,-0.0199379344121553,0.0004092704424510632,0.026771575212478638,0.102294921875,-43.30055212974548,0.6685562133789062,0.023252286,0.17860137205570936,1456,0.2,-2.297187351351351,1258.0
93,47616,31,1507,0.9795795679092407,-0.01842540974030271,0.0004092704424510632,-0.026177871972322464,0.2037353515625,-43.3016095161438,-1.067124366760254,0.017025601,0.0024965355260064825,1472,0.2,-2.297187351351351,1258.0
94,48128,31,1508,0.9780418872833252,-0.022030173771781847,0.0004092704424510632,-0.024114567786455154,0.1973876953125,-43.267913699150085,0.16339027881622314,0.01701,0.003461822423560079,1488,0.2,-2.2970932368421053,1258.0
95,48640,32,1508,0.9772144556045532,-0.010657801060006022,0.0004092704424510632,0.013681277632713318,0.041259765625,-43.229201912879944,0.47416985034942627,0.0112305675,0.22585408226586878,1504,0.2,-2.2970932368421053,1258.0
96,49152,32,1506,0.9775298237800598,-0.02433681342517957,0.0004092704424510632,-0.03298838809132576,0.2535400390625,-43.21554684638977,0.44645047187805176,0.014810626,0.003223615713068284,1520,0.2,-2.294339769230769,1258.0
97,49664,32,1506,0.9777666926383972,-0.008965062821516767,0.0004092704424510632,0.0663643553853035,0.04052734375,-43.23357331752777,0.7426989078521729,0.0096234195,0.23138709482736886,1536,0.2,-2.294339769230769,1258.0
98,50176,33,1507,0.9763574004173279,-0.03077910517458804,0.0004092704424510632,-0.03372563049197197,0.2728271484375,-43.214529395103455,0.01932281255722046,0.02124191,0.0025310096789326053,1552,0.2,-2.294339769230769,1258.0
99,50688,33,1508,0.9761176705360413,-0.02984970761463046,0.0004092704424510632,-0.039824530482292175,0.2685546875,-43.178252935409546,0.3842982053756714,0.0186733,0.0061561508337035775,1568,0.2,-2.291187825,1258.0
100,51200,33,1509,0.9765058755874634,-0.011726521592208883,0.0004092704424510632,0.018836215138435364,0.0626220703125,-43.18076717853546,0.5516698360443115,0.012637363,0.2565771850058809,1584,0.2,-2.291187825,1258.0
101,51712,34,1510,0.9764540195465088,-0.022270682093221694,0.0004092704424510632,-0.03025028668344021,0.2659912109375,-43.189765214920044,0.24764347076416016,0.020610757,0.010394806042313576,1600,0.2,-2.292414463414634,1258.0
102,52224,34,1510,0.9761511087417603,-0.01054443945758976,0.0004092704424510632,0.05869743973016739,0.0504150390625,-43.17721116542816,0.8187435865402222,0.008013079,0.3234682884067297,1616,0.2,-2.292414463414634,1258.0
103,52736,34,1511,0.9761480093002319,-0.02714071294758469,0.0004092704424510632,-0.03516533970832825,0.2664794921875,-43.17071795463562,0.14922451972961426,0.022335215,0.009620941113098525,1632,0.2,-2.292414463414634,1258.0
104,53248,35,1511,0.9761852622032166,-0.023618354403879493,0.0004092704424510632,-0.026479069143533707,0.207763671875,-43.17119538784027,0.7801905870437622,0.02019725,0.03221173660131171,1648,0.2,-2.2938855238095237,1258.0
105,53760,35,1511,0.9766631722450256,-0.01507865010353271,0.0004092704424510632,0.0040255337953567505,0.0673828125,-43.17849636077881,0.6990286111831665,0.013757931,0.19792921154294163,1664,0.2,-2.2938855238095237,1258.0
106,54272,35,1512,0.9754663705825806,-0.03533371878438629,0.0004092704424510632,-0.03500377759337425,0.3084716796875,-43.17463839054108,-0.11424732208251953,0.02665579,0.018128719151718542,1680,0.2,-2.2943183953488373,1258.0
107,54784,36,1512,0.9750543236732483,-0.017877405996841844,0.0004092704424510632,0.09935255348682404,0.1256103515625,-43.13826012611389,0.8370712995529175,0.012309419,0.29587888484820724,1696,0.2,-2.2943183953488373,1258.0
108,55296,36,1513,0.9756230115890503,-0.024477132923493627,0.0004092704424510632,-0.03829661384224892,0.2188720703125,-43.14284598827362,-0.48959553241729736,0.019336961,0.006285943505645264,1712,0.2,-2.2943183953488373,1258.0
109,55808,36,1514,0.975029468536377,-0.02252962565398775,0.0004092704424510632,-0.02309584617614746,0.2010498046875,-43.14473593235016,0.7330827713012695,0.018037155,0.026369375409558415,1728,0.2,-2.2914065454545454,1258.0
110,56320,37,1514,0.9751533269882202,-0.010636818937200587,0.0004092704424510632,0.004983171820640564,0.0986328125,-43.12859773635864,0.8079667091369629,0.016647825,0.08099063613917679,1744,0.2,-2.2914065454545454,1258.0
111,56832,37,1513,0.9758248329162598,-0.024799946724670008,0.0004092704424510632,-0.02933361940085888,0.237548828125,-43.14442479610443,-1.3854844570159912,0.018207483,0.019208977319067344,1760,0.2,-2.288967177777778,1258.0
112,57344,37,1514,0.9763278961181641,-0.02037274176836945,0.0004092704424510632,0.04937432333827019,0.1466064453125,-43.164098143577576,0.721489429473877,0.019372117,0.22389276372268796,1776,0.2,-2.288967177777778,1258.0
113,57856,38,1513,0.9766637086868286,-0.026729255449026823,0.0004092704424510632,-0.036203328520059586,0.2882080078125,-43.176082611083984,-2.2344810962677,0.027565485,0.0035910354563384317,1792,0.2,-2.288967177777778,1258.0
114,58368,38,1514,0.9761735200881958,-0.016609148937277496,0.0004092704424510632,0.053491465747356415,0.1201171875,-43.17383599281311,0.7214599847793579,0.015895713,0.1750713640358299,1808,0.2,-2.288580065217391,1258.0
115,58880,38,1515,0.9755709767341614,-0.019602913584094495,0.0004092704424510632,-0.019385267049074173,0.2215576171875,-43.15467071533203,0.8809725642204285,0.027090935,0.027497508315718733,1824,0.2,-2.288580065217391,1258.0
116,59392,39,1515,0.9750657081604004,-0.028990957653149962,0.0004092704424510632,-0.032494351267814636,0.258056640625,-43.13704168796539,-0.18682873249053955,0.017469052,0.020220320875523612,1840,0.2,-2.2889801276595745,1258.0
117,59904,39,1514,0.975104570388794,-0.015540913489530794,0.0004092704424510632,0.040729932487010956,0.1019287109375,-43.12960982322693,0.839327335357666,0.01705462,0.1817378152627498,1856,0.2,-2.2889801276595745,1258.0
118,60416,39,1514,0.9758371114730835,-0.025612728524720296,0.0004092704424510632,-0.01560455746948719,0.2318115234375,-43.13845407962799,0.4829254150390625,0.02157452,0.021362298575695604,1872,0.2,-2.2847575416666666,1258.0
119,60928,40,1513,0.976165771484375,-0.0187706702563446,0.0004092704424510632,0.043316565454006195,0.1407470703125,-43.160231828689575,0.8108939528465271,0.017755741,0.20152818225324154,1888,0.2,-2.2847575416666666,1258.0
120,61440,40,1514,0.9774265885353088,-0.03272494379780255,0.0004092704424510632,-0.053983524441719055,0.2791748046875,-43.17822563648224,-1.966221809387207,0.020156063,0.003466381513135275,1904,0.2,-2.2847575416666666,1258.0
121,61952,40,1514,0.978522539138794,-0.02118378071463667,0.0004092704424510632,-0.029294507578015327,0.182861328125,-43.21829402446747,-0.11452305316925049,0.011933347,0.0027861608177772723,1920,0.2,-2.286539448979592,1258.0
122,62464,41,1514,0.9785071611404419,-0.01106952445115894,0.0004092704424510632,0.18269234895706177,0.0428466796875,-43.23703622817993,0.43502992391586304,0.009596233,0.48987303860485554,1936,0.2,-2.286539448979592,1258.0
123,62976,41,1514,0.9787541031837463,-0.028258490725420415,0.0004092704424510632,-0.029617000371217728,0.2657470703125,-43.236361026763916,0.5038354396820068,0.019366398,0.0074999436910729855,1952,0.2,-2.28847406,1258.0
124,63488,41,1513,0.9790151715278625,-0.017104289057897404,0.0004092704424510632,0.04170020669698715,0.08154296875,-43.247748136520386,0.8127866983413696,0.015327429,0.25378663558512926,1968,0.2,-2.28847406,1258.0
125,64000,42,1513,0.980498194694519,-0.026302148326067254,0.0004092704424510632,-0.042874034494161606,0.23095703125,-43.26612150669098,-0.17430460453033447,0.01679365,0.00358368538581999,1984,0.2,-2.28847406,1258.0
126,64512,42,1512,0.9802824258804321,-0.029378735009231605,0.0004092704424510632,-0.047168806195259094,0.27099609375,-43.30191385746002,0.20103240013122559,0.026468165,0.004475026584259467,2000,0.2,-2.2854876078431374,1258.0
127,65024,43,1511,0.9802137613296509,-0.005695675004972145,0.0004092704424510632,0.17015472054481506,0.033203125,-43.28591799736023,0.36068207025527954,0.0073932,0.530990426428616,2016,0.2,-2.2854876078431374,1258.0
128,65536,43,1512,0.9786597490310669,-0.024546224012738094,0.0004092704424510632,-0.038690004497766495,0.2254638671875,-43.27057957649231,-0.670495867729187,0.016336821,0.0072181708019343205,2032,0.2,-2.2833375,1258.0
129,66048,43,1512,0.9775081872940063,-0.01637734132236801,0.0004092704424510632,0.030472401529550552,0.0975341796875,-43.22365117073059,0.784488320350647,0.019365292,0.2335238812956959,2048,0.2,-2.2833375,1258.0
130,66560,44,1511,0.9754338264465332,-0.02949104260187596,0.0004092704424510632,-0.041881218552589417,0.2679443359375,-43.174890875816345,0.16214406490325928,0.021091964,0.003019397205207497,2064,0.2,-2.2833375,1258.0
131,67072,44,1510,0.9762808680534363,-0.024665330915013328,0.0004092704424510632,-0.02153811976313591,0.2144775390625,-43.14566123485565,0.8436351418495178,0.016748354,0.02481907542096451,2080,0.2,-2.286907037735849,1258.0
132,67584,44,1510,0.9758703708648682,-0.009028476124512963,0.0004092704424510632,0.02054719813168049,0.0406494140625,-43.168262243270874,0.6628016233444214,0.010331858,0.2699717852519825,2096,0.2,-2.286907037735849,1258.0
133,68096,45,1510,0.9739652872085571,-0.025550530022883322,0.0004092704424510632,-0.025473788380622864,0.290283203125,-43.1282502412796,0.5259170532226562,0.020463724,0.024229558533988893,2112,0.2,-2.2877763703703704,1258.0
134,68608,45,1509,0.9734340906143188,-0.01115635699534323,0.0004092704424510632,0.027418743818998337,0.0682373046875,-43.07866036891937,0.8111986517906189,0.012331686,0.2554861349053681,2128,0.2,-2.2877763703703704,1258.0
135,69120,45,1508,0.9748692512512207,-0.02302419053739868,0.0004092704424510632,-0.03427071496844292,0.20361328125,-43.095298409461975,0.20396935939788818,0.017370861,0.005419548382633366,2144,0.2,-2.2877763703703704,1258.0
136,69632,46,1508,0.9731093645095825,-0.022608338709687814,0.0004092704424510632,-0.019808880984783173,0.213134765625,-43.096542835235596,0.8825942873954773,0.016154112,0.03050216968404129,2160,0.2,-2.2885836545454548,1258.0
137,70144,46,1508,0.9723666906356812,-0.013969764637295157,0.0004092704424510632,0.008684029802680016,0.09619140625,-43.04428470134735,0.6078755855560303,0.014561455,0.23566650180146098,2176,0.2,-2.2885836545454548,1258.0
138,70656,46,1509,0.9735687971115112,-0.02393646641576197,0.0004092704424510632,-0.0355081632733345,0.260498046875,-43.04913628101349,-0.4214794635772705,0.024790306,0.007806809910107404,2192,0.2,-2.289445232142857,1258.0
139,71168,47,1509,0.9740287065505981,-0.015927599350106902,0.0004092704424510632,0.023977424949407578,0.0643310546875,-43.082550048828125,0.7461891174316406,0.011110393,0.2791291147004813,2208,0.2,-2.289445232142857,1258.0
140,71680,47,1510,0.9739184379577637,-0.02467094748863019,0.0004092704424510632,-0.043181292712688446,0.249267578125,-43.086297035217285,-0.30310797691345215,0.020003624,0.0039009654574329033,2224,0.2,-2.289445232142857,1258.0
141,72192,47,1510,0.9723672270774841,-0.025187348044710234,0.0004092704424510632,-0.00441979244351387,0.2318115234375,-43.06448519229889,0.8694362640380859,0.02513124,0.06929496477823704,2240,0.2,-2.287705,1258.0
142,72704,48,1510,0.9723846912384033,-0.025951057381462306,0.0004092704424510632,-0.038206763565540314,0.25732421875,-43.02877116203308,0.8922033905982971,0.024839012,0.02700206574809272,2256,0.2,-2.287705,1258.0
143,73216,48,1511,0.9729375243186951,-0.021900552106671967,0.0004092704424510632,-0.03178282082080841,0.2265625,-43.04425609111786,-0.7137480974197388,0.014315242,0.00972691063361708,2272,0.2,-2.2879931379310343,1258.0
144,73728,48,1510,0.9730129837989807,-0.010249388695228845,0.0004092704424510632,0.018817272037267685,0.0743408203125,-43.0521205663681,0.7778996825218201,0.0136130955,0.21573957591317594,2288,0.2,-2.2879931379310343,1258.0
145,74240,49,1509,0.9715574383735657,-0.02130941516952589,0.0004092704424510632,-0.028959037736058235,0.2388916015625,-43.03322458267212,0.5045521259307861,0.01767359,0.010062303059385158,2304,0.2,-2.2880820169491525,1258.0
146,74752,49,1509,0.9709584712982178,-0.016152551921550184,0.0004092704424510632,0.048138197511434555,0.066162109375,-42.98873746395111,0.8275890350341797,0.013310561,0.28079432155936956,2320,0.2,-2.2880820169491525,1258.0
147,75264,49,1510,0.9717411994934082,-0.020801270627998747,0.0004092704424510632,-0.027346303686499596,0.2490234375,-42.989670276641846,-1.6419153213500977,0.020031037,0.002533232436690014,2336,0.2,-2.2880820169491525,1258.0
1,75776,0,3821,0.9743406176567078,-0.02460886217886582,0.0004092704424510632,-0.04318694770336151,0.2357177734375,-43.03764772415161,0.3198643922805786,0.018875424,0.002569983058492653,2352,0.2,-2.2884488333333333,1258.0
2,76288,0,2192,0.9751796126365662,-0.007459513144567609,0.0004092704424510632,0.03599542751908302,0.02099609375,-43.0967561006546,0.31317687034606934,0.0070564826,0.5634518880397081,2368,0.2,-2.2884488333333333,1258.0
3,76800,0,1942,0.9773390293121338,-0.023435872863046825,0.0004092704424510632,-0.04162903130054474,0.2388916015625,-43.1281236410141,0.4823375940322876,0.017638402,0.003345951743540354,2384,0.2,-2.2900154918032785,1258.0
4,77312,1,1681,0.9782542586326599,-0.015241460292600095,0.0004092704424510632,0.06687253713607788,0.0797119140625,-43.17946982383728,0.3569257855415344,0.013136753,0.547229397110641,2400,0.2,-2.2900154918032785,1258.0
5,77824,1,1636,0.9798831939697266,-0.019843213754938915,0.0004092704424510632,-0.02378600835800171,0.21435546875,-43.21137893199921,-0.051776885986328125,0.016217144,0.0027560712878766935,2416,0.2,-2.2900154918032785,1258.0
6,78336,1,1606,0.9808316230773926,-0.024684489777428098,0.0004092704424510632,-0.039673153311014175,0.2166748046875,-43.254780888557434,0.292638897895813,0.019325517,0.004426002182299271,2432,0.2,-2.291172677419355,1258.0
7,78848,2,1574,0.9808226823806763,-0.010767474392196164,0.0004092704424510632,0.07884801924228668,0.037353515625,-43.263434648513794,0.42165690660476685,0.010563257,0.5098028215579689,2448,0.2,-2.291172677419355,1258.0
8,79360,2,1568,0.9800814390182495,-0.03808488234062679,0.0004092704424510632,-0.046801842749118805,0.289306640625,-43.25090050697327,-0.17352676391601562,0.026821364,0.0025643297376518603,2464,0.2,-2.291769476190476,1258.0
9,79872,3,1533,0.9797825813293457,-0.0073298321512993425,0.0004092704424510632,0.23709173500537872,0.028076171875,-43.22784161567688,0.5771958827972412,0.0076430016,0.7732576844282448,2480,0.2,-2.291769476190476,1258.0
10,80384,3,1533,0.9795622229576111,-0.024973443505587056,0.0004092704424510632,-0.02946961484849453,0.251953125,-43.22262978553772,-0.4973951578140259,0.014280578,0.0022899431933183223,2496,0.2,-2.291769476190476,1258.0
11,80896,3,1516,0.9810782670974731,-0.029444803498336114,0.0004092704424510632,-0.040043801069259644,0.30615234375,-43.23569858074188,0.7492377758026123,0.02119353,0.004337455779023003,2512,0.2,-2.2938156875000004,1258.0
12,81408,4,1505,0.9815272688865662,-0.010537510839640163,0.0004092704424510632,0.02517661824822426,0.0594482421875,-43.26964557170868,0.4264404773712158,0.012803286,0.5165139576420188,2528,0.2,-2.2938156875000004,1258.0
13,81920,4,1484,0.9822925329208374,-0.020197989913867787,0.0004092704424510632,-0.02945154532790184,0.2244873046875,-43.28297173976898,0.36154884099960327,0.01565244,0.006886779287015088,2544,0.2,-2.2940014923076926,1258.0
14,82432,4,1481,0.9825156331062317,-0.012110166615457274,0.0004092704424510632,0.048574525862932205,0.068603515625,-43.30026829242706,0.7417552471160889,0.015759282,0.31804982270114124,2560,0.2,-2.2940014923076926,1258.0
15,82944,5,1476,0.9824191927909851,-0.026792860226123594,0.0004092704424510632,-0.04157723858952522,0.261474609375,-43.29590892791748,0.25750529766082764,0.015492281,0.0047230378913809545,2576,0.2,-2.2940014923076926,1258.0
16,83456,5,1480,0.9812695980072021,-0.024260649282950908,0.0004092704424510632,-0.0008096657693386078,0.22021484375,-43.28565156459808,0.8831120729446411,0.01917874,0.048700112965889275,2592,0.2,-2.2937105303030307,1258.0
17,83968,5,1481,0.9808164238929749,-0.01791077527741436,0.0004092704424510632,-0.004640074446797371,0.09326171875,-43.25230133533478,0.7915538549423218,0.018018613,0.20079097908455878,2608,0.2,-2.2937105303030307,1258.0
18,84480,6,1482,0.9824422001838684,-0.027641807289910503,0.0004092704424510632,-0.03433148190379143,0.24658203125,-43.27044951915741,0.4095327854156494,0.017624766,0.012560028495499864,2624,0.2,-2.294952059701493,1258.0
19,84992,6,1475,0.9826743602752686,-0.012301804046728648,0.0004092704424510632,0.05054523050785065,0.04248046875,-43.31265735626221,0.7987910509109497,0.009536903,0.3465410440694541,2640,0.2,-2.294952059701493,1258.0
20,85504,6,1479,0.983001708984375,-0.023721297446172684,0.0004092704424510632,-0.036481551826000214,0.225830078125,-43.31630253791809,-0.22956597805023193,0.018361602,0.004700204102846328,2656,0.2,-2.294952059701493,1258.0
21,86016,7,1481,0.9827771782875061,-0.02541264332830906,0.0004092704424510632,-0.012695398181676865,0.2474365234375,-43.31868755817413,0.8987730741500854,0.01757617,0.03523734596092254,2672,0.2,-2.298469941176471,1258.0
22,86528,7,1475,0.9829420447349548,-0.020709367425297387,0.0004092704424510632,-0.02474121004343033,0.1260986328125,-43.313750863075256,0.5424745082855225,0.023778949,0.28731986635830253,2688,0.2,-2.298469941176471,1258.0
23,87040,7,1479,0.9815922975540161,-0.017537087464006618,0.0004092704424510632,-0.028585586696863174,0.1883544921875,-43.306710839271545,-0.17788493633270264,0.013059534,0.007736347557511181,2704,0.2,-2.2988884202898556,1258.0
24,87552,8,1484,0.9807665348052979,-0.012045729956298601,0.0004092704424510632,0.0842641070485115,0.056396484375,-43.2572740316391,0.6227998733520508,0.012575282,0.48200583877041936,2720,0.2,-2.2988884202898556,1258.0
25,88064,8,1483,0.9813764691352844,-0.02399085767683573,0.0004092704424510632,-0.03121999092400074,0.235595703125,-43.248786091804504,-0.17039406299591064,0.01578052,0.0036159219780529384,2736,0.2,-2.300255485714286,1258.0
26,88576,8,1482,0.9819044470787048,-0.010926002287305892,0.0004092704424510632,0.04670809954404831,0.0338134765625,-43.2695187330246,0.7082582712173462,0.009256344,0.4589017787948251,2752,0.2,-2.300255485714286,1258.0
27,89088,9,1480,0.9804730415344238,-0.020673871913459152,0.0004092704424510632,-0.03451952710747719,0.2193603515625,-43.25629234313965,-0.5351797342300415,0.015416395,0.0029669167051906697,2768,0.2,-2.300255485714286,1258.0
28,89600,9,1482,0.9798964262008667,-0.02220039558596909,0.0004092704424510632,-0.0322391539812088,0.2403564453125,-43.21821618080139,0.239274263381958,0.015515256,0.002571541477664141,2784,0.2,-2.2992895633802823,1258.0
29,90112,9,1484,0.9794824123382568,-0.011039788791094907,0.0004092704424510632,0.044021956622600555,0.0587158203125,-43.204450607299805,0.4176850914955139,0.010008681,0.6649753577075899,2800,0.2,-2.2992895633802823,1258.0
30,90624,10,1482,0.9790137410163879,-0.024546663189539686,0.0004092704424510632,-0.030728183686733246,0.259033203125,-43.18454051017761,-0.05838620662689209,0.019002832,0.003029915205843281,2816,0.2,-2.300253277777778,1258.0
31,91136,10,1473,0.9789474606513977,-0.007021728772087954,0.0004092704424510632,0.08277937769889832,0.0238037109375,-43.17045485973358,0.7463982105255127,0.0099559715,0.5033358307555318,2832,0.2,-2.300253277777778,1258.0
32,91648,11,1474,0.9763681292533875,-0.02708452304068487,0.0004092704424510632,-0.04679902270436287,0.2596435546875,-43.13291323184967,-2.001192808151245,0.022672703,0.0021196896050241776,2848,0.2,-2.300253277777778,1258.0
33,92160,11,1476,0.9763782024383545,-0.030228264891775325,0.0004092704424510632,-0.032538700848817825,0.320556640625,-43.085771441459656,0.6225128769874573,0.029191481,0.008171881214366294,2864,0.2,-2.2999589178082194,1258.0
34,92672,11,1478,0.9764164686203003,-0.009183638336253352,0.0004092704424510632,0.06818826496601105,0.0748291015625,-43.08837878704071,0.6531922221183777,0.012571119,0.560580147895962,2880,0.2,-2.2999589178082194,1258.0
35,93184,12,1477,0.9775774478912354,-0.026473028054169845,0.0004092704424510632,-0.04024720937013626,0.30419921875,-43.10617136955261,0.6129107475280762,0.023048319,0.010654281708411872,2896,0.2,-2.298847702702703,1258.0
36,93696,12,1478,0.978122353553772,-0.014234540409233887,0.0004092704424510632,0.09744328260421753,0.07373046875,-43.1377876996994,0.808685302734375,0.008921074,0.4775368529371917,2912,0.2,-2.298847702702703,1258.0
37,94208,12,1476,0.9791102409362793,-0.02757478335115593,0.0004092704424510632,-0.042775675654411316,0.25341796875,-43.1582145690918,0.2850223183631897,0.018905867,0.0036206147851771675,2928,0.2,-2.298847702702703,1258.0
38,94720,13,1479,0.9778699278831482,-0.028224389752722345,0.0004092704424510632,-0.010699491947889328,0.3187255859375,-43.161092042922974,0.803844690322876,0.027732909,0.04621970478910953,2944,0.2,-2.3000715333333335,1258.0
39,95232,13,1480,0.9777984023094177,-0.01019526026720996,0.0004092704424510632,0.024448484182357788,0.0440673828125,-43.131016969680786,0.5717763900756836,0.017542873,0.5753344958648086,2960,0.2,-2.3000715333333335,1258.0
40,95744,13,1481,0.9785954356193542,-0.029084888999932446,0.0004092704424510632,-0.025204824283719063,0.278564453125,-43.14635491371155,0.48145151138305664,0.018423501,0.020695176091976464,2976,0.2,-2.296331355263158,1258.0
41,96256,14,1484,0.9787842631340027,-0.010867902761674486,0.0004092704424510632,0.04823286458849907,0.0479736328125,-43.15595841407776,0.8213052153587341,0.00807025,0.48953650146722794,2992,0.2,-2.296331355263158,1258.0
42,96768,14,1480,0.9800150990486145,-0.0306625620869454,0.0004092704424510632,-0.04313535615801811,0.293701171875,-43.169914960861206,0.5119472742080688,0.02595641,0.017571321164723486,3008,0.2,-2.296331355263158,1258.0
43,97280,14,1479,0.9803825616836548,-0.021971213645883836,0.0004092704424510632,0.015185263007879257,0.21875,-43.20360887050629,0.8577561974525452,0.02180005,0.11702801915816963,3024,0.2,-2.29631825974026,1258.0
44,97792,15,1479,0.9797765016555786,-0.012208788146381266,0.0004092704424510632,-0.005695683881640434,0.034423828125,-43.19851839542389,0.815625011920929,0.0105601195,0.33501655142754316,3040,0.2,-2.29631825974026,1258.0
45,98304,15,1479,0.9775429368019104,-0.025385982735315338,0.0004092704424510632,-0.02180333063006401,0.233642578125,-43.151357769966125,0.5140789747238159,0.020131297,0.027417935139965266,3056,0.2,-2.298890384615385,1258.0
46,98816,15,1478,0.9766035676002502,-0.014420191204408184,0.0004092704424510632,0.10388188064098358,0.0848388671875,-43.090930581092834,0.8794466853141785,0.015413793,0.34906653361395,3072,0.2,-2.298890384615385,1258.0
47,99328,16,1479,0.9782105684280396,-0.026548048495897092,0.0004092704424510632,-0.036257848143577576,0.2474365234375,-43.098002910614014,0.19116103649139404,0.017988417,0.011580818885704502,3088,0.2,-2.298890384615385,1258.0
48,99840,16,1481,0.9787396192550659,-0.015815302918781526,0.0004092704424510632,0.04383323714137077,0.1099853515625,-43.145702719688416,0.9217349886894226,0.014743336,0.14533906825818121,3104,0.2,-2.300031291139241,1258.0
49,100352,16,1482,0.9784972667694092,-0.019770451064687222,0.0004092704424510632,-0.018621228635311127,0.199951171875,-43.14701330661774,0.88262939453125,0.022759754,0.09586062564630993,3120,0.2,-2.300031291139241,1258.0
50,100864,17,1483,0.9780097603797913,-0.02188696077791974,0.0004092704424510632,-0.01752927526831627,0.2242431640625,-43.13902401924133,-0.6792290210723877,0.017507458,0.03253659326583147,3136,0.2,-2.3011259625,1258.0
51,101376,17,1483,0.9779340624809265,-0.011506882234243676,0.0004092704424510632,0.20465274155139923,0.0450439453125,-43.13301658630371,0.8785079121589661,0.010095791,0.39101088838651776,3152,0.2,-2.3011259625,1258.0
52,101888,17,1483,0.9744386076927185,-0.02546779823023826,0.0004092704424510632,-0.03286470100283623,0.2327880859375,-43.08605694770813,0.013539016246795654,0.017953642,0.004147523737628944,3168,0.2,-2.3011259625,1258.0
53,102400,18,1481,0.9736910462379456,-0.00865272585360799,0.0004092704424510632,0.1223372146487236,0.0892333984375,-43.000672459602356,0.8791096210479736,0.009131409,0.37447520112618804,3184,0.2,-2.30099575308642,1258.0
54,102912,18,1482,0.9733002185821533,-0.024763989727944136,0.0004092704424510632,-0.031232569366693497,0.3165283203125,-42.991848945617676,0.9722369313240051,0.030728023,0.01648158011084888,3200,0.2,-2.30099575308642,1258.0
55,103424,19,1481,0.9729006886482239,-0.02273009302734863,0.0004092704424510632,-0.025550631806254387,0.2232666015625,-42.963130474090576,0.4550698399543762,0.016015032,0.01041369148879312,3216,0.2,-2.300597036585366,1258.0
56,103936,19,1480,0.9728336930274963,-0.010736100157373585,0.0004092704424510632,0.032515089958906174,0.0513916015625,-42.95189332962036,0.7825914025306702,0.008821979,0.37543673580512404,3232,0.2,-2.300597036585366,1258.0
57,104448,19,1481,0.9726495146751404,-0.028022222366416827,0.0004092704424510632,-0.023800373077392578,0.2974853515625,-42.94909346103668,0.3213014006614685,0.026065096,0.017513684841105714,3248,0.2,-2.3008054698795184,1258.0
58,104960,20,1482,0.9723641872406006,-0.004619409042788902,0.0004092704424510632,0.15576253831386566,0.0076904296875,-42.93369781970978,0.8436844348907471,0.004404208,0.4025689107365906,3264,0.2,-2.3008054698795184,1258.0
59,105472,20,1484,0.9728593230247498,-0.026539366153883748,0.0004092704424510632,-0.03711222857236862,0.2486572265625,-42.93241322040558,-1.491974115371704,0.020392984,0.006578451822861098,3280,0.2,-2.3008054698795184,1258.0
60,105984,20,1482,0.9732986092567444,-0.026740497385617346,0.0004092704424510632,-0.01896878331899643,0.2413330078125,-42.9476854801178,0.5964834690093994,0.020214707,0.03569844795856625,3296,0.2,-2.301417738095238,1258.0
61,106496,21,1485,0.973355233669281,-0.006828232813859358,0.0004092704424510632,0.029382478445768356,0.010009765625,-42.94756639003754,0.7883254885673523,0.0064467834,0.42049656598828733,3312,0.2,-2.301417738095238,1258.0
62,107008,21,1486,0.9714845418930054,-0.029864450785680674,0.0004092704424510632,-0.03774674981832504,0.281982421875,-42.920687675476074,0.6855016946792603,0.020582672,0.02259024977684021,3328,0.2,-2.301608623529412,1258.0
63,107520,21,1488,0.9707238078117371,-0.00925426380126737,0.0004092704424510632,0.06229864060878754,0.0362548828125,-42.86622512340546,0.8413654565811157,0.009947358,0.34595328057184815,3344,0.2,-2.301608623529412,1258.0
64,108032,22,1489,0.9721232056617737,-0.028341459881630726,0.0004092704424510632,-0.03949388861656189,0.27978515625,-42.876654744148254,0.0693541169166565,0.01976244,0.0037354534943006,3360,0.2,-2.301608623529412,1258.0
65,108544,22,1488,0.9731405973434448,-0.019227490964112803,0.0004092704424510632,0.0031236670911312103,0.170166015625,-42.92560422420502,0.8132914304733276,0.018624254,0.06356122915167361,3376,0.2,-2.3012082790697677,1258.0
66,109056,22,1486,0.9731429219245911,-0.012564969547383953,0.0004092704424510632,0.02615686133503914,0.0338134765625,-42.944899916648865,0.7578032612800598,0.009692941,0.4221174684353173,3392,0.2,-2.3012082790697677,1258.0
67,109568,23,1487,0.9721112847328186,-0.02684859052533284,0.0004092704424510632,-0.024798324331641197,0.2703857421875,-42.92918801307678,0.32281267642974854,0.021683278,0.016770083835581318,3408,0.2,-2.2995857126436783,1258.0
68,110080,23,1486,0.9717714190483093,-0.0050656655948841944,0.0004092704424510632,0.08091630786657333,0.009765625,-42.90914964675903,0.6841205358505249,0.0058613773,0.5498130060732365,3424,0.2,-2.2995857126436783,1258.0
69,110592,23,1486,0.9720639586448669,-0.027236529684159905,0.0004092704424510632,-0.0356573760509491,0.255615234375,-42.90550148487091,0.3479662537574768,0.017723227,0.004273491656931583,3440,0.2,-2.2995857126436783,1258.0
70,111104,24,1488,0.9732926487922668,-0.01860449110972695,0.0004092704424510632,-0.018244668841362,0.18408203125,-42.92694294452667,0.8529679179191589,0.020785145,0.05971743748523295,3456,0.2,-2.300886647727273,1258.0
71,111616,24,1487,0.9739908576011658,-0.01341780656366609,0.0004092704424510632,0.04280073568224907,0.0577392578125,-42.970874667167664,0.6793261170387268,0.015251972,0.5080879061715677,3472,0.2,-2.300886647727273,1258.0
72,112128,24,1487,0.974049985408783,-0.01885368171497248,0.0004092704424510632,0.0015513524413108826,0.1904296875,-42.984360575675964,0.46409082412719727,0.01833562,0.04543361102696508,3488,0.2,-2.3009756516853934,1258.0
73,112640,25,1488,0.9745513796806335,-0.011554494762094691,0.0004092704424510632,0.03934358432888985,0.03857421875,-42.99609696865082,0.7463240027427673,0.010784663,0.39659322262741625,3504,0.2,-2.3009756516853934,1258.0
74,113152,25,1487,0.976012647151947,-0.02956698671914637,0.0004092704424510632,-0.03449931740760803,0.28857421875,-43.02264654636383,0.4951171278953552,0.021676246,0.01765793585218489,3520,0.2,-2.3009756516853934,1258.0
75,113664,25,1486,0.9763426184654236,-0.023981170874321833,0.0004092704424510632,-0.003985662013292313,0.2703857421875,-43.05522382259369,0.9106901288032532,0.024353288,0.10526017658412457,3536,0.2,-2.3020307000000004,1258.0
76,114176,26,1487,0.9762822985649109,-0.01529842836316675,0.0004092704424510632,-0.016734976321458817,0.09521484375,-43.05598962306976,0.818427324295044,0.014917679,0.17904892103979364,3552,0.2,-2.3020307000000004,1258.0
77,114688,26,1488,0.9781399965286255,-0.02593930158764124,0.0004092704424510632,-0.03673858195543289,0.26806640625,-43.076170802116394,0.07158660888671875,0.020041145,0.02086459007114172,3568,0.2,-2.3017044725274727,1258.0
78,115200,26,1488,0.9789472222328186,-0.015301830309908837,0.0004092704424510632,0.08938494324684143,0.11767578125,-43.13416039943695,0.8478109836578369,0.016945263,0.33261606376618147,3584,0.2,-2.3017044725274727,1258.0
79,115712,27,1489,0.9786368608474731,-0.029440722020808607,0.0004092704424510632,-0.02278720773756504,0.2733154296875,-43.13528537750244,0.5603185296058655,0.018838575,0.005528126406716183,3600,0.2,-2.3017044725274727,1258.0
80,116224,27,1488,0.9789646863937378,-0.006872938873129897,0.0004092704424510632,0.049106165766716,0.0341796875,-43.136149883270264,0.9090281128883362,0.008820188,0.2212449787184596,3616,0.2,-2.3011297608695656,1258.0
81,116736,27,1489,0.9776527285575867,-0.029651715565705672,0.0004092704424510632,-0.04134531319141388,0.3421630859375,-43.12917196750641,0.9877175688743591,0.03629873,0.012485458748415112,3632,0.2,-2.3011297608695656,1258.0
82,117248,28,1490,0.9773475527763367,-0.026559561250905972,0.0004092704424510632,-0.03904319554567337,0.267333984375,-43.09778296947479,0.6491585969924927,0.02379366,0.01958835282130167,3648,0.2,-2.3018005806451614,1258.0
83,117760,28,1490,0.9773707985877991,-0.012192820431664586,0.0004092704424510632,0.027979739010334015,0.069580078125,-43.10067701339722,0.8455367088317871,0.012221807,0.3156136136967689,3664,0.2,-2.3018005806451614,1258.0
84,118272,28,1488,0.9785028100013733,-0.02447309868875891,0.0004092704424510632,-0.021773001179099083,0.2567138671875,-43.1155469417572,0.6120690107345581,0.01836358,0.015018062782473862,3680,0.2,-2.3035310851063833,1258.0
85,118784,29,1489,0.9785893559455872,-0.003607128805015236,0.0004092704424510632,0.06249937787652016,0.0408935546875,-43.13574981689453,0.8631891012191772,0.0071665156,0.34164427127689123,3696,0.2,-2.3035310851063833,1258.0
86,119296,29,1488,0.9783992171287537,-0.02208501637505833,0.0004092704424510632,-0.024953484535217285,0.24267578125,-43.12787067890167,-1.2399885654449463,0.016345669,0.003513258292514365,3712,0.2,-2.3035310851063833,1258.0
87,119808,29,1488,0.9789133667945862,-0.030982241776655428,0.0004092704424510632,-0.03851493448019028,0.2752685546875,-43.126437187194824,0.5811034440994263,0.020478163,0.002768107646261342,3728,0.2,-2.3046240842105266,1258.0
88,120320,30,1487,0.9785695672035217,-0.00589522928930819,0.0004092704424510632,0.08476416766643524,0.023681640625,-43.123942852020264,0.6254972219467163,0.007208368,0.458859546110034,3744,0.2,-2.3046240842105266,1258.0
89,120832,30,1488,0.9789011478424072,-0.02850283434963785,0.0004092704424510632,-0.03283657506108284,0.2635498046875,-43.1108740568161,0.3629923462867737,0.016750917,0.003227612192858942,3760,0.2,-2.30451934375,1258.0
90,121344,30,1488,0.9788704514503479,-0.008142282051267102,0.0004092704424510632,0.07382643222808838,0.01708984375,-43.118041038513184,0.8064552545547485,0.0077577266,0.4680515993386507,3776,0.2,-2.30451934375,1258.0
91,121856,31,1489,0.978441059589386,-0.02490824062260799,0.0004092704424510632,-0.03833390772342682,0.204345703125,-43.097105860710144,0.21840453147888184,0.015526159,0.003878869378240779,3792,0.2,-2.30451934375,1258.0
92,122368,31,1488,0.9777219891548157,-0.02171069879841525,0.0004092704424510632,-0.007502660155296326,0.20166015625,-43.07521462440491,0.8420764207839966,0.019884508,0.05164589383639395,3808,0.2,-2.305253402061856,1258.0
93,122880,31,1489,0.9772084355354309,-0.00876995746511966,0.0004092704424510632,0.03192674368619919,0.022216796875,-43.053394079208374,0.7814472317695618,0.009821849,0.40213742852211,3824,0.2,-2.305253402061856,1258.0
94,123392,32,1490,0.978348970413208,-0.024645690093166195,0.0004092704424510632,-0.03428298234939575,0.2657470703125,-43.05562198162079,0.2116648554801941,0.019482894,0.013172102102544159,3840,0.2,-2.30604337755102,1258.0
95,123904,32,1490,0.9785822033882141,-0.007956360088428482,0.0004092704424510632,0.04397225379943848,0.0396728515625,-43.08726215362549,0.8739635944366455,0.011057457,0.4165312657132745,3856,0.2,-2.30604337755102,1258.0
96,124416,32,1491,0.9775394797325134,-0.03127729152038228,0.0004092704424510632,-0.04660126566886902,0.26904296875,-43.075058698654175,0.15593844652175903,0.018949786,0.0026840872124012094,3872,0.2,-2.30604337755102,1258.0
97,124928,33,1492,0.9778531193733215,-0.018321891446248628,0.0004092704424510632,0.02534813992679119,0.152099609375,-43.051600098609924,0.8714386224746704,0.021643668,0.08416045678313822,3888,0.2,-2.305851,1258.0
98,125440,33,1493,0.9776855111122131,-0.01514979000785388,0.0004092704424510632,-1.5981495380401611e-06,0.072509765625,-43.05929398536682,0.797317624092102,0.013748373,0.2992744888179004,3904,0.2,-2.305851,1258.0
99,125952,33,1495,0.9792516231536865,-0.027580886031500995,0.0004092704424510632,-0.02788218855857849,0.265625,-43.069281458854675,0.5641655921936035,0.019090686,0.017472049774369225,3920,0.2,-2.3051733,1258.0
100,126464,34,1495,0.9798670411109924,-0.013578721875092015,0.0004092704424510632,0.04436713829636574,0.0592041015625,-43.119248151779175,0.8680103421211243,0.016731706,0.3502489279489964,3936,0.2,-2.3051733,1258.0
101,126976,34,1495,0.9795169830322266,-0.025803314667427912,0.0004092704424510632,-0.03404178470373154,0.258544921875,-43.11599946022034,0.5076590776443481,0.021408785,0.007986573327798396,3952,0.2,-2.3051733,1258.0
102,127488,34,1496,0.9794746041297913,-0.019933832169044763,0.0004092704424510632,0.016865231096744537,0.209716796875,-43.1053729057312,0.9280394911766052,0.016791988,0.13149243709631264,3968,0.2,-2.30416788,1258.0
103,128000,35,1497,0.9786596894264221,-0.017777260436560027,0.0004092704424510632,-0.021254712715744972,0.13037109375,-43.09545588493347,0.9298849105834961,0.01928585,0.09801688103470951,3984,0.2,-2.30416788,1258.0
104,128512,35,1496,0.9763527512550354,-0.02780260902363807,0.0004092704424510632,-0.012825274839997292,0.245849609375,-43.0405775308609,0.6615378856658936,0.020625725,0.0508693577721715,4000,0.2,-2.3036898500000005,1258.0
105,129024,35,1496,0.9753118753433228,-0.008524190110620111,0.0004092704424510632,0.043909527361392975,0.07080078125,-42.982473731040955,0.9185453653335571,0.01551211,0.2574378433637321,4016,0.2,-2.3036898500000005,1258.0
106,129536,36,1497,0.9746142625808716,-0.026141575508518144,0.0004092704424510632,-0.028085723519325256,0.2110595703125,-42.94887328147888,0.24304932355880737,0.014228286,0.01764179876772687,4032,0.2,-2.3036898500000005,1258.0
107,130048,36,1496,0.9743887186050415,-0.020646889592171647,0.0004092704424510632,0.06925202906131744,0.134521484375,-42.91959464550018,0.9421694278717041,0.01774913,0.2082305485382676,4048,0.2,-2.30422865,1258.0
108,130560,36,1496,0.9740260243415833,-0.026559342237305827,0.0004092704424510632,-0.028631433844566345,0.3466796875,-42.907957434654236,0.9862373471260071,0.03854622,0.02158320101443678,4064,0.2,-2.30422865,1258.0
109,131072,37,1496,0.9743579626083374,-0.018842989913537167,0.0004092704424510632,0.006123747676610947,0.16748046875,-42.90916454792023,0.6311829686164856,0.020569555,0.09302098979242146,4080,0.2,-2.30421881,1258.0
110,131584,37,1496,0.9745547771453857,-0.013694946523173712,0.0004092704424510632,0.020165231078863144,0.0435791015625,-42.91827630996704,0.8725577592849731,0.011757207,0.3241270035505295,4096,0.2,-2.30421881,1258.0
111,132096,38,1494,0.9751085042953491,-0.02253191519412212,0.0004092704424510632,0.014602918177843094,0.20849609375,-42.92554819583893,0.700066089630127,0.021125,0.10823127790354192,4112,0.2,-2.30344552,1258.0
112,132608,38,1493,0.9751843810081482,-0.010300819340045564,0.0004092704424510632,0.06446398049592972,0.0506591796875,-42.94012188911438,0.9080180525779724,0.011932271,0.2509178537875414,4128,0.2,-2.30344552,1258.0
113,133120,38,1494,0.974597692489624,-0.02583848538051825,0.0004092704424510632,-0.03736037015914917,0.2567138671875,-42.92966616153717,-2.393758773803711,0.02005901,0.013589034089818597,4144,0.2,-2.30344552,1258.0
114,133632,39,1494,0.9757498502731323,-0.02033608953934163,0.0004092704424510632,-0.042607441544532776,0.1986083984375,-42.93169593811035,0.6768451929092407,0.011478754,0.006309727672487497,4160,0.2,-2.30223881,1258.0
115,134144,39,1494,0.9764180183410645,-0.010832553009095136,0.0004092704424510632,0.05223705247044563,0.052001953125,-42.961087346076965,0.8003003597259521,0.011382149,0.4295469340868294,4176,0.2,-2.30223881,1258.0
116,134656,39,1494,0.9762474894523621,-0.027166286046849564,0.0004092704424510632,-0.03945294767618179,0.279052734375,-42.971452593803406,0.7681820392608643,0.021079717,0.005796360099338926,4192,0.2,-2.3022895,1258.0
117,135168,40,1494,0.9759659171104431,-0.009875635831122054,0.0004092704424510632,0.06682467460632324,0.0340576171875,-42.958481669425964,0.8572418689727783,0.008668141,0.3213618746958673,4208,0.2,-2.3022895,1258.0
118,135680,40,1494,0.9734339714050293,-0.02579460157721769,0.0004092704424510632,-0.040508560836315155,0.259033203125,-42.92227351665497,-1.5131092071533203,0.018207775,0.0031140677820076235,4224,0.2,-2.3022895,1258.0
119,136192,40,1495,0.9717241525650024,-0.02167112827009987,0.0004092704424510632,-0.022185254842042923,0.1842041015625,-42.84979331493378,0.6916339993476868,0.017448746,0.051316152908839285,4240,0.2,-2.30008151,1258.0
120,136704,41,1495,0.971232533454895,-0.01435839565237984,0.0004092704424510632,0.011812815442681313,0.0579833984375,-42.81206929683685,0.8132051229476929,0.013467614,0.37537117348983884,4256,0.2,-2.30008151,1258.0
121,137216,41,1493,0.9725281000137329,-0.02773471130785765,0.0004092704424510632,-0.02069917693734169,0.279052734375,-42.822412610054016,0.8032761216163635,0.020221725,0.020573126384988427,4272,0.2,-2.29940524,1258.0
122,137728,41,1492,0.9728318452835083,-0.010546783509198576,0.0004092704424510632,0.03532014042139053,0.0478515625,-42.86116051673889,0.8911468386650085,0.010168857,0.37308482313528657,4288,0.2,-2.29940524,1258.0
123,138240,42,1492,0.9715930819511414,-0.024616619863081723,0.0004092704424510632,-0.03223035857081413,0.28173828125,-42.84258043766022,0.5737788677215576,0.020406151,0.008861902810167521,4304,0.2,-2.29940524,1258.0
124,138752,42,1491,0.9720388054847717,-0.01973875315161422,0.0004092704424510632,0.020837057381868362,0.145751953125,-42.822864413261414,0.8999444246292114,0.019279711,0.10819016466848552,4320,0.2,-2.29644467,1258.0
125,139264,42,1491,0.9722678065299988,-0.01667168573476374,0.0004092704424510632,0.023667700588703156,0.114013671875,-42.83992278575897,0.8709964156150818,0.01620927,0.22293238411657512,4336,0.2,-2.29644467,1258.0
126,139776,43,1491,0.9701459407806396,-0.025598718115361407,0.0004092704424510632,-0.014532549306750298,0.2584228515625,-42.813695311546326,0.7335876226425171,0.025506057,0.04364901199005544,4352,0.2,-2.2953020800000004,1258.0
127,140288,43,1489,0.9697710275650024,-0.011468807388155255,0.0004092704424510632,0.053179237991571426,0.0439453125,-42.76582658290863,0.881100058555603,0.011668099,0.2858869140036404,4368,0.2,-2.2953020800000004,1258.0
128,140800,43,1490,0.9695984125137329,-0.024871543631888926,0.0004092704424510632,-0.019444551318883896,0.2646484375,-42.76162815093994,0.6593981981277466,0.018709213,0.017368125612847507,4384,0.2,-2.2953020800000004,1258.0
129,141312,44,1490,0.9692712426185608,-0.021036453457782045,0.0004092704424510632,0.022624298930168152,0.1356201171875,-42.74688684940338,0.9357494115829468,0.01903641,0.14464160986244678,4400,0.2,-2.29309378,1258.0
130,141824,44,1490,0.9692026972770691,-0.0171198007374187,0.0004092704424510632,-0.016313662752509117,0.1396484375,-42.73678970336914,0.9496788382530212,0.018432643,0.10963624459691346,4416,0.2,-2.29309378,1258.0
131,142336,44,1491,0.9688459634780884,-0.03385207787505351,0.0004092704424510632,-0.024264538660645485,0.3111572265625,-42.73672389984131,0.7356905937194824,0.030824542,0.0641455315053463,4432,0.2,-2.28989461,1258.0
132,142848,45,1491,0.968308687210083,-0.01490645068406593,0.0004092704424510632,0.0501968115568161,0.0814208984375,-42.72208607196808,0.8878792524337769,0.017264027,0.25215669930912554,4448,0.2,-2.28989461,1258.0
133,143360,45,1490,0.9684996008872986,-0.03384871978778392,0.0004092704424510632,-0.03568071499466896,0.340576171875,-42.717251896858215,0.6758747696876526,0.022229888,0.020508035901002586,4464,0.2,-2.28989461,1258.0
134,143872,46,1490,0.9687816500663757,-0.021884989793761633,0.0004092704424510632,0.05967846140265465,0.2081298828125,-42.73704671859741,0.9409419894218445,0.03315696,0.2359280097298324,4480,0.2,-2.28796274,1258.0
135,144384,46,1490,0.9687799215316772,-0.024314690177561715,0.0004092704424510632,-0.018753040581941605,0.31201171875,-42.73603582382202,0.9886804223060608,0.022028351,0.029536071291659027,4496,0.2,-2.28796274,1258.0
136,144896,46,1489,0.9695665836334229,-0.011105319179478101,0.0004092704424510632,0.025045020505785942,0.13671875,-42.747451186180115,0.6112802028656006,0.013533081,0.13790881051681936,4512,0.2,-2.28657272,1258.0
137,145408,47,1490,0.9699713587760925,-0.017778434987121727,0.0004092704424510632,0.01590481773018837,0.123291015625,-42.76301324367523,0.9379342198371887,0.01675332,0.176544031011872,4528,0.2,-2.28657272,1258.0
138,145920,47,1490,0.9689163565635681,-0.030883418017765507,0.0004092704424510632,-0.039132438600063324,0.307373046875,-42.75752341747284,0.7333004474639893,0.022318456,0.01945779420202598,4544,0.2,-2.28657272,1258.0
139,146432,47,1491,0.9687526226043701,-0.009400730566994753,0.0004092704424510632,0.11076650023460388,0.0484619140625,-42.73787224292755,0.9374209046363831,0.010943442,0.23051544092595577,4560,0.2,-2.28310256,1258.0
140,146944,48,1491,0.9645527601242065,-0.024345554375031497,0.0004092704424510632,-0.02671356126666069,0.3099365234375,-42.68592965602875,0.9732276797294617,0.026945125,0.008809227118035778,4576,0.2,-2.28310256,1258.0
141,147456,48,1492,0.962563157081604,-0.02386082378507126,0.0004092704424510632,-0.0011736880987882614,0.2694091796875,-42.56578063964844,0.7881668210029602,0.024600714,0.039050443505402654,4592,0.2,-2.2829598300000002,1258.0
142,147968,48,1493,0.961884081363678,-0.013454490937874652,0.0004092704424510632,-0.0046447329223155975,0.1029052734375,-42.538034558296204,0.8859508633613586,0.016805138,0.18491962051484734,4608,0.2,-2.2829598300000002,1258.0
143,148480,49,1494,0.9607129096984863,-0.022235856944462284,0.0004092704424510632,-0.027921199798583984,0.24267578125,-42.49876129627228,0.7713159322738647,0.017972156,0.01585858775069937,4624,0.2,-2.28200074,1258.0
144,148992,49,1494,0.9605404734611511,-0.01280936757393647,0.0004092704424510632,0.06810580939054489,0.1058349609375,-42.47120654582977,0.9354216456413269,0.013019254,0.22531871846877038,4640,0.2,-2.28200074,1258.0
145,149504,49,1494,0.9633379578590393,-0.021488923172000796,0.0004092704424510632,-0.02298239804804325,0.2384033203125,-42.503613233566284,-1.4377961158752441,0.019876478,0.005508766866114456,4656,0.2,-2.28200074,1258.0
146,150016,50,1494,0.9635511040687561,-0.018016893438471016,0.0004092704424510632,-0.021578270941972733,0.251708984375,-42.5703147649765,0.5896658897399902,0.017649295,0.026006031403085217,4672,0.2,-2.27888559,1258.0
147,150528,50,1495,0.9628139138221741,-0.012887734483228996,0.0004092704424510632,0.016337420791387558,0.11962890625,-42.55543375015259,0.88657546043396,0.014927387,0.194201695965603,4688,0.2,-2.27888559,1258.0
1,151040,0,3855,0.9622328877449036,-0.024686376535100862,0.0004092704424510632,-0.02899237722158432,0.2353515625,-42.52867865562439,0.8234683275222778,0.017424323,0.02142749505583197,4704,0.2,-2.27589365,1258.0
2,151552,0,2181,0.9622043967247009,-0.016967756346275564,0.0004092704424510632,0.023661792278289795,0.128173828125,-42.51480555534363,0.9247830510139465,0.014923016,0.20179686625488102,4720,0.2,-2.27589365,1258.0
3,152064,0,1895,0.9615186452865601,-0.0300914560793899,0.0004092704424510632,-0.037618979811668396,0.28955078125,-42.504663586616516,0.44223570823669434,0.019600004,0.00743628315103706,4736,0.2,-2.27589365,1258.0
4,152576,1,1791,0.9610926508903503,-0.014666313683846965,0.0004092704424510632,0.04311405122280121,0.1014404296875,-42.473069071769714,0.9219679832458496,0.015052602,0.13216457050293684,4752,0.2,-2.2721942,1258.0
5,153088,1,1754,0.9606202244758606,-0.016816122777527198,0.0004092704424510632,0.0205543152987957,0.0992431640625,-42.460509181022644,0.9306882619857788,0.014645964,0.18363325390964746,4768,0.2,-2.2721942,1258.0
6,153600,1,1698,0.9581122994422913,-0.024128049961291254,0.0004092704424510632,-0.021079037338495255,0.267578125,-42.413575768470764,0.8070260882377625,0.019796342,0.019389445369597524,4784,0.2,-2.26938998,1258.0
7,154112,2,1661,0.9571306109428406,-0.013670911313965917,0.0004092704424510632,0.021241141483187675,0.0574951171875,-42.35210049152374,0.9243677854537964,0.014347691,0.21644697873853147,4800,0.2,-2.26938998,1258.0
8,154624,2,1643,0.9565079212188721,-0.02373850010917522,0.0004092704424510632,-0.03266770765185356,0.237548828125,-42.33041512966156,0.47401052713394165,0.01522469,0.00447103373153368,4816,0.2,-2.26938998,1258.0
9,155136,2,1615,0.957420825958252,-0.01200510177295655,0.0004092704424510632,0.004774350672960281,0.1270751953125,-42.335325837135315,0.9063584208488464,0.014551625,0.0842632947023958,4832,0.2,-2.26777858,1258.0
10,155648,3,1608,0.9579964876174927,-0.018459051178069785,0.0004092704424510632,-0.0019365530461072922,0.1329345703125,-42.36371350288391,0.8617899417877197,0.017183088,0.18158980330917984,4848,0.2,-2.26777858,1258.0
11,156160,3,1603,0.9572135806083679,-0.029670999356312677,0.0004092704424510632,-0.02837320975959301,0.2454833984375,-42.35726344585419,0.8041456937789917,0.016132183,0.02915275836130604,4864,0.2,-2.2648528,1258.0
12,156672,3,1598,0.9568820595741272,-0.019412226334679872,0.0004092704424510632,0.003190707415342331,0.1290283203125,-42.326056599617004,0.9036239385604858,0.018609501,0.21539994631893933,4880,0.2,-2.2648528,1258.0
13,157184,4,1596,0.9564984440803528,-0.026936363501590677,0.0004092704424510632,-0.02965674363076687,0.2774658203125,-42.31142795085907,0.6117340326309204,0.017511265,0.008891601653886028,4896,0.2,-2.2648528,1258.0
14,157696,4,1594,0.9566962122917175,-0.014426217414438725,0.0004092704424510632,0.016675423830747604,0.1217041015625,-42.31590294837952,0.9466113448143005,0.016264793,0.13529416476376355,4912,0.2,-2.2638786699999995,1258.0
15,158208,4,1595,0.9568151831626892,-0.023461652352125384,0.0004092704424510632,-0.028363555669784546,0.2362060546875,-42.31712818145752,0.9712976217269897,0.025952343,0.04127213711035438,4928,0.2,-2.2638786699999995,1258.0
16,158720,5,1586,0.956450343132019,-0.025571877864422277,0.0004092704424510632,-0.008787445724010468,0.2191162109375,-42.3102263212204,0.7672363519668579,0.020214045,0.062116887769661844,4944,0.2,-2.2625574099999994,1258.0
17,159232,5,1578,0.9569135904312134,-0.015133766079088673,0.0004092704424510632,0.003237958997488022,0.10205078125,-42.306384444236755,0.9390562176704407,0.014665025,0.14116496732458472,4960,0.2,-2.2625574099999994,1258.0
18,159744,5,1571,0.9580299854278564,-0.025625405251048505,0.0004092704424510632,-0.03491561859846115,0.22607421875,-42.34242498874664,0.729259729385376,0.016403962,0.024475311627611518,4976,0.2,-2.2625574099999994,1258.0
19,160256,6,1568,0.9581454992294312,-0.01664675354550127,0.0004092704424510632,0.026527874171733856,0.093505859375,-42.379048347473145,0.9503357410430908,0.018866068,0.1928024124354124,4992,0.2,-2.2598131799999996,1258.0
20,160768,6,1566,0.9572487473487854,-0.02180938630772289,0.0004092704424510632,-0.027151478454470634,0.227294921875,-42.364465832710266,0.9944272637367249,0.015077328,0.009847469962551259,5008,0.2,-2.2598131799999996,1258.0
21,161280,6,1557,0.9576303958892822,-0.019530967154423706,0.0004092704424510632,-0.0025173258036375046,0.2069091796875,-42.346394777297974,0.8454925417900085,0.018228738,0.04527570924255997,5024,0.2,-2.2582499799999995,1258.0
22,161792,7,1555,0.9584158062934875,-0.01473537806305103,0.0004092704424510632,0.006952878087759018,0.1163330078125,-42.37039363384247,0.9425528645515442,0.0169409,0.14091558975633234,5040,0.2,-2.2582499799999995,1258.0
23,162304,7,1554,0.9577985405921936,-0.017142333221272565,0.0004092704424510632,0.0012083370238542557,0.1517333984375,-42.37985646724701,0.8227725028991699,0.014779601,0.06513117160648108,5056,0.2,-2.25519688,1258.0
24,162816,7,1554,0.9570021033287048,-0.014600242124288343,0.0004092704424510632,0.018182681873440742,0.11572265625,-42.34740328788757,0.9513290524482727,0.016332008,0.1488603395409882,5072,0.2,-2.25519688,1258.0
25,163328,8,1551,0.9568617939949036,-0.024012812675209716,0.0004092704424510632,-0.034492067992687225,0.224365234375,-42.32970488071442,-0.6287307739257812,0.016044041,0.009430206380784512,5088,0.2,-2.25519688,1258.0
26,163840,8,1548,0.9576410055160522,-0.03132414797437377,0.0004092704424510632,-0.03798806667327881,0.293212890625,-42.34577238559723,0.8463742733001709,0.01888556,0.024861701764166355,5104,0.2,-2.2533157900000003,1258.0
27,164352,8,1550,0.9574883580207825,-0.013638322154292837,0.0004092704424510632,-0.0007321611046791077,0.1224365234375,-42.35884940624237,0.9440273642539978,0.014870681,0.09875366697087884,5120,0.2,-2.2533157900000003,1258.0
28,164864,9,1543,0.9568601250648499,-0.020998063875595108,0.0004092704424510632,-0.0167937483638525,0.22802734375,-42.35252296924591,0.8413313627243042,0.017755404,0.03035322285722941,5136,0.2,-2.2512857100000003,1258.0
29,165376,9,1544,0.9569023251533508,-0.01524072524625808,0.0004092704424510632,0.009289279580116272,0.113037109375,-42.33601105213165,0.9472899436950684,0.021523315,0.13574226666241884,5152,0.2,-2.2512857100000003,1258.0
30,165888,9,1544,0.9566543102264404,-0.02565327097545378,0.0004092704424510632,-0.0356181263923645,0.249755859375,-42.33427596092224,0.232651948928833,0.016778111,0.010244300021440722,5168,0.2,-2.2512857100000003,1258.0
31,166400,10,1542,0.9562669992446899,-0.014874497454002267,0.0004092704424510632,0.04555681347846985,0.0728759765625,-42.31218421459198,0.9301117062568665,0.011700863,0.14178837812505662,5184,0.2,-2.2493824399999998,1258.0
32,166912,10,1544,0.9558789730072021,-0.01710930901754182,0.0004092704424510632,-0.017682988196611404,0.14501953125,-42.30282461643219,0.9590850472450256,0.013372695,0.06671713199466467,5200,0.2,-2.2493824399999998,1258.0
33,167424,10,1541,0.9552238583564758,-0.03325512568699196,0.0004092704424510632,-0.030590713024139404,0.3353271484375,-42.29100430011749,0.8386794328689575,0.028947424,0.03022658743429929,5216,0.2,-2.2487153799999997,1258.0
34,167936,11,1541,0.9554002285003662,-0.01570346299558878,0.0004092704424510632,0.010811347514390945,0.1307373046875,-42.27240979671478,0.9562883377075195,0.014778735,0.17458961042575538,5232,0.2,-2.2487153799999997,1258.0
35,168448,11,1538,0.9544461369514465,-0.03181766779744066,0.0004092704424510632,-0.03632244095206261,0.3125,-42.2736052274704,0.4482830762863159,0.019122737,0.012018294830340892,5248,0.2,-2.2487153799999997,1258.0
36,168960,12,1535,0.9537402391433716,-0.014840166855719872,0.0004092704424510632,0.07189391553401947,0.1209716796875,-42.23811197280884,0.9349672198295593,0.015946154,0.16662027151323855,5264,0.2,-2.2498998200000004,1258.0
37,169472,12,1532,0.9526184797286987,-0.02678167904377915,0.0004092704424510632,-0.019872715696692467,0.192138671875,-42.21670961380005,0.970874011516571,0.017006267,0.050507391832070425,5280,0.2,-2.2498998200000004,1258.0
38,169984,12,1532,0.9514896869659424,-0.020600678253686056,0.0004092704424510632,0.007968483492732048,0.1912841796875,-42.175097703933716,0.8551627397537231,0.020036098,0.054516876698471606,5296,0.2,-2.2492600900000004,1258.0
39,170496,13,1534,0.9519798755645752,-0.027169918394065462,0.0004092704424510632,-0.010845504701137543,0.1884765625,-42.160783648490906,0.9704757928848267,0.023670383,0.0951082076644525,5312,0.2,-2.2492600900000004,1258.0
40,171008,13,1534,0.9527615904808044,-0.03426620775280753,0.0004092704424510632,-0.029505686834454536,0.3115234375,-42.184677481651306,0.7373653650283813,0.024491798,0.042908200179226696,5328,0.2,-2.2492600900000004,1258.0
41,171520,13,1535,0.9528340697288513,-0.010419297206681222,0.0004092704424510632,0.04163462296128273,0.02685546875,-42.19991886615753,0.9429532289505005,0.008944571,0.18373253801837564,5344,0.2,-2.2469588000000003,1258.0
42,172032,13,1537,0.9513171911239624,-0.024306823092047125,0.0004092704424510632,-0.025560248643159866,0.2537841796875,-42.18630337715149,0.9894207119941711,0.020056535,0.021133701200596988,5360,0.2,-2.2469588000000003,1258.0
43,172544,14,1535,0.9516396522521973,-0.0197709709755145,0.0004092704424510632,0.014559682458639145,0.1820068359375,-42.155415534973145,0.8506656289100647,0.017364431,0.08276180364191532,5376,0.2,-2.24564244,1258.0
44,173056,14,1534,0.951518714427948,-0.02394952422764618,0.0004092704424510632,-0.004957931116223335,0.201171875,-42.17147779464722,0.972346842288971,0.025252063,0.072257284889929,5392,0.2,-2.24564244,1258.0
45,173568,14,1536,0.9494966268539429,-0.030651294538984075,0.0004092704424510632,-0.025676514953374863,0.2763671875,-42.12133610248566,0.7022535800933838,0.017079638,0.03204387874575332,5408,0.2,-2.24564244,1258.0
46,174080,15,1535,0.9491661787033081,-0.020050965307746083,0.0004092704424510632,0.01226004958152771,0.1710205078125,-42.068142890930176,0.9516280889511108,0.016931048,0.11103161959908903,5424,0.2,-2.2452057500000002,1258.0
47,174592,15,1536,0.947319746017456,-0.024631874955957755,0.0004092704424510632,-0.0377548523247242,0.2515869140625,-42.04221701622009,0.9905187487602234,0.019467067,0.012321517293457873,5440,0.2,-2.2452057500000002,1258.0
48,175104,16,1535,0.9460558891296387,-0.027806380996480584,0.0004092704424510632,-0.0063510071486234665,0.257568359375,-41.97701144218445,0.8765529990196228,0.018465951,0.05198913486674428,5456,0.2,-2.2450038100000005,1258.0
49,175616,16,1536,0.945878267288208,-0.018913827720098197,0.0004092704424510632,-0.015535465441644192,0.164794921875,-41.95226228237152,0.9704025983810425,0.015877953,0.06591853545978665,5472,0.2,-2.2450038100000005,1258.0
50,176128,16,1536,0.9455651640892029,-0.01820918398152571,0.0004092704424510632,-0.011556824669241905,0.1885986328125,-41.953725934028625,0.8304914832115173,0.018805765,0.05113702267408371,5488,0.2,-2.24628934,1258.0
51,176640,17,1530,0.9452236890792847,-0.019051362309255637,0.0004092704424510632,-0.0017177052795886993,0.174560546875,-41.945714354515076,0.9590223431587219,0.022543445,0.08445999247487634,5504,0.2,-2.24628934,1258.0
52,177152,17,1530,0.9445995688438416,-0.03240143894799985,0.0004092704424510632,-0.04004503786563873,0.2918701171875,-41.92723762989044,-1.2260124683380127,0.018338308,0.008694815216585994,5520,0.2,-2.24628934,1258.0
53,177664,17,1531,0.945112407207489,-0.028074595204088837,0.0004092704424510632,-0.03271724283695221,0.2564697265625,-41.928107142448425,0.8580018281936646,0.018219475,0.02045865450054407,5536,0.2,-2.2422263100000004,1258.0
54,178176,18,1526,0.9451507925987244,-0.020527185857645236,0.0004092704424510632,-0.010247984901070595,0.185302734375,-41.9356814622879,0.9337351322174072,0.01762665,0.09525955119170249,5552,0.2,-2.2422263100000004,1258.0
55,178688,18,1525,0.9445201754570007,-0.033829939377028495,0.0004092704424510632,-0.036075469106435776,0.332275390625,-41.922130823135376,0.8106032609939575,0.027794663,0.019257154926890507,5568,0.2,-2.23901698,1258.0
56,179200,18,1525,0.9443832635879517,-0.019239524808654096,0.0004092704424510632,-0.0008094459772109985,0.1702880859375,-41.910033226013184,0.9594699144363403,0.023857366,0.11651548754889518,5584,0.2,-2.23901698,1258.0
57,179712,19,1526,0.9454582929611206,-0.027631488832412288,0.0004092704424510632,-0.03738405555486679,0.3001708984375,-41.925689697265625,-1.2847373485565186,0.02261709,0.003921243329386925,5600,0.2,-2.23901698,1258.0
58,180224,19,1526,0.946466863155365,-0.025072452815948054,0.0004092704424510632,-0.01718638464808464,0.2518310546875,-41.95912706851959,0.7111756801605225,0.018818151,0.028060311684384942,5616,0.2,-2.2369164400000003,1258.0
59,180736,19,1523,0.9469041228294373,-0.011971807965892367,0.0004092704424510632,0.003384845331311226,0.060546875,-41.99570572376251,0.8158040046691895,0.012620067,0.242871304275468,5632,0.2,-2.2369164400000003,1258.0
60,181248,20,1520,0.9473989009857178,-0.027866484437254258,0.0004092704424510632,-0.03989631310105324,0.271240234375,-42.00253391265869,0.7984061241149902,0.024383362,0.005598982323135715,5648,0.2,-2.23461159,1258.0
61,181760,20,1520,0.9481315016746521,-0.014646738913143054,0.0004092704424510632,0.021044090390205383,0.084228515625,-42.01354396343231,0.9219594597816467,0.013982234,0.1303168450249359,5664,0.2,-2.23461159,1258.0
62,182272,20,1520,0.9477015733718872,-0.02728593666688539,0.0004092704424510632,-0.03277098760008812,0.26513671875,-42.02373290061951,0.5469825267791748,0.020075284,0.002913953947427217,5680,0.2,-2.23461159,1258.0
63,182784,21,1521,0.9471771121025085,-0.01993809302803129,0.0004092704424510632,0.005806233733892441,0.1533203125,-41.99298965930939,0.937190592288971,0.013786998,0.06849706324283034,5696,0.2,-2.23350939,1258.0
64,183296,21,1522,0.9484823942184448,-0.022134295548312366,0.0004092704424510632,-0.021899189800024033,0.1590576171875,-41.99482488632202,0.9564909934997559,0.017315872,0.07162526965839788,5712,0.2,-2.23350939,1258.0
65,183808,21,1523,0.9515036344528198,-0.02966919293976389,0.0004092704424510632,-0.03560194373130798,0.2716064453125,-42.073686838150024,0.8430634140968323,0.020937182,0.024232394411228597,5728,0.2,-2.23200726,1258.0
66,184320,22,1524,0.9519058465957642,-0.01720833768195007,0.0004092704424510632,0.004749070852994919,0.104248046875,-42.1313898563385,0.9486797451972961,0.018382292,0.09757559758145362,5744,0.2,-2.23200726,1258.0
67,184832,22,1523,0.9523735642433167,-0.02383074774115812,0.0004092704424510632,-0.020458944141864777,0.2186279296875,-42.127443075180054,0.6616167426109314,0.016711289,0.01355770041118376,5760,0.2,-2.23200726,1258.0
68,185344,22,1524,0.9528946280479431,-0.019283357993117534,0.0004092704424510632,0.044471342116594315,0.099365234375,-42.139158964157104,0.9495455622673035,0.015889559,0.13092983118258417,5776,0.2,-2.2300433500000003,1258.0
69,185856,23,1523,0.9532150626182556,-0.02154971784329973,0.0004092704424510632,-0.02610066533088684,0.2044677734375,-42.14580523967743,0.9721054434776306,0.01910353,0.02953743757097982,5792,0.2,-2.2300433500000003,1258.0
70,186368,23,1523,0.9531006813049316,-0.022965253854636103,0.0004092704424510632,0.003754839301109314,0.256103515625,-42.14787244796753,0.8348654508590698,0.025121067,0.042102562030777335,5808,0.2,-2.23056302,1258.0
71,186880,23,1524,0.953969419002533,-0.02427748974878341,0.0004092704424510632,-0.006035137921571732,0.1717529296875,-42.15411424636841,0.9587608575820923,0.017736942,0.0867882075253874,5824,0.2,-2.23056302,1258.0
72,187392,24,1525,0.955878734588623,-0.025910458803991787,0.0004092704424510632,-0.028281375765800476,0.2471923828125,-42.21036660671234,0.7321090698242188,0.016969666,0.014791621273616329,5840,0.2,-2.23056302,1258.0
73,187904,24,1526,0.9560680985450745,-0.01631156225630548,0.0004092704424510632,0.0005838647484779358,0.114990234375,-42.24393308162689,0.948722243309021,0.017676925,0.08945109171327204,5856,0.2,-2.22915412,1258.0
74,188416,24,1527,0.9566923379898071,-0.02824309233983513,0.0004092704424510632,-0.02952994592487812,0.2708740234375,-42.249279499053955,0.9757356643676758,0.01806236,0.018295869056601077,5872,0.2,-2.22915412,1258.0
75,188928,25,1526,0.9567552208900452,-0.024233171192463487,0.0004092704424510632,-0.018764078617095947,0.23828125,-42.25687003135681,0.8687198758125305,0.023330033,0.04300201253499836,5888,0.2,-2.2274540500000004,1258.0
76,189440,25,1526,0.9561042785644531,-0.019913591633667238,0.0004092704424510632,-0.010943721048533916,0.1456298828125,-42.243895292282104,0.9658772945404053,0.02215746,0.06871127750491723,5904,0.2,-2.2274540500000004,1258.0
77,189952,25,1524,0.9576947093009949,-0.022978434775723144,0.0004092704424510632,-0.015780173242092133,0.2010498046875,-42.24021255970001,0.8172778487205505,0.016709816,0.0340869749779813,5920,0.2,-2.2274540500000004,1258.0
78,190464,26,1524,0.9581800699234009,-0.018527596083004028,0.0004092704424510632,-0.005800915881991386,0.13330078125,-42.280653953552246,0.9578863978385925,0.02130885,0.10170498338993639,5936,0.2,-2.22907586,1258.0
79,190976,26,1525,0.95625239610672,-0.03144049664842896,0.0004092704424510632,-0.04861258715391159,0.29296875,-42.25791335105896,0.9775846004486084,0.02116314,0.006357487189234234,5952,0.2,-2.22907586,1258.0
80,191488,26,1525,0.9556219577789307,-0.026264910615282133,0.0004092704424510632,-0.015134669840335846,0.2515869140625,-42.20667517185211,0.8823744654655457,0.021072956,0.025041216635145247,5968,0.2,-2.2306807400000004,1258.0
81,192000,27,1523,0.9559439420700073,-0.017657473363215104,0.0004092704424510632,-0.011280256323516369,0.14794921875,-42.206315875053406,0.9551035761833191,0.015423529,0.0771674596471712,5984,0.2,-2.2306807400000004,1258.0
82,192512,27,1524,0.9563844799995422,-0.024612299690488726,0.0004092704424510632,-0.03204681724309921,0.233154296875,-42.219717144966125,0.8079890012741089,0.019431144,0.025000871159136295,6000,0.2,-2.22900548,1258.0
83,193024,27,1525,0.9576732516288757,-0.02019510259560775,0.0004092704424510632,-0.018093938007950783,0.1966552734375,-42.24330997467041,0.9579228758811951,0.016843034,0.0743770458502695,6016,0.2,-2.22900548,1258.0
84,193536,28,1526,0.956899881362915,-0.021628038477501832,0.0004092704424510632,-0.022259386256337166,0.2098388671875,-42.26457500457764,-0.5544403791427612,0.015717167,0.006934375400305726,6032,0.2,-2.22900548,1258.0
85,194048,28,1526,0.9571849703788757,-0.023923700529849157,0.0004092704424510632,-0.013102347031235695,0.2117919921875,-42.25261211395264,0.840203046798706,0.017640494,0.04225760092958808,6048,0.2,-2.2276212600000003,1258.0
86,194560,28,1527,0.9567611813545227,-0.016410421230830252,0.0004092704424510632,-0.004232630133628845,0.1312255859375,-42.25584959983826,0.9614897966384888,0.01212921,0.04742885159794241,6064,0.2,-2.2276212600000003,1258.0
87,195072,29,1528,0.9564965963363647,-0.023642095824470744,0.0004092704424510632,-0.0327560193836689,0.2320556640625,-42.240431904792786,0.8789803981781006,0.014221429,0.01850840137922205,6080,0.2,-2.22844621,1258.0
88,195584,29,1528,0.9580476880073547,-0.017463347438024357,0.0004092704424510632,-0.016055438667535782,0.14404296875,-42.25585973262787,0.969684362411499,0.01671986,0.07884332514367998,6096,0.2,-2.22844621,1258.0
89,196096,29,1528,0.9572122693061829,-0.03302818712836597,0.0004092704424510632,-0.03734269738197327,0.328857421875,-42.276140451431274,0.5192595720291138,0.029213663,0.009249719296349213,6112,0.2,-2.22844621,1258.0
90,196608,30,1528,0.9572600722312927,-0.010846864548511803,0.0004092704424510632,0.0008665192872285843,0.076904296875,-42.243558168411255,0.9426566362380981,0.011839237,0.08210128033533692,6128,0.2,-2.2292220499999997,1258.0
91,197120,30,1528,0.9562987685203552,-0.01697654279996641,0.0004092704424510632,-0.020084455609321594,0.178955078125,-42.238078474998474,0.9674451351165771,0.016020672,0.04141058097593486,6144,0.2,-2.2292220499999997,1258.0
92,197632,30,1526,0.9563015699386597,-0.03202863644401077,0.0004092704424510632,-0.026538286358118057,0.274169921875,-42.20712113380432,0.8929643630981445,0.022354437,0.022798245714511722,6160,0.2,-2.22963649,1258.0
93,198144,31,1525,0.9560967087745667,-0.011613344569923356,0.0004092704424510632,0.02510390244424343,0.072021484375,-42.202001094818115,0.968536376953125,0.014988329,0.10959281481336802,6176,0.2,-2.22963649,1258.0
94,198656,31,1525,0.9559789896011353,-0.0248679424112197,0.0004092704424510632,-0.02598636969923973,0.2269287109375,-42.19633936882019,0.719024658203125,0.01812027,0.02040341019164771,6192,0.2,-2.22963649,1258.0
95,199168,31,1524,0.9565309286117554,-0.01670624691178091,0.0004092704424510632,0.08366931974887848,0.10302734375,-42.20317280292511,0.9365324974060059,0.013197755,0.13695115374866873,6208,0.2,-2.22807923,1258.0
96,199680,32,1523,0.9579696655273438,-0.023107480024918914,0.0004092704424510632,-0.03213808313012123,0.1995849609375,-42.235962867736816,0.9735267758369446,0.012017938,0.026301828940631822,6224,0.2,-2.22807923,1258.0
97,200192,32,1523,0.9578194618225098,-0.028502781387942377,0.0004092704424510632,-0.028981540352106094,0.2674560546875,-42.27690279483795,0.8823930025100708,0.026390418,0.04022338334470987,6240,0.2,-2.2269373000000003,1258.0
98,200704,32,1523,0.9569568634033203,-0.026207181152130943,0.0004092704424510632,-0.023597050458192825,0.1817626953125,-42.26063692569733,0.976862370967865,0.021288674,0.06485499639529735,6256,0.2,-2.2269373000000003,1258.0
99,201216,33,1523,0.9576605558395386,-0.020988963507988956,0.0004092704424510632,-0.026259060949087143,0.2158203125,-42.25754487514496,0.6901990175247192,0.015812881,0.024823110667057335,6272,0.2,-2.2269373000000003,1258.0
100,201728,33,1522,0.9580371975898743,-0.018193910211266484,0.0004092704424510632,0.040215689688920975,0.0699462890625,-42.277907609939575,0.9488305449485779,0.012558263,0.13436559913679957,6288,0.2,-2.22448484,1258.0
101,202240,34,1519,0.9556621313095093,-0.022217956036911346,0.0004092704424510632,-0.029016360640525818,0.270751953125,-42.25314497947693,0.9847460985183716,0.020265002,0.013596916483948007,6304,0.2,-2.22448484,1258.0
102,202752,34,1517,0.9545595645904541,-0.017580461295438,0.0004092704424510632,-0.0004888996481895447,0.204345703125,-42.17034995555878,0.8805471658706665,0.022282463,0.059583340655080974,6320,0.2,-2.22533816,1258.0
103,203264,34,1517,0.9544661045074463,-0.02100379109469941,0.0004092704424510632,-0.007931243628263474,0.1746826171875,-42.15897560119629,0.9799208045005798,0.015271152,0.04209364339476451,6336,0.2,-2.22533816,1258.0
104,203776,35,1516,0.9526307582855225,-0.02819773060036823,0.0004092704424510632,-0.026357784867286682,0.290771484375,-42.11800801753998,0.7174355387687683,0.022311507,0.027730556146707386,6352,0.2,-2.22533816,1258.0
105,204288,35,1517,0.9522026777267456,-0.021333356547984295,0.0004092704424510632,0.035243235528469086,0.1781005859375,-42.06128001213074,0.963951587677002,0.021566477,0.10501952818594873,6368,0.2,-2.2229086000000002,1258.0
106,204800,35,1518,0.9534868001937866,-0.030529074603691697,0.0004092704424510632,-0.03358732908964157,0.2718505859375,-42.070934772491455,0.9905593991279602,0.019315258,0.006169663589389529,6384,0.2,-2.2229086000000002,1258.0
107,205312,36,1518,0.9519484043121338,-0.0214099767326843,0.0004092704424510632,-0.017618730664253235,0.2373046875,-42.080962896347046,0.891907811164856,0.0151175065,0.03128717571962625,6400,0.2,-2.2234059299999998,1258.0
108,205824,36,1519,0.95088130235672,-0.02296297176508233,0.0004092704424510632,-0.017856992781162262,0.19775390625,-42.0269820690155,0.9776546359062195,0.0171607,0.03665804414777085,6416,0.2,-2.2234059299999998,1258.0
109,206336,36,1519,0.9515630602836609,-0.026377411057183053,0.0004092704424510632,-0.03477632254362106,0.2677001953125,-42.01882779598236,0.8592034578323364,0.017572653,0.029035690298769623,6432,0.2,-2.22281457,1258.0
110,206848,37,1519,0.9518481492996216,-0.01790445671940688,0.0004092704424510632,-0.016427569091320038,0.152587890625,-42.04069519042969,0.9658488631248474,0.020354994,0.07298076688311994,6448,0.2,-2.22281457,1258.0
111,207360,37,1519,0.9522829651832581,-0.028152027385658585,0.0004092704424510632,-0.03506528213620186,0.2696533203125,-42.048399448394775,-1.019958257675171,0.01800172,0.008204118319554254,6464,0.2,-2.22281457,1258.0
112,207872,37,1519,0.9510722160339355,-0.02559102165105287,0.0004092704424510632,-0.033250972628593445,0.24169921875,-42.04288351535797,0.8956438302993774,0.018848632,0.03004136704839766,6480,0.2,-2.22043693,1258.0
113,208384,38,1520,0.9518301486968994,-0.02346103559830226,0.0004092704424510632,-0.03385470435023308,0.2135009765625,-42.01956248283386,0.9707147479057312,0.017127486,0.03567258070688695,6496,0.2,-2.22043693,1258.0
114,208896,38,1519,0.9519197940826416,-0.030608403991209343,0.0004092704424510632,-0.020067257806658745,0.2913818359375,-42.04345667362213,0.8841728568077087,0.022660797,0.03339084435719997,6512,0.2,-2.21903144,1258.0
115,209408,38,1519,0.9509444236755371,-0.023813286068616435,0.0004092704424510632,-0.011574918404221535,0.199951171875,-42.0285382270813,0.9747872948646545,0.021340426,0.06340514204930514,6528,0.2,-2.21903144,1258.0
116,209920,39,1520,0.9498234391212463,-0.02927855952293612,0.0004092704424510632,-0.03681410104036331,0.2801513671875,-41.99574816226959,-0.10002005100250244,0.021488916,0.009249560636817478,6544,0.2,-2.21903144,1258.0
117,210432,39,1520,0.9493290781974792,-0.008956811143434606,0.0004092704424510632,0.05558955296874046,0.07080078125,-41.95765733718872,0.9286754727363586,0.00832326,0.1161037307465449,6560,0.2,-2.2152692200000006,1258.0
118,210944,39,1519,0.9496124982833862,-0.02219585282728076,0.0004092704424510632,-0.022692836821079254,0.19482421875,-41.958298087120056,0.9811414480209351,0.013961291,0.030986543715698645,6576,0.2,-2.2152692200000006,1258.0
119,211456,40,1519,0.9496155977249146,-0.022142242116387933,0.0004092704424510632,-0.006573932245373726,0.1729736328125,-41.96569550037384,0.9072138071060181,0.020127755,0.04868932068347931,6592,0.2,-2.21291926,1258.0
120,211968,40,1518,0.9495701193809509,-0.02219379805319477,0.0004092704424510632,-0.015478858724236488,0.1885986328125,-41.964441657066345,0.9813588261604309,0.022144629,0.06592982425354421,6608,0.2,-2.21291926,1258.0
121,212480,40,1518,0.9486826658248901,-0.028486511066148523,0.0004092704424510632,-0.02961566671729088,0.2896728515625,-41.94751584529877,0.2671377658843994,0.01841889,0.016807790176244453,6624,0.2,-2.21291926,1258.0
122,212992,41,1518,0.9479007124900818,-0.018496902179322205,0.0004092704424510632,-0.0008821822702884674,0.1192626953125,-41.918588161468506,0.9482053518295288,0.017668553,0.09538027201779187,6640,0.2,-2.21245108,1258.0
123,213504,41,1517,0.9482868909835815,-0.03439830039860681,0.0004092704424510632,-0.03915172815322876,0.323974609375,-41.90574514865875,0.9909963607788086,0.022872359,0.023055497353198007,6656,0.2,-2.21245108,1258.0
124,214016,41,1517,0.9481500387191772,-0.018657271037227474,0.0004092704424510632,-0.007230568677186966,0.1884765625,-41.90722405910492,0.8724102973937988,0.016625935,0.050961594679392874,6672,0.2,-2.21004126,1258.0
125,214528,42,1518,0.9486714601516724,-0.026581360696582124,0.0004092704424510632,-0.02342952787876129,0.2271728515625,-41.90359354019165,0.9808756113052368,0.018430311,0.04880629212129861,6688,0.2,-2.21004126,1258.0
126,215040,42,1518,0.9489270448684692,-0.02749131523887627,0.0004092704424510632,-0.03165130317211151,0.2589111328125,-41.91493487358093,0.767713189125061,0.019311476,0.022371203813236207,6704,0.2,-2.21004126,1258.0
127,215552,42,1518,0.9487618207931519,-0.02137193302041851,0.0004092704424510632,-0.000598689541220665,0.16845703125,-41.90612196922302,0.9505748152732849,0.02864094,0.08072093920782208,6720,0.2,-2.2066799200000005,1258.0
128,216064,43,1518,0.9460629224777222,-0.02742338427924551,0.0004092704424510632,-0.036917589604854584,0.2244873046875,-41.863929271698,0.9892793893814087,0.015847912,0.014472903741989285,6736,0.2,-2.2066799200000005,1258.0
129,216576,43,1518,0.9445987939834595,-0.020059768663486466,0.0004092704424510632,-0.0012450888752937317,0.171142578125,-41.78084683418274,0.873043954372406,0.021445591,0.07387835800182074,6752,0.2,-2.2067547600000004,1258.0
130,217088,43,1519,0.9443342089653015,-0.02165188880462665,0.0004092704424510632,-0.021829456090927124,0.149658203125,-41.761011481285095,0.986565887928009,0.013247691,0.04307643260108307,6768,0.2,-2.2067547600000004,1258.0
131,217600,44,1516,0.9452401995658875,-0.023872434860095382,0.0004092704424510632,-0.013973308727145195,0.218017578125,-41.77706253528595,0.7970699071884155,0.024439221,0.05723234044853598,6784,0.2,-2.2067547600000004,1258.0
132,218112,44,1516,0.9456714391708374,-0.02258744792197831,0.0004092704424510632,0.024701371788978577,0.1380615234375,-41.80347514152527,0.9458714723587036,0.020921318,0.09200664761010557,6800,0.2,-2.20343318,1258.0
133,218624,44,1517,0.9443839192390442,-0.02507043824880384,0.0004092704424510632,-0.020781341940164566,0.2357177734375,-41.79171001911163,0.986920952796936,0.015058721,0.01204000468715094,6816,0.2,-2.20343318,1258.0
134,219136,45,1516,0.9453603029251099,-0.025101559862378053,0.0004092704424510632,-0.0048142895102500916,0.276611328125,-41.767905592918396,0.9066603779792786,0.023622261,0.04317848267965019,6832,0.2,-2.2035486300000002,1258.0
135,219648,45,1516,0.9441214799880981,-0.020558550750138238,0.0004092704424510632,-0.014676371589303017,0.1771240234375,-41.77186441421509,0.9745616316795349,0.015729977,0.03593296161852777,6848,0.2,-2.2035486300000002,1258.0
136,220160,45,1516,0.9439069628715515,-0.021805096534080803,0.0004092704424510632,-0.022868873551487923,0.1875,-41.723116397857666,0.8505709171295166,0.01800568,0.03624338755616918,6864,0.2,-2.2010134399999997,1258.0
137,220672,46,1516,0.9440420269966125,-0.017344377949484624,0.0004092704424510632,-0.01678530126810074,0.1278076171875,-41.724525809288025,0.9662800431251526,0.015163552,0.0931913428939879,6880,0.2,-2.2010134399999997,1258.0
138,221184,46,1516,0.9452103972434998,-0.028769184631528333,0.0004092704424510632,-0.03422894701361656,0.2978515625,-41.74104857444763,-0.4322398900985718,0.022449221,0.006741394900018349,6896,0.2,-2.2010134399999997,1258.0
139,221696,46,1516,0.9457476735115051,-0.0254845736126299,0.0004092704424510632,-0.0174409206956625,0.212890625,-41.76530718803406,0.882351279258728,0.020448051,0.028730451536830515,6912,0.2,-2.2014553300000004,1258.0
140,222208,47,1516,0.9444186091423035,-0.023898832965642214,0.0004092704424510632,-0.01613539084792137,0.22119140625,-41.753405690193176,0.9697718620300293,0.02005224,0.03582798788556829,6928,0.2,-2.2014553300000004,1258.0
141,222720,47,1515,0.9454123973846436,-0.02516463413485326,0.0004092704424510632,-0.02980741858482361,0.282470703125,-41.739362359046936,0.8780059814453125,0.019925263,0.018197647877968848,6944,0.2,-2.1983343,1258.0
142,223232,47,1515,0.9457082152366638,-0.020390943478560075,0.0004092704424510632,-0.015784258022904396,0.154052734375,-41.77982532978058,0.9625667929649353,0.022102932,0.0947949392721057,6960,0.2,-2.1983343,1258.0
143,223744,48,1515,0.9450365900993347,-0.023219254639116116,0.0004092704424510632,-0.03800727054476738,0.2015380859375,-41.76785147190094,0.1864824891090393,0.019446872,0.010122863517608494,6976,0.2,-2.1983343,1258.0
144,224256,48,1514,0.9450604915618896,-0.010480209399247542,0.0004092704424510632,0.052182603627443314,0.073974609375,-41.752140402793884,0.9478877186775208,0.012818439,0.10178997705224901,6992,0.2,-2.1955433999999996,1258.0
145,224768,48,1515,0.9439480900764465,-0.02159546219627373,0.0004092704424510632,-0.030238375067710876,0.2108154296875,-41.7373788356781,0.9698321223258972,0.016084187,0.027525773853994906,7008,0.2,-2.1955433999999996,1258.0
146,225280,49,1515,0.944099485874176,-0.02760330485762097,0.0004092704424510632,-0.01873594895005226,0.2496337890625,-41.70304620265961,0.8995624780654907,0.030456338,0.03434568544616923,7024,0.2,-2.19426535,1258.0
147,225792,49,1516,0.9446205496788025,-0.01980947126139654,0.0004092704424510632,-0.020305559039115906,0.16650390625,-41.72159171104431,0.9778670072555542,0.018140672,0.05072197032859549,7040,0.2,-2.19426535,1258.0
1,226304,0,3918,0.9460102319717407,-0.019772718980675563,0.0004092704424510632,-0.0194183848798275,0.1932373046875,-41.749205350875854,0.6426205635070801,0.012450232,0.012814475572668016,7056,0.2,-2.19426535,1258.0
2,226816,0,2141,0.9466540217399597,-0.011474781902506948,0.0004092704424510632,0.039216186851263046,0.0732421875,-41.78426659107208,0.9563271999359131,0.010631866,0.11057712545152754,7072,0.2,-2.1926572699999998,1258.0
3,227328,0,1885,0.9457935094833374,-0.027464071667054668,0.0004092704424510632,-0.03639574721455574,0.2708740234375,-41.78801882266998,0.9911364316940308,0.014863844,0.014315250809886493,7088,0.2,-2.1926572699999998,1258.0
4,227840,1,1795,0.9465714693069458,-0.02765784226357937,0.0004092704424510632,-0.022403813898563385,0.2728271484375,-41.77765166759491,0.8776922225952148,0.021019766,0.03152173466514796,7104,0.2,-2.1883464399999997,1258.0
5,228352,1,1757,0.9468384385108948,-0.020224146137479693,0.0004092704424510632,-0.023649070411920547,0.16162109375,-41.80007588863373,0.9758087992668152,0.014301559,0.042231115920003504,7120,0.2,-2.1883464399999997,1258.0
6,228864,1,1713,0.9447645545005798,-0.03260434062394779,0.0004092704424510632,-0.038794588297605515,0.284912109375,-41.76229989528656,0.6874133348464966,0.019123841,0.011863780877320096,7136,0.2,-2.1883464399999997,1258.0
7,229376,2,1689,0.9439138174057007,-0.032048999455582816,0.0004092704424510632,-0.02117345482110977,0.23291015625,-41.703046560287476,0.9514973759651184,0.028339889,0.05919626331888139,7152,0.2,-2.1885822499999996,1258.0
8,229888,2,1671,0.9430566430091858,-0.02559109529829584,0.0004092704424510632,-0.04072697088122368,0.270751953125,-41.68082547187805,0.9888754487037659,0.017765671,0.010108678674441762,7168,0.2,-2.1885822499999996,1258.0
9,230400,2,1660,0.9427365660667419,-0.021746479702414945,0.0004092704424510632,-0.020046710968017578,0.2210693359375,-41.65129017829895,0.9102315306663513,0.015620401,0.028396447480190545,7184,0.2,-2.18638724,1258.0
10,230912,3,1653,0.9431119561195374,-0.01683003330253996,0.0004092704424510632,-0.012353582307696342,0.1524658203125,-41.64114689826965,0.9763141870498657,0.013211806,0.029257490881718695,7200,0.2,-2.18638724,1258.0
11,231424,3,1645,0.9432250261306763,-0.0266425599984359,0.0004092704424510632,-0.03607165813446045,0.265625,-41.64558386802673,0.7827813625335693,0.018357988,0.012840898125432432,7216,0.2,-2.18638724,1258.0
12,231936,3,1634,0.9431175589561462,-0.014482620419585146,0.0004092704424510632,0.03447503596544266,0.090087890625,-41.648295283317566,0.9463384747505188,0.014077291,0.09265343844890594,7232,0.2,-2.18308758,1258.0
13,232448,4,1634,0.9427990317344666,-0.025015126942889765,0.0004092704424510632,-0.025931822136044502,0.2779541015625,-41.64465069770813,0.9838066101074219,0.02170339,0.007133200211683288,7248,0.2,-2.18308758,1258.0
14,232960,4,1633,0.9422194361686707,-0.016390978184062988,0.0004092704424510632,-0.010509707033634186,0.2078857421875,-41.64119470119476,0.8873122930526733,0.013397478,0.02444128372007981,7264,0.2,-2.18117006,1258.0
15,233472,4,1618,0.9404774308204651,-0.022210743045434356,0.0004092704424510632,-0.02109706774353981,0.188232421875,-41.599812269210815,0.9725783467292786,0.017361894,0.03712308674585074,7280,0.2,-2.18117006,1258.0
16,233984,5,1615,0.9381837248802185,-0.030978181152022444,0.0004092704424510632,-0.03888370096683502,0.3515625,-41.53286373615265,0.8313494324684143,0.027650638,0.013380198332015425,7296,0.2,-2.18117006,1258.0
17,234496,5,1611,0.9360195398330688,-0.02249026564822998,0.0004092704424510632,-0.011238591745495796,0.220703125,-41.4711149930954,0.9669373035430908,0.019487057,0.0505157943116501,7312,0.2,-2.1823956900000003,1258.0
18,235008,5,1608,0.9359703660011292,-0.02546424929460045,0.0004092704424510632,-0.03746236115694046,0.229248046875,-41.41827952861786,0.9673092365264893,0.0150385,0.004684817991801538,7328,0.2,-2.1823956900000003,1258.0
19,235520,6,1607,0.9363241791725159,-0.019910110568162054,0.0004092704424510632,-0.011582313105463982,0.212890625,-41.42518472671509,0.9013087153434753,0.013808019,0.018549479660578072,7344,0.2,-2.1828392500000002,1258.0
20,236032,6,1606,0.936381459236145,-0.02147071020954172,0.0004092704424510632,-0.02419445477426052,0.185546875,-41.416555881500244,0.9667431712150574,0.015326224,0.03017454280052334,7360,0.2,-2.1828392500000002,1258.0
21,236544,6,1603,0.9371697902679443,-0.023488281527534127,0.0004092704424510632,-0.030092883855104446,0.23388671875,-41.42712366580963,0.8875463008880615,0.013106671,0.014099800813710317,7376,0.2,-2.17969436,1258.0
22,237056,7,1597,0.9379176497459412,-0.024948944395873696,0.0004092704424510632,-0.029421979561448097,0.160400390625,-41.4453821182251,0.963538646697998,0.022120405,0.0835612487862818,7392,0.2,-2.17969436,1258.0
23,237568,7,1592,0.9361691474914551,-0.028479933622293174,0.0004092704424510632,-0.032930660992860794,0.25537109375,-41.438536286354065,0.0005064010620117188,0.016578786,0.004930532646540087,7408,0.2,-2.17969436,1258.0
24,238080,7,1585,0.9348835349082947,-0.016138185499585234,0.0004092704424510632,-0.006833698600530624,0.13623046875,-41.39582908153534,0.9094720482826233,0.012758886,0.05419941118452698,7424,0.2,-2.17890645,1258.0
25,238592,8,1581,0.9344317317008972,-0.020081347713130526,0.0004092704424510632,-0.032520830631256104,0.1734619140625,-41.36093306541443,0.9772017598152161,0.014148215,0.024283080478198826,7440,0.2,-2.17890645,1258.0
26,239104,8,1578,0.9333059191703796,-0.027369372503017075,0.0004092704424510632,-0.02926292084157467,0.2513427734375,-41.33648681640625,0.9077074527740479,0.018786535,0.02873786026611924,7456,0.2,-2.1781883800000004,1258.0
27,239616,8,1572,0.9331387877464294,-0.020849102322245017,0.0004092704424510632,-0.0177641361951828,0.1513671875,-41.311334013938904,0.9806699752807617,0.019405339,0.04570912034250796,7472,0.2,-2.1781883800000004,1258.0
28,240128,9,1568,0.9334359765052795,-0.024169535106921103,0.0004092704424510632,-0.02942492812871933,0.216064453125,-41.31227195262909,0.5556826591491699,0.016482908,0.011292996001429856,7488,0.2,-2.1781883800000004,1258.0
29,240640,9,1567,0.9332569241523743,-0.017877483158372343,0.0004092704424510632,-0.005050107836723328,0.1705322265625,-41.304704546928406,0.9526466131210327,0.020526193,0.06298823666293174,7504,0.2,-2.17621352,1258.0
30,241152,9,1562,0.9335770010948181,-0.021030033167335205,0.0004092704424510632,-0.03143975883722305,0.198974609375,-41.30238163471222,0.9897132515907288,0.016127866,0.01513222570065409,7520,0.2,-2.17621352,1258.0
31,241664,10,1559,0.9329445362091064,-0.02542626069043763,0.0004092704424510632,-0.024864917621016502,0.272705078125,-41.29693055152893,0.9169790744781494,0.021550778,0.022215822828002274,7536,0.2,-2.17535652,1258.0
32,242176,10,1556,0.9337058067321777,-0.028306080981565174,0.0004092704424510632,-0.03249809518456459,0.213134765625,-41.30219256877899,0.9809473752975464,0.024334878,0.034486187680158764,7552,0.2,-2.17535652,1258.0
33,242688,10,1555,0.9314261078834534,-0.027834745560539886,0.0004092704424510632,-0.03079362027347088,0.285888671875,-41.28833734989166,0.727375864982605,0.0210181,0.012088285846402869,7568,0.2,-2.17535652,1258.0
34,243200,11,1554,0.9312720894813538,-0.022325229627313092,0.0004092704424510632,-0.0038226377218961716,0.219970703125,-41.240042090415955,0.950616717338562,0.027158942,0.059811877203173935,7584,0.2,-2.17231527,1258.0
35,243712,11,1551,0.9328963160514832,-0.029856005538022146,0.0004092704424510632,-0.04576396942138672,0.26513671875,-41.26820456981659,0.9894883632659912,0.01863001,0.00999947646050714,7600,0.2,-2.17231527,1258.0
36,244224,11,1553,0.9329670071601868,-0.026685995078878477,0.0004092704424510632,-0.014365226030349731,0.259033203125,-41.29444408416748,0.9144152998924255,0.020434678,0.025961413455661386,7616,0.2,-2.16950266,1258.0
37,244736,12,1551,0.9331027865409851,-0.024200856089009903,0.0004092704424510632,-0.03527239337563515,0.2039794921875,-41.287124156951904,0.9804596304893494,0.016378326,0.024257974524516612,7632,0.2,-2.16950266,1258.0
38,245248,12,1551,0.9324774146080017,-0.02295780007261783,0.0004092704424510632,-0.0268462672829628,0.22509765625,-41.2906733751297,0.7638013362884521,0.019002406,0.011570641479920596,7648,0.2,-2.16950266,1258.0
39,245760,12,1550,0.9314688444137573,-0.021029143768828362,0.0004092704424510632,-0.01768455095589161,0.2120361328125,-41.255810022354126,0.9544053077697754,0.024696423,0.05132949457038194,7664,0.2,-2.1674838,1258.0
40,246272,13,1543,0.9298065900802612,-0.025797118767513894,0.0004092704424510632,-0.0333368144929409,0.269287109375,-41.22486698627472,0.9877429604530334,0.020364128,0.008201865639421158,7680,0.2,-2.1674838,1258.0
41,246784,13,1543,0.9280731081962585,-0.03046812269894872,0.0004092704424510632,-0.03139190375804901,0.2742919921875,-41.16416323184967,0.917262613773346,0.019350238,0.028060892247594893,7696,0.2,-2.1656179700000004,1258.0
42,247296,13,1543,0.9260494709014893,-0.02592997370811645,0.0004092704424510632,-0.027985235676169395,0.2010498046875,-41.10787355899811,0.9828548431396484,0.019892663,0.024828408029861748,7712,0.2,-2.1656179700000004,1258.0
43,247808,14,1543,0.9235408902168274,-0.022786726243793964,0.0004092704424510632,-0.016723621636629105,0.23046875,-41.02334785461426,0.7741660475730896,0.019168649,0.0207433175528422,7728,0.2,-2.1656179700000004,1258.0
44,248320,14,1544,0.923357367515564,-0.022198832244612277,0.0004092704424510632,-0.020091423764824867,0.2078857421875,-40.975682616233826,0.9676321148872375,0.024475241,0.05868511681910604,7744,0.2,-2.1619006100000004,1258.0
45,248832,14,1544,0.9231120347976685,-0.027565421478357166,0.0004092704424510632,-0.043604280799627304,0.2835693359375,-40.978710412979126,0.9895588159561157,0.019228762,0.005201201376621611,7760,0.2,-2.1619006100000004,1258.0
46,249344,15,1543,0.9236950278282166,-0.017677140684099868,0.0004092704424510632,-0.021852243691682816,0.17578125,-40.979859590530396,0.880769670009613,0.015300974,0.03362034470774233,7776,0.2,-2.15867634,1258.0
47,249856,15,1542,0.9232849478721619,-0.019311473006382585,0.0004092704424510632,-0.022345565259456635,0.1719970703125,-40.988181352615356,0.9822072386741638,0.016964493,0.023885264643467963,7792,0.2,-2.15867634,1258.0
48,250368,15,1537,0.922983705997467,-0.022792287374613807,0.0004092704424510632,-0.025472037494182587,0.2431640625,-40.967251896858215,0.8835820555686951,0.020861814,0.02117969235405326,7808,0.2,-2.1579473800000004,1258.0
49,250880,16,1537,0.9225271344184875,-0.01810857174859848,0.0004092704424510632,-0.013258494436740875,0.1722412109375,-40.9569354057312,0.9737483263015747,0.016742107,0.04542109853355214,7824,0.2,-2.1579473800000004,1258.0
50,251392,16,1534,0.9204712510108948,-0.019908416230464354,0.0004092704424510632,-0.01900584064424038,0.196533203125,-40.92096292972565,-0.0630502700805664,0.014285107,0.008176514296792448,7840,0.2,-2.1579473800000004,1258.0
51,251904,17,1535,0.919858455657959,-0.025880558241624385,0.0004092704424510632,-0.025196459144353867,0.2569580078125,-40.86905515193939,0.9391605257987976,0.021550057,0.03479485574644059,7856,0.2,-2.15780107,1258.0
52,252416,17,1534,0.9214915633201599,-0.02818235455197282,0.0004092704424510632,-0.03798173740506172,0.2232666015625,-40.88432991504669,0.9903350472450256,0.015977988,0.012419128004694358,7872,0.2,-2.15780107,1258.0
53,252928,17,1535,0.9220401644706726,-0.02278082477278076,0.0004092704424510632,-0.028970349580049515,0.20166015625,-40.94000160694122,0.8996362090110779,0.018495353,0.01942532492103055,7888,0.2,-2.1554276800000003,1258.0
54,253440,18,1535,0.9216577410697937,-0.021455867332406342,0.0004092704424510632,-0.00502990186214447,0.1680908203125,-40.95294916629791,0.9744285345077515,0.018307146,0.05343575094593689,7904,0.2,-2.1554276800000003,1258.0
55,253952,18,1535,0.923681378364563,-0.029576114320661873,0.0004092704424510632,-0.034528281539678574,0.3272705078125,-40.97152876853943,-0.4135662317276001,0.025178906,0.004146666753513273,7920,0.2,-2.1554276800000003,1258.0
56,254464,18,1533,0.9239553213119507,-0.014278421796916518,0.0004092704424510632,0.020576007664203644,0.0980224609375,-41.01880097389221,0.9282965064048767,0.016505245,0.07973993278574198,7936,0.2,-2.15337293,1258.0
57,254976,19,1531,0.9225910305976868,-0.01804737791826483,0.0004092704424510632,-0.020833555608987808,0.1676025390625,-40.998268127441406,0.9832804799079895,0.012258245,0.014114906647591852,7952,0.2,-2.15337293,1258.0
58,255488,19,1530,0.9216696619987488,-0.014900317662977614,0.0004092704424510632,-0.016367653384804726,0.1468505859375,-40.950754284858704,0.9157097935676575,0.015097408,0.03414315899135545,7968,0.2,-2.14763938,1258.0
59,256000,19,1528,0.9213878512382507,-0.02137230383232236,0.0004092704424510632,-0.016799291595816612,0.162841796875,-40.94268310070038,0.9838076233863831,0.013399743,0.03712112735956907,7984,0.2,-2.14763938,1258.0
60,256512,20,1525,0.9209945797920227,-0.029836756992153823,0.0004092704424510632,-0.03255729377269745,0.2808837890625,-40.948691964149475,0.582444429397583,0.019024026,0.016773379815276712,8000,0.2,-2.14763938,1258.0
61,257024,20,1524,0.92113196849823,-0.013361358520342037,0.0004092704424510632,0.03869108110666275,0.0753173828125,-40.94593596458435,0.9564689993858337,0.012432706,0.09282237570732832,8016,0.2,-2.14448135,1258.0
62,257536,20,1524,0.9193750619888306,-0.0270819986180868,0.0004092704424510632,-0.03708241507411003,0.2554931640625,-40.92751216888428,0.9851681590080261,0.018467274,0.011282016013865359,8032,0.2,-2.14448135,1258.0
63,258048,21,1523,0.9175916314125061,-0.021130965280462988,0.0004092704424510632,-0.022720154374837875,0.2259521484375,-40.859338879585266,0.9198720455169678,0.025212375,0.03528721979819238,8048,0.2,-2.1403888799999997,1258.0
64,258560,21,1523,0.9171043038368225,-0.02454276746721007,0.0004092704424510632,-0.031170938163995743,0.20361328125,-40.8135803937912,0.9863041043281555,0.020417154,0.02943074918584898,8064,0.2,-2.1403888799999997,1258.0
65,259072,21,1523,0.9168915152549744,-0.02692632113758009,0.0004092704424510632,-0.02873043157160282,0.258056640625,-40.81066930294037,0.7897289991378784,0.016508348,0.013990328938234597,8080,0.2,-2.1403888799999997,1258.0
66,259584,22,1523,0.9164656400680542,-0.019788144942140207,0.0004092704424510632,-0.002464884892106056,0.1651611328125,-40.80831527709961,0.9505590200424194,0.020548943,0.05334097926970571,8096,0.2,-2.1373833299999996,1258.0
67,260096,22,1523,0.9167488813400269,-0.0269172151456587,0.0004092704424510632,-0.03590288758277893,0.2799072265625,-40.80726432800293,0.9928116798400879,0.018107327,0.006598424864932895,8112,0.2,-2.1373833299999996,1258.0
68,260608,22,1522,0.9163864254951477,-0.016754524287534878,0.0004092704424510632,-0.0066257137805223465,0.127685546875,-40.804540276527405,0.9247981905937195,0.015521448,0.041436401719693094,8128,0.2,-2.134677199999999,1258.0
69,261120,23,1523,0.9164270162582397,-0.027121698556584306,0.0004092704424510632,-0.03967377170920372,0.193115234375,-40.79348027706146,0.9882436990737915,0.0130585665,0.020449021423701197,8144,0.2,-2.134677199999999,1258.0
70,261632,23,1525,0.9182153344154358,-0.025526277313474566,0.0004092704424510632,-0.032279085367918015,0.2674560546875,-40.82266843318939,0.8307631015777588,0.019382142,0.02479423803742975,8160,0.2,-2.134677199999999,1258.0
71,262144,23,1524,0.9184374213218689,-0.01796176414063666,0.0004092704424510632,-0.03109661489725113,0.189208984375,-40.870381236076355,0.9501925110816956,0.02099918,0.03228198189754039,8176,0.2,-2.1337934599999993,1258.0
72,262656,24,1522,0.9181345701217651,-0.026861800608457997,0.0004092704424510632,-0.03641589730978012,0.2586669921875,-40.86605930328369,0.9880936741828918,0.017001264,0.006469845640822314,8192,0.2,-2.1337934599999993,1258.0
73,263168,24,1523,0.9180583357810974,-0.019948145345551893,0.0004092704424510632,-0.02015816420316696,0.191162109375,-40.851380825042725,0.9209551215171814,0.014799138,0.019273242622148246,8208,0.2,-2.1322491,1258.0
74,263680,24,1523,0.9177811145782471,-0.022317731389193796,0.0004092704424510632,-0.03863698989152908,0.2056884765625,-40.8430061340332,0.9816592931747437,0.016794983,0.019195250220946036,8224,0.2,-2.1322491,1258.0
75,264192,25,1524,0.9187554121017456,-0.030223321198718622,0.0004092704424510632,-0.040395017713308334,0.2708740234375,-40.83420932292938,0.8885194063186646,0.019360812,0.012576067238114774,8240,0.2,-2.1290885399999997,1258.0
76,264704,25,1524,0.9193108081817627,-0.02287791068374645,0.0004092704424510632,-0.015013054944574833,0.1961669921875,-40.86202108860016,0.9696882367134094,0.02661607,0.034501036803703755,8256,0.2,-2.1290885399999997,1258.0
77,265216,25,1523,0.9210566282272339,-0.026332302237278782,0.0004092704424510632,-0.039019446820020676,0.2548828125,-40.88981914520264,-0.39888691902160645,0.018397644,0.00441540472820634,8272,0.2,-2.1290885399999997,1258.0
78,265728,26,1521,0.9220813512802124,-0.0285613987580291,0.0004092704424510632,-0.02902625873684883,0.2520751953125,-40.92310571670532,0.898083508014679,0.018922206,0.019642477040179074,8288,0.2,-2.12764869,1258.0
79,266240,26,1520,0.9232648015022278,-0.03155897441320121,0.0004092704424510632,-0.03265596553683281,0.26806640625,-40.96445405483246,0.9805797338485718,0.022317152,0.01883270201506093,8304,0.2,-2.12764869,1258.0
80,266752,26,1519,0.9218198657035828,-0.02389576549467165,0.0004092704424510632,-0.023159146308898926,0.236328125,-40.97035193443298,0.9036303758621216,0.01611207,0.015994522807886824,8320,0.2,-2.12513319,1258.0
81,267264,27,1519,0.9208888411521912,-0.021380860765930265,0.0004092704424510632,-0.026948807761073112,0.2091064453125,-40.91173040866852,0.9816086888313293,0.022582281,0.023619620769750327,8336,0.2,-2.12513319,1258.0
82,267776,27,1519,0.9214835166931152,-0.023442181845894083,0.0004092704424510632,-0.019059889018535614,0.2342529296875,-40.91845345497131,0.4140617251396179,0.017110225,0.009393980872118846,8352,0.2,-2.12513319,1258.0
83,268288,27,1518,0.9215099215507507,-0.028155704669188708,0.0004092704424510632,-0.03348702937364578,0.20166015625,-40.93685555458069,0.9561839699745178,0.03094782,0.03939481172710657,8368,0.2,-2.12510894,1258.0
84,268800,28,1517,0.9195449948310852,-0.024810926610371098,0.0004092704424510632,-0.03838975727558136,0.193359375,-40.91375458240509,0.9898431897163391,0.014205103,0.009824256994761527,8384,0.2,-2.12510894,1258.0
85,269312,28,1517,0.9193888306617737,-0.027445049257948995,0.0004092704424510632,-0.03788438439369202,0.254638671875,-40.86024820804596,0.9172864556312561,0.021379823,0.016704345063772053,8400,0.2,-2.12700573,1258.0
86,269824,29,1516,0.9209721088409424,-0.024049662592005916,0.0004092704424510632,-0.04560353234410286,0.19677734375,-40.87673270702362,0.9820259809494019,0.015706595,0.017602881940547377,8416,0.2,-2.12700573,1258.0
87,270336,29,1517,0.9229944348335266,-0.03328762105957139,0.0004092704424510632,-0.05237933620810509,0.2696533203125,-40.93570399284363,0.3415921926498413,0.021286242,0.006053875113138929,8432,0.2,-2.12700573,1258.0
88,270848,29,1517,0.9230853319168091,-0.019003864676051307,0.0004092704424510632,-0.012133251875638962,0.185302734375,-40.979092478752136,0.9538504481315613,0.018341884,0.04187734326114878,8448,0.2,-2.12441667,1258.0
89,271360,30,1517,0.9250131249427795,-0.034674292750423774,0.0004092704424510632,-0.041910041123628616,0.318603515625,-40.99544417858124,0.9916750192642212,0.022634432,0.007740797162114177,8464,0.2,-2.12441667,1258.0
90,271872,30,1517,0.9242274761199951,-0.03298990741313901,0.0004092704424510632,-0.03920075297355652,0.30078125,-41.01569080352783,0.8961700797080994,0.022225905,0.019203915901016444,8480,0.2,-2.12489843,1258.0
91,272384,30,1516,0.923602283000946,-0.020454688085010275,0.0004092704424510632,-0.020030226558446884,0.1636962890625,-40.989527225494385,0.9809077978134155,0.012702508,0.02032868255628273,8496,0.2,-2.12489843,1258.0
92,272896,31,1516,0.9236921072006226,-0.02976653934456408,0.0004092704424510632,-0.03852256387472153,0.28125,-40.97208297252655,0.7828562259674072,0.019431174,0.007220346888061613,8512,0.2,-2.12489843,1258.0
93,273408,31,1517,0.9238721132278442,-0.026143008639337495,0.0004092704424510632,-0.035789232701063156,0.1923828125,-40.97978115081787,0.9611803293228149,0.022413615,0.03964409971376881,8528,0.2,-2.12389808,1258.0
94,273920,31,1517,0.9235950708389282,-0.02582994623662671,0.0004092704424510632,-0.038256820291280746,0.2144775390625,-40.978012561798096,0.995510995388031,0.015319061,0.0052850031715934165,8544,0.2,-2.12389808,1258.0
95,274432,32,1515,0.9221655130386353,-0.028460751738748513,0.0004092704424510632,-0.025594446808099747,0.2728271484375,-40.961989879608154,0.9187489748001099,0.026121072,0.016329460020642728,8560,0.2,-2.1263984099999997,1258.0
96,274944,32,1512,0.9228494763374329,-0.02144030739145819,0.0004092704424510632,-0.014655628241598606,0.1895751953125,-40.93846642971039,0.982224702835083,0.01501097,0.015619015466654673,8576,0.2,-2.1263984099999997,1258.0
97,275456,32,1510,0.9240303039550781,-0.022931930390768684,0.0004092704424510632,-0.038774605840444565,0.2142333984375,-40.98266160488129,0.8002078533172607,0.0150035415,0.007137790322303772,8592,0.2,-2.1263984099999997,1258.0
98,275968,33,1510,0.9251708388328552,-0.024912884531659074,0.0004092704424510632,-0.03340909630060196,0.2061767578125,-41.019309878349304,0.9674519300460815,0.02114331,0.03577617713017389,8608,0.2,-2.12541854,1258.0
99,276480,33,1510,0.9259136319160461,-0.019637302451883443,0.0004092704424510632,-0.03431282564997673,0.2144775390625,-41.049715995788574,0.9961626529693604,0.018118413,0.003884531652147416,8624,0.2,-2.12541854,1258.0
100,276992,33,1509,0.9257194399833679,-0.02648028524708934,0.0004092704424510632,-0.029058311134576797,0.2783203125,-41.056013345718384,0.9124486446380615,0.0213972,0.013702310097869486,8640,0.2,-2.12537824,1258.0
101,277504,34,1509,0.9256775379180908,-0.022933465894311666,0.0004092704424510632,-0.029686130583286285,0.201904296875,-41.053550124168396,0.980055034160614,0.01554154,0.012930205630254932,8656,0.2,-2.12537824,1258.0
102,278016,34,1509,0.925904393196106,-0.02289490113616921,0.0004092704424510632,-0.031904056668281555,0.228759765625,-41.0511474609375,0.8679306507110596,0.01530825,0.009104724653298035,8672,0.2,-2.12537824,1258.0
103,278528,34,1508,0.9254127740859985,-0.025681346916826442,0.0004092704424510632,-0.034050531685352325,0.2083740234375,-41.03163754940033,0.9662396311759949,0.021314068,0.022542437131050974,8688,0.2,-2.1256798800000003,1258.0
104,279040,35,1504,0.9264095425605774,-0.02545733645092696,0.0004092704424510632,-0.02872265875339508,0.2718505859375,-41.04068148136139,0.9275510311126709,0.019573977,0.0026043859179480933,8704,0.2,-2.1256798800000003,1258.0
105,279552,35,1505,0.9265413880348206,-0.03059482781100087,0.0004092704424510632,-0.04243837296962738,0.2811279296875,-41.06771624088287,0.9285720586776733,0.017352581,0.011426723416661844,8720,0.2,-2.12488254,1258.0
106,280064,36,1505,0.9274741411209106,-0.021876469458220527,0.0004092704424510632,-0.024116937071084976,0.189208984375,-41.078163146972656,0.9793825745582581,0.012830015,0.01230586224119179,8736,0.2,-2.12488254,1258.0
107,280576,36,1505,0.9273564219474792,-0.02745697120553814,0.0004092704424510632,-0.03856658563017845,0.252197265625,-41.10585629940033,0.9088122844696045,0.020445865,0.005546003187191673,8752,0.2,-2.12106933,1258.0
108,281088,36,1505,0.9280524253845215,-0.023787733480276074,0.0004092704424510632,-0.01724238693714142,0.2060546875,-41.122382164001465,0.9765530824661255,0.021743178,0.023617548606125638,8768,0.2,-2.12106933,1258.0
109,281600,37,1506,0.9299581050872803,-0.024628334474982694,0.0004092704424510632,-0.03477742522954941,0.2427978515625,-41.16597878932953,-0.14058434963226318,0.019263454,0.0019956023825216107,8784,0.2,-2.12106933,1258.0
110,282112,37,1507,0.9303253889083862,-0.02431753437849693,0.0004092704424510632,-0.027250777930021286,0.23193359375,-41.21447682380676,0.898297131061554,0.023515344,0.029382182110566646,8800,0.2,-2.11962906,1258.0
111,282624,37,1506,0.9270595908164978,-0.026313226378988475,0.0004092704424510632,-0.028521403670310974,0.24755859375,-41.17905330657959,0.985663115978241,0.018966025,0.010225855468888767,8816,0.2,-2.11962906,1258.0
112,283136,38,1507,0.9266019463539124,-0.027129670212161727,0.0004092704424510632,-0.032870762050151825,0.259765625,-41.10865318775177,0.9228154420852661,0.01700017,0.012460016325348988,8832,0.2,-2.11839267,1258.0
113,283648,38,1507,0.9275689125061035,-0.024286587489768863,0.0004092704424510632,-0.034340135753154755,0.1871337890625,-41.12134110927582,0.9806303977966309,0.021275602,0.02042508649174124,8848,0.2,-2.11839267,1258.0
114,284160,38,1506,0.9271829128265381,-0.027781489596236497,0.0004092704424510632,-0.030980892479419708,0.259521484375,-41.14290404319763,0.6617438793182373,0.019079406,0.00670797677594237,8864,0.2,-2.11839267,1258.0
115,284672,39,1507,0.9273116588592529,-0.020433990692254156,0.0004092704424510632,-0.028903266414999962,0.161376953125,-41.13219499588013,0.9565863609313965,0.021980206,0.03617662173928693,8880,0.2,-2.1150417,1258.0
116,285184,39,1507,0.9300894737243652,-0.02250855883175973,0.0004092704424510632,-0.019215784966945648,0.2127685546875,-41.17789030075073,0.9914597868919373,0.0134364385,0.007044525300443638,8896,0.2,-2.1150417,1258.0
117,285696,39,1507,0.9319023489952087,-0.02672011940740049,0.0004092704424510632,-0.03331591933965683,0.2628173828125,-41.268516182899475,0.8717926740646362,0.020803027,0.015727807127404958,8912,0.2,-2.1165601499999998,1258.0
118,286208,40,1507,0.9317013025283813,-0.02097980459802784,0.0004092704424510632,-0.021434947848320007,0.187255859375,-41.292473793029785,0.9833613038063049,0.014042454,0.020159851090284064,8928,0.2,-2.1165601499999998,1258.0
119,286720,40,1507,0.929871678352356,-0.024367700490984134,0.0004092704424510632,-0.034769825637340546,0.20556640625,-41.25579917430878,0.7482202053070068,0.015055034,0.006450033324654214,8944,0.2,-2.1165601499999998,1258.0
120,287232,40,1508,0.9295250177383423,-0.023708229389740154,0.0004092704424510632,-0.016053156927227974,0.1910400390625,-41.20356905460358,0.9513437747955322,0.02035113,0.03453860821900889,8960,0.2,-2.11444289,1258.0
121,287744,41,1507,0.9322913289070129,-0.029390022857114673,0.0004092704424510632,-0.030557049438357353,0.2496337890625,-41.231985449790955,0.9892666935920715,0.01659582,0.006357168058457319,8976,0.2,-2.11444289,1258.0
122,288256,41,1507,0.9320927262306213,-0.02318969974294305,0.0004092704424510632,-0.025275051593780518,0.2230224609375,-41.28781354427338,0.9172284007072449,0.017366502,0.00870750640751794,8992,0.2,-2.11432028,1258.0
123,288768,41,1501,0.9301404356956482,-0.016591223946306854,0.0004092704424510632,-0.016973044723272324,0.134033203125,-41.24615406990051,0.9813154935836792,0.012074035,0.013817793398629874,9008,0.2,-2.11432028,1258.0
124,289280,42,1498,0.9307061433792114,-0.02621159281989094,0.0004092704424510632,-0.025993457064032555,0.2440185546875,-41.20798623561859,0.6512152552604675,0.020234274,0.005928972808760591,9024,0.2,-2.11432028,1258.0
125,289792,42,1496,0.9317572712898254,-0.02505083523283247,0.0004092704424510632,-0.03424551337957382,0.236083984375,-41.239221930503845,0.9688655734062195,0.020163542,0.02386926073813811,9040,0.2,-2.1138951800000005,1258.0
126,290304,43,1496,0.932769238948822,-0.026364482182543725,0.0004092704424510632,-0.028003420680761337,0.2530517578125,-41.26944935321808,0.9965811967849731,0.018846106,0.00334271330939373,9056,0.2,-2.1138951800000005,1258.0
127,290816,43,1496,0.9342647194862366,-0.020893373352009803,0.0004092704424510632,-0.028615087270736694,0.2115478515625,-41.299655079841614,0.9178240299224854,0.01611305,0.014778218959691003,9072,0.2,-2.1116263500000003,1258.0
128,291328,43,1497,0.9349130988121033,-0.02089061075821519,0.0004092704424510632,-0.031575076282024384,0.21142578125,-41.342621207237244,0.9855814576148987,0.015920628,0.009187443181872368,9088,0.2,-2.1116263500000003,1258.0
129,291840,44,1496,0.9341208934783936,-0.02803523460170254,0.0004092704424510632,-0.03455881029367447,0.3046875,-41.34043478965759,0.851349949836731,0.021918166,0.006857252024929039,9104,0.2,-2.1116263500000003,1258.0
130,292352,44,1496,0.9341457486152649,-0.01953384722582996,0.0004092704424510632,-0.01626664772629738,0.186767578125,-41.31910991668701,0.9675349593162537,0.015056129,0.016495201212819666,9120,0.2,-2.1100873700000005,1258.0
131,292864,44,1495,0.9358533024787903,-0.02754886339243967,0.0004092704424510632,-0.031345851719379425,0.2318115234375,-41.33311116695404,0.9861904382705688,0.0133698825,0.003515448042890057,9136,0.2,-2.1100873700000005,1258.0
132,293376,45,1495,0.9383677840232849,-0.024941734416643158,0.0004092704424510632,-0.03379338979721069,0.2264404296875,-41.41382348537445,0.9333533048629761,0.022141473,0.010888176620937884,9152,0.2,-2.10725561,1258.0
133,293888,45,1493,0.9394827485084534,-0.02325503785687033,0.0004092704424510632,-0.037689995020627975,0.210205078125,-41.46732580661774,0.9866682887077332,0.015371667,0.008362621039850637,9168,0.2,-2.10725561,1258.0
134,294400,45,1492,0.9375274181365967,-0.035107754374621436,0.0004092704424510632,-0.03448975831270218,0.2989501953125,-41.455845952034,0.9001361727714539,0.02711879,0.007845110798371024,9184,0.2,-2.10391702,1258.0
135,294912,46,1492,0.936517596244812,-0.022752248885808513,0.0004092704424510632,-0.02399943396449089,0.2064208984375,-41.39003562927246,0.9769284725189209,0.017294496,0.01872648231801577,9200,0.2,-2.10391702,1258.0
136,295424,46,1493,0.9349924921989441,-0.031120892454055138,0.0004092704424510632,-0.04017863795161247,0.2659912109375,-41.35111844539642,-0.08527994155883789,0.01806338,0.0033739980935934,9216,0.2,-2.10391702,1258.0
137,295936,46,1493,0.9342604875564575,-0.02550459504709579,0.0004092704424510632,-0.017258789390325546,0.186767578125,-41.30959177017212,0.9192805886268616,0.022169257,0.029682643711566925,9232,0.2,-2.10465998,1258.0
138,296448,47,1492,0.9349793195724487,-0.028590709953277837,0.0004092704424510632,-0.027300983667373657,0.2225341796875,-41.3129597902298,0.9918726682662964,0.014971277,0.006916286321938969,9248,0.2,-2.10465998,1258.0
139,296960,47,1493,0.9358874559402466,-0.02518962357135024,0.0004092704424510632,-0.04063435271382332,0.2877197265625,-41.342474818229675,0.9139106869697571,0.029101279,0.012233739224029705,9264,0.2,-2.10373283,1258.0
140,297472,48,1493,0.9375146627426147,-0.021339827944757417,0.0004092704424510632,-0.02442200481891632,0.189208984375,-41.38178551197052,0.9846065640449524,0.015395837,0.012153577292338014,9280,0.2,-2.10373283,1258.0
141,297984,48,1491,0.9360496401786804,-0.0223172595287906,0.0004092704424510632,-0.033196501433849335,0.2081298828125,-41.396989941596985,0.19276106357574463,0.011736885,0.0032607877656118944,9296,0.2,-2.10373283,1258.0
142,298496,48,1491,0.9352805018424988,-0.021471812680829316,0.0004092704424510632,-0.009777778759598732,0.1572265625,-41.34378278255463,0.9523729085922241,0.01838152,0.031864971155300736,9312,0.2,-2.1040408399999997,1258.0
143,299008,49,1491,0.9338904619216919,-0.024959141119325068,0.0004092704424510632,-0.04557744041085243,0.22021484375,-41.31711995601654,0.9938514232635498,0.016899588,0.00604834111436503,9328,0.2,-2.1040408399999997,1258.0
144,299520,49,1492,0.9324202537536621,-0.023400558435241692,0.0004092704424510632,-0.02798987179994583,0.2071533203125,-41.26816976070404,0.931263267993927,0.015317588,0.012208006373839453,9344,0.2,-2.1017617499999997,1258.0
145,300032,49,1492,0.932649552822113,-0.025906288210535422,0.0004092704424510632,-0.04052405804395676,0.213623046875,-41.244073152542114,0.9857746362686157,0.019863913,0.01435357891023159,9360,0.2,-2.1017617499999997,1258.0
146,300544,50,1492,0.9351003766059875,-0.02080632228171453,0.0004092704424510632,-0.030605312436819077,0.1920166015625,-41.273120045661926,0.6881030797958374,0.014024083,0.010115879878867418,9376,0.2,-2.1017617499999997,1258.0
147,301056,50,1492,0.9355978965759277,-0.02296616004605312,0.0004092704424510632,-0.023615514859557152,0.206787109375,-41.32986319065094,0.9625889658927917,0.021406917,0.022530609858222306,9392,0.2,-2.10050203,1258.0
