time/total_timesteps,time/iterations,time/fps,time/time_elapsed,train/explained_variance,train/std,train/approx_kl,train/clip_fraction,train/clip_range,train/learning_rate,train/policy_gradient_loss,train/loss,train/value_loss,train/entropy_loss,train/n_updates,rollout/ep_rew_mean,rollout/ep_len_mean
512,1,4112,0,,,,,,,,,,,,,
1024,2,2654,0,-0.45611369609832764,0.9977227449417114,0.016432703,0.2252197265625,0.2,0.0004092704424510632,-0.0299917399242986,-0.025877421721816063,0.14702835837670136,-43.94964277744293,16,,
1536,3,2321,0,-0.002135038375854492,0.9964275360107422,0.01738317,0.2518310546875,0.2,0.0004092704424510632,-0.02688611956546083,-0.04787902906537056,0.0030632456837338395,-43.893980860710144,32,-2.338257,1223.0
2048,4,2142,0,-0.007569313049316406,0.9977275133132935,0.012453282,0.2034912109375,0.2,0.0004092704424510632,-0.020702222333056852,-0.027661049738526344,0.004533788698608987,-43.88842451572418,48,-2.338257,1223.0
2560,5,2056,1,0.0016353726387023926,0.9980176091194153,0.018136645,0.2484130859375,0.2,0.0004092704424510632,-0.026170775934588164,-0.02927163802087307,0.0017218523116753204,-43.923064827919006,64,-2.3743,1223.0
3072,6,2010,1,-0.0017287731170654297,0.9994861483573914,0.022698645,0.3109130859375,0.2,0.0004092704424510632,-0.031065296847373247,-0.04402018338441849,0.006929962764843367,-43.94286227226257,80,-2.3743,1223.0
3584,7,1982,1,0.0009136199951171875,0.9996179938316345,0.016849525,0.266845703125,0.2,0.0004092704424510632,-0.027149307541549206,-0.037285834550857544,0.002213652387581533,-43.97047579288483,96,-2.3743,1223.0
4096,8,1959,2,0.005756855010986328,1.0001360177993774,0.021124037,0.2720947265625,0.2,0.0004092704424510632,-0.02871698298258707,-0.03847479447722435,0.0027822816446132492,-43.974733114242554,112,-2.3805746666666665,1223.0
4608,9,1937,2,-0.0017563104629516602,0.9982177019119263,0.022556059,0.2735595703125,0.2,0.0004092704424510632,-0.02813499678450171,-0.025932567194104195,0.018417584127746522,-43.96363937854767,128,-2.3805746666666665,1223.0
5120,10,1920,2,0.0002821683883666992,0.997668445110321,0.023088658,0.240234375,0.2,0.0004092704424510632,-0.026579613317153417,-0.02744215726852417,0.00194864640434389,-43.91061019897461,144,-2.407496,1223.0
5632,11,1908,2,-0.0009210109710693359,0.9970437288284302,0.018284304,0.254638671875,0.2,0.0004092704424510632,-0.0264805305050686,-0.02859342284500599,0.02481343428371474,-43.90293335914612,160,-2.407496,1223.0
6144,12,1899,3,-0.000544428825378418,0.9943182468414307,0.017757535,0.266357421875,0.2,0.0004092704424510632,-0.03096507684676908,-0.034926384687423706,0.0017535222359583713,-43.847307562828064,176,-2.4049574,1223.0
6656,13,1889,3,-0.00038492679595947266,0.9938888549804688,0.023941234,0.2711181640625,0.2,0.0004092704424510632,-0.026101148119778372,-0.02930784970521927,0.031272619031369686,-43.78450572490692,192,-2.4049574,1223.0
7168,14,1883,3,-0.001147150993347168,0.9915615916252136,0.015910046,0.2298583984375,0.2,0.0004092704424510632,-0.027644048212096095,-0.031130174174904823,0.0025133310446108226,-43.758156418800354,208,-2.4049574,1223.0
7680,15,1877,4,-0.00017786026000976562,0.9898339509963989,0.01933958,0.227783203125,0.2,0.0004092704424510632,-0.024906238628318533,-0.02868291735649109,0.002711014290980529,-43.6794775724411,224,-2.389127,1223.0
8192,16,1872,4,-0.00023031234741210938,0.9891815185546875,0.030875113,0.2720947265625,0.2,0.0004092704424510632,-0.029234845947939903,-0.01092376559972763,0.048821839271113276,-43.6458238363266,240,-2.389127,1223.0
8704,17,1866,4,-0.001988530158996582,0.9876485466957092,0.01772428,0.2462158203125,0.2,0.0004092704424510632,-0.02742417555418797,-0.04523687809705734,0.0016246543436864158,-43.614418506622314,256,-2.3797241428571425,1223.0
9216,18,1853,4,-4.291534423828125e-06,0.9890751838684082,0.019498687,0.2298583984375,0.2,0.0004092704424510632,-0.025655518635176122,-0.009581383317708969,0.05521743174176663,-43.597283482551575,272,-2.3797241428571425,1223.0
9728,19,1842,5,0.00431293249130249,0.9903839826583862,0.018337246,0.232666015625,0.2,0.0004092704424510632,-0.02493473154027015,-0.04065457731485367,0.002021711872657761,-43.64881181716919,288,-2.3797241428571425,1223.0
10240,20,1831,5,2.2649765014648438e-06,0.9912145733833313,0.027185682,0.2783203125,0.2,0.0004092704424510632,-0.031347743919468485,-0.038494568318128586,0.002332204003323568,-43.67752730846405,304,-2.353187625,1223.0
10752,21,1821,5,9.894371032714844e-05,0.9927012920379639,0.033154383,0.3048095703125,0.2,0.0004092704424510632,-0.029068467643810436,-0.01298714429140091,0.06768151966389269,-43.71419560909271,320,-2.353187625,1223.0
11264,22,1814,6,0.00033271312713623047,0.9923949241638184,0.0191025,0.2431640625,0.2,0.0004092704424510632,-0.026215246762149036,-0.046207245439291,0.001960712763320771,-43.739734172821045,336,-2.341958,1223.0
11776,23,1806,6,0.00025641918182373047,0.9929931163787842,0.024070166,0.249267578125,0.2,0.0004092704424510632,-0.027480692595418077,0.0008157268166542053,0.079373087733984,-43.73105728626251,352,-2.341958,1223.0
12288,24,1805,6,0.0015940666198730469,0.9923073649406433,0.015661512,0.1851806640625,0.2,0.0004092704424510632,-0.02171229390660301,-0.03647725284099579,0.001307374963289476,-43.7354302406311,368,-2.3362651999999997,1223.0
12800,25,1800,7,0.00034552812576293945,0.9913675785064697,0.019999601,0.24755859375,0.2,0.0004092704424510632,-0.023816837347112596,0.00653572753071785,0.08296525268815458,-43.70276999473572,384,-2.3362651999999997,1223.0
13312,26,1796,7,-0.0033648014068603516,0.9937306046485901,0.017220031,0.2230224609375,0.2,0.0004092704424510632,-0.02478112146491185,-0.03779877722263336,0.0024234499796875753,-43.715468406677246,400,-2.3362651999999997,1223.0
13824,27,1790,7,-0.0013893842697143555,0.9923415780067444,0.021941504,0.2591552734375,0.2,0.0004092704424510632,-0.028487442818004638,-0.03148140013217926,0.0024792431395326275,-43.751856327056885,416,-2.3412262727272726,1223.0
14336,28,1786,8,0.00033271312713623047,0.9930113554000854,0.020650487,0.259765625,0.2,0.0004092704424510632,-0.02968486971803941,0.002809997648000717,0.10217118635773659,-43.71681046485901,432,-2.3412262727272726,1223.0
14848,29,1781,8,2.8967857360839844e-05,0.9951939582824707,0.021284517,0.271728515625,0.2,0.0004092704424510632,-0.033661936889984645,-0.047377318143844604,0.0016843751418491593,-43.76744270324707,448,-2.341555083333333,1223.0
15360,30,1775,8,0.0004354715347290039,0.9959087371826172,0.020040506,0.238525390625,0.2,0.0004092704424510632,-0.03029882680857554,0.007848888635635376,0.10358129860833287,-43.81390953063965,464,-2.341555083333333,1223.0
15872,31,1770,8,-0.0003426074981689453,0.9959330558776855,0.02532138,0.2708740234375,0.2,0.0004092704424510632,-0.031990796502213925,-0.03388246148824692,0.002010702661209507,-43.821980595588684,480,-2.341555083333333,1223.0
16384,32,1765,9,-0.00213623046875,0.9969478249549866,0.0143430345,0.192626953125,0.2,0.0004092704424510632,-0.022001822711899877,-0.03914053365588188,0.0032071636342152487,-43.83465588092804,496,-2.3452492307692308,1223.0
16896,33,1760,9,0.0001049041748046875,0.9967415928840637,0.02765809,0.2977294921875,0.2,0.0004092704424510632,-0.027216112168389373,0.0019993409514427185,0.09076436585746706,-43.85810661315918,512,-2.3452492307692308,1223.0
17408,34,1756,9,-0.002498626708984375,0.9957225322723389,0.016865378,0.21337890625,0.2,0.0004092704424510632,-0.021523062270716764,-0.046970512717962265,0.0028737525681208353,-43.828354358673096,528,-2.341685714285714,1223.0
17920,35,1752,10,0.00033843517303466797,0.9950817823410034,0.02075925,0.248291015625,0.2,0.0004092704424510632,-0.025327951792860404,0.026365771889686584,0.13873657514341176,-43.80447030067444,544,-2.341685714285714,1223.0
18432,36,1748,10,-0.00851583480834961,0.9951772093772888,0.024318956,0.246337890625,0.2,0.0004092704424510632,-0.028230878204340115,-0.03250390291213989,0.0016190331043617334,-43.79430627822876,560,-2.3407824666666666,1223.0
18944,37,1744,10,0.0005139708518981934,0.9949896335601807,0.024388663,0.2406005859375,0.2,0.0004092704424510632,-0.025446492451010272,0.027894891798496246,0.13433671626262367,-43.79878497123718,576,-2.3407824666666666,1223.0
19456,38,1742,11,-0.006333351135253906,0.9966694116592407,0.014667072,0.218505859375,0.2,0.0004092704424510632,-0.023122894490370527,-0.027995966374874115,0.0021415177106973715,-43.81023824214935,592,-2.3407824666666666,1223.0
19968,39,1740,11,-0.0013549327850341797,0.9973844885826111,0.021470336,0.25146484375,0.2,0.0004092704424510632,-0.029486266153980978,-0.03953264281153679,0.0029558462119894102,-43.859883189201355,608,-2.3358996875,1223.0
20480,40,1736,11,0.00024074316024780273,0.9959356784820557,0.021301795,0.2408447265625,0.2,0.0004092704424510632,-0.029301293310709298,0.03480273485183716,0.15106640430167317,-43.84772026538849,624,-2.3358996875,1223.0
20992,41,1733,12,-0.0024635791778564453,0.9951671361923218,0.013912927,0.1888427734375,0.2,0.0004092704424510632,-0.022243012237595394,-0.026556139811873436,0.0015827618663024623,-43.80710208415985,640,-2.327168294117647,1223.0
21504,42,1731,12,0.0003644227981567383,0.9950008988380432,0.020653045,0.2447509765625,0.2,0.0004092704424510632,-0.02753862173995003,0.02626284584403038,0.14581150258891284,-43.791064381599426,656,-2.327168294117647,1223.0
22016,43,1728,12,-0.024158120155334473,0.9943284392356873,0.025490094,0.241455078125,0.2,0.0004092704424510632,-0.026900582626694813,-0.04239838570356369,0.0017211894519277848,-43.78055810928345,672,-2.322493111111111,1223.0
22528,44,1727,13,0.0005502104759216309,0.9945378303527832,0.022989854,0.2679443359375,0.2,0.0004092704424510632,-0.030093242748989724,0.032680727541446686,0.13889628229662776,-43.7722954750061,688,-2.322493111111111,1223.0
23040,45,1725,13,-0.010590195655822754,0.9935677647590637,0.016522804,0.23583984375,0.2,0.0004092704424510632,-0.02901985803327989,-0.044830698519945145,0.002749150306044612,-43.767054319381714,704,-2.322493111111111,1223.0
23552,46,1726,13,-0.0006009340286254883,0.9922950267791748,0.01636578,0.213134765625,0.2,0.0004092704424510632,-0.026985306467395276,-0.031219538301229477,0.0026692883293435443,-43.72576296329498,720,-2.3306992631578947,1223.0
24064,47,1723,13,0.00025665760040283203,0.9901435971260071,0.026260737,0.259521484375,0.2,0.0004092704424510632,-0.025062498112674803,0.04340874403715134,0.1517750232014805,-43.67292261123657,736,-2.3306992631578947,1223.0
24576,48,1721,14,-0.02049720287322998,0.9882947206497192,0.015587532,0.2144775390625,0.2,0.0004092704424510632,-0.020488960930379108,-0.03032529540359974,0.0014481565958703868,-43.61336648464203,752,-2.32578675,1223.0
25088,49,1719,14,0.0001462697982788086,0.9864128828048706,0.017595198,0.221435546875,0.2,0.0004092704424510632,-0.021339690254535526,0.03328394517302513,0.14632388739846647,-43.550334215164185,768,-2.32578675,1223.0
25600,50,1717,14,-0.0028162002563476562,0.9857895970344543,0.014857465,0.1883544921875,0.2,0.0004092704424510632,-0.021054244542028755,-0.033523280173540115,0.0019128237217955757,-43.50803565979004,784,-2.32578675,1223.0
26112,51,1715,15,-0.0027960538864135742,0.9841381311416626,0.019677356,0.22705078125,0.2,0.0004092704424510632,-0.025102700456045568,-0.039548151195049286,0.002557845389674185,-43.47437810897827,800,-2.3244242857142856,1223.0
26624,52,1713,15,0.00010406970977783203,0.9823777675628662,0.026225796,0.2578125,0.2,0.0004092704424510632,-0.026775118691148236,0.04300018399953842,0.16572325630113482,-43.42001140117645,816,-2.3244242857142856,1223.0
27136,53,1712,15,-0.0029145479202270508,0.983197033405304,0.02528943,0.265625,0.2,0.0004092704424510632,-0.02642884991655592,-0.046250324696302414,0.001725395497487625,-43.39312982559204,832,-2.3268128636363636,1223.0
27648,54,1710,16,0.0002180337905883789,0.9814871549606323,0.019213136,0.2625732421875,0.2,0.0004092704424510632,-0.03042284406546969,0.027337148785591125,0.1612770629581064,-43.406580567359924,848,-2.3268128636363636,1223.0
28160,55,1706,16,-0.007562160491943359,0.9792747497558594,0.021060824,0.2205810546875,0.2,0.0004092704424510632,-0.02738761791260913,-0.03926446661353111,0.0011713994990714127,-43.32655870914459,864,-2.3215501739130433,1223.0
28672,56,1704,16,0.00031507015228271484,0.9791136384010315,0.020422513,0.2366943359375,0.2,0.0004092704424510632,-0.026889616186963394,0.028356339782476425,0.15343728847801685,-43.28829538822174,880,-2.3215501739130433,1223.0
29184,57,1703,17,-0.014792680740356445,0.9784883856773376,0.015126267,0.211181640625,0.2,0.0004092704424510632,-0.02521792367042508,-0.035771872848272324,0.0019072552859142888,-43.275166630744934,896,-2.3215501739130433,1223.0
29696,58,1702,17,-0.0016133785247802734,0.9787103533744812,0.015790083,0.1844482421875,0.2,0.0004092704424510632,-0.022029767191270366,-0.03437308594584465,0.002356520748435287,-43.26632082462311,912,-2.31585675,1223.0
30208,59,1701,17,0.0001323223114013672,0.9784291386604309,0.019685624,0.247314453125,0.2,0.0004092704424510632,-0.025210384250385687,0.06537310779094696,0.16868276335299015,-43.265966176986694,928,-2.31585675,1223.0
30720,60,1699,18,-0.0027341842651367188,0.9779560565948486,0.014808327,0.18994140625,0.2,0.0004092704424510632,-0.020667986624175683,-0.029361970722675323,0.0015797948981344234,-43.25306701660156,944,-2.31578996,1223.0
31232,61,1698,18,0.00020462274551391602,0.9766725301742554,0.025862154,0.30224609375,0.2,0.0004092704424510632,-0.033227691834326833,0.045614100992679596,0.16499534528702497,-43.23046588897705,960,-2.31578996,1223.0
31744,62,1697,18,-0.002271294593811035,0.975616455078125,0.020455707,0.2596435546875,0.2,0.0004092704424510632,-0.02865420310990885,-0.04263371229171753,0.0018241202869830886,-43.18493592739105,976,-2.31578996,1223.0
32256,63,1695,19,-0.0017145872116088867,0.975090503692627,0.017037755,0.1973876953125,0.2,0.0004092704424510632,-0.022177100065164268,-0.029172221198678017,0.0027720456309907604,-43.1563618183136,992,-2.316586846153846,1223.0
32768,64,1694,19,0.0001780390739440918,0.9741206169128418,0.018520582,0.2022705078125,0.2,0.0004092704424510632,-0.01825281753554009,0.059137217700481415,0.16518354322761297,-43.13680851459503,1008,-2.316586846153846,1223.0
33280,65,1693,19,-0.0038139820098876953,0.9730725288391113,0.021691643,0.2381591796875,0.2,0.0004092704424510632,-0.027883160320925526,-0.03463657945394516,0.0019334133012307575,-43.10578143596649,1024,-2.3103220370370368,1223.0
33792,66,1691,19,0.0003757476806640625,0.9705496430397034,0.018491637,0.205078125,0.2,0.0004092704424510632,-0.021493170002941042,0.06684001535177231,0.17171630589291453,-43.05753493309021,1040,-2.3103220370370368,1223.0
34304,67,1690,20,-0.018560290336608887,0.9687065482139587,0.019564567,0.244873046875,0.2,0.0004092704424510632,-0.027861024194862694,-0.042737703770399094,0.0014538802279275842,-42.97308373451233,1056,-2.308633857142857,1223.0
34816,68,1689,20,0.0002143383026123047,0.9684850573539734,0.02348287,0.241943359375,0.2,0.0004092704424510632,-0.023995972936972976,0.042169854044914246,0.16441947733983397,-42.941035866737366,1072,-2.308633857142857,1223.0
35328,69,1688,20,-0.0012416839599609375,0.9682065844535828,0.0202748,0.2596435546875,0.2,0.0004092704424510632,-0.031468976609176025,-0.04443317651748657,0.0021272218000376597,-42.93705928325653,1088,-2.308633857142857,1223.0
35840,70,1687,21,-0.002230405807495117,0.9695238471031189,0.016227555,0.263671875,0.2,0.0004092704424510632,-0.027266290053375997,-0.0363229475915432,0.0021068296082376037,-42.94755518436432,1104,-2.301113,1223.0
36352,71,1686,21,0.00017714500427246094,0.969642698764801,0.028397363,0.2744140625,0.2,0.0004092704424510632,-0.03220640170911793,0.03726471960544586,0.17510132095776498,-42.98096704483032,1120,-2.301113,1223.0
36864,72,1685,21,-0.0027856826782226562,0.9689380526542664,0.014836535,0.1739501953125,0.2,0.0004092704424510632,-0.01808038179297,-0.025859041139483452,0.0017717113078106195,-42.96850848197937,1136,-2.2959536666666667,1223.0
37376,73,1684,22,0.0002835392951965332,0.9683939814567566,0.01712337,0.1988525390625,0.2,0.0004092704424510632,-0.023902931694465224,0.05458526313304901,0.16788813518360257,-42.95287203788757,1152,-2.2959536666666667,1223.0
37888,74,1683,22,-0.00018739700317382812,0.9691637754440308,0.017343689,0.1953125,0.2,0.0004092704424510632,-0.02425862435484305,-0.04438071697950363,0.0018751230782072525,-42.944934487342834,1168,-2.2959536666666667,1223.0
38400,75,1682,22,-0.0019763708114624023,0.9698512554168701,0.015661653,0.2410888671875,0.2,0.0004092704424510632,-0.02756216927082278,-0.034450165927410126,0.0023403298619086854,-42.968003034591675,1184,-2.2930294838709675,1223.0
38912,76,1681,23,0.00019168853759765625,0.9680971503257751,0.04429177,0.298583984375,0.2,0.0004092704424510632,-0.028673470282228664,0.036312200129032135,0.12782732141204178,-42.95363938808441,1200,-2.2930294838709675,1223.0
39424,77,1680,23,-0.0029506683349609375,0.96648770570755,0.023777176,0.2730712890625,0.2,0.0004092704424510632,-0.02629528450779617,-0.041835442185401917,0.002880985372030409,-42.898348450660706,1216,-2.29232325,1223.0
39936,78,1679,23,0.00023424625396728516,0.9652646780014038,0.01904877,0.2298583984375,0.2,0.0004092704424510632,-0.026960688061080873,0.05246827006340027,0.19203104311600327,-42.851781249046326,1232,-2.29232325,1223.0
40448,79,1678,24,-0.011165618896484375,0.9644898176193237,0.01859396,0.2052001953125,0.2,0.0004092704424510632,-0.023367262780084275,-0.043959636241197586,0.0012685210076597286,-42.814746260643005,1248,-2.2911925757575755,1223.0
40960,80,1677,24,0.00034099817276000977,0.9650822281837463,0.024647156,0.248291015625,0.2,0.0004092704424510632,-0.025510844046948478,0.040537167340517044,0.18188030924648046,-42.81412208080292,1264,-2.2911925757575755,1223.0
41472,81,1676,24,-0.005706906318664551,0.9658024907112122,0.022415351,0.2645263671875,0.2,0.0004092704424510632,-0.03115682706993539,-0.04865949973464012,0.0021773447551822755,-42.83378541469574,1280,-2.2911925757575755,1223.0
41984,82,1675,25,-0.0011858940124511719,0.9668387174606323,0.020523116,0.25390625,0.2,0.0004092704424510632,-0.03177042418974452,-0.03707273676991463,0.0029354667858569883,-42.86038875579834,1296,-2.2887134411764705,1223.0
42496,83,1675,25,9.775161743164062e-05,0.9663047790527344,0.029551119,0.276123046875,0.2,0.0004092704424510632,-0.03140220500063151,0.04371466860175133,0.20123377908021212,-42.86829662322998,1312,-2.2887134411764705,1223.0
43008,84,1674,25,-0.0026650428771972656,0.9649031162261963,0.025620889,0.279052734375,0.2,0.0004092704424510632,-0.03223545198852662,-0.0426022969186306,0.0013946258259238675,-42.83764159679413,1328,-2.2881511999999997,1223.0
43520,85,1674,25,0.00024777650833129883,0.9657034873962402,0.021806493,0.24462890625,0.2,0.0004092704424510632,-0.024859312339685857,0.04090290516614914,0.1819329047575593,-42.81628119945526,1344,-2.2881511999999997,1223.0
44032,86,1673,26,0.0020002126693725586,0.9649302363395691,0.013244264,0.2066650390625,0.2,0.0004092704424510632,-0.023388763365801424,-0.0388907752931118,0.0019204102318326477,-42.83076727390289,1360,-2.2897000833333334,1223.0
44544,87,1671,26,0.00010257959365844727,0.9640374779701233,0.016309924,0.225830078125,0.2,0.0004092704424510632,-0.022755622121621855,0.047709494829177856,0.17274379800073802,-42.79421281814575,1376,-2.2897000833333334,1223.0
45056,88,1671,26,-0.00038492679595947266,0.961510181427002,0.013242813,0.1593017578125,0.2,0.0004092704424510632,-0.01878244537510909,-0.03242962434887886,0.003337648005981464,-42.7428765296936,1392,-2.2897000833333334,1223.0
45568,89,1670,27,-0.00046133995056152344,0.9589481949806213,0.015740525,0.2259521484375,0.2,0.0004092704424510632,-0.025375526282005012,-0.02876676619052887,0.003045499830477638,-42.65703356266022,1408,-2.288974135135135,1223.0
46080,90,1669,27,6.026029586791992e-05,0.9583248496055603,0.017784946,0.217041015625,0.2,0.0004092704424510632,-0.02067188249202445,0.06596174091100693,0.19293992361053824,-42.601205587387085,1424,-2.288974135135135,1223.0
46592,91,1668,27,-0.001382589340209961,0.9568610787391663,0.018774478,0.2237548828125,0.2,0.0004092704424510632,-0.02374364953720942,-0.03427545726299286,0.0017581015636096708,-42.57528078556061,1440,-2.2893676315789473,1223.0
47104,92,1668,28,7.659196853637695e-05,0.9567119479179382,0.011909952,0.162353515625,0.2,0.0004092704424510632,-0.019715180751518346,0.0713653638958931,0.18015964329242706,-42.54323673248291,1456,-2.2893676315789473,1223.0
47616,93,1667,28,-0.00043392181396484375,0.9564452171325684,0.018832296,0.2310791015625,0.2,0.0004092704424510632,-0.0263181600603275,-0.044421277940273285,0.0022423865339078475,-42.54369807243347,1472,-2.2893676315789473,1223.0
48128,94,1666,28,-0.000790715217590332,0.9567593932151794,0.029055066,0.3099365234375,0.2,0.0004092704424510632,-0.03235108783701435,-0.05450162664055824,0.002767825179034844,-42.54026448726654,1488,-2.292185153846154,1223.0
48640,95,1666,29,6.455183029174805e-05,0.956044614315033,0.021824125,0.28759765625,0.2,0.0004092704424510632,-0.02961627990589477,0.03984894976019859,0.1901357462629676,-42.54326522350311,1504,-2.292185153846154,1223.0
49152,96,1665,29,-0.0012456178665161133,0.9550318717956543,0.027401403,0.2845458984375,0.2,0.0004092704424510632,-0.03276976989582181,-0.037333447486162186,0.0014577567526430357,-42.508612513542175,1520,-2.287008675,1223.0
49664,97,1664,29,0.0001227855682373047,0.9540974497795105,0.019233676,0.2396240234375,0.2,0.0004092704424510632,-0.025660779981990345,0.03595639765262604,0.1893172049894929,-42.47972655296326,1536,-2.287008675,1223.0
50176,98,1663,30,-0.010610818862915039,0.9540364146232605,0.017849237,0.2427978515625,0.2,0.0004092704424510632,-0.027231455795117654,-0.031681545078754425,0.0012372304081509355,-42.45549786090851,1552,-2.2846328536585365,1223.0
50688,99,1663,30,0.00011217594146728516,0.95409095287323,0.01654849,0.17822265625,0.2,0.0004092704424510632,-0.018741671679890715,0.058090690523386,0.17705230927094817,-42.45804715156555,1568,-2.2846328536585365,1223.0
51200,100,1662,30,-0.012855887413024902,0.9549248814582825,0.012301133,0.1888427734375,0.2,0.0004092704424510632,-0.02151931734988466,-0.027104876935482025,0.002418270018097246,-42.4706734418869,1584,-2.2846328536585365,1223.0
51712,101,1662,31,-0.00047266483306884766,0.9552420377731323,0.013558366,0.219970703125,0.2,0.0004092704424510632,-0.022158134037454147,-0.04325184226036072,0.0022482088388642296,-42.4928982257843,1600,-2.2825769047619047,1223.0
52224,102,1662,31,4.404783248901367e-05,0.9555799961090088,0.017112238,0.20556640625,0.2,0.0004092704424510632,-0.025622687302529812,0.06807917356491089,0.1861182665452361,-42.50719428062439,1616,-2.2825769047619047,1223.0
52736,103,1661,31,-0.00024449825286865234,0.9543898701667786,0.026667356,0.2679443359375,0.2,0.0004092704424510632,-0.0300287572608795,-0.042170487344264984,0.0016323927866324084,-42.49274122714996,1632,-2.28147511627907,1223.0
53248,104,1660,32,7.396936416625977e-05,0.9548310041427612,0.02289055,0.2373046875,0.2,0.0004092704424510632,-0.025143785896943882,0.058475565165281296,0.17881813715212047,-42.46864688396454,1648,-2.28147511627907,1223.0
53760,105,1660,32,-0.0005626678466796875,0.9540961980819702,0.014831712,0.1927490234375,0.2,0.0004092704424510632,-0.022042390832211822,-0.03267844021320343,0.0019179417140549049,-42.47415339946747,1664,-2.28147511627907,1223.0
54272,106,1659,32,-0.0004489421844482422,0.9542039632797241,0.023504643,0.2423095703125,0.2,0.0004092704424510632,-0.023412274138536304,-0.03407638520002365,0.0026692166211432777,-42.45338320732117,1680,-2.280840659090909,1223.0
54784,107,1659,33,4.506111145019531e-05,0.95292729139328,0.018079374,0.2362060546875,0.2,0.0004092704424510632,-0.024604630627436563,0.05729249119758606,0.1828475808724761,-42.444650053977966,1696,-2.280840659090909,1223.0
55296,108,1659,33,-0.0007739067077636719,0.9522086381912231,0.022451637,0.24072265625,0.2,0.0004092704424510632,-0.027156279713381082,-0.035776764154434204,0.002041171072050929,-42.40242421627045,1712,-2.2810596888888885,1223.0
55808,109,1658,33,4.953145980834961e-05,0.9518972635269165,0.019877668,0.2205810546875,0.2,0.0004092704424510632,-0.024210107163526118,0.04408293589949608,0.19633976789191365,-42.39163434505463,1728,-2.2810596888888885,1223.0
56320,110,1658,33,-0.001726388931274414,0.9509783983230591,0.018360045,0.23193359375,0.2,0.0004092704424510632,-0.02542499803530518,-0.02851838991045952,0.001181381980131846,-42.3663147687912,1744,-2.2757278478260865,1223.0
56832,111,1657,34,8.314847946166992e-05,0.9510090351104736,0.02463391,0.239501953125,0.2,0.0004092704424510632,-0.027442349412012845,0.06879885494709015,0.18038630671799183,-42.339840054512024,1760,-2.2757278478260865,1223.0
57344,112,1657,34,-0.00026702880859375,0.949542224407196,0.018171411,0.2032470703125,0.2,0.0004092704424510632,-0.025059282750589773,-0.038806602358818054,0.0034444071534380782,-42.3198676109314,1776,-2.2757278478260865,1223.0
57856,113,1657,34,-0.0003781318664550781,0.9501276612281799,0.016141983,0.218505859375,0.2,0.0004092704424510632,-0.02315608155913651,-0.035897146910429,0.0024499541978002526,-42.29353153705597,1792,-2.278294042553191,1223.0
58368,114,1657,35,3.74913215637207e-05,0.9492683410644531,0.017469283,0.2244873046875,0.2,0.0004092704424510632,-0.023886237264377996,0.04617293179035187,0.1944108149036765,-42.300524950027466,1808,-2.278294042553191,1223.0
58880,115,1657,35,-2.4318695068359375e-05,0.9488828182220459,0.01958747,0.2513427734375,0.2,0.0004092704424510632,-0.024606201914139092,-0.033957961946725845,0.0017757462192093953,-42.2705352306366,1824,-2.2749174791666666,1223.0
59392,116,1656,35,8.088350296020508e-05,0.9496209621429443,0.019394528,0.2501220703125,0.2,0.0004092704424510632,-0.026030834735138342,0.05799267813563347,0.1813895357772708,-42.27950394153595,1840,-2.2749174791666666,1223.0
59904,117,1656,36,-0.0008853673934936523,0.9499480128288269,0.022916239,0.2828369140625,0.2,0.0004092704424510632,-0.032141563773620874,-0.03641039878129959,0.001810842935810797,-42.29586446285248,1856,-2.2749174791666666,1223.0
60416,118,1655,36,-0.00035762786865234375,0.9487478137016296,0.01898095,0.2236328125,0.2,0.0004092704424510632,-0.024479251442244276,-0.029169227927923203,0.002877911443647463,-42.287067890167236,1872,-2.2730628775510207,1223.0
60928,119,1655,36,2.956390380859375e-05,0.9491218328475952,0.031602934,0.2794189453125,0.2,0.0004092704424510632,-0.027421206337749027,0.052791252732276917,0.13501928630284965,-42.26846146583557,1888,-2.2730628775510207,1223.0
61440,120,1654,37,-0.00038683414459228516,0.9507305026054382,0.0189699,0.2435302734375,0.2,0.0004092704424510632,-0.02391223472659476,-0.04083642736077309,0.002616826299345121,-42.303531646728516,1904,-2.27143244,1223.0
61952,121,1654,37,3.826618194580078e-05,0.9511869549751282,0.02043923,0.2415771484375,0.2,0.0004092704424510632,-0.022382115275831893,0.06763194501399994,0.2090404825285077,-42.34225594997406,1920,-2.27143244,1223.0
62464,122,1653,37,-0.0016810894012451172,0.9500752091407776,0.017635541,0.2474365234375,0.2,0.0004092704424510632,-0.027384058630559593,-0.03290722146630287,0.0013604252508230275,-42.336223006248474,1936,-2.267507098039216,1223.0
62976,123,1653,38,6.407499313354492e-05,0.9492472410202026,0.024178077,0.24609375,0.2,0.0004092704424510632,-0.02378011742257513,0.060254886746406555,0.18967136880382895,-42.29658114910126,1952,-2.267507098039216,1223.0
63488,124,1653,38,9.542703628540039e-05,0.9495568871498108,0.017559849,0.2496337890625,0.2,0.0004092704424510632,-0.02227913643582724,-0.029008444398641586,0.0027533577667782083,-42.28518843650818,1968,-2.267507098039216,1223.0
64000,125,1653,38,-0.00028061866760253906,0.9476884007453918,0.02215004,0.2569580078125,0.2,0.0004092704424510632,-0.024840574522386305,-0.031087752431631088,0.0028736712520185392,-42.267160177230835,1984,-2.2670467692307694,1223.0
64512,126,1653,39,3.057718276977539e-05,0.9462100863456726,0.023638971,0.2518310546875,0.2,0.0004092704424510632,-0.026849551795748994,0.07741006463766098,0.2047981838695705,-42.20537042617798,2000,-2.2670467692307694,1223.0
65024,127,1653,39,-0.0004830360412597656,0.9455814361572266,0.020169754,0.2371826171875,0.2,0.0004092704424510632,-0.02357536560157314,-0.03286333382129669,0.0012898423037768225,-42.171979665756226,2016,-2.264367528301887,1223.0
65536,128,1652,39,6.80685043334961e-05,0.9447615146636963,0.018877998,0.234619140625,0.2,0.0004092704424510632,-0.02804296226531733,0.04762652516365051,0.19106136821210384,-42.14875555038452,2032,-2.264367528301887,1223.0
66048,129,1652,39,-0.0002930164337158203,0.9433363080024719,0.018848242,0.2315673828125,0.2,0.0004092704424510632,-0.026909210195299238,-0.03927101194858551,0.0015551703418168472,-42.11472523212433,2048,-2.263080370370371,1223.0
66560,130,1652,40,5.1915645599365234e-05,0.9437600374221802,0.016806105,0.20947265625,0.2,0.0004092704424510632,-0.024022872152272612,0.048882000148296356,0.18135467823594809,-42.0889573097229,2064,-2.263080370370371,1223.0
67072,131,1651,40,-0.0007585287094116211,0.9431973695755005,0.016619865,0.226318359375,0.2,0.0004092704424510632,-0.027785014688561205,-0.03846399858593941,0.0028303210747253615,-42.09903311729431,2080,-2.263080370370371,1223.0
67584,132,1651,40,-0.00015997886657714844,0.9431685209274292,0.015583984,0.2342529296875,0.2,0.0004092704424510632,-0.025807885176618584,-0.029527150094509125,0.0025552140614308883,-42.07813620567322,2096,-2.2609044181818185,1223.0
68096,133,1651,41,2.2649765014648438e-05,0.9441136121749878,0.018689718,0.2431640625,0.2,0.0004092704424510632,-0.02600302192149684,0.06068788841366768,0.1908287717960775,-42.09426510334015,2112,-2.2609044181818185,1223.0
68608,134,1650,41,-0.00038254261016845703,0.9423151612281799,0.014885241,0.2366943359375,0.2,0.0004092704424510632,-0.027596408413955942,-0.028264643624424934,0.001830164845159743,-42.09057903289795,2128,-2.2591738035714286,1223.0
69120,135,1650,41,2.8192996978759766e-05,0.9402724504470825,0.021991784,0.24462890625,0.2,0.0004092704424510632,-0.030921385274268687,0.05681190267205238,0.1843142961151898,-42.01805102825165,2144,-2.2591738035714286,1223.0
69632,136,1650,42,-0.0003274679183959961,0.9419960379600525,0.027433526,0.25634765625,0.2,0.0004092704424510632,-0.02739036234561354,-0.03739987313747406,0.002244428396807052,-41.99756157398224,2160,-2.2591738035714286,1223.0
70144,137,1650,42,-0.0002955198287963867,0.9426831603050232,0.015731016,0.250732421875,0.2,0.0004092704424510632,-0.027275875268969685,-0.035080984234809875,0.002748168906691717,-42.06195330619812,2176,-2.258321684210526,1223.0
70656,138,1650,42,2.7954578399658203e-05,0.9439811706542969,0.028152052,0.279296875,0.2,0.0004092704424510632,-0.026640901443897747,0.05078888311982155,0.19417997635900974,-42.08076333999634,2192,-2.258321684210526,1223.0
71168,139,1650,43,-0.0006182193756103516,0.9442179203033447,0.026073748,0.281005859375,0.2,0.0004092704424510632,-0.030244403809774667,-0.03132028132677078,0.0018322877167520346,-42.11791515350342,2208,-2.256852155172414,1223.0
71680,140,1649,43,4.607439041137695e-05,0.9429675936698914,0.023474688,0.2734375,0.2,0.0004092704424510632,-0.030980529612861574,0.07414920628070831,0.18964496441185474,-42.10270702838898,2224,-2.256852155172414,1223.0
72192,141,1649,43,-0.0030214786529541016,0.9433115124702454,0.015433257,0.206298828125,0.2,0.0004092704424510632,-0.023644867818802595,-0.032197367399930954,0.0012607823264261242,-42.08518064022064,2240,-2.2549244745762715,1223.0
72704,142,1648,44,5.21540641784668e-05,0.9431706070899963,0.029839098,0.294189453125,0.2,0.0004092704424510632,-0.03123845290974714,0.05114135891199112,0.17680687131360173,-42.09940242767334,2256,-2.2549244745762715,1223.0
73216,143,1648,44,-0.00010013580322265625,0.9424827694892883,0.016227357,0.2396240234375,0.2,0.0004092704424510632,-0.02629967956454493,-0.04180769622325897,0.0033124594956461806,-42.08168041706085,2272,-2.2549244745762715,1223.0
73728,144,1648,44,-0.00010335445404052734,0.9412142038345337,0.01569815,0.2064208984375,0.2,0.0004092704424510632,-0.026286308944690973,-0.03903023898601532,0.0026114221109310165,-42.05095458030701,2288,-2.2546279000000005,1223.0
74240,145,1648,45,3.6716461181640625e-05,0.9402633905410767,0.01585267,0.185791015625,0.2,0.0004092704424510632,-0.020586123457178473,0.054757893085479736,0.18732790322974324,-42.01050591468811,2304,-2.2546279000000005,1223.0
74752,146,1647,45,-0.0008041858673095703,0.9404206275939941,0.019791346,0.2376708984375,0.2,0.0004092704424510632,-0.023853660371969454,-0.033157482743263245,0.001599857092514867,-41.998490691185,2320,-2.2512186885245904,1223.0
75264,147,1647,45,6.42538070678711e-05,0.9411061406135559,0.019142998,0.258056640625,0.2,0.0004092704424510632,-0.029683334520086646,0.05815025791525841,0.18109219707548618,-42.01141130924225,2336,-2.2512186885245904,1223.0
75776,1,3991,0,0.0012087225914001465,0.9425572156906128,0.01527454,0.2020263671875,0.2,0.0004092704424510632,-0.023139233118854463,-0.03297356516122818,0.0023244298463396262,-42.04723834991455,2352,-2.2512186885245904,1223.0
76288,2,2313,0,-0.00036156177520751953,0.9418033361434937,0.014655637,0.1785888671875,0.2,0.0004092704424510632,-0.01793513623124454,-0.03873440995812416,0.00264899000103469,-42.06949186325073,2368,-2.250546967741936,1223.0
76800,3,2013,0,2.7179718017578125e-05,0.9418449997901917,0.025083642,0.28369140625,0.2,0.0004092704424510632,-0.02568627372966148,0.04682490602135658,0.17870251392014325,-42.048258662223816,2384,-2.250546967741936,1223.0
77312,4,1907,1,-0.0002843141555786133,0.9421338438987732,0.020349134,0.25048828125,0.2,0.0004092704424510632,-0.026921224023681134,-0.02287418767809868,0.002500682072422933,-42.05655109882355,2400,-2.2498788888888894,1223.0
77824,5,1842,1,2.5212764739990234e-05,0.942102313041687,0.020046845,0.27294921875,0.2,0.0004092704424510632,-0.02951765520265326,0.05316457152366638,0.19284997740760446,-42.05710983276367,2416,-2.2498788888888894,1223.0
78336,6,1811,1,-0.0014357566833496094,0.940114438533783,0.019636357,0.193359375,0.2,0.0004092704424510632,-0.021441265154862776,-0.044084031134843826,0.0012731071010421147,-42.02745604515076,2432,-2.2480882656250003,1223.0
78848,7,1780,2,3.8683414459228516e-05,0.9388846755027771,0.023853097,0.231201171875,0.2,0.0004092704424510632,-0.028702759285806678,0.0554719939827919,0.18332751607522368,-41.97072243690491,2448,-2.2480882656250003,1223.0
79360,8,1756,2,0.00017201900482177734,0.9386775493621826,0.014405119,0.2156982421875,0.2,0.0004092704424510632,-0.026914264482911676,-0.036526236683130264,0.002816924861690495,-41.95239233970642,2464,-2.2480882656250003,1223.0
79872,9,1735,2,-0.0003917217254638672,0.9377365112304688,0.02273173,0.265380859375,0.2,0.0004092704424510632,-0.028311724396189675,-0.034439340233802795,0.0018868905790441204,-41.93366277217865,2480,-2.2466408769230775,1223.0
80384,10,1725,2,3.230571746826172e-05,0.9371351599693298,0.020696279,0.239501953125,0.2,0.0004092704424510632,-0.025201562006259337,0.07562305778265,0.1907893754541874,-41.901495695114136,2496,-2.2466408769230775,1223.0
80896,11,1715,3,-0.00025856494903564453,0.9361054301261902,0.019476911,0.22705078125,0.2,0.0004092704424510632,-0.02084793047106359,-0.02170385979115963,0.0015728067883173935,-41.880988359451294,2512,-2.2452663030303035,1223.0
81408,12,1705,3,7.325410842895508e-05,0.9366697072982788,0.021598715,0.2802734375,0.2,0.0004092704424510632,-0.032114251574967057,0.048953741788864136,0.18112955708056688,-41.864039063453674,2528,-2.2452663030303035,1223.0
81920,13,1698,3,0.0011110305786132812,0.9376984238624573,0.017289354,0.2508544921875,0.2,0.0004092704424510632,-0.033509124477859586,-0.04701456427574158,0.0023120422338251956,-41.894757866859436,2544,-2.2452663030303035,1223.0
82432,14,1695,4,-0.0002779960632324219,0.9378711581230164,0.014338531,0.2158203125,0.2,0.0004092704424510632,-0.022926091602130327,-0.03656718134880066,0.002462744392687455,-41.91556656360626,2560,-2.2448266567164183,1223.0
82944,15,1690,4,1.704692840576172e-05,0.9371814131736755,0.048711564,0.3201904296875,0.2,0.0004092704424510632,-0.02688952532480471,0.023337818682193756,0.12770134047605097,-41.90392220020294,2576,-2.2448266567164183,1223.0
83456,16,1684,4,-0.00029671192169189453,0.9371048212051392,0.016451795,0.234130859375,0.2,0.0004092704424510632,-0.023876298073446378,-0.03144591674208641,0.0021591787044599187,-41.88479220867157,2592,-2.2440072058823533,1223.0
83968,17,1679,5,1.9431114196777344e-05,0.937085747718811,0.02219808,0.244873046875,0.2,0.0004092704424510632,-0.023931070194521453,0.0835157036781311,0.20805468829348683,-41.885666728019714,2608,-2.2440072058823533,1223.0
84480,18,1677,5,-0.0007976293563842773,0.9350916147232056,0.022657681,0.274658203125,0.2,0.0004092704424510632,-0.0300028922065394,-0.03910363093018532,0.0017836208608059678,-41.84430730342865,2624,-2.2442860724637685,1223.0
84992,19,1674,5,2.4557113647460938e-05,0.934927225112915,0.019357514,0.27880859375,0.2,0.0004092704424510632,-0.025128283363301307,0.03976183757185936,0.19482666486874223,-41.79680347442627,2640,-2.2442860724637685,1223.0
85504,20,1673,6,-0.0004431009292602539,0.934367299079895,0.016563565,0.2615966796875,0.2,0.0004092704424510632,-0.028464924689615145,-0.035847414284944534,0.0025570304642315023,-41.79384696483612,2656,-2.2442860724637685,1223.0
86016,21,1669,6,-6.890296936035156e-05,0.932548999786377,0.012822377,0.1746826171875,0.2,0.0004092704424510632,-0.01784551345917862,-0.023693343624472618,0.0026210253818135243,-41.75107657909393,2672,-2.2417191142857145,1223.0
86528,22,1670,6,1.049041748046875e-05,0.9312857985496521,0.01846672,0.250732421875,0.2,0.0004092704424510632,-0.027991426482913084,0.0705539733171463,0.20735970931127667,-41.6932088136673,2688,-2.2417191142857145,1223.0
87040,23,1668,7,-0.0002759695053100586,0.9306520223617554,0.028552003,0.3116455078125,0.2,0.0004092704424510632,-0.02813214506022632,-0.02777540311217308,0.0013301749522725004,-41.66193068027496,2704,-2.2403503521126766,1223.0
87552,24,1666,7,1.7762184143066406e-05,0.929703950881958,0.02660492,0.2467041015625,0.2,0.0004092704424510632,-0.024652335778228007,0.055514514446258545,0.19514665193855762,-41.63777267932892,2720,-2.2403503521126766,1223.0
88064,25,1665,7,-0.00017464160919189453,0.9285415410995483,0.019212212,0.241943359375,0.2,0.0004092704424510632,-0.023706539897830226,-0.032808706164360046,0.0018024002765741898,-41.599926590919495,2736,-2.2395081527777783,1223.0
88576,26,1663,8,2.1636486053466797e-05,0.9284698963165283,0.019446712,0.222900390625,0.2,0.0004092704424510632,-0.0250554267258849,0.04496312513947487,0.18475058861076832,-41.57532870769501,2752,-2.2395081527777783,1223.0
89088,27,1661,8,1.4185905456542969e-05,0.9265106916427612,0.014579942,0.2244873046875,0.2,0.0004092704424510632,-0.028385883633745834,-0.027971938252449036,0.003230168058507843,-41.54868173599243,2768,-2.2395081527777783,1223.0
89600,28,1659,8,-0.00020945072174072266,0.9261955618858337,0.021198738,0.271728515625,0.2,0.0004092704424510632,-0.02900287279044278,-0.03180485591292381,0.002258844942844007,-41.4954913854599,2784,-2.237689849315069,1223.0
90112,29,1658,8,1.4126300811767578e-05,0.9251277446746826,0.015689345,0.1962890625,0.2,0.0004092704424510632,-0.018201129321823828,0.057863425463438034,0.19549611117690802,-41.48437178134918,2800,-2.237689849315069,1223.0
90624,30,1658,9,-0.000278472900390625,0.9234877228736877,0.019832287,0.2449951171875,0.2,0.0004092704424510632,-0.0282586993125733,-0.05023952201008797,0.0017015544035530183,-41.43120563030243,2816,-2.236610094594595,1223.0
91136,31,1655,9,1.627206802368164e-05,0.9222204685211182,0.023431247,0.2908935546875,0.2,0.0004092704424510632,-0.028948117134859785,0.04026418551802635,0.18255129968747497,-41.38322639465332,2832,-2.236610094594595,1223.0
91648,32,1653,9,-0.00044608116149902344,0.9225345253944397,0.022492353,0.289306640625,0.2,0.0004092704424510632,-0.028711322753224522,-0.038945164531469345,0.0019873272030963562,-41.35266125202179,2848,-2.236610094594595,1223.0
92160,33,1652,10,-0.0001825094223022461,0.9238317012786865,0.020943098,0.252685546875,0.2,0.0004092704424510632,-0.025195703929057345,-0.0358307808637619,0.0025946091700461693,-41.38351261615753,2864,-2.2354644000000006,1223.0
92672,34,1652,10,1.430511474609375e-05,0.9236849546432495,0.019292768,0.2208251953125,0.2,0.0004092704424510632,-0.02274940858478658,0.03679312765598297,0.19233376206830144,-41.41056156158447,2880,-2.2354644000000006,1223.0
93184,35,1651,10,-0.0005269050598144531,0.9223809242248535,0.016412001,0.220703125,0.2,0.0004092704424510632,-0.022735272548743524,-0.030656723305583,0.0017717532318783924,-41.38079488277435,2896,-2.2331383421052635,1223.0
93696,36,1650,11,2.1636486053466797e-05,0.9195750951766968,0.024447655,0.2608642578125,0.2,0.0004092704424510632,-0.02904121283791028,0.055252306163311005,0.1905862744897604,-41.31537878513336,2912,-2.2331383421052635,1223.0
94208,37,1649,11,-0.0028040409088134766,0.9187140464782715,0.026009526,0.2525634765625,0.2,0.0004092704424510632,-0.027886455136467703,-0.05163199454545975,0.001592283323589072,-41.23121690750122,2928,-2.233088493506494,1223.0
94720,38,1648,11,1.615285873413086e-05,0.9184883832931519,0.018804556,0.220703125,0.2,0.0004092704424510632,-0.021521865608519875,0.07204778492450714,0.17823731899261475,-41.22110366821289,2944,-2.233088493506494,1223.0
95232,39,1646,12,-0.0003719329833984375,0.9191458225250244,0.015757883,0.2039794921875,0.2,0.0004092704424510632,-0.02207480135257356,-0.02037855237722397,0.0023689432528044563,-41.21989190578461,2960,-2.233088493506494,1223.0
95744,40,1645,12,-0.00012230873107910156,0.9185105562210083,0.02593901,0.28271484375,0.2,0.0004092704424510632,-0.030845380009850487,-0.04394902288913727,0.00199372525094077,-41.2247519493103,2976,-2.2312857820512826,1223.0
96256,41,1643,12,1.5974044799804688e-05,0.9183928966522217,0.019077774,0.252685546875,0.2,0.0004092704424510632,-0.027007195851183496,0.042021818459033966,0.19079143647104502,-41.206666111946106,2992,-2.2312857820512826,1223.0
96768,42,1642,13,-4.982948303222656e-05,0.9196966290473938,0.01586397,0.2359619140625,0.2,0.0004092704424510632,-0.025966096087358892,-0.03841593116521835,0.0016891094783204608,-41.23256182670593,3008,-2.2320949873417724,1223.0
97280,43,1640,13,2.0503997802734375e-05,0.9206036925315857,0.022536367,0.2757568359375,0.2,0.0004092704424510632,-0.030247134680394083,0.049242302775382996,0.18307047942653298,-41.27890646457672,3024,-2.2320949873417724,1223.0
97792,44,1641,13,-0.00024890899658203125,0.9194621443748474,0.019566536,0.2061767578125,0.2,0.0004092704424510632,-0.022864153346745297,-0.02740165963768959,0.0020796402350242715,-41.27649760246277,3040,-2.2320949873417724,1223.0
98304,45,1642,14,-0.00016319751739501953,0.9162271022796631,0.027844751,0.285400390625,0.2,0.0004092704424510632,-0.033435506658861414,-0.03953385725617409,0.0029093368575558998,-41.212573409080505,3056,-2.2323876625,1223.0
98816,46,1641,14,1.6629695892333984e-05,0.9156211614608765,0.03792379,0.3466796875,0.2,0.0004092704424510632,-0.035328057274455205,0.04732294753193855,0.18166478676721454,-41.12531220912933,3072,-2.2323876625,1223.0
99328,47,1641,14,-0.0003981590270996094,0.9152725338935852,0.014908636,0.216552734375,0.2,0.0004092704424510632,-0.025121466431301087,-0.04195145517587662,0.0020760343122674385,-41.12592363357544,3088,-2.230296234567901,1223.0
99840,48,1640,14,2.086162567138672e-05,0.9146395921707153,0.016130688,0.2227783203125,0.2,0.0004092704424510632,-0.027596111947786994,0.0582638755440712,0.19547797879204154,-41.10550510883331,3104,-2.230296234567901,1223.0
100352,49,1639,15,-0.0007647275924682617,0.9152467846870422,0.016415168,0.2166748046875,0.2,0.0004092704424510632,-0.02206616196781397,-0.04299336299300194,0.0018000932759605348,-41.091269850730896,3120,-2.2282424756097563,1223.0
100864,50,1639,15,1.8596649169921875e-05,0.915903627872467,0.016516397,0.1815185546875,0.2,0.0004092704424510632,-0.018442799075273797,0.06206131726503372,0.18665315862745047,-41.11645483970642,3136,-2.2282424756097563,1223.0
101376,51,1638,15,-0.00019240379333496094,0.9162119030952454,0.020406183,0.2459716796875,0.2,0.0004092704424510632,-0.027983457417576574,-0.03699149936437607,0.003027500380994752,-41.13134479522705,3152,-2.2282424756097563,1223.0
101888,52,1639,16,-4.458427429199219e-05,0.9178992509841919,0.024334434,0.2735595703125,0.2,0.0004092704424510632,-0.02947416773531586,-0.04398462548851967,0.0026257942445226945,-41.159050703048706,3168,-2.2257475301204823,1223.0
102400,53,1638,16,1.3232231140136719e-05,0.9166932702064514,0.021562034,0.237060546875,0.2,0.0004092704424510632,-0.025226689074770547,0.054398566484451294,0.191865686327219,-41.19273591041565,3184,-2.2257475301204823,1223.0
102912,54,1638,16,-3.516674041748047e-05,0.9167324304580688,0.015432297,0.208740234375,0.2,0.0004092704424510632,-0.02607432843069546,-0.046203307807445526,0.0015796405477885855,-41.14798307418823,3200,-2.2238516309523813,1223.0
103424,55,1638,17,2.0384788513183594e-05,0.9167539477348328,0.02199886,0.245361328125,0.2,0.0004092704424510632,-0.02990517858415842,0.0507306233048439,0.1801412240602076,-41.16055142879486,3216,-2.2238516309523813,1223.0
103936,56,1636,17,-1.6570091247558594e-05,0.916644275188446,0.016551122,0.22314453125,0.2,0.0004092704424510632,-0.025552558625349775,-0.043183449655771255,0.0023203683085739613,-41.14632272720337,3232,-2.2238516309523813,1223.0
104448,57,1636,17,-6.99758529663086e-05,0.9158088564872742,0.014459894,0.1998291015625,0.2,0.0004092704424510632,-0.025723327475134283,-0.033114563673734665,0.0023662902240175754,-41.13031005859375,3248,-2.222353952941177,1223.0
104960,58,1635,18,1.4722347259521484e-05,0.9154890179634094,0.037179258,0.2764892578125,0.2,0.0004092704424510632,-0.024271103757200763,0.015888262540102005,0.11606595874764025,-41.10568821430206,3264,-2.222353952941177,1223.0
105472,59,1635,18,-0.00015735626220703125,0.9149829149246216,0.016958656,0.2437744140625,0.2,0.0004092704424510632,-0.026518816826865077,-0.03108946792781353,0.0022146406226966064,-41.09365773200989,3280,-2.2198665581395356,1223.0
105984,60,1634,18,2.0325183868408203e-05,0.9161553978919983,0.017726867,0.235107421875,0.2,0.0004092704424510632,-0.024807227455312386,0.05363910645246506,0.20021987101063132,-41.10329461097717,3296,-2.2198665581395356,1223.0
106496,61,1635,19,-0.0005968809127807617,0.9161612391471863,0.017673131,0.2188720703125,0.2,0.0004092704424510632,-0.020952504113665782,-0.021442556753754616,0.0014076324259804096,-41.13337016105652,3312,-2.2180604827586214,1223.0
107008,62,1634,19,2.9146671295166016e-05,0.9156147837638855,0.01566345,0.216064453125,0.2,0.0004092704424510632,-0.022234155258047394,0.05804801732301712,0.1890520448796451,-41.11856698989868,3328,-2.2180604827586214,1223.0
107520,63,1634,19,-0.0001481771469116211,0.91509610414505,0.01629462,0.2056884765625,0.2,0.0004092704424510632,-0.023628648632438853,-0.03639211505651474,0.0023520700742665213,-41.09353303909302,3344,-2.2180604827586214,1223.0
108032,64,1633,20,-0.00013005733489990234,0.9158027172088623,0.013190098,0.2073974609375,0.2,0.0004092704424510632,-0.02128566926694475,-0.036912951618433,0.002901555664720945,-41.08733105659485,3360,-2.2174461250000004,1223.0
108544,65,1632,20,1.7523765563964844e-05,0.9144455194473267,0.012996185,0.17529296875,0.2,0.0004092704424510632,-0.01725473639089614,0.08130782842636108,0.20159498089924455,-41.08629536628723,3376,-2.2174461250000004,1223.0
109056,66,1632,20,-5.733966827392578e-05,0.9135252237319946,0.016290411,0.205810546875,0.2,0.0004092704424510632,-0.02072449180559488,-0.01683748885989189,0.0015063854789332254,-41.03095281124115,3392,-2.214960325842697,1223.0
109568,67,1631,21,3.647804260253906e-05,0.9130905866622925,0.020153344,0.2462158203125,0.2,0.0004092704424510632,-0.027254396089119837,0.05734170228242874,0.18532637786120176,-41.02187883853912,3408,-2.214960325842697,1223.0
110080,68,1631,21,-0.0012247562408447266,0.9120925068855286,0.0137014,0.2109375,0.2,0.0004092704424510632,-0.021606413676636294,-0.038303930312395096,0.0016519842920388328,-40.99820637702942,3424,-2.2131138444444445,1223.0
110592,69,1631,21,1.519918441772461e-05,0.9111759662628174,0.023747884,0.256591796875,0.2,0.0004092704424510632,-0.026253859396092594,0.05533668398857117,0.17550442926585674,-40.975555539131165,3440,-2.2131138444444445,1223.0
111104,70,1631,21,-0.0002535581588745117,0.910800576210022,0.013980947,0.2108154296875,0.2,0.0004092704424510632,-0.024644137723953463,-0.030616480857133865,0.0027652374155877624,-40.95544672012329,3456,-2.2131138444444445,1223.0
111616,71,1631,22,-5.7697296142578125e-05,0.9108095765113831,0.019960329,0.22021484375,0.2,0.0004092704424510632,-0.023729140157229267,-0.029915310442447662,0.002726180842728354,-40.952215909957886,3472,-2.2115538681318685,1223.0
112128,72,1629,22,2.6047229766845703e-05,0.9099617004394531,0.017449781,0.2371826171875,0.2,0.0004092704424510632,-0.02513817085127812,0.039784591645002365,0.1839372357353568,-40.9390686750412,3488,-2.2115538681318685,1223.0
112640,73,1629,22,-0.0001437664031982422,0.9094568490982056,0.015282384,0.2315673828125,0.2,0.0004092704424510632,-0.02332344611932058,-0.03254064917564392,0.0019129561605950585,-40.911733508110046,3504,-2.2105619239130436,1223.0
113152,74,1629,23,3.5762786865234375e-05,0.9103261232376099,0.025649084,0.2705078125,0.2,0.0004092704424510632,-0.029470230103470385,0.040537044405937195,0.17173003149218857,-40.91180896759033,3520,-2.2105619239130436,1223.0
113664,75,1628,23,-0.001330733299255371,0.9119715690612793,0.015302882,0.2216796875,0.2,0.0004092704424510632,-0.028954605164472014,-0.03586030378937721,0.0014562905726052122,-40.95332658290863,3536,-2.2105619239130436,1223.0
114176,76,1628,23,-0.0002570152282714844,0.9116551280021667,0.018196736,0.2696533203125,0.2,0.0004092704424510632,-0.027403687345213257,-0.03311065211892128,0.0026855987271119375,-40.988526463508606,3552,-2.207530806451613,1223.0
114688,77,1627,24,2.3066997528076172e-05,0.9115846753120422,0.021972898,0.2567138671875,0.2,0.0004092704424510632,-0.027030444383854046,0.05224285647273064,0.18253599619492888,-40.9749174118042,3568,-2.207530806451613,1223.0
115200,78,1627,24,-0.00048601627349853516,0.9112313985824585,0.02092144,0.2567138671875,0.2,0.0004092704424510632,-0.02716614662494976,-0.047922320663928986,0.001922194438520819,-40.970534324645996,3584,-2.206020946808511,1223.0
115712,79,1627,24,3.1828880310058594e-05,0.9101155400276184,0.019830324,0.243896484375,0.2,0.0004092704424510632,-0.027821221578051336,0.05227775126695633,0.18020777963101864,-40.9429931640625,3600,-2.206020946808511,1223.0
116224,80,1627,25,-0.0018923282623291016,0.9103200435638428,0.01640167,0.2283935546875,0.2,0.0004092704424510632,-0.024442666632239707,-0.033928561955690384,0.001476476878451649,-40.91899836063385,3616,-2.204086315789474,1223.0
116736,81,1626,25,3.069639205932617e-05,0.9117340445518494,0.025978968,0.2392578125,0.2,0.0004092704424510632,-0.027589227946009487,0.05082130432128906,0.16852670744992793,-40.94586670398712,3632,-2.204086315789474,1223.0
117248,82,1627,25,-0.0006240606307983398,0.9125143885612488,0.017936096,0.235595703125,0.2,0.0004092704424510632,-0.028288830595556647,-0.04268423840403557,0.002667454809852643,-40.981183767318726,3648,-2.204086315789474,1223.0
117760,83,1626,26,-5.2809715270996094e-05,0.9139445424079895,0.016603792,0.22705078125,0.2,0.0004092704424510632,-0.0257748895091936,-0.05477125197649002,0.0019142788696626667,-41.013349294662476,3664,-2.202228875,1223.0
118272,84,1626,26,2.104043960571289e-05,0.9132912158966064,0.011858195,0.1767578125,0.2,0.0004092704424510632,-0.021143858073628508,0.03574380651116371,0.17814035527408123,-41.043068528175354,3680,-2.202228875,1223.0
118784,85,1626,26,-0.00014269351959228516,0.9113944172859192,0.016932014,0.2347412109375,0.2,0.0004092704424510632,-0.026131148071726784,-0.029545126482844353,0.0017636587945162319,-40.99454307556152,3696,-2.201540030927835,1223.0
119296,86,1626,27,2.5391578674316406e-05,0.9099968075752258,0.018235933,0.2344970703125,0.2,0.0004092704424510632,-0.023620789128472097,0.04280930384993553,0.16886577988043427,-40.9307701587677,3712,-2.201540030927835,1223.0
119808,87,1626,27,-4.172325134277344e-05,0.9094997048377991,0.013186138,0.1888427734375,0.2,0.0004092704424510632,-0.021037610829807818,-0.03298092260956764,0.002040106697677402,-40.892834067344666,3728,-2.201540030927835,1223.0
120320,88,1625,27,-0.00032126903533935547,0.9087866544723511,0.01630013,0.236083984375,0.2,0.0004092704424510632,-0.027204797719605267,-0.04376056417822838,0.0019868823401338886,-40.8706636428833,3744,-2.1990686020408163,1223.0
120832,89,1625,28,2.3663043975830078e-05,0.9083176255226135,0.017614558,0.2122802734375,0.2,0.0004092704424510632,-0.022733801757567562,0.04619118571281433,0.16479325061663985,-40.84770882129669,3760,-2.1990686020408163,1223.0
121344,90,1625,28,-0.00017201900482177734,0.9077609777450562,0.015815604,0.222412109375,0.2,0.0004092704424510632,-0.026601018820656464,-0.0382600761950016,0.0022667889097647276,-40.830282330513,3776,-2.1978998585858585,1223.0
121856,91,1624,28,3.039836883544922e-05,0.9070124626159668,0.022893926,0.237548828125,0.2,0.0004092704424510632,-0.02387579280184582,0.06643368303775787,0.1832823846489191,-40.80601525306702,3792,-2.1978998585858585,1223.0
122368,92,1624,28,-0.003625154495239258,0.9063040614128113,0.013850424,0.21728515625,0.2,0.0004092704424510632,-0.024133803643053398,-0.03507980331778526,0.0016025920567699359,-40.77614891529083,3808,-2.1979921300000003,1223.0
122880,93,1624,29,1.5974044799804688e-05,0.9055131673812866,0.020665132,0.226806640625,0.2,0.0004092704424510632,-0.024730407865718007,0.04738082364201546,0.17012436036020517,-40.75473248958588,3824,-2.1979921300000003,1223.0
123392,94,1624,29,4.0471553802490234e-05,0.9054610729217529,0.016079742,0.208740234375,0.2,0.0004092704424510632,-0.02231967487023212,-0.03104901686310768,0.002932314484496601,-40.72933042049408,3840,-2.1979921300000003,1223.0
123904,95,1623,29,-5.638599395751953e-05,0.9071488976478577,0.018215641,0.224609375,0.2,0.0004092704424510632,-0.022051742067560554,-0.03547400236129761,0.0018913277890533209,-40.75313079357147,3856,-2.1951611300000002,1223.0
124416,96,1623,30,1.4841556549072266e-05,0.9079634547233582,0.014702696,0.1806640625,0.2,0.0004092704424510632,-0.018924647927633487,0.06900276243686676,0.1774421320296824,-40.80419456958771,3872,-2.1951611300000002,1223.0
124928,97,1623,30,9.417533874511719e-06,0.9075966477394104,0.020766515,0.2371826171875,0.2,0.0004092704424510632,-0.021174770125071518,-0.028229156509041786,0.0018098974724125583,-40.802037477493286,3888,-2.19199225,1223.0
125440,98,1623,30,2.8371810913085938e-05,0.9077904224395752,0.022320151,0.26025390625,0.2,0.0004092704424510632,-0.02907260911888443,0.029037844389677048,0.1670682206749916,-40.79260325431824,3904,-2.19199225,1223.0
125952,99,1623,31,-0.00030672550201416016,0.9083409309387207,0.026067436,0.2972412109375,0.2,0.0004092704424510632,-0.037531239562667906,-0.046097282320261,0.002384955110755982,-40.805363059043884,3920,-2.19199225,1223.0
126464,100,1624,31,-0.00012135505676269531,0.9075587391853333,0.014868721,0.2049560546875,0.2,0.0004092704424510632,-0.024514930235454813,-0.037817541509866714,0.0017599307302589295,-40.79575312137604,3936,-2.1893587,1223.0
126976,101,1624,31,8.463859558105469e-06,0.9083653092384338,0.047495257,0.344970703125,0.2,0.0004092704424510632,-0.028836090714321472,0.01185888797044754,0.10277779889293015,-40.78925824165344,3952,-2.1893587,1223.0
127488,102,1623,32,-0.00012993812561035156,0.9079387784004211,0.01621258,0.2044677734375,0.2,0.0004092704424510632,-0.021663727733539417,-0.042465802282094955,0.002046995134151075,-40.80162572860718,3968,-2.1850658400000005,1223.0
128000,103,1623,32,1.0251998901367188e-05,0.9084692597389221,0.019923255,0.2247314453125,0.2,0.0004092704424510632,-0.02517089413595386,0.060253992676734924,0.18811493273824453,-40.787654638290405,3984,-2.1850658400000005,1223.0
128512,104,1622,32,-0.00037658214569091797,0.9072104096412659,0.019359834,0.2490234375,0.2,0.0004092704424510632,-0.024872509558917955,-0.0339081771671772,0.0016608915357210208,-40.782150626182556,4000,-2.1811529600000004,1223.0
129024,105,1622,33,7.927417755126953e-06,0.906511127948761,0.023807496,0.22900390625,0.2,0.0004092704424510632,-0.023366758643533103,0.05255163460969925,0.181772714946419,-40.737847089767456,4016,-2.1811529600000004,1223.0
129536,106,1622,33,-5.1140785217285156e-05,0.9062443375587463,0.022377606,0.2584228515625,0.2,0.0004092704424510632,-0.03184202489501331,-0.03147263452410698,0.0025530958264425863,-40.72957456111908,4032,-2.1811529600000004,1223.0
130048,107,1621,33,-3.3855438232421875e-05,0.9046092629432678,0.017599756,0.2579345703125,0.2,0.0004092704424510632,-0.025849213401670568,-0.038255512714385986,0.002297355847986182,-40.70163905620575,4048,-2.17980995,1223.0
130560,108,1621,34,1.0848045349121094e-05,0.9042451977729797,0.020266261,0.2462158203125,0.2,0.0004092704424510632,-0.026428309676703066,0.0554206408560276,0.19388523697853088,-40.66100370883942,4064,-2.17980995,1223.0
131072,109,1620,34,-0.00011289119720458984,0.9044411182403564,0.020469751,0.22265625,0.2,0.0004092704424510632,-0.021551989848376252,-0.02737625129520893,0.0014623619827034418,-40.65706431865692,4080,-2.17729356,1223.0
131584,110,1620,34,2.2292137145996094e-05,0.9052014946937561,0.015833538,0.2220458984375,0.2,0.0004092704424510632,-0.02393091681005899,0.02558324858546257,0.18266449589282274,-40.67308211326599,4096,-2.17729356,1223.0
132096,111,1620,35,-0.0001633167266845703,0.9046931266784668,0.016697608,0.23046875,0.2,0.0004092704424510632,-0.02622565347701311,-0.033274583518505096,0.0017111778342950856,-40.68714988231659,4112,-2.1753018699999997,1223.0
132608,112,1620,35,3.0875205993652344e-05,0.9031574130058289,0.013939772,0.2059326171875,0.2,0.0004092704424510632,-0.021392824593931437,0.05397944897413254,0.17212167312391102,-40.655165791511536,4128,-2.1753018699999997,1223.0
133120,113,1620,35,-0.0035495758056640625,0.905414879322052,0.021121781,0.2633056640625,0.2,0.0004092704424510632,-0.031007419776869938,-0.04753151908516884,0.0022542031183547806,-40.64738690853119,4144,-2.1753018699999997,1223.0
133632,114,1620,36,1.0132789611816406e-06,0.9047985672950745,0.015204331,0.22802734375,0.2,0.0004092704424510632,-0.02955210325308144,-0.04657236486673355,0.002506759701645933,-40.70382905006409,4160,-2.1732089599999997,1223.0
134144,115,1620,36,7.867813110351562e-06,0.9059661626815796,0.021127727,0.19775390625,0.2,0.0004092704424510632,-0.01795587614469696,0.059217412024736404,0.1746444245800376,-40.6887526512146,4176,-2.1732089599999997,1223.0
134656,116,1619,36,-0.000171661376953125,0.9057376384735107,0.014102553,0.186767578125,0.2,0.0004092704424510632,-0.021666944448952563,-0.0278016310185194,0.001640479660636629,-40.721882343292236,4192,-2.17161067,1223.0
135168,117,1619,36,7.450580596923828e-06,0.9039482474327087,0.013762083,0.1680908203125,0.2,0.0004092704424510632,-0.019602799518906977,0.058009639382362366,0.16787138767540455,-40.69394934177399,4208,-2.17161067,1223.0
135680,118,1619,37,-0.00016188621520996094,0.9028176069259644,0.021292813,0.2728271484375,0.2,0.0004092704424510632,-0.028777485917089507,-0.05496335029602051,0.0019016513633687282,-40.63528656959534,4224,-2.17161067,1223.0
136192,119,1619,37,-6.0439109802246094e-05,0.9019772410392761,0.01646981,0.2020263671875,0.2,0.0004092704424510632,-0.02150839741807431,-0.02570897713303566,0.002481835792423226,-40.595335841178894,4240,-2.1686379700000002,1223.0
136704,120,1618,37,5.9604644775390625e-06,0.9008929133415222,0.021873279,0.250732421875,0.2,0.0004092704424510632,-0.028565919361426495,0.044060349464416504,0.17901293328031898,-40.56584858894348,4256,-2.1686379700000002,1223.0
137216,121,1618,38,-0.00021469593048095703,0.9009288549423218,0.024958357,0.24560546875,0.2,0.0004092704424510632,-0.025712155096698552,-0.027545055374503136,0.0017148273836937733,-40.547025084495544,4272,-2.16601641,1223.0
137728,122,1618,38,9.715557098388672e-06,0.9013356566429138,0.015980396,0.2236328125,0.2,0.0004092704424510632,-0.023354488250333816,0.05839812383055687,0.17899327306076884,-40.54862129688263,4288,-2.16601641,1223.0
138240,123,1618,38,-0.0014302730560302734,0.9016030430793762,0.020246077,0.239501953125,0.2,0.0004092704424510632,-0.02401158047723584,-0.041007913649082184,0.0013434059692372102,-40.55658423900604,4304,-2.16281253,1223.0
138752,124,1618,39,5.245208740234375e-06,0.9018176794052124,0.0154578425,0.2232666015625,0.2,0.0004092704424510632,-0.02213772138929926,0.02917208895087242,0.16651913453824818,-40.556112408638,4320,-2.16281253,1223.0
139264,125,1618,39,-6.318092346191406e-06,0.9021204113960266,0.014622686,0.204833984375,0.2,0.0004092704424510632,-0.023171472537796944,-0.027233228087425232,0.002679773904674221,-40.56621861457825,4336,-2.16281253,1223.0
139776,126,1617,39,-7.033348083496094e-05,0.9023624658584595,0.020850789,0.2822265625,0.2,0.0004092704424510632,-0.031190048292046413,-0.035158585757017136,0.0018503978863009252,-40.574047446250916,4352,-2.1604405599999996,1223.0
140288,127,1617,40,1.6689300537109375e-06,0.9027382135391235,0.021291412,0.245361328125,0.2,0.0004092704424510632,-0.023338356462772936,0.06888855248689651,0.174638235475868,-40.584086418151855,4368,-2.1604405599999996,1223.0
140800,128,1615,40,-5.125999450683594e-05,0.9028087854385376,0.018584467,0.222412109375,0.2,0.0004092704424510632,-0.02476241895055864,-0.04030492901802063,0.0019515124840836506,-40.597046971321106,4384,-2.15812775,1223.0
141312,129,1615,40,3.4570693969726562e-06,0.9035587310791016,0.018632444,0.2220458984375,0.2,0.0004092704424510632,-0.02426190985715948,0.05150587856769562,0.16719786264002323,-40.606061577796936,4400,-2.15812775,1223.0
141824,130,1615,41,-2.9921531677246094e-05,0.9037619829177856,0.016854925,0.2264404296875,0.2,0.0004092704424510632,-0.02348566209548153,-0.036353692412376404,0.002246250518510351,-40.62899386882782,4416,-2.15812775,1223.0
142336,131,1615,41,-3.218650817871094e-05,0.9029801487922668,0.015261058,0.22509765625,0.2,0.0004092704424510632,-0.025132386479526758,-0.039321236312389374,0.0023134575894800946,-40.61438846588135,4432,-2.1561462500000004,1223.0
142848,132,1614,41,4.649162292480469e-06,0.9017953276634216,0.032444216,0.2767333984375,0.2,0.0004092704424510632,-0.02686837056535296,0.03662941977381706,0.16026737238280475,-40.57899057865143,4448,-2.1561462500000004,1223.0
143360,133,1614,42,-3.7670135498046875e-05,0.8999353051185608,0.016191766,0.199951171875,0.2,0.0004092704424510632,-0.024705554751562886,-0.027053456753492355,0.0024008427244552877,-40.538304805755615,4464,-2.15452007,1223.0
143872,134,1614,42,2.4437904357910156e-06,0.8981885313987732,0.018277893,0.228271484375,0.2,0.0004092704424510632,-0.02808194554381771,0.060959771275520325,0.1811159998178482,-40.469677805900574,4480,-2.15452007,1223.0
144384,135,1614,42,-0.00034558773040771484,0.8982590436935425,0.016762406,0.2171630859375,0.2,0.0004092704424510632,-0.02467541748774238,-0.043236248195171356,0.0015728403368484578,-40.438607573509216,4496,-2.15310442,1223.0
144896,136,1613,43,2.562999725341797e-06,0.8977003693580627,0.018956285,0.2188720703125,0.2,0.0004092704424510632,-0.02629607024573488,0.03881078213453293,0.17087206337600946,-40.43767011165619,4512,-2.15310442,1223.0
145408,137,1613,43,-0.00014889240264892578,0.8992404341697693,0.018756256,0.25146484375,0.2,0.0004092704424510632,-0.02967300682212226,-0.04389626532793045,0.0022945468554098625,-40.44220221042633,4528,-2.15310442,1223.0
145920,138,1613,43,-2.682209014892578e-05,0.9008775353431702,0.019815005,0.266357421875,0.2,0.0004092704424510632,-0.029684779554372653,-0.04662611335515976,0.0022310466774797533,-40.494261384010315,4544,-2.14953206,1223.0
146432,139,1613,44,4.827976226806641e-06,0.9020505547523499,0.014828578,0.2012939453125,0.2,0.0004092704424510632,-0.021557392610702664,0.06805284321308136,0.1783552896231413,-40.546650886535645,4560,-2.14953206,1223.0
146944,140,1613,44,-4.971027374267578e-05,0.9015786647796631,0.018865865,0.2193603515625,0.2,0.0004092704424510632,-0.022324236240820028,-0.029778331518173218,0.0012602728056663182,-40.55573570728302,4576,-2.146567,1223.0
147456,141,1612,44,6.139278411865234e-06,0.902834951877594,0.0140893385,0.2161865234375,0.2,0.0004092704424510632,-0.02223837064957479,0.05287947505712509,0.16789011470973492,-40.558297634124756,4592,-2.146567,1223.0
147968,142,1612,45,-4.9591064453125e-05,0.9037410616874695,0.019194884,0.226806640625,0.2,0.0004092704424510632,-0.028413474326953292,-0.03203647956252098,0.0015637721953680739,-40.60947322845459,4608,-2.146567,1223.0
148480,143,1612,45,-7.593631744384766e-05,0.9052425622940063,0.016788986,0.232421875,0.2,0.0004092704424510632,-0.025526844547130167,-0.045610226690769196,0.002242970218503615,-40.64176416397095,4624,-2.1437500000000003,1223.0
148992,144,1611,45,5.364418029785156e-06,0.9040589332580566,0.022251718,0.270263671875,0.2,0.0004092704424510632,-0.02280480855552014,0.016380228102207184,0.09351672104094177,-40.653865575790405,4640,-2.1437500000000003,1223.0
149504,145,1611,46,-4.971027374267578e-05,0.90561443567276,0.022478143,0.28759765625,0.2,0.0004092704424510632,-0.02699191521969624,-0.048088353127241135,0.002273580354085425,-40.635939598083496,4656,-2.1406791800000002,1223.0
150016,146,1611,46,6.198883056640625e-06,0.906952440738678,0.015115307,0.2147216796875,0.2,0.0004092704424510632,-0.024118892033584416,0.041272714734077454,0.19338249508291483,-40.69007992744446,4672,-2.1406791800000002,1223.0
150528,147,1610,46,-0.0004513263702392578,0.9055495858192444,0.01996758,0.215087890625,0.2,0.0004092704424510632,-0.022903931443579495,-0.03344327211380005,0.0015507530770264566,-40.68608486652374,4688,-2.13954877,1223.0
151040,1,3927,0,6.020069122314453e-06,0.9043971300125122,0.023794051,0.275146484375,0.2,0.0004092704424510632,-0.028058865282218903,0.06342741847038269,0.1782293962314725,-40.623422741889954,4704,-2.13954877,1223.0
151552,2,2230,0,-0.0014417171478271484,0.9057261347770691,0.021054566,0.238037109375,0.2,0.0004092704424510632,-0.02641421146108769,-0.035181812942028046,0.002000754668188165,-40.61901915073395,4720,-2.13954877,1223.0
152064,3,1958,0,3.159046173095703e-06,0.9049059152603149,0.021101218,0.2607421875,0.2,0.0004092704424510632,-0.029937818500911817,-0.03304543346166611,0.002343903499422595,-40.64540135860443,4736,-2.13847238,1223.0
152576,4,1855,1,8.881092071533203e-06,0.9050060510635376,0.019176744,0.2542724609375,0.2,0.0004092704424510632,-0.025252726140024606,0.06830384582281113,0.19236493622884154,-40.60783803462982,4752,-2.13847238,1223.0
153088,5,1789,1,-0.0001024007797241211,0.9049205183982849,0.017785326,0.1844482421875,0.2,0.0004092704424510632,-0.021187153382925317,-0.03480440378189087,0.0016669301530782832,-40.61522674560547,4768,-2.13588926,1223.0
153600,6,1747,1,9.238719940185547e-06,0.9039531350135803,0.016998367,0.2662353515625,0.2,0.0004092704424510632,-0.029719868136453442,0.03922899067401886,0.1806377675384283,-40.595284938812256,4784,-2.13588926,1223.0
154112,7,1722,2,-0.0004096031188964844,0.9025227427482605,0.02254823,0.27099609375,0.2,0.0004092704424510632,-0.03026010308531113,-0.04356586933135986,0.0016549744359508622,-40.55247986316681,4800,-2.1328899299999997,1223.0
154624,8,1702,2,3.933906555175781e-06,0.9022526144981384,0.0214217,0.2564697265625,0.2,0.0004092704424510632,-0.025703295759740286,0.0611422061920166,0.17147010564804077,-40.51392221450806,4816,-2.1328899299999997,1223.0
155136,9,1683,2,-1.4543533325195312e-05,0.9028570055961609,0.014831452,0.19384765625,0.2,0.0004092704424510632,-0.023458601266611367,-0.029914941638708115,0.0031107316390261985,-40.52132177352905,4832,-2.1328899299999997,1223.0
155648,10,1672,3,-5.2928924560546875e-05,0.9038233160972595,0.02161459,0.249755859375,0.2,0.0004092704424510632,-0.02354104330697737,-0.03621215000748634,0.0020498896956269164,-40.55583119392395,4848,-2.1318173799999998,1223.0
156160,11,1662,3,5.662441253662109e-06,0.903255045413971,0.018611442,0.241455078125,0.2,0.0004092704424510632,-0.025987601111410186,0.03220541030168533,0.1753066391684115,-40.57329225540161,4864,-2.1318173799999998,1223.0
156672,12,1652,3,-7.987022399902344e-05,0.9010911583900452,0.018024215,0.2596435546875,0.2,0.0004092704424510632,-0.03207482442667242,-0.03803360089659691,0.0015849385272304062,-40.51884114742279,4880,-2.1288907699999995,1223.0
157184,13,1646,4,1.138448715209961e-05,0.9012525677680969,0.017392466,0.2022705078125,0.2,0.0004092704424510632,-0.019681532634422183,0.06050419062376022,0.16702019632793963,-40.47489309310913,4896,-2.1288907699999995,1223.0
157696,14,1640,4,-0.0001748800277709961,0.8990116119384766,0.012651332,0.173095703125,0.2,0.0004092704424510632,-0.022594743233639747,-0.035442449152469635,0.0021427277533803135,-40.44779586791992,4912,-2.1288907699999995,1223.0
158208,15,1635,4,-0.00015163421630859375,0.8968815803527832,0.019217368,0.2867431640625,0.2,0.0004092704424510632,-0.03750747750746086,-0.04712563753128052,0.0021983233928040136,-40.36390209197998,4928,-2.1280413699999996,1223.0
158720,16,1630,5,8.821487426757812e-06,0.8949640989303589,0.024628235,0.254150390625,0.2,0.0004092704424510632,-0.029230444226413965,0.053260792046785355,0.17518027708865702,-40.28924810886383,4944,-2.1280413699999996,1223.0
159232,17,1626,5,-0.0008912086486816406,0.8949725031852722,0.024496322,0.2701416015625,0.2,0.0004092704424510632,-0.027733645401895046,-0.040741365402936935,0.0015314239062718116,-40.24433946609497,4960,-2.12588515,1223.0
159744,18,1622,5,1.3470649719238281e-05,0.8941405415534973,0.02082792,0.2503662109375,0.2,0.0004092704424510632,-0.024798952719720546,0.049875933676958084,0.1727519459091127,-40.23630928993225,4976,-2.12588515,1223.0
160256,19,1620,6,-0.007630467414855957,0.893402099609375,0.019341685,0.24853515625,0.2,0.0004092704424510632,-0.02622922701993957,-0.044889289885759354,0.0011908363412658218,-40.20638859272003,4992,-2.1231317,1223.0
160768,20,1619,6,1.3113021850585938e-06,0.8913512825965881,0.013372745,0.1998291015625,0.2,0.0004092704424510632,-0.020640137779992074,0.06009297072887421,0.1611338732764125,-40.156006932258606,5008,-2.1231317,1223.0
161280,21,1618,6,-1.823902130126953e-05,0.8908177614212036,0.014714282,0.23681640625,0.2,0.0004092704424510632,-0.024574332681368105,-0.0327458418905735,0.0025201675161952153,-40.09673082828522,5024,-2.1231317,1223.0
161792,22,1617,6,-8.821487426757812e-06,0.8892866373062134,0.02349402,0.2783203125,0.2,0.0004092704424510632,-0.03094441440771334,-0.027244048193097115,0.0020669301266025286,-40.07085156440735,5040,-2.1200461,1223.0
162304,23,1617,7,2.0265579223632812e-06,0.8900439739227295,0.021338705,0.2283935546875,0.2,0.0004092704424510632,-0.026287776156095788,0.025649793446063995,0.16615693061612546,-40.03530657291412,5056,-2.1200461,1223.0
162816,24,1616,7,-6.67572021484375e-06,0.8900154232978821,0.023144148,0.307861328125,0.2,0.0004092704424510632,-0.032119664538186044,-0.030988061800599098,0.0019127615669276565,-40.06543505191803,5072,-2.11792654,1223.0
163328,25,1614,7,2.384185791015625e-06,0.8890931606292725,0.02111162,0.2490234375,0.2,0.0004092704424510632,-0.023722829864709638,0.04027986526489258,0.15772702195681632,-40.049198031425476,5088,-2.11792654,1223.0
163840,26,1612,8,2.980232238769531e-07,0.8895518779754639,0.016728412,0.2425537109375,0.2,0.0004092704424510632,-0.028408648518961854,-0.03993407264351845,0.0019021664738829713,-40.03946661949158,5104,-2.11792654,1223.0
164352,27,1611,8,-3.075599670410156e-05,0.8881299495697021,0.019355258,0.243408203125,0.2,0.0004092704424510632,-0.025947582122171298,-0.035385821014642715,0.0020675178566307295,-40.03988194465637,5120,-2.11466212,1223.0
164864,28,1610,8,2.0265579223632812e-06,0.8863850831985474,0.025894087,0.265869140625,0.2,0.0004092704424510632,-0.02443157759262249,0.05212610587477684,0.14754203450866044,-39.971882700920105,5136,-2.11466212,1223.0
165376,29,1609,9,-2.6345252990722656e-05,0.8872113227844238,0.015610719,0.1951904296875,0.2,0.0004092704424510632,-0.019593191143940203,-0.033244289457798004,0.0023937864061736036,-39.946776390075684,5152,-2.11272226,1223.0
165888,30,1608,9,2.0265579223632812e-06,0.8861496448516846,0.017136898,0.24853515625,0.2,0.0004092704424510632,-0.020601186028216034,0.06188994273543358,0.17079582996666431,-39.956202149391174,5168,-2.11272226,1223.0
166400,31,1609,9,-6.508827209472656e-05,0.8852077126502991,0.015393211,0.217041015625,0.2,0.0004092704424510632,-0.02057126344880089,-0.041488680988550186,0.0013435511327770655,-39.906806230545044,5184,-2.1101117400000002,1223.0
166912,32,1608,10,2.205371856689453e-06,0.8849525451660156,0.019943718,0.23828125,0.2,0.0004092704424510632,-0.019860565298586152,0.06238085776567459,0.16286709858104587,-39.88695812225342,5200,-2.1101117400000002,1223.0
167424,33,1607,10,-2.467632293701172e-05,0.8848828077316284,0.015759857,0.2049560546875,0.2,0.0004092704424510632,-0.0216065643762704,-0.041354499757289886,0.002427155512123136,-39.87651777267456,5216,-2.1101117400000002,1223.0
167936,34,1606,10,-2.2530555725097656e-05,0.8859557509422302,0.015313745,0.209228515625,0.2,0.0004092704424510632,-0.02254097833792912,-0.02801435813307762,0.0023286693103727885,-39.90089750289917,5232,-2.10812055,1223.0
168448,35,1606,11,2.086162567138672e-06,0.8863692879676819,0.017637745,0.2587890625,0.2,0.0004092704424510632,-0.025003313698107377,0.061609648168087006,0.17323607672005892,-39.92991030216217,5248,-2.10812055,1223.0
168960,36,1604,11,-9.655952453613281e-06,0.8868931531906128,0.031409893,0.32470703125,0.2,0.0004092704424510632,-0.036407372550456785,-0.04336439073085785,0.0016377168576582335,-39.939175605773926,5264,-2.10673612,1223.0
169472,37,1602,11,2.9206275939941406e-06,0.8871862292289734,0.020441659,0.232177734375,0.2,0.0004092704424510632,-0.023104198509827256,0.027525030076503754,0.1653689774684608,-39.95596468448639,5280,-2.10673612,1223.0
169984,38,1600,12,-1.3113021850585938e-05,0.8863186240196228,0.021594644,0.245361328125,0.2,0.0004092704424510632,-0.027225506652030163,-0.038153864443302155,0.001995384256588295,-39.94438326358795,5296,-2.10673612,1223.0
170496,39,1598,12,-2.467632293701172e-05,0.8858895301818848,0.01753019,0.2542724609375,0.2,0.0004092704424510632,-0.024731266879825853,-0.03673341125249863,0.0024838946919771843,-39.90855121612549,5312,-2.1034112499999997,1223.0
171008,40,1596,12,2.7418136596679688e-06,0.8850690722465515,0.031405803,0.2969970703125,0.2,0.0004092704424510632,-0.025079782004468143,0.01998305693268776,0.08356943854596466,-39.88456976413727,5328,-2.1034112499999997,1223.0
171520,41,1596,13,-1.2636184692382812e-05,0.8842090368270874,0.017388448,0.2017822265625,0.2,0.0004092704424510632,-0.022297970310319215,-0.03228684142231941,0.003387984022992896,-39.84983313083649,5344,-2.10501462,1223.0
172032,42,1595,13,2.4437904357910156e-06,0.8829382658004761,0.015484083,0.2197265625,0.2,0.0004092704424510632,-0.02143271020031534,0.0641741082072258,0.19026759779080749,-39.811824321746826,5360,-2.10501462,1223.0
172544,43,1594,13,-9.548664093017578e-05,0.8820608854293823,0.015656691,0.20556640625,0.2,0.0004092704424510632,-0.019960269215516746,-0.03244565427303314,0.0014236505321605364,-39.76841998100281,5376,-2.10447868,1223.0
173056,44,1594,14,2.384185791015625e-06,0.8829060196876526,0.024527032,0.281494140625,0.2,0.0004092704424510632,-0.030847963149426505,0.057082273066043854,0.17964809387922287,-39.75533044338226,5392,-2.10447868,1223.0
173568,45,1594,14,-1.4781951904296875e-05,0.8810951709747314,0.015101503,0.216552734375,0.2,0.0004092704424510632,-0.02209912492253352,-0.03586713224649429,0.002398491506028222,-39.74553143978119,5408,-2.10447868,1223.0
174080,46,1594,14,-1.1920928955078125e-07,0.8805375695228577,0.027874978,0.26904296875,0.2,0.0004092704424510632,-0.030022580293007195,-0.04242432489991188,0.0023163756923167966,-39.7004280090332,5424,-2.10304367,1223.0
174592,47,1594,15,6.496906280517578e-06,0.8806380033493042,0.015315576,0.2462158203125,0.2,0.0004092704424510632,-0.026604860846418887,0.03924189880490303,0.1942890677601099,-39.69015574455261,5440,-2.10304367,1223.0
175104,48,1595,15,-6.592273712158203e-05,0.8800454139709473,0.016459394,0.2431640625,0.2,0.0004092704424510632,-0.02921924547990784,-0.042738549411296844,0.001709509095235262,-39.678316593170166,5456,-2.09954101,1223.0
175616,49,1594,15,2.7418136596679688e-06,0.8792382478713989,0.016239168,0.19384765625,0.2,0.0004092704424510632,-0.015906897402601317,0.08226710557937622,0.1785565426107496,-39.65247559547424,5472,-2.09954101,1223.0
176128,50,1594,16,-0.0001825094223022461,0.8793773055076599,0.018742442,0.2545166015625,0.2,0.0004092704424510632,-0.02922997462155763,-0.039258964359760284,0.0015586058034386951,-39.63309049606323,5488,-2.09623056,1223.0
176640,51,1593,16,8.404254913330078e-06,0.8793255686759949,0.017969122,0.239501953125,0.2,0.0004092704424510632,-0.02369416697183624,0.04822798818349838,0.1675967969931662,-39.63975811004639,5504,-2.09623056,1223.0
177152,52,1594,16,-2.6226043701171875e-05,0.8785760998725891,0.014789216,0.2076416015625,0.2,0.0004092704424510632,-0.02253362853662111,-0.038125306367874146,0.0021534941588470247,-39.632851243019104,5520,-2.09623056,1223.0
177664,53,1594,17,-5.0902366638183594e-05,0.8779059052467346,0.018526282,0.2315673828125,0.2,0.0004092704424510632,-0.028201474517118186,-0.03665127977728844,0.002267376708914526,-39.609482288360596,5536,-2.0921672499999997,1223.0
178176,54,1594,17,9.834766387939453e-06,0.8771800398826599,0.01863376,0.2552490234375,0.2,0.0004092704424510632,-0.024736094434047118,0.054338738322257996,0.17059232061728835,-39.59162151813507,5552,-2.0921672499999997,1223.0
178688,55,1593,17,-0.0021262168884277344,0.8774054646492004,0.025703162,0.2808837890625,0.2,0.0004092704424510632,-0.03058909859828418,-0.043514806777238846,0.0013863955700799124,-39.577319622039795,5568,-2.09143522,1223.0
179200,56,1592,18,1.2218952178955078e-05,0.8780966997146606,0.021939786,0.2442626953125,0.2,0.0004092704424510632,-0.02366775260452414,0.011282619088888168,0.16088657663203776,-39.60345184803009,5584,-2.09143522,1223.0
179712,57,1592,18,-9.059906005859375e-06,0.8771077990531921,0.022329286,0.2525634765625,0.2,0.0004092704424510632,-0.026184692222159356,-0.04444481059908867,0.0020964555005775765,-39.60224997997284,5600,-2.09143522,1223.0
180224,58,1592,18,-3.504753112792969e-05,0.8782914876937866,0.014029967,0.18994140625,0.2,0.0004092704424510632,-0.021157850715098903,-0.032064586877822876,0.002208232803241117,-39.589492201805115,5616,-2.08722825,1223.0
180736,59,1592,18,3.0994415283203125e-06,0.8771735429763794,0.01969434,0.2294921875,0.2,0.0004092704424510632,-0.01812010898720473,0.051253434270620346,0.17032134719192982,-39.62091135978699,5632,-2.08722825,1223.0
181248,60,1593,19,-0.00043976306915283203,0.8770386576652527,0.015506772,0.2386474609375,0.2,0.0004092704424510632,-0.02471697972214315,-0.03449200466275215,0.0015706993544881698,-39.58057403564453,5648,-2.08559007,1223.0
181760,61,1593,19,2.9206275939941406e-06,0.8770449757575989,0.017651401,0.219482421875,0.2,0.0004092704424510632,-0.02246274439676199,0.05758897215127945,0.167086498811841,-39.600120306015015,5664,-2.08559007,1223.0
182272,62,1593,19,-0.00030303001403808594,0.8767916560173035,0.019419096,0.2520751953125,0.2,0.0004092704424510632,-0.02868946353555657,-0.03607058897614479,0.0012920225253765238,-39.59821856021881,5680,-2.08309042,1223.0
182784,63,1593,20,3.635883331298828e-06,0.8772634863853455,0.022948898,0.26318359375,0.2,0.0004092704424510632,-0.023168171726865694,0.04257559776306152,0.15855349646881223,-39.599061012268066,5696,-2.08309042,1223.0
183296,64,1594,20,-2.9325485229492188e-05,0.877695620059967,0.011218975,0.1915283203125,0.2,0.0004092704424510632,-0.02023055119207129,-0.03676290810108185,0.002081429589452455,-39.62454688549042,5712,-2.08309042,1223.0
183808,65,1594,20,-2.4080276489257812e-05,0.8772975206375122,0.014518701,0.2138671875,0.2,0.0004092704424510632,-0.026832310017198324,-0.031447578221559525,0.0021522419374377932,-39.62039792537689,5728,-2.0810618200000004,1223.0
184320,66,1594,21,5.900859832763672e-06,0.8783010840415955,0.014154969,0.193115234375,0.2,0.0004092704424510632,-0.022693210717989132,0.05033229663968086,0.1659544687718153,-39.61348736286163,5744,-2.0810618200000004,1223.0
184832,67,1594,21,-2.5153160095214844e-05,0.8779667615890503,0.014920432,0.2210693359375,0.2,0.0004092704424510632,-0.02087505243252963,-0.025970740243792534,0.0017165773733722745,-39.626715540885925,5760,-2.0809499600000003,1223.0
185344,68,1594,21,2.1696090698242188e-05,0.8782216310501099,0.02277101,0.2838134765625,0.2,0.0004092704424510632,-0.029036129417363554,0.03850208595395088,0.15585089242085814,-39.60896098613739,5776,-2.0809499600000003,1223.0
185856,69,1595,22,-1.9311904907226562e-05,0.8787169456481934,0.01835501,0.2137451171875,0.2,0.0004092704424510632,-0.020919815899105743,-0.04422197863459587,0.001998094823647989,-39.62259650230408,5792,-2.0809499600000003,1223.0
186368,70,1595,22,-5.602836608886719e-06,0.8772437572479248,0.023961361,0.2813720703125,0.2,0.0004092704424510632,-0.03115996548149269,-0.04431840777397156,0.0023349358270934317,-39.60445725917816,5808,-2.0782302599999998,1223.0
186880,71,1595,22,1.2516975402832031e-06,0.8761472105979919,0.025157422,0.2391357421875,0.2,0.0004092704424510632,-0.021989760803990066,0.03780033811926842,0.14618854341097176,-39.55511271953583,5824,-2.0782302599999998,1223.0
187392,72,1595,23,-1.6689300537109375e-05,0.8752610087394714,0.019853458,0.2464599609375,0.2,0.0004092704424510632,-0.023256689455593005,-0.02803773619234562,0.0022397291722882073,-39.518229842185974,5840,-2.07686984,1223.0
187904,73,1595,23,8.344650268554688e-07,0.8752660155296326,0.024067026,0.275146484375,0.2,0.0004092704424510632,-0.028975296765565872,0.04185570776462555,0.16787299397401512,-39.49748075008392,5856,-2.07686984,1223.0
188416,74,1595,23,-0.00014770030975341797,0.8739734888076782,0.0178166,0.2568359375,0.2,0.0004092704424510632,-0.028614339549676515,-0.039938170462846756,0.0015472829927603016,-39.47478151321411,5872,-2.07409418,1223.0
188928,75,1596,24,5.960464477539062e-07,0.873492956161499,0.012082625,0.1845703125,0.2,0.0004092704424510632,-0.021503338968614116,0.03898778557777405,0.1574771637097001,-39.440269112586975,5888,-2.07409418,1223.0
189440,76,1596,24,-3.695487976074219e-05,0.8717004656791687,0.017575387,0.2529296875,0.2,0.0004092704424510632,-0.029100474814185873,-0.03781207278370857,0.002223858820798341,-39.40508770942688,5904,-2.07409418,1223.0
189952,77,1595,24,-6.079673767089844e-06,0.8701017498970032,0.019010153,0.2493896484375,0.2,0.0004092704424510632,-0.026620981851010583,-0.03917781263589859,0.002105700779793551,-39.352259159088135,5920,-2.07281753,1223.0
190464,78,1595,25,1.2516975402832031e-06,0.8676357269287109,0.015937757,0.2127685546875,0.2,0.0004092704424510632,-0.02039594404050149,0.06698735803365707,0.16748422384262085,-39.28856706619263,5936,-2.07281753,1223.0
190976,79,1596,25,-5.125999450683594e-06,0.8661497831344604,0.010608457,0.169921875,0.2,0.0004092704424510632,-0.017779775422241073,-0.03683480620384216,0.0016002311422198545,-39.21730613708496,5952,-2.0711373299999996,1223.0
191488,80,1596,25,1.5497207641601562e-06,0.8666198253631592,0.0173942,0.267822265625,0.2,0.0004092704424510632,-0.027730514702852815,0.03830023854970932,0.15572297270409763,-39.20432257652283,5968,-2.0711373299999996,1223.0
192000,81,1596,25,-2.0265579223632812e-06,0.8665751814842224,0.017742638,0.2447509765625,0.2,0.0004092704424510632,-0.028328395826974884,-0.039961107075214386,0.002036312984273536,-39.21362328529358,5984,-2.0711373299999996,1223.0
192512,82,1596,26,-1.0609626770019531e-05,0.867380678653717,0.016468372,0.2401123046875,0.2,0.0004092704424510632,-0.021958110912237316,-0.036119669675827026,0.002436384453176288,-39.22079062461853,6000,-2.06896629,1223.0
193024,83,1595,26,8.344650268554688e-07,0.8667987585067749,0.022217369,0.280029296875,0.2,0.0004092704424510632,-0.024551670387154445,-0.00483442097902298,0.06934740266297013,-39.22644567489624,6016,-2.06896629,1223.0
193536,84,1595,26,-5.602836608886719e-06,0.8667060136795044,0.021298584,0.2440185546875,0.2,0.0004092704424510632,-0.027553919193451293,-0.046632569283246994,0.0023132143905968405,-39.202696800231934,6032,-2.06748938,1223.0
194048,85,1596,27,1.0132789611816406e-06,0.8666468858718872,0.019053984,0.2818603515625,0.2,0.0004092704424510632,-0.028219643121701665,0.06321819126605988,0.1797391849104315,-39.20472824573517,6048,-2.06748938,1223.0
194560,86,1596,27,-2.002716064453125e-05,0.8668338656425476,0.014999888,0.21826171875,0.2,0.0004092704424510632,-0.025833216874161735,-0.04193893074989319,0.0015737921567051671,-39.209925532341,6064,-2.064551,1223.0
195072,87,1596,27,1.0132789611816406e-06,0.8677741289138794,0.017316503,0.21923828125,0.2,0.0004092704424510632,-0.02303519115957897,0.06336665153503418,0.16629162686876953,-39.225512742996216,6080,-2.064551,1223.0
195584,88,1596,28,-1.8358230590820312e-05,0.8683508038520813,0.015662203,0.1912841796875,0.2,0.0004092704424510632,-0.020188251190120354,-0.01623482257127762,0.0017758677386154886,-39.254851937294006,6096,-2.064551,1223.0
196096,89,1596,28,-1.6450881958007812e-05,0.8693291544914246,0.013829807,0.1907958984375,0.2,0.0004092704424510632,-0.02431091110338457,-0.0351753756403923,0.0017573766435816651,-39.27168357372284,6112,-2.0597799599999997,1223.0
196608,90,1596,28,1.0132789611816406e-06,0.8699571490287781,0.015192087,0.211181640625,0.2,0.0004092704424510632,-0.023847699601901695,0.07899332046508789,0.17750819073989987,-39.31184458732605,6128,-2.0597799599999997,1223.0
197120,91,1596,29,-2.1696090698242188e-05,0.8691303133964539,0.017529398,0.251220703125,0.2,0.0004092704424510632,-0.025011334335431457,-0.03140898048877716,0.0014805019582126988,-39.30889117717743,6144,-2.0585415499999997,1223.0
197632,92,1596,29,1.3709068298339844e-06,0.8689990043640137,0.019437704,0.273681640625,0.2,0.0004092704424510632,-0.026509491726756096,0.056445103138685226,0.16433224617503583,-39.277305126190186,6160,-2.0585415499999997,1223.0
198144,93,1596,29,-3.2186508178710938e-06,0.8702275156974792,0.016542673,0.2213134765625,0.2,0.0004092704424510632,-0.025693161296658218,-0.04614536464214325,0.0016715262263460318,-39.296300649642944,6176,-2.05708923,1223.0
198656,94,1597,30,1.7285346984863281e-06,0.8697729706764221,0.018751964,0.2587890625,0.2,0.0004092704424510632,-0.02413402867387049,0.03280477598309517,0.15748603059910238,-39.31058871746063,6192,-2.05708923,1223.0
199168,95,1596,30,-3.337860107421875e-06,0.8687414526939392,0.018585727,0.2325439453125,0.2,0.0004092704424510632,-0.025096342695178464,-0.028193820267915726,0.0023514276326750405,-39.27293145656586,6208,-2.05708923,1223.0
199680,96,1596,30,-1.621246337890625e-05,0.8676906824111938,0.017095488,0.2354736328125,0.2,0.0004092704424510632,-0.02522881505137775,-0.03135829046368599,0.0017727568338159472,-39.23553943634033,6224,-2.0530750999999996,1223.0
200192,97,1597,31,9.5367431640625e-07,0.866172194480896,0.018840991,0.2423095703125,0.2,0.0004092704424510632,-0.024951162078650668,0.0287722609937191,0.16270136274397373,-39.19224464893341,6240,-2.0530750999999996,1223.0
200704,98,1596,31,-2.956390380859375e-05,0.8663999438285828,0.016498605,0.22021484375,0.2,0.0004092704424510632,-0.0232423846173333,-0.02909182943403721,0.001377389893605141,-39.163480281829834,6256,-2.0507588999999995,1223.0
201216,99,1596,31,1.1920928955078125e-06,0.8676043152809143,0.022209926,0.271728515625,0.2,0.0004092704424510632,-0.027299101115204394,0.044634297490119934,0.15013927011750638,-39.18711698055267,6272,-2.0507588999999995,1223.0
201728,100,1596,32,6.67572021484375e-06,0.8687193989753723,0.021494247,0.233642578125,0.2,0.0004092704424510632,-0.022517737525049597,-0.03992026671767235,0.0016667415857227752,-39.21950650215149,6288,-2.0507588999999995,1223.0
202240,101,1596,32,-2.0742416381835938e-05,0.8695105910301208,0.019126594,0.2279052734375,0.2,0.0004092704424510632,-0.026675858185626566,-0.03302174434065819,0.002099236928188475,-39.254491329193115,6304,-2.04854313,1223.0
202752,102,1596,32,7.748603820800781e-07,0.8682447671890259,0.021162432,0.2611083984375,0.2,0.0004092704424510632,-0.02661018775688717,0.04519219323992729,0.15877391258254647,-39.2452517747879,6320,-2.04854313,1223.0
203264,103,1596,33,-2.086162567138672e-05,0.8681701421737671,0.020574268,0.2484130859375,0.2,0.0004092704424510632,-0.023187372527900152,-0.040133267641067505,0.0018801841069944203,-39.2061972618103,6336,-2.04809619,1223.0
203776,104,1597,33,1.3113021850585938e-06,0.8673853278160095,0.01774041,0.244384765625,0.2,0.0004092704424510632,-0.025227149104466662,0.045594796538352966,0.15807847632095218,-39.20425736904144,6352,-2.04809619,1223.0
204288,105,1597,33,-3.790855407714844e-05,0.8659791350364685,0.017332565,0.222900390625,0.2,0.0004092704424510632,-0.026052092434838414,-0.032900355756282806,0.0013591810857178643,-39.16139876842499,6368,-2.04531609,1223.0
204800,106,1597,33,1.3113021850585938e-06,0.8629253506660461,0.015197848,0.2147216796875,0.2,0.0004092704424510632,-0.026826432294910774,0.04431069269776344,0.1500040222890675,-39.09103798866272,6384,-2.04531609,1223.0
205312,107,1597,34,-5.805492401123047e-05,0.8595763444900513,0.014044765,0.179443359375,0.2,0.0004092704424510632,-0.022525384498294443,-0.033956415951251984,0.0019191495266568381,-38.972601652145386,6400,-2.04531609,1223.0
205824,108,1597,34,-2.5033950805664062e-06,0.8581826686859131,0.020985924,0.2608642578125,0.2,0.0004092704424510632,-0.02730158160557039,-0.04811064898967743,0.0017278963023272809,-38.87200629711151,6416,-2.04155714,1223.0
206336,109,1598,34,2.3245811462402344e-06,0.8574219346046448,0.016036555,0.240966796875,0.2,0.0004092704424510632,-0.025784330544411205,0.04054929316043854,0.1548054302111268,-38.839638233184814,6432,-2.04155714,1223.0
206848,110,1598,35,7.510185241699219e-06,0.8576695322990417,0.020826958,0.2601318359375,0.2,0.0004092704424510632,-0.026392399217002094,-0.038156118243932724,0.001404573018589872,-38.815383076667786,6448,-2.03839098,1223.0
207360,111,1598,35,2.086162567138672e-06,0.8584281802177429,0.020044796,0.245361328125,0.2,0.0004092704424510632,-0.025411648326553404,0.028948985040187836,0.14470968442037702,-38.83418011665344,6464,-2.03839098,1223.0
207872,112,1598,35,-9.179115295410156e-06,0.8577145934104919,0.0173853,0.234375,0.2,0.0004092704424510632,-0.025795466368435882,-0.03956560045480728,0.0018264743848703802,-38.84235978126526,6480,-2.03839098,1223.0
208384,113,1598,36,-2.014636993408203e-05,0.8581567406654358,0.01781541,0.2171630859375,0.2,0.0004092704424510632,-0.025171149958623573,-0.045335762202739716,0.002187118989240844,-38.819557666778564,6496,-2.03733237,1223.0
208896,114,1598,36,7.748603820800781e-07,0.8581133484840393,0.031083435,0.3331298828125,0.2,0.0004092704424510632,-0.029373213794315234,0.020999453961849213,0.1354363940190524,-38.84388089179993,6512,-2.03733237,1223.0
209408,115,1598,36,-1.1563301086425781e-05,0.8572341799736023,0.017433263,0.2353515625,0.2,0.0004092704424510632,-0.022645533783361316,-0.04249400645494461,0.0021775312161480542,-38.82449555397034,6528,-2.0357114999999997,1223.0
209920,116,1598,37,1.8477439880371094e-06,0.8568437695503235,0.02017591,0.2308349609375,0.2,0.0004092704424510632,-0.024965109310869593,0.03768464922904968,0.16278913477435708,-38.79214286804199,6544,-2.0357114999999997,1223.0
210432,117,1598,37,-2.574920654296875e-05,0.855455219745636,0.016827669,0.2396240234375,0.2,0.0004092704424510632,-0.024215334706241265,-0.04203689470887184,0.0015296924084395869,-38.760701417922974,6560,-2.0335919500000004,1223.0
210944,118,1598,37,1.6093254089355469e-06,0.85418301820755,0.025860915,0.2803955078125,0.2,0.0004092704424510632,-0.027994978212518618,0.026221491396427155,0.14970164699479938,-38.71913659572601,6576,-2.0335919500000004,1223.0
211456,119,1599,38,4.172325134277344e-06,0.8540950417518616,0.019486189,0.270751953125,0.2,0.0004092704424510632,-0.029772185953333974,-0.04328111559152603,0.002559304586611688,-38.69143259525299,6592,-2.0335919500000004,1223.0
211968,120,1599,38,-1.0848045349121094e-05,0.8546611070632935,0.014699367,0.192626953125,0.2,0.0004092704424510632,-0.019578310602810234,-0.032601285725831985,0.002201700317527866,-38.689239382743835,6608,-2.0314456400000003,1223.0
212480,121,1599,38,1.3113021850585938e-06,0.854404091835022,0.023814749,0.267578125,0.2,0.0004092704424510632,-0.026779154548421502,0.041284672915935516,0.16125991172157228,-38.69136154651642,6624,-2.0314456400000003,1223.0
212992,122,1599,39,-5.7220458984375e-06,0.8530942797660828,0.021835446,0.28173828125,0.2,0.0004092704424510632,-0.02998937917436706,-0.03554019704461098,0.0018558774845587322,-38.665595293045044,6640,-2.02891453,1223.0
213504,123,1599,39,2.562999725341797e-06,0.8518992066383362,0.017109923,0.2109375,0.2,0.0004092704424510632,-0.021173949353396893,0.03425808250904083,0.14825679594650865,-38.619991302490234,6656,-2.02891453,1223.0
214016,124,1599,39,-5.233287811279297e-05,0.8529760241508484,0.016956657,0.23095703125,0.2,0.0004092704424510632,-0.025356214326166082,-0.032338697463274,0.0017132232915173518,-38.610650420188904,6672,-2.02891453,1223.0
214528,125,1599,40,-2.4080276489257812e-05,0.8534859418869019,0.015733384,0.2117919921875,0.2,0.0004092704424510632,-0.01871252918499522,-0.02684439904987812,0.0017755229091562796,-38.65592575073242,6688,-2.02567134,1223.0
215040,126,1599,40,1.7881393432617188e-06,0.8539575934410095,0.030632956,0.2618408203125,0.2,0.0004092704424510632,-0.025178816576953977,-0.009318619966506958,0.055231263948371634,-38.669565200805664,6704,-2.02567134,1223.0
215552,127,1599,40,-1.2874603271484375e-05,0.8549116849899292,0.02052903,0.25,0.2,0.0004092704424510632,-0.024431438534520566,-0.02812902443110943,0.0022231448492675554,-38.698437571525574,6720,-2.0243747500000002,1223.0
216064,128,1599,40,1.5497207641601562e-06,0.8541056513786316,0.018764589,0.2393798828125,0.2,0.0004092704424510632,-0.024044162244535983,0.04732830077409744,0.166861561127007,-38.711154103279114,6736,-2.0243747500000002,1223.0
216576,129,1599,41,-3.4809112548828125e-05,0.8542888760566711,0.015368473,0.2171630859375,0.2,0.0004092704424510632,-0.023963915067724884,-0.036336611956357956,0.001598011287569534,-38.687360882759094,6752,-2.02100547,1223.0
217088,130,1598,41,1.3709068298339844e-06,0.8538652062416077,0.017475033,0.2337646484375,0.2,0.0004092704424510632,-0.025867785298032686,0.04069116711616516,0.15718914871104062,-38.68348705768585,6768,-2.02100547,1223.0
217600,131,1598,41,-1.9073486328125e-06,0.8545014262199402,0.022673521,0.2869873046875,0.2,0.0004092704424510632,-0.031311558006564155,-0.03783351182937622,0.0022114911080279853,-38.66846740245819,6784,-2.02100547,1223.0
218112,132,1598,42,-1.9788742065429688e-05,0.8549302816390991,0.017686924,0.26806640625,0.2,0.0004092704424510632,-0.0274799341277685,-0.030752331018447876,0.0017427905022486812,-38.695746541023254,6800,-2.01941554,1223.0
218624,133,1598,42,1.9073486328125e-06,0.8558300137519836,0.016210984,0.2176513671875,0.2,0.0004092704424510632,-0.021153034584131092,0.07269063591957092,0.16760730557143688,-38.702335596084595,6816,-2.01941554,1223.0
219136,134,1598,42,-2.3603439331054688e-05,0.8559191823005676,0.017584924,0.2451171875,0.2,0.0004092704424510632,-0.02843484145705588,-0.03924042358994484,0.001739436531352112,-38.72206246852875,6832,-2.0162318499999996,1223.0
219648,135,1598,43,2.4437904357910156e-06,0.8545921444892883,0.01801921,0.2646484375,0.2,0.0004092704424510632,-0.02391291606181767,0.040691129863262177,0.16026401380077004,-38.695746183395386,6848,-2.0162318499999996,1223.0
220160,136,1598,43,8.64267349243164e-06,0.8535277843475342,0.015711095,0.2122802734375,0.2,0.0004092704424510632,-0.022698487067827955,-0.03380575776100159,0.0016942037236731267,-38.63670074939728,6864,-2.0129038,1223.0
220672,137,1597,43,2.86102294921875e-06,0.8519869446754456,0.015710399,0.2012939453125,0.2,0.0004092704424510632,-0.021066490618977696,0.04180615395307541,0.15243062237277627,-38.5914922952652,6880,-2.0129038,1223.0
221184,138,1597,44,-8.702278137207031e-06,0.8523089289665222,0.02080365,0.3114013671875,0.2,0.0004092704424510632,-0.03877860336797312,-0.049297403544187546,0.0024257388758996967,-38.55817925930023,6896,-2.0129038,1223.0
221696,139,1597,44,-4.5299530029296875e-06,0.8514453172683716,0.014921627,0.22509765625,0.2,0.0004092704424510632,-0.025197666356689297,-0.03921874985098839,0.0025923342946043704,-38.55967199802399,6912,-2.0116490099999997,1223.0
222208,140,1597,44,2.682209014892578e-06,0.8501635789871216,0.01651036,0.236083984375,0.2,0.0004092704424510632,-0.025197392620611936,0.03762766718864441,0.15838566306047142,-38.51488173007965,6928,-2.0116490099999997,1223.0
222720,141,1597,45,-5.733966827392578e-05,0.8498312830924988,0.014980089,0.197021484375,0.2,0.0004092704424510632,-0.0188714871655975,-0.03164109215140343,0.0013447893798002042,-38.47517466545105,6944,-2.00911677,1223.0
223232,142,1597,45,4.410743713378906e-06,0.8500633835792542,0.015854103,0.2423095703125,0.2,0.0004092704424510632,-0.02601948252413422,0.030502408742904663,0.15133395558223128,-38.471924781799316,6960,-2.00911677,1223.0
223744,143,1596,45,-3.0279159545898438e-05,0.8509302735328674,0.015667249,0.232421875,0.2,0.0004092704424510632,-0.02648402210616041,-0.03620009124279022,0.0015269443829311058,-38.48238265514374,6976,-2.00911677,1223.0
224256,144,1596,46,-5.602836608886719e-05,0.8513550758361816,0.015494426,0.229248046875,0.2,0.0004092704424510632,-0.025370889634359628,-0.033773694187402725,0.002059660317172529,-38.50480020046234,6992,-2.00857545,1223.0
224768,145,1596,46,1.6093254089355469e-06,0.851986289024353,0.01829642,0.2308349609375,0.2,0.0004092704424510632,-0.02251901588169858,0.05507123842835426,0.1563747045584023,-38.51705741882324,7008,-2.00857545,1223.0
225280,146,1596,46,-7.081031799316406e-05,0.8530980944633484,0.019537635,0.232177734375,0.2,0.0004092704424510632,-0.02164100190566387,-0.0443081334233284,0.001603242782948655,-38.545987367630005,7024,-2.0078651799999996,1223.0
225792,147,1596,47,3.3974647521972656e-06,0.8530215620994568,0.023036562,0.2607421875,0.2,0.0004092704424510632,-0.0286540356464684,0.02978190779685974,0.15976781910285354,-38.563029289245605,7040,-2.0078651799999996,1223.0
226304,1,3924,0,-0.00010991096496582031,0.8530701994895935,0.01429753,0.2213134765625,0.2,0.0004092704424510632,-0.024114200641633943,-0.03885643556714058,0.0014070471170271048,-38.56234955787659,7056,-2.0056286399999994,1223.0
226816,2,2251,0,8.881092071533203e-06,0.854515016078949,0.019764815,0.26513671875,0.2,0.0004092704424510632,-0.0273918361926917,0.037196602672338486,0.14701827755197883,-38.585144996643066,7072,-2.0056286399999994,1223.0
227328,3,1966,0,-0.0001621246337890625,0.8549447059631348,0.017868474,0.236083984375,0.2,0.0004092704424510632,-0.026536992299952544,-0.0277461688965559,0.0021472633598023094,-38.62548828125,7088,-2.0056286399999994,1223.0
227840,4,1849,1,-7.510185241699219e-06,0.8542940020561218,0.016629407,0.2508544921875,0.2,0.0004092704424510632,-0.02589092470589094,-0.039078861474990845,0.0016682279911037767,-38.63078463077545,7104,-2.00433338,1223.0
228352,5,1785,1,1.3470649719238281e-05,0.8520256280899048,0.025649868,0.2828369140625,0.2,0.0004092704424510632,-0.03025334293488413,0.03147052973508835,0.1557699334807694,-38.58216404914856,7120,-2.00433338,1223.0
228864,6,1742,1,-1.430511474609375e-06,0.8509511351585388,0.016831394,0.240478515625,0.2,0.0004092704424510632,-0.024633796623675153,-0.03235626965761185,0.0014862417920085136,-38.506152391433716,7136,-2.00313148,1223.0
229376,7,1710,2,4.589557647705078e-06,0.8507470488548279,0.017827049,0.2135009765625,0.2,0.0004092704424510632,-0.022120203939266503,0.036410294473171234,0.14891018555499613,-38.49033725261688,7152,-2.00313148,1223.0
229888,8,1697,2,-1.5139579772949219e-05,0.849409818649292,0.01908738,0.2396240234375,0.2,0.0004092704424510632,-0.028231714764842764,-0.03106464073061943,0.0017187747034768108,-38.470791697502136,7168,-2.00313148,1223.0
230400,9,1684,2,-3.2901763916015625e-05,0.8470652103424072,0.021970788,0.2635498046875,0.2,0.0004092704424510632,-0.030462519091088325,-0.03640773519873619,0.0017547637635288993,-38.40903401374817,7184,-2.00031339,1223.0
230912,10,1674,3,2.5033950805664062e-06,0.8464521765708923,0.025970165,0.267333984375,0.2,0.0004092704424510632,-0.023668213543714955,0.02751168981194496,0.13088700198568404,-38.36218333244324,7200,-2.00031339,1223.0
231424,11,1673,3,-6.711483001708984e-05,0.8466407656669617,0.0149748,0.1944580078125,0.2,0.0004092704424510632,-0.020389768353197724,-0.03838904947042465,0.0018927813616755884,-38.36816143989563,7216,-1.9993314500000003,1223.0
231936,12,1673,3,4.172325134277344e-06,0.8456876277923584,0.020466138,0.255859375,0.2,0.0004092704424510632,-0.023792300722561777,0.026012983173131943,0.15990199544467032,-38.35967540740967,7232,-1.9993314500000003,1223.0
232448,13,1669,3,-0.00024259090423583984,0.8466429114341736,0.019321773,0.247802734375,0.2,0.0004092704424510632,-0.02973093827313278,-0.04985416308045387,0.0011850893242808525,-38.34999859333038,7248,-1.9972823199999998,1223.0
232960,14,1669,4,7.271766662597656e-06,0.8463581204414368,0.019169059,0.2181396484375,0.2,0.0004092704424510632,-0.019724553472769912,0.028280477970838547,0.1515982795972377,-38.37752187252045,7264,-1.9972823199999998,1223.0
233472,15,1667,4,-0.0001354217529296875,0.8445520997047424,0.01802024,0.2601318359375,0.2,0.0004092704424510632,-0.028291145819821395,-0.04882734268903732,0.00218746340033249,-38.335938453674316,7280,-1.9972823199999998,1223.0
233984,16,1668,4,1.7821788787841797e-05,0.8447269201278687,0.023730334,0.2750244140625,0.2,0.0004092704424510632,-0.02997299181879498,-0.04071463644504547,0.0016184693085961044,-38.29339396953583,7296,-1.9954016700000003,1223.0
234496,17,1667,5,1.1026859283447266e-05,0.8450525999069214,0.025199752,0.275390625,0.2,0.0004092704424510632,-0.03125446126796305,0.024639539420604706,0.16078501217998564,-38.31100630760193,7312,-1.9954016700000003,1223.0
235008,18,1663,5,-0.00023353099822998047,0.8453108072280884,0.020320486,0.2548828125,0.2,0.0004092704424510632,-0.02567493391688913,-0.038590624928474426,0.0015520050274062669,-38.32094645500183,7328,-1.9938065800000002,1223.0
235520,19,1663,5,-2.7418136596679688e-06,0.8449649214744568,0.020162646,0.2471923828125,0.2,0.0004092704424510632,-0.023146022605942562,0.05315721035003662,0.1501400035340339,-38.31863570213318,7344,-1.9938065800000002,1223.0
236032,20,1660,6,2.0742416381835938e-05,0.8459428548812866,0.013540968,0.2130126953125,0.2,0.0004092704424510632,-0.022726939831045456,-0.03080546110868454,0.0019251548364991322,-38.32313930988312,7360,-1.9938065800000002,1223.0
236544,21,1659,6,-1.823902130126953e-05,0.845282793045044,0.022308161,0.303466796875,0.2,0.0004092704424510632,-0.033606850425712764,-0.03893350437283516,0.002100430785503704,-38.348687171936035,7376,-1.9937910700000003,1223.0
237056,22,1658,6,3.516674041748047e-06,0.8444730639457703,0.030646615,0.2864990234375,0.2,0.0004092704424510632,-0.022024034755304456,-0.004649639129638672,0.045438787958119065,-38.316582560539246,7392,-1.9937910700000003,1223.0
237568,23,1658,7,-1.3709068298339844e-05,0.8446922898292542,0.017485151,0.2431640625,0.2,0.0004092704424510632,-0.026259565114742145,-0.03297902271151543,0.002011647193285171,-38.30351150035858,7408,-1.9919614900000002,1223.0
238080,24,1656,7,3.3974647521972656e-06,0.8439545631408691,0.017320959,0.224609375,0.2,0.0004092704424510632,-0.022428949974710122,0.05123955383896828,0.17468202859163284,-38.30728471279144,7424,-1.9919614900000002,1223.0
238592,25,1656,7,-9.644031524658203e-05,0.8432125449180603,0.02263742,0.270263671875,0.2,0.0004092704424510632,-0.027107407862786204,-0.040833503007888794,0.0015506726886087563,-38.27098822593689,7440,-1.9912868500000003,1223.0
239104,26,1656,8,3.2782554626464844e-06,0.8426513075828552,0.019400708,0.25244140625,0.2,0.0004092704424510632,-0.02711463501327671,0.051801055669784546,0.16528925392776728,-38.24724555015564,7456,-1.9912868500000003,1223.0
239616,27,1655,8,-0.0001493692398071289,0.8416754007339478,0.022589374,0.2557373046875,0.2,0.0004092704424510632,-0.02741563302697614,-0.0368647575378418,0.001956958898517769,-38.214741945266724,7472,-1.9912868500000003,1223.0
240128,28,1655,8,-1.2278556823730469e-05,0.8414588570594788,0.018068116,0.2525634765625,0.2,0.0004092704424510632,-0.0284988121711649,-0.04251718148589134,0.0019215047323086765,-38.1867573261261,7488,-1.9902769699999998,1223.0
240640,29,1653,8,5.304813385009766e-06,0.8408582806587219,0.016991943,0.226318359375,0.2,0.0004092704424510632,-0.025921696767909452,0.03625745326280594,0.1778594828210771,-38.17646253108978,7504,-1.9902769699999998,1223.0
241152,30,1652,9,2.014636993408203e-05,0.8420630693435669,0.022050492,0.2784423828125,0.2,0.0004092704424510632,-0.028131510101957247,-0.03523045778274536,0.001530987567093689,-38.16916000843048,7520,-1.9876554,1223.0
241664,31,1651,9,8.52346420288086e-06,0.8416220545768738,0.020130415,0.228271484375,0.2,0.0004092704424510632,-0.024506158399162814,0.04005168005824089,0.16407685121521354,-38.2001314163208,7536,-1.9876554,1223.0
242176,32,1650,9,4.029273986816406e-05,0.840553879737854,0.017795725,0.2589111328125,0.2,0.0004092704424510632,-0.02893415538710542,-0.03953307867050171,0.0015624495717929676,-38.16294527053833,7552,-1.9867348500000004,1223.0
242688,33,1647,10,2.682209014892578e-06,0.8401061296463013,0.02114306,0.2869873046875,0.2,0.0004092704424510632,-0.028861658967798576,0.049370311200618744,0.15211011236533523,-38.129770398139954,7568,-1.9867348500000004,1223.0
243200,34,1645,10,-7.867813110351562e-06,0.8414767980575562,0.014417468,0.2271728515625,0.2,0.0004092704424510632,-0.026770033640787005,-0.031949400901794434,0.002464268745825393,-38.14521062374115,7584,-1.9867348500000004,1223.0
243712,35,1645,10,-9.655952453613281e-06,0.84078449010849,0.015895577,0.24755859375,0.2,0.0004092704424510632,-0.02791401805006899,-0.03821941092610359,0.0019015891120943706,-38.173529267311096,7600,-1.98420915,1223.0
244224,36,1644,11,2.0265579223632812e-06,0.839809000492096,0.02116024,0.261962890625,0.2,0.0004092704424510632,-0.025426601408980787,0.034788891673088074,0.15875565586611629,-38.12957286834717,7616,-1.98420915,1223.0
244736,37,1643,11,-6.985664367675781e-05,0.8391909003257751,0.022342328,0.2509765625,0.2,0.0004092704424510632,-0.028600691293831915,-0.049787234514951706,0.0014272443168010795,-38.099244475364685,7632,-1.98142223,1223.0
245248,38,1642,11,2.1457672119140625e-06,0.8378382921218872,0.01845503,0.2548828125,0.2,0.0004092704424510632,-0.024963212141301483,0.03885774686932564,0.14771753153763711,-38.06403136253357,7648,-1.98142223,1223.0
245760,39,1641,12,-8.58306884765625e-06,0.837173342704773,0.01589381,0.23681640625,0.2,0.0004092704424510632,-0.02442185288236942,-0.03723963722586632,0.001800148038455518,-38.02336025238037,7664,-1.98142223,1223.0
246272,40,1640,12,-3.421306610107422e-05,0.8373317122459412,0.024375584,0.2734375,0.2,0.0004092704424510632,-0.02834290236933157,-0.0472232848405838,0.0017918369576364057,-38.012726068496704,7680,-1.9795857500000003,1223.0
246784,41,1640,12,2.682209014892578e-06,0.8374273777008057,0.021076364,0.291015625,0.2,0.0004092704424510632,-0.030802376859355718,0.0444190613925457,0.15647625550627708,-38.02598524093628,7696,-1.9795857500000003,1223.0
247296,42,1639,13,-5.829334259033203e-05,0.8368706107139587,0.016401555,0.23291015625,0.2,0.0004092704424510632,-0.02356953837443143,-0.032623667269945145,0.001501859282143414,-38.01601457595825,7712,-1.9780205899999999,1223.0
247808,43,1637,13,3.7550926208496094e-06,0.8358988165855408,0.017340798,0.2398681640625,0.2,0.0004092704424510632,-0.025697599616250955,0.050087034702301025,0.15660186461172998,-37.99364233016968,7728,-1.9780205899999999,1223.0
248320,44,1637,13,-5.221366882324219e-05,0.8353924751281738,0.013508093,0.2017822265625,0.2,0.0004092704424510632,-0.02361150058277417,-0.03486955910921097,0.001189166379845119,-37.96635973453522,7744,-1.9735263,1223.0
248832,45,1636,14,4.827976226806641e-06,0.8351210355758667,0.017221726,0.2471923828125,0.2,0.0004092704424510632,-0.025936992111383006,0.025690129026770592,0.144186181249097,-37.95321786403656,7760,-1.9735263,1223.0
249344,46,1632,14,-1.2755393981933594e-05,0.8362624049186707,0.0152294915,0.226806640625,0.2,0.0004092704424510632,-0.022654404892819002,-0.03531373664736748,0.0024458396692352835,-37.9749276638031,7776,-1.9735263,1223.0
249856,47,1630,14,-2.1457672119140625e-05,0.8363593816757202,0.018412882,0.212890625,0.2,0.0004092704424510632,-0.021001790009904653,-0.030694875866174698,0.0020544483668345492,-38.00946390628815,7792,-1.97295023,1223.0
250368,48,1629,15,6.794929504394531e-06,0.8348113298416138,0.019390589,0.243896484375,0.2,0.0004092704424510632,-0.02659890567883849,0.0334525965154171,0.1579018267802894,-37.97482168674469,7808,-1.97295023,1223.0
250880,49,1627,15,-4.076957702636719e-05,0.8329928517341614,0.017484793,0.284423828125,0.2,0.0004092704424510632,-0.03001107310410589,-0.02683981880545616,0.0013108689799992135,-37.90661835670471,7824,-1.97144754,1223.0
251392,50,1626,15,1.3053417205810547e-05,0.8305068016052246,0.016097685,0.217529296875,0.2,0.0004092704424510632,-0.021868851967155933,0.04811498150229454,0.14500680030323565,-37.82096600532532,7840,-1.97144754,1223.0
251904,51,1626,16,-0.0001704692840576172,0.8294036984443665,0.01858826,0.2379150390625,0.2,0.0004092704424510632,-0.02613563893828541,-0.029017964377999306,0.0016263349880318856,-37.7538183927536,7856,-1.97144754,1223.0
252416,52,1627,16,-5.507469177246094e-05,0.8280640244483948,0.019589134,0.2484130859375,0.2,0.0004092704424510632,-0.025154465052764863,-0.03197852522134781,0.0022286174935288727,-37.71272790431976,7872,-1.9681731399999998,1223.0
252928,53,1626,16,-1.3113021850585938e-06,0.8271864056587219,0.026387006,0.273193359375,0.2,0.0004092704424510632,-0.027373502583941445,0.022333353757858276,0.12599153257906437,-37.66279625892639,7888,-1.9681731399999998,1223.0
253440,54,1626,16,8.046627044677734e-06,0.8255544900894165,0.01870791,0.2484130859375,0.2,0.0004092704424510632,-0.028046430088579655,-0.03528737276792526,0.0020582587821991183,-37.61853778362274,7904,-1.96463383,1223.0
253952,55,1627,17,5.4836273193359375e-06,0.824167788028717,0.019192118,0.26708984375,0.2,0.0004092704424510632,-0.02849414141383022,0.04645270109176636,0.15728687797673047,-37.5509397983551,7920,-1.96463383,1223.0
254464,56,1627,17,3.808736801147461e-05,0.8230312466621399,0.019313306,0.238037109375,0.2,0.0004092704424510632,-0.026564254192635417,-0.04813326150178909,0.0012294104762986535,-37.50692617893219,7936,-1.96375148,1223.0
254976,57,1628,17,4.410743713378906e-06,0.8229881525039673,0.019842267,0.2637939453125,0.2,0.0004092704424510632,-0.027182233054190874,0.0444447360932827,0.1479839594103396,-37.4739785194397,7952,-1.96375148,1223.0
255488,58,1628,18,-6.16312026977539e-05,0.8238164782524109,0.0141250715,0.25146484375,0.2,0.0004092704424510632,-0.02609879113151692,-0.03899449110031128,0.002037390018813312,-37.49165642261505,7968,-1.96375148,1223.0
256000,59,1628,18,-1.430511474609375e-05,0.8233393430709839,0.018955104,0.28564453125,0.2,0.0004092704424510632,-0.030144261705572717,-0.04329949989914894,0.0020325395562394988,-37.5063316822052,7984,-1.96089765,1223.0
256512,60,1628,18,4.887580871582031e-06,0.824934184551239,0.026027359,0.280029296875,0.2,0.0004092704424510632,-0.024833047558786348,0.054497797042131424,0.15709000057540834,-37.50903069972992,8000,-1.96089765,1223.0
257024,61,1629,19,-4.601478576660156e-05,0.8262476921081543,0.016383648,0.2197265625,0.2,0.0004092704424510632,-0.023149725762777962,-0.03437839075922966,0.0013683685665455414,-37.57179009914398,8016,-1.9591438500000005,1223.0
257536,62,1628,19,4.649162292480469e-06,0.8258733153343201,0.024235569,0.26416015625,0.2,0.0004092704424510632,-0.030140104528982192,0.035478051751852036,0.14309605467133224,-37.59696125984192,8032,-1.9591438500000005,1223.0
258048,63,1628,19,-0.00013697147369384766,0.825106143951416,0.021106157,0.2454833984375,0.2,0.0004092704424510632,-0.028979174414416775,-0.04650554060935974,0.0015760599926579744,-37.57681429386139,8048,-1.9591438500000005,1223.0
258560,64,1629,20,-4.649162292480469e-06,0.8233068585395813,0.020696841,0.2403564453125,0.2,0.0004092704424510632,-0.025354498182423413,-0.039763469249010086,0.0020737551640195306,-37.53410542011261,8064,-1.9554677600000003,1223.0
259072,65,1631,20,1.3709068298339844e-06,0.8220039010047913,0.024307314,0.2362060546875,0.2,0.0004092704424510632,-0.017386316918418743,-0.010143580846488476,0.03286614916942199,-37.46799612045288,8080,-1.9554677600000003,1223.0
259584,66,1633,20,-1.1563301086425781e-05,0.8223116993904114,0.0150842145,0.2086181640625,0.2,0.0004092704424510632,-0.022485679481178522,-0.02468029037117958,0.00220920841456973,-37.44589364528656,8096,-1.9527495099999999,1223.0
260096,67,1634,20,2.2649765014648438e-06,0.8209763169288635,0.019559728,0.2208251953125,0.2,0.0004092704424510632,-0.025789982260903344,0.051523201167583466,0.1675774585455656,-37.44138777256012,8112,-1.9527495099999999,1223.0
260608,68,1636,21,-4.279613494873047e-05,0.820236086845398,0.018749245,0.2481689453125,0.2,0.0004092704424510632,-0.02778040582779795,-0.04005258530378342,0.0012774037932103965,-37.3861426115036,8128,-1.94995893,1223.0
261120,69,1637,21,2.562999725341797e-06,0.819492757320404,0.017010523,0.23974609375,0.2,0.0004092704424510632,-0.022769258997868747,0.025391466915607452,0.15316008171066642,-37.369290709495544,8144,-1.94995893,1223.0
261632,70,1638,21,-6.508827209472656e-05,0.820173978805542,0.013126636,0.164306640625,0.2,0.0004092704424510632,-0.01880552431975957,-0.025838831439614296,0.0016566265730943996,-37.361587166786194,8160,-1.94995893,1223.0
262144,71,1639,22,-1.3113021850585938e-05,0.8204346299171448,0.025073322,0.2694091796875,0.2,0.0004092704424510632,-0.029823084943927824,-0.039353806525468826,0.0019866095317411236,-37.392120003700256,8176,-1.9478409399999999,1223.0
262656,72,1641,22,3.5762786865234375e-06,0.8189031481742859,0.018027794,0.1920166015625,0.2,0.0004092704424510632,-0.018670145494979806,0.05975843593478203,0.16074525541625917,-37.36688566207886,8192,-1.9478409399999999,1223.0
263168,73,1643,22,-6.67572021484375e-05,0.8167467713356018,0.01591029,0.191650390625,0.2,0.0004092704424510632,-0.021089490386657417,-0.04031579941511154,0.001070483554940438,-37.29558980464935,8208,-1.9439750099999997,1223.0
263680,74,1644,23,4.231929779052734e-06,0.8179931640625,0.016154295,0.2137451171875,0.2,0.0004092704424510632,-0.023169029038399458,0.03614528104662895,0.1494414929766208,-37.25977969169617,8224,-1.9439750099999997,1223.0
264192,75,1646,23,-4.0531158447265625e-06,0.8181214332580566,0.013636197,0.2044677734375,0.2,0.0004092704424510632,-0.023962325270986184,-0.031171919777989388,0.0012400551495375112,-37.304548382759094,8240,-1.9411416099999999,1223.0
264704,76,1647,23,6.616115570068359e-06,0.8181948065757751,0.013770297,0.1685791015625,0.2,0.0004092704424510632,-0.020486616806010716,0.04136798530817032,0.14305567182600498,-37.290363073349,8256,-1.9411416099999999,1223.0
265216,77,1646,23,-2.5033950805664062e-05,0.8182742595672607,0.016967174,0.221923828125,0.2,0.0004092704424510632,-0.0235175191774033,-0.029822593554854393,0.002570847729657544,-37.298590898513794,8272,-1.9411416099999999,1223.0
265728,78,1646,24,-2.0742416381835938e-05,0.8162627220153809,0.026158981,0.271484375,0.2,0.0004092704424510632,-0.03059775978908874,-0.031024251133203506,0.0021542759859585203,-37.27316975593567,8288,-1.9387614599999998,1223.0
266240,79,1647,24,7.271766662597656e-06,0.8176142573356628,0.017204726,0.2086181640625,0.2,0.0004092704424510632,-0.01872268013539724,0.05414294824004173,0.14493762049824,-37.23340034484863,8304,-1.9387614599999998,1223.0
266752,80,1648,24,-0.00014531612396240234,0.8181334733963013,0.019097168,0.2496337890625,0.2,0.0004092704424510632,-0.023845966512453742,-0.036170415580272675,0.0013005245091335382,-37.28328597545624,8320,-1.93516467,1223.0
267264,81,1650,25,1.2934207916259766e-05,0.8177880048751831,0.01728284,0.2186279296875,0.2,0.0004092704424510632,-0.026361168958828785,0.04344167560338974,0.13990958267822862,-37.27716839313507,8336,-1.93516467,1223.0
267776,82,1651,25,-0.002482175827026367,0.8173786997795105,0.014636708,0.2412109375,0.2,0.0004092704424510632,-0.02546473336406052,-0.0545109324157238,0.0016497764772793744,-37.26610553264618,8352,-1.93516467,1223.0
268288,83,1651,25,-1.4185905456542969e-05,0.8176650404930115,0.019520538,0.255615234375,0.2,0.0004092704424510632,-0.03176362285739742,-0.04866323247551918,0.0019312419353809673,-37.25469958782196,8368,-1.9321363799999998,1223.0
268800,84,1651,26,1.3709068298339844e-06,0.8197914958000183,0.024733726,0.2806396484375,0.2,0.0004092704424510632,-0.028003498882753775,0.039863843470811844,0.14206679305061698,-37.294071197509766,8384,-1.9321363799999998,1223.0
269312,85,1652,26,-8.58306884765625e-06,0.8216544985771179,0.018984469,0.2550048828125,0.2,0.0004092704424510632,-0.027073737583123147,-0.03321927785873413,0.001658737890466,-37.37090885639191,8400,-1.9301593099999999,1223.0
269824,86,1653,26,2.205371856689453e-06,0.8218713998794556,0.023354426,0.2877197265625,0.2,0.0004092704424510632,-0.028863903062301688,0.04230337589979172,0.14561170572414994,-37.41454327106476,8416,-1.9301593099999999,1223.0
270336,87,1655,26,-5.125999450683594e-05,0.8216544985771179,0.014764893,0.2220458984375,0.2,0.0004092704424510632,-0.02518066024640575,-0.03987007588148117,0.0010123954289156245,-37.40879797935486,8432,-1.9285995399999998,1223.0
270848,88,1656,27,3.933906555175781e-06,0.8217238783836365,0.025279881,0.28076171875,0.2,0.0004092704424510632,-0.025636503865825944,0.018383406102657318,0.13536586659029126,-37.408295035362244,8448,-1.9285995399999998,1223.0
271360,89,1657,27,-2.682209014892578e-05,0.8212006092071533,0.014951475,0.2125244140625,0.2,0.0004092704424510632,-0.02756170422071591,-0.031193595379590988,0.002371318558289204,-37.409985303878784,8464,-1.9285995399999998,1223.0
271872,90,1656,27,-1.728534698486328e-05,0.8209177851676941,0.025295995,0.3114013671875,0.2,0.0004092704424510632,-0.030175172672898043,-0.04258349910378456,0.002271392848342657,-37.39090192317963,8480,-1.92675079,1223.0
272384,91,1657,28,2.5033950805664062e-06,0.8196333646774292,0.017250791,0.25439453125,0.2,0.0004092704424510632,-0.025686643617518712,0.03645114600658417,0.14469803404062986,-37.365424275398254,8496,-1.92675079,1223.0
272896,92,1658,28,-6.520748138427734e-05,0.8186607360839844,0.020568747,0.2684326171875,0.2,0.0004092704424510632,-0.03004293744743336,-0.0354275181889534,0.0012093198565708008,-37.322107553482056,8512,-1.92289397,1223.0
273408,93,1659,28,6.973743438720703e-06,0.8185272812843323,0.025895985,0.281982421875,0.2,0.0004092704424510632,-0.02800362225389108,0.03636821359395981,0.13714702776633203,-37.30069088935852,8528,-1.92289397,1223.0
273920,94,1660,28,-4.220008850097656e-05,0.8192573189735413,0.01381308,0.20703125,0.2,0.0004092704424510632,-0.022635232657194138,-0.032987527549266815,0.0016864087756403023,-37.309452295303345,8544,-1.92289397,1223.0
274432,95,1660,29,-1.704692840576172e-05,0.8184928894042969,0.01511494,0.22265625,0.2,0.0004092704424510632,-0.02333711349638179,-0.035910312086343765,0.0024443397851428017,-37.31507074832916,8560,-1.92061201,1223.0
274944,96,1662,29,5.066394805908203e-06,0.8180335760116577,0.033112608,0.330322265625,0.2,0.0004092704424510632,-0.029810228297719732,0.02955986186861992,0.11640024278312922,-37.2816743850708,8576,-1.92061201,1223.0
275456,97,1662,29,-7.927417755126953e-05,0.8174971342086792,0.02326274,0.2779541015625,0.2,0.0004092704424510632,-0.02919940889114514,-0.057747602462768555,0.0019355079784872942,-37.27188849449158,8592,-1.91793012,1223.0
275968,98,1662,30,2.2649765014648438e-06,0.816844642162323,0.026081234,0.288330078125,0.2,0.0004092704424510632,-0.030189144716132432,0.030100859701633453,0.1468203547410667,-37.24993860721588,8608,-1.91793012,1223.0
276480,99,1662,30,-0.0027952194213867188,0.8181799650192261,0.022365587,0.29248046875,0.2,0.0004092704424510632,-0.030907568900147453,-0.03294985741376877,0.0015042214381537633,-37.26337230205536,8624,-1.9160263899999999,1223.0
276992,100,1662,30,-1.1920928955078125e-07,0.8183590173721313,0.015937474,0.2276611328125,0.2,0.0004092704424510632,-0.024238144513219595,0.03126079589128494,0.13713053637184203,-37.300716519355774,8640,-1.9160263899999999,1223.0
277504,101,1663,31,-3.337860107421875e-05,0.8187801241874695,0.01720053,0.2490234375,0.2,0.0004092704424510632,-0.02448365298914723,-0.03834124654531479,0.00203525226606871,-37.28650939464569,8656,-1.9160263899999999,1223.0
278016,102,1663,31,-5.0067901611328125e-06,0.8187947273254395,0.014951446,0.1734619140625,0.2,0.0004092704424510632,-0.018794098868966103,-0.03333063796162605,0.002060044127574656,-37.2989798784256,8672,-1.9140096000000002,1223.0
278528,103,1664,31,1.1324882507324219e-06,0.8196678161621094,0.011041252,0.1571044921875,0.2,0.0004092704424510632,-0.021732968685682863,0.015411082655191422,0.14551059040240943,-37.296844124794006,8688,-1.9140096000000002,1223.0
279040,104,1665,31,-9.894371032714844e-06,0.8185299634933472,0.01821834,0.256591796875,0.2,0.0004092704424510632,-0.029734387149801478,-0.057288460433483124,0.0011287318029644666,-37.30133879184723,8704,-1.91306918,1223.0
279552,105,1664,32,1.2516975402832031e-06,0.8160930275917053,0.0140651185,0.2305908203125,0.2,0.0004092704424510632,-0.025596319552278146,0.03197851777076721,0.13425968564115465,-37.22656321525574,8720,-1.91306918,1223.0
280064,106,1665,32,4.470348358154297e-06,0.81600421667099,0.013373984,0.1873779296875,0.2,0.0004092704424510632,-0.01876494038151577,-0.030025653541088104,0.0016013806216506055,-37.15932214260101,8736,-1.91306918,1223.0
280576,107,1666,32,-9.059906005859375e-06,0.8155248761177063,0.017914508,0.2425537109375,0.2,0.0004092704424510632,-0.023257598862983286,-0.028250930830836296,0.0023230569167935755,-37.16051995754242,8752,-1.91179009,1223.0
281088,108,1666,33,2.980232238769531e-07,0.8160264492034912,0.019990806,0.2435302734375,0.2,0.0004092704424510632,-0.017485409072833136,-0.012490753084421158,0.02036050880269613,-37.14788317680359,8768,-1.91179009,1223.0
281600,109,1667,33,-1.1444091796875e-05,0.8162534236907959,0.0198895,0.2542724609375,0.2,0.0004092704424510632,-0.026386451703729108,-0.04518043249845505,0.0016758945530455094,-37.17285478115082,8784,-1.9088092700000001,1223.0
282112,110,1667,33,8.344650268554688e-07,0.8152104020118713,0.015493952,0.2149658203125,0.2,0.0004092704424510632,-0.02378075325395912,0.0605790801346302,0.15804577339440584,-37.1682847738266,8800,-1.9088092700000001,1223.0
282624,111,1668,34,-2.300739288330078e-05,0.8155089616775513,0.017207015,0.2119140625,0.2,0.0004092704424510632,-0.022136667714221403,-0.03236321359872818,0.0012357553096080665,-37.15585958957672,8816,-1.9074355499999998,1223.0
283136,112,1668,34,1.0728836059570312e-06,0.8144930005073547,0.013313053,0.1907958984375,0.2,0.0004092704424510632,-0.02104039746336639,0.03438188135623932,0.14465605095028877,-37.14977502822876,8832,-1.9074355499999998,1223.0
283648,113,1667,34,-1.4781951904296875e-05,0.8140369653701782,0.020748511,0.2735595703125,0.2,0.0004092704424510632,-0.027073131044744514,-0.054953549057245255,0.0018274149697390385,-37.104623556137085,8848,-1.9074355499999998,1223.0
284160,114,1668,34,-1.5974044799804688e-05,0.8139917254447937,0.015934717,0.2479248046875,0.2,0.0004092704424510632,-0.027054715814301744,-0.02424936555325985,0.0018159570608986542,-37.08870768547058,8864,-1.90616511,1223.0
284672,115,1668,35,8.940696716308594e-07,0.8131099343299866,0.020203466,0.263916015625,0.2,0.0004092704424510632,-0.025781109638046473,0.031045161187648773,0.1543624212499708,-37.060341000556946,8880,-1.90616511,1223.0
285184,116,1669,35,-1.9073486328125e-05,0.8124368190765381,0.02606288,0.3095703125,0.2,0.0004092704424510632,-0.03295907736173831,-0.056956756860017776,0.0019969011591456365,-37.01678991317749,8896,-1.9040296,1223.0
285696,117,1669,35,1.2516975402832031e-06,0.8114960789680481,0.021472964,0.2381591796875,0.2,0.0004092704424510632,-0.02300447944435291,0.04255225881934166,0.14563185768201947,-36.98421394824982,8912,-1.9040296,1223.0
286208,118,1670,36,2.6226043701171875e-06,0.8093268871307373,0.018056618,0.265625,0.2,0.0004092704424510632,-0.032873527554329485,-0.04408935829997063,0.0017576414356881287,-36.92654645442963,8928,-1.9041412299999998,1223.0
286720,119,1670,36,1.5497207641601562e-06,0.8089020252227783,0.021251712,0.2666015625,0.2,0.0004092704424510632,-0.028928612038725987,0.03729423135519028,0.13677755743265152,-36.86255180835724,8944,-1.9041412299999998,1223.0
287232,120,1670,36,-5.602836608886719e-06,0.8090541362762451,0.018109784,0.24755859375,0.2,0.0004092704424510632,-0.02838911242724862,-0.04157000035047531,0.0022683882307319436,-36.874858021736145,8960,-1.9041412299999998,1223.0
287744,121,1670,37,-7.3909759521484375e-06,0.8096282482147217,0.0177815,0.2315673828125,0.2,0.0004092704424510632,-0.026769800620968454,-0.03543233126401901,0.0021276515108183958,-36.89384138584137,8976,-1.9012062900000002,1223.0
288256,122,1670,37,1.3113021850585938e-06,0.8093346357345581,0.020954467,0.283935546875,0.2,0.0004092704424510632,-0.025923196924850345,0.0445433109998703,0.14626810373738408,-36.91227316856384,8992,-1.9012062900000002,1223.0
288768,123,1670,37,-6.377696990966797e-05,0.8090673685073853,0.019809846,0.26708984375,0.2,0.0004092704424510632,-0.02575963403796777,-0.03486381843686104,0.0012160840469732648,-36.898643136024475,9008,-1.8989428700000002,1223.0
289280,124,1671,37,1.0728836059570312e-06,0.8096446394920349,0.021801801,0.293212890625,0.2,0.0004092704424510632,-0.03398308641044423,0.01949089765548706,0.1396965712774545,-36.91377305984497,9024,-1.8989428700000002,1223.0
289792,125,1672,38,-5.424022674560547e-05,0.8089492321014404,0.021384357,0.2781982421875,0.2,0.0004092704424510632,-0.028337569237919524,-0.03425457701086998,0.0013828896480845287,-36.91305923461914,9040,-1.8989428700000002,1223.0
290304,126,1672,38,-1.5020370483398438e-05,0.8095948100090027,0.018373273,0.2373046875,0.2,0.0004092704424510632,-0.02867734916799236,-0.038158152252435684,0.001910693894387805,-36.89542579650879,9056,-1.89665207,1223.0
290816,127,1672,38,2.5033950805664062e-06,0.8086881041526794,0.021719584,0.263916015625,0.2,0.0004092704424510632,-0.027989233305561356,0.020802423357963562,0.14338548807427287,-36.90121400356293,9072,-1.89665207,1223.0
291328,128,1672,39,-9.298324584960938e-06,0.8094634413719177,0.018711943,0.2545166015625,0.2,0.0004092704424510632,-0.026569635927444324,-0.035828009247779846,0.001800829453713959,-36.87148344516754,9088,-1.8920469200000003,1223.0
291840,129,1673,39,1.6093254089355469e-06,0.8098293542861938,0.017222859,0.2288818359375,0.2,0.0004092704424510632,-0.023834772291593254,0.05497346073389053,0.14865214424207807,-36.902883529663086,9104,-1.8920469200000003,1223.0
292352,130,1673,39,-7.05718994140625e-05,0.8096105456352234,0.0139093455,0.20556640625,0.2,0.0004092704424510632,-0.02112357909209095,-0.036782220005989075,0.0010691787447285606,-36.911115407943726,9120,-1.8886157600000002,1223.0
292864,131,1674,40,7.748603820800781e-07,0.8094054460525513,0.01718747,0.238525390625,0.2,0.0004092704424510632,-0.022404258183087222,0.04270831122994423,0.13400439405813813,-36.90180146694183,9136,-1.8886157600000002,1223.0
293376,132,1674,40,-6.520748138427734e-05,0.8112456202507019,0.014866898,0.218994140625,0.2,0.0004092704424510632,-0.024194981873733923,-0.03662794455885887,0.0024524126856704243,-36.91830086708069,9152,-1.8886157600000002,1223.0
293888,133,1674,40,2.7239322662353516e-05,0.8112500905990601,0.016159553,0.2227783203125,0.2,0.0004092704424510632,-0.024492458192980848,-0.04192814603447914,0.0020942120245308615,-36.96485149860382,9168,-1.8849543199999998,1223.0
294400,134,1674,40,8.285045623779297e-06,0.8112367987632751,0.020008342,0.2694091796875,0.2,0.0004092704424510632,-0.0253494665666949,0.03838605433702469,0.14534839219413698,-36.949100613594055,9184,-1.8849543199999998,1223.0
294912,135,1674,41,2.9802322387695312e-05,0.81109219789505,0.013320123,0.1595458984375,0.2,0.0004092704424510632,-0.01975243001652416,-0.039553187787532806,0.0011605671206780244,-36.9462012052536,9200,-1.88112523,1223.0
295424,136,1674,41,1.0132789611816406e-06,0.8104186654090881,0.020645835,0.2740478515625,0.2,0.0004092704424510632,-0.029441594175295904,0.03440648317337036,0.13827595836482942,-36.92711341381073,9216,-1.88112523,1223.0
295936,137,1673,41,9.5367431640625e-06,0.8109199404716492,0.018110283,0.25439453125,0.2,0.0004092704424510632,-0.028532941214507446,-0.03644058108329773,0.0019775487162405625,-36.9191871881485,9232,-1.88112523,1223.0
296448,138,1672,42,-2.110004425048828e-05,0.811603307723999,0.019556375,0.24755859375,0.2,0.0004092704424510632,-0.03019789670361206,-0.03982241824269295,0.0018475629040040076,-36.95160984992981,9248,-1.8780947700000001,1223.0
296960,139,1671,42,1.7881393432617188e-07,0.8098394274711609,0.027461,0.2734375,0.2,0.0004092704424510632,-0.022183772030984983,0.023657966405153275,0.11108365608379245,-36.93603765964508,9264,-1.8780947700000001,1223.0
297472,140,1670,42,-3.933906555175781e-06,0.8094236254692078,0.019612093,0.264892578125,0.2,0.0004092704424510632,-0.027526742371264845,-0.028749318793416023,0.00206113727108459,-36.87529408931732,9280,-1.8772373999999998,1223.0
297984,141,1670,43,1.430511474609375e-06,0.8091940879821777,0.020211427,0.254150390625,0.2,0.0004092704424510632,-0.026659543611458503,0.042384564876556396,0.1485791450832039,-36.86856400966644,9296,-1.8772373999999998,1223.0
298496,142,1669,43,1.9848346710205078e-05,0.8084417581558228,0.021631122,0.281982421875,0.2,0.0004092704424510632,-0.03207118940190412,-0.05426228046417236,0.0011384179015294649,-36.844855070114136,9312,-1.8756748199999995,1223.0
299008,143,1668,43,6.556510925292969e-07,0.8083191514015198,0.01651951,0.21337890625,0.2,0.0004092704424510632,-0.022924598495592363,0.033003099262714386,0.13581465417519212,-36.83182919025421,9328,-1.8756748199999995,1223.0
299520,144,1668,44,-8.58306884765625e-06,0.808281660079956,0.015889065,0.214111328125,0.2,0.0004092704424510632,-0.02468782544019632,-0.02745186723768711,0.0019158852919645142,-36.83011829853058,9344,-1.8756748199999995,1223.0
300032,145,1667,44,-3.0994415283203125e-06,0.8084529638290405,0.015210619,0.2335205078125,0.2,0.0004092704424510632,-0.024977519453386776,-0.03398846834897995,0.0019529783421603497,-36.82942056655884,9360,-1.87436436,1223.0
300544,146,1666,44,1.1324882507324219e-06,0.8070875406265259,0.017140135,0.2633056640625,0.2,0.0004092704424510632,-0.027430425951024517,0.05391303449869156,0.14567995769903064,-36.81245934963226,9376,-1.87436436,1223.0
301056,147,1666,45,-2.2649765014648438e-06,0.8073108196258545,0.02211538,0.25439453125,0.2,0.0004092704424510632,-0.027448265202110633,-0.03883852809667587,0.0016156048986886162,-36.781494140625,9392,-1.8729988200000003,1223.0
