time/iterations,time/time_elapsed,time/total_timesteps,time/fps,train/std,train/n_updates,train/value_loss,train/approx_kl,train/clip_fraction,train/explained_variance,train/clip_range,train/loss,train/entropy_loss,train/learning_rate,train/policy_gradient_loss,rollout/ep_len_mean,rollout/ep_rew_mean
1,0,512,4061,,,,,,,,,,,,,
2,0,1024,2689,0.999165952205658,16,0.08197910057060653,0.019471705,0.2779541015625,-1.106762409210205,0.2,-0.04040682688355446,-43.97180783748627,0.0004092704424510632,-0.035042415489442647,,
3,0,1536,2380,1.0006272792816162,32,0.0041581617333577015,0.017451176,0.2813720703125,-0.10950922966003418,0.2,-0.04351932182908058,-43.97961962223053,0.0004092704424510632,-0.031516880393610336,1257.0,-2.382821
4,0,2048,2257,0.9988285303115845,48,0.007366240650299005,0.023913966,0.3082275390625,0.005030632019042969,0.2,-0.04366637021303177,-43.98698818683624,0.0004092704424510632,-0.035346076168934815,1257.0,-2.382821
5,1,2560,2197,0.9954854846000671,64,0.00363203226152109,0.015580235,0.2271728515625,0.014886260032653809,0.2,-0.027745723724365234,-43.8961706161499,0.0004092704424510632,-0.0240667985053733,1257.0,-2.4850944999999998
6,1,3072,2163,0.9956567883491516,80,0.011188603908522055,0.017429387,0.2667236328125,0.0038344264030456543,0.2,-0.0180196650326252,-43.83764719963074,0.0004092704424510632,-0.023096579156117514,1257.0,-2.4850944999999998
7,1,3584,2137,0.9961440563201904,96,0.0028305782834650017,0.020115137,0.2725830078125,0.06832224130630493,0.2,-0.041539035737514496,-43.85732710361481,0.0004092704424510632,-0.02989550746860914,1257.0,-2.4850944999999998
8,1,4096,2119,0.9943209290504456,112,0.0027934771351283416,0.024789173,0.298583984375,-0.02633523941040039,0.2,-0.04495749995112419,-43.840959787368774,0.0004092704424510632,-0.03352775698294863,1257.0,-2.4391959999999995
9,2,4608,2098,0.9909660220146179,128,0.019187524128938094,0.019912481,0.303955078125,-0.004775047302246094,0.2,-0.03436564654111862,-43.75628697872162,0.0004092704424510632,-0.02850247742026113,1257.0,-2.4391959999999995
10,2,5120,2092,0.9890927672386169,144,0.00373922834842233,0.018923815,0.26708984375,-0.0008169412612915039,0.2,-0.03258851543068886,-43.66588258743286,0.0004092704424510632,-0.02574220867245458,1257.0,-2.4248132499999997
11,2,5632,2081,0.9892096519470215,160,0.03071431675925851,0.01818395,0.226806640625,0.0005588531494140625,0.2,-0.011603623628616333,-43.6387220621109,0.0004092704424510632,-0.021806122051202692,1257.0,-2.4248132499999997
12,2,6144,2074,0.9890208840370178,176,0.00320088084845338,0.016667053,0.2862548828125,0.031372785568237305,0.2,-0.03374474495649338,-43.64199435710907,0.0004092704424510632,-0.02944876451510936,1257.0,-2.4248132499999997
13,3,6656,2066,0.9892985224723816,192,0.0022089054582465906,0.018548511,0.26953125,0.0039424896240234375,0.2,-0.02618546597659588,-43.63756322860718,0.0004092704424510632,-0.027654574121697806,1257.0,-2.4163673999999995
14,3,7168,2056,0.9899100065231323,208,0.038685694395098835,0.01381179,0.2398681640625,-0.00024759769439697266,0.2,-0.016018373891711235,-43.65372669696808,0.0004092704424510632,-0.02360914702876471,1257.0,-2.4163673999999995
15,3,7680,2053,0.9897785782814026,224,0.005062440468464047,0.022165291,0.2822265625,-0.004067540168762207,0.2,-0.037949178367853165,-43.65912139415741,0.0004092704424510632,-0.028096236899727955,1257.0,-2.4277404999999996
16,4,8192,2046,0.9894751906394958,240,0.04690437449607998,0.024628598,0.290283203125,0.001873314380645752,0.2,-0.008279450237751007,-43.65721523761749,0.0004092704424510632,-0.026393277308670804,1257.0,-2.4277404999999996
17,4,8704,2043,0.9882923364639282,256,0.0028514113146229647,0.013113787,0.21728515625,-0.06503856182098389,0.2,-0.024358874186873436,-43.63165318965912,0.0004092704424510632,-0.025391354778548703,1257.0,-2.4277404999999996
18,4,9216,2038,0.9875790476799011,272,0.002407731724815676,0.018682476,0.2684326171875,0.005725979804992676,0.2,-0.03275618702173233,-43.59956395626068,0.0004092704424510632,-0.0289640529663302,1257.0,-2.398317571428571
19,4,9728,2031,0.986443817615509,288,0.05440572323277593,0.016860243,0.2764892578125,0.0028876066207885742,0.2,-0.007055627182126045,-43.57554364204407,0.0004092704424510632,-0.025717657248605974,1257.0,-2.398317571428571
20,5,10240,2029,0.9865866899490356,304,0.003081012313487008,0.010445009,0.154541015625,0.021241724491119385,0.2,-0.020465435460209846,-43.55125188827515,0.0004092704424510632,-0.019565680195228197,1257.0,-2.4075103749999998
21,5,10752,2029,0.9854520559310913,320,0.06164886511396617,0.024292093,0.266845703125,0.00638502836227417,0.2,-0.0008600763976573944,-43.541998624801636,0.0004092704424510632,-0.028014831492328085,1257.0,-2.4075103749999998
22,5,11264,2030,0.9850233793258667,336,0.0025352002267027274,0.018433746,0.2520751953125,-0.07622277736663818,0.2,-0.03977818787097931,-43.506638407707214,0.0004092704424510632,-0.026929648069199175,1257.0,-2.4075103749999998
23,5,11776,2030,0.9838545918464661,352,0.002062613973976113,0.015640326,0.2257080078125,0.02003270387649536,0.2,-0.035093531012535095,-43.49223005771637,0.0004092704424510632,-0.02574216088396497,1257.0,-2.4106017777777775
24,6,12288,2028,0.9821125268936157,368,0.06918043771293014,0.02942522,0.2745361328125,0.005189180374145508,0.2,-0.01465231366455555,-43.43758928775787,0.0004092704424510632,-0.02691576851066202,1257.0,-2.4106017777777775
25,6,12800,2025,0.9823855757713318,384,0.0035250657783763018,0.016429378,0.2105712890625,-0.09443092346191406,0.2,-0.04083431139588356,-43.404650807380676,0.0004092704424510632,-0.025045620306627825,1257.0,-2.4123306999999996
26,6,13312,2023,0.9819322824478149,400,0.08763011265546083,0.019619036,0.240478515625,0.0007728934288024902,0.2,0.023319408297538757,-43.40963172912598,0.0004092704424510632,-0.022315749898552895,1257.0,-2.4123306999999996
27,6,13824,2023,0.9811955094337463,416,0.003704806680616457,0.01472384,0.19189453125,-0.05223989486694336,0.2,-0.03132880479097366,-43.38839054107666,0.0004092704424510632,-0.022803363579441793,1257.0,-2.4123306999999996
28,7,14336,2022,0.9811027646064758,432,0.0015016901161288843,0.016670693,0.24365234375,0.005170881748199463,0.2,-0.031217185780405998,-43.37167227268219,0.0004092704424510632,-0.025667320238426328,1257.0,-2.414597727272727
29,7,14848,2023,0.9810699820518494,448,0.017584968627488706,0.03677115,0.26025390625,0.00042682886123657227,0.2,-0.016032429412007332,-43.37251114845276,0.0004092704424510632,-0.018038001566310413,1257.0,-2.414597727272727
30,7,15360,2024,0.9810078144073486,464,0.0034793573868228123,0.01638779,0.230712890625,0.003147721290588379,0.2,-0.03083600290119648,-43.369996190071106,0.0004092704424510632,-0.02569157219841145,1257.0,-2.3926282499999996
31,7,15872,2025,0.980323314666748,480,0.12667386373504996,0.018847317,0.2474365234375,0.0005363225936889648,0.2,0.027158323675394058,-43.355037450790405,0.0004092704424510632,-0.026117075147340074,1257.0,-2.3926282499999996
32,8,16384,2024,0.9807577729225159,496,0.003908946164301597,0.017799411,0.2276611328125,-0.014611363410949707,0.2,-0.03106842190027237,-43.340735912323,0.0004092704424510632,-0.027427099994383752,1257.0,-2.395035307692307
33,8,16896,2021,0.979129433631897,512,0.12869141856208444,0.015676975,0.21484375,0.0013121366500854492,0.2,0.02183854952454567,-43.336385846138,0.0004092704424510632,-0.023502775584347546,1257.0,-2.395035307692307
34,8,17408,2023,0.9764090776443481,528,0.0020725457252410706,0.0173667,0.2371826171875,-0.35855793952941895,0.2,-0.023736493661999702,-43.25812768936157,0.0004092704424510632,-0.02252060762839392,1257.0,-2.395035307692307
35,8,17920,2022,0.9767709970474243,544,0.003335313725983724,0.019844532,0.2803955078125,0.000674903392791748,0.2,-0.03473437577486038,-43.20873141288757,0.0004092704424510632,-0.028920565964654088,1257.0,-2.391620928571428
36,9,18432,2023,0.9785703420639038,560,0.14318247768096626,0.022219896,0.25146484375,0.00037807226181030273,0.2,0.028063850477337837,-43.2544379234314,0.0004092704424510632,-0.026424258918268606,1257.0,-2.391620928571428
37,9,18944,2023,0.977436900138855,576,0.003943115771107841,0.02559679,0.3065185546875,0.004755496978759766,0.2,-0.03745216503739357,-43.2670955657959,0.0004092704424510632,-0.030784229835262522,1257.0,-2.3886265333333325
38,9,19456,2022,0.9761411547660828,592,0.1387669739779085,0.024658777,0.27880859375,0.0014230608940124512,0.2,0.03211198002099991,-43.220696806907654,0.0004092704424510632,-0.02880907998769544,1257.0,-2.3886265333333325
39,9,19968,2021,0.9746544361114502,608,0.0018835369082808029,0.015769875,0.23095703125,-0.44134819507598877,0.2,-0.034693121910095215,-43.17848062515259,0.0004092704424510632,-0.024343317847524304,1257.0,-2.3886265333333325
40,10,20480,2020,0.9754111766815186,624,0.0019208247867936734,0.023754355,0.28564453125,0.001805424690246582,0.2,-0.03951145336031914,-43.1543904542923,0.0004092704424510632,-0.029409624185063876,1257.0,-2.378306375
41,10,20992,2021,0.9747111201286316,640,0.15289553510956466,0.019181255,0.2218017578125,0.00024563074111938477,0.2,0.05371443182229996,-43.16926336288452,0.0004092704424510632,-0.022627727696090005,1257.0,-2.378306375
42,10,21504,2021,0.9758884906768799,656,0.00465202202758519,0.019184135,0.2635498046875,-0.00030100345611572266,0.2,-0.028459828346967697,-43.16892099380493,0.0004092704424510632,-0.02923941299377475,1257.0,-2.375495117647059
43,10,22016,2020,0.9741168022155762,672,0.14947708556428552,0.015512241,0.234375,0.0007964372634887695,0.2,0.03474770486354828,-43.1727751493454,0.0004092704424510632,-0.024479645100655034,1257.0,-2.375495117647059
44,11,22528,2021,0.9744313955307007,688,0.003692700331157539,0.018317778,0.2376708984375,-0.005377769470214844,0.2,-0.030415581539273262,-43.12886428833008,0.0004092704424510632,-0.025068600225495175,1257.0,-2.375495117647059
45,11,23040,2019,0.9741308689117432,704,0.0021498545647773426,0.015795596,0.208740234375,0.0004175901412963867,0.2,-0.03229391574859619,-43.142683029174805,0.0004092704424510632,-0.02173270209459588,1257.0,-2.368387111111111
46,11,23552,2020,0.974208652973175,720,0.1605939813889563,0.021574698,0.256103515625,0.00036257505416870117,0.2,0.039168041199445724,-43.1359326839447,0.0004092704424510632,-0.029175419302191585,1257.0,-2.368387111111111
47,11,24064,2019,0.9735426306724548,736,0.004308818402932957,0.01717296,0.231201171875,-0.0029230117797851562,0.2,-0.03623054549098015,-43.132909655570984,0.0004092704424510632,-0.025991172820795327,1257.0,-2.358221052631579
48,12,24576,2019,0.9724532961845398,752,0.14250938245095313,0.014253792,0.197265625,0.003717780113220215,0.2,0.040073033422231674,-43.10198974609375,0.0004092704424510632,-0.021823511488037184,1257.0,-2.358221052631579
49,12,25088,2019,0.9727264642715454,768,0.006394226511474699,0.018918632,0.2076416015625,-0.7546135187149048,0.2,-0.03531796112656593,-43.08150315284729,0.0004092704424510632,-0.022123188333353028,1257.0,-2.358221052631579
50,12,25600,2019,0.9722219705581665,784,0.002055553883110406,0.017198958,0.23779296875,0.007551133632659912,0.2,-0.04605107009410858,-43.08240735530853,0.0004092704424510632,-0.025642676206189208,1257.0,-2.3506110000000002
51,12,26112,2019,0.9708269238471985,800,0.14483244251459837,0.02793952,0.2698974609375,0.0008584856986999512,0.2,0.041133493185043335,-43.04830801486969,0.0004092704424510632,-0.026644790181308053,1257.0,-2.3506110000000002
52,13,26624,2018,0.9727925062179565,816,0.010115444405528251,0.016305424,0.2325439453125,-0.14509451389312744,0.2,-0.0305221788585186,-43.041788935661316,0.0004092704424510632,-0.025097272751736455,1257.0,-2.35225080952381
53,13,27136,2019,0.973227858543396,832,0.14479794818907976,0.028656403,0.2613525390625,0.006831526756286621,0.2,0.02882194332778454,-43.09662187099457,0.0004092704424510632,-0.027519888390088454,1257.0,-2.35225080952381
54,13,27648,2019,0.9720519185066223,848,0.006260940463107545,0.018360574,0.2137451171875,-1.3263392448425293,0.2,-0.04786497727036476,-43.08019161224365,0.0004092704424510632,-0.027068204828538,1257.0,-2.35225080952381
55,13,28160,2019,0.9708744883537292,864,0.001755180121108424,0.022087982,0.28369140625,0.13390684127807617,0.2,-0.03971729800105095,-43.03505539894104,0.0004092704424510632,-0.030321068421471864,1257.0,-2.349739272727273
56,14,28672,2019,0.9711322784423828,880,0.041992731916252524,0.044614423,0.3358154296875,0.005768775939941406,0.2,0.0018946677446365356,-43.01985955238342,0.0004092704424510632,-0.022785019944421947,1257.0,-2.349739272727273
57,14,29184,2019,0.9718310236930847,896,0.0045979231435921974,0.01820679,0.2469482421875,-0.5200939178466797,0.2,-0.0324878990650177,-43.039507269859314,0.0004092704424510632,-0.02703682336868951,1257.0,-2.3574968695652174
58,14,29696,2019,0.9726889133453369,912,0.1712880115956068,0.024744544,0.2525634765625,0.0010960102081298828,0.2,0.041321150958538055,-43.06073248386383,0.0004092704424510632,-0.02779211339657195,1257.0,-2.3574968695652174
59,14,30208,2019,0.9716508388519287,928,0.004416214789671358,0.019000083,0.237548828125,-0.00040721893310546875,0.2,-0.034555356949567795,-43.066240668296814,0.0004092704424510632,-0.028127385769039392,1257.0,-2.3542261250000003
60,15,30720,2019,0.972316563129425,944,0.14526824513450265,0.020387543,0.22216796875,0.021937310695648193,0.2,0.015210352838039398,-43.052528619766235,0.0004092704424510632,-0.023314218837185763,1257.0,-2.3542261250000003
61,15,31232,2019,0.9728584885597229,960,0.0026834662567125633,0.013701227,0.205078125,-3.2351975440979004,0.2,-0.037324756383895874,-43.0777348279953,0.0004092704424510632,-0.023419473916874267,1257.0,-2.3542261250000003
62,15,31744,2019,0.9727259874343872,976,0.0033154291595565155,0.016414415,0.2266845703125,-0.0004404783248901367,0.2,-0.03474417328834534,-43.07864153385162,0.0004092704424510632,-0.02695453609339893,1257.0,-2.3403918000000004
63,15,32256,2019,0.9711878895759583,992,0.1320136385038495,0.019032866,0.209716796875,0.01455456018447876,0.2,0.024506401270627975,-43.05656278133392,0.0004092704424510632,-0.021038815466454253,1257.0,-2.3403918000000004
64,16,32768,2018,0.9711170792579651,1008,0.004600123131240252,0.02450006,0.2545166015625,-1.2727010250091553,0.2,-0.03686927258968353,-43.018582582473755,0.0004092704424510632,-0.028280007478315383,1257.0,-2.332325153846154
65,16,33280,2018,0.9709898829460144,1024,0.17737594712525606,0.020852154,0.230712890625,0.0002186894416809082,0.2,0.05789834260940552,-43.02575623989105,0.0004092704424510632,-0.025000668043503538,1257.0,-2.332325153846154
66,16,33792,2017,0.969825029373169,1040,0.0024172904595616274,0.017896518,0.2401123046875,-0.0010318756103515625,0.2,-0.04264023154973984,-43.004441022872925,0.0004092704424510632,-0.025477999311988242,1257.0,-2.332325153846154
67,17,34304,2017,0.9696102738380432,1056,0.0022131053992779925,0.02277511,0.270263671875,0.00048297643661499023,0.2,-0.03563234955072403,-42.97566080093384,0.0004092704424510632,-0.031124003246077336,1257.0,-2.3306943333333336
68,17,34816,2016,0.9689217209815979,1072,0.1841531377285719,0.02178173,0.2515869140625,0.0002681612968444824,0.2,0.04686346277594566,-42.96168828010559,0.0004092704424510632,-0.02834351699857507,1257.0,-2.3306943333333336
69,17,35328,2015,0.9693771600723267,1088,0.004249361780239269,0.019103108,0.2420654296875,0.003735184669494629,0.2,-0.033731818199157715,-42.9552366733551,0.0004092704424510632,-0.02478669934498612,1257.0,-2.3345104285714293
70,17,35840,2015,0.9676094055175781,1104,0.1787481871433556,0.021978263,0.2530517578125,0.0002326369285583496,0.2,0.06404721736907959,-42.94108593463898,0.0004092704424510632,-0.025497848604572937,1257.0,-2.3345104285714293
71,18,36352,2015,0.9663272500038147,1120,0.003580930017051287,0.019788425,0.2698974609375,-0.0001647472381591797,0.2,-0.0478169322013855,-42.88272416591644,0.0004092704424510632,-0.029609021090436727,1257.0,-2.3345104285714293
72,18,36864,2016,0.9667609333992004,1136,0.001907701138406992,0.014019685,0.1959228515625,2.9802322387695312e-05,0.2,-0.031905397772789,-42.86836099624634,0.0004092704424510632,-0.020563180092722178,1257.0,-2.341534793103449
73,18,37376,2016,0.9672825336456299,1152,0.18566349847242236,0.027461313,0.2818603515625,0.00035065412521362305,0.2,0.034699246287345886,-42.895731925964355,0.0004092704424510632,-0.03084394644247368,1257.0,-2.341534793103449
74,18,37888,2015,0.9668879508972168,1168,0.004085189852048643,0.012498807,0.224365234375,0.0007485747337341309,0.2,-0.04269960895180702,-42.89066982269287,0.0004092704424510632,-0.025852120976196602,1257.0,-2.3429886000000004
75,19,38400,2015,0.966945230960846,1184,0.17998589714989066,0.022959504,0.2716064453125,0.0005584955215454102,0.2,0.03995673730969429,-42.88316798210144,0.0004092704424510632,-0.03228237174698734,1257.0,-2.3429886000000004
76,19,38912,2015,0.9655163884162903,1200,0.002961089776363224,0.016038895,0.1787109375,-0.003965497016906738,0.2,-0.017907578498125076,-42.86127948760986,0.0004092704424510632,-0.017732338310452178,1257.0,-2.3429886000000004
77,19,39424,2015,0.9658227562904358,1216,0.001777323239366524,0.017176747,0.24755859375,0.0008271336555480957,0.2,-0.03866754099726677,-42.83110535144806,0.0004092704424510632,-0.028720581671223044,1257.0,-2.3421611290322586
78,19,39936,2016,0.9669792056083679,1232,0.17984805069863796,0.0315984,0.289306640625,0.0011388063430786133,0.2,0.03626979887485504,-42.85997271537781,0.0004092704424510632,-0.030935375216358807,1257.0,-2.3421611290322586
79,20,40448,2016,0.9675421118736267,1248,0.0031475354699068703,0.01983524,0.2637939453125,-0.009626507759094238,0.2,-0.028206199407577515,-42.88236713409424,0.0004092704424510632,-0.029123354048351757,1257.0,-2.34572653125
80,20,40960,2016,0.9653461575508118,1264,0.13790372689254582,0.020541802,0.23193359375,0.0944598913192749,0.2,0.007101137191057205,-42.867961406707764,0.0004092704424510632,-0.026963820215314627,1257.0,-2.34572653125
81,20,41472,2016,0.9642414450645447,1280,0.0041784441491472535,0.023201272,0.290771484375,-0.9967159032821655,0.2,-0.039323590695858,-42.80367863178253,0.0004092704424510632,-0.032029945868998766,1257.0,-2.34572653125
82,20,41984,2015,0.9637402892112732,1296,0.0018576102484075818,0.014893511,0.20263671875,0.03063178062438965,0.2,-0.021269358694553375,-42.7804251909256,0.0004092704424510632,-0.02572167791367974,1257.0,-2.342215
83,21,42496,2016,0.9638088345527649,1312,0.07616105990018696,0.025594722,0.248046875,0.004703164100646973,0.2,0.004254739731550217,-42.777024269104004,0.0004092704424510632,-0.021150614804355428,1257.0,-2.342215
84,21,43008,2016,0.9633525609970093,1328,0.007268431916600093,0.015125224,0.205322265625,-2.8213601112365723,0.2,-0.03147121146321297,-42.772937655448914,0.0004092704424510632,-0.022324768273392692,1257.0,-2.347742823529412
85,21,43520,2015,0.9634970426559448,1344,0.1698304342571646,0.021457301,0.2486572265625,0.011184871196746826,0.2,0.018277470022439957,-42.76524484157562,0.0004092704424510632,-0.023761826887493953,1257.0,-2.347742823529412
86,21,44032,2015,0.9629462957382202,1360,0.0032203081718762405,0.015018532,0.233642578125,-2.116544485092163,0.2,-0.02655409276485443,-42.76391649246216,0.0004092704424510632,-0.022939718619454652,1257.0,-2.3479348
87,22,44544,2016,0.9647005796432495,1376,0.2433459758758545,0.018886194,0.23974609375,0.00019633769989013672,0.2,0.06047326698899269,-42.77561175823212,0.0004092704424510632,-0.0236061075120233,1257.0,-2.3479348
88,22,45056,2016,0.9639033079147339,1392,0.0016980716591206146,0.015478168,0.192626953125,-0.0052040815353393555,0.2,-0.025690319016575813,-42.80574882030487,0.0004092704424510632,-0.019490844366373494,1257.0,-2.3479348
89,22,45568,2015,0.9632934927940369,1408,0.0035674770842888393,0.015786512,0.2115478515625,-0.0002994537353515625,0.2,-0.02601591870188713,-42.77301549911499,0.0004092704424510632,-0.024022891200729646,1257.0,-2.3411647222222225
90,22,46080,2015,0.9622006416320801,1424,0.2258451273664832,0.019244714,0.23779296875,0.00016492605209350586,0.2,0.08104901015758514,-42.746599435806274,0.0004092704424510632,-0.02218232976156287,1257.0,-2.3411647222222225
91,23,46592,2015,0.9624577164649963,1440,0.004590358003042638,0.021236055,0.209716796875,0.00010001659393310547,0.2,-0.0314248651266098,-42.728594183921814,0.0004092704424510632,-0.023704533887212165,1257.0,-2.339474756756757
92,23,47104,2013,0.9618672728538513,1456,0.23330650385469198,0.018470213,0.2171630859375,0.0001391768455505371,0.2,0.1033138707280159,-42.73354780673981,0.0004092704424510632,-0.021245175536023453,1257.0,-2.339474756756757
93,23,47616,2013,0.9619630575180054,1472,0.0028547090660140384,0.02225494,0.230712890625,-5.5909156799316406e-05,0.2,-0.04517100751399994,-42.71400761604309,0.0004092704424510632,-0.03025551186874509,1257.0,-2.339474756756757
94,23,48128,2012,0.9622865915298462,1488,0.002278387051774189,0.015447419,0.2437744140625,0.000213623046875,0.2,-0.03200570493936539,-42.72223496437073,0.0004092704424510632,-0.025570847967173904,1257.0,-2.339802315789474
95,24,48640,2012,0.9630838632583618,1504,0.22684227162972093,0.01893901,0.2593994140625,0.0001856088638305664,0.2,0.07094521820545197,-42.736186027526855,0.0004092704424510632,-0.026553545496426523,1257.0,-2.339802315789474
96,24,49152,2011,0.9648053050041199,1520,0.0032713789405534044,0.018779157,0.26708984375,0.0007207989692687988,0.2,-0.0379885695874691,-42.77425265312195,0.0004092704424510632,-0.025249842059565708,1257.0,-2.3321515641025643
97,24,49664,2011,0.9663013815879822,1536,0.21848878310993314,0.016937118,0.2177734375,0.00024449825286865234,0.2,0.08569365739822388,-42.826870799064636,0.0004092704424510632,-0.023411446789395995,1257.0,-2.3321515641025643
98,24,50176,2010,0.9664725065231323,1552,0.002616344951093197,0.021218095,0.267578125,0.0008879303932189941,0.2,-0.035639647394418716,-42.856292366981506,0.0004092704424510632,-0.02797296570497565,1257.0,-2.3321515641025643
99,25,50688,2008,0.9631713032722473,1568,0.0018665830939426087,0.014350673,0.2060546875,7.748603820800781e-05,0.2,-0.0332941934466362,-42.81527054309845,0.0004092704424510632,-0.01893224178638775,1257.0,-2.327808975
100,25,51200,2009,0.9616619944572449,1584,0.22474322468042374,0.021706257,0.2808837890625,0.00019794702529907227,0.2,0.0700068324804306,-42.72006368637085,0.0004092704424510632,-0.028857576893642545,1257.0,-2.327808975
101,25,51712,2009,0.9616266489028931,1600,0.0028897234224132262,0.022452302,0.307373046875,-0.017835021018981934,0.2,-0.036376673728227615,-42.69835829734802,0.0004092704424510632,-0.0367009695910383,1257.0,-2.3294786097560976
102,25,52224,2008,0.9617440104484558,1616,0.1994036822579801,0.021801049,0.235107421875,0.0002474784851074219,0.2,0.06340879201889038,-42.7054260969162,0.0004092704424510632,-0.027745398314436898,1257.0,-2.3294786097560976
103,26,52736,2008,0.9619103074073792,1632,0.00375550548415049,0.01596314,0.209228515625,-0.0003732442855834961,0.2,-0.0266718827188015,-42.70313334465027,0.0004092704424510632,-0.021588143048575148,1257.0,-2.3294786097560976
104,26,53248,2007,0.960180401802063,1648,0.0018795041760313325,0.016257705,0.235107421875,0.0003666877746582031,0.2,-0.03382047265768051,-42.688170433044434,0.0004092704424510632,-0.028301964164711535,1257.0,-2.3294701428571427
105,26,53760,2007,0.9602318406105042,1664,0.20331199024803936,0.020208005,0.2178955078125,0.0002643465995788574,0.2,0.05543817579746246,-42.64868521690369,0.0004092704424510632,-0.024036391405388713,1257.0,-2.3294701428571427
106,27,54272,2007,0.9598897695541382,1680,0.0037165249523241073,0.019273512,0.287109375,6.818771362304688e-05,0.2,-0.0377143993973732,-42.65256643295288,0.0004092704424510632,-0.03359468228154583,1257.0,-2.3255532558139533
107,27,54784,2007,0.9575921297073364,1696,0.2020287006162107,0.02260577,0.2242431640625,0.00039964914321899414,0.2,0.06834900379180908,-42.61006200313568,0.0004092704424510632,-0.02231293829390779,1257.0,-2.3255532558139533
108,27,55296,2007,0.9580047726631165,1712,0.003697290303534828,0.018508246,0.2440185546875,-0.0004665851593017578,0.2,-0.04002866521477699,-42.55681324005127,0.0004092704424510632,-0.025936634352547117,1257.0,-2.3255532558139533
109,27,55808,2007,0.9586725831031799,1728,0.001565789403684903,0.018854182,0.21728515625,0.003713250160217285,0.2,-0.035969555377960205,-42.58881449699402,0.0004092704424510632,-0.025113567302469164,1257.0,-2.3229628409090908
110,28,56320,2008,0.957813024520874,1744,0.09703855286352336,0.03301862,0.252197265625,0.0008494853973388672,0.2,0.02530202642083168,-42.58464324474335,0.0004092704424510632,-0.021493026666576043,1257.0,-2.3229628409090908
111,28,56832,2008,0.9575493335723877,1760,0.004996670286345761,0.022291247,0.2608642578125,0.00042116641998291016,0.2,-0.058156467974185944,-42.56082272529602,0.0004092704424510632,-0.02783885681128595,1257.0,-2.3235374444444443
112,28,57344,2008,0.9560225605964661,1776,0.21254924940876663,0.021755587,0.2557373046875,0.003503143787384033,0.2,0.04941054806113243,-42.53316593170166,0.0004092704424510632,-0.026027707965113223,1257.0,-2.3235374444444443
113,28,57856,2008,0.9561177492141724,1792,0.010463325859745964,0.015471928,0.1905517578125,-2.2332122325897217,0.2,-0.02661365084350109,-42.50296747684479,0.0004092704424510632,-0.023200184863526374,1257.0,-2.3248075652173914
114,29,58368,2008,0.9566613435745239,1808,0.1574317782651633,0.024501119,0.29638671875,0.01692134141921997,0.2,0.03952004015445709,-42.519153118133545,0.0004092704424510632,-0.02665066850022413,1257.0,-2.3248075652173914
115,29,58880,2009,0.9580428600311279,1824,0.004320800871937536,0.014157321,0.2359619140625,-4.321496963500977,0.2,-0.02775561809539795,-42.54281032085419,0.0004092704424510632,-0.023034357240248937,1257.0,-2.3248075652173914
116,29,59392,2008,0.9570836424827576,1840,0.0036141033051535487,0.017466825,0.2899169921875,-0.00010466575622558594,0.2,-0.03711630776524544,-42.568331480026245,0.0004092704424510632,-0.025896186009049416,1257.0,-2.323746723404255
117,29,59904,2008,0.9557151198387146,1856,0.16874571633525193,0.028937003,0.30859375,0.008063852787017822,0.2,0.024151712656021118,-42.51428925991058,0.0004092704424510632,-0.02698365060496144,1257.0,-2.323746723404255
118,30,60416,2008,0.9567921161651611,1872,0.005931487168709282,0.014955465,0.2169189453125,-5.5429205894470215,0.2,-0.039615098387002945,-42.5044401884079,0.0004092704424510632,-0.026342324301367626,1257.0,-2.317266375
119,30,60928,2008,0.9561737775802612,1888,0.18219252140261233,0.02725377,0.2781982421875,0.006634056568145752,0.2,0.029402337968349457,-42.52588737010956,0.0004092704424510632,-0.027794031739176717,1257.0,-2.317266375
120,30,61440,2008,0.9563775658607483,1904,0.0047874225783743896,0.018841699,0.260498046875,-9.520012855529785,0.2,-0.02008294127881527,-42.51021099090576,0.0004092704424510632,-0.024154328188160434,1257.0,-2.317266375
121,30,61952,2008,0.9551094174385071,1920,0.0030252601609390695,0.019750008,0.2530517578125,0.0001679062843322754,0.2,-0.022833963856101036,-42.499265909194946,0.0004092704424510632,-0.02339657559787156,1257.0,-2.317582326530612
122,31,62464,2007,0.9539242386817932,1936,0.22268129652366042,0.02693509,0.2894287109375,0.002214670181274414,0.2,0.026239491999149323,-42.45040702819824,0.0004092704424510632,-0.029648368945345283,1257.0,-2.317582326530612
123,31,62976,2007,0.9547407627105713,1952,0.035937099426519126,0.019747296,0.20458984375,-5.336459636688232,0.2,-0.04347243905067444,-42.44209158420563,0.0004092704424510632,-0.023715423420071602,1257.0,-2.31520062
124,31,63488,2007,0.9549614191055298,1968,0.1675453777424991,0.023526214,0.2906494140625,0.043482422828674316,0.2,0.01359153538942337,-42.46404147148132,0.0004092704424510632,-0.027802146272733808,1257.0,-2.31520062
125,31,64000,2007,0.9539577960968018,1984,0.0037646798191417474,0.019242648,0.251708984375,-2.3668570518493652,0.2,-0.037976402789354324,-42.44207441806793,0.0004092704424510632,-0.025934000135748647,1257.0,-2.31520062
126,32,64512,2007,0.9542487263679504,2000,0.002495850218110718,0.020718027,0.271484375,-7.152557373046875e-05,0.2,-0.040547531098127365,-42.43004667758942,0.0004092704424510632,-0.02511422723182477,1257.0,-2.3152458235294118
127,32,65024,2007,0.9545167088508606,2016,0.19399063754826784,0.023099562,0.2552490234375,0.0010585784912109375,0.2,0.06706877797842026,-42.44510889053345,0.0004092704424510632,-0.026369469647761434,1257.0,-2.3152458235294118
128,32,65536,2008,0.9555079340934753,2032,0.003419725275307428,0.017740393,0.2264404296875,-0.0003813505172729492,0.2,-0.03133343905210495,-42.46570920944214,0.0004092704424510632,-0.022105533920694143,1257.0,-2.3108768846153844
129,32,66048,2007,0.9566543102264404,2048,0.16170038376003504,0.019346684,0.211669921875,0.004488229751586914,0.2,0.044972795993089676,-42.505366563797,0.0004092704424510632,-0.020722822329844348,1257.0,-2.3108768846153844
130,33,66560,2008,0.9571776986122131,2064,0.003913122003723402,0.017213244,0.2327880859375,-0.7477868795394897,0.2,-0.0364084467291832,-42.52644872665405,0.0004092704424510632,-0.023670519090956077,1257.0,-2.3108768846153844
131,33,67072,2007,0.9571673274040222,2080,0.0019465183577267453,0.011014346,0.1749267578125,0.08249849081039429,0.2,-0.031341880559921265,-42.53743135929108,0.0004092704424510632,-0.02043207411770709,1257.0,-2.308046566037736
132,33,67584,2007,0.9579917788505554,2096,0.12204511743038893,0.027215127,0.2283935546875,0.08373808860778809,0.2,0.0009810402989387512,-42.54352521896362,0.0004092704424510632,-0.02971274581796024,1257.0,-2.308046566037736
133,33,68096,2006,0.9577662944793701,2112,0.006858713844849262,0.017602766,0.1978759765625,-6.12852144241333,0.2,-0.0384354442358017,-42.561838030815125,0.0004092704424510632,-0.020609982137102634,1257.0,-2.304619259259259
134,34,68608,2005,0.9576324820518494,2128,0.11590109148528427,0.017841153,0.2447509765625,0.05781501531600952,0.2,-0.006099918857216835,-42.550246596336365,0.0004092704424510632,-0.02548687072703615,1257.0,-2.304619259259259
135,34,69120,2006,0.9584679007530212,2144,0.008096803925582208,0.02699417,0.294921875,-1.5961174964904785,0.2,-0.03728761523962021,-42.558592677116394,0.0004092704424510632,-0.027860352071002126,1257.0,-2.304619259259259
136,34,69632,2005,0.9589249491691589,2160,0.0019895145924238022,0.0173331,0.235107421875,0.11552542448043823,0.2,-0.04132680967450142,-42.58729529380798,0.0004092704424510632,-0.02952905054553412,1257.0,-2.303029690909091
137,34,70144,2005,0.9588444232940674,2176,0.06269697844982147,0.03449108,0.2882080078125,0.048933446407318115,0.2,-0.019489305093884468,-42.58487617969513,0.0004092704424510632,-0.02567613984865602,1257.0,-2.303029690909091
138,35,70656,2005,0.9585173726081848,2192,0.004788319260114804,0.017355938,0.224609375,-4.025822162628174,0.2,-0.025054123252630234,-42.584916472435,0.0004092704424510632,-0.026120986600290053,1257.0,-2.3045697499999998
139,35,71168,2005,0.9574323296546936,2208,0.13298095320351422,0.023574237,0.2064208984375,0.043229103088378906,0.2,-0.020644087344408035,-42.56324505805969,0.0004092704424510632,-0.0253862606768962,1257.0,-2.3045697499999998
140,35,71680,2005,0.9554144740104675,2224,0.014187343476805836,0.016941031,0.2501220703125,-0.2747077941894531,0.2,-0.035709042102098465,-42.51439356803894,0.0004092704424510632,-0.028876713065983495,1257.0,-2.304152578947368
141,35,72192,2005,0.9549323916435242,2240,0.1357562718912959,0.016870782,0.1649169921875,0.0599551796913147,0.2,0.0020095743238925934,-42.46200609207153,0.0004092704424510632,-0.018799612604198046,1257.0,-2.304152578947368
142,36,72704,2005,0.9564834237098694,2256,0.0041736411658348516,0.02405849,0.24267578125,-3.5662107467651367,0.2,-0.03248905763030052,-42.478843092918396,0.0004092704424510632,-0.025055471531231888,1257.0,-2.304152578947368
143,36,73216,2006,0.9560926556587219,2272,0.0037671063182642683,0.018548097,0.24658203125,0.0005462765693664551,0.2,-0.037879109382629395,-42.519585609436035,0.0004092704424510632,-0.026829718190128915,1257.0,-2.3025750689655173
144,36,73728,2006,0.9548632502555847,2288,0.14331631432287395,0.015159166,0.231201171875,0.05088597536087036,0.2,-0.006203897297382355,-42.48069775104523,0.0004092704424510632,-0.022905950929271057,1257.0,-2.3025750689655173
145,37,74240,2006,0.9522159695625305,2304,0.0038174278452061117,0.023383334,0.294677734375,-3.6047258377075195,0.2,-0.04917316883802414,-42.425368309020996,0.0004092704424510632,-0.028850064933067188,1257.0,-2.3001991016949153
146,37,74752,2006,0.9506646394729614,2320,0.2627646664623171,0.023638071,0.2445068359375,0.003442525863647461,0.2,0.039501313120126724,-42.34841513633728,0.0004092704424510632,-0.025278297616750933,1257.0,-2.3001991016949153
147,37,75264,2005,0.9500633478164673,2336,0.02729439341055695,0.016867049,0.19970703125,-5.904534339904785,0.2,-0.029155563563108444,-42.31910276412964,0.0004092704424510632,-0.023580935776408296,1257.0,-2.3001991016949153
1,0,75776,4061,0.9502091407775879,2352,0.0028656546892307233,0.015690457,0.2027587890625,0.0035393238067626953,0.2,-0.03170941397547722,-42.308592081069946,0.0004092704424510632,-0.023334660101681948,1257.0,-2.3003212666666664
2,0,76288,2723,0.9505389332771301,2368,0.16027499409392476,0.03040031,0.263916015625,0.01307302713394165,0.2,-0.0046697333455085754,-42.320077896118164,0.0004092704424510632,-0.026265161344781518,1257.0,-2.3003212666666664
3,0,76800,2457,0.9517537355422974,2384,0.007208266113593709,0.016875163,0.2467041015625,-7.101578712463379,0.2,-0.02947342023253441,-42.336270809173584,0.0004092704424510632,-0.024777086568064988,1257.0,-2.301193704918033
4,0,77312,2325,0.9533213973045349,2400,0.24893578747287393,0.01616866,0.1885986328125,0.002110779285430908,0.2,0.09805906563997269,-42.389652729034424,0.0004092704424510632,-0.020740894717164338,1257.0,-2.301193704918033
5,1,77824,2260,0.9538056254386902,2416,0.002645801636390388,0.031276707,0.3089599609375,-0.0005577802658081055,0.2,-0.04406082630157471,-42.419806480407715,0.0004092704424510632,-0.03483344861888327,1257.0,-2.301193704918033
6,1,78336,2220,0.9530255794525146,2432,0.0021483135351445526,0.014150003,0.206298828125,-0.0002772808074951172,0.2,-0.03064655512571335,-42.41802191734314,0.0004092704424510632,-0.023924719484057277,1257.0,-2.2999936451612903
7,1,78848,2194,0.9535491466522217,2448,0.14729439094662666,0.021494675,0.2486572265625,0.01969689130783081,0.2,-0.011751828715205193,-42.40699827671051,0.0004092704424510632,-0.023493187967687845,1257.0,-2.2999936451612903
8,1,79360,2174,0.9530100226402283,2464,0.00992759877408389,0.022095006,0.246826171875,-4.841079235076904,0.2,-0.03385253623127937,-42.41226136684418,0.0004092704424510632,-0.028395919100148603,1257.0,-2.300274063492063
9,2,79872,2158,0.9514706134796143,2480,0.1663178550079465,0.023466133,0.2626953125,0.015149295330047607,0.2,0.021919431164860725,-42.374388098716736,0.0004092704424510632,-0.021740563362982357,1257.0,-2.300274063492063
10,2,80384,2138,0.9532318711280823,2496,0.0035880288196494803,0.01974117,0.275634765625,-3.3556623458862305,0.2,-0.034133683890104294,-42.368265986442566,0.0004092704424510632,-0.026641628181096166,1257.0,-2.300274063492063
11,2,80896,2128,0.9522547721862793,2512,0.0019740610659937374,0.01879959,0.250244140625,0.009978830814361572,0.2,-0.037242136895656586,-42.39729928970337,0.0004092704424510632,-0.028800319007132202,1257.0,-2.2987393281250004
12,2,81408,2114,0.9507656097412109,2528,0.15102270082570612,0.014398713,0.197265625,0.030295610427856445,0.2,0.013412091881036758,-42.344492077827454,0.0004092704424510632,-0.018812386959325522,1257.0,-2.2987393281250004
13,3,81920,2101,0.9510684609413147,2544,0.009542663377942517,0.019384198,0.224853515625,-6.183991432189941,0.2,-0.04177197068929672,-42.31833839416504,0.0004092704424510632,-0.0266817989613628,1257.0,-2.2958520769230772
14,3,82432,2095,0.9499489665031433,2560,0.16350684827193618,0.019239668,0.216796875,0.024185240268707275,0.2,0.019831109791994095,-42.316232085227966,0.0004092704424510632,-0.01893838495016098,1257.0,-2.2958520769230772
15,3,82944,2086,0.9471789002418518,2576,0.00582834605302196,0.018238299,0.244140625,-4.053094387054443,0.2,-0.03947578743100166,-42.25284218788147,0.0004092704424510632,-0.025402601298992522,1257.0,-2.2958520769230772
16,3,83456,2084,0.9463208317756653,2592,0.0019861011969624087,0.0165019,0.2037353515625,0.04595381021499634,0.2,-0.03770541027188301,-42.18314611911774,0.0004092704424510632,-0.021090980211738497,1257.0,-2.293463606060606
17,4,83968,2079,0.945936918258667,2608,0.10933093458879739,0.056618042,0.4132080078125,0.0256345272064209,0.2,-0.01751292310655117,-42.15885925292969,0.0004092704424510632,-0.03057329755392857,1257.0,-2.293463606060606
18,4,84480,2072,0.9471186995506287,2624,0.005477616687130649,0.01345217,0.2020263671875,-0.9401726722717285,0.2,-0.028187738731503487,-42.16923749446869,0.0004092704424510632,-0.019190242353943177,1257.0,-2.2936319104477616
19,4,84992,2068,0.9483727216720581,2640,0.1595962916035205,0.01814052,0.1826171875,0.10202610492706299,0.2,0.01141703687608242,-42.2093551158905,0.0004092704424510632,-0.019600848958361894,1257.0,-2.2936319104477616
20,4,85504,2067,0.9467892050743103,2656,0.003499783415463753,0.0142685,0.2281494140625,-3.55501127243042,0.2,-0.03418704867362976,-42.20859503746033,0.0004092704424510632,-0.02232300938339904,1257.0,-2.2929946617647063
21,5,86016,2064,0.9460148811340332,2672,0.18181488872505724,0.019520067,0.19580078125,0.05821031332015991,0.2,0.016067616641521454,-42.15683114528656,0.0004092704424510632,-0.02101086101902183,1257.0,-2.2929946617647063
22,5,86528,2059,0.9464624524116516,2688,0.0030219302934710868,0.025800515,0.2459716796875,-3.1974830627441406,0.2,-0.040377043187618256,-42.15449833869934,0.0004092704424510632,-0.024172825185814872,1257.0,-2.2929946617647063
23,5,87040,2055,0.944770097732544,2704,0.004240467584168073,0.012536338,0.194091796875,-0.0005964040756225586,0.2,-0.027423303574323654,-42.14474546909332,0.0004092704424510632,-0.022732889294275083,1257.0,-2.292350913043479
24,5,87552,2055,0.9446380138397217,2720,0.19990497338585556,0.021729628,0.2164306640625,0.05862396955490112,0.2,0.012599695473909378,-42.103253960609436,0.0004092704424510632,-0.023773127904860303,1257.0,-2.292350913043479
25,6,88064,2053,0.9459334015846252,2736,0.007305848550458904,0.015710983,0.2197265625,-9.630204200744629,0.2,-0.029405327513813972,-42.12127673625946,0.0004092704424510632,-0.02319103028276004,1257.0,-2.291079671428572
26,6,88576,2049,0.946742832660675,2752,0.2147260552737862,0.032113757,0.3077392578125,0.025796353816986084,0.2,0.01828061044216156,-42.171642541885376,0.0004092704424510632,-0.030011341208592057,1257.0,-2.291079671428572
27,6,89088,2048,0.9472934603691101,2768,0.0026452518250152934,0.01962812,0.2327880859375,-7.71476936340332,0.2,-0.0395212285220623,-42.19058036804199,0.0004092704424510632,-0.023003200854873285,1257.0,-2.291079671428572
28,7,89600,2045,0.9477409720420837,2784,0.0025848090699582826,0.0162643,0.228515625,0.003004014492034912,0.2,-0.043941836804151535,-42.20438766479492,0.0004092704424510632,-0.02645637927344069,1257.0,-2.2899116478873247
29,7,90112,2043,0.948390781879425,2800,0.22689725901000202,0.016829288,0.2506103515625,0.025026023387908936,0.2,0.011942828074097633,-42.221877217292786,0.0004092704424510632,-0.01759847860375885,1257.0,-2.2899116478873247
30,7,90624,2043,0.949089527130127,2816,0.006294375809375197,0.016430851,0.23193359375,-7.3072967529296875,0.2,-0.036219630390405655,-42.24548316001892,0.0004092704424510632,-0.024263990519102663,1257.0,-2.293900013888889
31,7,91136,2044,0.9488884210586548,2832,0.2707707385998219,0.012647301,0.17236328125,0.034273386001586914,0.2,0.03797658160328865,-42.24998211860657,0.0004092704424510632,-0.01438391421106644,1257.0,-2.293900013888889
32,8,91648,2044,0.9491036534309387,2848,0.005335337333235657,0.01884259,0.2613525390625,-11.671703338623047,0.2,-0.030794182792305946,-42.251755118370056,0.0004092704424510632,-0.02450849485467188,1257.0,-2.293900013888889
33,8,92160,2041,0.948377788066864,2864,0.0022676092594338115,0.017879829,0.2296142578125,-0.0039136409759521484,0.2,-0.03180571645498276,-42.244072675704956,0.0004092704424510632,-0.024802965635899454,1257.0,-2.291307424657534
34,8,92672,2038,0.9476625919342041,2880,0.2620489152614027,0.017754847,0.197998046875,0.05604863166809082,0.2,0.03009328618645668,-42.21415090560913,0.0004092704424510632,-0.02451225687400438,1257.0,-2.291307424657534
35,8,93184,2036,0.9485345482826233,2896,0.014342252354254015,0.020685017,0.2357177734375,-9.372771263122559,0.2,-0.04210658743977547,-42.210888504981995,0.0004092704424510632,-0.025527650424919557,1257.0,-2.2913308648648645
36,9,93696,2037,0.9486420750617981,2912,0.2889617264736444,0.025951676,0.2247314453125,0.03639340400695801,0.2,0.014503248035907745,-42.22687876224518,0.0004092704424510632,-0.02947449847124517,1257.0,-2.2913308648648645
37,9,94208,2037,0.9471361041069031,2928,0.0074149112770101056,0.018782843,0.2437744140625,-5.039045810699463,0.2,-0.03450373187661171,-42.209614276885986,0.0004092704424510632,-0.023310072094318457,1257.0,-2.2913308648648645
38,9,94720,2038,0.9464142322540283,2944,0.0021880043095734436,0.011951907,0.1673583984375,0.026732206344604492,0.2,-0.026931434869766235,-42.16577434539795,0.0004092704424510632,-0.018212188995676115,1257.0,-2.2909503199999994
39,9,95232,2037,0.9471471309661865,2960,0.2123129314277321,0.021654757,0.1761474609375,0.08527606725692749,0.2,0.004877828061580658,-42.16863524913788,0.0004092704424510632,-0.022856503805087414,1257.0,-2.2909503199999994
40,10,95744,2037,0.9470221996307373,2976,0.014983329936512746,0.02064249,0.2017822265625,-9.987737655639648,0.2,-0.020603284239768982,-42.187825202941895,0.0004092704424510632,-0.022373697989678476,1257.0,-2.2898713947368416
41,10,96256,2037,0.9469117522239685,2992,0.2660790137015283,0.016319605,0.1724853515625,0.04601263999938965,0.2,0.014680802822113037,-42.18662977218628,0.0004092704424510632,-0.02130954689346254,1257.0,-2.2898713947368416
42,10,96768,2037,0.9450655579566956,3008,0.005539922189200297,0.023545537,0.26708984375,-9.031917572021484,0.2,-0.036071158945560455,-42.15760540962219,0.0004092704424510632,-0.028047423009411432,1257.0,-2.2898713947368416
43,10,97280,2037,0.9421112537384033,3024,0.0022680891197524033,0.016283423,0.24658203125,0.15360397100448608,0.2,-0.03499487042427063,-42.06684350967407,0.0004092704424510632,-0.02362057958089281,1257.0,-2.286394428571428
44,11,97792,2037,0.9415271282196045,3040,0.12097380962222815,0.026993781,0.2701416015625,0.0959094762802124,0.2,-0.02165922150015831,-42.0015674829483,0.0004092704424510632,-0.024103689669573214,1257.0,-2.286394428571428
45,11,98304,2036,0.939103364944458,3056,0.010351705132052302,0.014994682,0.1529541015625,-10.100447654724121,0.2,-0.023185105994343758,-41.969457507133484,0.0004092704424510632,-0.015779739653225988,1257.0,-2.2869740897435893
46,11,98816,2036,0.9379124641418457,3072,0.267024340108037,0.019480016,0.1500244140625,0.08602070808410645,0.2,0.03076200932264328,-41.89607608318329,0.0004092704424510632,-0.021834036546351854,1257.0,-2.2869740897435893
47,11,99328,2035,0.9375416040420532,3088,0.011647132319922093,0.03256101,0.2733154296875,-7.618223190307617,0.2,-0.046043019741773605,-41.87655961513519,0.0004092704424510632,-0.02642955856572371,1257.0,-2.2861001392405056
48,12,99840,2034,0.9368940591812134,3104,0.28682509856298566,0.018662468,0.2099609375,0.050891876220703125,0.2,0.013408761471509933,-41.86276197433472,0.0004092704424510632,-0.023808490281226113,1257.0,-2.2861001392405056
49,12,100352,2033,0.9367033243179321,3120,0.005278198295854963,0.021979071,0.2476806640625,-5.718774318695068,0.2,-0.03037279099225998,-41.84774553775787,0.0004092704424510632,-0.02159156907873694,1257.0,-2.2861001392405056
50,12,100864,2033,0.9369867444038391,3136,0.003728291434526909,0.01294666,0.193115234375,-0.0010521411895751953,0.2,-0.03632577881217003,-41.85504364967346,0.0004092704424510632,-0.02209558709000703,1257.0,-2.2851477625000003
51,12,101376,2033,0.937065601348877,3152,0.2724055803846568,0.018562952,0.1839599609375,0.1109694242477417,0.2,0.025439884513616562,-41.86452889442444,0.0004092704424510632,-0.022272557616815902,1257.0,-2.2851477625000003
52,13,101888,2033,0.940055251121521,3168,0.009434708561457228,0.017186668,0.2198486328125,-9.45414924621582,0.2,-0.034089408814907074,-41.90219295024872,0.0004092704424510632,-0.020926073091686703,1257.0,-2.281890950617284
53,13,102400,2033,0.9408556222915649,3184,0.3174654422327876,0.019184928,0.149169921875,0.06028527021408081,0.2,0.038946542888879776,-41.987083315849304,0.0004092704424510632,-0.019073658251727466,1257.0,-2.281890950617284
54,13,102912,2034,0.9396564960479736,3200,0.005203195036301622,0.015661819,0.2061767578125,-7.8365631103515625,0.2,-0.012534985318779945,-41.967917799949646,0.0004092704424510632,-0.01928214496729197,1257.0,-2.281890950617284
55,13,103424,2034,0.939694881439209,3216,0.0026825299828487914,0.016274268,0.2415771484375,0.009431600570678711,0.2,-0.030504141002893448,-41.9407342672348,0.0004092704424510632,-0.027925865462748334,1257.0,-2.281490804878049
56,14,103936,2034,0.939970850944519,3232,0.2614318411797285,0.018993493,0.1259765625,0.14137059450149536,0.2,0.030420556664466858,-41.95132100582123,0.0004092704424510632,-0.020259604643797502,1257.0,-2.281490804878049
57,14,104448,2034,0.9392033815383911,3248,0.011674785579089075,0.01578391,0.1807861328125,-10.874917030334473,0.2,-0.017854882404208183,-41.94829082489014,0.0004092704424510632,-0.017726685386151075,1257.0,-2.278013108433735
58,14,104960,2034,0.9386016130447388,3264,0.34568378888070583,0.013821131,0.1475830078125,0.06640112400054932,0.2,0.08000347763299942,-41.9180953502655,0.0004092704424510632,-0.019526759337168187,1257.0,-2.278013108433735
59,14,105472,2034,0.9359077215194702,3280,0.0027138979457959067,0.022950927,0.30810546875,-1.8349103927612305,0.2,-0.03296804428100586,-41.871641516685486,0.0004092704424510632,-0.034374279028270394,1257.0,-2.278013108433735
60,15,105984,2034,0.9338698983192444,3296,0.002470290073688375,0.01782619,0.269287109375,-0.04120588302612305,0.2,-0.04329635202884674,-41.784409284591675,0.0004092704424510632,-0.030273981363279745,1257.0,-2.2777852738095237
61,15,106496,2034,0.9327769875526428,3312,0.28178338590078056,0.013725357,0.148681640625,0.20503419637680054,0.2,0.041239332407712936,-41.73577415943146,0.0004092704424510632,-0.017816864245105535,1257.0,-2.2777852738095237
62,15,107008,2035,0.9321353435516357,3328,0.015088775980984792,0.018567763,0.2303466796875,-7.605230331420898,0.2,-0.02690592221915722,-41.7049001455307,0.0004092704424510632,-0.023333011253271252,1257.0,-2.276232964705882
63,15,107520,2035,0.9313908219337463,3344,0.3419083855114877,0.027233668,0.212646484375,0.06774204969406128,0.2,0.04457584023475647,-41.6871737241745,0.0004092704424510632,-0.02654468535911292,1257.0,-2.276232964705882
64,16,108032,2034,0.932100236415863,3360,0.003534696836140938,0.019220827,0.2965087890625,-4.5397162437438965,0.2,-0.031611766666173935,-41.68101108074188,0.0004092704424510632,-0.024300429824506864,1257.0,-2.276232964705882
65,16,108544,2034,0.9314877986907959,3376,0.0024617503004265018,0.015688099,0.24462890625,0.05616641044616699,0.2,-0.032755427062511444,-41.695820450782776,0.0004092704424510632,-0.024846484884619713,1257.0,-2.27564576744186
66,16,109056,2034,0.9301575422286987,3392,0.23805030202493072,0.018530503,0.11376953125,0.22544914484024048,0.2,0.012586014345288277,-41.662415742874146,0.0004092704424510632,-0.017664153449004516,1257.0,-2.27564576744186
67,16,109568,2034,0.9309908747673035,3408,0.019673077025800012,0.02738307,0.2696533203125,-16.286972045898438,0.2,-0.039549365639686584,-41.64458525180817,0.0004092704424510632,-0.025116806413279846,1257.0,-2.2747520919540225
68,17,110080,2034,0.931290328502655,3424,0.3980402243323624,0.022741793,0.245361328125,0.042662739753723145,0.2,0.03781989961862564,-41.6753888130188,0.0004092704424510632,-0.02520760119659826,1257.0,-2.2747520919540225
69,17,110592,2034,0.9304307699203491,3440,0.003435311322391499,0.014453843,0.2103271484375,-3.0629019737243652,0.2,-0.03210926055908203,-41.66308915615082,0.0004092704424510632,-0.0208074833790306,1257.0,-2.2747520919540225
70,17,111104,2034,0.9293376803398132,3456,0.002528203473048052,0.016533595,0.257080078125,0.19446349143981934,0.2,-0.021907519549131393,-41.637253522872925,0.0004092704424510632,-0.025121701226453297,1257.0,-2.2747154886363634
71,17,111616,2034,0.9284701347351074,3472,0.152445804560557,0.021239154,0.162353515625,0.16447597742080688,0.2,-0.015290308743715286,-41.601476311683655,0.0004092704424510632,-0.018773423158563673,1257.0,-2.2747154886363634
72,18,112128,2034,0.9277362823486328,3488,0.011721804374246858,0.020330507,0.257568359375,-4.250783443450928,0.2,-0.04701584205031395,-41.5732878446579,0.0004092704424510632,-0.028371795982820913,1257.0,-2.273512853932584
73,18,112640,2034,0.9272236824035645,3504,0.33318890258669853,0.019210082,0.1273193359375,0.14407867193222046,0.2,0.050252169370651245,-41.55324041843414,0.0004092704424510632,-0.018609288264997303,1257.0,-2.273512853932584
74,18,113152,2034,0.9273877143859863,3520,0.01105450301838573,0.024049025,0.2486572265625,-5.9584245681762695,0.2,-0.030122099444270134,-41.538570284843445,0.0004092704424510632,-0.027026054711313918,1257.0,-2.2728478999999995
75,18,113664,2033,0.9276847243309021,3536,0.4496852410957217,0.018244307,0.1427001953125,0.09993749856948853,0.2,0.06635558605194092,-41.55467188358307,0.0004092704424510632,-0.01843111561902333,1257.0,-2.2728478999999995
76,19,114176,2033,0.9266771674156189,3552,0.0033042939321603626,0.026387148,0.2891845703125,-0.8828372955322266,0.2,-0.034201737493276596,-41.54193365573883,0.0004092704424510632,-0.02627920769737102,1257.0,-2.2728478999999995
77,19,114688,2033,0.928473174571991,3568,0.003596170361561235,0.017755637,0.25341796875,-0.034453630447387695,0.2,-0.03366983309388161,-41.540363073349,0.0004092704424510632,-0.02706047846004367,1257.0,-2.2726602857142852
78,19,115200,2033,0.9297972321510315,3584,0.37121756933629513,0.012595294,0.0830078125,0.28439974784851074,0.2,0.09042104333639145,-41.60816431045532,0.0004092704424510632,-0.016966416675131768,1257.0,-2.2726602857142852
79,19,115712,2033,0.9282721281051636,3600,0.010380132058344316,0.02712441,0.269287109375,-7.011099815368652,0.2,-0.027009477838873863,-41.60566174983978,0.0004092704424510632,-0.025379274957231246,1257.0,-2.2724773260869564
80,20,116224,2033,0.9279173016548157,3616,0.46219575172290206,0.012519604,0.1304931640625,0.12428522109985352,0.2,0.11112411320209503,-41.56222105026245,0.0004092704424510632,-0.017638688776060008,1257.0,-2.2724773260869564
81,20,116736,2033,0.9287160634994507,3632,0.0022390997073671315,0.017824259,0.2374267578125,-2.658705472946167,0.2,-0.034132860600948334,-41.56567656993866,0.0004092704424510632,-0.025168551699607633,1257.0,-2.2724773260869564
82,20,117248,2033,0.92864990234375,3648,0.002426595503493445,0.017667014,0.26318359375,-0.04111897945404053,0.2,-0.03534495085477829,-41.57696330547333,0.0004092704424510632,-0.027596561092650518,1257.0,-2.270650956989247
83,20,117760,2033,0.9283348917961121,3664,0.35367440013214946,0.01883205,0.0986328125,0.277987003326416,0.2,0.03683311119675636,-41.567996859550476,0.0004092704424510632,-0.015972580717061646,1257.0,-2.270650956989247
84,21,118272,2033,0.9279648065567017,3680,0.01796751792426221,0.021368392,0.2462158203125,-8.32202434539795,0.2,-0.025573527440428734,-41.55629849433899,0.0004092704424510632,-0.02126321877585724,1257.0,-2.26964694680851
85,21,118784,2033,0.9278653264045715,3696,0.45889306208118796,0.014714412,0.1187744140625,0.07422667741775513,0.2,0.06835848838090897,-41.55050444602966,0.0004092704424510632,-0.016414795245509595,1257.0,-2.26964694680851
86,21,119296,2031,0.9280155301094055,3712,0.0035160808947694022,0.01633747,0.242431640625,-2.0193164348602295,0.2,-0.03154711797833443,-41.5536767244339,0.0004092704424510632,-0.02572282889741473,1257.0,-2.26964694680851
87,21,119808,2031,0.925931453704834,3728,0.0022731454300810583,0.01905105,0.23486328125,-0.10950756072998047,0.2,-0.024223225191235542,-41.53422725200653,0.0004092704424510632,-0.02379395844764076,1257.0,-2.2674603473684205
88,22,120320,2031,0.9250620007514954,3744,0.3217146589886397,0.015485028,0.1243896484375,0.26605987548828125,0.2,0.046803977340459824,-41.47629714012146,0.0004092704424510632,-0.016282880620565265,1257.0,-2.2674603473684205
89,22,120832,2032,0.9244509935379028,3760,0.020792671537492424,0.026161721,0.24462890625,-10.986851692199707,0.2,-0.028300290927290916,-41.4568030834198,0.0004092704424510632,-0.025015264065586962,1257.0,-2.264573375
90,22,121344,2032,0.9240546226501465,3776,0.48613451328128576,0.013411362,0.1019287109375,0.051361143589019775,0.2,0.05562001094222069,-41.44107639789581,0.0004092704424510632,-0.01625730056548491,1257.0,-2.264573375
91,22,121856,2032,0.9230749011039734,3792,0.0031646250427002087,0.027758189,0.2685546875,-2.3206562995910645,0.2,-0.040904637426137924,-41.42497444152832,0.0004092704424510632,-0.026555156000540592,1257.0,-2.264573375
92,23,122368,2032,0.9216778874397278,3808,0.002285133767145453,0.015724165,0.2225341796875,0.01746058464050293,0.2,-0.030838297680020332,-41.38066875934601,0.0004092704424510632,-0.022362021292792633,1257.0,-2.263677268041237
93,23,122880,2031,0.9213646650314331,3824,0.33901475463062525,0.012837655,0.0537109375,0.2615754008293152,0.2,0.06188993528485298,-41.34309720993042,0.0004092704424510632,-0.009220122272381559,1257.0,-2.263677268041237
94,23,123392,2031,0.9226094484329224,3840,0.0075865421240450814,0.022811476,0.2789306640625,-4.58781623840332,0.2,-0.024791475385427475,-41.35572612285614,0.0004092704424510632,-0.024803291642456315,1257.0,-2.2627086734693878
95,23,123904,2031,0.9227163195610046,3856,0.3947708015330136,0.012987489,0.10302734375,0.17216336727142334,0.2,0.06877078860998154,-41.391634464263916,0.0004092704424510632,-0.017404225014615804,1257.0,-2.2627086734693878
96,24,124416,2031,0.9236675500869751,3872,0.005484206129040103,0.0173698,0.2784423828125,-3.630974769592285,0.2,-0.04324357956647873,-41.39467191696167,0.0004092704424510632,-0.025805404395214282,1257.0,-2.2627086734693878
97,24,124928,2031,0.9254399538040161,3888,0.004116247408092022,0.013456065,0.23828125,0.3035810589790344,0.2,-0.02886919677257538,-41.46068859100342,0.0004092704424510632,-0.02364831868908368,1257.0,-2.2612081818181817
98,24,125440,2031,0.9257416725158691,3904,0.1275386072229594,0.025466967,0.1864013671875,0.40669286251068115,0.2,-0.008749637752771378,-41.49412548542023,0.0004092704424510632,-0.020678484957898036,1257.0,-2.2612081818181817
99,24,125952,2030,0.9255806803703308,3920,0.03565662418259308,0.020838998,0.2725830078125,-1.570540189743042,0.2,-0.02028430625796318,-41.495136857032776,0.0004092704424510632,-0.02633087569847703,1257.0,-2.26203361
100,25,126464,2030,0.9250815510749817,3936,0.4394761472940445,0.017290458,0.13037109375,0.1650194525718689,0.2,0.05167040601372719,-41.486281514167786,0.0004092704424510632,-0.017386881139827892,1257.0,-2.26203361
101,25,126976,2029,0.9254334568977356,3952,0.01114268958917819,0.017167374,0.2359619140625,-9.541600227355957,0.2,-0.03258875757455826,-41.47656273841858,0.0004092704424510632,-0.02340130069933366,1257.0,-2.260229
102,25,127488,2029,0.9258357286453247,3968,0.49826377909630537,0.018013319,0.1129150390625,0.08916056156158447,0.2,0.07614469528198242,-41.490909814834595,0.0004092704424510632,-0.024118514120345935,1257.0,-2.260229
103,25,128000,2029,0.9268277287483215,3984,0.004311967626563273,0.01724928,0.2227783203125,-1.0249829292297363,0.2,-0.02717476524412632,-41.50921332836151,0.0004092704424510632,-0.020162387532764114,1257.0,-2.260229
104,26,128512,2029,0.927837610244751,4000,0.004706228508439381,0.01460738,0.1822509765625,-0.03547966480255127,0.2,-0.02900988608598709,-41.548383951187134,0.0004092704424510632,-0.020338614034699276,1257.0,-2.25636687
105,26,129024,2029,0.9276083111763,4016,0.47331773256883025,0.017082484,0.0894775390625,0.30623745918273926,0.2,0.08264036476612091,-41.56191110610962,0.0004092704424510632,-0.01961324896547012,1257.0,-2.25636687
106,26,129536,2029,0.9261835217475891,4032,0.010877968707063701,0.021734241,0.2576904296875,-13.051937103271484,0.2,-0.02996216155588627,-41.53811037540436,0.0004092704424510632,-0.024149676057277247,1257.0,-2.25350975
107,27,130048,2028,0.9255006909370422,4048,0.5573498099111021,0.010020913,0.0589599609375,0.11253780126571655,0.2,0.11809751391410828,-41.49621784687042,0.0004092704424510632,-0.012624021503143013,1257.0,-2.25350975
108,27,130560,2027,0.9264417290687561,4064,0.0018578061335574603,0.019370113,0.263671875,-3.603520393371582,0.2,-0.04146885499358177,-41.498459219932556,0.0004092704424510632,-0.026602425321470946,1257.0,-2.25350975
109,27,131072,2027,0.9269148707389832,4080,0.0031139237544266507,0.015099334,0.242431640625,-0.13030743598937988,0.2,-0.04457704722881317,-41.52753674983978,0.0004092704424510632,-0.023449899948900566,1257.0,-2.24970602
110,27,131584,2026,0.9271653890609741,4096,0.4338100175373256,0.015009969,0.0997314453125,0.2953019142150879,0.2,0.053647663444280624,-41.537479519844055,0.0004092704424510632,-0.017446273282985203,1257.0,-2.24970602
111,28,132096,2025,0.9268555641174316,4112,0.011660706550173927,0.021038473,0.253662109375,-11.232155799865723,0.2,-0.030178971588611603,-41.540231227874756,0.0004092704424510632,-0.021914444347203244,1257.0,-2.2472453700000004
112,28,132608,2024,0.9267331957817078,4128,0.5553049482405186,0.013617832,0.0867919921875,0.09786319732666016,0.2,0.07398087531328201,-41.52696371078491,0.0004092704424510632,-0.015312909192289226,1257.0,-2.2472453700000004
113,28,133120,2023,0.9259800910949707,4144,0.008983539519249462,0.024276137,0.2943115234375,-0.11236298084259033,0.2,-0.044479381293058395,-41.51364612579346,0.0004092704424510632,-0.025099657112150453,1257.0,-2.2472453700000004
114,28,133632,2022,0.9253528714179993,4160,0.0022748601222701836,0.01441382,0.22021484375,-0.019919276237487793,0.2,-0.03133009374141693,-41.497066497802734,0.0004092704424510632,-0.02126349788159132,1257.0,-2.24505118
115,29,134144,2022,0.9248605966567993,4176,0.421854664105922,0.008244932,0.068603515625,0.20435988903045654,0.2,0.07513932138681412,-41.47100484371185,0.0004092704424510632,-0.01265622879145667,1257.0,-2.24505118
116,29,134656,2022,0.9250549077987671,4192,0.00725298033648869,0.020235986,0.2467041015625,-5.755463600158691,0.2,-0.02677328884601593,-41.46470785140991,0.0004092704424510632,-0.024819179641781375,1257.0,-2.24288294
117,29,135168,2022,0.9251599311828613,4208,0.6279238285496831,0.0110340435,0.0906982421875,0.16833508014678955,0.2,0.11477263271808624,-41.47470736503601,0.0004092704424510632,-0.013698621041839942,1257.0,-2.24288294
118,29,135680,2021,0.9255210161209106,4224,0.0025823751821008045,0.020444252,0.2393798828125,-1.867403507232666,0.2,-0.0429425984621048,-41.479116439819336,0.0004092704424510632,-0.02444185086642392,1257.0,-2.24288294
119,30,136192,2020,0.9242820143699646,4240,0.0024575416136940476,0.017794888,0.250244140625,-0.05278182029724121,0.2,-0.03134715557098389,-41.47908639907837,0.0004092704424510632,-0.02569593660882674,1257.0,-2.24057528
120,30,136704,2020,0.9232994318008423,4256,0.41192453959956765,0.014529657,0.0726318359375,0.31451576948165894,0.2,0.07743236422538757,-41.44168984889984,0.0004092704424510632,-0.011279555677901953,1257.0,-2.24057528
121,30,137216,2020,0.922200083732605,4272,0.24797645397484303,0.020781437,0.2437744140625,-0.09441232681274414,0.2,0.09470544755458832,-41.40337085723877,0.0004092704424510632,-0.023938864134834148,1257.0,-2.2362361699999997
122,30,137728,2019,0.9219118356704712,4288,0.47906777262687683,0.011777218,0.068359375,0.5047364234924316,0.2,0.13862766325473785,-41.374871253967285,0.0004092704424510632,-0.01093540705551277,1257.0,-2.2362361699999997
123,31,138240,2020,0.9231947660446167,4304,0.00339717142196605,0.020856492,0.250244140625,-12.150144577026367,0.2,-0.031079653650522232,-41.3875116109848,0.0004092704424510632,-0.025463984231464565,1257.0,-2.2362361699999997
124,31,138752,2020,0.9238693714141846,4320,0.002265899871417787,0.019420244,0.25146484375,0.24634915590286255,0.2,-0.024107377976179123,-41.42867302894592,0.0004092704424510632,-0.02545947232283652,1257.0,-2.2333465
125,31,139264,2020,0.9235126376152039,4336,0.17451237485511228,0.025700003,0.1319580078125,0.26193374395370483,0.2,-0.015219373628497124,-41.434874296188354,0.0004092704424510632,-0.0162066350603709,1257.0,-2.2333465
126,31,139776,2020,0.9228335618972778,4352,0.018086971613229252,0.025982028,0.2667236328125,-8.361045837402344,0.2,-0.038545381277799606,-41.415170788764954,0.0004092704424510632,-0.02758100486244075,1257.0,-2.22692216
127,32,140288,2020,0.9226419925689697,4368,0.582373192999512,0.013130484,0.091552734375,0.114249587059021,0.2,0.11180579662322998,-41.39777863025665,0.0004092704424510632,-0.01661454778877669,1257.0,-2.22692216
128,32,140800,2020,0.9215598702430725,4384,0.005030765758419875,0.019378528,0.2540283203125,-1.5077710151672363,0.2,-0.028388800099492073,-41.3769189119339,0.0004092704424510632,-0.022447725699748844,1257.0,-2.2265892300000005
129,32,141312,2020,0.9212909936904907,4400,0.5205081487074494,0.009953564,0.059814453125,0.36704742908477783,0.2,0.1173388659954071,-41.35459768772125,0.0004092704424510632,-0.00995933116064407,1257.0,-2.2265892300000005
130,32,141824,2020,0.9201876521110535,4416,0.006634160021349089,0.023257669,0.2896728515625,-4.073758125305176,0.2,-0.039242010563611984,-41.33871233463287,0.0004092704424510632,-0.029566034412709996,1257.0,-2.2265892300000005
131,33,142336,2019,0.9198188185691833,4432,0.0024585459505033214,0.019385885,0.27294921875,-0.034876346588134766,0.2,-0.05135060101747513,-41.30203676223755,0.0004092704424510632,-0.031204521932522766,1257.0,-2.22276284
132,33,142848,2019,0.919959545135498,4448,0.49513800255954266,0.016942276,0.079345703125,0.2573222517967224,0.2,0.10241749882698059,-41.30594503879547,0.0004092704424510632,-0.014092636549321469,1257.0,-2.22276284
133,33,143360,2018,0.9194844365119934,4464,0.012561293464386836,0.021882657,0.258056640625,-4.0471510887146,0.2,-0.0327286496758461,-41.30163848400116,0.0004092704424510632,-0.02412352812825702,1257.0,-2.2220003700000004
134,34,143872,2017,0.9195181131362915,4480,0.4994502058252692,0.016505575,0.1065673828125,0.17545199394226074,0.2,0.06173776462674141,-41.28952085971832,0.0004092704424510632,-0.018196414632257074,1257.0,-2.2220003700000004
135,34,144384,2017,0.9213550090789795,4496,0.00536908630238031,0.021868346,0.2781982421875,-6.644755840301514,0.2,-0.019434267655014992,-41.31127083301544,0.0004092704424510632,-0.022582524397876114,1257.0,-2.2220003700000004
136,34,144896,2018,0.9227613210678101,4512,0.002363160216191318,0.025077397,0.3084716796875,-0.03107309341430664,0.2,-0.03965184465050697,-41.381187915802,0.0004092704424510632,-0.030507978910463862,1257.0,-2.21987712
137,34,145408,2018,0.9227954745292664,4528,0.4187041842378676,0.018384555,0.1202392578125,0.27595454454421997,0.2,0.03619162738323212,-41.406434655189514,0.0004092704424510632,-0.020112272177357227,1257.0,-2.21987712
138,35,145920,2018,0.9246073365211487,4544,0.013738256559008732,0.022608995,0.26025390625,-5.748689651489258,0.2,-0.017728291451931,-41.421947598457336,0.0004092704424510632,-0.02243366614857223,1257.0,-2.21964681
139,35,146432,2017,0.9256208539009094,4560,0.5344440080225468,0.01539968,0.0849609375,0.14989054203033447,0.2,0.0651061087846756,-41.48886299133301,0.0004092704424510632,-0.013957019851659425,1257.0,-2.21964681
140,35,146944,2017,0.9243567585945129,4576,0.00726607971591875,0.0209103,0.244384765625,-2.8847994804382324,0.2,-0.03594650700688362,-41.48365104198456,0.0004092704424510632,-0.025808506608882453,1257.0,-2.21964681
141,35,147456,2017,0.9233850836753845,4592,0.00221347816841444,0.023824254,0.3065185546875,-0.10353851318359375,0.2,-0.05150752514600754,-41.43457365036011,0.0004092704424510632,-0.03653297992423177,1257.0,-2.2190850799999997
142,36,147968,2017,0.9235023260116577,4608,0.4416858437471092,0.010576896,0.0841064453125,0.2749614715576172,0.2,0.09094768762588501,-41.415536642074585,0.0004092704424510632,-0.011951559281442314,1257.0,-2.2190850799999997
143,36,148480,2017,0.9238466620445251,4624,0.005453138663142454,0.01988284,0.2435302734375,-6.662699222564697,0.2,-0.03758455067873001,-41.42700254917145,0.0004092704424510632,-0.02266012294421671,1257.0,-2.2175342199999997
144,36,148992,2017,0.9239382743835449,4640,0.48783496068790555,0.009889292,0.049560546875,0.22998160123825073,0.2,0.13739559054374695,-41.43290889263153,0.0004092704424510632,-0.008227915037423372,1257.0,-2.2175342199999997
145,36,149504,2017,0.9236614108085632,4656,0.004969729845470283,0.0182354,0.2276611328125,-4.425535678863525,0.2,-0.03458421304821968,-41.42835092544556,0.0004092704424510632,-0.025713623967021704,1257.0,-2.2175342199999997
146,37,150016,2017,0.9220945239067078,4672,0.0024023875885177404,0.017891265,0.2476806640625,-0.03753304481506348,0.2,-0.03626332804560661,-41.40309917926788,0.0004092704424510632,-0.02657245160662569,1257.0,-2.21698933
147,37,150528,2017,0.9215835332870483,4688,0.3770362592767924,0.018076777,0.0682373046875,0.30216342210769653,0.2,0.02822985127568245,-41.36200296878815,0.0004092704424510632,-0.012490226821682882,1257.0,-2.21698933
1,0,151040,4014,0.9226917028427124,4704,0.05993232596665621,0.017971454,0.2022705078125,-1.8407068252563477,0.2,0.0025642774999141693,-41.37250876426697,0.0004092704424510632,-0.01617171525140293,1257.0,-2.2167294600000003
2,0,151552,2686,0.9228106737136841,4720,0.5715541248209774,0.017004302,0.0953369140625,0.13030487298965454,0.2,0.14107726514339447,-41.40297722816467,0.0004092704424510632,-0.019186905308743007,1257.0,-2.2167294600000003
3,0,152064,2438,0.9218539595603943,4736,0.003304784338979516,0.02247876,0.290283203125,-1.3185417652130127,0.2,-0.03355724737048149,-41.38367402553558,0.0004092704424510632,-0.026555654956609942,1257.0,-2.2167294600000003
4,0,152576,2326,0.9212242364883423,4752,0.013646528794197366,0.017854482,0.2586669921875,0.3368910551071167,0.2,-0.03461127728223801,-41.35172188282013,0.0004092704424510632,-0.0287181915336987,1257.0,-2.2156840900000003
5,1,153088,2258,0.9211432933807373,4768,0.14229674934176728,0.023174062,0.16015625,0.5689030289649963,0.2,-0.022626563906669617,-41.34313428401947,0.0004092704424510632,-0.015923302329611033,1257.0,-2.2156840900000003
6,1,153600,2202,0.9195043444633484,4784,0.01955579058267176,0.01857905,0.2349853515625,-6.498460292816162,0.2,-0.0302203930914402,-41.315590620040894,0.0004092704424510632,-0.025029993063071743,1257.0,-2.2138567900000004
7,1,154112,2168,0.9191204309463501,4800,0.6616987991146743,0.013702108,0.1246337890625,0.1346561312675476,0.2,0.06827482581138611,-41.2755001783371,0.0004092704424510632,-0.015153586980886757,1257.0,-2.2138567900000004
8,1,154624,2142,0.9201733469963074,4816,0.004966087915818207,0.03551694,0.324951171875,-0.9686031341552734,0.2,-0.04771966114640236,-41.28772306442261,0.0004092704424510632,-0.03243697418656666,1257.0,-2.2101816300000006
9,2,155136,2121,0.9205633401870728,4832,0.7170780315063894,0.013043156,0.0701904296875,0.05976837873458862,0.2,0.07375331223011017,-41.30923271179199,0.0004092704424510632,-0.013277469246531837,1257.0,-2.2101816300000006
10,2,155648,2097,0.9203084707260132,4848,0.0035921871531172656,0.022156872,0.2762451171875,-1.3657135963439941,0.2,-0.03067333810031414,-41.31187689304352,0.0004092704424510632,-0.025777157541597262,1257.0,-2.2101816300000006
11,2,156160,2084,0.9190178513526917,4864,0.0037954697691020556,0.015948854,0.2462158203125,-0.10047376155853271,0.2,-0.04388333112001419,-41.289801597595215,0.0004092704424510632,-0.0279822685115505,1257.0,-2.20947597
12,2,156672,2073,0.9186164736747742,4880,0.6374058704823256,0.010612311,0.0391845703125,0.3531237840652466,0.2,0.12979115545749664,-41.25869286060333,0.0004092704424510632,-0.011447036144090816,1257.0,-2.20947597
13,3,157184,2069,0.9208642244338989,4896,0.005678539288055617,0.020838618,0.2694091796875,-3.101905345916748,0.2,-0.03533687815070152,-41.28495240211487,0.0004092704424510632,-0.02454034169204533,1257.0,-2.2123618300000008
14,3,157696,2066,0.9214227795600891,4912,0.6560825519263744,0.015679916,0.1009521484375,0.31807857751846313,0.2,0.15379127860069275,-41.344531774520874,0.0004092704424510632,-0.015326164262660313,1257.0,-2.2123618300000008
15,3,158208,2061,0.9227166175842285,4928,0.0023750585060042795,0.027463283,0.2945556640625,-2.016936779022217,0.2,-0.03217006102204323,-41.36189591884613,0.0004092704424510632,-0.025566717144101858,1257.0,-2.2123618300000008
16,3,158720,2055,0.9225895404815674,4944,0.003029908457392594,0.024049401,0.30615234375,-0.1837402582168579,0.2,-0.04146414250135422,-41.39737570285797,0.0004092704424510632,-0.029616349696880206,1257.0,-2.2149115000000004
17,4,159232,2052,0.921852707862854,4960,0.49435847345739603,0.022416554,0.15087890625,0.34293776750564575,0.2,0.0925120860338211,-41.376545667648315,0.0004092704424510632,-0.0205000760324765,1257.0,-2.2149115000000004
18,4,159744,2047,0.9234758615493774,4976,0.016042818941059522,0.027397234,0.2552490234375,-9.779669761657715,0.2,-0.028652137145400047,-41.381378293037415,0.0004092704424510632,-0.020892863845801912,1257.0,-2.21048348
19,4,160256,2042,0.9240957498550415,4992,0.6126811560243368,0.009219002,0.060546875,0.11329567432403564,0.2,0.10859781503677368,-41.43375372886658,0.0004092704424510632,-0.009090130566619337,1257.0,-2.21048348
20,5,160768,2035,0.925208330154419,5008,0.0033079625573009253,0.017522294,0.2427978515625,-1.9830536842346191,0.2,-0.02310880832374096,-41.452505350112915,0.0004092704424510632,-0.01986056283931248,1257.0,-2.21048348
21,5,161280,2033,0.9251463413238525,5024,0.002776185967377387,0.014613178,0.21728515625,-0.3541973829269409,0.2,-0.027348455041646957,-41.480565786361694,0.0004092704424510632,-0.020605729878298007,1257.0,-2.20685472
22,5,161792,2032,0.9251663088798523,5040,0.4644076623953879,0.014729273,0.099609375,0.3230648636817932,0.2,0.08958806842565536,-41.467116594314575,0.0004092704424510632,-0.012561977564473636,1257.0,-2.20685472
23,5,162304,2031,0.92721027135849,5056,0.010154664108995348,0.023095274,0.3018798828125,-9.41016674041748,0.2,-0.02946655824780464,-41.49174201488495,0.0004092704424510632,-0.026057018316350877,1257.0,-2.2020800400000002
24,6,162816,2029,0.9277382493019104,5072,0.6232047560624778,0.013165899,0.123046875,0.10886126756668091,0.2,0.10931664705276489,-41.551212191581726,0.0004092704424510632,-0.01636004785541445,1257.0,-2.2020800400000002
25,6,163328,2026,0.9279848337173462,5088,0.003382463015441317,0.023849253,0.3126220703125,-0.49897968769073486,0.2,-0.055441420525312424,-41.553797364234924,0.0004092704424510632,-0.03253762064559851,1257.0,-2.2020800400000002
26,6,163840,2025,0.9261061549186707,5104,0.0023025064219837077,0.015477981,0.2545166015625,-0.3937422037124634,0.2,-0.03595076873898506,-41.529640674591064,0.0004092704424510632,-0.026258569327183068,1257.0,-2.20046352
27,6,164352,2025,0.9252312779426575,5120,0.42346875090152025,0.021356747,0.1094970703125,0.33539068698883057,0.2,0.07873167842626572,-41.47692954540253,0.0004092704424510632,-0.017948207532754168,1257.0,-2.20046352
28,7,164864,2024,0.9249107241630554,5136,0.036328962189145386,0.026077796,0.2431640625,-11.462782859802246,0.2,-0.027994265779852867,-41.45653522014618,0.0004092704424510632,-0.02340504103631247,1257.0,-2.19937504
29,7,165376,2025,0.9247152209281921,5152,0.6188626065850258,0.0101764025,0.0531005859375,0.12591934204101562,0.2,0.11680728197097778,-41.453381419181824,0.0004092704424510632,-0.010089303774293512,1257.0,-2.19937504
30,7,165888,2026,0.9257367253303528,5168,0.004475906032894272,0.018580467,0.278076171875,-1.573085069656372,0.2,-0.04555267095565796,-41.45221984386444,0.0004092704424510632,-0.02829223606386222,1257.0,-2.19937504
31,7,166400,2024,0.9248201847076416,5184,0.009047553612617776,0.018333819,0.21875,0.3282148838043213,0.2,-0.03751327842473984,-41.475828409194946,0.0004092704424510632,-0.019683853694004938,1257.0,-2.19585614
32,8,166912,2024,0.924473226070404,5200,0.1604129879269749,0.024330877,0.166259765625,0.5248525142669678,0.2,-0.013705072924494743,-41.43975758552551,0.0004092704424510632,-0.018570526721305214,1257.0,-2.19585614
33,8,167424,2024,0.9232566952705383,5216,0.015610104252118617,0.021150999,0.2557373046875,-11.670909881591797,0.2,-0.030629217624664307,-41.42118573188782,0.0004092704424510632,-0.023304787682718597,1257.0,-2.1930881200000005
34,8,167936,2024,0.9227911233901978,5232,0.6962994881905615,0.013195384,0.0731201171875,0.11406725645065308,0.2,0.07949163019657135,-41.38508319854736,0.0004092704424510632,-0.01255680195754394,1257.0,-2.1930881200000005
35,8,168448,2025,0.9220752120018005,5248,0.005088438265374862,0.023452833,0.2677001953125,-1.1280064582824707,0.2,-0.04304748401045799,-41.37124013900757,0.0004092704424510632,-0.02744586145854555,1257.0,-2.1908830900000003
36,9,168960,2026,0.9216275811195374,5264,0.8762577106244862,0.010256091,0.092041015625,0.03354829549789429,0.2,0.14184319972991943,-41.34330976009369,0.0004092704424510632,-0.012308491830481216,1257.0,-2.1908830900000003
37,9,169472,2025,0.9217944741249084,5280,0.0044376837540767156,0.01929212,0.2618408203125,-1.8689303398132324,0.2,-0.0349561907351017,-41.340508580207825,0.0004092704424510632,-0.028343883255729452,1257.0,-2.1908830900000003
38,9,169984,2025,0.9201804399490356,5296,0.004241273054503836,0.020031955,0.2496337890625,0.003226041793823242,0.2,-0.02404101938009262,-41.31561803817749,0.0004092704424510632,-0.027910443139262497,1257.0,-2.1893617900000004
39,9,170496,2025,0.9193832278251648,5312,0.5550286117941141,0.016226185,0.0771484375,0.24177289009094238,0.2,0.12580333650112152,-41.261415123939514,0.0004092704424510632,-0.014773332921322435,1257.0,-2.1893617900000004
40,10,171008,2026,0.9163181781768799,5328,0.015037869772640988,0.020178374,0.210205078125,-12.070879936218262,0.2,-0.01895362325012684,-41.21298658847809,0.0004092704424510632,-0.018268022045958787,1257.0,-2.1910650200000004
41,10,171520,2025,0.9152278304100037,5344,0.6697702649980783,0.011021539,0.1060791015625,0.13421273231506348,0.2,0.12417347729206085,-41.12164068222046,0.0004092704424510632,-0.00905795294966083,1257.0,-2.1910650200000004
42,10,172032,2024,0.9164679646492004,5360,0.0032627384825900663,0.01658322,0.2528076171875,-1.9034364223480225,0.2,-0.02670237049460411,-41.131874203681946,0.0004092704424510632,-0.023086787055945024,1257.0,-2.1910650200000004
43,10,172544,2025,0.9155134558677673,5376,0.0027190763903490733,0.018243823,0.2320556640625,-0.24223685264587402,0.2,-0.03066844679415226,-41.15062689781189,0.0004092704424510632,-0.024645646481076255,1257.0,-2.1893761900000004
44,11,173056,2025,0.9153271913528442,5392,0.5437615299597383,0.0115332585,0.042236328125,0.35059213638305664,0.2,0.14783796668052673,-41.12548220157623,0.0004092704424510632,-0.008766335129621439,1257.0,-2.1893761900000004
45,11,173568,2026,0.9179907441139221,5408,0.006168844462081324,0.021913592,0.283203125,-6.560401439666748,0.2,-0.031193502247333527,-41.162954807281494,0.0004092704424510632,-0.02911935216980055,1257.0,-2.1869280100000004
46,11,174080,2026,0.9191709160804749,5424,0.5837843720801175,0.01362619,0.0596923828125,0.2844845652580261,0.2,0.09296423196792603,-41.24205529689789,0.0004092704424510632,-0.011600274236116093,1257.0,-2.1869280100000004
47,11,174592,2026,0.9198926091194153,5440,0.003284444763266947,0.018301263,0.2303466796875,-4.717098712921143,0.2,-0.0447426363825798,-41.26998734474182,0.0004092704424510632,-0.02149080453091301,1257.0,-2.1869280100000004
48,12,175104,2026,0.9200490713119507,5456,0.0022550121720996685,0.016022773,0.21728515625,-0.15502190589904785,0.2,-0.036771196871995926,-41.28069496154785,0.0004092704424510632,-0.022107510434580036,1257.0,-2.1864995400000002
49,12,175616,2026,0.9197367429733276,5472,0.5250123548321426,0.012686232,0.0838623046875,0.33799582719802856,0.2,0.06910364329814911,-41.27151024341583,0.0004092704424510632,-0.007712944570812397,1257.0,-2.1864995400000002
50,12,176128,2027,0.9203059673309326,5488,0.013204793416662142,0.03945358,0.2987060546875,-7.207453727722168,0.2,-0.0325469896197319,-41.272247433662415,0.0004092704424510632,-0.026100985356606543,1257.0,-2.1864132
51,12,176640,2026,0.9207144975662231,5504,0.6848965454846621,0.008113805,0.050048828125,0.17487359046936035,0.2,0.12544912099838257,-41.29898762702942,0.0004092704424510632,-0.00834405179193709,1257.0,-2.1864132
52,13,177152,2027,0.9215584993362427,5520,0.005281954319798388,0.018210076,0.266845703125,-1.0991237163543701,0.2,-0.02211747132241726,-41.31523883342743,0.0004092704424510632,-0.022774749682866968,1257.0,-2.1864132
53,13,177664,2028,0.9199930429458618,5536,0.0027798427472589538,0.014661961,0.252197265625,-0.24192261695861816,0.2,-0.03696661815047264,-41.31477963924408,0.0004092704424510632,-0.02571085764793679,1257.0,-2.18287381
54,13,178176,2028,0.9190518856048584,5552,0.46356998570263386,0.015629275,0.0611572265625,0.3733024001121521,0.2,0.062407393008470535,-41.26100158691406,0.0004092704424510632,-0.012769025648594834,1257.0,-2.18287381
55,13,178688,2028,0.9209160208702087,5568,0.01926236152939964,0.026702318,0.274658203125,-10.849811553955078,0.2,-0.030062319710850716,-41.26729083061218,0.0004092704424510632,-0.025877440843032673,1257.0,-2.1817033599999998
56,14,179200,2029,0.9219409823417664,5584,0.7360883285291493,0.016207911,0.0999755859375,0.11063611507415771,0.2,0.09851856529712677,-41.330779790878296,0.0004092704424510632,-0.01816267118556425,1257.0,-2.1817033599999998
57,14,179712,2029,0.922809362411499,5600,0.0037974105798639357,0.021615278,0.285400390625,-1.7938034534454346,0.2,-0.02231583558022976,-41.35512661933899,0.0004092704424510632,-0.02830428961897269,1257.0,-2.1817033599999998
58,14,180224,2029,0.9226365685462952,5616,0.014167545159580186,0.019607507,0.3070068359375,0.3010590672492981,0.2,-0.04113813489675522,-41.372257590293884,0.0004092704424510632,-0.030880815611453727,1257.0,-2.18018009
59,14,180736,2030,0.9218447804450989,5632,0.17530454293591902,0.023905735,0.181884765625,0.5562034845352173,0.2,-0.007757503539323807,-41.35308480262756,0.0004092704424510632,-0.018547717278124765,1257.0,-2.18018009
60,15,181248,2030,0.9237224459648132,5648,0.02438628755044192,0.027247777,0.2833251953125,-9.817975997924805,0.2,-0.030243225395679474,-41.35809409618378,0.0004092704424510632,-0.023019463929813355,1257.0,-2.17963271
61,15,181760,2030,0.9243666529655457,5664,0.6327106459066272,0.019972004,0.1058349609375,0.1645832657814026,0.2,0.11023947596549988,-41.415820837020874,0.0004092704424510632,-0.021167427927139215,1257.0,-2.17963271
62,15,182272,2030,0.9257630109786987,5680,0.006208668659382965,0.01837503,0.25048828125,-1.9602844715118408,0.2,-0.028407156467437744,-41.43329584598541,0.0004092704424510632,-0.02274182523251511,1257.0,-2.1762879099999997
63,15,182784,2030,0.926317036151886,5696,0.5290632788091898,0.022963021,0.1148681640625,0.4191740155220032,0.2,0.14537185430526733,-41.48060083389282,0.0004092704424510632,-0.013534073950722814,1257.0,-2.1762879099999997
64,16,183296,2030,0.9265866875648499,5712,0.005800328450277448,0.018142272,0.25439453125,-1.919215440750122,0.2,-0.031168339774012566,-41.484906911849976,0.0004092704424510632,-0.02131683981860988,1257.0,-2.1762879099999997
65,16,183808,2029,0.9267918467521667,5728,0.003957695713324938,0.012427835,0.20458984375,-0.05798494815826416,0.2,-0.03382612392306328,-41.49136745929718,0.0004092704424510632,-0.023567280935822055,1257.0,-2.17361069
66,16,184320,2029,0.9261276125907898,5744,0.5503030326217413,0.015283632,0.05126953125,0.38800597190856934,0.2,0.1504705846309662,-41.487752079963684,0.0004092704424510632,-0.007762308930978179,1257.0,-2.17361069
67,16,184832,2029,0.9261496067047119,5760,0.017638055025599897,0.024756618,0.283447265625,-0.9475655555725098,0.2,-0.04251076653599739,-41.46757888793945,0.0004092704424510632,-0.03199592011515051,1257.0,-2.17059858
68,17,185344,2029,0.9261720776557922,5776,0.6243754345923662,0.013983503,0.0992431640625,0.32564103603363037,0.2,0.1329910159111023,-41.470879554748535,0.0004092704424510632,-0.016079217079095542,1257.0,-2.17059858
69,17,185856,2029,0.9256078600883484,5792,0.006427613741834648,0.021597486,0.265869140625,-5.150589466094971,0.2,-0.044720642268657684,-41.462544322013855,0.0004092704424510632,-0.02618205067119561,1257.0,-2.17059858
70,17,186368,2029,0.9266560673713684,5808,0.0033387816074537113,0.016320953,0.2589111328125,-0.014501094818115234,0.2,-0.03529065474867821,-41.4547735452652,0.0004092704424510632,-0.02851433533942327,1257.0,-2.17176558
71,17,186880,2029,0.9270797967910767,5824,0.5696120196953416,0.015513949,0.0562744140625,0.3316645622253418,0.2,0.10727658867835999,-41.485097885131836,0.0004092704424510632,-0.014631421814556234,1257.0,-2.17176558
72,18,187392,2028,0.9259585738182068,5840,0.00437993326340802,0.012695952,0.188232421875,-2.283740520477295,0.2,-0.031143367290496826,-41.47469210624695,0.0004092704424510632,-0.022144308502902277,1257.0,-2.17011766
73,18,187904,2028,0.9258116483688354,5856,0.5870812935754657,0.015263585,0.1036376953125,0.22480446100234985,0.2,0.08987753838300705,-41.445475459098816,0.0004092704424510632,-0.015344085448305123,1257.0,-2.17011766
74,18,188416,2028,0.926639199256897,5872,0.004509404920099769,0.02875321,0.318603515625,-2.209033250808716,0.2,-0.05583086982369423,-41.458659172058105,0.0004092704424510632,-0.030779689725022763,1257.0,-2.17011766
75,18,188928,2028,0.9280383586883545,5888,0.0023674458388995845,0.014837537,0.19189453125,-0.37445151805877686,0.2,-0.017204150557518005,-41.48844587802887,0.0004092704424510632,-0.017679811739071738,1257.0,-2.1667714300000003
76,19,189440,2028,0.9285544157028198,5904,0.5273680603131652,0.012450669,0.04931640625,0.33594053983688354,0.2,0.07579807192087173,-41.528177976608276,0.0004092704424510632,-0.012046655814629048,1257.0,-2.1667714300000003
77,19,189952,2028,0.9255839586257935,5920,0.005566572232055478,0.019573895,0.221435546875,-2.5846595764160156,0.2,-0.04038732126355171,-41.489614367485046,0.0004092704424510632,-0.022047688049497083,1257.0,-2.1645664100000004
78,19,190464,2028,0.9243488907814026,5936,0.6173428865149617,0.015981289,0.0994873046875,0.3350815773010254,0.2,0.12301060557365417,-41.410111784935,0.0004092704424510632,-0.014099260071816389,1257.0,-2.1645664100000004
79,19,190976,2028,0.9231301546096802,5952,0.005182827189855743,0.020812567,0.2767333984375,-0.26556146144866943,0.2,-0.0366959422826767,-41.379682183265686,0.0004092704424510632,-0.026524369197431952,1257.0,-2.1645664100000004
80,20,191488,2027,0.9212607741355896,5968,0.003382066533959005,0.016353233,0.2291259765625,-0.3969923257827759,0.2,-0.0339067317545414,-41.32066226005554,0.0004092704424510632,-0.026585843777866103,1257.0,-2.1638249000000003
81,20,192000,2027,0.9212538599967957,5984,0.4590850053355098,0.015071983,0.082763671875,0.3827199339866638,0.2,0.0840163305401802,-41.280959248542786,0.0004092704424510632,-0.01459033069841098,1257.0,-2.1638249000000003
82,20,192512,2027,0.9219755530357361,6000,0.027121148275909945,0.015221275,0.20849609375,-10.074270248413086,0.2,-0.027330812066793442,-41.29600763320923,0.0004092704424510632,-0.02499002019612817,1257.0,-2.1642012300000006
83,20,193024,2027,0.9226714372634888,6016,0.6315680020488799,0.012036864,0.08154296875,0.12683063745498657,0.2,0.12548750638961792,-41.311081886291504,0.0004092704424510632,-0.013855432072887197,1257.0,-2.1642012300000006
84,21,193536,2027,0.9211848974227905,6032,0.004554490224109031,0.018999118,0.2645263671875,-1.105501651763916,0.2,-0.040550872683525085,-41.30400609970093,0.0004092704424510632,-0.025828081867075525,1257.0,-2.1642012300000006
85,21,194048,2026,0.9193294644355774,6048,0.010405459877802059,0.022716945,0.2955322265625,0.20107096433639526,0.2,-0.03487248718738556,-41.23890733718872,0.0004092704424510632,-0.03064981321222149,1257.0,-2.1627353900000004
86,21,194560,2027,0.9181152582168579,6064,0.18329061660915613,0.022159271,0.1309814453125,0.5116171836853027,0.2,-0.011953748762607574,-41.18774139881134,0.0004092704424510632,-0.01563013943086844,1257.0,-2.1627353900000004
87,21,195072,2027,0.917314887046814,6080,0.01287195846089162,0.02403798,0.2593994140625,-13.257283210754395,0.2,-0.03417617082595825,-41.14665114879608,0.0004092704424510632,-0.023291829944355413,1257.0,-2.16266184
88,22,195584,2027,0.9176023602485657,6096,0.6878510895185173,0.0152335325,0.10986328125,0.1413385272026062,0.2,0.10335616767406464,-41.1420441865921,0.0004092704424510632,-0.019032287920708768,1257.0,-2.16266184
89,22,196096,2027,0.9160304069519043,6112,0.004260521680407692,0.019502971,0.265625,-1.6886351108551025,0.2,-0.044271014630794525,-41.13072216510773,0.0004092704424510632,-0.024392192564846482,1257.0,-2.1590687500000003
90,22,196608,2028,0.9154994487762451,6128,0.5931394454091787,0.013484312,0.080078125,0.46245741844177246,0.2,0.17679336667060852,-41.08361458778381,0.0004092704424510632,-0.01169465560815297,1257.0,-2.1590687500000003
91,22,197120,2028,0.9162493944168091,6144,0.0032499689441465307,0.020187378,0.2445068359375,-4.8778791427612305,0.2,-0.03097539022564888,-41.09047567844391,0.0004092704424510632,-0.02352134243119508,1257.0,-2.1590687500000003
92,23,197632,2028,0.9192600250244141,6160,0.003919203722034581,0.02013532,0.2744140625,-0.005383491516113281,0.2,-0.038555070757865906,-41.14272463321686,0.0004092704424510632,-0.0310981206712313,1257.0,-2.1546119
93,23,198144,2028,0.9201205968856812,6176,0.6624413398094475,0.016525932,0.095947265625,0.35508430004119873,0.2,0.10957782715559006,-41.21483826637268,0.0004092704424510632,-0.016570020728977397,1257.0,-2.1546119
94,23,198656,2028,0.9185057282447815,6192,0.01738306289189495,0.015839132,0.2191162109375,-0.5122382640838623,0.2,-0.024608787149190903,-41.199005007743835,0.0004092704424510632,-0.02193258499028161,1257.0,-2.15542986
95,23,199168,2027,0.918103814125061,6208,0.5810038344934583,0.011752952,0.0487060546875,0.4712974429130554,0.2,0.16095057129859924,-41.1549254655838,0.0004092704424510632,-0.011134267275338061,1257.0,-2.15542986
96,24,199680,2026,0.9200066328048706,6224,0.002289408617798472,0.024577525,0.295654296875,-4.35459566116333,0.2,-0.027025802060961723,-41.18053150177002,0.0004092704424510632,-0.028204173882841133,1257.0,-2.15542986
97,24,200192,2026,0.919506311416626,6240,0.003971784892200958,0.01744487,0.2523193359375,0.00816267728805542,0.2,-0.03452827408909798,-41.21954035758972,0.0004092704424510632,-0.028689347484032623,1257.0,-2.15668972
98,24,200704,2025,0.9189144968986511,6256,0.532785392832011,0.019041767,0.1241455078125,0.34465163946151733,0.2,0.1255999654531479,-41.19221651554108,0.0004092704424510632,-0.017306091751379427,1257.0,-2.15668972
99,25,201216,2025,0.9193618297576904,6272,0.009719720022985712,0.016321862,0.2303466796875,-10.935047149658203,0.2,-0.03366939723491669,-41.1837477684021,0.0004092704424510632,-0.02469468687195331,1257.0,-2.15213899
100,25,201728,2025,0.9191806316375732,6288,0.7150972010567784,0.01386426,0.08984375,0.17036527395248413,0.2,0.09476061165332794,-41.1882438659668,0.0004092704424510632,-0.010936941718682647,1257.0,-2.15213899
101,25,202240,2025,0.9178281426429749,6304,0.0024229701193689834,0.018094096,0.263427734375,-0.8956937789916992,0.2,-0.030128583312034607,-41.15437042713165,0.0004092704424510632,-0.027724090352421626,1257.0,-2.15213899
102,25,202752,2025,0.9202637076377869,6320,0.002645373489940539,0.017229464,0.27294921875,-0.20682692527770996,0.2,-0.03537900745868683,-41.16009449958801,0.0004092704424510632,-0.0274003849044675,1257.0,-2.14984962
103,26,203264,2025,0.92106693983078,6336,0.5499866497702897,0.012151876,0.0682373046875,0.37849652767181396,0.2,0.11620138585567474,-41.22246766090393,0.0004092704424510632,-0.013747107906965539,1257.0,-2.14984962
104,26,203776,2026,0.9214503169059753,6352,0.007910479573183693,0.01732804,0.2640380859375,-6.912308692932129,0.2,-0.03284312039613724,-41.23445475101471,0.0004092704424510632,-0.022156699356855825,1257.0,-2.1492628
105,26,204288,2026,0.9215487837791443,6368,0.6797122545540333,0.012426671,0.0941162109375,0.2272520661354065,0.2,0.12007652223110199,-41.248555302619934,0.0004092704424510632,-0.01134362410812173,1257.0,-2.1492628
106,26,204800,2026,0.919677734375,6384,0.00964252179255709,0.017228417,0.2117919921875,0.06525862216949463,0.2,-0.022809306159615517,-41.21946907043457,0.0004092704424510632,-0.01771362661384046,1257.0,-2.1492628
107,27,205312,2025,0.9173420071601868,6400,0.003481031679257285,0.019004088,0.30029296875,-2.619245767593384,0.2,-0.02800595387816429,-41.140976428985596,0.0004092704424510632,-0.025957298086723313,1257.0,-2.1458365399999995
108,27,205824,2025,0.9167357087135315,6416,0.4329036553390324,0.01978993,0.101806640625,0.3098950982093811,0.2,0.03279195725917816,-41.08307135105133,0.0004092704424510632,-0.018323705095099285,1257.0,-2.1458365399999995
109,27,206336,2025,0.9153579473495483,6432,0.016932289086980745,0.023837626,0.2640380859375,-2.272803783416748,0.2,-0.024196607992053032,-41.05490565299988,0.0004092704424510632,-0.022877005150803598,1257.0,-2.14443082
110,27,206848,2025,0.9149853587150574,6448,0.6669618543237448,0.019538641,0.1309814453125,0.17210233211517334,0.2,0.07212935388088226,-41.01757276058197,0.0004092704424510632,-0.017915191419888288,1257.0,-2.14443082
111,28,207360,2025,0.9153447151184082,6464,0.0042857545013248455,0.015500401,0.256103515625,-3.968639373779297,0.2,-0.023039449006319046,-41.01219654083252,0.0004092704424510632,-0.026142297982005402,1257.0,-2.14443082
112,28,207872,2025,0.9154201745986938,6480,0.012695848126895726,0.018557217,0.2733154296875,0.20724523067474365,0.2,-0.02946707047522068,-41.0141566991806,0.0004092704424510632,-0.02501863965881057,1257.0,-2.14348504
113,28,208384,2025,0.9150275588035583,6496,0.19994401198346168,0.02169441,0.125244140625,0.5277111530303955,0.2,0.0007579252123832703,-41.008991837501526,0.0004092704424510632,-0.020445459900656715,1257.0,-2.14348504
114,28,208896,2025,0.915229320526123,6512,0.013666122744325548,0.028271634,0.2987060546875,-14.239032745361328,0.2,-0.022224411368370056,-41.003984689712524,0.0004092704424510632,-0.020520754071185365,1257.0,-2.14266449
115,29,209408,2025,0.9154418110847473,6528,0.6755487849004567,0.013718405,0.1201171875,0.1114039421081543,0.2,0.14853793382644653,-41.01125657558441,0.0004092704424510632,-0.017418884599464945,1257.0,-2.14266449
116,29,209920,2025,0.914566695690155,6544,0.003664412048237864,0.013881519,0.173095703125,-0.9587699174880981,0.2,-0.029396962374448776,-41.004756808280945,0.0004092704424510632,-0.018268221843754873,1257.0,-2.14053144
117,29,210432,2025,0.9143491387367249,6560,0.6462905937805772,0.013554544,0.15673828125,0.46326714754104614,0.2,0.1849183738231659,-40.98365044593811,0.0004092704424510632,-0.024436018327833153,1257.0,-2.14053144
118,29,210944,2025,0.912467360496521,6576,0.007218083621410187,0.022789314,0.2620849609375,-3.239278793334961,0.2,-0.04440564662218094,-40.96181297302246,0.0004092704424510632,-0.02659771213075146,1257.0,-2.14053144
119,30,211456,2024,0.9093049168586731,6592,0.004084891043021344,0.016461935,0.2894287109375,-0.009612202644348145,0.2,-0.030841169878840446,-40.86652410030365,0.0004092704424510632,-0.028500281972810626,1257.0,-2.1380419200000005
120,30,211968,2024,0.9085309505462646,6608,0.6358919125050306,0.0071313665,0.0364990234375,0.33641988039016724,0.2,0.1104123443365097,-40.780492663383484,0.0004092704424510632,-0.008887643489288166,1257.0,-2.1380419200000005
121,30,212480,2024,0.9088423848152161,6624,0.011840864041005261,0.030811133,0.326904296875,-3.163404941558838,0.2,-0.03720013424754143,-40.78104269504547,0.0004092704424510632,-0.0298945524264127,1257.0,-2.1363664300000003
122,30,212992,2024,0.9088674783706665,6640,0.5588234937749803,0.0125886835,0.0794677734375,0.2890620827674866,0.2,0.1211627870798111,-40.78170144557953,0.0004092704424510632,-0.0054957374959485605,1257.0,-2.1363664300000003
123,31,213504,2023,0.9077761769294739,6656,0.0031349410746770445,0.019958094,0.267333984375,-5.097475051879883,0.2,-0.029228385537862778,-40.76934516429901,0.0004092704424510632,-0.023735606693662703,1257.0,-2.1363664300000003
124,31,214016,2022,0.9083537459373474,6672,0.0038063773536123335,0.0139266495,0.210205078125,-0.03259611129760742,0.2,-0.03830371052026749,-40.75973403453827,0.0004092704424510632,-0.022886976570589468,1257.0,-2.1357184100000004
125,31,214528,2022,0.9084082841873169,6688,0.5953045631758869,0.012210592,0.0638427734375,0.40767359733581543,0.2,0.10886622220277786,-40.78154015541077,0.0004092704424510632,-0.012826605146983638,1257.0,-2.1357184100000004
126,31,215040,2022,0.9080803394317627,6704,0.013999842398334295,0.021619868,0.2669677734375,-10.337255477905273,0.2,-0.033511437475681305,-40.77398669719696,0.0004092704424510632,-0.024494018449331634,1257.0,-2.13572694
127,32,215552,2022,0.9081565141677856,6720,0.6447845473885536,0.012015815,0.0574951171875,0.18173545598983765,0.2,0.06508640944957733,-40.76107931137085,0.0004092704424510632,-0.014189140478265472,1257.0,-2.13572694
128,32,216064,2023,0.9073963761329651,6736,0.0035240213328506798,0.01826983,0.2479248046875,-1.2625222206115723,0.2,-0.035040345042943954,-40.75619900226593,0.0004092704424510632,-0.023217665147967637,1257.0,-2.13572694
129,32,216576,2023,0.906551718711853,6752,0.0026065117672260385,0.018745268,0.252685546875,-0.8261473178863525,0.2,-0.0314166322350502,-40.716272950172424,0.0004092704424510632,-0.02714213082799688,1257.0,-2.13083311
130,32,217088,2023,0.9061763882637024,6768,0.4956083451397717,0.015627537,0.0738525390625,0.37144362926483154,0.2,0.11854464560747147,-40.69040894508362,0.0004092704424510632,-0.010541384130192455,1257.0,-2.13083311
131,33,217600,2022,0.9063757061958313,6784,0.02376322468626313,0.03762063,0.3255615234375,-12.132833480834961,0.2,-0.03713645413517952,-40.682356119155884,0.0004092704424510632,-0.028837100384407677,1257.0,-2.13105162
132,33,218112,2023,0.9066137075424194,6800,0.6003892961889505,0.01440846,0.1195068359375,0.1526896357536316,0.2,0.09305477142333984,-40.69688320159912,0.0004092704424510632,-0.014284147313446738,1257.0,-2.13105162
133,33,218624,2023,0.9069539904594421,6816,0.005717013053072151,0.024174422,0.322265625,-0.6357982158660889,0.2,-0.036036085337400436,-40.70529079437256,0.0004092704424510632,-0.02970992703922093,1257.0,-2.13105162
134,33,219136,2023,0.9064206480979919,6832,0.0022699962464685086,0.02180992,0.33544921875,-0.5647547245025635,0.2,-0.046330466866493225,-40.70320951938629,0.0004092704424510632,-0.032182143710087985,1257.0,-2.1294838400000002
135,34,219648,2023,0.906097948551178,6848,0.42604583920910954,0.016270053,0.139892578125,0.3850055932998657,0.2,0.0674736276268959,-40.69114065170288,0.0004092704424510632,-0.016301717871101573,1257.0,-2.1294838400000002
136,34,220160,2023,0.9070812463760376,6864,0.01727888683672063,0.032320146,0.3138427734375,-9.8106107711792,0.2,-0.03814835101366043,-40.698006987571716,0.0004092704424510632,-0.023691905840678373,1257.0,-2.1293815000000005
137,34,220672,2023,0.9073060750961304,6880,0.5999878994189203,0.011924917,0.07080078125,0.13274431228637695,0.2,0.12215511500835419,-40.72136700153351,0.0004092704424510632,-0.013367520790779963,1257.0,-2.1293815000000005
138,34,221184,2023,0.9072489142417908,6896,0.0033896802669914905,0.015550941,0.2152099609375,-1.500333547592163,0.2,-0.03271843120455742,-40.71774661540985,0.0004092704424510632,-0.02598769703763537,1257.0,-2.1293815000000005
139,35,221696,2023,0.9061978459358215,6912,0.003184810615493916,0.018830014,0.2254638671875,0.2037731409072876,0.2,-0.04356824979186058,-40.71311914920807,0.0004092704424510632,-0.024196554149966687,1257.0,-2.12810046
140,35,222208,2023,0.9062936902046204,6928,0.20333914773073047,0.014461551,0.1190185546875,0.5109136700630188,0.2,0.011099793016910553,-40.693817138671875,0.0004092704424510632,-0.012679708685027435,1257.0,-2.12810046
141,35,222720,2023,0.9060202836990356,6944,0.01606007905502338,0.023504933,0.271484375,-11.7166166305542,0.2,-0.03863922506570816,-40.69411337375641,0.0004092704424510632,-0.024538981058867648,1257.0,-2.12919427
142,35,223232,2024,0.9056763052940369,6960,0.664869244210422,0.010758298,0.0838623046875,0.14126187562942505,0.2,0.10770735889673233,-40.679399490356445,0.0004092704424510632,-0.012696025136392564,1257.0,-2.12919427
143,36,223744,2024,0.9048314094543457,6976,0.0037765689776279032,0.030559104,0.3294677734375,-0.7559367418289185,0.2,-0.046575725078582764,-40.65854811668396,0.0004092704424510632,-0.03266411941149272,1257.0,-2.12919427
144,36,224256,2024,0.9054417610168457,6992,0.2597707291133702,0.025371812,0.3187255859375,0.08756887912750244,0.2,0.036542948335409164,-40.64305400848389,0.0004092704424510632,-0.02801179040397983,1257.0,-2.1261932999999997
145,36,224768,2024,0.9070355892181396,7008,0.057120612473227084,0.03011919,0.3046875,0.5675910711288452,0.2,0.008066138252615929,-40.686988949775696,0.0004092704424510632,-0.018755000201053917,1257.0,-2.1261932999999997
146,36,225280,2024,0.908989429473877,7024,0.006639778075623326,0.020008424,0.2684326171875,-8.360913276672363,0.2,-0.026886695995926857,-40.74519193172455,0.0004092704424510632,-0.02420182604691945,1257.0,-2.12654834
147,37,225792,2024,0.9095807075500488,7040,0.6750718257389963,0.012890656,0.0736083984375,0.18029868602752686,0.2,0.10081430524587631,-40.79144239425659,0.0004092704424510632,-0.007045602491416503,1257.0,-2.12654834
1,0,226304,4060,0.911871612071991,7056,0.004978159915481228,0.028986804,0.2698974609375,-2.3437366485595703,0.2,-0.030869299545884132,-40.8255969285965,0.0004092704424510632,-0.023904756890260614,1257.0,-2.1266258000000002
2,0,226816,2720,0.9127336740493774,7072,0.5454858019948006,0.01475971,0.114013671875,0.3899315595626831,0.2,0.20215967297554016,-40.89100968837738,0.0004092704424510632,-0.012763279693899676,1257.0,-2.1266258000000002
3,0,227328,2445,0.9123419523239136,7088,0.0034781134272634517,0.027769838,0.2877197265625,-11.9496488571167,0.2,-0.03824703022837639,-40.889824748039246,0.0004092704424510632,-0.02788367011817172,1257.0,-2.1266258000000002
4,0,227840,2333,0.9109766483306885,7104,0.004290715558454394,0.016015342,0.2210693359375,0.008131563663482666,0.2,-0.03135211393237114,-40.86452281475067,0.0004092704424510632,-0.023693718874710612,1257.0,-2.1307416399999997
5,1,228352,2269,0.9104351997375488,7120,0.5993040925823152,0.014889395,0.0633544921875,0.39814120531082153,0.2,0.09775251150131226,-40.83064532279968,0.0004092704424510632,-0.011376403330359608,1257.0,-2.1307416399999997
6,1,228864,2219,0.9111716151237488,7136,0.010251696832710877,0.019944403,0.251220703125,-7.448185920715332,0.2,-0.03698638454079628,-40.828341007232666,0.0004092704424510632,-0.025091221898037475,1257.0,-2.12914073
7,1,229376,2180,0.911389172077179,7152,0.5886511574499309,0.01434402,0.121826171875,0.24410951137542725,0.2,0.09418801963329315,-40.843159675598145,0.0004092704424510632,-0.015298303522286005,1257.0,-2.12914073
8,1,229888,2163,0.9108009338378906,7168,0.0041307809988211375,0.020201959,0.26904296875,-1.1603899002075195,0.2,-0.042421337217092514,-40.833139061927795,0.0004092704424510632,-0.030766081559704617,1257.0,-2.12914073
9,2,230400,2145,0.9096329808235168,7184,0.003025608748430386,0.020796876,0.2406005859375,-0.4155566692352295,0.2,-0.02283809706568718,-40.80658972263336,0.0004092704424510632,-0.024895846188883297,1257.0,-2.13181487
10,2,230912,2129,0.90901780128479,7200,0.5324536571279168,0.013606946,0.076171875,0.3889807462692261,0.2,0.0723472386598587,-40.76626491546631,0.0004092704424510632,-0.012052016070811078,1257.0,-2.13181487
11,2,231424,2117,0.9101442694664001,7216,0.016579545801505446,0.02337699,0.27001953125,-10.085796356201172,0.2,-0.02083953097462654,-40.76983845233917,0.0004092704424510632,-0.021328694885596633,1257.0,-2.1306973100000004
12,2,231936,2112,0.9102799892425537,7232,0.6263670553453267,0.016075179,0.118896484375,0.13838297128677368,0.2,0.09636633098125458,-40.79195058345795,0.0004092704424510632,-0.01683774906268809,1257.0,-2.1306973100000004
13,3,232448,2102,0.9098103642463684,7248,0.0031477556258323602,0.018266845,0.277099609375,-0.30019211769104004,0.2,-0.03335952013731003,-40.78433549404144,0.0004092704424510632,-0.02687542454805225,1257.0,-2.1306973100000004
14,3,232960,2092,0.9110231995582581,7264,0.0023353122633125167,0.016554557,0.2740478515625,-0.5421054363250732,0.2,-0.044958461076021194,-40.792276263237,0.0004092704424510632,-0.028102172043872997,1257.0,-2.1285356199999996
15,3,233472,2084,0.9111152291297913,7280,0.5088380058296025,0.013439741,0.099365234375,0.3943539261817932,0.2,0.07467492669820786,-40.82826483249664,0.0004092704424510632,-0.012463917912100442,1257.0,-2.1285356199999996
16,3,233984,2081,0.9118194580078125,7296,0.009258722930098884,0.03198314,0.3094482421875,-8.559337615966797,0.2,-0.03354138508439064,-40.82229435443878,0.0004092704424510632,-0.025801778683671728,1257.0,-2.12821711
17,4,234496,2078,0.912206768989563,7312,0.6328670363873243,0.014008172,0.181884765625,0.21554923057556152,0.2,0.11521775275468826,-40.84391367435455,0.0004092704424510632,-0.015015439930721186,1257.0,-2.12821711
18,4,235008,2075,0.9132426977157593,7328,0.005836814834765391,0.027576631,0.3167724609375,-4.485381126403809,0.2,-0.04284055903553963,-40.862191796302795,0.0004092704424510632,-0.02866360530606471,1257.0,-2.12821711
19,4,235520,2073,0.9134107828140259,7344,0.002324072556803003,0.018262383,0.2791748046875,0.08647853136062622,0.2,-0.04188423231244087,-40.879363894462585,0.0004092704424510632,-0.030378045950783417,1257.0,-2.1270492599999997
20,4,236032,2073,0.9134544134140015,7360,0.28409879095852375,0.025597844,0.146728515625,0.393576979637146,0.2,-3.5066157579422e-05,-40.87472176551819,0.0004092704424510632,-0.018868062063120306,1257.0,-2.1270492599999997
21,5,236544,2071,0.9128099083900452,7376,0.013431026323814876,0.027128348,0.268798828125,-12.62516975402832,0.2,-0.036553047597408295,-40.85836696624756,0.0004092704424510632,-0.024643573342473246,1257.0,-2.1247882099999997
22,5,237056,2071,0.9123739004135132,7392,0.679177597630769,0.012378506,0.126953125,0.1487675905227661,0.2,0.13743062317371368,-40.83139657974243,0.0004092704424510632,-0.016216863223235123,1257.0,-2.1247882099999997
23,5,237568,2071,0.9141812324523926,7408,0.003228748530091252,0.018246178,0.288330078125,-0.951522946357727,0.2,-0.03882933408021927,-40.842949986457825,0.0004092704424510632,-0.029290058388141915,1257.0,-2.1247882099999997
24,5,238080,2068,0.9158487915992737,7424,0.3026983910240233,0.02219078,0.161376953125,0.5128823518753052,0.2,0.06826399266719818,-40.90563702583313,0.0004092704424510632,-0.018630323869729182,1257.0,-2.12381604
25,6,238592,2067,0.9162877798080444,7440,0.04415932123083621,0.04102,0.33740234375,0.8454740047454834,0.2,-0.018199514597654343,-40.94131934642792,0.0004092704424510632,-0.02127213760104496,1257.0,-2.12381604
26,6,239104,2065,0.915261447429657,7456,0.005519458194612525,0.019337475,0.2615966796875,-6.04320764541626,0.2,-0.034089598804712296,-40.930508732795715,0.0004092704424510632,-0.025022793852258474,1257.0,-2.1211381699999996
27,6,239616,2064,0.915277898311615,7472,0.6373495175503194,0.010241065,0.1209716796875,0.2565678358078003,0.2,0.11297532171010971,-40.8956139087677,0.0004092704424510632,-0.01401545292173978,1257.0,-2.1211381699999996
28,6,240128,2062,0.9152838587760925,7488,0.006571509729837999,0.022887625,0.24951171875,-3.6104178428649902,0.2,-0.021605167537927628,-40.90085303783417,0.0004092704424510632,-0.023899667197838426,1257.0,-2.12038324
29,7,240640,2061,0.9155215620994568,7504,0.7295003375038505,0.008946589,0.0816650390625,0.373495876789093,0.2,0.13036102056503296,-40.903321623802185,0.0004092704424510632,-0.00855260546086356,1257.0,-2.12038324
30,7,241152,2059,0.9138163328170776,7520,0.004782665739185177,0.0192285,0.2479248046875,-3.596975803375244,0.2,-0.044060323387384415,-40.88822340965271,0.0004092704424510632,-0.025369812836288475,1257.0,-2.12038324
31,7,241664,2056,0.9134061336517334,7536,0.004420245924848132,0.016343147,0.247802734375,-0.004080772399902344,0.2,-0.033756598830223083,-40.84403347969055,0.0004092704424510632,-0.027505670324899256,1257.0,-2.1205197
32,7,242176,2055,0.913313090801239,7552,0.561501994729042,0.0149700185,0.149169921875,0.41062647104263306,0.2,0.108139269053936,-40.83875489234924,0.0004092704424510632,-0.018720994630712084,1257.0,-2.1205197
33,8,242688,2055,0.9123328328132629,7568,0.010880670859478414,0.022848539,0.2978515625,-2.1107046604156494,0.2,-0.03447894752025604,-40.81917214393616,0.0004092704424510632,-0.02833849095623009,1257.0,-2.1217114799999996
34,8,243200,2054,0.9118984341621399,7584,0.7128642220050097,0.012823184,0.0889892578125,0.35205721855163574,0.2,0.15057998895645142,-40.792949080467224,0.0004092704424510632,-0.00996448915975634,1257.0,-2.1217114799999996
35,8,243712,2053,0.9131922721862793,7600,0.002267869764182251,0.022588678,0.2935791015625,-1.087700366973877,0.2,-0.034689947962760925,-40.80200242996216,0.0004092704424510632,-0.028796292695915326,1257.0,-2.1217114799999996
36,8,244224,2052,0.9140382409095764,7616,0.0023513272826676257,0.013176453,0.236083984375,-0.01387631893157959,0.2,-0.025640247389674187,-40.845181703567505,0.0004092704424510632,-0.023670633701840416,1257.0,-2.12024409
37,9,244736,2051,0.9144232869148254,7632,0.6589858434163034,0.013719133,0.072998046875,0.2328893542289734,0.2,0.0827803760766983,-40.8685097694397,0.0004092704424510632,-0.01299531881522853,1257.0,-2.12024409
38,9,245248,2050,0.9133625030517578,7648,0.007264784013386816,0.027136356,0.2601318359375,-6.209858417510986,0.2,-0.023034170269966125,-40.86599946022034,0.0004092704424510632,-0.02198059308284428,1257.0,-2.1210939200000003
39,9,245760,2049,0.9129598140716553,7664,0.5871841683983803,0.014888264,0.1138916015625,0.288779616355896,0.2,0.08326548337936401,-40.82889521121979,0.0004092704424510632,-0.015643201768398285,1257.0,-2.1210939200000003
40,9,246272,2048,0.9122776985168457,7680,0.0027241709758527577,0.021112194,0.260986328125,-1.870429277420044,0.2,-0.038092534989118576,-40.81679403781891,0.0004092704424510632,-0.027571145357796922,1257.0,-2.1210939200000003
41,10,246784,2047,0.912691593170166,7696,0.002001037781155901,0.015928807,0.244384765625,-0.07561147212982178,0.2,-0.04687255993485451,-40.80345547199249,0.0004092704424510632,-0.02560874435584992,1257.0,-2.12285773
42,10,247296,2047,0.9132540225982666,7712,0.4953148695640266,0.013707719,0.0902099609375,0.325458288192749,0.2,0.07555156946182251,-40.82477807998657,0.0004092704424510632,-0.017485889024101198,1257.0,-2.12285773
43,10,247808,2047,0.9141492247581482,7728,0.010617998312227428,0.026005646,0.2635498046875,-10.800060272216797,0.2,-0.032278191298246384,-40.842808842659,0.0004092704424510632,-0.023457377828890458,1257.0,-2.12483656
44,11,248320,2045,0.914534866809845,7744,0.6967523731291294,0.012315687,0.1058349609375,0.136094331741333,0.2,0.09528744220733643,-40.85575711727142,0.0004092704424510632,-0.012621237336134072,1257.0,-2.12483656
45,11,248832,2045,0.9121915698051453,7760,0.004888496572675649,0.018911764,0.23681640625,-1.8500745296478271,0.2,-0.031834676861763,-40.82847332954407,0.0004092704424510632,-0.02357558078074362,1257.0,-2.12483656
46,11,249344,2045,0.9125387072563171,7776,0.002467288195475703,0.020077605,0.296142578125,-0.03844106197357178,0.2,-0.045666009187698364,-40.766839265823364,0.0004092704424510632,-0.030725741351488978,1257.0,-2.12490751
47,11,249856,2045,0.9129340052604675,7792,0.36478729872033,0.018809937,0.1162109375,0.40888434648513794,0.2,0.024550311267375946,-40.7870317697525,0.0004092704424510632,-0.015491334779653698,1257.0,-2.12490751
48,12,250368,2044,0.9129058122634888,7808,0.013038750606938265,0.0192517,0.2247314453125,-12.396029472351074,0.2,-0.019207775592803955,-40.792012453079224,0.0004092704424510632,-0.020836316172790248,1257.0,-2.1261446099999994
49,12,250880,2044,0.9133188128471375,7824,0.7693256596103311,0.009816289,0.051513671875,0.14391911029815674,0.2,0.09501339495182037,-40.79849100112915,0.0004092704424510632,-0.008902803238015622,1257.0,-2.1261446099999994
50,12,251392,2044,0.9146558046340942,7840,0.00370015662338119,0.025622625,0.2996826171875,-0.9652163982391357,0.2,-0.035653144121170044,-40.82062828540802,0.0004092704424510632,-0.02546672653988935,1257.0,-2.1261446099999994
51,12,251904,2044,0.9143369197845459,7856,0.029859603033401072,0.04627585,0.3236083984375,-1.808704137802124,0.2,-0.017155537381768227,-40.83945298194885,0.0004092704424510632,-0.02065439007128589,1257.0,-2.1239067199999995
52,13,252416,2044,0.913650393486023,7872,0.36370401876047254,0.064634,0.399658203125,0.009148478507995605,0.2,-0.008792441338300705,-40.814159631729126,0.0004092704424510632,-0.021202963689574972,1257.0,-2.1239067199999995
53,13,252928,2043,0.9142690300941467,7888,0.013496949944965309,0.016007364,0.2723388671875,-5.424094200134277,0.2,-0.03382207453250885,-40.811840415000916,0.0004092704424510632,-0.029308897530427203,1257.0,-2.1235694599999997
54,13,253440,2043,0.9146338701248169,7904,0.7234737332910299,0.019452535,0.1063232421875,0.22520875930786133,0.2,0.13034971058368683,-40.82594096660614,0.0004092704424510632,-0.015948382148053497,1257.0,-2.1235694599999997
55,13,253952,2043,0.9156147241592407,7920,0.005334762048732955,0.015874011,0.226806640625,-1.4023876190185547,0.2,-0.026864005252718925,-40.842162132263184,0.0004092704424510632,-0.022029930027201772,1257.0,-2.1230306299999997
56,14,254464,2043,0.9157873392105103,7936,0.6028695870190859,0.013304462,0.0960693359375,0.4545328617095947,0.2,0.16863641142845154,-40.87210428714752,0.0004092704424510632,-0.011531656520674005,1257.0,-2.1230306299999997
57,14,254976,2042,0.9158787131309509,7952,0.002601573727588402,0.020497758,0.29541015625,-3.644409656524658,0.2,-0.03426118940114975,-40.87096643447876,0.0004092704424510632,-0.0283547983126482,1257.0,-2.1230306299999997
58,14,255488,2042,0.9156280159950256,7968,0.00313860804453725,0.020533243,0.250732421875,-0.027890801429748535,0.2,-0.03648136556148529,-40.86818504333496,0.0004092704424510632,-0.024175302824005485,1257.0,-2.1228719299999996
59,14,256000,2041,0.9151559472084045,7984,0.546601845882833,0.01701573,0.07373046875,0.43793898820877075,0.2,0.1555914729833603,-40.85726034641266,0.0004092704424510632,-0.010742702157585882,1257.0,-2.1228719299999996
60,15,256512,2041,0.915307343006134,8000,0.008378393002203666,0.019778423,0.2762451171875,-2.3988397121429443,0.2,-0.037075795233249664,-40.8531711101532,0.0004092704424510632,-0.025672957388451323,1257.0,-2.124449
61,15,257024,2041,0.9152958393096924,8016,0.7814341299235821,0.010304183,0.0506591796875,0.3580681085586548,0.2,0.1580633968114853,-40.85324203968048,0.0004092704424510632,-0.00858519077883102,1257.0,-2.124449
62,15,257536,2040,0.9150301814079285,8032,0.002677691554708872,0.018468395,0.2828369140625,-0.7537380456924438,0.2,-0.043807853013277054,-40.848838210105896,0.0004092704424510632,-0.03274755437450949,1257.0,-2.124449
63,15,258048,2040,0.9167546629905701,8048,0.002717464758461574,0.017603587,0.23583984375,-0.447298526763916,0.2,-0.042500898241996765,-40.86252319812775,0.0004092704424510632,-0.0249660418194253,1257.0,-2.12608059
64,16,258560,2040,0.9170322418212891,8064,0.6623419402167201,0.008140731,0.04443359375,0.39843958616256714,0.2,0.09991305321455002,-40.9030122756958,0.0004092704424510632,-0.007574679664685391,1257.0,-2.12608059
65,16,259072,2040,0.9149775505065918,8080,0.017988724910537712,0.022658803,0.23681640625,-13.417737007141113,0.2,-0.04109441861510277,-40.867377519607544,0.0004092704424510632,-0.023506928177084774,1257.0,-2.12417921
66,16,259584,2040,0.9144367575645447,8096,0.737035911064595,0.013973439,0.07080078125,0.17483270168304443,0.2,0.09358345717191696,-40.799952030181885,0.0004092704424510632,-0.009111046412726864,1257.0,-2.12417921
67,16,260096,2040,0.9129778742790222,8112,0.006609246178413741,0.024112873,0.2921142578125,-0.9601618051528931,0.2,-0.04211236536502838,-40.77885150909424,0.0004092704424510632,-0.02521179270115681,1257.0,-2.12417921
68,17,260608,2041,0.913320004940033,8128,0.0023733508023724426,0.015424738,0.28857421875,-0.6347843408584595,0.2,-0.0324290506541729,-40.750192165374756,0.0004092704424510632,-0.026435935404151678,1257.0,-2.1278077599999996
69,17,261120,2041,0.9138129949569702,8144,0.5442585982382298,0.013152456,0.0540771484375,0.3974403738975525,0.2,0.13621479272842407,-40.7780739068985,0.0004092704424510632,-0.009217802391503938,1257.0,-2.1278077599999996
70,17,261632,2040,0.9143303036689758,8160,0.038208506361115724,0.03433673,0.3065185546875,-12.50812816619873,0.2,-0.039120979607105255,-40.79337441921234,0.0004092704424510632,-0.029128746275091544,1257.0,-2.12824762
71,17,262144,2041,0.9145174622535706,8176,0.7194713749922812,0.019169234,0.127197265625,0.17724895477294922,0.2,0.1330469250679016,-40.80318641662598,0.0004092704424510632,-0.021818168825120665,1257.0,-2.12824762
72,18,262656,2040,0.9139788150787354,8192,0.00244880679747439,0.01582873,0.2841796875,-1.6230757236480713,0.2,-0.02812768518924713,-40.79904246330261,0.0004092704424510632,-0.026015505485702306,1257.0,-2.12824762
73,18,263168,2040,0.9123973250389099,8208,0.0028543176886159927,0.017395958,0.2740478515625,-0.3806898593902588,0.2,-0.04190979152917862,-40.76909565925598,0.0004092704424510632,-0.028306472435360774,1257.0,-2.1291393299999997
74,18,263680,2040,0.9118958115577698,8224,0.40893315337598324,0.01170911,0.0958251953125,0.3795435428619385,0.2,0.07813447713851929,-40.72623360157013,0.0004092704424510632,-0.012099373285309412,1257.0,-2.1291393299999997
75,18,264192,2040,0.9119581580162048,8240,0.007134653089451604,0.022203606,0.277587890625,-9.522137641906738,0.2,-0.03086720034480095,-40.716687083244324,0.0004092704424510632,-0.026203062567219604,1257.0,-2.1297714799999996
76,19,264704,2040,0.9117713570594788,8256,0.8118288526311517,0.016939336,0.130126953125,0.2243434190750122,0.2,0.10252329707145691,-40.703312039375305,0.0004092704424510632,-0.022121360612800345,1257.0,-2.1297714799999996
77,19,265216,2040,0.9144263863563538,8272,0.03682975162519142,0.01749456,0.2686767578125,-0.028985977172851562,0.2,-0.0072801923379302025,-40.7304162979126,0.0004092704424510632,-0.026627691499015782,1257.0,-2.1297714799999996
78,19,265728,2039,0.9152804017066956,8288,0.5399317871779203,0.017223002,0.17822265625,0.5893981456756592,0.2,0.1570557951927185,-40.80116152763367,0.0004092704424510632,-0.017923278268426657,1257.0,-2.13507363
79,19,266240,2039,0.9147840738296509,8304,0.03544158532167785,0.034572765,0.3565673828125,0.9191784262657166,0.2,-0.028384996578097343,-40.80053913593292,0.0004092704424510632,-0.02567360215471126,1257.0,-2.13507363
80,20,266752,2039,0.914892852306366,8320,0.006728854255925398,0.022717975,0.2886962890625,-7.284877777099609,0.2,-0.027257539331912994,-40.79423773288727,0.0004092704424510632,-0.02578715223353356,1257.0,-2.1355589
81,20,267264,2039,0.914833664894104,8336,0.7675265418365598,0.007418281,0.0311279296875,0.3119315505027771,0.2,0.2162860929965973,-40.801244258880615,0.0004092704424510632,-0.006449867520132102,1257.0,-2.1355589
82,20,267776,2039,0.9150139689445496,8352,0.008968965383246541,0.018608838,0.268310546875,-0.36286866664886475,0.2,-0.04101024568080902,-40.79754936695099,0.0004092704424510632,-0.02710267240763642,1257.0,-2.13781629
83,20,268288,2039,0.9149501919746399,8368,0.7867529857903719,0.00949697,0.0283203125,0.5202272534370422,0.2,0.13488799333572388,-40.80627453327179,0.0004092704424510632,-0.008163517937646247,1257.0,-2.13781629
84,21,268800,2039,0.9172375202178955,8384,0.00418887315390748,0.022089586,0.2510986328125,-3.191814422607422,0.2,-0.0374784916639328,-40.833536863327026,0.0004092704424510632,-0.02440012208535336,1257.0,-2.13781629
85,21,269312,2039,0.9180814623832703,8400,0.0031838108916417696,0.01799567,0.2255859375,-0.06059086322784424,0.2,-0.03455645218491554,-40.90863239765167,0.0004092704424510632,-0.02350652175664436,1257.0,-2.1374753400000004
86,21,269824,2039,0.9182287454605103,8416,0.6036754283122718,0.019069027,0.0904541015625,0.43216925859451294,0.2,0.10375697165727615,-40.91912770271301,0.0004092704424510632,-0.017826543225964997,1257.0,-2.1374753400000004
87,21,270336,2039,0.9190904498100281,8432,0.02144773819600232,0.031160261,0.2662353515625,-3.931267738342285,0.2,-0.02821359783411026,-40.931329011917114,0.0004092704424510632,-0.021363809442846105,1257.0,-2.13875385
88,22,270848,2039,0.9191499352455139,8448,0.6677919267676771,0.012401848,0.0506591796875,0.256286084651947,0.2,0.13188688457012177,-40.948832988739014,0.0004092704424510632,-0.01139802458055783,1257.0,-2.13875385
89,22,271360,2039,0.9189630150794983,8464,0.0034201758171548136,0.018720996,0.2293701171875,-0.6300644874572754,0.2,-0.029209764674305916,-40.94196367263794,0.0004092704424510632,-0.02700099890353158,1257.0,-2.13875385
90,22,271872,2038,0.9195321202278137,8480,0.0023540056754427496,0.022781335,0.27490234375,-0.9900209903717041,0.2,-0.04118776693940163,-40.94179570674896,0.0004092704424510632,-0.03016803511127364,1257.0,-2.1380966
91,22,272384,2039,0.9196211099624634,8496,0.6082316245883703,0.015724082,0.07763671875,0.3974674344062805,0.2,0.1200467199087143,-40.97063231468201,0.0004092704424510632,-0.013191658625146374,1257.0,-2.1380966
92,23,272896,2038,0.91953444480896,8512,0.013462750546750613,0.023894258,0.2440185546875,-9.870633125305176,0.2,-0.02432793378829956,-40.96837282180786,0.0004092704424510632,-0.020740470237797126,1257.0,-2.13616555
93,23,273408,2038,0.9195670485496521,8528,0.7348790927790105,0.009551633,0.0755615234375,0.16964173316955566,0.2,0.1471736580133438,-40.969115257263184,0.0004092704424510632,-0.014399138992303051,1257.0,-2.13616555
94,23,273920,2038,0.9210938811302185,8544,0.0033467745124653447,0.018569876,0.273681640625,-0.9209885597229004,0.2,-0.04511147737503052,-40.98691999912262,0.0004092704424510632,-0.031458482932066545,1257.0,-2.13616555
95,23,274432,2038,0.920368492603302,8560,0.0025415950767637696,0.016681388,0.24365234375,-0.35401010513305664,0.2,-0.03635358437895775,-41.01635682582855,0.0004092704424510632,-0.02763858241814887,1257.0,-2.1365110400000002
96,24,274944,2038,0.9200404286384583,8576,0.5572450007312,0.013831817,0.0592041015625,0.41835933923721313,0.2,0.10856883227825165,-41.004083037376404,0.0004092704424510632,-0.013218967476859689,1257.0,-2.1365110400000002
97,24,275456,2038,0.9215711355209351,8592,0.01845530135324225,0.017967885,0.23193359375,-11.929990768432617,0.2,-0.02843412756919861,-41.016940116882324,0.0004092704424510632,-0.021960964368190616,1257.0,-2.1375268700000003
98,24,275968,2037,0.9224241375923157,8608,0.7665589852258563,0.010345193,0.064453125,0.1583424210548401,0.2,0.1471523940563202,-41.058690428733826,0.0004092704424510632,-0.012659528118092567,1257.0,-2.1375268700000003
99,24,276480,2037,0.9218360185623169,8624,0.002989756587339798,0.018798947,0.2821044921875,-1.1781678199768066,0.2,-0.035907089710235596,-41.05729854106903,0.0004092704424510632,-0.02970902387460228,1257.0,-2.1375268700000003
100,25,276992,2037,0.9217182397842407,8640,0.018243586353491992,0.01745357,0.279296875,0.23723065853118896,0.2,-0.03237878158688545,-41.040308594703674,0.0004092704424510632,-0.028278832469368353,1257.0,-2.13815199
101,25,277504,2037,0.922419011592865,8656,0.3405902786180377,0.012943894,0.087646484375,0.6805738210678101,0.2,0.03563351184129715,-41.04543364048004,0.0004092704424510632,-0.0143858686205931,1257.0,-2.13815199
102,25,278016,2036,0.9251612424850464,8672,0.01440440425358247,0.021127261,0.26708984375,-13.466141700744629,0.2,-0.03153900057077408,-41.0962997674942,0.0004092704424510632,-0.026384430137113668,1257.0,-2.1387123100000003
103,25,278528,2036,0.9257464408874512,8688,0.9882436548359692,0.009146585,0.0523681640625,0.07715451717376709,0.2,0.09697216749191284,-41.15146481990814,0.0004092704424510632,-0.010033160986495204,1257.0,-2.1387123100000003
104,26,279040,2037,0.9262444376945496,8704,0.005130325873324182,0.02285732,0.2984619140625,-0.7263292074203491,0.2,-0.03524702042341232,-41.16188311576843,0.0004092704424510632,-0.031683388820965774,1257.0,-2.1387123100000003
105,26,279552,2037,0.9264171123504639,8720,0.06396657275035977,0.019415505,0.269775390625,0.27269303798675537,0.2,-0.0004227086901664734,-41.17476165294647,0.0004092704424510632,-0.024224940891144797,1257.0,-2.1389129300000005
106,26,280064,2036,0.9265669584274292,8736,0.10110531412647106,0.035245255,0.2471923828125,0.5209732055664062,0.2,-0.013216817751526833,-41.17823362350464,0.0004092704424510632,-0.018308910104678944,1257.0,-2.1389129300000005
107,26,280576,2035,0.9266260266304016,8752,0.008640807835035957,0.020672154,0.2891845703125,-13.667532920837402,0.2,-0.024011000990867615,-41.18229651451111,0.0004092704424510632,-0.026118755995412357,1257.0,-2.13900659
108,27,281088,2035,0.926547110080719,8768,0.8710734937340021,0.010729108,0.057373046875,0.13513731956481934,0.2,0.14481864869594574,-41.180776953697205,0.0004092704424510632,-0.007921842217911035,1257.0,-2.13900659
109,27,281600,2035,0.9264615178108215,8784,0.02282896061660722,0.023582334,0.3251953125,-0.12474977970123291,0.2,-0.03671088069677353,-41.17359173297882,0.0004092704424510632,-0.03447645832784474,1257.0,-2.13656463
110,27,282112,2036,0.9264163970947266,8800,0.7761678285896778,0.010645911,0.06298828125,0.49921518564224243,0.2,0.18058302998542786,-41.15449345111847,0.0004092704424510632,-0.009807461814489216,1257.0,-2.13656463
111,27,282624,2035,0.9263949990272522,8816,0.002495441607607063,0.019237,0.2550048828125,-3.5040664672851562,0.2,-0.03840897977352142,-41.15678036212921,0.0004092704424510632,-0.02187997108194395,1257.0,-2.13656463
112,28,283136,2035,0.9257626533508301,8832,0.0034565861205919646,0.016085064,0.2371826171875,-0.024896860122680664,0.2,-0.0415833555161953,-41.14441680908203,0.0004092704424510632,-0.02495084292604588,1257.0,-2.1350941800000003
113,28,283648,2035,0.9256800413131714,8848,0.828864180482924,0.009911381,0.06201171875,0.39935302734375,0.2,0.23938246071338654,-41.138583302497864,0.0004092704424510632,-0.012292561659705825,1257.0,-2.1350941800000003
114,28,284160,2035,0.9258204698562622,8864,0.004768544342368841,0.01710447,0.25146484375,-2.30871844291687,0.2,-0.029136372730135918,-41.14491260051727,0.0004092704424510632,-0.02269978057302069,1257.0,-2.13393318
115,28,284672,2035,0.9252069592475891,8880,0.7090382352471352,0.013783637,0.067626953125,0.43829143047332764,0.2,0.1188894510269165,-41.14773941040039,0.0004092704424510632,-0.013201368798036128,1257.0,-2.13393318
116,29,285184,2035,0.9254826903343201,8896,0.0026066997161251493,0.024365865,0.3338623046875,-2.9702131748199463,0.2,-0.04731200635433197,-41.13136851787567,0.0004092704424510632,-0.03406275066663511,1257.0,-2.13393318
117,29,285696,2035,0.927067220211029,8912,0.002973118105728645,0.013284212,0.2169189453125,-0.14687883853912354,0.2,-0.041195426136255264,-41.16699922084808,0.0004092704424510632,-0.025151909518172033,1257.0,-2.1393123800000002
118,29,286208,2035,0.9274511933326721,8928,0.7466588672250509,0.0131075205,0.0526123046875,0.42748498916625977,0.2,0.14147990942001343,-41.20645558834076,0.0004092704424510632,-0.012858989124651998,1257.0,-2.1393123800000002
119,29,286720,2035,0.9251800775527954,8944,0.01812496098864358,0.01895295,0.27099609375,-10.086837768554688,0.2,-0.03659854829311371,-41.17485976219177,0.0004092704424510632,-0.029518525901949033,1257.0,-2.14156357
120,30,287232,2034,0.9240915775299072,8960,0.799855899065733,0.011087448,0.1004638671875,0.17203497886657715,0.2,0.15780983865261078,-41.11419379711151,0.0004092704424510632,-0.010100352999870665,1257.0,-2.14156357
121,30,287744,2035,0.9248174428939819,8976,0.002779472280963091,0.021390587,0.300537109375,-0.3127737045288086,0.2,-0.03472183644771576,-41.11658430099487,0.0004092704424510632,-0.03016201886930503,1257.0,-2.14156357
122,30,288256,2035,0.9249835014343262,8992,0.0026950281899189577,0.01903047,0.2784423828125,-0.31620538234710693,0.2,-0.0358244925737381,-41.14804124832153,0.0004092704424510632,-0.03212923006503843,1257.0,-2.14340731
123,30,288768,2035,0.9252381920814514,9008,0.6392195811495185,0.015737303,0.09326171875,0.4285315275192261,0.2,0.1171436756849289,-41.16083860397339,0.0004092704424510632,-0.013743027666350827,1257.0,-2.14340731
124,31,289280,2034,0.925410807132721,9024,0.01110686192259891,0.020591673,0.2205810546875,-8.458621978759766,0.2,-0.02439221926033497,-41.16256594657898,0.0004092704424510632,-0.02193852271011565,1257.0,-2.1441949100000004
125,31,289792,2034,0.9257681369781494,9040,0.8617692003026605,0.007817872,0.01953125,0.21782934665679932,0.2,0.1639319807291031,-41.1736456155777,0.0004092704424510632,-0.009759713866515085,1257.0,-2.1441949100000004
126,31,290304,2033,0.9232114553451538,9056,0.0033648862554400694,0.018790897,0.2579345703125,-0.641694188117981,0.2,-0.03377583250403404,-41.13974392414093,0.0004092704424510632,-0.021919198567047715,1257.0,-2.1441949100000004
127,31,290816,2033,0.9204360246658325,9072,0.0027670924609992653,0.014248045,0.203369140625,-0.0031354427337646484,0.2,-0.04424714297056198,-41.045729756355286,0.0004092704424510632,-0.023909046853077598,1257.0,-2.14543161
128,32,291328,2032,0.9190293550491333,9088,0.456247481983155,0.010639027,0.082763671875,0.45826661586761475,0.2,0.12341567873954773,-40.98706877231598,0.0004092704424510632,-0.012718367564957589,1257.0,-2.14543161
129,32,291840,2032,0.9203908443450928,9104,0.009521416119241621,0.027521996,0.2535400390625,-10.77016544342041,0.2,-0.04170018434524536,-40.975687980651855,0.0004092704424510632,-0.025965885623008944,1257.0,-2.1455534099999998
130,32,292352,2032,0.9210283160209656,9120,0.8537968471646309,0.011872618,0.0494384765625,0.20627117156982422,0.2,0.10615318268537521,-41.02366101741791,0.0004092704424510632,-0.011276410114078317,1257.0,-2.1455534099999998
131,33,292864,2032,0.9210327863693237,9136,0.008995266747660935,0.027513228,0.310302734375,-1.5729458332061768,0.2,-0.02814471162855625,-41.027456402778625,0.0004092704424510632,-0.02645391873375047,1257.0,-2.1455534099999998
132,33,293376,2031,0.9189885258674622,9152,0.08780274679884315,0.01857623,0.270263671875,0.2643192410469055,0.2,0.012127380818128586,-40.996437788009644,0.0004092704424510632,-0.025325486058136448,1257.0,-2.14969854
133,33,293888,2032,0.9179577827453613,9168,0.08439033877220936,0.030180234,0.2064208984375,0.6998037695884705,0.2,-0.016792193055152893,-40.93127143383026,0.0004092704424510632,-0.016558492672629654,1257.0,-2.14969854
134,33,294400,2031,0.9170761108398438,9184,0.0070781658723717555,0.017644648,0.2435302734375,-10.303693771362305,0.2,-0.031230906024575233,-40.89515173435211,0.0004092704424510632,-0.021846766336238943,1257.0,-2.14633575
135,34,294912,2031,0.9168621301651001,9200,1.0551252802833915,0.013554942,0.071533203125,0.19940674304962158,0.2,0.13368932902812958,-40.87472069263458,0.0004092704424510632,-0.013715748500544578,1257.0,-2.14633575
136,34,295424,2031,0.9163776636123657,9216,0.004052970769407693,0.015852854,0.2725830078125,-1.0759568214416504,0.2,-0.039824191480875015,-40.86148190498352,0.0004092704424510632,-0.03122604312375188,1257.0,-2.1444733400000002
137,34,295936,2031,0.9161936044692993,9232,0.8896754924207926,0.009644991,0.0501708984375,0.32159554958343506,0.2,0.14555075764656067,-40.84914779663086,0.0004092704424510632,-0.010631810364429839,1257.0,-2.1444733400000002
138,34,296448,2031,0.9167899489402771,9248,0.004043816588819027,0.022859424,0.2596435546875,-1.0974292755126953,0.2,-0.020435284823179245,-40.85208559036255,0.0004092704424510632,-0.020932707760948688,1257.0,-2.1444733400000002
139,35,296960,2031,0.9176927208900452,9264,0.004375682838144712,0.015083181,0.24462890625,-0.12538611888885498,0.2,-0.04179751127958298,-40.887611508369446,0.0004092704424510632,-0.026803764842043165,1257.0,-2.1437714299999997
140,35,297472,2031,0.9174626469612122,9280,0.6362085482105613,0.011167757,0.07470703125,0.4428989291191101,0.2,0.1459844410419464,-40.90333652496338,0.0004092704424510632,-0.014076051564188674,1257.0,-2.1437714299999997
141,35,297984,2030,0.9147068858146667,9296,0.007201934116892517,0.026679156,0.2728271484375,-5.618656158447266,0.2,-0.0284885186702013,-40.85745120048523,0.0004092704424510632,-0.02419961360283196,1257.0,-2.14682739
142,35,298496,2031,0.9143733978271484,9312,0.7330580288544297,0.010526362,0.0426025390625,0.306002676486969,0.2,0.10759793967008591,-40.79484224319458,0.0004092704424510632,-0.0075344966317061335,1257.0,-2.14682739
143,36,299008,2031,0.9127320051193237,9328,0.0028846148088632617,0.026241597,0.28173828125,-5.6014556884765625,0.2,-0.034725505858659744,-40.779446721076965,0.0004092704424510632,-0.024564148727222346,1257.0,-2.14682739
144,36,299520,2031,0.9137173891067505,9344,0.0027030936907976866,0.019231433,0.258544921875,-0.2969571352005005,0.2,-0.042947717010974884,-40.755462646484375,0.0004092704424510632,-0.027860027155838907,1257.0,-2.1469283299999997
145,36,300032,2031,0.9145431518554688,9360,0.7789251795038581,0.009991556,0.049072265625,0.42256826162338257,0.2,0.16857144236564636,-40.80233156681061,0.0004092704424510632,-0.009743412090756465,1257.0,-2.1469283299999997
146,36,300544,2031,0.9149950742721558,9376,0.007647110833204351,0.028921988,0.2542724609375,-7.756651878356934,0.2,-0.03777141869068146,-40.82328915596008,0.0004092704424510632,-0.02048046069103293,1257.0,-2.1493158599999997
147,37,301056,2030,0.9151872992515564,9392,1.0197966946288943,0.010484198,0.047607421875,0.2651950716972351,0.2,0.14230258762836456,-40.83500647544861,0.0004092704424510632,-0.009210497271851636,1257.0,-2.1493158599999997
