time/fps,time/total_timesteps,time/iterations,time/time_elapsed,train/clip_fraction,train/learning_rate,train/explained_variance,train/approx_kl,train/entropy_loss,train/policy_gradient_loss,train/clip_range,train/loss,train/n_updates,train/value_loss,train/std,rollout/ep_rew_mean,rollout/ep_len_mean
4396,512,1,0,,,,,,,,,,,,,
2880,1024,2,0,0.2933349609375,0.0004092704424510632,-0.3644874095916748,0.018210145,-43.94845962524414,-0.03656319831497967,0.2,-0.04800828546285629,16,0.20652641544438666,0.9976909160614014,,
2604,1536,3,0,0.27294921875,0.0004092704424510632,0.004998981952667236,0.019508353,-43.93570911884308,-0.03127656345895957,0.2,-0.04208558797836304,32,0.0028545672248583287,0.9998283982276917,-2.43045,1258.0
2482,2048,4,0,0.293212890625,0.0004092704424510632,0.0009028911590576172,0.02219316,-43.99354696273804,-0.02734369129757397,0.2,-0.033135462552309036,48,0.004706396444817074,1.000545620918274,-2.43045,1258.0
2355,2560,5,1,0.2640380859375,0.0004092704424510632,-0.00042247772216796875,0.017923871,-44.00849711894989,-0.02674850684707053,0.2,-0.039641715586185455,64,0.002832730911904946,1.001272439956665,-2.4111655,1258.0
2276,3072,6,1,0.3052978515625,0.0004092704424510632,0.0009984970092773438,0.024734281,-44.00466704368591,-0.031733961164718494,0.2,-0.044113438576459885,80,0.008685427645104937,0.9997576475143433,-2.4111655,1258.0
2218,3584,7,1,0.2125244140625,0.0004092704424510632,0.010056793689727783,0.014862942,-43.990102767944336,-0.023216836678329855,0.2,-0.0382661446928978,96,0.001265409029656439,1.0016429424285889,-2.4111655,1258.0
2180,4096,8,1,0.305419921875,0.0004092704424510632,0.0007483959197998047,0.019323532,-44.05950593948364,-0.029927820316515863,0.2,-0.03955958038568497,112,0.005072318439488299,1.0032408237457275,-2.35708,1258.0
2122,4608,9,2,0.2789306640625,0.0004092704424510632,0.004957973957061768,0.01785066,-44.07970893383026,-0.025064872548682615,0.2,-0.025345444679260254,128,0.006912730939802714,1.002975583076477,-2.35708,1258.0
2097,5120,10,2,0.2724609375,0.0004092704424510632,0.00215756893157959,0.016793638,-44.05843925476074,-0.028201444627484307,0.2,-0.036099743098020554,144,0.0026775508194987196,1.0023330450057983,-2.32723175,1258.0
2075,5632,11,2,0.2861328125,0.0004092704424510632,0.004276871681213379,0.024945166,-44.03743124008179,-0.029641138797160238,0.2,-0.02918214723467827,160,0.015882692823652178,1.001523733139038,-2.32723175,1258.0
2056,6144,12,2,0.2747802734375,0.0004092704424510632,0.012911438941955566,0.020905724,-44.000744462013245,-0.027896999497897923,0.2,-0.03509087115526199,176,0.0014292875512182945,0.9997743368148804,-2.32723175,1258.0
2041,6656,13,3,0.24267578125,0.0004092704424510632,0.011157095432281494,0.01939254,-43.9525226354599,-0.023144330159993842,0.2,-0.028614159673452377,192,0.006590521486941725,0.9984488487243652,-2.3124942,1258.0
2029,7168,14,3,0.306640625,0.0004092704424510632,0.007977187633514404,0.02351013,-43.92686986923218,-0.0295307558553759,0.2,-0.024775974452495575,208,0.022434339742176235,0.9984196424484253,-2.3124942,1258.0
2014,7680,15,3,0.30126953125,0.0004092704424510632,0.09843850135803223,0.026748197,-43.9386932849884,-0.028822588647017255,0.2,-0.03528270125389099,224,0.002551290497649461,0.9994936585426331,-2.299040666666667,1258.0
2002,8192,16,4,0.2779541015625,0.0004092704424510632,0.00604933500289917,0.02199034,-43.95326519012451,-0.02906113862991333,0.2,-0.012841768562793732,240,0.03621928981738165,0.998924732208252,-2.299040666666667,1258.0
1992,8704,17,4,0.2149658203125,0.0004092704424510632,-0.1076667308807373,0.013202665,-43.923431515693665,-0.025249987171264365,0.2,-0.025204148143529892,256,0.0017961644844035618,0.9978750348091125,-2.299040666666667,1258.0
1983,9216,18,4,0.25732421875,0.0004092704424510632,0.11095476150512695,0.021723859,-43.907275795936584,-0.027735727533581667,0.2,-0.03663920983672142,272,0.004853842292504851,0.9981682300567627,-2.3054197142857147,1258.0
1975,9728,19,4,0.217529296875,0.0004092704424510632,0.2049216628074646,0.01426843,-43.93217349052429,-0.025347861548652872,0.2,-0.021981798112392426,288,0.036016024998389184,0.9991697669029236,-2.3054197142857147,1258.0
1967,10240,20,5,0.25390625,0.0004092704424510632,-0.15716421604156494,0.017462753,-43.928821325302124,-0.028574392053997144,0.2,-0.04384841397404671,304,0.003023556386324344,0.9980184435844421,-2.306413125,1258.0
1957,10752,21,5,0.3109130859375,0.0004092704424510632,0.2387244701385498,0.03317184,-43.89567959308624,-0.03193298546830192,0.2,-0.0234473068267107,320,0.033471920411102474,0.9970112442970276,-2.306413125,1258.0
1946,11264,22,5,0.28515625,0.0004092704424510632,-1.392564296722412,0.019933779,-43.871739625930786,-0.02547632498317398,0.2,-0.02038549818098545,336,0.002382950762694236,0.9966555833816528,-2.306413125,1258.0
1942,11776,23,6,0.23388671875,0.0004092704424510632,0.36684882640838623,0.015265791,-43.86452639102936,-0.027340886561432853,0.2,-0.03380266949534416,352,0.004021029781142715,0.9964636564254761,-2.290019444444445,1258.0
1939,12288,24,6,0.287841796875,0.0004092704424510632,0.3525698184967041,0.029909177,-43.86231446266174,-0.023565078910905868,0.2,-0.0004352182149887085,368,0.033581193012651056,0.9964144825935364,-2.290019444444445,1258.0
1934,12800,25,6,0.2564697265625,0.0004092704424510632,-3.340149402618408,0.021317525,-43.85790395736694,-0.030311299837194383,0.2,-0.04093872755765915,384,0.005258897304884158,0.9964605569839478,-2.2763876000000005,1258.0
1928,13312,26,6,0.254150390625,0.0004092704424510632,0.1373332142829895,0.02217961,-43.8417307138443,-0.02370724151842296,0.2,-0.01876802183687687,400,0.04088343703188002,0.9952744245529175,-2.2763876000000005,1258.0
1926,13824,27,7,0.257080078125,0.0004092704424510632,-1.9902966022491455,0.021331914,-43.82321214675903,-0.029874073574319482,0.2,-0.05045228451490402,416,0.002174331031710608,0.9958022832870483,-2.2763876000000005,1258.0
1923,14336,28,7,0.2757568359375,0.0004092704424510632,0.4434018135070801,0.02383551,-43.81836533546448,-0.03239773615496233,0.2,-0.037401311099529266,432,0.006911253469297662,0.993844747543335,-2.2817365454545455,1258.0
1921,14848,29,7,0.4188232421875,0.0004092704424510632,0.2766916751861572,0.04767064,-43.734108448028564,-0.0280672751905513,0.2,-0.02516220323741436,448,0.025912123441230506,0.9915891885757446,-2.2817365454545455,1258.0
1919,15360,30,8,0.231201171875,0.0004092704424510632,-2.336416006088257,0.018922005,-43.69077146053314,-0.0228888826968614,0.2,-0.031692590564489365,464,0.00509087828322663,0.9907436966896057,-2.2812163333333335,1258.0
1918,15872,31,8,0.2266845703125,0.0004092704424510632,0.028457701206207275,0.015320225,-43.67466485500336,-0.023421819583745673,0.2,0.002450171858072281,480,0.07400768203660846,0.9909288883209229,-2.2812163333333335,1258.0
1917,16384,32,8,0.2147216796875,0.0004092704424510632,-0.3304351568222046,0.018074665,-43.6836496591568,-0.0227620281802956,0.2,-0.039315544068813324,496,0.002976637551910244,0.9910891652107239,-2.2830160000000004,1258.0
1916,16896,33,8,0.29345703125,0.0004092704424510632,0.13571900129318237,0.02534249,-43.68904101848602,-0.030824228713754565,0.2,-0.010307814925909042,512,0.06977081077639014,0.9911636114120483,-2.2830160000000004,1258.0
1915,17408,34,9,0.2196044921875,0.0004092704424510632,-1.0734543800354004,0.01883854,-43.70217323303223,-0.021319789113476872,0.2,-0.03700485825538635,528,0.005287237581796944,0.9922271966934204,-2.2830160000000004,1258.0
1914,17920,35,9,0.2435302734375,0.0004092704424510632,-0.0010651350021362305,0.018670585,-43.74839234352112,-0.027212851447984576,0.2,-0.02923392690718174,544,0.0038905898145458195,0.9940738081932068,-2.2727674285714285,1258.0
1913,18432,36,9,0.24609375,0.0004092704424510632,0.07040584087371826,0.023394667,-43.772369146347046,-0.02501329941151198,0.2,-0.002123357728123665,560,0.08233785221818835,0.9933027029037476,-2.2727674285714285,1258.0
1912,18944,37,9,0.234130859375,0.0004092704424510632,-1.4925246238708496,0.015994208,-43.73803508281708,-0.024120968562783673,0.2,-0.03711395338177681,576,0.006252422899706289,0.992474377155304,-2.281908266666667,1258.0
1911,19456,38,10,0.286376953125,0.0004092704424510632,0.27398043870925903,0.02373688,-43.71703886985779,-0.027354922058293596,0.2,-0.011769026517868042,592,0.10660701524466276,0.9920819401741028,-2.281908266666667,1258.0
1909,19968,39,10,0.2283935546875,0.0004092704424510632,-3.0179548263549805,0.020292081,-43.69764983654022,-0.025051993899978697,0.2,-0.04790297895669937,608,0.006743074052792508,0.9910137057304382,-2.281908266666667,1258.0
1901,20480,40,10,0.3048095703125,0.0004092704424510632,0.09454220533370972,0.024932772,-43.65957701206207,-0.027769898006226867,0.2,-0.03699358180165291,624,0.005800957813335117,0.9900586009025574,-2.2960686875,1258.0
1885,20992,41,11,0.245361328125,0.0004092704424510632,0.11054050922393799,0.028031575,-43.65808582305908,-0.030018254357855767,0.2,-0.007872950285673141,640,0.10855275229550898,0.9910850524902344,-2.2960686875,1258.0
1884,21504,42,11,0.2359619140625,0.0004092704424510632,-7.015923500061035,0.023632886,-43.70077335834503,-0.023177482318715192,0.2,-0.035750553011894226,656,0.00848027532629203,0.992944061756134,-2.305143823529412,1258.0
1883,22016,43,11,0.2664794921875,0.0004092704424510632,0.30895107984542847,0.020893522,-43.762370467185974,-0.024978590430691838,0.2,0.0008798316121101379,672,0.11161752382759005,0.9944626688957214,-2.305143823529412,1258.0
1883,22528,44,11,0.19189453125,0.0004092704424510632,-8.135472297668457,0.019822206,-43.803834199905396,-0.02004406781634316,0.2,-0.025753453373908997,688,0.006288217227847781,0.9962887167930603,-2.305143823529412,1258.0
1883,23040,45,12,0.28076171875,0.0004092704424510632,0.3529747724533081,0.025990676,-43.818140149116516,-0.02969838702119887,0.2,-0.03734584525227547,704,0.008092918069451116,0.9941428899765015,-2.297495666666667,1258.0
1883,23552,46,12,0.2381591796875,0.0004092704424510632,0.44022655487060547,0.024049222,-43.751837491989136,-0.025999690406024456,0.2,-0.005904737859964371,720,0.09850828733760864,0.9934306144714355,-2.297495666666667,1258.0
1883,24064,47,12,0.2252197265625,0.0004092704424510632,-4.1840643882751465,0.019307477,-43.75609302520752,-0.02043780017993413,0.2,-0.02075914852321148,736,0.01499828341184184,0.9940502643585205,-2.300592210526316,1258.0
1883,24576,48,13,0.1873779296875,0.0004092704424510632,0.18396872282028198,0.016941212,-43.761472940444946,-0.02076440877863206,0.2,-0.00837026908993721,752,0.09948242537211627,0.9934619069099426,-2.300592210526316,1258.0
1883,25088,49,13,0.2266845703125,0.0004092704424510632,-5.10795783996582,0.017850615,-43.72915172576904,-0.022016611372237094,0.2,-0.03835748881101608,768,0.0017743299104040489,0.9925199747085571,-2.300592210526316,1258.0
1883,25600,50,13,0.2520751953125,0.0004092704424510632,0.20972168445587158,0.017022785,-43.684635639190674,-0.026429491917951964,0.2,-0.04467286169528961,784,0.005334707828296814,0.9899713397026062,-2.2960109,1258.0
1883,26112,51,13,0.16259765625,0.0004092704424510632,0.30971598625183105,0.017463343,-43.622331380844116,-0.01711950422031805,0.2,-0.005196454003453255,800,0.08804655622225255,0.9896819591522217,-2.2960109,1258.0
1883,26624,52,14,0.2464599609375,0.0004092704424510632,-7.292487144470215,0.014855474,-43.63879692554474,-0.031486568215768784,0.2,-0.04380533844232559,816,0.00808159758162219,0.9905223250389099,-2.2946220952380956,1258.0
1883,27136,53,14,0.2069091796875,0.0004092704424510632,0.12254756689071655,0.023025056,-43.651065707206726,-0.021947120971162803,0.2,-0.0011418424546718597,832,0.14986705454066396,0.9904464483261108,-2.2946220952380956,1258.0
1882,27648,54,14,0.2591552734375,0.0004092704424510632,-6.29388427734375,0.020836852,-43.61359775066376,-0.03024159614869859,0.2,-0.0462711900472641,848,0.002420163782517193,0.9878785014152527,-2.2946220952380956,1258.0
1881,28160,55,14,0.206298828125,0.0004092704424510632,0.25005894899368286,0.014461542,-43.52435314655304,-0.02771046684938483,0.2,-0.030959220603108406,864,0.005576594317972194,0.98518306016922,-2.2933831818181822,1258.0
1881,28672,56,15,0.2783203125,0.0004092704424510632,0.2298406958580017,0.037844673,-43.47143614292145,-0.024513057360309176,0.2,-0.00779988057911396,880,0.12293327896622941,0.9847851991653442,-2.2933831818181822,1258.0
1880,29184,57,15,0.2432861328125,0.0004092704424510632,-5.949197769165039,0.016211092,-43.48104417324066,-0.02747505801380612,0.2,-0.034513697028160095,896,0.011458777924417518,0.9860596060752869,-2.296367434782609,1258.0
1880,29696,58,15,0.1788330078125,0.0004092704424510632,0.10248696804046631,0.020900104,-43.518924951553345,-0.023231943094288,0.2,0.10026217997074127,912,0.21295187645591795,0.9868638515472412,-2.296367434782609,1258.0
1879,30208,59,16,0.227294921875,0.0004092704424510632,-1.4062585830688477,0.015675172,-43.53302347660065,-0.024520270293578506,0.2,-0.02705705352127552,928,0.007986062759300694,0.9870656728744507,-2.3074200416666666,1258.0
1878,30720,60,16,0.146240234375,0.0004092704424510632,0.2185090184211731,0.017674435,-43.53468298912048,-0.01987396995536983,0.2,0.020898789167404175,944,0.1517104273661971,0.9868255257606506,-2.3074200416666666,1258.0
1878,31232,61,16,0.27392578125,0.0004092704424510632,-1.2226245403289795,0.022137554,-43.52440536022186,-0.028146379117970355,0.2,-0.035672709345817566,960,0.0043554363219300285,0.9864973425865173,-2.3074200416666666,1258.0
1877,31744,62,16,0.2271728515625,0.0004092704424510632,0.0046405792236328125,0.016558692,-43.50623297691345,-0.02392485912423581,0.2,-0.03327502682805061,976,0.0022703279864799697,0.9860949516296387,-2.3104274399999998,1258.0
1877,32256,63,17,0.1204833984375,0.0004092704424510632,0.11724573373794556,0.018795673,-43.48946022987366,-0.017232978658284992,0.2,0.04880904406309128,992,0.1850974136032164,0.9856950044631958,-2.3104274399999998,1258.0
1876,32768,64,17,0.1759033203125,0.0004092704424510632,-9.003449440002441,0.01508807,-43.48696410655975,-0.021010995500546414,0.2,-0.031125551089644432,1008,0.00575677635424654,0.9863117933273315,-2.3122690384615385,1258.0
1876,33280,65,17,0.147216796875,0.0004092704424510632,0.10362976789474487,0.018641997,-43.501367807388306,-0.01865086604084354,0.2,0.07622377574443817,1024,0.16277524991892278,0.986379086971283,-2.3122690384615385,1258.0
1876,33792,66,18,0.1976318359375,0.0004092704424510632,-9.939705848693848,0.016458374,-43.51821208000183,-0.020533990842523053,0.2,-0.01941634528338909,1040,0.0037508315763261635,0.9882491230964661,-2.3122690384615385,1258.0
1876,34304,67,18,0.24462890625,0.0004092704424510632,0.03134959936141968,0.020391624,-43.57533395290375,-0.02872889743593987,0.2,-0.045489221811294556,1056,0.004614656849298626,0.9892836809158325,-2.3107153333333335,1258.0
1876,34816,68,18,0.233642578125,0.0004092704424510632,0.0761568546295166,0.022517588,-43.57191526889801,-0.021596654871245846,0.2,0.015982184559106827,1072,0.15768322919029742,0.9886522889137268,-2.3107153333333335,1258.0
1876,35328,69,18,0.222412109375,0.0004092704424510632,-2.997286796569824,0.012856517,-43.52442240715027,-0.021728046238422394,0.2,-0.03191898763179779,1088,0.0024289305874845013,0.9863144755363464,-2.308294357142857,1258.0
1876,35840,70,19,0.2052001953125,0.0004092704424510632,0.07126998901367188,0.018839147,-43.46633791923523,-0.022827896667877212,0.2,0.000933278352022171,1104,0.23107968945987523,0.9854221343994141,-2.308294357142857,1258.0
1876,36352,71,19,0.2427978515625,0.0004092704424510632,-5.121131420135498,0.016644292,-43.44725692272186,-0.02439092396525666,0.2,-0.038272012025117874,1120,0.0035228366486990126,0.9849057793617249,-2.308294357142857,1258.0
1876,36864,72,19,0.2423095703125,0.0004092704424510632,0.015576064586639404,0.0192092,-43.443525195121765,-0.02179085448733531,0.2,-0.02304099127650261,1136,0.00549527358089108,0.9853535294532776,-2.3065753448275865,1258.0
1876,37376,73,19,0.302978515625,0.0004092704424510632,0.01665210723876953,0.028113712,-43.462371468544006,-0.025643391447374597,0.2,0.03509443998336792,1152,0.34369127778336406,0.9859274625778198,-2.3065753448275865,1258.0
1876,37888,74,20,0.2608642578125,0.0004092704424510632,-13.072176933288574,0.019945435,-43.474703788757324,-0.032154366257600486,0.2,-0.05471106246113777,1168,0.004636019846657291,0.9861493706703186,-2.300631566666667,1258.0
1876,38400,75,20,0.2509765625,0.0004092704424510632,0.039835453033447266,0.022344222,-43.478315472602844,-0.026669055689126253,0.2,0.02587435021996498,1184,0.30279430095106363,0.9866183996200562,-2.300631566666667,1258.0
1876,38912,76,20,0.28076171875,0.0004092704424510632,-3.188851833343506,0.025136866,-43.48852038383484,-0.026039688324090093,0.2,-0.022151298820972443,1200,0.008478500181809068,0.9867401719093323,-2.300631566666667,1258.0
1876,39424,77,21,0.24365234375,0.0004092704424510632,0.11441212892532349,0.018916506,-43.48801779747009,-0.02636076175258495,0.2,-0.017172768712043762,1216,0.006697310454910621,0.9862855672836304,-2.301925161290323,1258.0
1876,39936,78,21,0.108154296875,0.0004092704424510632,0.16830581426620483,0.014840584,-43.46760141849518,-0.01416883827187121,0.2,0.026606619358062744,1232,0.2974498781841248,0.9856113791465759,-2.301925161290323,1258.0
1876,40448,79,21,0.22216796875,0.0004092704424510632,-8.405128479003906,0.017708924,-43.474368929862976,-0.024946170015027747,0.2,-0.030068058520555496,1248,0.018246628271299414,0.9870960116386414,-2.3040803437500004,1258.0
1876,40960,80,21,0.17041015625,0.0004092704424510632,0.08269578218460083,0.0168895,-43.517454981803894,-0.023183434532256797,0.2,0.009591296315193176,1264,0.3260847155470401,0.9875698685646057,-2.3040803437500004,1258.0
1874,41472,81,22,0.2608642578125,0.0004092704424510632,-9.918259620666504,0.019427538,-43.5197651386261,-0.030089281382970512,0.2,-0.043393224477767944,1280,0.0032454706670250744,0.9879553914070129,-2.3040803437500004,1258.0
1871,41984,82,22,0.2401123046875,0.0004092704424510632,0.19951492547988892,0.016207088,-43.53358197212219,-0.02716067344590556,0.2,-0.04277704283595085,1296,0.007212431344669312,0.9889529943466187,-2.3068390606060607,1258.0
1869,42496,83,22,0.1346435546875,0.0004092704424510632,0.22695708274841309,0.011425174,-43.5543566942215,-0.01618941676861141,0.2,0.02158293128013611,1312,0.1692472209688276,0.9891921877861023,-2.3068390606060607,1258.0
1865,43008,84,23,0.197021484375,0.0004092704424510632,-5.107635498046875,0.01608994,-43.54482161998749,-0.019686986721353605,0.2,-0.02403472550213337,1328,0.004070393308211351,0.988305389881134,-2.3085204117647065,1258.0
1863,43520,85,23,0.1033935546875,0.0004092704424510632,0.13119417428970337,0.018412752,-43.51613938808441,-0.0189647376537323,0.2,0.025142602622509003,1344,0.41355844819918275,0.9875438809394836,-2.3085204117647065,1258.0
1861,44032,86,23,0.2254638671875,0.0004092704424510632,-1.7077491283416748,0.016988195,-43.503647685050964,-0.024533853342290968,0.2,-0.030735556036233902,1360,0.0062082999356789514,0.9875218868255615,-2.307681285714286,1258.0
1859,44544,87,23,0.0828857421875,0.0004092704424510632,0.08507734537124634,0.011185749,-43.51224887371063,-0.01032658557232935,0.2,0.06651723384857178,1376,0.5775504130870104,0.9883720278739929,-2.307681285714286,1258.0
1856,45056,88,24,0.181884765625,0.0004092704424510632,-5.428676128387451,0.014196627,-43.54731023311615,-0.021329323484678753,0.2,-0.038052648305892944,1392,0.01174606585118454,0.9897047281265259,-2.307681285714286,1258.0
1854,45568,89,24,0.245361328125,0.0004092704424510632,0.01963585615158081,0.016625885,-43.56237721443176,-0.02918150639743544,0.2,-0.03652804344892502,1408,0.0029739000892732292,0.9894608855247498,-2.3105769444444446,1258.0
1854,46080,90,24,0.092041015625,0.0004092704424510632,0.06483215093612671,0.012695331,-43.55375683307648,-0.01608115564158652,0.2,0.061343032866716385,1424,0.47903451742604375,0.9894581437110901,-2.3105769444444446,1258.0
1853,46592,91,25,0.224365234375,0.0004092704424510632,-14.11618709564209,0.019215193,-43.555923104286194,-0.021741279124398716,0.2,-0.029662378132343292,1440,0.01069843367440626,0.9895517826080322,-2.3097991351351355,1258.0
1853,47104,92,25,0.1336669921875,0.0004092704424510632,0.09791803359985352,0.01745078,-43.549851417541504,-0.022579183016205207,0.2,0.1507752388715744,1456,0.4933428498916328,0.9892102479934692,-2.3097991351351355,1258.0
1853,47616,93,25,0.199462890625,0.0004092704424510632,-10.560264587402344,0.01948196,-43.54965364933014,-0.023299701235373504,0.2,-0.031555090099573135,1472,0.015329626519815065,0.9899179935455322,-2.3097991351351355,1258.0
1852,48128,94,25,0.224853515625,0.0004092704424510632,-0.0018717050552368164,0.01784607,-43.576082944869995,-0.02402525593061,0.2,-0.024898553267121315,1488,0.006702880797092803,0.9903067350387573,-2.3128934473684213,1258.0
1852,48640,95,26,0.1259765625,0.0004092704424510632,0.0664815902709961,0.016998991,-43.57626450061798,-0.022329186933347955,0.2,0.0548335500061512,1504,0.4580370127223432,0.9901283979415894,-2.3128934473684213,1258.0
1851,49152,96,26,0.29736328125,0.0004092704424510632,-4.305520057678223,0.027465586,-43.58264780044556,-0.03048061503795907,0.2,-0.02903377078473568,1520,0.013652487061335705,0.9908965826034546,-2.3116672820512822,1258.0
1851,49664,97,26,0.10546875,0.0004092704424510632,0.24655145406723022,0.017226147,-43.60903513431549,-0.014828984763880726,0.2,0.10403628647327423,1536,0.34115243377164006,0.9913005828857422,-2.3116672820512822,1258.0
1850,50176,98,27,0.2462158203125,0.0004092704424510632,-2.272423505783081,0.01903719,-43.62359297275543,-0.027214975329115987,0.2,-0.032943129539489746,1552,0.005550485548155848,0.9920726418495178,-2.3116672820512822,1258.0
1849,50688,99,27,0.2825927734375,0.0004092704424510632,0.16273528337478638,0.023416921,-43.64522325992584,-0.028240744723007083,0.2,-0.0419616624712944,1568,0.005885235310415737,0.9929116368293762,-2.3124796000000005,1258.0
1848,51200,100,27,0.118408203125,0.0004092704424510632,0.2629163861274719,0.012887102,-43.66346979141235,-0.013286613931995817,0.2,0.03919537365436554,1584,0.349944208515808,0.993017852306366,-2.3124796000000005,1258.0
1846,51712,101,28,0.21240234375,0.0004092704424510632,-2.852294921875,0.017849162,-43.64465367794037,-0.02342248146305792,0.2,-0.021083807572722435,1600,0.011142055198433809,0.9918731451034546,-2.3150182682926834,1258.0
1845,52224,102,28,0.0621337890625,0.0004092704424510632,0.18201714754104614,0.012130477,-43.627390027046204,-0.013482543145073578,0.2,0.0724373459815979,1616,0.5048781563527882,0.9918295741081238,-2.3150182682926834,1258.0
1844,52736,103,28,0.264892578125,0.0004092704424510632,-2.7678914070129395,0.021758303,-43.63196659088135,-0.02673967054579407,0.2,-0.039162348955869675,1632,0.006335243699140847,0.9922332167625427,-2.3150182682926834,1258.0
1843,53248,104,28,0.23095703125,0.0004092704424510632,0.17099791765213013,0.017889623,-43.657421350479126,-0.02774197596590966,0.2,-0.03334774821996689,1648,0.006882805988425389,0.993598997592926,-2.3145203809523816,1258.0
1843,53760,105,29,0.1029052734375,0.0004092704424510632,0.36329036951065063,0.015335834,-43.68168020248413,-0.015043952080304734,0.2,0.06526602059602737,1664,0.34180238493718207,0.9937809109687805,-2.3145203809523816,1258.0
1842,54272,106,29,0.23486328125,0.0004092704424510632,-3.463139057159424,0.019865185,-43.6757937669754,-0.02493189140659524,0.2,-0.03529699146747589,1680,0.019202085706638172,0.9936977624893188,-2.3182615813953493,1258.0
1842,54784,107,29,0.0914306640625,0.0004092704424510632,0.18783921003341675,0.013933763,-43.67039597034454,-0.016721941967261955,0.2,0.07305409014225006,1696,0.5584868616424501,0.9936092495918274,-2.3182615813953493,1258.0
1842,55296,108,30,0.2315673828125,0.0004092704424510632,-5.773297309875488,0.021217298,-43.664607524871826,-0.024016466064495035,0.2,-0.03687181696295738,1712,0.010072777833556756,0.9930634498596191,-2.3182615813953493,1258.0
1841,55808,109,30,0.2877197265625,0.0004092704424510632,0.2210438847541809,0.018914565,-43.637240529060364,-0.030522023094817996,0.2,-0.04004385694861412,1728,0.008046119153732434,0.9915589690208435,-2.317511113636364,1258.0
1840,56320,110,30,0.08349609375,0.0004092704424510632,0.4815409183502197,0.0131597165,-43.598756551742554,-0.012767869484378025,0.2,0.04324236512184143,1744,0.23587916628457606,0.9908683896064758,-2.317511113636364,1258.0
1839,56832,111,30,0.264892578125,0.0004092704424510632,-6.230073928833008,0.01887519,-43.604358315467834,-0.030947287566959858,0.2,-0.0435931496322155,1760,0.004647536130505614,0.9917431473731995,-2.317598466666667,1258.0
1839,57344,112,31,0.06298828125,0.0004092704424510632,0.14082592725753784,0.011407409,-43.62729287147522,-0.010790888583869673,0.2,0.124839648604393,1776,0.45895488327369094,0.9919188618659973,-2.317598466666667,1258.0
1838,57856,113,31,0.240966796875,0.0004092704424510632,-21.148508071899414,0.018016828,-43.625694274902344,-0.02793137653497979,0.2,-0.036532845348119736,1792,0.005570371336943936,0.9916905164718628,-2.317598466666667,1258.0
1838,58368,114,31,0.1890869140625,0.0004092704424510632,0.5007617473602295,0.014593046,-43.64478313922882,-0.01974665781017393,0.2,-0.024735435843467712,1808,0.015721790783572942,0.9930971264839172,-2.318769086956522,1258.0
1837,58880,115,32,0.198486328125,0.0004092704424510632,0.30219024419784546,0.022355814,-43.67536449432373,-0.016703551227692515,0.2,0.08393488824367523,1824,0.2067767382832244,0.9930528402328491,-2.318769086956522,1258.0
1836,59392,116,32,0.1900634765625,0.0004092704424510632,-9.876179695129395,0.016985323,-43.66700458526611,-0.021563317910477053,0.2,-0.030361810699105263,1840,0.026210041309241205,0.992973804473877,-2.3199461914893624,1258.0
1836,59904,117,32,0.09228515625,0.0004092704424510632,0.08997875452041626,0.014832682,-43.66749596595764,-0.02036514128849376,0.2,0.046040527522563934,1856,0.4753485177643597,0.9929505586624146,-2.3199461914893624,1258.0
1836,60416,118,32,0.21533203125,0.0004092704424510632,-4.964563846588135,0.0182084,-43.669761538505554,-0.024356532492674887,0.2,-0.0393340140581131,1872,0.005439394495624583,0.9931221604347229,-2.318113,1258.0
1836,60928,119,33,0.064453125,0.0004092704424510632,0.3205519914627075,0.009774843,-43.67828118801117,-0.010878568777116016,0.2,0.081220343708992,1888,0.4039069749414921,0.9933778643608093,-2.318113,1258.0
1835,61440,120,33,0.269775390625,0.0004092704424510632,-4.1040778160095215,0.020310873,-43.70349359512329,-0.027078479470219463,0.2,-0.037291303277015686,1904,0.0032834575322340243,0.9950801730155945,-2.318113,1258.0
1835,61952,121,33,0.2816162109375,0.0004092704424510632,-0.02416682243347168,0.029340066,-43.75418961048126,-0.027802005934063345,0.2,-0.037224773317575455,1920,0.004977174066880252,0.996752142906189,-2.3206836938775512,1258.0
1834,62464,122,34,0.0572509765625,0.0004092704424510632,0.19421184062957764,0.011979502,-43.79197537899017,-0.014481579855782911,0.2,0.05033682659268379,1936,0.5168937998823822,0.9971310496330261,-2.3206836938775512,1258.0
1834,62976,123,34,0.2479248046875,0.0004092704424510632,-1.6439414024353027,0.01723363,-43.774150252342224,-0.02507396021974273,0.2,-0.03503028675913811,1952,0.007778130500810221,0.9957358241081238,-2.32502258,1258.0
1834,63488,124,34,0.048583984375,0.0004092704424510632,0.296297550201416,0.010925595,-43.73372304439545,-0.009311026282375678,0.2,0.11482826620340347,1968,0.4260496008209884,0.9950419068336487,-2.32502258,1258.0
1833,64000,125,34,0.28076171875,0.0004092704424510632,-2.5396382808685303,0.020909581,-43.731499791145325,-0.028134378269896843,0.2,-0.04225173220038414,1984,0.0035800391669909004,0.9957163333892822,-2.32502258,1258.0
1833,64512,126,35,0.28955078125,0.0004092704424510632,0.07577407360076904,0.02281667,-43.72880411148071,-0.030885665750247426,0.2,-0.0379825085401535,2000,0.0063588263728888705,0.9944071769714355,-2.323789980392157,1258.0
1832,65024,127,35,0.0880126953125,0.0004092704424510632,0.266645610332489,0.014628465,-43.69206702709198,-0.012230875698151067,0.2,0.053498610854148865,2016,0.4787433557212353,0.9937889575958252,-2.323789980392157,1258.0
1831,65536,128,35,0.280029296875,0.0004092704424510632,-7.504290580749512,0.019959051,-43.7113995552063,-0.027891282021300867,0.2,-0.04002915695309639,2032,0.003794567055592779,0.9962193369865417,-2.3239932692307694,1258.0
1830,66048,129,36,0.05517578125,0.0004092704424510632,0.2157142162322998,0.010912927,-43.77545619010925,-0.010489959851838648,0.2,0.07415547221899033,2048,0.6535721682012081,0.9971092343330383,-2.3239932692307694,1258.0
1830,66560,130,36,0.286376953125,0.0004092704424510632,-5.71942138671875,0.023278832,-43.78851342201233,-0.027653846176690422,0.2,-0.023349331691861153,2064,0.007236237215693109,0.9975420832633972,-2.3239932692307694,1258.0
1829,67072,131,36,0.296875,0.0004092704424510632,0.16659653186798096,0.019996785,-43.764126658439636,-0.031143628439167514,0.2,-0.05388832092285156,2080,0.005477467937453184,0.9954220056533813,-2.3218337924528303,1258.0
1828,67584,132,36,0.07958984375,0.0004092704424510632,0.30660945177078247,0.014624773,-43.70947766304016,-0.015311036229832098,0.2,0.07133547961711884,2096,0.4494924061000347,0.9950131773948669,-2.3218337924528303,1258.0
1827,68096,133,37,0.27978515625,0.0004092704424510632,-0.22435688972473145,0.022732988,-43.716647028923035,-0.031883965275483206,0.2,-0.038373302668333054,2112,0.0310184660484083,0.9959661960601807,-2.3230726296296296,1258.0
1826,68608,134,37,0.1119384765625,0.0004092704424510632,0.5993289351463318,0.018002296,-43.739524841308594,-0.0198474605276715,0.2,0.07602502405643463,2128,0.4331783461384475,0.9959671497344971,-2.3230726296296296,1258.0
1826,69120,135,37,0.2520751953125,0.0004092704424510632,-14.45278549194336,0.022323478,-43.73879563808441,-0.024753515972406603,0.2,-0.0371396578848362,2144,0.003901410032995045,0.9968965649604797,-2.3230726296296296,1258.0
1825,69632,136,38,0.1878662109375,0.0004092704424510632,0.11075443029403687,0.014084455,-43.740914702415466,-0.021669259716873057,0.2,-0.026937011629343033,2160,0.00781281091622077,0.9954161047935486,-2.3270757454545454,1258.0
1824,70144,137,38,0.075927734375,0.0004092704424510632,0.19153010845184326,0.013182806,-43.69376337528229,-0.015061726968269795,0.2,0.056231845170259476,2176,0.5079927397891879,0.9944729208946228,-2.3270757454545454,1258.0
1823,70656,138,38,0.209716796875,0.0004092704424510632,-5.879593372344971,0.019431729,-43.70713412761688,-0.024266043328680098,0.2,-0.04169174283742905,2192,0.02357946579286363,0.9973347187042236,-2.3260247499999998,1258.0
1822,71168,139,39,0.0452880859375,0.0004092704424510632,0.15761065483093262,0.011911379,-43.79491639137268,-0.01854139614442829,0.2,0.06152505427598953,2208,0.6430620476603508,0.9987298250198364,-2.3260247499999998,1258.0
1821,71680,140,39,0.2335205078125,0.0004092704424510632,-8.288777351379395,0.017427484,-43.78005039691925,-0.024610839172964916,0.2,-0.028967255726456642,2224,0.0034439648807165213,0.9967272281646729,-2.3260247499999998,1258.0
1821,72192,141,39,0.2161865234375,0.0004092704424510632,0.3919984698295593,0.01578847,-43.70351457595825,-0.02229309585527517,0.2,-0.03733187913894653,2240,0.015029161586426198,0.9944332242012024,-2.324851228070175,1258.0
1820,72704,142,39,0.192138671875,0.0004092704424510632,0.3963163495063782,0.03433553,-43.65299677848816,-0.016785190149676055,0.2,-0.008604666218161583,2256,0.1992996009066701,0.9933041334152222,-2.324851228070175,1258.0
1820,73216,143,40,0.2415771484375,0.0004092704424510632,-5.142856121063232,0.015444544,-43.62698471546173,-0.022545523206645157,0.2,-0.020522991195321083,2272,0.005044686360633932,0.9935232400894165,-2.3250581034482756,1258.0
1821,73728,144,40,0.1116943359375,0.0004092704424510632,0.13751459121704102,0.014524331,-43.637107372283936,-0.01907499469234608,0.2,0.07025150954723358,2288,0.7089156806468964,0.9937348365783691,-2.3250581034482756,1258.0
1821,74240,145,40,0.27294921875,0.0004092704424510632,-3.440524101257324,0.023665518,-43.633718371391296,-0.024980901231174357,0.2,-0.03267737478017807,2304,0.004859773544012569,0.9936159253120422,-2.324179457627118,1258.0
1821,74752,146,41,0.1126708984375,0.0004092704424510632,0.3608751893043518,0.018644337,-43.62960910797119,-0.016150786526850425,0.2,0.24202319979667664,2320,0.5889384020119905,0.9936174750328064,-2.324179457627118,1258.0
1821,75264,147,41,0.3363037109375,0.0004092704424510632,-9.060013771057129,0.026402242,-43.65531003475189,-0.03074578958330676,0.2,-0.030331911519169807,2336,0.00823790259892121,0.9954666495323181,-2.324179457627118,1258.0
4114,75776,1,0,0.230224609375,0.0004092704424510632,0.021230697631835938,0.013488289,-43.71464824676514,-0.026007554755778983,0.2,-0.035298991948366165,2352,0.002206213557656156,0.9964434504508972,-2.3236373499999994,1258.0
2467,76288,2,0,0.068359375,0.0004092704424510632,0.15988731384277344,0.013754564,-43.74045741558075,-0.013410309627943207,0.2,0.06408312916755676,2368,0.5861077052541077,0.9967886209487915,-2.3236373499999994,1258.0
2165,76800,3,0,0.255859375,0.0004092704424510632,-6.781843185424805,0.015949793,-43.74151408672333,-0.02685919066425413,0.2,-0.039479803293943405,2384,0.00353261454438325,0.9970482587814331,-2.3228521803278683,1258.0
2042,77312,4,1,0.05078125,0.0004092704424510632,0.2915934920310974,0.010243107,-43.747467041015625,-0.011627023835899308,0.2,0.10815630853176117,2400,0.8650843547657132,0.9972261190414429,-2.3228521803278683,1258.0
1979,77824,5,1,0.2457275390625,0.0004092704424510632,-7.371822357177734,0.01919339,-43.760717272758484,-0.025946722831577063,0.2,-0.037103261798620224,2416,0.010309535358828725,0.9982761144638062,-2.3228521803278683,1258.0
1942,78336,6,1,0.2474365234375,0.0004092704424510632,0.027165472507476807,0.022691458,-43.78951966762543,-0.024275037430925295,0.2,-0.033136092126369476,2432,0.00622451666276902,0.9981380701065063,-2.3240389032258064,1258.0
1895,78848,7,1,0.0684814453125,0.0004092704424510632,0.15447646379470825,0.017407829,-43.784953117370605,-0.012752495880704373,0.2,0.09588351845741272,2448,0.6112656011246145,0.9980276823043823,-2.3240389032258064,1258.0
1867,79360,8,2,0.239501953125,0.0004092704424510632,-6.11225700378418,0.016440429,-43.807735204696655,-0.022292604931863025,0.2,-0.0353107787668705,2464,0.004145250521105481,0.9996523857116699,-2.3235900317460314,1258.0
1853,79872,9,2,0.0362548828125,0.0004092704424510632,0.31140071153640747,0.00998435,-43.851126194000244,-0.01143676630454138,0.2,0.145511195063591,2480,0.9543708255514503,1.0000008344650269,-2.3235900317460314,1258.0
1840,80384,10,2,0.24853515625,0.0004092704424510632,-12.9876127243042,0.021974199,-43.87838673591614,-0.023987430220586248,0.2,-0.029992882162332535,2496,0.009915108654240612,1.002273440361023,-2.3235900317460314,1258.0
1832,80896,11,3,0.231689453125,0.0004092704424510632,0.09088289737701416,0.016714744,-43.93332099914551,-0.023503493517637253,0.2,-0.038360584527254105,2512,0.0060320225020404905,1.002168893814087,-2.320336828125,1258.0
1821,81408,12,3,0.05322265625,0.0004092704424510632,0.21408146619796753,0.010647235,-43.91592574119568,-0.011292272509308532,0.2,0.10472242534160614,2528,0.7162843514233828,1.0019787549972534,-2.320336828125,1258.0
1816,81920,13,3,0.2249755859375,0.0004092704424510632,-4.9933881759643555,0.01822519,-43.916367173194885,-0.020087449069251306,0.2,-0.029284726828336716,2544,0.02151558494369965,1.0018844604492188,-2.3187393538461536,1258.0
1812,82432,14,3,0.089599609375,0.0004092704424510632,0.16050422191619873,0.014077157,-43.90671694278717,-0.01840062389965169,0.2,0.12747767567634583,2560,0.9880607919767499,1.0015528202056885,-2.3187393538461536,1258.0
1809,82944,15,4,0.272216796875,0.0004092704424510632,-6.285664081573486,0.024336077,-43.91790747642517,-0.02852186214295216,0.2,-0.03355226665735245,2576,0.006053332319424953,1.003037452697754,-2.3187393538461536,1258.0
1803,83456,16,4,0.267333984375,0.0004092704424510632,0.1790785789489746,0.018342078,-43.943812251091,-0.02405260328669101,0.2,-0.03436761721968651,2592,0.00765716889873147,1.002806305885315,-2.320425575757575,1258.0
1803,83968,17,4,0.079345703125,0.0004092704424510632,0.38062822818756104,0.016499255,-43.93534302711487,-0.014262166427215561,0.2,0.07232190668582916,2608,0.43536201817914844,1.0022555589675903,-2.320425575757575,1258.0
1802,84480,18,5,0.2158203125,0.0004092704424510632,-2.8300023078918457,0.013818989,-43.934415221214294,-0.02140700299059972,0.2,-0.027397338300943375,2624,0.011603242484852672,1.003302812576294,-2.3176645074626863,1258.0
1800,84992,19,5,0.05859375,0.0004092704424510632,0.3579235076904297,0.011588536,-43.96998965740204,-0.010766072882688604,0.2,0.12486524879932404,2640,0.7545578801073134,1.003646969795227,-2.3176645074626863,1258.0
1800,85504,20,5,0.2177734375,0.0004092704424510632,-9.226151466369629,0.017503854,-43.97257149219513,-0.021137057337909937,0.2,-0.031336188316345215,2656,0.0053450208688445855,1.0041130781173706,-2.3176645074626863,1258.0
1799,86016,21,5,0.1982421875,0.0004092704424510632,0.4245302081108093,0.013645855,-43.995479464530945,-0.021367072156863287,0.2,-0.02920197881758213,2672,0.012190103094326332,1.0050333738327026,-2.316877132352941,1258.0
1795,86528,22,6,0.1158447265625,0.0004092704424510632,0.32303231954574585,0.016098907,-44.01558303833008,-0.012433888274244964,0.2,0.007297854870557785,2688,0.3042563432827592,1.005211591720581,-2.316877132352941,1258.0
1797,87040,23,6,0.288818359375,0.0004092704424510632,-5.08678674697876,0.021303672,-43.99414503574371,-0.03584055553073995,0.2,-0.04282189533114433,2704,0.005672980048984755,1.003708839416504,-2.318995652173913,1258.0
1796,87552,24,6,0.0316162109375,0.0004092704424510632,0.23315078020095825,0.008445263,-43.963319301605225,-0.006900573527673259,0.2,0.1050431951880455,2720,0.8451970126479864,1.0037074089050293,-2.318995652173913,1258.0
1796,88064,25,7,0.29638671875,0.0004092704424510632,-4.433108329772949,0.032441862,-43.97439670562744,-0.028129364625783637,0.2,-0.04151207581162453,2736,0.010152679067687131,1.0045385360717773,-2.3192709285714286,1258.0
1796,88576,26,7,0.0228271484375,0.0004092704424510632,0.2333998680114746,0.007930785,-43.989337682724,-0.0064371593471150845,0.2,0.13524654507637024,2752,0.8052070438861847,1.004464030265808,-2.3192709285714286,1258.0
1792,89088,27,7,0.2293701171875,0.0004092704424510632,-7.85743522644043,0.019386794,-43.94167506694794,-0.024835023272316903,0.2,-0.046170055866241455,2768,0.00783819723437773,1.0014848709106445,-2.3192709285714286,1258.0
1791,89600,28,8,0.2225341796875,0.0004092704424510632,0.037191033363342285,0.016536737,-43.84244394302368,-0.0249419167812448,0.2,-0.04147069901227951,2784,0.002771808645775309,0.999625027179718,-2.3185102535211266,1258.0
1785,90112,29,8,0.02685546875,0.0004092704424510632,0.21847784519195557,0.008598473,-43.814021944999695,-0.008497891569277272,0.2,0.07265390455722809,2800,0.7411083746701479,0.9997887015342712,-2.3185102535211266,1258.0
1784,90624,30,8,0.24462890625,0.0004092704424510632,-9.301190376281738,0.019844633,-43.85576915740967,-0.02567559585440904,0.2,-0.030528739094734192,2816,0.004437158364453353,1.0025802850723267,-2.3184437222222223,1258.0
1768,91136,31,8,0.0230712890625,0.0004092704424510632,0.2931262254714966,0.00738078,-43.91947412490845,-0.004336886617238633,0.2,0.118708536028862,2832,0.7790031936019659,1.0032049417495728,-2.3184437222222223,1258.0
1771,91648,32,9,0.236328125,0.0004092704424510632,-9.610912322998047,0.01645971,-43.918904185295105,-0.01945802106638439,0.2,-0.027920229360461235,2848,0.003587002200220013,1.0034301280975342,-2.3184437222222223,1258.0
1770,92160,33,9,0.2762451171875,0.0004092704424510632,0.006745338439941406,0.023391942,-43.93498957157135,-0.025372754695126787,0.2,-0.03723748400807381,2864,0.006261874790652655,1.004311442375183,-2.319428301369863,1258.0
1772,92672,34,9,0.096923828125,0.0004092704424510632,0.15820032358169556,0.014837949,-43.949763894081116,-0.013863197251339443,0.2,0.08517955243587494,2880,0.7546869637444615,1.0045136213302612,-2.319428301369863,1258.0
1772,93184,35,10,0.264892578125,0.0004092704424510632,-6.499568939208984,0.017734978,-43.94563007354736,-0.026593144779326394,0.2,-0.037872616201639175,2896,0.0049363445286871865,1.003879189491272,-2.318870621621622,1258.0
1775,93696,36,10,0.0496826171875,0.0004092704424510632,0.32015079259872437,0.008251887,-43.925525188446045,-0.011628056796325836,0.2,0.12271903455257416,2912,0.9143239092081785,1.0035403966903687,-2.318870621621622,1258.0
1778,94208,37,10,0.2520751953125,0.0004092704424510632,-7.873237609863281,0.020721713,-43.911078691482544,-0.020423790527274832,0.2,-0.03033682517707348,2928,0.00868993282347219,1.0024843215942383,-2.318870621621622,1258.0
1776,94720,38,10,0.2442626953125,0.0004092704424510632,0.06802564859390259,0.018966557,-43.87382769584656,-0.023952765157446265,0.2,-0.029198888689279556,2944,0.006031039301888086,1.001894474029541,-2.3188772400000004,1258.0
1774,95232,39,11,0.022216796875,0.0004092704424510632,0.2433483600616455,0.008882282,-43.86381280422211,-0.008886660318239592,0.2,0.08822396397590637,2960,0.732527868822217,1.0019742250442505,-2.3188772400000004,1258.0
1775,95744,40,11,0.24462890625,0.0004092704424510632,-0.324679970741272,0.02000366,-43.85155785083771,-0.024367574438656447,0.2,-0.005992939695715904,2976,0.05888162227347493,1.0007579326629639,-2.3190019605263164,1258.0
1776,96256,41,11,0.0545654296875,0.0004092704424510632,0.546735405921936,0.013421541,-43.81781077384949,-0.013541711057769135,0.2,0.1462879776954651,2992,0.7478493954986334,1.0005539655685425,-2.3190019605263164,1258.0
1774,96768,42,12,0.2615966796875,0.0004092704424510632,-4.4279704093933105,0.025471892,-43.82254481315613,-0.027110896044177935,0.2,-0.038479018956422806,3008,0.007012491718342062,1.0010398626327515,-2.3190019605263164,1258.0
1775,97280,43,12,0.18896484375,0.0004092704424510632,0.14758837223052979,0.014042851,-43.80932259559631,-0.018267758743604645,0.2,-0.01763540506362915,3024,0.005415841638750862,0.9996193647384644,-2.3194572727272735,1258.0
1775,97792,44,12,0.020263671875,0.0004092704424510632,0.3506166338920593,0.008198437,-43.771140933036804,-0.00622566303354688,0.2,0.07957568764686584,3040,0.5923015417065471,0.9988416433334351,-2.3194572727272735,1258.0
1776,98304,45,12,0.2515869140625,0.0004092704424510632,-4.538167476654053,0.022449914,-43.7569922208786,-0.027652873133774847,0.2,-0.04298241809010506,3056,0.020922816765960306,0.9985762238502502,-2.320415115384616,1258.0
1776,98816,46,13,0.0787353515625,0.0004092704424510632,0.4951104521751404,0.015059616,-43.750164270401,-0.011010083158907946,0.2,0.1471269577741623,3072,0.5647044121287763,0.9986259341239929,-2.320415115384616,1258.0
1777,99328,47,13,0.24853515625,0.0004092704424510632,-7.001466751098633,0.019303266,-43.77070093154907,-0.02520107026793994,0.2,-0.03108951263129711,3088,0.005569593755353708,1.0004312992095947,-2.320415115384616,1258.0
1775,99840,48,13,0.270263671875,0.0004092704424510632,0.2137623429298401,0.017798342,-43.84417116641998,-0.029421903207548894,0.2,-0.03526750206947327,3104,0.0138113081920892,1.0025372505187988,-2.32341470886076,1258.0
1774,100352,49,14,0.0794677734375,0.0004092704424510632,0.642985463142395,0.017823923,-43.8878858089447,-0.009753788144735154,0.2,0.008538370952010155,3120,0.23709194466937333,1.0033249855041504,-2.32341470886076,1258.0
1776,100864,50,14,0.19677734375,0.0004092704424510632,-7.375237464904785,0.01365898,-43.882158398628235,-0.02119271256378852,0.2,-0.025962449610233307,3136,0.006811129052948672,1.0018424987792969,-2.3236610250000003,1258.0
1777,101376,51,14,0.0384521484375,0.0004092704424510632,0.19822490215301514,0.010908137,-43.837953329086304,-0.010529648221563548,0.2,0.1437738835811615,3152,0.814298908226192,1.0009652376174927,-2.3236610250000003,1258.0
1777,101888,52,14,0.26904296875,0.0004092704424510632,-11.73206615447998,0.019473244,-43.794556617736816,-0.024473509096424095,0.2,-0.03182973340153694,3168,0.0037951181002426893,0.9983875155448914,-2.3236610250000003,1258.0
1778,102400,53,15,0.3134765625,0.0004092704424510632,0.5333821773529053,0.02350759,-43.75055146217346,-0.03593525229371153,0.2,-0.025869501754641533,3184,0.04210551438154653,0.999397873878479,-2.3252224567901236,1258.0
1777,102912,54,15,0.306396484375,0.0004092704424510632,0.34102189540863037,0.03789826,-43.788858294487,-0.018927857323433273,0.2,0.06878309696912766,3200,0.4644420777913183,0.9999138712882996,-2.3252224567901236,1258.0
1778,103424,55,15,0.2239990234375,0.0004092704424510632,-4.880063056945801,0.016125754,-43.79286992549896,-0.02341398928547278,0.2,-0.03373771160840988,3216,0.008924552937969565,1.0001862049102783,-2.3247469146341464,1258.0
1776,103936,56,16,0.07861328125,0.0004092704424510632,0.053497910499572754,0.012365285,-43.8114333152771,-0.01917310331191402,0.2,0.12565578520298004,3232,1.2115325750783086,1.000483512878418,-2.3247469146341464,1258.0
1776,104448,57,16,0.3084716796875,0.0004092704424510632,-8.861442565917969,0.02096269,-43.79842460155487,-0.03500192001229152,0.2,-0.04500579833984375,3248,0.004972864902811125,0.9993093609809875,-2.326396710843374,1258.0
1775,104960,58,16,0.0400390625,0.0004092704424510632,0.21400684118270874,0.010760844,-43.76541578769684,-0.003801325463427929,0.2,0.11831359565258026,3264,1.0459010661579669,0.9989420175552368,-2.326396710843374,1258.0
1774,105472,59,17,0.256103515625,0.0004092704424510632,-10.217733383178711,0.02138219,-43.759361267089844,-0.02778343966929242,0.2,-0.03319723904132843,3280,0.0034297904712730087,0.9986031651496887,-2.326396710843374,1258.0
1774,105984,60,17,0.33203125,0.0004092704424510632,-0.03783893585205078,0.029818945,-43.72944748401642,-0.031881738133961335,0.2,-0.03856801241636276,3296,0.009011693779029883,0.9972278475761414,-2.327278273809524,1258.0
1773,106496,61,17,0.02685546875,0.0004092704424510632,0.2903026342391968,0.008772882,-43.694949984550476,-0.008284395196824335,0.2,0.12938709557056427,3312,0.8883336558938026,0.9968039989471436,-2.327278273809524,1258.0
1773,107008,62,17,0.2679443359375,0.0004092704424510632,-0.300182580947876,0.02192111,-43.67917311191559,-0.027020210429327562,0.2,-0.02239229343831539,3328,0.026785376656334847,0.9955170154571533,-2.3279737294117653,1258.0
1774,107520,63,18,0.0789794921875,0.0004092704424510632,0.6616958379745483,0.016325302,-43.640769481658936,-0.012847555582993664,0.2,0.2023407518863678,3344,0.7848367663100362,0.994803249835968,-2.3279737294117653,1258.0
1775,108032,64,18,0.2547607421875,0.0004092704424510632,-6.018853664398193,0.020410225,-43.62642288208008,-0.019865228823618963,0.2,-0.031804006546735764,3360,0.008808811267954297,0.9944970607757568,-2.3279737294117653,1258.0
1775,108544,65,18,0.2540283203125,0.0004092704424510632,0.08861595392227173,0.01855666,-43.61185657978058,-0.025132327049504966,0.2,-0.03406746685504913,3376,0.006243530398933217,0.9943943023681641,-2.327832151162791,1258.0
1775,109056,66,19,0.0423583984375,0.0004092704424510632,0.3860323429107666,0.007679324,-43.622119665145874,-0.009336858958704397,0.2,0.1273038685321808,3392,0.7855991078540683,0.994945764541626,-2.327832151162791,1258.0
1774,109568,67,19,0.259765625,0.0004092704424510632,-6.897871494293213,0.026768079,-43.63940632343292,-0.024903417244786397,0.2,-0.03586916625499725,3408,0.005478565231896937,0.9960907697677612,-2.326818931034483,1258.0
1773,110080,68,19,0.043212890625,0.0004092704424510632,0.3263409733772278,0.009468088,-43.6701945066452,-0.007267474022228271,0.2,0.12177716195583344,3424,1.083380887284875,0.9966750144958496,-2.326818931034483,1258.0
1773,110592,69,19,0.2786865234375,0.0004092704424510632,-8.463561058044434,0.021752294,-43.67848789691925,-0.028368396626319736,0.2,-0.04569700360298157,3440,0.0037911547551630065,0.997283935546875,-2.326818931034483,1258.0
1772,111104,70,20,0.2794189453125,0.0004092704424510632,0.19958585500717163,0.02186849,-43.7004679441452,-0.030245733476476744,0.2,-0.04776928573846817,3456,0.005199034159886651,0.9977965950965881,-2.3247612045454544,1258.0
1771,111616,71,20,0.04296875,0.0004092704424510632,0.4199298024177551,0.009583911,-43.69828176498413,-0.006720021650835406,0.2,0.08883953839540482,3472,0.6194114312529564,0.9977034330368042,-2.3247612045454544,1258.0
1769,112128,72,20,0.334228515625,0.0004092704424510632,-0.2617398500442505,0.03216005,-43.69868755340576,-0.03477001015562564,0.2,-0.007376771420240402,3488,0.0891874183434993,0.9978737235069275,-2.32592002247191,1258.0
1767,112640,73,21,0.0404052734375,0.0004092704424510632,0.765251874923706,0.009952344,-43.693023920059204,-0.009222987479006406,0.2,0.4108784794807434,3504,1.1571099497377872,0.997739315032959,-2.32592002247191,1258.0
1766,113152,74,21,0.2232666015625,0.0004092704424510632,-15.643478393554688,0.017255489,-43.69437062740326,-0.022104613730334677,0.2,-0.0159971471875906,3520,0.026826977176824585,0.998613715171814,-2.32592002247191,1258.0
1765,113664,75,21,0.26318359375,0.0004092704424510632,0.15876835584640503,0.020154078,-43.74994444847107,-0.025461169025220443,0.2,-0.033945225179195404,3536,0.006676715434878133,1.0007514953613281,-2.326418855555555,1258.0
1763,114176,76,22,0.071044921875,0.0004092704424510632,0.27097564935684204,0.01596126,-43.791067242622375,-0.012235200192662887,0.2,0.07546234875917435,3552,0.7197710797190666,1.0013030767440796,-2.326418855555555,1258.0
1762,114688,77,22,0.2313232421875,0.0004092704424510632,-7.066776275634766,0.018452562,-43.78332281112671,-0.023682422390265856,0.2,-0.02935086563229561,3568,0.02463454328244552,0.9998578429222107,-2.3264392747252742,1258.0
1761,115200,78,22,0.012451171875,0.0004092704424510632,0.1911643147468567,0.0052010696,-43.74955093860626,-0.0027490638894960284,0.2,0.188463494181633,3584,1.1411405922845006,0.9994019865989685,-2.3264392747252742,1258.0
1760,115712,79,22,0.2510986328125,0.0004092704424510632,-14.425271987915039,0.021070201,-43.724289298057556,-0.02500228426652029,0.2,-0.026042090728878975,3600,0.006051262313121697,0.9976039528846741,-2.3264392747252742,1258.0
1758,116224,80,23,0.27978515625,0.0004092704424510632,0.5244390368461609,0.016184282,-43.69029343128204,-0.027833738102344796,0.2,-0.022884588688611984,3616,0.03679039131384343,0.9975825548171997,-2.329291978260869,1258.0
1757,116736,81,23,0.12451171875,0.0004092704424510632,0.359144389629364,0.020676443,-43.683517813682556,-0.017792337559512816,0.2,-0.01341686025261879,3632,0.41546032566111535,0.9965844750404358,-2.329291978260869,1258.0
1756,117248,82,23,0.309326171875,0.0004092704424510632,-1.4491212368011475,0.025457282,-43.634947419166565,-0.03189465607283637,0.2,-0.031296487897634506,3648,0.011237941740546376,0.9955348372459412,-2.327844397849462,1258.0
1755,117760,83,24,0.033447265625,0.0004092704424510632,0.4873323440551758,0.0076151034,-43.62549912929535,-0.00671041523310123,0.2,0.14168918132781982,3664,0.8045203387737274,0.9954472184181213,-2.327844397849462,1258.0
1754,118272,84,24,0.318115234375,0.0004092704424510632,-3.3326478004455566,0.034457825,-43.59818732738495,-0.03161353967152536,0.2,-0.03876718133687973,3680,0.004939640552038327,0.9938867688179016,-2.326765159574468,1258.0
1754,118784,85,24,0.0252685546875,0.0004092704424510632,0.4288378953933716,0.009020926,-43.56745147705078,-0.007731472956947982,0.2,0.21981456875801086,3696,0.755866507999599,0.9936714172363281,-2.326765159574468,1258.0
1753,119296,86,25,0.242919921875,0.0004092704424510632,-4.582534313201904,0.021362428,-43.567092299461365,-0.02321990710333921,0.2,-0.027315936982631683,3712,0.003806343622272834,0.9936492443084717,-2.326765159574468,1258.0
1752,119808,87,25,0.265380859375,0.0004092704424510632,-0.014406442642211914,0.017243862,-43.548192262649536,-0.0277422215876868,0.2,-0.04146270826458931,3728,0.002231842514447635,0.9923178553581238,-2.3273472421052626,1258.0
1751,120320,88,25,0.0318603515625,0.0004092704424510632,0.3316747546195984,0.0098345885,-43.52156591415405,-0.005883722580620088,0.2,0.22155015170574188,3744,0.9806531639769673,0.9921771883964539,-2.3273472421052626,1258.0
1751,120832,89,26,0.244873046875,0.0004092704424510632,-10.106595039367676,0.019651825,-43.54508602619171,-0.02573274179303553,0.2,-0.03230845928192139,3760,0.00988557030359516,0.9942358732223511,-2.3271706250000004,1258.0
1750,121344,90,26,0.0291748046875,0.0004092704424510632,0.3467841148376465,0.007930746,-43.5995010137558,-0.008363768618437462,0.2,0.13392138481140137,3776,1.1035164669156075,0.995007336139679,-2.3271706250000004,1258.0
1749,121856,91,26,0.2703857421875,0.0004092704424510632,-8.82955265045166,0.02221466,-43.59388446807861,-0.02709738964040298,0.2,-0.04835844412446022,3792,0.007926239391963463,0.9936213493347168,-2.3271706250000004,1258.0
1749,122368,92,26,0.2314453125,0.0004092704424510632,0.0057839155197143555,0.017774906,-43.56176543235779,-0.02277146841515787,0.2,-0.029358014464378357,3808,0.005391550483182073,0.993637204170227,-2.3263977628865984,1258.0
1749,122880,93,27,0.0411376953125,0.0004092704424510632,0.2410176396369934,0.009118359,-43.56527268886566,-0.00978432568081189,0.2,0.13916824758052826,3824,0.9305561208166182,0.9937155842781067,-2.3263977628865984,1258.0
1748,123392,94,27,0.2998046875,0.0004092704424510632,-9.315765380859375,0.02679016,-43.51775074005127,-0.02839028087328188,0.2,-0.04658807814121246,3840,0.004360902406915557,0.9897329211235046,-2.3258078265306126,1258.0
1747,123904,95,27,0.0228271484375,0.0004092704424510632,0.30950385332107544,0.0071845734,-43.40611171722412,-0.0064573022100375965,0.2,0.18179717659950256,3856,1.0876032812520862,0.9882524013519287,-2.3258078265306126,1258.0
1747,124416,96,28,0.31884765625,0.0004092704424510632,-7.29453182220459,0.026541285,-43.38065791130066,-0.029252379870740697,0.2,-0.04062339663505554,3872,0.0027535837707546307,0.987718403339386,-2.3258078265306126,1258.0
1746,124928,97,28,0.2952880859375,0.0004092704424510632,0.11669397354125977,0.024242394,-43.35250949859619,-0.026489865966141224,0.2,-0.02835511416196823,3888,0.0076901301654288545,0.9870744347572327,-2.3265030101010105,1258.0
1746,125440,98,28,0.01611328125,0.0004092704424510632,0.42177969217300415,0.0067768935,-43.339810609817505,-0.00928874302917393,0.2,0.10522322356700897,3904,0.8594751618802547,0.9872556328773499,-2.3265030101010105,1258.0
1745,125952,99,29,0.2353515625,0.0004092704424510632,-4.370986461639404,0.022684999,-43.344775557518005,-0.020849543652730063,0.2,-0.018628524616360664,3920,0.020663702860474586,0.9875152111053467,-2.3266298100000005,1258.0
1745,126464,100,29,0.0673828125,0.0004092704424510632,0.47856879234313965,0.009199517,-43.353540778160095,-0.009089052444323897,0.2,0.21916261315345764,3936,0.7529959557577968,0.9878072142601013,-2.3266298100000005,1258.0
1744,126976,101,29,0.2391357421875,0.0004092704424510632,-5.07365083694458,0.019453991,-43.327840089797974,-0.023393962692352943,0.2,-0.04519810155034065,3952,0.004485326033318415,0.985461413860321,-2.3266298100000005,1258.0
1743,127488,102,29,0.249755859375,0.0004092704424510632,0.22583335638046265,0.0229664,-43.27052342891693,-0.026952878601150587,0.2,-0.03543775901198387,3968,0.00627102714497596,0.9850979447364807,-2.3246634299999998,1258.0
1742,128000,103,30,0.066162109375,0.0004092704424510632,0.5102823376655579,0.0114395,-43.28454637527466,-0.013755066393059678,0.2,0.06830926239490509,3984,0.5855470383539796,0.9852932095527649,-2.3246634299999998,1258.0
1742,128512,104,30,0.25341796875,0.0004092704424510632,-3.7585525512695312,0.019614127,-43.283207178115845,-0.022847876985906623,0.2,-0.0361347533762455,4000,0.026252674870193005,0.9847428798675537,-2.32457486,1258.0
1740,129024,105,30,0.023681640625,0.0004092704424510632,0.5853595733642578,0.00791355,-43.266807436943054,-0.005719489141483791,0.2,0.16465115547180176,4016,0.9179304987192154,0.9844560027122498,-2.32457486,1258.0
1739,129536,106,31,0.2860107421875,0.0004092704424510632,-8.469311714172363,0.02073023,-43.26683580875397,-0.02883470302913338,0.2,-0.04054957255721092,4032,0.007552522321930155,0.984817385673523,-2.32457486,1258.0
1738,130048,107,31,0.265869140625,0.0004092704424510632,0.32219797372817993,0.02187323,-43.273298501968384,-0.0275031057826709,0.2,-0.021227244287729263,4048,0.01190380594925955,0.9852160811424255,-2.3254974500000003,1258.0
1737,130560,108,31,0.0120849609375,0.0004092704424510632,0.3844142556190491,0.0075169783,-43.27443289756775,-0.006902199107571505,0.2,0.008828051388263702,4064,0.5173575337976217,0.9851022958755493,-2.3254974500000003,1258.0
1736,131072,109,32,0.24853515625,0.0004092704424510632,-5.68955659866333,0.017559431,-43.23484706878662,-0.02411572237906512,0.2,-0.03617352992296219,4080,0.006039632065949263,0.9824185967445374,-2.3265624500000004,1258.0
1735,131584,110,32,0.107177734375,0.0004092704424510632,0.33188122510910034,0.012472694,-43.17768311500549,-0.01152276442735456,0.2,0.17958936095237732,4096,1.0747232837602496,0.9817057251930237,-2.3265624500000004,1258.0
1735,132096,111,32,0.2886962890625,0.0004092704424510632,-5.542470455169678,0.023997322,-43.175960540771484,-0.029843399388482794,0.2,-0.03337975591421127,4112,0.006227092744666152,0.9822496771812439,-2.32706406,1258.0
1735,132608,112,33,0.0340576171875,0.0004092704424510632,0.42326366901397705,0.01126815,-43.19135820865631,-0.008317799511132762,0.2,0.2048865407705307,4128,1.1561296097934246,0.9824011325836182,-2.32706406,1258.0
1734,133120,113,33,0.257568359375,0.0004092704424510632,-9.137229919433594,0.020593302,-43.20591592788696,-0.024265144485980272,0.2,-0.04205939918756485,4144,0.00377666044732905,0.9840998649597168,-2.32706406,1258.0
1734,133632,114,33,0.2523193359375,0.0004092704424510632,0.03375643491744995,0.017637178,-43.25677478313446,-0.03121749611455016,0.2,-0.050806980580091476,4160,0.002226957232778659,0.9851142168045044,-2.3267811800000002,1258.0
1733,134144,115,33,0.0780029296875,0.0004092704424510632,0.18471872806549072,0.010242703,-43.26389241218567,-0.009621682285796851,0.2,0.23933145403862,4176,1.1640755468979478,0.985135555267334,-2.3267811800000002,1258.0
1733,134656,116,34,0.27587890625,0.0004092704424510632,-4.20107364654541,0.02090011,-43.252689242362976,-0.029055765728116967,0.2,-0.028886185958981514,4192,0.005073194497526856,0.9843538999557495,-2.32642755,1258.0
1733,135168,117,34,0.0369873046875,0.0004092704424510632,0.5122874975204468,0.010797188,-43.23345673084259,-0.005957921166555025,0.2,0.1695660501718521,4208,0.8342045685276389,0.9846398830413818,-2.32642755,1258.0
1733,135680,118,34,0.2926025390625,0.0004092704424510632,-15.323455810546875,0.02599828,-43.26391291618347,-0.027587695250986144,0.2,-0.03333855792880058,4224,0.003844676371954847,0.9857107996940613,-2.32642755,1258.0
1732,136192,119,35,0.28466796875,0.0004092704424510632,-0.029857516288757324,0.021660963,-43.29390859603882,-0.0284089553024387,0.2,-0.04248855262994766,4240,0.004917678488709498,0.9859704375267029,-2.32472578,1258.0
1732,136704,120,35,0.07470703125,0.0004092704424510632,0.27001065015792847,0.015389334,-43.292643666267395,-0.013233360965386964,0.2,0.08517509698867798,4256,0.9585445271804929,0.9857901930809021,-2.32472578,1258.0
1733,137216,121,35,0.252685546875,0.0004092704424510632,-2.523564338684082,0.0208674,-43.30018961429596,-0.024542798768379726,0.2,-0.03969036042690277,4272,0.004275414998119231,0.9870443940162659,-2.3261160500000004,1258.0
1733,137728,122,36,0.0142822265625,0.0004092704424510632,0.4367675185203552,0.0063959137,-43.32081353664398,-0.004611945929354988,0.2,0.15220117568969727,4288,1.2287129648029804,0.9873432517051697,-2.3261160500000004,1258.0
1733,138240,123,36,0.2720947265625,0.0004092704424510632,-10.722748756408691,0.020190526,-43.33373975753784,-0.027739505261706654,0.2,-0.036131393164396286,4304,0.005757885373895988,0.9887250661849976,-2.3261160500000004,1258.0
1733,138752,124,36,0.2352294921875,0.0004092704424510632,0.12187433242797852,0.018197648,-43.38214612007141,-0.019851277000270784,0.2,-0.02360716462135315,4320,0.005467328330269083,0.9894626140594482,-2.32497196,1258.0
1733,139264,125,36,0.025146484375,0.0004092704424510632,0.430608332157135,0.00961059,-43.381707072257996,-0.007710279882303439,0.2,0.17748066782951355,4336,0.9388583623804152,0.9891306757926941,-2.32497196,1258.0
1733,139776,126,37,0.2352294921875,0.0004092704424510632,-4.7698564529418945,0.019046962,-43.364337682724,-0.025948420734493993,0.2,-0.03446630761027336,4352,0.026618634117767215,0.9886435270309448,-2.3251324700000002,1258.0
1734,140288,127,37,0.025634765625,0.0004092704424510632,0.5306378602981567,0.008747796,-43.35350561141968,-0.005081166280433536,0.2,0.1754123419523239,4368,0.8240715553984046,0.988586962223053,-2.3251324700000002,1258.0
1734,140800,128,37,0.25732421875,0.0004092704424510632,-4.7227935791015625,0.020095456,-43.35736966133118,-0.027416408083809074,0.2,-0.04350891709327698,4384,0.008233667293097824,0.9893969297409058,-2.3251324700000002,1258.0
1733,141312,129,38,0.2635498046875,0.0004092704424510632,0.16564226150512695,0.017608587,-43.372825145721436,-0.02879406078136526,0.2,-0.034486640244722366,4400,0.008087922222330235,0.9888439178466797,-2.32632363,1258.0
1733,141824,130,38,0.044677734375,0.0004092704424510632,0.5539885759353638,0.01088333,-43.33997666835785,-0.007273343304404989,0.2,0.12097206711769104,4416,0.6134748323820531,0.9882599711418152,-2.32632363,1258.0
1733,142336,131,38,0.25048828125,0.0004092704424510632,-1.0305092334747314,0.017878218,-43.30641329288483,-0.023495874309446663,0.2,-0.028110861778259277,4432,0.02296925219707191,0.9861673712730408,-2.32628213,1258.0
1733,142848,132,38,0.0703125,0.0004092704424510632,0.7198573350906372,0.008867539,-43.25531268119812,-0.012717724603135139,0.2,0.2810656726360321,4448,1.0151375066488981,0.9855011701583862,-2.32628213,1258.0
1733,143360,133,39,0.2962646484375,0.0004092704424510632,-4.713987350463867,0.029653944,-43.262463450431824,-0.03126341517781839,0.2,-0.031059565022587776,4464,0.011016943317372352,0.9864155054092407,-2.32628213,1258.0
1734,143872,134,39,0.24853515625,0.0004092704424510632,0.2268727421760559,0.015871976,-43.29163467884064,-0.025038819119799882,0.2,-0.026818793267011642,4480,0.016457845427794382,0.9860996007919312,-2.3271493600000004,1258.0
1734,144384,135,39,0.1416015625,0.0004092704424510632,0.42600131034851074,0.016427523,-43.28021693229675,-0.013658470263180789,0.2,0.015474338084459305,4496,0.4275743186008185,0.9857257604598999,-2.3271493600000004,1258.0
1735,144896,136,40,0.2840576171875,0.0004092704424510632,-6.207346439361572,0.021713216,-43.2692893743515,-0.02865075969020836,0.2,-0.046897631138563156,4512,0.00464348892273847,0.9855427145957947,-2.32594975,1258.0
1735,145408,137,40,0.0318603515625,0.0004092704424510632,0.29648518562316895,0.0074128723,-43.265798568725586,-0.005281377103528939,0.2,0.1498202383518219,4528,1.1630369136109948,0.9856665134429932,-2.32594975,1258.0
1736,145920,138,40,0.246826171875,0.0004092704424510632,-13.756315231323242,0.017017,-43.25992488861084,-0.024076347326627,0.2,-0.03685053437948227,4544,0.0038896052101335954,0.9852831959724426,-2.32594975,1258.0
1736,146432,139,40,0.136474609375,0.0004092704424510632,0.5736204385757446,0.015023662,-43.240573048591614,-0.017678629490546882,0.2,0.015090953558683395,4560,0.17919559706933796,0.9848239421844482,-2.32454032,1258.0
1736,146944,140,41,0.34765625,0.0004092704424510632,0.46569889783859253,0.039591804,-43.22636091709137,-0.021228710189461708,0.2,-0.01842476986348629,4576,0.2879968631314114,0.9848563075065613,-2.32454032,1258.0
1736,147456,141,41,0.2904052734375,0.0004092704424510632,-1.0727016925811768,0.017842067,-43.231974482536316,-0.03233911648931098,0.2,-0.047976840287446976,4592,0.0036078932098462246,0.9850682616233826,-2.32269024,1258.0
1737,147968,142,41,0.0311279296875,0.0004092704424510632,0.22749465703964233,0.009988403,-43.22280561923981,-0.011060841105063446,0.2,0.10384827852249146,4608,1.0902870460413396,0.9850432872772217,-2.32269024,1258.0
1737,148480,143,42,0.26708984375,0.0004092704424510632,-4.150382041931152,0.023045003,-43.22334313392639,-0.02667624084278941,0.2,-0.03601318597793579,4624,0.0038684245009790175,0.9853954315185547,-2.32380595,1258.0
1737,148992,144,42,0.0775146484375,0.0004092704424510632,0.3523457646369934,0.0104288105,-43.225645422935486,-0.0032398756011389196,0.2,0.15255463123321533,4640,1.2501079682260752,0.9855841398239136,-2.32380595,1258.0
1738,149504,145,42,0.304443359375,0.0004092704424510632,-10.242318153381348,0.025791105,-43.22351896762848,-0.02772564561746549,0.2,-0.04375553876161575,4656,0.003901522319210926,0.9851495027542114,-2.32380595,1258.0
1738,150016,146,43,0.2930908203125,0.0004092704424510632,-0.012826919555664062,0.027622921,-43.2263320684433,-0.025778809213079512,0.2,-0.037923164665699005,4672,0.006549260833708104,0.9869524836540222,-2.32329349,1258.0
1738,150528,147,43,0.07861328125,0.0004092704424510632,0.20905566215515137,0.0121796075,-43.277271151542664,-0.013043220737017691,0.2,0.09177964925765991,4688,1.242188642732799,0.9875656962394714,-2.32329349,1258.0
4040,151040,1,0,0.2890625,0.0004092704424510632,-1.5619144439697266,0.023117473,-43.25473642349243,-0.026790566262206994,0.2,-0.03222271427512169,4704,0.005958159585134126,0.9855328798294067,-2.32527297,1258.0
2438,151552,2,0,0.046630859375,0.0004092704424510632,0.463703453540802,0.012397853,-43.195884108543396,-0.010178064803767484,0.2,0.18838638067245483,4720,1.2210264783352613,0.9846494793891907,-2.32527297,1258.0
2159,152064,3,0,0.2247314453125,0.0004092704424510632,-4.860682487487793,0.01761657,-43.19317328929901,-0.02224508218932897,0.2,-0.028044283390045166,4736,0.008180921118764672,0.9855942130088806,-2.32527297,1258.0
2066,152576,4,0,0.353759765625,0.0004092704424510632,0.08706080913543701,0.035533138,-43.18414747714996,-0.03091930029040668,0.2,-0.038738127797842026,4752,0.006246980061405338,0.9837935566902161,-2.32406016,1258.0
2030,153088,5,1,0.02587890625,0.0004092704424510632,0.42019450664520264,0.006002036,-43.128249168395996,-0.00401736845378764,0.2,0.19382500648498535,4768,1.0717907138168812,0.9831339716911316,-2.32406016,1258.0
1965,153600,6,1,0.3397216796875,0.0004092704424510632,-12.963517189025879,0.03385328,-43.11560678482056,-0.030836551100946963,0.2,-0.028521275147795677,4784,0.006102811174059752,0.982641339302063,-2.32440683,1258.0
1934,154112,7,1,0.078857421875,0.0004092704424510632,0.3173973560333252,0.009031858,-43.09674549102783,-0.009706833079690114,0.2,0.197342187166214,4800,1.2892225263640285,0.9822334051132202,-2.32440683,1258.0
1901,154624,8,2,0.310791015625,0.0004092704424510632,-8.121935844421387,0.023015603,-43.09854781627655,-0.03046094038290903,0.2,-0.04660365357995033,4816,0.0028861740247521084,0.9830371737480164,-2.32440683,1258.0
1887,155136,9,2,0.2353515625,0.0004092704424510632,0.15251171588897705,0.016049879,-43.14306914806366,-0.027479970594868064,0.2,-0.04649464040994644,4832,0.006362488376908004,0.9854483604431152,-2.3240506,1258.0
1868,155648,10,2,0.0396728515625,0.0004092704424510632,0.4254797101020813,0.009508261,-43.18677616119385,-0.011027253516658675,0.2,0.09636512398719788,4848,0.9219281012192369,0.9857494235038757,-2.3240506,1258.0
1862,156160,11,3,0.2432861328125,0.0004092704424510632,-2.4561221599578857,0.025603568,-43.17437708377838,-0.023542422481114045,0.2,-0.02574317157268524,4864,0.04915265378076583,0.9847092032432556,-2.32101314,1258.0
1850,156672,12,3,0.0604248046875,0.0004092704424510632,0.7156031131744385,0.010654176,-43.138405442237854,-0.009618850046535954,0.2,0.5138306021690369,4880,1.4781690817326307,0.984000563621521,-2.32101314,1258.0
1846,157184,13,3,0.31884765625,0.0004092704424510632,-21.801652908325195,0.028796783,-43.127713203430176,-0.031123440858209506,0.2,-0.03719078749418259,4896,0.007777927865390666,0.9838183522224426,-2.32101314,1258.0
1844,157696,14,3,0.246337890625,0.0004092704424510632,0.0639197826385498,0.015294891,-43.14194703102112,-0.02723480599524919,0.2,-0.04081195220351219,4912,0.005091376122436486,0.984779953956604,-2.32006127,1258.0
1838,158208,15,4,0.0426025390625,0.0004092704424510632,0.0896729826927185,0.008273438,-43.16011726856232,-0.009444296403671615,0.2,0.08933859318494797,4928,1.2519329423084855,0.9850953221321106,-2.32006127,1258.0
1832,158720,16,4,0.2684326171875,0.0004092704424510632,-7.449792861938477,0.020731442,-43.1820787191391,-0.026518424798268825,0.2,-0.03352213650941849,4944,0.019026292968192138,0.9869677424430847,-2.31983142,1258.0
1828,159232,17,4,0.068603515625,0.0004092704424510632,0.49883341789245605,0.014769652,-43.237263917922974,-0.012610516445420217,0.2,0.17191281914710999,4960,1.1283814050257206,0.9876783490180969,-2.31983142,1258.0
1824,159744,18,5,0.272216796875,0.0004092704424510632,-16.836496353149414,0.020142166,-43.258944153785706,-0.022872094152262434,0.2,-0.027437647804617882,4976,0.003476451493042987,0.9894737601280212,-2.31983142,1258.0
1821,160256,19,5,0.2647705078125,0.0004092704424510632,0.5035034418106079,0.018672142,-43.28857135772705,-0.030099424795480445,0.2,-0.019980182871222496,4992,0.046577299013733864,0.9890763163566589,-2.32128521,1258.0
1819,160768,20,5,0.15478515625,0.0004092704424510632,0.4689924716949463,0.02489733,-43.25491189956665,-0.013449568883515894,0.2,-0.004362987354397774,5008,0.26367229281459004,0.9883579015731812,-2.32128521,1258.0
1819,161280,21,5,0.26513671875,0.0004092704424510632,-4.159008502960205,0.022880442,-43.24016773700714,-0.023707084415946156,0.2,-0.032773539423942566,5024,0.012067387360730208,0.9875637888908386,-2.32472168,1258.0
1821,161792,22,6,0.0313720703125,0.0004092704424510632,0.27936267852783203,0.009118824,-43.22551929950714,-0.005491010626428761,0.2,0.13053222000598907,5040,1.0382562815211713,0.9872767329216003,-2.32472168,1258.0
1821,162304,23,6,0.2659912109375,0.0004092704424510632,-8.569676399230957,0.021642964,-43.21950650215149,-0.024660125767695718,0.2,-0.03810594603419304,5056,0.003576290007913485,0.9869070649147034,-2.32630911,1258.0
1820,162816,24,6,0.0137939453125,0.0004092704424510632,0.4037904739379883,0.0069636363,-43.212469696998596,-0.0032417209004051983,0.2,0.18349182605743408,5072,1.282546323724091,0.9869561791419983,-2.32630911,1258.0
1815,163328,25,7,0.240478515625,0.0004092704424510632,-4.166810512542725,0.021982264,-43.23099708557129,-0.02009679477487225,0.2,-0.017064465209841728,5088,0.01477572473231703,0.9883823990821838,-2.32630911,1258.0
1816,163840,26,7,0.24072265625,0.0004092704424510632,-0.027668356895446777,0.015074791,-43.261475801467896,-0.023657773868762888,0.2,-0.03281836584210396,5104,0.0020379769266583025,0.9881596565246582,-2.3263572,1258.0
1814,164352,27,7,0.0281982421875,0.0004092704424510632,0.35498136281967163,0.007090425,-43.25790619850159,-0.002449793028063141,0.2,0.15068143606185913,5120,1.2815824477002025,0.9880105257034302,-2.3263572,1258.0
1813,164864,28,7,0.30419921875,0.0004092704424510632,-10.824134826660156,0.028888777,-43.24240696430206,-0.029596478445455432,0.2,-0.044361263513565063,5136,0.006788647926441627,0.987189769744873,-2.3260124199999996,1258.0
1811,165376,29,8,0.0589599609375,0.0004092704424510632,0.3730233907699585,0.008401143,-43.21168899536133,-0.0030094624671619385,0.2,0.3001016676425934,5152,1.3495450504124165,0.9869835376739502,-2.3260124199999996,1258.0
1809,165888,30,8,0.2469482421875,0.0004092704424510632,-2.6442205905914307,0.01639796,-43.19389796257019,-0.02873262850334868,0.2,-0.03729856386780739,5168,0.0036755602468474535,0.9861571192741394,-2.3260124199999996,1258.0
1809,166400,31,8,0.27294921875,0.0004092704424510632,0.0385744571685791,0.02280678,-43.150906920433044,-0.02692820894299075,0.2,-0.022331010550260544,5184,0.0057328436014358886,0.9846268892288208,-2.3271188499999997,1258.0
1809,166912,32,9,0.0491943359375,0.0004092704424510632,0.4784556031227112,0.009856568,-43.11444807052612,-0.007545198197476566,0.2,0.13189737498760223,5200,1.0879674842581153,0.9843248724937439,-2.3271188499999997,1258.0
1809,167424,33,9,0.2735595703125,0.0004092704424510632,-9.35029411315918,0.01734979,-43.12910580635071,-0.026735737774288282,0.2,-0.039430249482393265,5216,0.004616253499989398,0.9858489632606506,-2.32734737,1258.0
1809,167936,34,9,0.0345458984375,0.0004092704424510632,0.44675391912460327,0.007995209,-43.17345345020294,-0.008647091090097092,0.2,0.1847795844078064,5232,1.4344032099470496,0.9864485263824463,-2.32734737,1258.0
1807,168448,35,9,0.255859375,0.0004092704424510632,-7.235654830932617,0.024669062,-43.20414078235626,-0.02283785662439186,0.2,-0.034001801162958145,5248,0.0070168964375625364,0.9881587028503418,-2.32734737,1258.0
1806,168960,36,10,0.3135986328125,0.0004092704424510632,0.10773420333862305,0.020512166,-43.25099718570709,-0.03138239216059446,0.2,-0.04427553713321686,5264,0.004923990112729371,0.9880723357200623,-2.3258465999999998,1258.0
1806,169472,37,10,0.041259765625,0.0004092704424510632,0.4005165696144104,0.007943538,-43.23333513736725,-0.00869802650413476,0.2,0.1048252135515213,5280,1.0596115989610553,0.9878534078598022,-2.3258465999999998,1258.0
1806,169984,38,10,0.2515869140625,0.0004092704424510632,-1.2453603744506836,0.027512962,-43.24010181427002,-0.025415667114430107,0.2,-0.00487808883190155,5296,0.09582611382938921,0.9890425205230713,-2.3266499,1258.0
1805,170496,39,11,0.05615234375,0.0004092704424510632,0.5256447792053223,0.009322109,-43.27568030357361,-0.01401514673489146,0.2,0.1599007397890091,5312,1.115628942847252,0.9894894957542419,-2.3266499,1258.0
1804,171008,40,11,0.2791748046875,0.0004092704424510632,-5.230380058288574,0.025508989,-43.26960277557373,-0.025259453570470214,0.2,-0.04097476229071617,5328,0.0028645243401115295,0.9889475107192993,-2.3266499,1258.0
1804,171520,41,11,0.263427734375,0.0004092704424510632,0.17323166131973267,0.017705005,-43.23662722110748,-0.025865922623779625,0.2,-0.0376812182366848,5344,0.006027478346368298,0.9870395660400391,-2.32417584,1258.0
1802,172032,42,11,0.12939453125,0.0004092704424510632,0.5041407942771912,0.012096696,-43.18141460418701,-0.015686544793425128,0.2,0.05076664686203003,5360,0.572264741640538,0.9862792491912842,-2.32417584,1258.0
1802,172544,43,12,0.21044921875,0.0004092704424510632,-4.955142498016357,0.016856302,-43.18766450881958,-0.019680152036016807,0.2,-0.020658450201153755,5376,0.01870181766571477,0.9874557852745056,-2.32420077,1258.0
1802,173056,44,12,0.02099609375,0.0004092704424510632,0.5129705667495728,0.00731655,-43.22257363796234,-0.005354062726837583,0.2,0.13088855147361755,5392,1.0177459623664618,0.9880916476249695,-2.32420077,1258.0
1801,173568,45,12,0.2078857421875,0.0004092704424510632,-6.806798934936523,0.01482307,-43.2145254611969,-0.022812801209511235,0.2,-0.03648686036467552,5408,0.0023685126780037535,0.9870994091033936,-2.32420077,1258.0
1800,174080,46,13,0.2158203125,0.0004092704424510632,0.40351182222366333,0.01213166,-43.18661415576935,-0.020055499189766124,0.2,-0.018612734973430634,5424,0.010251673229504377,0.9868842363357544,-2.3236383,1258.0
1801,174592,47,13,0.06298828125,0.0004092704424510632,0.2574671506881714,0.011445202,-43.187772274017334,-0.010854539097636007,0.2,0.052507154643535614,5440,0.6652854910353199,0.9868999719619751,-2.3236383,1258.0
1802,175104,48,13,0.251953125,0.0004092704424510632,-1.5875260829925537,0.0204819,-43.197625160217285,-0.026676470966776833,0.2,-0.03565819188952446,5456,0.004301618770114146,0.9872874617576599,-2.32350538,1258.0
1801,175616,49,13,0.0048828125,0.0004092704424510632,0.5127173066139221,0.0045936876,-43.20270657539368,-0.0014890227757859975,0.2,0.1606435924768448,5472,1.325601538643241,0.9870943427085876,-2.32350538,1258.0
1800,176128,50,14,0.2652587890625,0.0004092704424510632,-1.5017008781433105,0.020271495,-43.19925308227539,-0.02369266927416902,0.2,-0.025460967794060707,5488,0.017503684328403324,0.9870992302894592,-2.3241610799999997,1258.0
1803,176640,51,14,0.0291748046875,0.0004092704424510632,0.6442593932151794,0.00952084,-43.20429039001465,-0.009204961053910665,0.2,0.23495766520500183,5504,1.03048737347126,0.9871901273727417,-2.3241610799999997,1258.0
1802,177152,52,14,0.2593994140625,0.0004092704424510632,-12.740564346313477,0.021326706,-43.19936406612396,-0.024860530786099844,0.2,-0.02835162915289402,5520,0.006203773104061838,0.9862726330757141,-2.3241610799999997,1258.0
1802,177664,53,15,0.240966796875,0.0004092704424510632,0.032620131969451904,0.016695691,-43.18036675453186,-0.027029093325836584,0.2,-0.035761915147304535,5536,0.0032254067409667186,0.9867553114891052,-2.32334861,1258.0
1800,178176,54,15,0.018798828125,0.0004092704424510632,0.2577923536300659,0.008028263,-43.19822597503662,-0.007210026946268044,0.2,0.11865372955799103,5552,1.1013132901862264,0.9871799945831299,-2.32334861,1258.0
1800,178688,55,15,0.2991943359375,0.0004092704424510632,-3.8106331825256348,0.027052458,-43.22419261932373,-0.02397239371202886,0.2,-0.02301553264260292,5568,0.006737917596183252,0.9889342784881592,-2.32485624,1258.0
1798,179200,56,15,0.01318359375,0.0004092704424510632,0.39136314392089844,0.006501684,-43.270270586013794,-0.002891556534450501,0.2,0.14889387786388397,5584,1.1750926421955228,0.9891522526741028,-2.32485624,1258.0
1798,179712,57,16,0.2835693359375,0.0004092704424510632,-11.295924186706543,0.025835823,-43.24319553375244,-0.028294156538322568,0.2,-0.03703562915325165,5600,0.0034619239249877864,0.9876992106437683,-2.32485624,1258.0
1798,180224,58,16,0.2694091796875,0.0004092704424510632,0.034697115421295166,0.020360976,-43.18760967254639,-0.02588425189605914,0.2,-0.04146922007203102,5616,0.005976282947813161,0.9860256910324097,-2.32462796,1258.0
1799,180736,59,16,0.0167236328125,0.0004092704424510632,0.4928232431411743,0.005319936,-43.1558620929718,-0.0029477385032805614,0.2,0.15356972813606262,5632,1.2081877375021577,0.985623300075531,-2.32462796,1258.0
1799,181248,60,17,0.25048828125,0.0004092704424510632,-1.0129508972167969,0.022006933,-43.14053428173065,-0.0258680563129019,0.2,-0.026155347004532814,5648,0.031387042079586536,0.9844647645950317,-2.32583947,1258.0
1800,181760,61,17,0.0272216796875,0.0004092704424510632,0.5813848972320557,0.006187208,-43.10920763015747,-0.0038413161964854226,0.2,0.19818004965782166,5664,1.0671324105933309,0.9840811491012573,-2.32583947,1258.0
1798,182272,62,17,0.3004150390625,0.0004092704424510632,-9.560202598571777,0.020047858,-43.11992585659027,-0.03285138362844009,0.2,-0.04324774816632271,5680,0.005505490087671205,0.9849575161933899,-2.32583947,1258.0
1797,182784,63,17,0.24755859375,0.0004092704424510632,0.16012346744537354,0.018971398,-43.14169180393219,-0.022463869405328296,0.2,-0.04280371963977814,5696,0.005923769407672808,0.9843196272850037,-2.32722878,1258.0
1797,183296,64,18,0.044189453125,0.0004092704424510632,0.5687525272369385,0.010038039,-43.113635659217834,-0.012064686510711908,0.2,0.13282620906829834,5712,0.8100750911980867,0.9838399291038513,-2.32722878,1258.0
1797,183808,65,18,0.31787109375,0.0004092704424510632,-4.175876617431641,0.02701722,-43.10080599784851,-0.029091875578160398,0.2,-0.03531782329082489,5728,0.005405649710155558,0.9834379553794861,-2.32506739,1258.0
1798,184320,66,18,0.03076171875,0.0004092704424510632,0.17020761966705322,0.008078384,-43.09362494945526,-0.008866668184055015,0.2,0.11594843864440918,5744,1.3451527818106115,0.9837268590927124,-2.32506739,1258.0
1797,184832,67,19,0.2989501953125,0.0004092704424510632,-2.224836826324463,0.020051632,-43.10629069805145,-0.026574926974717528,0.2,-0.041399359703063965,5760,0.00496804561407771,0.9840545058250427,-2.32506739,1258.0
1797,185344,68,19,0.2672119140625,0.0004092704424510632,0.20475244522094727,0.021972913,-43.10755980014801,-0.026075067522469908,0.2,-0.03684496134519577,5776,0.0058239220234099776,0.9844006299972534,-2.3243804200000002,1258.0
1798,185856,69,19,0.076171875,0.0004092704424510632,0.5964542627334595,0.014695862,-43.12196409702301,-0.01515731104882434,0.2,0.09550251811742783,5792,0.6467243316583335,0.9846020936965942,-2.3243804200000002,1258.0
1797,186368,70,19,0.2095947265625,0.0004092704424510632,-0.28465235233306885,0.018516194,-43.13605713844299,-0.02371865403256379,0.2,0.029123317450284958,5808,0.13378453557379544,0.9857057929039001,-2.32446701,1258.0
1797,186880,71,20,0.0455322265625,0.0004092704424510632,0.8289027214050293,0.0104061635,-43.16167724132538,-0.011024912979337387,0.2,0.7882470488548279,5824,1.4933640696108341,0.9861105680465698,-2.32446701,1258.0
1797,187392,72,20,0.2467041015625,0.0004092704424510632,-23.270069122314453,0.022452822,-43.15916574001312,-0.022823659528512508,0.2,-0.0353294238448143,5840,0.022777828125981614,0.9853268265724182,-2.32446701,1258.0
1797,187904,73,20,0.28369140625,0.0004092704424510632,0.28732413053512573,0.022780387,-43.12500250339508,-0.029856622917577624,0.2,-0.028756704181432724,5856,0.01658976005273871,0.9837847948074341,-2.32271435,1258.0
1797,188416,74,21,0.0911865234375,0.0004092704424510632,0.33487969636917114,0.011237243,-43.089879155159,-0.016208825312787667,0.2,0.06409060209989548,5872,0.8381683453917503,0.983283281326294,-2.32271435,1258.0
1798,188928,75,21,0.30322265625,0.0004092704424510632,-2.792360305786133,0.025740687,-43.076435565948486,-0.02591066012973897,0.2,-0.03029295615851879,5888,0.007594370315928245,0.9823903441429138,-2.32048605,1258.0
1798,189440,76,21,0.0235595703125,0.0004092704424510632,0.43708884716033936,0.0074995756,-43.049620628356934,-0.007330816864850931,0.2,0.16449792683124542,5904,1.1613875580951571,0.9820371270179749,-2.32048605,1258.0
1798,189952,77,21,0.235595703125,0.0004092704424510632,-11.557657241821289,0.017500538,-43.054492592811584,-0.018006233367486857,0.2,-0.011338911950588226,5920,0.0062469724762195256,0.9825968742370605,-2.32048605,1258.0
1798,190464,78,22,0.1202392578125,0.0004092704424510632,0.6014916896820068,0.020165881,-43.070022225379944,-0.01671225085738115,0.2,0.08765020966529846,5936,0.5093189710751176,0.982304036617279,-2.32045629,1258.0
1798,190976,79,22,0.231689453125,0.0004092704424510632,0.7856540679931641,0.029200025,-43.05265128612518,-0.018215515337942634,0.2,-0.02128002420067787,5952,0.05551291728625074,0.9813672304153442,-2.32045629,1258.0
1798,191488,80,22,0.2999267578125,0.0004092704424510632,-0.28625917434692383,0.0209793,-43.05138826370239,-0.028832913259975612,0.2,-0.03427860140800476,5968,0.008541666058590636,0.9819009900093079,-2.31989212,1258.0
1798,192000,81,23,0.0123291015625,0.0004092704424510632,0.6412546038627625,0.0059633087,-43.072362780570984,-0.006131071873824112,0.2,0.3610895872116089,5984,1.2132112039253116,0.9821526408195496,-2.31989212,1258.0
1798,192512,82,23,0.2769775390625,0.0004092704424510632,-18.550918579101562,0.021076696,-43.10383331775665,-0.02903833970776759,0.2,-0.03850060701370239,6000,0.007466027047485113,0.984437108039856,-2.31852418,1258.0
1798,193024,83,23,0.02001953125,0.0004092704424510632,0.3499731421470642,0.006619921,-43.17121601104736,-0.007854930809116922,0.2,0.17092585563659668,6016,1.2965965531766415,0.9852635860443115,-2.31852418,1258.0
1797,193536,84,23,0.2928466796875,0.0004092704424510632,-8.013650894165039,0.026571104,-43.172521471977234,-0.024441983594442718,0.2,-0.03448377922177315,6032,0.005674759868270485,0.9844772219657898,-2.31852418,1258.0
1796,194048,85,24,0.231201171875,0.0004092704424510632,-0.019378662109375,0.015156203,-43.16181290149689,-0.026143007940845564,0.2,-0.03388882428407669,6048,0.005469223418913316,0.9848042726516724,-2.3163298599999997,1258.0
1796,194560,86,24,0.023193359375,0.0004092704424510632,0.45287907123565674,0.008009979,-43.18508195877075,-0.00959563857759349,0.2,0.12042213976383209,6064,1.1423041177913547,0.9850649237632751,-2.3163298599999997,1258.0
1795,195072,87,24,0.293212890625,0.0004092704424510632,-3.123257637023926,0.03020346,-43.179941177368164,-0.026348147686803713,0.2,-0.03108903206884861,6080,0.010770194145152345,0.9846890568733215,-2.3133059199999995,1258.0
1794,195584,88,25,0.0462646484375,0.0004092704424510632,0.5195136666297913,0.010204079,-43.17550086975098,-0.01611847990716342,0.2,0.15860727429389954,6096,1.2518409034237266,0.9849459528923035,-2.3133059199999995,1258.0
1793,196096,89,25,0.2451171875,0.0004092704424510632,-7.288681983947754,0.017956723,-43.18728041648865,-0.022114272811450064,0.2,-0.03349611163139343,6112,0.009057493283762597,0.985689640045166,-2.3133059199999995,1258.0
1794,196608,90,25,0.3414306640625,0.0004092704424510632,0.0418550968170166,0.030290363,-43.21489107608795,-0.03392148140119389,0.2,-0.026411861181259155,6128,0.005421311303507537,0.9868711829185486,-2.3130216399999997,1258.0
1794,197120,91,25,0.02734375,0.0004092704424510632,0.4313448667526245,0.008323878,-43.23109996318817,-0.009857056618784554,0.2,0.16641715168952942,6144,1.167656492907554,0.9872370958328247,-2.3130216399999997,1258.0
1793,197632,92,26,0.281982421875,0.0004092704424510632,-7.282296180725098,0.021607727,-43.24130415916443,-0.026974837732268497,0.2,-0.050016745924949646,6160,0.009058225674380083,0.9883183836936951,-2.3122134299999995,1258.0
1793,198144,93,26,0.0401611328125,0.0004092704424510632,0.5190464854240417,0.00870019,-43.27790832519531,-0.008516991540091112,0.2,0.11709335446357727,6176,0.9452533842995763,0.9888396263122559,-2.3122134299999995,1258.0
1794,198656,94,26,0.29736328125,0.0004092704424510632,-4.3669328689575195,0.024537094,-43.26405620574951,-0.02586954848084133,0.2,-0.029297657310962677,6192,0.004509300852078013,0.9878113269805908,-2.3122134299999995,1258.0
1793,199168,95,27,0.245361328125,0.0004092704424510632,0.10123997926712036,0.020001218,-43.212427616119385,-0.026941510965116322,0.2,-0.03668058291077614,6208,0.005277501622913405,0.9856898784637451,-2.31166394,1258.0
1793,199680,96,27,0.05224609375,0.0004092704424510632,0.5046674013137817,0.011579467,-43.16718637943268,-0.00943828398885671,0.2,0.07921984046697617,6224,0.7906918944790959,0.9851108193397522,-2.31166394,1258.0
1792,200192,97,27,0.267578125,0.0004092704424510632,-1.0994646549224854,0.022543026,-43.18626618385315,-0.021142248282558285,0.2,-0.01978772133588791,6240,0.019833121332339942,0.9869903326034546,-2.3091588,1258.0
1792,200704,98,27,0.0435791015625,0.0004092704424510632,0.7148065567016602,0.011338709,-43.22907888889313,-0.0075867162449867465,0.2,0.22555741667747498,6256,1.1094931149855256,0.9874322414398193,-2.3091588,1258.0
1791,201216,99,28,0.2762451171875,0.0004092704424510632,-19.358993530273438,0.018000841,-43.22169077396393,-0.02667196173570119,0.2,-0.037462249398231506,6272,0.006087973972171312,0.9868379235267639,-2.3091588,1258.0
1791,201728,100,28,0.3348388671875,0.0004092704424510632,0.16790771484375,0.026595157,-43.18955588340759,-0.03550197440199554,0.2,-0.053441304713487625,6288,0.006497259688330814,0.9852297902107239,-2.30976497,1258.0
1791,202240,101,28,0.05517578125,0.0004092704424510632,0.4491228461265564,0.011569057,-43.143576979637146,-0.010135725198779255,0.2,0.042593300342559814,6304,0.630248301429674,0.984871506690979,-2.30976497,1258.0
1791,202752,102,29,0.2685546875,0.0004092704424510632,-7.086042404174805,0.021096528,-43.15704572200775,-0.027904089118237607,0.2,-0.03687024116516113,6320,0.016089347773231566,0.9863905310630798,-2.3091012600000003,1258.0
1792,203264,103,29,0.043212890625,0.0004092704424510632,0.22542810440063477,0.011610553,-43.19873487949371,-0.011489047035865951,0.2,0.17500662803649902,6336,1.4373267646878958,0.986881673336029,-2.3091012600000003,1258.0
1792,203776,104,29,0.3031005859375,0.0004092704424510632,-9.144275665283203,0.024179112,-43.189361333847046,-0.028154689513030462,0.2,-0.0379984974861145,6352,0.002515753623811179,0.9861286878585815,-2.3091012600000003,1258.0
1792,204288,105,29,0.214111328125,0.0004092704424510632,0.3990529179573059,0.020669907,-43.17503011226654,-0.025459677475737408,0.2,0.014160152524709702,6368,0.13877104804851115,0.9857900738716125,-2.30956494,1258.0
1792,204800,106,30,0.1256103515625,0.0004092704424510632,0.6447552442550659,0.026486006,-43.1684855222702,-0.014449726237216964,0.2,-0.021451184526085854,6384,0.26972891320474446,0.9857773184776306,-2.30956494,1258.0
1792,205312,107,30,0.3160400390625,0.0004092704424510632,-3.641005516052246,0.025012838,-43.133511543273926,-0.03191920052631758,0.2,-0.04027286916971207,6400,0.005315147922374308,0.9825534224510193,-2.3098733,1258.0
1792,205824,108,30,0.0377197265625,0.0004092704424510632,0.4825090169906616,0.010416405,-43.0540167093277,-0.01136206836963538,0.2,0.12636233866214752,6416,1.157087049447,0.9815866947174072,-2.3098733,1258.0
1792,206336,109,31,0.2708740234375,0.0004092704424510632,-5.393263339996338,0.019193187,-43.07272207736969,-0.02733560945489444,0.2,-0.03855731338262558,6432,0.01194815976487007,0.9838433265686035,-2.30906836,1258.0
1793,206848,110,31,0.031494140625,0.0004092704424510632,0.58657306432724,0.007557007,-43.13378989696503,-0.004206203724606894,0.2,0.16785772144794464,6448,1.3985893689095974,0.9847725033760071,-2.30906836,1258.0
1793,207360,111,31,0.2615966796875,0.0004092704424510632,-12.677886962890625,0.02075793,-43.13551986217499,-0.027219636976951733,0.2,-0.03482967987656593,6464,0.008159039993188344,0.9837201237678528,-2.30906836,1258.0
1793,207872,112,31,0.2235107421875,0.0004092704424510632,0.024001717567443848,0.016883008,-43.0803747177124,-0.023641941894311458,0.2,-0.03311342000961304,6480,0.002644403761223657,0.9817236661911011,-2.30832415,1258.0
1792,208384,113,32,0.0155029296875,0.0004092704424510632,0.38837307691574097,0.0066767917,-43.034098982810974,-0.005654153806972317,0.2,0.12264638394117355,6496,1.1484663663432002,0.9810236692428589,-2.30832415,1258.0
1793,208896,114,32,0.264404296875,0.0004092704424510632,-11.200366973876953,0.01958061,-43.013301968574524,-0.02757041134464089,0.2,-0.04360659047961235,6512,0.009660996562161017,0.980849027633667,-2.3059123799999997,1258.0
1794,209408,115,32,0.018310546875,0.0004092704424510632,0.5085748434066772,0.0063366885,-43.00666666030884,-0.00647504653170472,0.2,0.17953051626682281,6528,1.0987276434898376,0.9808344841003418,-2.3059123799999997,1258.0
1794,209920,116,33,0.2860107421875,0.0004092704424510632,-6.4644036293029785,0.024384446,-43.005306243896484,-0.029466451844200492,0.2,-0.04345373809337616,6544,0.0030166838805598672,0.9809356331825256,-2.3059123799999997,1258.0
1794,210432,117,33,0.269287109375,0.0004092704424510632,-0.007443070411682129,0.019721523,-43.00719916820526,-0.024814153599436395,0.2,-0.03263133391737938,6560,0.006144386803498492,0.9812133312225342,-2.3058450899999996,1258.0
1794,210944,118,33,0.01953125,0.0004092704424510632,0.4122418165206909,0.006385997,-43.01470339298248,-0.005288333210046403,0.2,0.12154820561408997,6576,1.1469726925715804,0.9814222455024719,-2.3058450899999996,1258.0
1794,211456,119,33,0.26171875,0.0004092704424510632,-12.648955345153809,0.023123544,-43.02398371696472,-0.02145679749082774,0.2,-0.025870122015476227,6592,0.006662980224064086,0.9821083545684814,-2.30358955,1258.0
1795,211968,120,34,0.01318359375,0.0004092704424510632,0.3361077904701233,0.0056155445,-43.037415623664856,-0.0074530611163936555,0.2,0.18586568534374237,6608,1.3690067240968347,0.9824837446212769,-2.30358955,1258.0
1795,212480,121,34,0.2498779296875,0.0004092704424510632,-2.907883882522583,0.016006121,-43.05401158332825,-0.024549867754103616,0.2,-0.03586966171860695,6624,0.003342264830280328,0.9831666350364685,-2.30358955,1258.0
1795,212992,122,34,0.3028564453125,0.0004092704424510632,0.196699857711792,0.022052675,-43.077365040779114,-0.028029847861034796,0.2,-0.038930799812078476,6640,0.005352234584279358,0.984307050704956,-2.3014007399999996,1258.0
1795,213504,123,35,0.032958984375,0.0004092704424510632,0.6052913069725037,0.007847365,-43.10514771938324,-0.010054891943582334,0.2,0.16334575414657593,6656,0.9609047099947929,0.9846600294113159,-2.3014007399999996,1258.0
1796,214016,124,35,0.2615966796875,0.0004092704424510632,-0.26240527629852295,0.024585843,-43.10688662528992,-0.02082197548588738,0.2,0.03233392909169197,6672,0.14239601232111454,0.9844217896461487,-2.2988440699999995,1258.0
1796,214528,125,35,0.01806640625,0.0004092704424510632,0.774804949760437,0.0049455706,-43.10394299030304,-0.004462110824533738,0.2,0.48124510049819946,6688,1.6624560859054327,0.9843302369117737,-2.2988440699999995,1258.0
1796,215040,126,35,0.2742919921875,0.0004092704424510632,-26.701229095458984,0.032180414,-43.087658762931824,-0.02326705116138328,0.2,-0.03506667912006378,6704,0.015572461968986318,0.9831936955451965,-2.2988440699999995,1258.0
1795,215552,127,36,0.2705078125,0.0004092704424510632,0.11347651481628418,0.017236292,-43.06287145614624,-0.027923066925723106,0.2,-0.029816558584570885,6720,0.006274743325775489,0.9833077192306519,-2.2974744599999997,1258.0
1794,216064,128,36,0.0250244140625,0.0004092704424510632,0.35208821296691895,0.008280901,-43.06089007854462,-0.012124773347750306,0.2,0.0401824451982975,6736,1.1440088520757854,0.9833022356033325,-2.2974744599999997,1258.0
1793,216576,129,36,0.276123046875,0.0004092704424510632,-1.156442642211914,0.021532394,-43.06970250606537,-0.025775843925657682,0.2,-0.017675189301371574,6752,0.03630088729551062,0.9845519661903381,-2.2980790499999997,1258.0
1793,217088,130,37,0.05029296875,0.0004092704424510632,0.5477035045623779,0.0101699745,-43.10243880748749,-0.007817874764441513,0.2,0.14611676335334778,6768,0.9110206346958876,0.9850847125053406,-2.2980790499999997,1258.0
1793,217600,131,37,0.249267578125,0.0004092704424510632,-10.952347755432129,0.018986678,-43.09952402114868,-0.022500630162539892,0.2,-0.03430455923080444,6784,0.005434213187982095,0.985271692276001,-2.2980790499999997,1258.0
1793,218112,132,37,0.2274169921875,0.0004092704424510632,0.4600326418876648,0.016697936,-43.10191333293915,-0.024418075743597,0.2,0.03285326436161995,6800,0.13191647920757532,0.9851288795471191,-2.29612635,1258.0
1793,218624,133,37,0.1689453125,0.0004092704424510632,0.708435595035553,0.030555448,-43.09633445739746,-0.026005182866356336,0.2,-0.017935900017619133,6816,0.3731687833205797,0.9845317602157593,-2.29612635,1258.0
1794,219136,134,38,0.276123046875,0.0004092704424510632,-1.3465585708618164,0.01928847,-43.114020347595215,-0.02663692118949257,0.2,-0.033111292868852615,6832,0.005831855232827365,0.9870701432228088,-2.2973217399999997,1258.0
1793,219648,135,38,0.017822265625,0.0004092704424510632,0.40572887659072876,0.006733727,-43.19338059425354,-0.006214497043401934,0.2,0.15814101696014404,6848,1.2192526683211327,0.98813396692276,-2.2973217399999997,1258.0
1793,220160,136,38,0.252685546875,0.0004092704424510632,-6.1500935554504395,0.018034505,-43.20118486881256,-0.023014389618765563,0.2,-0.03412288427352905,6864,0.005458015064505162,0.9882503747940063,-2.2971617799999997,1258.0
1792,220672,137,39,0.05419921875,0.0004092704424510632,0.5919182896614075,0.0121952,-43.20587110519409,-0.0125176424626261,0.2,0.18909871578216553,6880,1.1703463392332196,0.9880803227424622,-2.2971617799999997,1258.0
1792,221184,138,39,0.2972412109375,0.0004092704424510632,-11.383179664611816,0.021396728,-43.19559860229492,-0.027721880935132504,0.2,-0.04357282817363739,6896,0.0041447545554547105,0.9874967336654663,-2.2971617799999997,1258.0
1792,221696,139,39,0.2667236328125,0.0004092704424510632,0.04712313413619995,0.017731935,-43.20215845108032,-0.028133139858255163,0.2,-0.03700542822480202,6912,0.0032874435564735904,0.9891704320907593,-2.29526403,1258.0
1791,222208,140,40,0.0194091796875,0.0004092704424510632,0.37702393531799316,0.00795465,-43.249151825904846,-0.007383148462395184,0.2,0.14192403852939606,6928,1.1485846526920795,0.9897666573524475,-2.29526403,1258.0
1791,222720,141,40,0.2791748046875,0.0004092704424510632,-2.1047444343566895,0.017960954,-43.272913336753845,-0.024733112048124894,0.2,-0.034898024052381516,6944,0.0053242728899931535,0.9918524026870728,-2.2943646699999998,1258.0
1791,223232,142,40,0.0107421875,0.0004092704424510632,0.4754894971847534,0.00620813,-43.32183301448822,-0.00348432372265961,0.2,0.1478942632675171,6960,1.21927160769701,0.9925764799118042,-2.2943646699999998,1258.0
1791,223744,143,40,0.3258056640625,0.0004092704424510632,-7.853949546813965,0.030436276,-43.323989510536194,-0.03156846878118813,0.2,-0.0497678741812706,6976,0.0028425736491044518,0.9923484921455383,-2.2943646699999998,1258.0
1792,224256,144,41,0.3126220703125,0.0004092704424510632,0.001932978630065918,0.028308783,-43.27378225326538,-0.03147196328791324,0.2,-0.05279594659805298,6992,0.005021243930968922,0.9893929958343506,-2.29081639,1258.0
1791,224768,145,41,0.0223388671875,0.0004092704424510632,0.46859925985336304,0.007821836,-43.19479012489319,-0.00546116083569359,0.2,0.10578571259975433,7008,1.0114336786791682,0.9886775612831116,-2.29081639,1258.0
1791,225280,146,41,0.2657470703125,0.0004092704424510632,-5.773592948913574,0.021982156,-43.17319476604462,-0.025534331856761128,0.2,-0.030449513345956802,7024,0.0043266811917419545,0.986971914768219,-2.28702449,1258.0
1791,225792,147,42,0.01416015625,0.0004092704424510632,0.5102490186691284,0.0060603935,-43.139952301979065,-0.007506021283916198,0.2,0.15568920969963074,7040,1.1779481004923582,0.9865796566009521,-2.28702449,1258.0
4112,226304,1,0,0.30419921875,0.0004092704424510632,-15.701871871948242,0.024257673,-43.162365674972534,-0.02436201021191664,0.2,-0.03605576977133751,7056,0.005921287247474538,0.9883976578712463,-2.28702449,1258.0
2444,226816,2,0,0.2857666015625,0.0004092704424510632,0.1404486894607544,0.021000538,-43.20311939716339,-0.02671902762085665,0.2,-0.04285604879260063,7072,0.0041691591395647265,0.9890422224998474,-2.28328187,1258.0
2110,227328,3,0,0.0382080078125,0.0004092704424510632,0.5391927361488342,0.007189329,-43.213414907455444,-0.007172266661655158,0.2,0.10147292166948318,7088,0.9508710349909961,0.989060640335083,-2.28328187,1258.0
2013,227840,4,1,0.2857666015625,0.0004092704424510632,-4.88104772567749,0.02553472,-43.2162389755249,-0.027155265328474343,0.2,-0.017166195437312126,7104,0.006451897024817299,0.9889475107192993,-2.2787836,1258.0
1969,228352,5,1,0.0618896484375,0.0004092704424510632,0.40189796686172485,0.012011806,-43.2184317111969,-0.012289288395550102,0.2,0.1065322756767273,7120,1.123493638355285,0.988848090171814,-2.2787836,1258.0
1931,228864,6,1,0.2913818359375,0.0004092704424510632,-4.138636589050293,0.021157436,-43.18360948562622,-0.02691351986140944,0.2,-0.0407889299094677,7136,0.003519517140375683,0.9865517020225525,-2.2787836,1258.0
1909,229376,7,1,0.269287109375,0.0004092704424510632,0.3099011778831482,0.016132588,-43.14298152923584,-0.029355879232753068,0.2,-0.04472212493419647,7152,0.007311761117307469,0.9871189594268799,-2.27722946,1258.0
1889,229888,8,2,0.0440673828125,0.0004092704424510632,0.6170899868011475,0.008579269,-43.16223645210266,-0.007341607943089912,0.2,0.10237303376197815,7168,0.7799518145620823,0.987328827381134,-2.27722946,1258.0
1881,230400,9,2,0.2923583984375,0.0004092704424510632,-7.616763114929199,0.026130449,-43.16483449935913,-0.026590163353830576,0.2,-0.039672862738370895,7184,0.01229581277584657,0.9881793856620789,-2.27620464,1258.0
1864,230912,10,2,0.0911865234375,0.0004092704424510632,0.3484724164009094,0.014531383,-43.19030725955963,-0.013075908624159638,0.2,0.09251940995454788,7200,0.9819511617533863,0.9885658621788025,-2.27620464,1258.0
1853,231424,11,3,0.262939453125,0.0004092704424510632,-7.2577056884765625,0.01710229,-43.22531175613403,-0.0282691445609089,0.2,-0.03714151680469513,7216,0.0013916009856984601,0.9908096790313721,-2.27620464,1258.0
1845,231936,12,3,0.126220703125,0.0004092704424510632,0.3877401351928711,0.015063376,-43.29155421257019,-0.013727321536862291,0.2,0.021609604358673096,7232,0.16521378653123975,0.991443932056427,-2.27270204,1258.0
1838,232448,13,3,0.04736328125,0.0004092704424510632,0.5679029226303101,0.012011059,-43.296881675720215,-0.010642019187798724,0.2,0.014823723584413528,7248,0.7265964101534337,0.9916706085205078,-2.27270204,1258.0
1838,232960,14,3,0.2999267578125,0.0004092704424510632,-0.9664593935012817,0.023171345,-43.307883620262146,-0.03375953735667281,0.2,-0.03903020918369293,7264,0.022327077720547095,0.991791844367981,-2.2692231599999997,1258.0
1830,233472,15,4,0.0172119140625,0.0004092704424510632,0.5379059314727783,0.007259093,-43.31136751174927,-0.0072143669094657525,0.2,0.11772523820400238,7280,1.2543688984587789,0.9916658997535706,-2.2692231599999997,1258.0
1826,233984,16,4,0.2586669921875,0.0004092704424510632,-8.455997467041016,0.022913627,-43.2917914390564,-0.02573947818018496,0.2,-0.029731085523962975,7296,0.002538916127377888,0.9902504682540894,-2.2692231599999997,1258.0
1821,234496,17,4,0.164794921875,0.0004092704424510632,0.5355993509292603,0.019668985,-43.262378454208374,-0.02267402916913852,0.2,0.02662932127714157,7312,0.26341546094045043,0.990135133266449,-2.2674640399999997,1258.0
1818,235008,18,5,0.2567138671875,0.0004092704424510632,0.5293904542922974,0.030182507,-43.264326333999634,-0.01576311417738907,0.2,0.037836868315935135,7328,0.31275659101083875,0.9903854727745056,-2.2674640399999997,1258.0
1813,235520,19,5,0.259765625,0.0004092704424510632,-8.97632122039795,0.018460862,-43.25262939929962,-0.025517558795399964,0.2,-0.02522191032767296,7344,0.00885753876355011,0.9894988536834717,-2.2660452899999997,1258.0
1808,236032,20,5,0.01318359375,0.0004092704424510632,0.07642698287963867,0.005561493,-43.2271603345871,-0.007593102287501097,0.2,0.8026557564735413,7360,2.7584262304008007,0.989398717880249,-2.2660452899999997,1258.0
1806,236544,21,5,0.2769775390625,0.0004092704424510632,-1.8311591148376465,0.018386276,-43.20732569694519,-0.03083489154232666,0.2,-0.04099109768867493,7376,0.0030967949078331003,0.9878232479095459,-2.2651473799999997,1258.0
1804,237056,22,6,0.020263671875,0.0004092704424510632,0.3352206349372864,0.006060059,-43.162060499191284,-0.005533313102205284,0.2,0.42331716418266296,7392,2.2193704191595316,0.9873122572898865,-2.2651473799999997,1258.0
1801,237568,23,6,0.2598876953125,0.0004092704424510632,-12.52371597290039,0.024770439,-43.17357778549194,-0.021293834084644914,0.2,-0.023603975772857666,7408,0.009773569370736368,0.989081621170044,-2.2651473799999997,1258.0
1801,238080,24,6,0.327880859375,0.0004092704424510632,-0.0006920099258422852,0.023646764,-43.220178842544556,-0.02877808260382153,0.2,-0.04044487699866295,7424,0.005792347103124484,0.9898338913917542,-2.2635747,1258.0
1799,238592,25,7,0.052734375,0.0004092704424510632,0.14964991807937622,0.010230161,-43.21943783760071,-0.008288774341053795,0.2,0.48874136805534363,7440,2.682245371863246,0.989591121673584,-2.2635747,1258.0
1796,239104,26,7,0.2703857421875,0.0004092704424510632,-0.7163873910903931,0.018198151,-43.20569097995758,-0.026779377309139818,0.2,-0.040055111050605774,7456,0.0037685054485336877,0.9890619516372681,-2.2602219399999997,1258.0
1794,239616,27,7,0.0308837890625,0.0004092704424510632,0.5221209526062012,0.00936909,-43.19227409362793,-0.011509359639603645,0.2,0.38905608654022217,7472,2.207673776894808,0.9890022277832031,-2.2602219399999997,1258.0
1792,240128,28,7,0.30224609375,0.0004092704424510632,-0.472875714302063,0.022572223,-43.21572554111481,-0.027452809779788367,0.2,-0.0310320183634758,7488,0.01616384301451035,0.9909613728523254,-2.2602219399999997,1258.0
1790,240640,29,8,0.29248046875,0.0004092704424510632,0.13355350494384766,0.019782078,-43.26247429847717,-0.02770147635601461,0.2,-0.03652682527899742,7504,0.006965472668525763,0.9916867613792419,-2.2595138299999995,1258.0
1788,241152,30,8,0.045654296875,0.0004092704424510632,0.5556857585906982,0.010846438,-43.266647815704346,-0.010775818293041084,0.2,0.3319898247718811,7520,1.3862983267754316,0.9913310408592224,-2.2595138299999995,1258.0
1784,241664,31,8,0.31298828125,0.0004092704424510632,-10.903279304504395,0.022534318,-43.25985407829285,-0.028345015714876354,0.2,-0.03870399296283722,7536,0.005451725526654627,0.9910848140716553,-2.2543828799999996,1258.0
1782,242176,32,9,0.0455322265625,0.0004092704424510632,0.24195247888565063,0.012955975,-43.27014768123627,-0.00515096999151865,0.2,0.41922593116760254,7552,1.8383098468184471,0.9911651611328125,-2.2543828799999996,1258.0
1779,242688,33,9,0.232666015625,0.0004092704424510632,-2.368788957595825,0.016079944,-43.2917298078537,-0.021674425690434873,0.2,-0.033179871737957,7568,0.0014934630617062794,0.9924787282943726,-2.2543828799999996,1258.0
1776,243200,34,9,0.2840576171875,0.0004092704424510632,0.06655162572860718,0.017530978,-43.34864020347595,-0.025210962223354727,0.2,-0.03625398874282837,7584,0.005115121173730586,0.9941298961639404,-2.25192193,1258.0
1773,243712,35,10,0.0706787109375,0.0004092704424510632,0.21361702680587769,0.008818526,-43.38357663154602,-0.012684246743447147,0.2,0.4963241517543793,7600,2.276160255074501,0.9944059252738953,-2.25192193,1258.0
1771,244224,36,10,0.21875,0.0004092704424510632,-0.4229980707168579,0.018028207,-43.41037905216217,-0.02116042320994893,0.2,-0.028921544551849365,7616,0.004602749308105558,0.9963394999504089,-2.25139194,1258.0
1769,244736,37,10,0.0216064453125,0.0004092704424510632,0.5356264114379883,0.008100967,-43.45928108692169,-0.009283721301471815,0.2,0.6721274256706238,7632,2.2509236745536327,0.9970126748085022,-2.25139194,1258.0
1767,245248,38,11,0.2694091796875,0.0004092704424510632,-26.302881240844727,0.020143846,-43.489471316337585,-0.026899394812062383,0.2,-0.039314474910497665,7648,0.012096908976673149,0.9989216923713684,-2.25139194,1258.0
1768,245760,39,11,0.2550048828125,0.0004092704424510632,0.13249021768569946,0.014614333,-43.548996567726135,-0.026093489956110716,0.2,-0.03743612393736839,7664,0.005819205427542329,0.9986271858215332,-2.2478792500000004,1258.0
1766,246272,40,11,0.0953369140625,0.0004092704424510632,0.21702039241790771,0.020975186,-43.533466815948486,-0.01557895254518371,0.2,0.2725275456905365,7680,1.3818008452653885,0.9982931017875671,-2.2478792500000004,1258.0
1764,246784,41,11,0.2568359375,0.0004092704424510632,-5.939696311950684,0.019401256,-43.52496314048767,-0.023588788462802768,0.2,-0.025096271187067032,7696,0.008144248633470852,0.9980993866920471,-2.24845503,1258.0
1762,247296,42,12,0.00537109375,0.0004092704424510632,0.4319104552268982,0.0028110766,-43.5153923034668,-0.0008174157846951857,0.2,0.4122438430786133,7712,1.8739099018275738,0.9981011152267456,-2.24845503,1258.0
1760,247808,43,12,0.21142578125,0.0004092704424510632,-11.309798240661621,0.01867091,-43.52391576766968,-0.015470636113604996,0.2,-0.008560702204704285,7728,0.008689106256497325,0.9988042116165161,-2.24845503,1258.0
1761,248320,44,12,0.2493896484375,0.0004092704424510632,0.5220359563827515,0.01730032,-43.53432071208954,-0.01883086047018878,0.2,0.050444841384887695,7744,0.16621518065221608,0.9980120658874512,-2.2488618099999997,1258.0
1761,248832,45,13,0.1363525390625,0.0004092704424510632,0.5318256616592407,0.023218673,-43.51792526245117,-0.017729005849105306,0.2,0.02644674852490425,7760,0.41629847628064454,0.9975801110267639,-2.2488618099999997,1258.0
1761,249344,46,13,0.2705078125,0.0004092704424510632,-4.263068199157715,0.020804286,-43.53809607028961,-0.0235366209235508,0.2,-0.021234814077615738,7776,0.0203459951444529,0.9999262094497681,-2.2482292200000003,1258.0
1762,249856,47,13,0.048828125,0.0004092704424510632,0.25240033864974976,0.0105823185,-43.59585964679718,-0.011304164188914001,0.2,0.6672551035881042,7792,2.0227729938924313,1.0007017850875854,-2.2482292200000003,1258.0
1761,250368,48,13,0.24755859375,0.0004092704424510632,-0.055081963539123535,0.017104337,-43.5683650970459,-0.02521354058990255,0.2,-0.030450016260147095,7808,0.0031707693633507006,0.9977145791053772,-2.24655539,1258.0
1761,250880,49,14,0.021728515625,0.0004092704424510632,0.6284030675888062,0.0061162757,-43.48839604854584,-0.006557320390129462,0.2,0.34389612078666687,7824,1.2510252203792334,0.9966568946838379,-2.24655539,1258.0
1760,251392,50,14,0.3133544921875,0.0004092704424510632,-10.948942184448242,0.03082765,-43.47299551963806,-0.031682203232776374,0.2,-0.03598432615399361,7840,0.004864554623054573,0.9961206316947937,-2.24655539,1258.0
1761,251904,51,14,0.2198486328125,0.0004092704424510632,0.02038288116455078,0.0132186,-43.44520306587219,-0.02241316286381334,0.2,-0.03198331966996193,7856,0.0028259633436391596,0.9949833154678345,-2.24412405,1258.0
1760,252416,52,15,0.014892578125,0.0004092704424510632,0.28587329387664795,0.0061422093,-43.414223194122314,-0.008050227523199283,0.2,0.3668108582496643,7872,1.8602193389087915,0.9948144555091858,-2.24412405,1258.0
1760,252928,53,15,0.2685546875,0.0004092704424510632,-3.8558177947998047,0.020484943,-43.41521978378296,-0.020265892060706392,0.2,-0.022176992148160934,7888,0.006545061758515658,0.9948840141296387,-2.24266443,1258.0
1761,253440,54,15,0.0614013671875,0.0004092704424510632,0.428864061832428,0.01243857,-43.41686260700226,-0.01028989048791118,0.2,0.38339799642562866,7904,1.5745122227817774,0.9947121143341064,-2.24266443,1258.0
1760,253952,55,15,0.2967529296875,0.0004092704424510632,-8.213471412658691,0.024422735,-43.403125524520874,-0.026818451297003776,0.2,-0.036763787269592285,7920,0.0036084360217500944,0.9939550161361694,-2.24266443,1258.0
1761,254464,56,16,0.3289794921875,0.0004092704424510632,0.05617803335189819,0.024308948,-43.37687361240387,-0.02833141476730816,0.2,-0.0389285609126091,7936,0.005563686354435049,0.9927703738212585,-2.23865724,1258.0
1760,254976,57,16,0.0782470703125,0.0004092704424510632,0.4424245357513428,0.016438782,-43.3595587015152,-0.00672088933060877,0.2,0.41993477940559387,7952,1.6948492974042892,0.9925792813301086,-2.23865724,1258.0
1760,255488,58,16,0.2882080078125,0.0004092704424510632,-7.551444053649902,0.01615825,-43.34567356109619,-0.02081342795281671,0.2,-0.023838941007852554,7968,0.0029700226114073303,0.9913650155067444,-2.23863035,1258.0
1760,256000,59,17,0.1651611328125,0.0004092704424510632,0.2574254274368286,0.015743785,-43.321494936943054,-0.013488122698618099,0.2,0.3509232699871063,7984,2.37197807431221,0.9909952878952026,-2.23863035,1258.0
1760,256512,60,17,0.341552734375,0.0004092704424510632,-5.8642988204956055,0.02000657,-43.30322849750519,-0.03259839124802966,0.2,-0.04206971451640129,8000,0.005256681972241495,0.9897087216377258,-2.23863035,1258.0
1760,257024,61,17,0.31103515625,0.0004092704424510632,0.129564106464386,0.020028792,-43.293288469314575,-0.029700612707529217,0.2,-0.026381703093647957,8016,0.00614949525333941,0.991899311542511,-2.23790807,1258.0
1761,257536,62,18,0.068115234375,0.0004092704424510632,0.4340495467185974,0.00960621,-43.366580843925476,-0.008662389271194115,0.2,0.28762781620025635,8032,1.6612715907394886,0.9928151369094849,-2.23790807,1258.0
1760,258048,63,18,0.2900390625,0.0004092704424510632,-2.5125412940979004,0.025509037,-43.36393201351166,-0.02789199237304274,0.2,-0.028007036074995995,8048,0.017021926993038505,0.9918287992477417,-2.2376989000000003,1258.0
1761,258560,64,18,0.03369140625,0.0004092704424510632,0.34139013290405273,0.0072874227,-43.345231890678406,-0.0021033851662650704,0.2,0.34247565269470215,8064,1.5386267565190792,0.9916064739227295,-2.2376989000000003,1258.0
1762,259072,65,18,0.3150634765625,0.0004092704424510632,-4.0783281326293945,0.02514209,-43.37897574901581,-0.02809778114897199,0.2,-0.04325627535581589,8080,0.002193339809309691,0.9944220781326294,-2.2376989000000003,1258.0
1762,259584,66,19,0.2425537109375,0.0004092704424510632,0.16538536548614502,0.015434445,-43.4732061624527,-0.02459101156273391,0.2,-0.03330261632800102,8096,0.007754667865810916,0.9978994727134705,-2.2378770800000005,1258.0
1761,260096,67,19,0.046875,0.0004092704424510632,0.4658081531524658,0.010414726,-43.54377865791321,-0.007218874859972857,0.2,0.3048863410949707,8112,1.229169623926282,0.9988343119621277,-2.2378770800000005,1258.0
1761,260608,68,19,0.3291015625,0.0004092704424510632,-3.182610511779785,0.026700547,-43.549848318099976,-0.031159860780462623,0.2,-0.03231273964047432,8128,0.01542605273425579,0.9983066916465759,-2.23743675,1258.0
1761,261120,69,20,0.0361328125,0.0004092704424510632,0.3360351324081421,0.011353422,-43.5406140089035,-0.005188680690480396,0.2,0.2754012644290924,8144,1.5923691475763917,0.9980498552322388,-2.23743675,1258.0
1761,261632,70,20,0.3521728515625,0.0004092704424510632,-9.728211402893066,0.02685691,-43.54832100868225,-0.031065891787875444,0.2,-0.047179680317640305,8160,0.003074770083912881,0.9989287853240967,-2.23743675,1258.0
1761,262144,71,20,0.2589111328125,0.0004092704424510632,0.43183714151382446,0.017237704,-43.58034324645996,-0.02596995871863328,0.2,-0.015971669927239418,8176,0.04702141915913671,1.0007045269012451,-2.2379423800000002,1258.0
1760,262656,72,20,0.1153564453125,0.0004092704424510632,0.48753273487091064,0.017545994,-43.62116503715515,-0.015195608822978102,0.2,0.019778260961174965,8192,0.5383721778634936,1.000909447669983,-2.2379423800000002,1258.0
1760,263168,73,21,0.293212890625,0.0004092704424510632,-0.5188133716583252,0.024831539,-43.624210238456726,-0.029346792827709578,0.2,0.015685580670833588,8208,0.11424652021378279,1.0018954277038574,-2.23726084,1258.0
1760,263680,74,21,0.05615234375,0.0004092704424510632,0.5604808330535889,0.016058257,-43.65024125576019,-0.008402613646467216,0.2,0.31003567576408386,8224,1.3723947796970606,1.0021177530288696,-2.23726084,1258.0
1760,264192,75,21,0.3193359375,0.0004092704424510632,-8.681790351867676,0.026388364,-43.65762138366699,-0.03289567684259964,0.2,-0.04582175612449646,8240,0.0047181839545373805,1.0029288530349731,-2.2382318700000003,1258.0
1760,264704,76,22,0.0692138671875,0.0004092704424510632,0.4104158282279968,0.007773762,-43.69189250469208,-0.0011122920404886827,0.2,0.30230581760406494,8256,1.836173340678215,1.003425121307373,-2.2382318700000003,1258.0
1760,265216,77,22,0.271728515625,0.0004092704424510632,-8.073119163513184,0.025956076,-43.693634152412415,-0.019454997847788036,0.2,-0.02668270654976368,8272,0.006965295939153293,1.0028263330459595,-2.2382318700000003,1258.0
1760,265728,78,22,0.2442626953125,0.0004092704424510632,0.02829641103744507,0.0149245765,-43.66046607494354,-0.030148595993523486,0.2,-0.04753515124320984,8288,0.00257057412454742,1.0015825033187866,-2.23512745,1258.0
1760,266240,79,22,0.0126953125,0.0004092704424510632,0.22796732187271118,0.0045266924,-43.64304435253143,-0.0031629581571905874,0.2,0.6784341335296631,8304,2.4289505556225777,1.0013501644134521,-2.23512745,1258.0
1760,266752,80,23,0.23828125,0.0004092704424510632,-0.4027888774871826,0.015633354,-43.646719455718994,-0.023301574809011072,0.2,-0.03442613035440445,8320,0.003493515199807007,1.001909613609314,-2.2328821,1258.0
1759,267264,81,23,0.0113525390625,0.0004092704424510632,0.573250412940979,0.0055733663,-43.66742193698883,-0.005572616515564732,0.2,0.5887461304664612,8336,1.9594082944095135,1.0021519660949707,-2.2328821,1258.0
1759,267776,82,23,0.2540283203125,0.0004092704424510632,-18.025428771972656,0.027745023,-43.683964014053345,-0.020942905146512203,0.2,-0.025592757388949394,8352,0.00965631829603808,1.0028581619262695,-2.2328821,1258.0
1758,268288,83,24,0.3004150390625,0.0004092704424510632,0.002300560474395752,0.023686089,-43.706313252449036,-0.028476658364525065,0.2,-0.03262650966644287,8368,0.0060255739372223616,1.003478765487671,-2.23373908,1258.0
1758,268800,84,24,0.052978515625,0.0004092704424510632,0.20929962396621704,0.0077744806,-43.711986660957336,-0.006379697282682173,0.2,0.2668322026729584,8384,2.2525148587301373,1.0035438537597656,-2.23373908,1258.0
1757,269312,85,24,0.1824951171875,0.0004092704424510632,-3.4441933631896973,0.019239804,-43.70338416099548,-0.0159241396249854,0.2,-0.00927562266588211,8400,0.005185498092032503,1.0032680034637451,-2.23124488,1258.0
1756,269824,86,25,0.005615234375,0.0004092704424510632,0.4435046911239624,0.003451753,-43.70124673843384,-0.00041293431422673166,0.2,0.23306916654109955,8416,1.7694337833672762,1.003412127494812,-2.23124488,1258.0
1756,270336,87,25,0.2889404296875,0.0004092704424510632,-7.905211448669434,0.023278765,-43.72209179401398,-0.027697346755303442,0.2,-0.033077746629714966,8432,0.0066904292107210495,1.0048367977142334,-2.23124488,1258.0
1755,270848,88,25,0.31201171875,0.0004092704424510632,0.07931369543075562,0.022743702,-43.762291431427,-0.031036705273436382,0.2,-0.04379076883196831,8448,0.006598303618375212,1.0049517154693604,-2.2316162999999998,1258.0
1755,271360,89,25,0.0113525390625,0.0004092704424510632,0.35306429862976074,0.0050784685,-43.746821880340576,-0.007436989384586923,0.2,0.20813700556755066,8464,1.6529049072414637,1.0047119855880737,-2.2316162999999998,1258.0
1755,271872,90,26,0.267578125,0.0004092704424510632,-4.953060626983643,0.021770831,-43.735143423080444,-0.028236654834472574,0.2,-0.03298494964838028,8480,0.00908250759675866,1.0034312009811401,-2.23015716,1258.0
1754,272384,91,26,0.0244140625,0.0004092704424510632,0.3609887957572937,0.0051987707,-43.717605113983154,-0.0044068108254577965,0.2,0.6020604372024536,8496,2.379062805324793,1.0031272172927856,-2.23015716,1258.0
1754,272896,92,26,0.29931640625,0.0004092704424510632,-0.6800320148468018,0.022837311,-43.704267621040344,-0.03264256825787015,0.2,-0.0455462820827961,8512,0.002732406042923685,1.0016984939575195,-2.23015716,1258.0
1754,273408,93,27,0.3460693359375,0.0004092704424510632,0.38271433115005493,0.02853135,-43.6780709028244,-0.040640783292474225,0.2,-0.051250752061605453,8528,0.00996512162964791,1.0022023916244507,-2.22802009,1258.0
1755,273920,94,27,0.0572509765625,0.0004092704424510632,0.6333180665969849,0.0114500355,-43.70032215118408,-0.011742367692932021,0.2,0.19691799581050873,8544,0.9602712993510067,1.0024486780166626,-2.22802009,1258.0
1755,274432,95,27,0.26025390625,0.0004092704424510632,-7.917160987854004,0.0166346,-43.70344066619873,-0.02512650917924475,0.2,-0.028475970029830933,8560,0.013052469046670012,1.0031383037567139,-2.22866946,1258.0
1755,274944,96,27,0.0126953125,0.0004092704424510632,0.5240917205810547,0.0057374276,-43.73201370239258,-0.0063541351846652105,0.2,0.6647678017616272,8576,1.9018238596618176,1.0036752223968506,-2.22866946,1258.0
1755,275456,97,28,0.259765625,0.0004092704424510632,-3.45750093460083,0.0177996,-43.7610479593277,-0.022758161678211764,0.2,-0.03154567629098892,8592,0.002523491113606724,1.0058261156082153,-2.22866946,1258.0
1754,275968,98,28,0.26513671875,0.0004092704424510632,0.4821048378944397,0.016599625,-43.82779502868652,-0.026890250388532877,0.2,0.008256115019321442,8608,0.07126646186225116,1.007204532623291,-2.22826425,1258.0
1754,276480,99,28,0.1158447265625,0.0004092704424510632,0.7114351987838745,0.024593255,-43.850892305374146,-0.017006232956191525,0.2,0.03784666210412979,8624,0.38357757101766765,1.0071542263031006,-2.22826425,1258.0
1754,276992,100,29,0.2994384765625,0.0004092704424510632,-2.3146166801452637,0.025751688,-43.84345364570618,-0.025715110765304416,0.2,-0.02714776247739792,8640,0.020718037470942363,1.0069857835769653,-2.22724839,1258.0
1754,277504,101,29,0.06103515625,0.0004092704424510632,0.4279552102088928,0.008904687,-43.84487569332123,-0.007203495624708012,0.2,0.17581039667129517,8656,1.7839031405746937,1.0072461366653442,-2.22724839,1258.0
1755,278016,102,29,0.2744140625,0.0004092704424510632,-13.74977970123291,0.01794928,-43.84532570838928,-0.030735421023564413,0.2,-0.04576509818434715,8672,0.008889553399058059,1.0073190927505493,-2.22724839,1258.0
1755,278528,103,30,0.135498046875,0.0004092704424510632,0.36261987686157227,0.018057609,-43.84393644332886,-0.014973894627473783,0.2,0.10924363136291504,8688,0.6803351799026132,1.0069491863250732,-2.22905458,1258.0
1755,279040,104,30,0.2762451171875,0.0004092704424510632,0.6277437210083008,0.03562129,-43.83287847042084,-0.019347070061485283,0.2,0.10941235721111298,8704,0.19995902279333677,1.0070371627807617,-2.22905458,1258.0
1755,279552,105,30,0.260986328125,0.0004092704424510632,-2.532254934310913,0.018430626,-43.82778608798981,-0.0256770073028747,0.2,-0.03272765502333641,8720,0.008048937845160253,1.0061920881271362,-2.2283986700000007,1258.0
1754,280064,106,30,0.10205078125,0.0004092704424510632,0.07674944400787354,0.013149124,-43.797359347343445,-0.011544470049557276,0.2,1.1430418491363525,8736,3.0718644820153713,1.005843997001648,-2.2283986700000007,1258.0
1754,280576,107,31,0.305908203125,0.0004092704424510632,-17.34632110595703,0.019849552,-43.79947340488434,-0.029823537974152714,0.2,-0.04498596489429474,8752,0.021795141597976908,1.0060980319976807,-2.2291939000000003,1258.0
1755,281088,108,31,0.094970703125,0.0004092704424510632,0.01541292667388916,0.010565838,-43.806357622146606,-0.002676038580830209,0.2,0.9764657616615295,8768,3.8620508313179016,1.006076455116272,-2.2291939000000003,1258.0
1755,281600,109,31,0.2440185546875,0.0004092704424510632,-0.7265506982803345,0.017319383,-43.776289224624634,-0.025664126012998167,0.2,-0.03198125585913658,8784,0.0026413734540255973,1.003568410873413,-2.2291939000000003,1258.0
1756,282112,110,32,0.2862548828125,0.0004092704424510632,-0.013193726539611816,0.026053619,-43.69759261608124,-0.029676329635549337,0.2,-0.04306279867887497,8800,0.006129060828243382,1.001584529876709,-2.2297705200000006,1258.0
1755,282624,111,32,0.0361328125,0.0004092704424510632,0.3126736879348755,0.008560902,-43.651851534843445,-0.007146213829400949,0.2,0.461948037147522,8816,2.106137989088893,1.0011770725250244,-2.2297705200000006,1258.0
1755,283136,112,32,0.249267578125,0.0004092704424510632,-1.085886001586914,0.018194236,-43.660884857177734,-0.022808540030382574,0.2,-0.02864707261323929,8832,0.003518215446092654,1.002182126045227,-2.2281439500000007,1258.0
1755,283648,113,32,0.01220703125,0.0004092704424510632,0.3791409730911255,0.005454704,-43.68892002105713,-0.0036908845213474706,0.2,0.5498048067092896,8848,2.167438456788659,1.0023916959762573,-2.2281439500000007,1258.0
1754,284160,114,33,0.270751953125,0.0004092704424510632,-0.42911088466644287,0.020267673,-43.672810196876526,-0.026005643943790346,0.2,-0.013482578098773956,8864,0.03481300739804283,1.000715970993042,-2.2281439500000007,1258.0
1755,284672,115,33,0.265869140625,0.0004092704424510632,0.0713874101638794,0.02078184,-43.64802885055542,-0.028002954248222522,0.2,-0.03864309564232826,8880,0.006035039099515416,1.0009466409683228,-2.2279850100000003,1258.0
1755,285184,116,33,0.005126953125,0.0004092704424510632,0.530357301235199,0.0048793275,-43.65403997898102,-0.0009313389309681952,0.2,0.4582357704639435,8896,1.988894635811448,1.0010236501693726,-2.2279850100000003,1258.0
1755,285696,117,34,0.2557373046875,0.0004092704424510632,-5.589878559112549,0.019081375,-43.624449491500854,-0.024258169301901944,0.2,-0.03335856273770332,8912,0.007663010837859474,0.9986991882324219,-2.2253856700000005,1258.0
1756,286208,118,34,0.0167236328125,0.0004092704424510632,0.028889000415802002,0.0059321234,-43.570001006126404,-0.007816328085027635,0.2,0.5182670950889587,8928,3.1353122536092997,0.9981016516685486,-2.2253856700000005,1258.0
1756,286720,119,34,0.2900390625,0.0004092704424510632,-2.2468948364257812,0.020568311,-43.5822696685791,-0.02578920390806161,0.2,-0.03305741772055626,8944,0.0018832717196346493,0.9991399645805359,-2.2253856700000005,1258.0
1755,287232,120,34,0.2430419921875,0.0004092704424510632,0.04349315166473389,0.017860666,-43.60758996009827,-0.024499681283487007,0.2,-0.0315934382379055,8960,0.005269375520583708,0.9993011951446533,-2.2218475300000002,1258.0
1755,287744,121,35,0.005126953125,0.0004092704424510632,0.4464244246482849,0.00430603,-43.59741830825806,-0.0031206463754642755,0.2,0.476592481136322,8976,1.9339028429239988,0.9992530941963196,-2.2218475300000002,1258.0
1755,288256,122,35,0.2318115234375,0.0004092704424510632,-1.695056676864624,0.02097208,-43.61851668357849,-0.021381234750151634,0.2,0.010453026741743088,8992,0.08358314936049283,1.0010079145431519,-2.21877935,1258.0
1756,288768,123,35,0.0435791015625,0.0004092704424510632,0.7614697217941284,0.012056669,-43.66461384296417,-0.012896024330984801,0.2,0.720862627029419,9008,2.5115908831357956,1.0015006065368652,-2.21877935,1258.0
1756,289280,124,36,0.2598876953125,0.0004092704424510632,-8.967232704162598,0.026760299,-43.6593861579895,-0.023757461851346307,0.2,-0.03731261193752289,9024,0.018269543565111235,1.0012311935424805,-2.21877935,1258.0
1756,289792,125,36,0.328125,0.0004092704424510632,0.026080191135406494,0.022508245,-43.647971749305725,-0.0346630621352233,0.2,-0.036710236221551895,9040,0.007424937139148824,1.0012028217315674,-2.21890614,1258.0
1757,290304,126,36,0.0643310546875,0.0004092704424510632,0.11931973695755005,0.009654957,-43.64253270626068,-0.014069558237679303,0.2,0.10449545085430145,9056,1.2775183045305312,1.0014387369155884,-2.21890614,1258.0
1756,290816,127,37,0.30810546875,0.0004092704424510632,-4.766208171844482,0.025990997,-43.67386484146118,-0.030555809658835642,0.2,-0.04070742800831795,9072,0.00947219835506985,1.0038270950317383,-2.22102239,1258.0
1756,291328,128,37,0.014892578125,0.0004092704424510632,0.369021475315094,0.006076649,-43.73751509189606,-0.004682435413997155,0.2,0.3770221471786499,9088,1.7461664648726583,1.0044608116149902,-2.22102239,1258.0
1755,291840,129,37,0.2847900390625,0.0004092704424510632,-6.5188093185424805,0.018899262,-43.73770761489868,-0.02566330842091702,0.2,-0.04378379136323929,9104,0.002780979255476268,1.004689335823059,-2.22102239,1258.0
1755,292352,130,37,0.20361328125,0.0004092704424510632,0.46874964237213135,0.019635119,-43.74501550197601,-0.02201842507929541,0.2,0.0457550473511219,9120,0.17959841340780258,1.004569411277771,-2.2164445199999996,1258.0
1755,292864,131,38,0.1781005859375,0.0004092704424510632,0.5566802024841309,0.028144,-43.75106120109558,-0.01803601294523105,0.2,-0.014837481081485748,9136,0.2709327657939866,1.0055983066558838,-2.2164445199999996,1258.0
1755,293376,132,38,0.2889404296875,0.0004092704424510632,-1.902031660079956,0.020172019,-43.81032478809357,-0.029642869136296213,0.2,-0.04725664108991623,9152,0.005754288715252187,1.0083259344100952,-2.2156182799999997,1258.0
1755,293888,133,38,0.06103515625,0.0004092704424510632,0.5308786630630493,0.010345247,-43.87173306941986,-0.014758770805201493,0.2,0.5202117562294006,9168,1.6757953707128763,1.0089985132217407,-2.2156182799999997,1258.0
1755,294400,134,39,0.328369140625,0.0004092704424510632,-0.8532379865646362,0.024738487,-43.87893104553223,-0.033563569391844794,0.2,-0.04018433764576912,9184,0.026782291184645146,1.0094016790390015,-2.21823551,1258.0
1755,294912,135,39,0.0228271484375,0.0004092704424510632,0.5700948238372803,0.0061224424,-43.88414192199707,-0.007550553797045723,0.2,0.9344919323921204,9200,1.6431677863001823,1.0097330808639526,-2.21823551,1258.0
1755,295424,136,39,0.3006591796875,0.0004092704424510632,-15.461400985717773,0.027689062,-43.89731705188751,-0.027680225335643627,0.2,-0.03177208825945854,9216,0.010913094811257906,1.011000633239746,-2.21823551,1258.0
1754,295936,137,39,0.283203125,0.0004092704424510632,0.002951383590698242,0.021259805,-43.8973993062973,-0.02893564652913483,0.2,-0.041487790644168854,9232,0.003128542342892615,1.0087112188339233,-2.21698057,1258.0
1754,296448,138,40,0.0347900390625,0.0004092704424510632,0.10644632577896118,0.007757077,-43.821306347846985,-0.009638348536100239,0.2,0.42246970534324646,9248,1.673956859856844,1.0075032711029053,-2.21698057,1258.0
1754,296960,139,40,0.2452392578125,0.0004092704424510632,-0.37500739097595215,0.016512303,-43.801684975624084,-0.02686145869665779,0.2,-0.027716320008039474,9264,0.02754991443362087,1.0071032047271729,-2.21925323,1258.0
1753,297472,140,40,0.093505859375,0.0004092704424510632,0.5938494801521301,0.018561943,-43.799152970314026,-0.014176287499140017,0.2,0.41959574818611145,9280,1.2798900697380304,1.0071535110473633,-2.21925323,1258.0
1753,297984,141,41,0.291259765625,0.0004092704424510632,-9.252334594726562,0.020466145,-43.79889523983002,-0.026051161490613595,0.2,-0.034540824592113495,9296,0.003778962684009457,1.0073480606079102,-2.21925323,1258.0
1753,298496,142,41,0.310791015625,0.0004092704424510632,0.048596322536468506,0.027031556,-43.81493055820465,-0.02747123528388329,0.2,-0.029192611575126648,9312,0.004564561691950075,1.008270025253296,-2.21633154,1258.0
1752,299008,143,41,0.0260009765625,0.0004092704424510632,0.47161489725112915,0.008401347,-43.845810532569885,-0.005034439345763531,0.2,0.3129095733165741,9328,1.4921137187629938,1.0089699029922485,-2.21633154,1258.0
1752,299520,144,42,0.251953125,0.0004092704424510632,-6.410876750946045,0.021733025,-43.847723960876465,-0.024451571138342842,0.2,-0.037905704230070114,9344,0.003847706953820307,1.008737325668335,-2.2142988900000002,1258.0
1751,300032,145,42,0.057861328125,0.0004092704424510632,0.2945939302444458,0.010779526,-43.82463824748993,-0.013802407702314667,0.2,0.4377007484436035,9360,1.9068430978804827,1.0082842111587524,-2.2142988900000002,1258.0
1750,300544,146,42,0.28466796875,0.0004092704424510632,-0.9757022857666016,0.025158718,-43.81042516231537,-0.026858822704525664,0.2,-0.034902285784482956,9376,0.0023819325979275163,1.0079160928726196,-2.2142988900000002,1258.0
1750,301056,147,42,0.25439453125,0.0004092704424510632,0.2526147961616516,0.018591767,-43.786197662353516,-0.024058030219748616,0.2,-0.03813333809375763,9392,0.00899166586168576,1.005876898765564,-2.21552711,1258.0
