time/fps,time/iterations,time/time_elapsed,time/total_timesteps,train/clip_fraction,train/approx_kl,train/explained_variance,train/loss,train/clip_range,train/value_loss,train/learning_rate,train/n_updates,train/std,train/policy_gradient_loss,train/entropy_loss,rollout/ep_rew_mean,rollout/ep_len_mean
3690,1,0,512,,,,,,,,,,,,,
1763,2,0,1024,0.2237548828125,0.01597773,-1.1226484775543213,-0.040609098970890045,0.2,0.15635423790081404,0.0004092704424510632,16,0.9995181560516357,-0.025544687086949125,-43.987897992134094,,
1509,3,1,1536,0.2611083984375,0.020347811,0.009724259376525879,-0.03313311189413071,0.2,0.0034373975649941713,0.0004092704424510632,32,0.9967955946922302,-0.02848365332465619,-43.93214130401611,-2.766441,1258.0
1410,4,1,2048,0.3450927734375,0.028362311,0.021717846393585205,-0.024639133363962173,0.2,0.008326739931362681,0.0004092704424510632,48,0.9966259598731995,-0.02613213236327283,-43.87820100784302,-2.766441,1258.0
1356,5,1,2560,0.224365234375,0.015676033,0.06875795125961304,-0.036497075110673904,0.2,0.002877237715438241,0.0004092704424510632,64,0.9959616661071777,-0.022842286954983138,-43.87348401546478,-2.8271615,1258.0
1322,6,2,3072,0.3487548828125,0.029012896,0.02419126033782959,-0.03424854204058647,0.2,0.019874839868862182,0.0004092704424510632,80,0.9946526288986206,-0.03401464532362297,-43.83935797214508,-2.8271615,1258.0
1296,7,2,3584,0.220947265625,0.013511391,-0.03290402889251709,-0.038381144404411316,0.2,0.0016151086492754985,0.0004092704424510632,96,0.9930559396743774,-0.02249155330355279,-43.79335880279541,-2.8271615,1258.0
1276,8,3,4096,0.28271484375,0.01950337,-0.003082275390625,-0.031589820981025696,0.2,0.011612668313318864,0.0004092704424510632,112,0.9934772253036499,-0.027628354990156367,-43.76664197444916,-2.7769513333333333,1258.0
1260,9,3,4608,0.27392578125,0.016440656,-0.0037946701049804688,-0.03334575891494751,0.2,0.016559900337597355,0.0004092704424510632,128,0.9920203685760498,-0.026651703810784966,-43.76525890827179,-2.7769513333333333,1258.0
1247,10,4,5120,0.2437744140625,0.016503152,-0.006362318992614746,-0.03704330325126648,0.2,0.002564675629400881,0.0004092704424510632,144,0.99030601978302,-0.02568894310388714,-43.702635169029236,-2.7680480000000003,1258.0
1232,11,4,5632,0.27734375,0.023799833,0.02394258975982666,-0.021800536662340164,0.2,0.037429607938975096,0.0004092704424510632,160,0.9890655279159546,-0.02669298482942395,-43.656118631362915,-2.7680480000000003,1258.0
1224,12,5,6144,0.232421875,0.015578425,0.026055634021759033,-0.02719149738550186,0.2,0.0015131089767237427,0.0004092704424510632,176,0.9885351061820984,-0.024668864556588233,-43.63210093975067,-2.7680480000000003,1258.0
1218,13,5,6656,0.2420654296875,0.017515194,0.020869672298431396,-0.02785433456301689,0.2,0.011921606434043497,0.0004092704424510632,192,0.9889658689498901,-0.023571680329041556,-43.62549865245819,-2.7389492000000004,1258.0
1213,14,5,7168,0.2896728515625,0.025101244,0.029016315937042236,-0.04250139370560646,0.2,0.03431557543808594,0.0004092704424510632,208,0.9882888197898865,-0.035289954335894436,-43.631590843200684,-2.7389492000000004,1258.0
1208,15,6,7680,0.255126953125,0.017784324,0.12767374515533447,-0.035715848207473755,0.2,0.003129609700408764,0.0004092704424510632,224,0.987092912197113,-0.025280742411268875,-43.594698548316956,-2.7429236666666674,1258.0
1205,16,6,8192,0.27685546875,0.026777666,0.1464952826499939,-0.022363206371665,0.2,0.05208059900905937,0.0004092704424510632,240,0.9881594777107239,-0.027003170718671754,-43.58199954032898,-2.7429236666666674,1258.0
1202,17,7,8704,0.2244873046875,0.019435067,-0.4560052156448364,-0.0321771465241909,0.2,0.0028433171992219286,0.0004092704424510632,256,0.9893985986709595,-0.0235977663542144,-43.630733132362366,-2.7429236666666674,1258.0
1200,18,7,9216,0.2333984375,0.019560412,0.0030747652053833008,-0.03315377235412598,0.2,0.0164095182553865,0.0004092704424510632,272,0.9895241856575012,-0.022183179360581562,-43.648433685302734,-2.7520137142857144,1258.0
1197,19,8,9728,0.233154296875,0.020511681,0.00333559513092041,0.008977657184004784,0.2,0.08697179052978754,0.0004092704424510632,288,0.9889674186706543,-0.01912281443946995,-43.63863408565521,-2.7520137142857144,1258.0
1196,20,8,10240,0.2235107421875,0.017325249,-0.029782533645629883,-0.03857513889670372,0.2,0.0035625072887341958,0.0004092704424510632,304,0.9883116483688354,-0.025629569980083033,-43.61872625350952,-2.7230873749999995,1258.0
1195,21,8,10752,0.2572021484375,0.018852383,0.13979673385620117,-0.023732995614409447,0.2,0.06427316088229418,0.0004092704424510632,320,0.9857863783836365,-0.027052946126786992,-43.57141816616058,-2.7230873749999995,1258.0
1193,22,9,11264,0.1429443359375,0.013126278,-0.6546269655227661,-0.033686213195323944,0.2,0.0036390005589055363,0.0004092704424510632,336,0.983514130115509,-0.018844387392164208,-43.489301681518555,-2.7230873749999995,1258.0
1191,23,9,11776,0.2191162109375,0.015398642,0.1727256178855896,-0.032791316509246826,0.2,0.012778890348272398,0.0004092704424510632,352,0.9834378957748413,-0.023317085317103192,-43.443960189819336,-2.727005444444444,1258.0
1190,24,10,12288,0.198486328125,0.017550293,0.32310134172439575,-0.012465294450521469,0.2,0.04212489980272949,0.0004092704424510632,368,0.982830822467804,-0.01852336755837314,-43.44200420379639,-2.727005444444444,1258.0
1190,25,10,12800,0.2080078125,0.0154323615,-0.779059648513794,-0.04130673035979271,0.2,0.005710345329134725,0.0004092704424510632,384,0.9816720485687256,-0.0255471868586028,-43.40935802459717,-2.7197293999999994,1258.0
1189,26,11,13312,0.2027587890625,0.020030707,0.4611473083496094,-0.0028573330491781235,0.2,0.053741320385597646,0.0004092704424510632,400,0.9810090661048889,-0.023668714522500522,-43.38261902332306,-2.7197293999999994,1258.0
1188,27,11,13824,0.28466796875,0.019876413,-0.38950884342193604,-0.04406355321407318,0.2,0.00247666289578774,0.0004092704424510632,416,0.9806972146034241,-0.033164813328767195,-43.367727279663086,-2.7197293999999994,1258.0
1187,28,12,14336,0.24560546875,0.028991345,0.3518897294998169,-0.025416523218154907,0.2,0.012061686022207141,0.0004092704424510632,432,0.9806845188140869,-0.02501513934112154,-43.36367869377136,-2.7236098181818176,1258.0
1186,29,12,14848,0.2880859375,0.030341439,0.362248957157135,-0.025410208851099014,0.2,0.0333898808748927,0.0004092704424510632,448,0.979479968547821,-0.02360354855773039,-43.3434818983078,-2.7236098181818176,1258.0
1185,30,12,15360,0.213623046875,0.02173968,-0.745956540107727,-0.038940105587244034,0.2,0.006169015934574418,0.0004092704424510632,464,0.9799080491065979,-0.024526809123926796,-43.32334315776825,-2.7303080833333326,1258.0
1184,31,13,15872,0.2642822265625,0.020657573,0.5381612777709961,-0.009036332368850708,0.2,0.07183317572344095,0.0004092704424510632,480,0.9795396327972412,-0.025325060210889205,-43.32834541797638,-2.7303080833333326,1258.0
1183,32,13,16384,0.208984375,0.018247042,0.3921341300010681,-0.02974928542971611,0.2,0.0068308456320664845,0.0004092704424510632,496,0.9786187410354614,-0.027128852903842926,-43.30676591396332,-2.7220859230769228,1258.0
1182,33,14,16896,0.2513427734375,0.021831058,0.6895389556884766,-0.004839859902858734,0.2,0.060991556965745986,0.0004092704424510632,512,0.9778697490692139,-0.025784462050069124,-43.27801275253296,-2.7220859230769228,1258.0
1181,34,14,17408,0.2027587890625,0.01922471,-0.8992279767990112,-0.03366340696811676,0.2,0.00491343138855882,0.0004092704424510632,528,0.9808987975120544,-0.023486234451411292,-43.30353271961212,-2.7220859230769228,1258.0
1181,35,15,17920,0.18701171875,0.015920684,-0.04169964790344238,-0.02950284630060196,0.2,0.005108200712129474,0.0004092704424510632,544,0.9818165898323059,-0.02080558578018099,-43.384342074394226,-2.7224737857142856,1258.0
1180,36,15,18432,0.1275634765625,0.0152726695,0.18263918161392212,0.0033072810620069504,0.2,0.10179944115225226,0.0004092704424510632,560,0.9813764095306396,-0.015585457585984841,-43.384033203125,-2.7224737857142856,1258.0
1180,37,16,18944,0.2860107421875,0.026651807,0.012322008609771729,-0.039877116680145264,0.2,0.0048782348312670365,0.0004092704424510632,576,0.9813229441642761,-0.03231743851210922,-43.376224398612976,-2.7186770666666664,1258.0
1179,38,16,19456,0.166259765625,0.02122365,0.24705231189727783,0.005467943847179413,0.2,0.10319266852457076,0.0004092704424510632,592,0.9816653728485107,-0.01992032228736207,-43.382803440093994,-2.7186770666666664,1258.0
1179,39,16,19968,0.2103271484375,0.015242828,-1.2963228225708008,-0.042127352207899094,0.2,0.0029279414702614304,0.0004092704424510632,608,0.9821153879165649,-0.025860524940071627,-43.390554428100586,-2.7186770666666664,1258.0
1178,40,17,20480,0.266845703125,0.021328405,0.04714310169219971,-0.028639499098062515,0.2,0.012186283827759326,0.0004092704424510632,624,0.9821121096611023,-0.027733525581425056,-43.397119641304016,-2.7282555625000002,1258.0
1178,41,17,20992,0.18408203125,0.022560045,0.2101694941520691,0.009518902748823166,0.2,0.1439404181437567,0.0004092704424510632,640,0.9822201132774353,-0.02450964879244566,-43.39965736865997,-2.7282555625000002,1258.0
1177,42,18,21504,0.2628173828125,0.019632494,-0.9132680892944336,-0.05079503729939461,0.2,0.003647393936262233,0.0004092704424510632,656,0.9800368547439575,-0.031396532358485274,-43.375847697257996,-2.7258652941176473,1258.0
1177,43,18,22016,0.1209716796875,0.017978348,0.35037606954574585,0.035341788083314896,0.2,0.14558601891621947,0.0004092704424510632,672,0.979171633720398,-0.01705263086478226,-43.316062927246094,-2.7258652941176473,1258.0
1176,44,19,22528,0.2196044921875,0.016417935,-2.4049763679504395,-0.03685172274708748,0.2,0.0038434810121543705,0.0004092704424510632,688,0.9810835123062134,-0.02471087427693419,-43.33372139930725,-2.7258652941176473,1258.0
1176,45,19,23040,0.268798828125,0.024200182,0.17945408821105957,-0.018281057476997375,0.2,0.011713270694599487,0.0004092704424510632,704,0.9814606308937073,-0.02502922479470726,-43.38260793685913,-2.7226734444444443,1258.0
1175,46,20,23552,0.097412109375,0.012347396,0.5387261509895325,-0.00277014821767807,0.2,0.1106416528346017,0.0004092704424510632,720,0.9801194667816162,-0.015433861015480943,-43.36299669742584,-2.7226734444444443,1258.0
1173,47,20,24064,0.220947265625,0.016588436,-0.3720548152923584,-0.045978695154190063,0.2,0.008866071191732772,0.0004092704424510632,736,0.9796518683433533,-0.0259898930817144,-43.3210905790329,-2.7143863684210525,1258.0
1173,48,20,24576,0.1502685546875,0.013430055,0.6567975282669067,-0.004785478115081787,0.2,0.13087620260193944,0.0004092704424510632,752,0.9800847172737122,-0.017796658910810947,-43.32743978500366,-2.7143863684210525,1258.0
1173,49,21,25088,0.217041015625,0.014088519,-1.562828540802002,-0.021188117563724518,0.2,0.0036266640963731334,0.0004092704424510632,768,0.9793712496757507,-0.023641564170247875,-43.32774329185486,-2.7143863684210525,1258.0
1173,50,21,25600,0.2623291015625,0.02081297,0.364250123500824,-0.056447893381118774,0.2,0.012512648449046537,0.0004092704424510632,784,0.9791058301925659,-0.03075987088959664,-43.30117475986481,-2.7120208999999997,1258.0
1172,51,22,26112,0.1441650390625,0.023364197,0.597111701965332,-0.018748609349131584,0.2,0.0786427300190553,0.0004092704424510632,800,0.978645920753479,-0.021123381971847266,-43.298808574676514,-2.7120208999999997,1258.0
1172,52,22,26624,0.192626953125,0.011213154,-0.23852097988128662,-0.029036790132522583,0.2,0.01366340191452764,0.0004092704424510632,816,0.9766595363616943,-0.02005874048336409,-43.257319688797,-2.7178311904761907,1258.0
1171,53,23,27136,0.1365966796875,0.020224158,0.7915623784065247,0.010300204157829285,0.2,0.12151100509800017,0.0004092704424510632,832,0.9758182168006897,-0.020991755445720628,-43.20458495616913,-2.7178311904761907,1258.0
1171,54,23,27648,0.254150390625,0.021621611,-0.6045328378677368,-0.034292712807655334,0.2,0.005066766563686542,0.0004092704424510632,848,0.9740412831306458,-0.02659724668774288,-43.17253768444061,-2.7178311904761907,1258.0
1171,55,24,28160,0.218017578125,0.024435755,0.6985363960266113,-0.007958827540278435,0.2,0.06489603663794696,0.0004092704424510632,864,0.9730036854743958,-0.021737781862611882,-43.12416064739227,-2.7179444545454547,1258.0
1171,56,24,28672,0.17041015625,0.025106948,0.8469128608703613,-0.02038251794874668,0.2,0.037612440035445616,0.0004092704424510632,880,0.9719474911689758,-0.020534623850835487,-43.09851145744324,-2.7179444545454547,1258.0
1171,57,24,29184,0.236328125,0.014379099,-0.964339017868042,-0.025249633938074112,0.2,0.0158928579185158,0.0004092704424510632,896,0.971677303314209,-0.02622865569719579,-43.06819272041321,-2.721078695652174,1258.0
1172,58,25,29696,0.1456298828125,0.021608427,0.780941367149353,0.028620880097150803,0.2,0.11898775398731232,0.0004092704424510632,912,0.9718078374862671,-0.01914006908191368,-43.0726500749588,-2.721078695652174,1258.0
1172,59,25,30208,0.229736328125,0.016798865,-0.028345823287963867,-0.043592408299446106,0.2,0.008167428139131516,0.0004092704424510632,928,0.9727023839950562,-0.02710514498176053,-43.082958459854126,-2.724843875,1258.0
1171,60,26,30720,0.105224609375,0.010543887,0.8069260120391846,0.024856507778167725,0.2,0.14669268997386098,0.0004092704424510632,944,0.974366307258606,-0.015197157852526288,-43.126839995384216,-2.724843875,1258.0
1171,61,26,31232,0.207763671875,0.012363153,-1.2816343307495117,-0.028831083327531815,0.2,0.008365188026800752,0.0004092704424510632,960,0.9733409285545349,-0.02194434925331734,-43.141968727111816,-2.724843875,1258.0
1171,62,27,31744,0.212890625,0.016623836,0.1525481939315796,-0.03927148878574371,0.2,0.0036535430335788988,0.0004092704424510632,976,0.9712957739830017,-0.025972932402510196,-43.0878221988678,-2.7324042000000004,1258.0
1170,63,27,32256,0.060546875,0.008837272,0.38494956493377686,0.014701321721076965,0.2,0.1992705932352692,0.0004092704424510632,992,0.9701932072639465,-0.012821451527997851,-43.03347384929657,-2.7324042000000004,1258.0
1170,64,27,32768,0.2647705078125,0.019540217,-0.023938417434692383,-0.04529279097914696,0.2,0.0028511315103969537,0.0004092704424510632,1008,0.9691115617752075,-0.03281550551764667,-42.996413588523865,-2.727201884615385,1258.0
1170,65,28,33280,0.09130859375,0.01060458,0.6067010164260864,0.021599220111966133,0.2,0.16633087443187833,0.0004092704424510632,1024,0.968269944190979,-0.011417079935199581,-42.96880555152893,-2.727201884615385,1258.0
1169,66,28,33792,0.2279052734375,0.016107678,-2.8417420387268066,-0.025051739066839218,0.2,0.003186836420354666,0.0004092704424510632,1040,0.9676934480667114,-0.0226028939941898,-42.93803918361664,-2.727201884615385,1258.0
1169,67,29,34304,0.270263671875,0.024247006,0.07099205255508423,-0.03977537155151367,0.2,0.009473017940763384,0.0004092704424510632,1056,0.967703640460968,-0.02887183814891614,-42.93703234195709,-2.7275830000000005,1258.0
1169,68,29,34816,0.020751953125,0.0067173867,0.3562126159667969,0.033008113503456116,0.2,0.28495961404405534,0.0004092704424510632,1072,0.9678796529769897,-0.006365958892274648,-42.93466591835022,-2.7275830000000005,1258.0
1169,69,30,35328,0.167236328125,0.0147869475,-0.6575853824615479,-0.026772229000926018,0.2,0.0028475401959440205,0.0004092704424510632,1088,0.9680480360984802,-0.021490759296284523,-42.94526553153992,-2.7294261071428574,1258.0
1168,70,30,35840,0.0343017578125,0.011111103,0.35942113399505615,0.017636416479945183,0.2,0.3557229714933783,0.0004092704424510632,1104,0.9679081439971924,-0.009254291202523746,-42.949389576911926,-2.7294261071428574,1258.0
1168,71,31,36352,0.2371826171875,0.019681629,-2.1683309078216553,-0.03848756477236748,0.2,0.002483284020854626,0.0004092704424510632,1120,0.9676396250724792,-0.023946383356815204,-42.93829941749573,-2.7294261071428574,1258.0
1168,72,31,36864,0.245849609375,0.018994005,0.2905125617980957,-0.015513677150011063,0.2,0.01201298157684505,0.0004092704424510632,1136,0.9670204520225525,-0.025798447750275955,-42.92165553569794,-2.731969103448276,1258.0
1168,73,31,37376,0.0701904296875,0.015097253,0.6231212615966797,0.08418958634138107,0.2,0.21941484790295362,0.0004092704424510632,1152,0.9670132994651794,-0.0123600648221327,-42.91509008407593,-2.731969103448276,1258.0
1167,74,32,37888,0.1866455078125,0.018622255,-1.32206130027771,-0.019432898610830307,0.2,0.022546941734617576,0.0004092704424510632,1168,0.968305230140686,-0.019492400067974813,-42.92794704437256,-2.7274098000000007,1258.0
1167,75,32,38400,0.128173828125,0.014590502,0.7929486632347107,0.026847638189792633,0.2,0.2851891350001097,0.0004092704424510632,1184,0.9686369895935059,-0.02040387377201114,-42.962722182273865,-2.7274098000000007,1258.0
1167,76,33,38912,0.259521484375,0.019001175,0.16083794832229614,-0.03781406208872795,0.2,0.008801739764749072,0.0004092704424510632,1200,0.9685551524162292,-0.02907867763133254,-42.96243381500244,-2.7274098000000007,1258.0
1166,77,33,39424,0.2996826171875,0.027690709,0.6424530744552612,-0.017900481820106506,0.2,0.03599594725528732,0.0004092704424510632,1216,0.9696040749549866,-0.032012674389989115,-42.974321603775024,-2.7240321290322584,1258.0
1166,78,34,39936,0.1075439453125,0.015697002,0.8551101684570312,0.03446004539728165,0.2,0.1315480440389365,0.0004092704424510632,1232,0.9697968363761902,-0.01619389880215749,-42.997575998306274,-2.7240321290322584,1258.0
1166,79,34,40448,0.128173828125,0.016966859,-0.07599782943725586,-0.017451662570238113,0.2,0.07241171272471547,0.0004092704424510632,1248,0.9701659083366394,-0.018480333368643187,-43.00275278091431,-2.71942090625,1258.0
1166,80,35,40960,0.112548828125,0.014169169,0.8606300354003906,0.08628083765506744,0.2,0.24863008363172412,0.0004092704424510632,1264,0.970257043838501,-0.013773804195807315,-43.01637625694275,-2.71942090625,1258.0
1166,81,35,41472,0.2615966796875,0.017102892,-0.9994072914123535,-0.038114994764328,0.2,0.00407081596495118,0.0004092704424510632,1280,0.967287003993988,-0.03106322171515785,-42.98125612735748,-2.71942090625,1258.0
1165,82,36,41984,0.119140625,0.014035565,0.682863712310791,-0.008374137803912163,0.2,0.042716295924037695,0.0004092704424510632,1296,0.9649609327316284,-0.016550975509744603,-42.87685239315033,-2.721116848484848,1258.0
1165,83,36,42496,0.15380859375,0.024250662,0.7287642359733582,-0.023936688899993896,0.2,0.12344570478308015,0.0004092704424510632,1312,0.9636313319206238,-0.01864759059390053,-42.82806992530823,-2.721116848484848,1258.0
1165,84,36,43008,0.2574462890625,0.02000203,-1.7077724933624268,-0.03668348863720894,0.2,0.011885834421264008,0.0004092704424510632,1328,0.9625099301338196,-0.025121977261733264,-42.78701734542847,-2.7207940588235293,1258.0
1164,85,37,43520,0.0604248046875,0.012242105,0.48733633756637573,0.09911958873271942,0.2,0.3222594507969916,0.0004092704424510632,1344,0.9622389078140259,-0.014129639137536287,-42.766584038734436,-2.7207940588235293,1258.0
1164,86,37,44032,0.18798828125,0.0142758945,-0.38788747787475586,-0.032499365508556366,0.2,0.0021842282694706228,0.0004092704424510632,1360,0.9618090987205505,-0.020579929172527045,-42.757734417915344,-2.7151623714285713,1258.0
1164,87,38,44544,0.03466796875,0.013206072,0.5460162162780762,0.030458971858024597,0.2,0.3230306333862245,0.0004092704424510632,1376,0.9613545536994934,-0.009854142626863904,-42.74696958065033,-2.7151623714285713,1258.0
1164,88,38,45056,0.2847900390625,0.018929811,-0.9203668832778931,-0.04143765941262245,0.2,0.003487818772555329,0.0004092704424510632,1392,0.9609606266021729,-0.03049664484569803,-42.73017680644989,-2.7151623714285713,1258.0
1164,89,39,45568,0.238037109375,0.01696755,0.1840599775314331,-0.040166597813367844,0.2,0.003440960485022515,0.0004092704424510632,1408,0.9610958695411682,-0.023402205588354263,-42.72638297080994,-2.71413625,1258.0
1164,90,39,46080,0.0281982421875,0.009848559,0.46384692192077637,0.03235340118408203,0.2,0.38405491574667394,0.0004092704424510632,1424,0.9607008695602417,-0.008851395803503692,-42.72175586223602,-2.71413625,1258.0
1164,91,40,46592,0.2340087890625,0.015916917,-1.291823148727417,-0.03247668594121933,0.2,0.0032805542650748976,0.0004092704424510632,1440,0.9606994390487671,-0.02363252456416376,-42.712013363838196,-2.718256972972973,1258.0
1164,92,40,47104,0.01318359375,0.006066698,0.5038378834724426,0.19458717107772827,0.2,0.43186749471351504,0.0004092704424510632,1456,0.9607169032096863,-0.008783274097368121,-42.71611678600311,-2.718256972972973,1258.0
1164,93,40,47616,0.2047119140625,0.013392937,-1.5707731246948242,-0.035560112446546555,0.2,0.0021639353763021063,0.0004092704424510632,1472,0.9617368578910828,-0.024170463337213732,-42.72646391391754,-2.718256972972973,1258.0
1164,94,41,48128,0.2452392578125,0.02510558,-0.10152232646942139,-0.03573758155107498,0.2,0.00911863821966108,0.0004092704424510632,1488,0.9629968404769897,-0.024777394479315262,-42.769630789756775,-2.7198985789473684,1258.0
1164,95,41,48640,0.0140380859375,0.005674327,0.22708022594451904,0.0806494876742363,0.2,0.6845725551247597,0.0004092704424510632,1504,0.9631347060203552,-0.005714706683647819,-42.787407636642456,-2.7198985789473684,1258.0
1164,96,42,49152,0.241943359375,0.017117385,0.11315315961837769,-0.023532995954155922,0.2,0.006758342526154593,0.0004092704424510632,1520,0.9629579782485962,-0.02584681772714248,-42.78606331348419,-2.7242337435897435,1258.0
1164,97,42,49664,0.031494140625,0.008715898,0.7637122273445129,0.10089720040559769,0.2,0.4589287079870701,0.0004092704424510632,1536,0.9626915454864502,-0.007737111387541518,-42.77717888355255,-2.7242337435897435,1258.0
1165,98,43,50176,0.27880859375,0.023162575,-0.5665320158004761,-0.03395262360572815,0.2,0.005656886554788798,0.0004092704424510632,1552,0.9636988639831543,-0.027109122820547782,-42.78719174861908,-2.7242337435897435,1258.0
1165,99,43,50688,0.2342529296875,0.019530741,0.37449073791503906,-0.022816596552729607,0.2,0.012093066645320505,0.0004092704424510632,1568,0.9640517830848694,-0.02437430151621811,-42.81154727935791,-2.718738525,1258.0
1165,100,43,51200,0.0679931640625,0.01171804,0.7000519037246704,0.0769018679857254,0.2,0.29541714978404343,0.0004092704424510632,1584,0.964087724685669,-0.011352743313182145,-42.823006987571716,-2.718738525,1258.0
1165,101,44,51712,0.261962890625,0.016659219,0.051647961139678955,-0.029404833912849426,0.2,0.019369685440324247,0.0004092704424510632,1600,0.9644239544868469,-0.026490376563742757,-42.822349548339844,-2.7194719024390244,1258.0
1165,102,44,52224,0.080322265625,0.016457073,0.7784382700920105,0.14145705103874207,0.2,0.36643057595938444,0.0004092704424510632,1616,0.9642261862754822,-0.012017732129606884,-42.82865238189697,-2.7194719024390244,1258.0
1164,103,45,52736,0.2032470703125,0.01493367,-0.11704885959625244,-0.03543364629149437,0.2,0.005861544515937567,0.0004092704424510632,1632,0.9643449187278748,-0.022972827253397554,-42.82210052013397,-2.7194719024390244,1258.0
1164,104,45,53248,0.2659912109375,0.021576215,0.5680530071258545,-0.039932530373334885,0.2,0.015948373125866055,0.0004092704424510632,1648,0.9629285335540771,-0.024448021489661187,-42.80816686153412,-2.7189621666666666,1258.0
1164,105,46,53760,0.0478515625,0.013420806,0.7216147184371948,0.030757034197449684,0.2,0.2882610496599227,0.0004092704424510632,1664,0.962023913860321,-0.01203986098698806,-42.76361036300659,-2.7189621666666666,1258.0
1164,106,46,54272,0.23828125,0.024412451,0.048288822174072266,-0.04599866271018982,0.2,0.015138014743570238,0.0004092704424510632,1680,0.9603482484817505,-0.030251517964643426,-42.725945830345154,-2.7212836744186046,1258.0
1164,107,47,54784,0.05029296875,0.010526741,0.7984548807144165,0.0899137333035469,0.2,0.3105590525083244,0.0004092704424510632,1696,0.9595792889595032,-0.009268663416150957,-42.68082094192505,-2.7212836744186046,1258.0
1164,108,47,55296,0.2664794921875,0.02265628,-1.0377888679504395,-0.03665607050061226,0.2,0.008999034514999948,0.0004092704424510632,1712,0.9594821929931641,-0.02716769684047904,-42.67103087902069,-2.7212836744186046,1258.0
1164,109,47,55808,0.2120361328125,0.022135727,0.6535489559173584,-0.016941726207733154,0.2,0.04438923846464604,0.0004092704424510632,1728,0.9593262672424316,-0.025258595327613875,-42.66637337207794,-2.7181663636363633,1258.0
1164,110,48,56320,0.0411376953125,0.011193199,0.7344385385513306,-0.0020889248698949814,0.2,0.28993362362962216,0.0004092704424510632,1744,0.9589956998825073,-0.01154652661352884,-42.65677464008331,-2.7181663636363633,1258.0
1164,111,48,56832,0.2430419921875,0.019977948,-1.0379469394683838,-0.03517693281173706,0.2,0.010647349990904331,0.0004092704424510632,1760,0.9584904909133911,-0.024462595261866227,-42.64323091506958,-2.7195759555555554,1258.0
1165,112,49,57344,0.0361328125,0.01027423,0.46546924114227295,0.07246105372905731,0.2,0.5168911507353187,0.0004092704424510632,1776,0.9582654237747192,-0.0090368425444467,-42.630810618400574,-2.7195759555555554,1258.0
1165,113,49,57856,0.1949462890625,0.012814387,-2.2791733741760254,-0.02779608964920044,0.2,0.004167523475189228,0.0004092704424510632,1792,0.9573262333869934,-0.020360683542094193,-42.611451745033264,-2.7195759555555554,1258.0
1165,114,50,58368,0.0538330078125,0.013187632,0.6946412324905396,0.0050224848091602325,0.2,0.1834032863844186,0.0004092704424510632,1808,0.9567760229110718,-0.012449422407371458,-42.586228251457214,-2.7166820869565216,1258.0
1165,115,50,58880,0.2125244140625,0.027443755,0.8309862613677979,-0.02180558070540428,0.2,0.06517168338177726,0.0004092704424510632,1824,0.9563874006271362,-0.021220714697847143,-42.57076692581177,-2.7166820869565216,1258.0
1165,116,50,59392,0.226318359375,0.019311015,-0.6224608421325684,-0.026905562728643417,0.2,0.021724932885263115,0.0004092704424510632,1840,0.9568592309951782,-0.023393263662001118,-42.571454882621765,-2.714100340425532,1258.0
1165,117,51,59904,0.014404296875,0.005790457,0.8265029191970825,0.10920930653810501,0.2,0.5287735066376626,0.0004092704424510632,1856,0.9569098949432373,-0.007744171656668186,-42.58264636993408,-2.714100340425532,1258.0
1165,118,51,60416,0.2625732421875,0.021855732,0.1959649920463562,-0.03430744633078575,0.2,0.011596467811614275,0.0004092704424510632,1872,0.9556109309196472,-0.02539212580450112,-42.5638552904129,-2.71203875,1258.0
1165,119,52,60928,0.06640625,0.009687256,0.8539162278175354,0.4818698763847351,0.2,0.8327842429280281,0.0004092704424510632,1888,0.954863429069519,-0.010949988485663198,-42.51939582824707,-2.71203875,1258.0
1165,120,52,61440,0.2799072265625,0.022712339,-3.4466376304626465,-0.0474240668118,0.2,0.005977060292934766,0.0004092704424510632,1904,0.9561098217964172,-0.029156981239793822,-42.52588069438934,-2.71203875,1258.0
1165,121,53,61952,0.37451171875,0.030251201,-0.1255040168762207,-0.04413723200559616,0.2,0.005907762904826086,0.0004092704424510632,1920,0.9547348618507385,-0.0383828850754071,-42.53864336013794,-2.707346693877551,1258.0
1165,122,53,62464,0.0369873046875,0.012047587,0.31524598598480225,0.038357075303792953,0.2,0.5422848067246377,0.0004092704424510632,1936,0.9543374180793762,-0.007549178058980033,-42.495561480522156,-2.707346693877551,1258.0
1165,123,54,62976,0.3331298828125,0.029687539,0.395194411277771,-0.03675716742873192,0.2,0.007279818077222444,0.0004092704424510632,1952,0.9541284441947937,-0.03125379700213671,-42.49365150928497,-2.70594022,1258.0
1165,124,54,63488,0.016357421875,0.005836202,0.8059056997299194,0.45806509256362915,0.2,0.6900704074651003,0.0004092704424510632,1968,0.953959047794342,-0.006267769895202946,-42.48121690750122,-2.70594022,1258.0
1165,125,54,64000,0.216796875,0.017913334,-0.5045576095581055,-0.021957475692033768,0.2,0.002860512468032539,0.0004092704424510632,1984,0.9534211754798889,-0.02257845620624721,-42.47228729724884,-2.70594022,1258.0
1165,126,55,64512,0.264404296875,0.023532622,0.2635524272918701,-0.031124847009778023,0.2,0.009026174622704275,0.0004092704424510632,2000,0.9532530307769775,-0.02445550641277805,-42.459049224853516,-2.7048460588235295,1258.0
1165,127,55,65024,0.0458984375,0.008404335,0.6697180271148682,0.054559871554374695,0.2,0.5010290988720953,0.0004092704424510632,2016,0.9531320333480835,-0.008221706928452477,-42.455137729644775,-2.7048460588235295,1258.0
1165,128,56,65536,0.2799072265625,0.024313005,-0.5283405780792236,-0.03381704166531563,0.2,0.007037267918349244,0.0004092704424510632,2032,0.9527309536933899,-0.02519677182135638,-42.44516324996948,-2.703400692307692,1258.0
1165,129,56,66048,0.0235595703125,0.0050426214,0.783524215221405,0.21667057275772095,0.2,0.7046661064960063,0.0004092704424510632,2048,0.9527075290679932,-0.0031018201407277957,-42.43437695503235,-2.703400692307692,1258.0
1165,130,57,66560,0.2908935546875,0.024272576,-0.29706716537475586,-0.03347094729542732,0.2,0.009993851883336902,0.0004092704424510632,2064,0.952811062335968,-0.028626802464714274,-42.44088304042816,-2.703400692307692,1258.0
1165,131,57,67072,0.2183837890625,0.01882267,0.6223247647285461,-0.02114536426961422,0.2,0.03693602106068283,0.0004092704424510632,2080,0.9514324069023132,-0.024612146386061795,-42.413541078567505,-2.706622641509434,1258.0
1165,132,57,67584,0.09326171875,0.009860501,0.8171201944351196,0.15912535786628723,0.2,0.38601604010909796,0.0004092704424510632,2096,0.9513251781463623,-0.015480501344427466,-42.3913756608963,-2.706622641509434,1258.0
1165,133,58,68096,0.23681640625,0.014214813,0.4082251191139221,-0.012791546061635017,0.2,0.03834223363082856,0.0004092704424510632,2112,0.9522359371185303,-0.02480315274442546,-42.40550899505615,-2.707314962962963,1258.0
1165,134,58,68608,0.0028076171875,0.003852779,0.850811779499054,0.3867810070514679,0.2,0.7170201083645225,0.0004092704424510632,2128,0.9524723291397095,-0.00601603694667574,-42.424389600753784,-2.707314962962963,1258.0
1166,135,59,69120,0.2130126953125,0.014905108,-0.9527149200439453,-0.03229115158319473,0.2,0.004183995937637519,0.0004092704424510632,2144,0.952843189239502,-0.020086175529286265,-42.432515263557434,-2.707314962962963,1258.0
1166,136,59,69632,0.29833984375,0.027485717,0.7391878366470337,-0.004867419600486755,0.2,0.060069764498621225,0.0004092704424510632,2160,0.9540812373161316,-0.027050349133787677,-42.46129631996155,-2.704783709090909,1258.0
1166,137,60,70144,0.0496826171875,0.012920984,0.7174866795539856,-0.008426593616604805,0.2,0.40773949574213475,0.0004092704424510632,2176,0.9545644521713257,-0.01258952148782555,-42.4885870218277,-2.704783709090909,1258.0
1166,138,60,70656,0.2452392578125,0.020265702,-0.3750948905944824,-0.026471465826034546,0.2,0.03100859804544598,0.0004092704424510632,2192,0.9541970491409302,-0.02482481331389863,-42.49383223056793,-2.7043119821428574,1258.0
1165,139,61,71168,0.0477294921875,0.008275958,0.8701209425926208,0.1670065075159073,0.2,0.4479729048907757,0.0004092704424510632,2208,0.954170823097229,-0.006311513418040704,-42.485151410102844,-2.7043119821428574,1258.0
1165,140,61,71680,0.186767578125,0.012635892,-1.2808687686920166,-0.028678808361291885,0.2,0.004277655425539706,0.0004092704424510632,2224,0.9549858570098877,-0.018835523063899018,-42.49721896648407,-2.7043119821428574,1258.0
1165,141,61,72192,0.035888671875,0.0068338094,0.7398281097412109,0.16663473844528198,0.2,0.32843901542946696,0.0004092704424510632,2240,0.955211341381073,-0.005545991130929906,-42.51794958114624,-2.7013419824561407,1258.0
1165,142,62,72704,0.194091796875,0.030835023,0.923125684261322,-0.03629041835665703,0.2,0.043768787902081385,0.0004092704424510632,2256,0.9542802572250366,-0.0197515751933679,-42.50775492191315,-2.7013419824561407,1258.0
1165,143,62,73216,0.2607421875,0.021298941,-0.7160776853561401,-0.03564222902059555,0.2,0.0183692165883258,0.0004092704424510632,2272,0.9538675546646118,-0.024538300989661366,-42.48158800601959,-2.701094931034483,1258.0
1165,144,63,73728,0.0546875,0.0097749755,0.8191784024238586,0.11696562170982361,0.2,0.7092316444031894,0.0004092704424510632,2288,0.953857421875,-0.011653728608507663,-42.478593587875366,-2.701094931034483,1258.0
1165,145,63,74240,0.256103515625,0.018832346,0.20367556810379028,-0.038816187530756,0.2,0.00619054124399554,0.0004092704424510632,2304,0.9541043639183044,-0.029997253295732662,-42.4842928647995,-2.7015494067796615,1258.0
1166,146,64,74752,0.0465087890625,0.009850234,0.8481677770614624,0.22321553528308868,0.2,0.6446521654725075,0.0004092704424510632,2320,0.9539833068847656,-0.010162275459151715,-42.480260610580444,-2.7015494067796615,1258.0
1166,147,64,75264,0.2523193359375,0.01795444,-2.5333328247070312,-0.03440627083182335,0.2,0.0020159804153081495,0.0004092704424510632,2336,0.9539650082588196,-0.028580657963175327,-42.47663366794586,-2.7015494067796615,1258.0
3781,1,0,75776,0.197021484375,0.014869321,0.1456747055053711,-0.02698487788438797,0.2,0.0022824673615104984,0.0004092704424510632,2352,0.9525467157363892,-0.02138233490404673,-42.46200406551361,-2.6972906500000002,1258.0
1808,2,0,76288,0.01025390625,0.004224574,0.41809016466140747,0.09659749269485474,0.2,0.9648267570883036,0.0004092704424510632,2368,0.9519911408424377,-0.004091316943231504,-42.41818559169769,-2.6972906500000002,1258.0
1543,3,0,76800,0.28173828125,0.024128659,0.32674551010131836,-0.03824205696582794,0.2,0.0036912467730871867,0.0004092704424510632,2384,0.9517563581466675,-0.03189269089489244,-42.41214907169342,-2.6961165081967216,1258.0
1433,4,1,77312,0.0074462890625,0.004407629,0.723188042640686,0.3043633699417114,0.2,0.7464698553085327,0.0004092704424510632,2400,0.9514457583427429,-0.004323863875470124,-42.403489112854004,-2.6961165081967216,1258.0
1375,5,1,77824,0.269287109375,0.020001538,-0.8880045413970947,-0.03781192749738693,0.2,0.0031160133294179104,0.0004092704424510632,2416,0.9492100477218628,-0.026297631782654207,-42.365405559539795,-2.6961165081967216,1258.0
1337,6,2,78336,0.1873779296875,0.012819924,-0.10148477554321289,-0.0269414521753788,0.2,0.010471339235664345,0.0004092704424510632,2432,0.9499474763870239,-0.019128906293190084,-42.32377350330353,-2.694083612903226,1258.0
1316,7,2,78848,0.0054931640625,0.0038209385,0.3107243776321411,0.11367421597242355,0.2,1.2872793297283351,0.0004092704424510632,2448,0.9504208564758301,-0.001819197423174046,-42.35657227039337,-2.694083612903226,1258.0
1299,8,3,79360,0.224609375,0.017362071,-0.8382030725479126,-0.04335910081863403,0.2,0.005998375447234139,0.0004092704424510632,2464,0.9507259130477905,-0.022894175541296136,-42.365846395492554,-2.6929572222222222,1258.0
1283,9,3,79872,0.0194091796875,0.0069005163,0.7096925377845764,0.3304896354675293,0.2,0.7935634376481175,0.0004092704424510632,2480,0.9508264064788818,-0.006617127903155051,-42.36992263793945,-2.6929572222222222,1258.0
1269,10,4,80384,0.2474365234375,0.020711567,-0.15981638431549072,-0.03497011214494705,0.2,0.001583162105816882,0.0004092704424510632,2496,0.9506683349609375,-0.029081909189699218,-42.369641184806824,-2.6929572222222222,1258.0
1261,11,4,80896,0.2384033203125,0.015919875,0.6176378130912781,-0.020762324333190918,0.2,0.016678817162755877,0.0004092704424510632,2512,0.9496411681175232,-0.023751874068693724,-42.350388050079346,-2.692845515625,1258.0
1255,12,4,81408,0.0096435546875,0.0056801997,0.733125627040863,0.1038450300693512,0.2,0.7332244399003685,0.0004092704424510632,2528,0.9493613839149475,-0.007750349475827534,-42.322688579559326,-2.692845515625,1258.0
1247,13,5,81920,0.322265625,0.03885141,-0.0469667911529541,-0.03287436068058014,0.2,0.013070053799310699,0.0004092704424510632,2544,0.9488154053688049,-0.032704048906452954,-42.31386077404022,-2.6921414923076927,1258.0
1242,14,5,82432,0.035888671875,0.00690479,0.8346447348594666,0.2694270610809326,0.2,0.8616685522720218,0.0004092704424510632,2560,0.948681652545929,-0.006594611637410708,-42.297001123428345,-2.6921414923076927,1258.0
1238,15,6,82944,0.2967529296875,0.019652493,-0.17578768730163574,-0.03751993551850319,0.2,0.008811661202344112,0.0004092704424510632,2576,0.9474762678146362,-0.029397600970696658,-42.28126931190491,-2.6921414923076927,1258.0
1235,16,6,83456,0.131591796875,0.021565119,0.7867257595062256,0.07222654670476913,0.2,0.2372438688762486,0.0004092704424510632,2592,0.9468640685081482,-0.018797163909766823,-42.24806356430054,-2.6941541060606062,1258.0
1232,17,7,83968,0.0579833984375,0.010779543,0.9119253754615784,0.02262447401881218,0.2,0.19370309286750853,0.0004092704424510632,2608,0.9465190768241882,-0.01216819703404326,-42.23412239551544,-2.6941541060606062,1258.0
1229,18,7,84480,0.2213134765625,0.021889273,0.4131785035133362,0.005257491022348404,0.2,0.11671939329244196,0.0004092704424510632,2624,0.9474390745162964,-0.020334110187832266,-42.238975405693054,-2.6934911641791044,1258.0
1227,19,7,84992,0.1072998046875,0.014518602,0.8468868732452393,0.1748267561197281,0.2,0.6316694505512714,0.0004092704424510632,2640,0.9475744366645813,-0.01606186799472198,-42.262717723846436,-2.6934911641791044,1258.0
1226,20,8,85504,0.237548828125,0.01708541,-0.4840521812438965,-0.03380090370774269,0.2,0.010335030106944032,0.0004092704424510632,2656,0.948127031326294,-0.02453560775393271,-42.26625347137451,-2.6934911641791044,1258.0
1224,21,8,86016,0.07275390625,0.011074851,0.8184547424316406,0.1814298778772354,0.2,0.4377581551671028,0.0004092704424510632,2672,0.9483414888381958,-0.01200818938377779,-42.27797985076904,-2.6930003970588237,1258.0
1222,22,9,86528,0.2451171875,0.035286482,0.9566934108734131,-0.028441261500120163,0.2,0.04551034967880696,0.0004092704424510632,2688,0.9479894042015076,-0.02314750326331705,-42.28026747703552,-2.6930003970588237,1258.0
1220,23,9,87040,0.283447265625,0.023889158,-0.7331346273422241,-0.028953243046998978,0.2,0.03639490914065391,0.0004092704424510632,2704,0.9484690427780151,-0.029186247586039826,-42.27114677429199,-2.6907488985507246,1258.0
1219,24,10,87552,0.01220703125,0.0057537765,0.873345136642456,0.12954379618167877,0.2,0.5443932767957449,0.0004092704424510632,2720,0.9487420320510864,-0.005478553212014958,-42.29695677757263,-2.6907488985507246,1258.0
1217,25,10,88064,0.2822265625,0.019759335,0.27529263496398926,-0.025106362998485565,0.2,0.009399105416378006,0.0004092704424510632,2736,0.9470846056938171,-0.027378192084142938,-42.277456521987915,-2.6895713714285714,1258.0
1216,26,10,88576,0.0272216796875,0.0070929322,0.9017766714096069,0.4882891774177551,0.2,0.9437522748485208,0.0004092704424510632,2752,0.9464314579963684,-0.005805034394143149,-42.23301434516907,-2.6895713714285714,1258.0
1215,27,11,89088,0.296875,0.019411549,-2.641415596008301,-0.0367610789835453,0.2,0.007569881010567769,0.0004092704424510632,2768,0.9473491311073303,-0.02680525789037347,-42.23625457286835,-2.6895713714285714,1258.0
1213,28,11,89600,0.23779296875,0.016186003,0.35654574632644653,-0.023265162482857704,0.2,0.0037733428544015624,0.0004092704424510632,2784,0.9477216005325317,-0.023730898508802056,-42.2644978761673,-2.689142323943662,1258.0
1212,29,12,90112,0.017578125,0.007879174,0.7099429368972778,0.06051222234964371,0.2,0.6508284979499876,0.0004092704424510632,2800,0.9474993944168091,-0.009331517452665139,-42.26112484931946,-2.689142323943662,1258.0
1211,30,12,90624,0.270751953125,0.014690507,0.004212319850921631,-0.02656867913901806,0.2,0.0034985228048753925,0.0004092704424510632,2816,0.9473853707313538,-0.027779564610682428,-42.254831075668335,-2.6880282222222225,1258.0
1210,31,13,91136,0.0072021484375,0.003231406,0.782369077205658,0.09318072348833084,0.2,0.7988098151981831,0.0004092704424510632,2832,0.9474586844444275,-0.002700970391742885,-42.257895708084106,-2.6880282222222225,1258.0
1209,32,13,91648,0.207763671875,0.01401086,-3.0209450721740723,-0.03595135733485222,0.2,0.003951806309487438,0.0004092704424510632,2848,0.9462927579879761,-0.021229824546026066,-42.24090838432312,-2.6880282222222225,1258.0
1208,33,13,92160,0.281982421875,0.020819474,0.3462400436401367,-0.028472404927015305,0.2,0.007036346418317407,0.0004092704424510632,2864,0.9479144811630249,-0.026601225239573978,-42.238232374191284,-2.687274808219178,1258.0
1208,34,14,92672,0.025634765625,0.010192672,0.7126272320747375,0.047390978783369064,0.2,0.5550446435809135,0.0004092704424510632,2880,0.9484108090400696,-0.006444542268582154,-42.28062832355499,-2.687274808219178,1258.0
1207,35,14,93184,0.2147216796875,0.014849296,0.4774259328842163,-0.026622993871569633,0.2,0.006396885815775022,0.0004092704424510632,2896,0.9459537863731384,-0.02361237205332145,-42.25097358226776,-2.6866952297297297,1258.0
1206,36,15,93696,0.01318359375,0.005481073,0.6522924900054932,0.07759559899568558,0.2,0.6401272439397871,0.0004092704424510632,2912,0.9452824592590332,-0.0035958350126747973,-42.181790351867676,-2.6866952297297297,1258.0
1205,37,15,94208,0.2569580078125,0.016241599,-0.06403183937072754,-0.03097587265074253,0.2,0.0033637784254096914,0.0004092704424510632,2928,0.9470961689949036,-0.026287467451766133,-42.19900393486023,-2.6866952297297297,1258.0
1205,38,16,94720,0.2884521484375,0.024568839,0.6368625164031982,-0.03974487632513046,0.2,0.010785164326080121,0.0004092704424510632,2944,0.945953905582428,-0.02811056028440362,-42.22582983970642,-2.684764346666667,1258.0
1204,39,16,95232,0.009765625,0.00508241,0.6835290193557739,0.08201542496681213,0.2,0.6282155932858586,0.0004092704424510632,2960,0.9451508522033691,-0.0036179815433570184,-42.17938816547394,-2.684764346666667,1258.0
1204,40,17,95744,0.259033203125,0.021701155,0.3302153944969177,-0.019866403192281723,0.2,0.03162432764656842,0.0004092704424510632,2976,0.9438607096672058,-0.02942563541000709,-42.153193950653076,-2.685434197368421,1258.0
1203,41,17,96256,0.052490234375,0.0135098435,0.8880717158317566,0.1764819622039795,0.2,0.6312049487605691,0.0004092704424510632,2992,0.9437065720558167,-0.012648137242649682,-42.1268093585968,-2.685434197368421,1258.0
1203,42,17,96768,0.2509765625,0.019313883,0.3192340135574341,-0.0389426127076149,0.2,0.00961789114808198,0.0004092704424510632,3008,0.9453927278518677,-0.027784516219981015,-42.150776863098145,-2.685434197368421,1258.0
1203,43,18,97280,0.06640625,0.013814735,0.7939299941062927,0.16718178987503052,0.2,0.5171120874583721,0.0004092704424510632,3024,0.9461063742637634,-0.014004366457811557,-42.1925995349884,-2.6855534545454542,1258.0
1202,44,18,97792,0.1309814453125,0.018593993,0.965701162815094,0.006223574280738831,0.2,0.13951605162583292,0.0004092704424510632,3040,0.9467642307281494,-0.017068612709408626,-42.207380533218384,-2.6855534545454542,1258.0
1201,45,19,98304,0.24072265625,0.023584701,0.11918365955352783,-0.016381559893488884,0.2,0.054309740429744124,0.0004092704424510632,3056,0.9473704695701599,-0.021833125181728974,-42.231841802597046,-2.684933038461538,1258.0
1201,46,19,98816,0.0062255859375,0.004100109,0.9077284336090088,0.2165203094482422,0.2,0.638900114223361,0.0004092704424510632,3072,0.9472821354866028,-0.0012552564730867743,-42.234151005744934,-2.684933038461538,1258.0
1201,47,20,99328,0.295654296875,0.01966244,-0.17796874046325684,-0.04283580183982849,0.2,0.00531178577512037,0.0004092704424510632,3088,0.949601948261261,-0.03229999021277763,-42.26275336742401,-2.684933038461538,1258.0
1200,48,20,99840,0.011474609375,0.0045367694,0.8109183311462402,0.21370218694210052,0.2,0.6650583017617464,0.0004092704424510632,3104,0.9504202008247375,-0.0037539790355367586,-42.32758033275604,-2.6819914303797465,1258.0
1199,49,20,100352,0.2098388671875,0.025293551,0.9843009114265442,-0.018715837970376015,0.2,0.03653129725717008,0.0004092704424510632,3120,0.9506635069847107,-0.019709291897015646,-42.33512270450592,-2.6819914303797465,1258.0
1199,50,21,100864,0.2081298828125,0.01723437,-1.3445947170257568,-0.020389575511217117,0.2,0.04838356235995889,0.0004092704424510632,3136,0.9495067000389099,-0.024301281169755384,-42.32682120800018,-2.6817686625,1258.0
1199,51,21,101376,0.021484375,0.0076276837,0.902003288269043,0.14929169416427612,0.2,0.6236323285847902,0.0004092704424510632,3152,0.9486586451530457,-0.008819748822133988,-42.279536962509155,-2.6817686625,1258.0
1198,52,22,101888,0.244873046875,0.017859798,-0.39664971828460693,-0.025468815118074417,0.2,0.014877909299684688,0.0004092704424510632,3168,0.9495407342910767,-0.025275084655731916,-42.275835037231445,-2.6817686625,1258.0
1198,53,22,102400,0.0267333984375,0.007287561,0.8847774863243103,0.21568723022937775,0.2,0.7443585954606533,0.0004092704424510632,3184,0.9499709606170654,-0.0034931104455608875,-42.30700063705444,-2.6822009629629626,1258.0
1197,54,23,102912,0.224609375,0.014786736,0.9951673746109009,-0.03303375840187073,0.2,0.00932992970047053,0.0004092704424510632,3200,0.9502506852149963,-0.023231841332744807,-42.31213319301605,-2.6822009629629626,1258.0
1197,55,23,103424,0.294921875,0.02361343,0.1614125370979309,-0.027284938842058182,0.2,0.01937227539019659,0.0004092704424510632,3216,0.9491959810256958,-0.026127693825401366,-42.305410265922546,-2.680746963414634,1258.0
1197,56,23,103936,0.057373046875,0.009294027,0.8810517191886902,0.1074787899851799,0.2,0.5582945579662919,0.0004092704424510632,3232,0.9485827684402466,-0.009030097877257504,-42.26105749607086,-2.680746963414634,1258.0
1196,57,24,104448,0.27978515625,0.024242837,0.3381192088127136,-0.02584519051015377,0.2,0.010704199026804417,0.0004092704424510632,3248,0.9479040503501892,-0.0270979858469218,-42.24505591392517,-2.679955734939759,1258.0
1196,58,24,104960,0.009521484375,0.004816844,0.8848342299461365,0.12667010724544525,0.2,0.649198692291975,0.0004092704424510632,3264,0.9475677609443665,-0.0036735109897563234,-42.22345685958862,-2.679955734939759,1258.0
1196,59,25,105472,0.301025390625,0.019159371,-2.2806854248046875,-0.050292227417230606,0.2,0.003000551620061742,0.0004092704424510632,3280,0.9474825859069824,-0.030990473620477132,-42.21836197376251,-2.679955734939759,1258.0
1196,60,25,105984,0.29541015625,0.021353208,-0.2556546926498413,-0.03918398544192314,0.2,0.007667563637369312,0.0004092704424510632,3296,0.9466145634651184,-0.028406581594026648,-42.207687854766846,-2.6799616309523806,1258.0
1196,61,26,106496,0.013916015625,0.0053546624,0.2811332941055298,0.12472662329673767,0.2,0.848213620018214,0.0004092704424510632,3312,0.9462624192237854,-0.006333401062875055,-42.18255352973938,-2.6799616309523806,1258.0
1196,62,26,107008,0.249755859375,0.018620392,0.3738858699798584,-0.043120164424180984,0.2,0.00338072630984243,0.0004092704424510632,3328,0.9474407434463501,-0.02786985313287005,-42.194448471069336,-2.6775855176470587,1258.0
1195,63,26,107520,0.0096435546875,0.0048749167,0.808486819267273,0.11899154633283615,0.2,0.7765173520892859,0.0004092704424510632,3344,0.9478136301040649,5.736405000789091e-05,-42.224502205848694,-2.6775855176470587,1258.0
1195,64,27,108032,0.1890869140625,0.012937859,-0.2227867841720581,-0.030966022983193398,0.2,0.002083718456560746,0.0004092704424510632,3360,0.9501859545707703,-0.02186101136612706,-42.26304805278778,-2.6775855176470587,1258.0
1195,65,27,108544,0.27294921875,0.020292468,0.5685181617736816,-0.023234514519572258,0.2,0.0087226527830353,0.0004092704424510632,3376,0.949461817741394,-0.020089628436835483,-42.306326270103455,-2.675649930232558,1258.0
1195,66,28,109056,0.068603515625,0.0073101735,0.6932424306869507,0.10779210180044174,0.2,0.7041208534501493,0.0004092704424510632,3392,0.9487934112548828,-0.012153523850429337,-42.272841691970825,-2.675649930232558,1258.0
1195,67,28,109568,0.30029296875,0.024278004,0.06446439027786255,-0.037596601992845535,0.2,0.004545531402982306,0.0004092704424510632,3408,0.9472458362579346,-0.029723744140937924,-42.24523389339447,-2.6751112758620685,1258.0
1195,68,29,110080,0.0235595703125,0.0070643416,0.8034595847129822,0.1539095640182495,0.2,0.9244152344763279,0.0004092704424510632,3424,0.9465445876121521,-0.004503512260271236,-42.19587504863739,-2.6751112758620685,1258.0
1195,69,29,110592,0.31640625,0.021071661,0.14175200462341309,-0.04257327690720558,0.2,0.0030346947896759957,0.0004092704424510632,3440,0.9462426900863647,-0.034122285404009745,-42.18423318862915,-2.6751112758620685,1258.0
1195,70,29,111104,0.2008056640625,0.01801066,0.7876068353652954,0.018986813724040985,0.2,0.10278077144175768,0.0004092704424510632,3456,0.9456325769424438,-0.023362530482700095,-42.17765247821808,-2.675439363636364,1258.0
1195,71,30,111616,0.00634765625,0.0045812866,0.7389873266220093,0.1919672191143036,0.2,1.0698752496391535,0.0004092704424510632,3472,0.9453815817832947,-0.009996011081966572,-42.15787434577942,-2.675439363636364,1258.0
1195,72,30,112128,0.2274169921875,0.020351026,0.31849855184555054,0.010319165885448456,0.2,0.08387348079122603,0.0004092704424510632,3488,0.9439476132392883,-0.027479456548462622,-42.137656450271606,-2.6737406516853937,1258.0
1195,73,31,112640,0.0098876953125,0.0043753283,0.9318075776100159,0.42401835322380066,0.2,0.8499437216669321,0.0004092704424510632,3504,0.9433273673057556,-0.006149555076262914,-42.091811418533325,-2.6737406516853937,1258.0
1195,74,31,113152,0.2349853515625,0.01674673,-1.366307258605957,-0.03336845338344574,0.2,0.016569444735068828,0.0004092704424510632,3520,0.943719744682312,-0.02481885303495801,-42.0888706445694,-2.6737406516853937,1258.0
1195,75,32,113664,0.0546875,0.008146808,0.8815401196479797,0.24083834886550903,0.2,0.5619549425318837,0.0004092704424510632,3536,0.9440144896507263,-0.011175424464454409,-42.1044842004776,-2.6703343111111115,1258.0
1195,76,32,114176,0.06787109375,0.015606846,0.9358350038528442,-0.028993984684348106,0.2,0.1903273566858843,0.0004092704424510632,3552,0.9441893696784973,-0.019341230698046274,-42.10885548591614,-2.6703343111111115,1258.0
1194,77,32,114688,0.230712890625,0.01822684,-0.012530326843261719,-0.0074766092002391815,0.2,0.05272182042244822,0.0004092704424510632,3568,0.9441319108009338,-0.02257847877626773,-42.113664865493774,-2.6689347362637363,1258.0
1195,78,33,115200,0.0179443359375,0.006866701,0.914994478225708,0.17320048809051514,0.2,0.5090687712654471,0.0004092704424510632,3584,0.9440993070602417,-0.0064062893216032535,-42.11222851276398,-2.6689347362637363,1258.0
1194,79,33,115712,0.2322998046875,0.01842624,-1.1749155521392822,-0.034423090517520905,0.2,0.005341634168871678,0.0004092704424510632,3600,0.9425932168960571,-0.022633511427557096,-42.08892369270325,-2.6689347362637363,1258.0
1194,80,34,116224,0.0150146484375,0.0063896882,0.8441279530525208,0.10649814456701279,0.2,0.4414972844533622,0.0004092704424510632,3616,0.9423248767852783,-0.006602085770282429,-42.0511611700058,-2.6682628804347828,1258.0
1195,81,34,116736,0.253662109375,0.030121421,0.9617637395858765,-0.03289353474974632,0.2,0.02728701882006135,0.0004092704424510632,3632,0.942307710647583,-0.020802937273401767,-42.04973328113556,-2.6682628804347828,1258.0
1194,82,35,117248,0.2447509765625,0.017996673,0.12109553813934326,-0.03849472478032112,0.2,0.020022762997541577,0.0004092704424510632,3648,0.9400470852851868,-0.027284252282697707,-42.0167019367218,-2.6668622795698926,1258.0
1195,83,35,117760,0.0474853515625,0.0072114505,0.8857789039611816,0.32852986454963684,0.2,0.6710482533089817,0.0004092704424510632,3664,0.9393197894096375,-0.006261685302888509,-41.947540044784546,-2.6668622795698926,1258.0
1194,84,35,118272,0.267822265625,0.02048976,0.2944185137748718,-0.033140070736408234,0.2,0.008913044919609092,0.0004092704424510632,3680,0.9393497705459595,-0.026431929145473987,-41.93933439254761,-2.665721925531915,1258.0
1194,85,36,118784,0.0745849609375,0.009531707,0.9135012626647949,0.38961851596832275,0.2,1.018846645951271,0.0004092704424510632,3696,0.939612865447998,-0.002353968928218819,-41.94734489917755,-2.665721925531915,1258.0
1194,86,36,119296,0.2716064453125,0.016528659,-3.8603715896606445,-0.03215974569320679,0.2,0.005073023708973778,0.0004092704424510632,3712,0.9388617873191833,-0.027889160526683554,-41.9417359828949,-2.665721925531915,1258.0
1194,87,37,119808,0.2633056640625,0.016463961,0.22160863876342773,-0.04316456988453865,0.2,0.003372041137481574,0.0004092704424510632,3728,0.9365322589874268,-0.029982225241838023,-41.90354776382446,-2.6641458105263163,1258.0
1194,88,37,120320,0.013427734375,0.0054979483,0.6275865435600281,0.7448378205299377,0.2,1.1400699634104967,0.0004092704424510632,3744,0.93573397397995,-0.007943545446323697,-41.8408967256546,-2.6641458105263163,1258.0
1194,89,38,120832,0.25830078125,0.020195879,0.19778263568878174,-0.03340684622526169,0.2,0.005655719913193025,0.0004092704424510632,3760,0.936244785785675,-0.028532827578601427,-41.837610602378845,-2.661931458333333,1258.0
1194,90,38,121344,0.0372314453125,0.009411024,0.8128975033760071,0.12412197887897491,0.2,0.5244852332398295,0.0004092704424510632,3776,0.9362449049949646,-0.008208457860746421,-41.84438669681549,-2.661931458333333,1258.0
1194,91,39,121856,0.2537841796875,0.016675401,-0.0953059196472168,-0.02677527256309986,0.2,0.0027148914559802506,0.0004092704424510632,3792,0.9373596906661987,-0.026467473406228237,-41.85256278514862,-2.661931458333333,1258.0
1194,92,39,122368,0.2816162109375,0.02186655,0.44248759746551514,-0.03714552894234657,0.2,0.013865200948202983,0.0004092704424510632,3808,0.938359797000885,-0.027724400235456415,-41.886964321136475,-2.6611248453608245,1258.0
1194,93,39,122880,0.0672607421875,0.0112844985,0.77009117603302,0.14105455577373505,0.2,0.6761617735028267,0.0004092704424510632,3824,0.9387146234512329,-0.005080522765638307,-41.906609296798706,-2.6611248453608245,1258.0
1194,94,40,123392,0.246337890625,0.01931497,-0.14346742630004883,-0.031237244606018066,0.2,0.004638588987290859,0.0004092704424510632,3840,0.9364324808120728,-0.025470239896094427,-41.882455348968506,-2.661220724489796,1258.0
1194,95,40,123904,0.0323486328125,0.0052597243,0.6831434965133667,0.10675521939992905,0.2,0.7472050841897726,0.0004092704424510632,3856,0.9355731010437012,-0.0010354138357797638,-41.81941044330597,-2.661220724489796,1258.0
1194,96,41,124416,0.2471923828125,0.021280158,-0.1707627773284912,-0.042409736663103104,0.2,0.0017243365982722025,0.0004092704424510632,3872,0.9342764019966125,-0.026425613454193808,-41.79732310771942,-2.661220724489796,1258.0
1194,97,41,124928,0.1705322265625,0.018126348,0.7576577663421631,0.0017438139766454697,0.2,0.06386461842339486,0.0004092704424510632,3888,0.9334111213684082,-0.01920183265610831,-41.75742053985596,-2.659379595959596,1258.0
1194,98,42,125440,0.0069580078125,0.004428611,0.7859799861907959,0.06830193102359772,0.2,0.6685406791511923,0.0004092704424510632,3904,0.9332996010780334,-0.005104181313072331,-41.74113869667053,-2.659379595959596,1258.0
1194,99,42,125952,0.2191162109375,0.03431648,0.19118666648864746,-0.009261304512619972,0.2,0.06792923470493406,0.0004092704424510632,3920,0.932328462600708,-0.024906052538426593,-41.72874736785889,-2.66059594,1258.0
1194,100,42,126464,0.007080078125,0.004672561,0.7975143194198608,0.2059287577867508,0.2,1.058068328537047,0.0004092704424510632,3936,0.9318290948867798,-0.005349691353330854,-41.69902980327606,-2.66059594,1258.0
1194,101,43,126976,0.282958984375,0.016986955,0.3687635064125061,-0.03876481205224991,0.2,0.004388753295643255,0.0004092704424510632,3952,0.9294102191925049,-0.029992092226166278,-41.656171798706055,-2.66059594,1258.0
1194,102,43,127488,0.002197265625,0.0032867494,0.825854480266571,0.15283669531345367,0.2,0.4575881529599428,0.0004092704424510632,3968,0.9284419417381287,-0.005085935248644091,-41.57405650615692,-2.6574438600000003,1258.0
1194,103,44,128000,0.039306640625,0.0097220745,0.90513676404953,0.025752674788236618,0.2,0.32207322877366096,0.0004092704424510632,3984,0.9282141923904419,-0.011856552548124455,-41.561182379722595,-2.6574438600000003,1258.0
1194,104,44,128512,0.2569580078125,0.02123328,0.6077555418014526,0.02144254744052887,0.2,0.10397071484476328,0.0004092704424510632,4000,0.928303599357605,-0.027556052460568026,-41.55733132362366,-2.6547316800000003,1258.0
1194,105,45,129024,0.003662109375,0.003967923,0.9315667748451233,0.1692768633365631,0.2,0.7529363073408604,0.0004092704424510632,4016,0.9284444451332092,-0.003135022139758803,-41.55978512763977,-2.6547316800000003,1258.0
1194,106,45,129536,0.2606201171875,0.022220792,-0.09366655349731445,-0.02700814977288246,0.2,0.019185391283826903,0.0004092704424510632,4032,0.9265267848968506,-0.02638399921124801,-41.542672634124756,-2.6547316800000003,1258.0
1194,107,45,130048,0.044189453125,0.010015682,0.9137781262397766,0.47954055666923523,0.2,1.0152952931821346,0.0004092704424510632,4048,0.9258102178573608,-0.009921741875587031,-41.48408555984497,-2.6534285700000004,1258.0
1194,108,46,130560,0.19775390625,0.020417806,0.9913525581359863,-0.014398961327970028,0.2,0.031243773584719747,0.0004092704424510632,4064,0.9240362644195557,-0.015915562777081504,-41.45421540737152,-2.6534285700000004,1258.0
1194,109,46,131072,0.269287109375,0.026257906,-0.27086198329925537,-0.012900371104478836,0.2,0.07072503154631704,0.0004092704424510632,4080,0.9222325086593628,-0.02765040166559629,-41.37860405445099,-2.65324381,1258.0
1194,110,47,131584,0.0181884765625,0.0049170656,0.920093297958374,0.4351844787597656,0.2,0.8093703873455524,0.0004092704424510632,4096,0.9220521450042725,-0.0049372047651559114,-41.3422189950943,-2.65324381,1258.0
1193,111,47,132096,0.2088623046875,0.016470216,0.48973357677459717,-0.00978051871061325,0.2,0.05313701101113111,0.0004092704424510632,4112,0.9207020401954651,-0.01784587249858305,-41.31719744205475,-2.6525215900000005,1258.0
1193,112,48,132608,0.0784912109375,0.012621522,0.9263803958892822,0.27303361892700195,0.2,0.7340364335104823,0.0004092704424510632,4128,0.9204714894294739,-0.011737460474250838,-41.2809032201767,-2.6525215900000005,1258.0
1193,113,48,133120,0.3096923828125,0.019659095,-3.600118637084961,-0.030394606292247772,0.2,0.005640380099066533,0.0004092704424510632,4144,0.9206989407539368,-0.026731294143246487,-41.283881425857544,-2.6525215900000005,1258.0
1193,114,48,133632,0.2735595703125,0.016834658,0.3765547275543213,-0.04662799462676048,0.2,0.004399187324452214,0.0004092704424510632,4160,0.9180254340171814,-0.03085499140433967,-41.246784806251526,-2.64944975,1258.0
1194,115,49,134144,0.0101318359375,0.003755382,0.8119041323661804,0.0967365950345993,0.2,0.7429201602935791,0.0004092704424510632,4176,0.9170201420783997,-0.001066923825419508,-41.16550850868225,-2.64944975,1258.0
1193,116,49,134656,0.2132568359375,0.012265816,0.3906869888305664,-0.02231404557824135,0.2,0.0049646363040665165,0.0004092704424510632,4192,0.9173848628997803,-0.020861301905824803,-41.16057777404785,-2.6458932300000004,1258.0
1194,117,50,135168,0.0152587890625,0.00594295,0.9176079034805298,0.13193866610527039,0.2,0.5160756092518568,0.0004092704424510632,4208,0.9173904061317444,-0.007496384816477075,-41.16878652572632,-2.6458932300000004,1258.0
1194,118,50,135680,0.358642578125,0.04062213,-3.3392629623413086,-0.045664943754673004,0.2,0.004489956238103332,0.0004092704424510632,4224,0.9170678853988647,-0.03460286065819673,-41.161869406700134,-2.6458932300000004,1258.0
1194,119,51,136192,0.2447509765625,0.016725572,0.7020909786224365,-0.03622622415423393,0.2,0.006376173201715574,0.0004092704424510632,4240,0.9151396155357361,-0.022443070258304942,-41.125638246536255,-2.64706896,1258.0
1194,120,51,136704,0.0599365234375,0.008371823,0.7181251049041748,0.09122113883495331,0.2,0.5411864914931357,0.0004092704424510632,4256,0.9145868420600891,-0.004757153299578931,-41.07705116271973,-2.64706896,1258.0
1194,121,51,137216,0.2607421875,0.021032644,0.5820731520652771,-0.0356043241918087,0.2,0.004045921072247438,0.0004092704424510632,4272,0.9143815636634827,-0.027012182370526716,-41.06718850135803,-2.6452211599999997,1258.0
1194,122,52,137728,0.1112060546875,0.009471438,0.8719209432601929,0.11792930215597153,0.2,0.4573760940693319,0.0004092704424510632,4288,0.9144085049629211,-0.009738688968354836,-41.06243121623993,-2.6452211599999997,1258.0
1193,123,52,138240,0.2452392578125,0.01671184,0.23820263147354126,-0.040394607931375504,0.2,0.0022200742569111753,0.0004092704424510632,4304,0.9138076305389404,-0.029566997953224927,-41.048935413360596,-2.6452211599999997,1258.0
1194,124,53,138752,0.18896484375,0.01608875,0.7878086566925049,0.030423831194639206,0.2,0.15130793838761747,0.0004092704424510632,4320,0.9137744307518005,-0.01807175570866093,-41.02676856517792,-2.64217793,1258.0
1194,125,53,139264,0.054443359375,0.014757227,0.8959395289421082,0.018120177090168,0.2,0.2614338560961187,0.0004092704424510632,4336,0.9141985774040222,-0.009981043229345232,-41.036569237709045,-2.64217793,1258.0
1194,126,54,139776,0.270751953125,0.01889701,0.39045560359954834,-0.022129982709884644,0.2,0.017135784350102767,0.0004092704424510632,4352,0.9129171967506409,-0.027537216374184936,-41.030171394348145,-2.6394232,1258.0
1193,127,54,140288,0.0504150390625,0.008306723,0.8988171219825745,0.11064371466636658,0.2,0.5560653884895146,0.0004092704424510632,4368,0.9126893877983093,-0.005934875822276808,-40.99778628349304,-2.6394232,1258.0
1193,128,54,140800,0.288330078125,0.023628786,0.4698256254196167,-0.03429102152585983,0.2,0.007946495068608783,0.0004092704424510632,4384,0.9114028811454773,-0.028956358699360862,-40.9795036315918,-2.6394232,1258.0
1193,129,55,141312,0.0831298828125,0.014450965,0.8832535147666931,0.1467970460653305,0.2,0.43182265665382147,0.0004092704424510632,4400,0.9112772941589355,-0.00938725212472491,-40.95103979110718,-2.6380843599999997,1258.0
1193,130,55,141824,0.130126953125,0.02694277,0.9539663195610046,-0.01107623241841793,0.2,0.10509996046312153,0.0004092704424510632,4416,0.9119406938552856,-0.018155865531298332,-40.96144104003906,-2.6380843599999997,1258.0
1193,131,56,142336,0.1937255859375,0.027586125,0.5471855401992798,0.021556049585342407,0.2,0.11990857170894742,0.0004092704424510632,4432,0.9121842384338379,-0.024259649340820033,-40.97691583633423,-2.6364878,1258.0
1193,132,56,142848,0.0472412109375,0.011567472,0.9379183053970337,0.14798125624656677,0.2,0.4486237335950136,0.0004092704424510632,4448,0.9122602343559265,-0.010633077661623247,-40.97835683822632,-2.6364878,1258.0
1193,133,57,143360,0.2310791015625,0.017039804,0.4753177762031555,-0.004273476079106331,0.2,0.04787474195472896,0.0004092704424510632,4464,0.913513720035553,-0.02145664390991442,-40.994006752967834,-2.6364878,1258.0
1193,134,57,143872,0.0350341796875,0.0066264207,0.9031428098678589,0.20709733664989471,0.2,0.8153848685324192,0.0004092704424510632,4480,0.914040207862854,-0.005712852202123031,-41.03428363800049,-2.6352587900000004,1258.0
1193,135,57,144384,0.1265869140625,0.015520345,0.9829997420310974,-0.02166895754635334,0.2,0.04339876089943573,0.0004092704424510632,4496,0.9137877225875854,-0.014875099193886854,-41.03617525100708,-2.6352587900000004,1258.0
1193,136,58,144896,0.2745361328125,0.025459848,-0.6130484342575073,-0.004302855581045151,0.2,0.08281637018080801,0.0004092704424510632,4512,0.914186418056488,-0.02689320566423703,-41.03511893749237,-2.6338809700000003,1258.0
1193,137,58,145408,0.08544921875,0.012466661,0.9319922924041748,0.0632794052362442,0.2,0.27556903287768364,0.0004092704424510632,4528,0.9140937924385071,-0.011680724623147398,-41.04673361778259,-2.6338809700000003,1258.0
1193,138,59,145920,0.2542724609375,0.0188065,0.3940521478652954,-0.021881088614463806,0.2,0.030113607412204146,0.0004092704424510632,4544,0.9159632921218872,-0.026899087068159133,-41.059940814971924,-2.6338809700000003,1258.0
1193,139,59,146432,0.0404052734375,0.0091596525,0.9325895309448242,0.13696947693824768,0.2,0.43261447083204985,0.0004092704424510632,4560,0.9169061779975891,-0.007828562229406089,-41.1227000951767,-2.62907459,1258.0
1193,140,60,146944,0.2841796875,0.02342398,0.9774932265281677,-0.038020797073841095,0.2,0.010960089290165342,0.0004092704424510632,4576,0.9181433320045471,-0.030073559028096497,-41.152023792266846,-2.62907459,1258.0
1193,141,60,147456,0.2064208984375,0.014905956,0.4697563648223877,-0.02335461601614952,0.2,0.01852800080087036,0.0004092704424510632,4592,0.9187341928482056,-0.018163661341532134,-41.18921649456024,-2.6290389700000003,1258.0
1193,142,60,147968,0.0609130859375,0.0147794075,0.9033419489860535,0.042451925575733185,0.2,0.28568332316353917,0.0004092704424510632,4608,0.9187242388725281,-0.01626852399931522,-41.1981303691864,-2.6290389700000003,1258.0
1193,143,61,148480,0.2652587890625,0.017791605,0.4993216395378113,-0.03155839443206787,0.2,0.007695039079408161,0.0004092704424510632,4624,0.9176762700080872,-0.025977940153097734,-41.18580210208893,-2.62799264,1258.0
1193,144,61,148992,0.0484619140625,0.013046039,0.9325292706489563,0.10876986384391785,0.2,0.365143287461251,0.0004092704424510632,4640,0.9174280762672424,-0.007484166548238136,-41.1602303981781,-2.62799264,1258.0
1193,145,62,149504,0.265869140625,0.021073177,-1.8859317302703857,-0.026395713910460472,0.2,0.0022197237485670485,0.0004092704424510632,4656,0.9169492125511169,-0.02573470288189128,-41.15300142765045,-2.62799264,1258.0
1193,146,62,150016,0.275634765625,0.025646336,-2.0290021896362305,-0.026031075045466423,0.2,0.009677739522885531,0.0004092704424510632,4672,0.9177015423774719,-0.026864948857109994,-41.14338791370392,-2.6265446800000007,1258.0
1193,147,63,150528,0.0272216796875,0.008354107,0.24085205793380737,0.032110199332237244,0.2,0.8610329593066126,0.0004092704424510632,4688,0.9180360436439514,-0.010148953762836754,-41.16855609416962,-2.6265446800000007,1258.0
3819,1,0,151040,0.2730712890625,0.019007819,0.40033602714538574,-0.03710684925317764,0.2,0.003927757701603696,0.0004092704424510632,4704,0.9169013500213623,-0.028422196191968396,-41.16013205051422,-2.62287842,1258.0
1828,2,0,151552,0.0123291015625,0.0057334583,0.8197535276412964,0.08872778713703156,0.2,0.6561947287991643,0.0004092704424510632,4720,0.916313886642456,-0.006753628331352957,-41.12242341041565,-2.62287842,1258.0
1563,3,0,152064,0.35400390625,0.03155093,0.09968376159667969,-0.04247225448489189,0.2,0.0018709826690610498,0.0004092704424510632,4736,0.9156069755554199,-0.03774730782606639,-41.10381841659546,-2.62287842,1258.0
1452,4,1,152576,0.214111328125,0.014988408,0.786155641078949,0.011984225362539291,0.2,0.10529199452139437,0.0004092704424510632,4752,0.9151266813278198,-0.02217146148905158,-41.08028030395508,-2.6210254300000004,1258.0
1395,5,1,153088,0.1246337890625,0.017485462,0.9189796447753906,-0.014860417693853378,0.2,0.18763726891484112,0.0004092704424510632,4768,0.9148160815238953,-0.019470003811875358,-41.0640572309494,-2.6210254300000004,1258.0
1356,6,2,153600,0.2686767578125,0.024442196,0.3263605237007141,-0.024503853172063828,0.2,0.031352715159300715,0.0004092704424510632,4784,0.9144833087921143,-0.02627310558455065,-41.05548012256622,-2.6196499799999997,1258.0
1329,7,2,154112,0.0738525390625,0.01304807,0.9338139891624451,0.1130511537194252,0.2,0.33743646927177906,0.0004092704424510632,4800,0.9141875505447388,-0.011040533179766499,-41.057902097702026,-2.6196499799999997,1258.0
1310,8,3,154624,0.2626953125,0.01854287,0.23605209589004517,-0.03586871176958084,0.2,0.005122789400047623,0.0004092704424510632,4816,0.9122152924537659,-0.026611968511133455,-41.02214217185974,-2.6196499799999997,1258.0
1297,9,3,155136,0.074951171875,0.00949223,0.8691086173057556,0.13599266111850739,0.2,0.28110240399837494,0.0004092704424510632,4832,0.9114950895309448,-0.012432550269295461,-40.9632066488266,-2.6157517800000005,1258.0
1287,10,3,155648,0.114990234375,0.01626809,0.9163720607757568,-0.0023564379662275314,0.2,0.19054639735259116,0.0004092704424510632,4848,0.9112523198127747,-0.021571248755208217,-40.9526584148407,-2.6157517800000005,1258.0
1277,11,4,156160,0.271728515625,0.020360362,0.5514627695083618,-0.017668530344963074,0.2,0.031655930913984776,0.0004092704424510632,4864,0.9115248918533325,-0.02718929833645234,-40.948150396347046,-2.61327928,1258.0
1270,12,4,156672,0.070068359375,0.0136116855,0.9353575706481934,0.06384845823049545,0.2,0.299191502854228,0.0004092704424510632,4880,0.9115561842918396,-0.012975535180885345,-40.95558476448059,-2.61327928,1258.0
1259,13,5,157184,0.3160400390625,0.022367228,-0.01027822494506836,-0.04437311366200447,0.2,0.010043862203019671,0.0004092704424510632,4896,0.9104142785072327,-0.02854396284237737,-40.94491183757782,-2.61327928,1258.0
1252,14,5,157696,0.204345703125,0.020812554,0.9097442626953125,0.06709853559732437,0.2,0.2331780670210719,0.0004092704424510632,4912,0.9094363451004028,-0.018606034922413528,-40.90691900253296,-2.6108278800000004,1258.0
1249,15,6,158208,0.190185546875,0.028039774,0.8973143696784973,-0.021167375147342682,0.2,0.14414877543458715,0.0004092704424510632,4928,0.9089385867118835,-0.023174564288638067,-40.88495087623596,-2.6108278800000004,1258.0
1246,16,6,158720,0.267578125,0.021420114,-0.33926939964294434,-0.024544566869735718,0.2,0.018248159263748676,0.0004092704424510632,4944,0.908684492111206,-0.026178648011409678,-40.87215280532837,-2.6105014700000004,1258.0
1244,17,6,159232,0.1112060546875,0.02020314,0.9012832641601562,0.056288693100214005,0.2,0.2935704020783305,0.0004092704424510632,4960,0.9083930850028992,-0.01972172924433835,-40.85765242576599,-2.6105014700000004,1258.0
1241,18,7,159744,0.28125,0.01863994,-0.16827082633972168,-0.0337677076458931,0.2,0.0032949859159998596,0.0004092704424510632,4976,0.9094246625900269,-0.024927426558861043,-40.86527180671692,-2.6105014700000004,1258.0
1237,19,7,160256,0.1036376953125,0.013600713,0.9046202301979065,0.06769069284200668,0.2,0.2630452811717987,0.0004092704424510632,4992,0.9094829559326172,-0.010651853503077291,-40.8976446390152,-2.60933884,1258.0
1235,20,8,160768,0.2713623046875,0.027615715,0.9882686138153076,-0.03275638818740845,0.2,0.012303046009037644,0.0004092704424510632,5008,0.910000205039978,-0.0233194651955273,-40.89649677276611,-2.60933884,1258.0
1231,21,8,161280,0.26708984375,0.019265167,0.3563210368156433,-0.03349266201257706,0.2,0.02236854418879375,0.0004092704424510632,5024,0.909400999546051,-0.026071724205394275,-40.90869927406311,-2.60743882,1258.0
1230,22,9,161792,0.0931396484375,0.014437808,0.9046418070793152,0.11443698406219482,0.2,0.278457832057029,0.0004092704424510632,5040,0.9091846346855164,-0.013717769463255536,-40.88330578804016,-2.60743882,1258.0
1228,23,9,162304,0.27099609375,0.017538734,0.5823121070861816,-0.038245510309934616,0.2,0.013469139259541407,0.0004092704424510632,5056,0.9118973612785339,-0.028050514520145953,-40.91862738132477,-2.603062,1258.0
1227,24,10,162816,0.093994140625,0.0141348,0.9314119219779968,0.0960097461938858,0.2,0.3609579727053642,0.0004092704424510632,5072,0.9126728773117065,-0.011953246779739857,-40.999693393707275,-2.603062,1258.0
1225,25,10,163328,0.2633056640625,0.017006043,-2.556687355041504,-0.02894253097474575,0.2,0.0033517980846227147,0.0004092704424510632,5088,0.9132161736488342,-0.0232044124204549,-41.009066343307495,-2.603062,1258.0
1224,26,10,163840,0.21875,0.013173491,0.5125942230224609,-0.020482927560806274,0.2,0.0038602176718995906,0.0004092704424510632,5104,0.9138453006744385,-0.02064598175638821,-41.035165309906006,-2.60168695,1258.0
1223,27,11,164352,0.0972900390625,0.014403498,0.7508158087730408,0.05973624438047409,0.2,0.5974699165672064,0.0004092704424510632,5120,0.9137720465660095,-0.011989446094958112,-41.04192543029785,-2.60168695,1258.0
1222,28,11,164864,0.2530517578125,0.01777946,0.5571339130401611,-0.028968490660190582,0.2,0.0065556202389416285,0.0004092704424510632,5136,0.9144421219825745,-0.02106184248259524,-41.04771864414215,-2.5995985999999998,1258.0
1220,29,12,165376,0.0780029296875,0.0098760845,0.8671302795410156,0.0911552757024765,0.2,0.4324888573028147,0.0004092704424510632,5152,0.9149437546730042,-0.010412085641291924,-41.067291140556335,-2.5995985999999998,1258.0
1219,30,12,165888,0.2847900390625,0.020500308,-0.047922372817993164,-0.030139368027448654,0.2,0.0018792965856846422,0.0004092704424510632,5168,0.9152438640594482,-0.03164546558400616,-41.07540428638458,-2.5995985999999998,1258.0
1219,31,13,166400,0.26513671875,0.02262012,0.7999099493026733,-0.003054635599255562,0.2,0.027651506185065955,0.0004092704424510632,5184,0.9143519997596741,-0.024663289572345093,-41.067726850509644,-2.59957994,1258.0
1218,32,13,166912,0.09765625,0.010309177,0.8256510496139526,0.03334730863571167,0.2,0.2966432669200003,0.0004092704424510632,5200,0.9142321348190308,-0.010059963358798996,-41.042101979255676,-2.59957994,1258.0
1218,33,13,167424,0.29296875,0.022255866,0.2167162299156189,-0.04795501381158829,0.2,0.006745825448888354,0.0004092704424510632,5216,0.9158274531364441,-0.029954162309877574,-41.07057738304138,-2.59766614,1258.0
1216,34,14,167936,0.037109375,0.0064607076,0.8800348043441772,0.1560996025800705,0.2,0.41981477942317724,0.0004092704424510632,5232,0.9162781834602356,-0.0060786078829551116,-41.108981013298035,-2.59766614,1258.0
1216,35,14,168448,0.2904052734375,0.020167746,-0.2074660062789917,-0.03790024667978287,0.2,0.0028545554014272057,0.0004092704424510632,5248,0.9179274439811707,-0.030300248181447387,-41.136147022247314,-2.59766614,1258.0
1215,36,15,168960,0.1962890625,0.02323409,0.8780020475387573,0.028383098542690277,0.2,0.09163889475166798,0.0004092704424510632,5264,0.9174761772155762,-0.017600282095372677,-41.15825831890106,-2.59914855,1258.0
1215,37,15,169472,0.099365234375,0.015343571,0.8416280746459961,0.019242718815803528,0.2,0.4294055080972612,0.0004092704424510632,5280,0.9171079993247986,-0.018008695653406903,-41.1359087228775,-2.59914855,1258.0
1215,38,16,169984,0.213623046875,0.01557367,0.5559206008911133,-0.012027710676193237,0.2,0.03641715249978006,0.0004092704424510632,5296,0.9159767031669617,-0.0201305121590849,-41.11497664451599,-2.59895801,1258.0
1214,39,16,170496,0.1339111328125,0.016080797,0.83077073097229,0.08640417456626892,0.2,0.5010998151265085,0.0004092704424510632,5312,0.9155789017677307,-0.01707671443000436,-41.085752844810486,-2.59895801,1258.0
1213,40,16,171008,0.3006591796875,0.021783529,0.6005921363830566,-0.031858641654253006,0.2,0.011218558473046869,0.0004092704424510632,5328,0.9158390164375305,-0.02791923737822799,-41.082688331604004,-2.59895801,1258.0
1214,41,17,171520,0.1641845703125,0.017107986,0.9214434027671814,0.0799359381198883,0.2,0.26546445675194263,0.0004092704424510632,5344,0.9162084460258484,-0.016790936642792076,-41.0932000875473,-2.5976167500000003,1258.0
1213,42,17,172032,0.179443359375,0.02119182,0.8933079838752747,0.0002180151641368866,0.2,0.19064874725881964,0.0004092704424510632,5360,0.9154881834983826,-0.022702889429638162,-41.09109580516815,-2.5976167500000003,1258.0
1212,43,18,172544,0.3104248046875,0.024827443,0.6404059529304504,-0.01938338577747345,0.2,0.04319748643320054,0.0004092704424510632,5376,0.9145093560218811,-0.02943884930573404,-41.05360424518585,-2.5940746599999995,1258.0
1211,44,18,173056,0.07666015625,0.017860828,0.9026433229446411,0.09226465225219727,0.2,0.36062203999608755,0.0004092704424510632,5392,0.9142172932624817,-0.012279455084353685,-41.033234000205994,-2.5940746599999995,1258.0
1211,45,19,173568,0.2581787109375,0.019346233,0.15430611371994019,-0.036148812621831894,0.2,0.014769142435397953,0.0004092704424510632,5408,0.9144046902656555,-0.027718277415260673,-41.03270781040192,-2.5940746599999995,1258.0
1210,46,19,174080,0.0404052734375,0.00878476,0.9345277547836304,0.1524973064661026,0.2,0.4420648873783648,0.0004092704424510632,5424,0.9143960475921631,-0.00902296403364744,-41.04263365268707,-2.5921586499999996,1258.0
1211,47,19,174592,0.2830810546875,0.03677184,0.9897603392601013,-0.022034363821148872,0.2,0.017561662403750233,0.0004092704424510632,5440,0.913956344127655,-0.02299413623404689,-41.030049562454224,-2.5921586499999996,1258.0
1210,48,20,175104,0.24951171875,0.016342275,0.5264806747436523,-0.011198606342077255,0.2,0.04981068673077971,0.0004092704424510632,5456,0.9131371974945068,-0.02431972639169544,-41.010236859321594,-2.5892509800000005,1258.0
1209,49,20,175616,0.0235595703125,0.008772265,0.9120286703109741,0.023920699954032898,0.2,0.33786790631711483,0.0004092704424510632,5472,0.9129015207290649,-0.0064988921585609205,-40.98724102973938,-2.5892509800000005,1258.0
1209,50,21,176128,0.2421875,0.015654061,0.6330926418304443,-0.013051941990852356,0.2,0.05752177140675485,0.0004092704424510632,5488,0.9137674570083618,-0.023985749008716084,-41.00014019012451,-2.5888523799999996,1258.0
1207,51,21,176640,0.0972900390625,0.011104606,0.9266653060913086,0.08271074295043945,0.2,0.38085463689640164,0.0004092704424510632,5504,0.914070188999176,-0.011494023216073401,-41.0231511592865,-2.5888523799999996,1258.0
1207,52,22,177152,0.3292236328125,0.024645198,-2.5022614002227783,-0.039286259561777115,0.2,0.005111339523864444,0.0004092704424510632,5520,0.9141947031021118,-0.028896025818539783,-41.02621650695801,-2.5888523799999996,1258.0
1206,53,22,177664,0.2818603515625,0.022411454,0.5119495391845703,-0.039179280400276184,0.2,0.004496508867305238,0.0004092704424510632,5536,0.9126215577125549,-0.028488175044913078,-41.00642657279968,-2.58507025,1258.0
1206,54,22,178176,0.02685546875,0.0068350188,0.7878737449645996,0.06783375144004822,0.2,0.47958306688815355,0.0004092704424510632,5552,0.9120956659317017,-0.0037008239014539868,-40.95859444141388,-2.58507025,1258.0
1205,55,23,178688,0.295654296875,0.026764262,0.5085471272468567,-0.03236197307705879,0.2,0.005004755090340041,0.0004092704424510632,5568,0.9139263033866882,-0.0275320745568024,-40.979376912117004,-2.5815177,1258.0
1204,56,23,179200,0.072265625,0.012301058,0.9096198678016663,0.09745482355356216,0.2,0.33624894404783845,0.0004092704424510632,5584,0.9145581722259521,-0.007910620333859697,-41.0323600769043,-2.5815177,1258.0
1204,57,24,179712,0.30810546875,0.021513514,-2.722733974456787,-0.041125886142253876,0.2,0.004647206355002709,0.0004092704424510632,5600,0.9145206212997437,-0.029179426259361207,-41.03343451023102,-2.5815177,1258.0
1204,58,24,180224,0.213134765625,0.016420206,0.7607434988021851,-0.024508602917194366,0.2,0.009266826891689561,0.0004092704424510632,5616,0.9152587652206421,-0.022136143568786792,-41.042648792266846,-2.58025175,1258.0
1203,59,25,180736,0.04150390625,0.0094551705,0.7443020939826965,0.054363034665584564,0.2,0.4351233681663871,0.0004092704424510632,5632,0.9153210520744324,-0.006256036969716661,-41.056318044662476,-2.58025175,1258.0
1203,60,25,181248,0.28564453125,0.01944517,0.6908608675003052,-0.03472299501299858,0.2,0.009641398777603172,0.0004092704424510632,5648,0.9157602190971375,-0.02525859297020361,-41.06042730808258,-2.57899751,1258.0
1203,61,25,181760,0.08349609375,0.006456713,0.9073175191879272,0.05154838413000107,0.2,0.38253386225551367,0.0004092704424510632,5664,0.9157010912895203,-0.006624347923207097,-41.058918714523315,-2.57899751,1258.0
1203,62,26,182272,0.283935546875,0.01804497,0.5659350156784058,-0.03346756473183632,0.2,0.004498108850384597,0.0004092704424510632,5680,0.9167081117630005,-0.03204933722736314,-41.07027006149292,-2.57899751,1258.0
1203,63,26,182784,0.0447998046875,0.007944744,0.8879237174987793,0.1336549073457718,0.2,0.24026984348893166,0.0004092704424510632,5696,0.9169217944145203,-0.007120216425391845,-41.09946382045746,-2.57558307,1258.0
1202,64,27,183296,0.106689453125,0.01721284,0.902907133102417,0.000670604407787323,0.2,0.1976547392550856,0.0004092704424510632,5712,0.9169889092445374,-0.017293590091867372,-41.101707339286804,-2.57558307,1258.0
1202,65,27,183808,0.243896484375,0.019448306,0.5606988668441772,-0.018078114837408066,0.2,0.034930203401017934,0.0004092704424510632,5728,0.9146372675895691,-0.02331258443882689,-41.06898772716522,-2.576508,1258.0
1202,66,28,184320,0.0599365234375,0.012241522,0.9235478639602661,0.0864739865064621,0.2,0.32217804016545415,0.0004092704424510632,5744,0.9140040874481201,-0.0068396900605876,-41.00763177871704,-2.576508,1258.0
1202,67,28,184832,0.31494140625,0.031782307,0.5102968215942383,-0.034403663128614426,0.2,0.007554746873211116,0.0004092704424510632,5760,0.9130297303199768,-0.029434943426167592,-40.985657930374146,-2.576508,1258.0
1202,68,28,185344,0.114501953125,0.016950075,0.9175556898117065,0.07456070929765701,0.2,0.24818929191678762,0.0004092704424510632,5776,0.9128289818763733,-0.01677120839303825,-40.956082701683044,-2.5749779800000003,1258.0
1201,69,29,185856,0.205810546875,0.023095816,0.9675078988075256,-0.03360451012849808,0.2,0.06771175467292778,0.0004092704424510632,5792,0.9136249423027039,-0.02633340994361788,-40.966861963272095,-2.5749779800000003,1258.0
1201,70,29,186368,0.2890625,0.03039172,0.685926079750061,-0.004152044653892517,0.2,0.07289205177221447,0.0004092704424510632,5808,0.9122196435928345,-0.025558577879564837,-40.960139751434326,-2.5734361500000005,1258.0
1201,71,30,186880,0.121826171875,0.023551006,0.9493204951286316,0.043501392006874084,0.2,0.27889999793842435,0.0004092704424510632,5824,0.9118664860725403,-0.016860458308656234,-40.92192363739014,-2.5734361500000005,1258.0
1201,72,30,187392,0.302978515625,0.025840912,0.46503961086273193,-0.03226865828037262,0.2,0.02406365954084322,0.0004092704424510632,5840,0.9118573665618896,-0.029029504003119655,-40.922157764434814,-2.5734361500000005,1258.0
1201,73,31,187904,0.040283203125,0.008303154,0.9368181824684143,0.16676710546016693,0.2,0.39119297824800014,0.0004092704424510632,5856,0.9118162393569946,-0.008870737976394594,-40.92313730716705,-2.5733111700000006,1258.0
1200,74,31,188416,0.3131103515625,0.028879791,0.9822840690612793,-0.02747580036520958,0.2,0.023398243909468874,0.0004092704424510632,5872,0.9118755459785461,-0.025989441899582744,-40.921215415000916,-2.5733111700000006,1258.0
1200,75,31,188928,0.2486572265625,0.025835551,0.38331139087677,-0.0065229590982198715,0.2,0.06583240104373544,0.0004092704424510632,5888,0.911164402961731,-0.02538780438771937,-40.907830595970154,-2.5716467599999997,1258.0
1200,76,32,189440,0.0780029296875,0.016812906,0.9360498189926147,0.046980444341897964,0.2,0.25662770005874336,0.0004092704424510632,5904,0.91083163022995,-0.01623756642220542,-40.883636236190796,-2.5716467599999997,1258.0
1199,77,32,189952,0.2139892578125,0.01467547,0.644131064414978,-0.016452131792902946,0.2,0.03650856763124466,0.0004092704424510632,5920,0.9111247658729553,-0.0220013850776013,-40.88086795806885,-2.5716467599999997,1258.0
1199,78,33,190464,0.1158447265625,0.014841927,0.9427809119224548,0.09419700503349304,0.2,0.2946232222020626,0.0004092704424510632,5936,0.9114043712615967,-0.014378082400071435,-40.88756620883942,-2.5710567600000003,1258.0
1199,79,33,190976,0.3660888671875,0.033057526,0.9781633019447327,-0.03560006245970726,0.2,0.00838790686975699,0.0004092704424510632,5952,0.9098556041717529,-0.030684818819281645,-40.87134802341461,-2.5710567600000003,1258.0
1199,80,34,191488,0.31689453125,0.023084681,0.7444714307785034,-0.0125743318349123,0.2,0.04711716913152486,0.0004092704424510632,5968,0.9094693064689636,-0.02677365770796314,-40.83270061016083,-2.5696402000000003,1258.0
1199,81,34,192000,0.0582275390625,0.014745565,0.9206593632698059,0.017688743770122528,0.2,0.25979819241911173,0.0004092704424510632,5984,0.9096189141273499,-0.012721602426609024,-40.831331849098206,-2.5696402000000003,1258.0
1198,82,35,192512,0.27197265625,0.017259538,0.4407268762588501,-0.01551758497953415,0.2,0.028504038811661303,0.0004092704424510632,6000,0.9104363322257996,-0.024886979881557636,-40.84869349002838,-2.5655676799999996,1258.0
1198,83,35,193024,0.066162109375,0.00935974,0.9442861676216125,0.09230443835258484,0.2,0.3115301881916821,0.0004092704424510632,6016,0.9107665419578552,-0.010114449920365587,-40.87812340259552,-2.5655676799999996,1258.0
1198,84,35,193536,0.218505859375,0.016252667,-2.735853672027588,-0.03204124793410301,0.2,0.006569033408595715,0.0004092704424510632,6032,0.909345805644989,-0.02042811966384761,-40.859474658966064,-2.5655676799999996,1258.0
1198,85,36,194048,0.2841796875,0.02791317,0.7324190139770508,-0.02792903408408165,0.2,0.01700598793104291,0.0004092704424510632,6048,0.9092797636985779,-0.02803437545662746,-40.82497787475586,-2.56343769,1258.0
1198,86,36,194560,0.125732421875,0.021278756,0.8620749711990356,0.03304607793688774,0.2,0.24768575932830572,0.0004092704424510632,6064,0.9090481996536255,-0.019462980941170827,-40.82147669792175,-2.56343769,1258.0
1198,87,37,195072,0.3143310546875,0.025006643,0.7271757125854492,-0.04080738127231598,0.2,0.00792550372716505,0.0004092704424510632,6080,0.9093082547187805,-0.02835215430241078,-40.81752848625183,-2.5632626700000003,1258.0
1197,88,37,195584,0.0740966796875,0.010820467,0.9324697852134705,0.1942584365606308,0.2,0.29045325820334256,0.0004092704424510632,6096,0.9094427227973938,-0.009448996606806759,-40.822267055511475,-2.5632626700000003,1258.0
1197,89,38,196096,0.3626708984375,0.023092818,0.3379438519477844,-0.03922286257147789,0.2,0.0026621761062415317,0.0004092704424510632,6112,0.9095019102096558,-0.03990410937694833,-40.825907588005066,-2.5632626700000003,1258.0
1197,90,38,196608,0.179443359375,0.01931665,0.8719568848609924,0.0351562574505806,0.2,0.11978497460950166,0.0004092704424510632,6128,0.909376859664917,-0.018535027382313274,-40.8226318359375,-2.5616904799999998,1258.0
1197,91,38,197120,0.1112060546875,0.010628687,0.9007641077041626,-0.008843595162034035,0.2,0.17653813341166824,0.0004092704424510632,6144,0.9088161587715149,-0.01733470781618962,-40.81544554233551,-2.5616904799999998,1258.0
1197,92,39,197632,0.26611328125,0.022994693,0.7145811319351196,-0.03339965268969536,0.2,0.028985174954868853,0.0004092704424510632,6160,0.9104456305503845,-0.029652456738404,-40.81558382511139,-2.56284284,1258.0
1197,93,39,198144,0.045166015625,0.008591393,0.9376983046531677,0.14439377188682556,0.2,0.29266294930130243,0.0004092704424510632,6176,0.9111273884773254,-0.010583581519313157,-40.85795211791992,-2.56284284,1258.0
1197,94,40,198656,0.2745361328125,0.021322342,0.5926304459571838,-0.03611879050731659,0.2,0.02653503918554634,0.0004092704424510632,6192,0.9099166989326477,-0.024858611534000374,-40.849149107933044,-2.56284284,1258.0
1197,95,40,199168,0.090576171875,0.010452662,0.9069230556488037,0.09963253140449524,0.2,0.2662632130086422,0.0004092704424510632,6208,0.9090962409973145,-0.013925866456702352,-40.806845903396606,-2.56062694,1258.0
1197,96,41,199680,0.15185546875,0.01468643,0.9486560821533203,-0.004828593693673611,0.2,0.10131462546996772,0.0004092704424510632,6224,0.9090725779533386,-0.019670354537083767,-40.79513657093048,-2.56062694,1258.0
1197,97,41,200192,0.2821044921875,0.024113143,0.7718502283096313,0.001323692500591278,0.2,0.05502667149994522,0.0004092704424510632,6240,0.9081987738609314,-0.02224405703600496,-40.78434371948242,-2.5601448300000005,1258.0
1197,98,41,200704,0.0823974609375,0.019266594,0.9574481248855591,0.049193184822797775,0.2,0.19008121080696583,0.0004092704424510632,6256,0.9074804186820984,-0.01264131519565126,-40.75656080245972,-2.5601448300000005,1258.0
1197,99,42,201216,0.309326171875,0.021430278,0.2927347421646118,-0.019414864480495453,0.2,0.015310755785321817,0.0004092704424510632,6272,0.9049000144004822,-0.027615397208137438,-40.70472204685211,-2.5601448300000005,1258.0
1197,100,42,201728,0.0703125,0.010677146,0.9359574317932129,0.13546180725097656,0.2,0.2585378051735461,0.0004092704424510632,6288,0.9042697548866272,-0.01542520843213424,-40.63898158073425,-2.5615504399999995,1258.0
1198,101,43,202240,0.2630615234375,0.0368125,0.9504732489585876,-0.025090808048844337,0.2,0.04547187175194267,0.0004092704424510632,6304,0.9049830436706543,-0.028714230880723335,-40.64418292045593,-2.5615504399999995,1258.0
1198,102,43,202752,0.240478515625,0.01749953,0.7733664512634277,-0.0231047160923481,0.2,0.03638674516696483,0.0004092704424510632,6320,0.9032990336418152,-0.02662741245876532,-40.64505851268768,-2.55953649,1258.0
1198,103,44,203264,0.054443359375,0.012888627,0.9468109607696533,0.029712796211242676,0.2,0.2502537136897445,0.0004092704424510632,6336,0.9021811485290527,-0.012390065588988364,-40.58790695667267,-2.55953649,1258.0
1198,104,44,203776,0.2420654296875,0.018819854,0.4818804860115051,-0.013940135017037392,0.2,0.035480408230796456,0.0004092704424510632,6352,0.9011862277984619,-0.024428331904346123,-40.56339395046234,-2.55953649,1258.0
1198,105,44,204288,0.10400390625,0.013094222,0.9524547457695007,0.172551691532135,0.2,0.4043446034193039,0.0004092704424510632,6368,0.900692880153656,-0.015027846151497215,-40.53361642360687,-2.55807303,1258.0
1198,106,45,204800,0.2789306640625,0.017547118,0.9946565628051758,-0.03724076226353645,0.2,0.007396251792670228,0.0004092704424510632,6384,0.9022971391677856,-0.029486585583072156,-40.547154664993286,-2.55807303,1258.0
1198,107,45,205312,0.267333984375,0.014392095,0.7702661752700806,-0.027966424822807312,0.2,0.030700527655426413,0.0004092704424510632,6400,0.9011752605438232,-0.02754328807350248,-40.56120550632477,-2.5577757400000003,1258.0
1198,108,46,205824,0.1136474609375,0.012905874,0.9378172755241394,0.0022414326667785645,0.2,0.14742180588655174,0.0004092704424510632,6416,0.9004164934158325,-0.012949959374964237,-40.51507568359375,-2.5577757400000003,1258.0
1198,109,46,206336,0.2086181640625,0.017386483,0.7700962424278259,-0.020589612424373627,0.2,0.04375593236181885,0.0004092704424510632,6432,0.901117205619812,-0.024916002083045896,-40.50986981391907,-2.55411079,1258.0
1197,110,47,206848,0.081787109375,0.01300641,0.9520408511161804,0.053559865802526474,0.2,0.24416279792785645,0.0004092704424510632,6448,0.9015019536018372,-0.011918068354134448,-40.53746724128723,-2.55411079,1258.0
1197,111,47,207360,0.2928466796875,0.019293148,-1.5820121765136719,-0.04472079500555992,0.2,0.008822428178973496,0.0004092704424510632,6464,0.9011543989181519,-0.02988679744885303,-40.53465259075165,-2.55411079,1258.0
1198,112,47,207872,0.2532958984375,0.016021725,0.8065977692604065,-0.038858987390995026,0.2,0.01022529462352395,0.0004092704424510632,6480,0.9020670652389526,-0.028989421887672506,-40.53865993022919,-2.55288331,1258.0
1198,113,48,208384,0.077880859375,0.013025971,0.8927533626556396,0.00863349437713623,0.2,0.17788726720027626,0.0004092704424510632,6496,0.902193009853363,-0.0103816724367789,-40.56483554840088,-2.55288331,1258.0
1198,114,48,208896,0.252197265625,0.016789936,0.7948140501976013,-0.0212070532143116,0.2,0.011019335652235895,0.0004092704424510632,6512,0.9014472961425781,-0.02209341575508006,-40.54484438896179,-2.5511985200000002,1258.0
1198,115,49,209408,0.06640625,0.011648169,0.9384704232215881,0.05848977714776993,0.2,0.2047990954015404,0.0004092704424510632,6528,0.9010505676269531,-0.009358411618450191,-40.52033722400665,-2.5511985200000002,1258.0
1198,116,49,209920,0.2740478515625,0.01991421,-0.4098377227783203,-0.02974671497941017,0.2,0.003676224485388957,0.0004092704424510632,6544,0.9008132219314575,-0.02815024892333895,-40.51160275936127,-2.5511985200000002,1258.0
1198,117,49,210432,0.3187255859375,0.027048754,0.8254371881484985,-0.027570288628339767,0.2,0.025122498453129083,0.0004092704424510632,6560,0.9009785056114197,-0.027474348127725534,-40.507139563560486,-2.55116834,1258.0
1198,118,50,210944,0.10009765625,0.018168747,0.822399914264679,-0.0028317011892795563,0.2,0.21856384875718504,0.0004092704424510632,6576,0.9006221890449524,-0.015380216907942668,-40.51725721359253,-2.55116834,1258.0
1198,119,50,211456,0.3167724609375,0.02197756,0.7036718726158142,-0.036916039884090424,0.2,0.004462150776816998,0.0004092704424510632,6592,0.9001877903938293,-0.026685407297918573,-40.50459849834442,-2.54915302,1258.0
1198,120,51,211968,0.0484619140625,0.007939506,0.8858254551887512,0.09194828569889069,0.2,0.3619326367042959,0.0004092704424510632,6608,0.8998987674713135,-0.008290254947496578,-40.49451518058777,-2.54915302,1258.0
1198,121,51,212480,0.26904296875,0.019867532,-0.4225003719329834,-0.034381717443466187,0.2,0.0032262162312690634,0.0004092704424510632,6624,0.8989704847335815,-0.028472199599491432,-40.477763414382935,-2.54915302,1258.0
1198,122,52,212992,0.222900390625,0.020696424,0.8658775687217712,-0.023726973682641983,0.2,0.03281224676175043,0.0004092704424510632,6640,0.8981403708457947,-0.02464109190623276,-40.45580351352692,-2.54785522,1258.0
1198,123,52,213504,0.123046875,0.014783904,0.8544862866401672,0.013496002182364464,0.2,0.17281685851048678,0.0004092704424510632,6656,0.8981009721755981,-0.01505237616947852,-40.44204318523407,-2.54785522,1258.0
1198,124,52,214016,0.2574462890625,0.019228425,0.7786613702774048,-0.010427506640553474,0.2,0.028870420763269067,0.0004092704424510632,6672,0.8968456387519836,-0.02244333759881556,-40.42771935462952,-2.5486176,1258.0
1198,125,53,214528,0.0755615234375,0.016580388,0.9061081409454346,0.01532113179564476,0.2,0.20602928823791444,0.0004092704424510632,6688,0.8960135579109192,-0.012485160637879744,-40.37852883338928,-2.5486176,1258.0
1198,126,53,215040,0.286865234375,0.018833416,0.6074017286300659,-0.033733487129211426,0.2,0.00869862076069694,0.0004092704424510632,6704,0.8943555355072021,-0.02745104132918641,-40.34462308883667,-2.5486176,1258.0
1198,127,54,215552,0.1890869140625,0.018683558,0.9491645097732544,0.0066554956138134,0.2,0.0955986580811441,0.0004092704424510632,6720,0.89394611120224,-0.01754077459918335,-40.30584669113159,-2.54753267,1258.0
1198,128,54,216064,0.173095703125,0.018357562,0.9472203254699707,-0.027709029614925385,0.2,0.06348166195675731,0.0004092704424510632,6736,0.8936277627944946,-0.022588065738091245,-40.29997217655182,-2.54753267,1258.0
1197,129,55,216576,0.2135009765625,0.018677555,0.7756493091583252,-0.0074751116335392,0.2,0.06066165317315608,0.0004092704424510632,6752,0.8925450444221497,-0.02403455294552259,-40.27056670188904,-2.5464413400000003,1258.0
1197,130,55,217088,0.09912109375,0.016664252,0.9595733284950256,0.05687498301267624,0.2,0.2273668609559536,0.0004092704424510632,6768,0.8920889496803284,-0.017149782142951153,-40.24601721763611,-2.5464413400000003,1258.0
1197,131,55,217600,0.200927734375,0.017176654,0.6395250558853149,-0.030124716460704803,0.2,0.024692887789569795,0.0004092704424510632,6784,0.8923192024230957,-0.021448118044645526,-40.247418999671936,-2.5464413400000003,1258.0
1197,132,56,218112,0.0877685546875,0.0148860235,0.9501426815986633,0.06545315682888031,0.2,0.21390600875020027,0.0004092704424510632,6800,0.8919944763183594,-0.011635586866759695,-40.25769746303558,-2.54614966,1258.0
1197,133,56,218624,0.261474609375,0.018867878,0.9971762895584106,-0.03438977152109146,0.2,0.008075514779193327,0.0004092704424510632,6816,0.8929146528244019,-0.02573503932217136,-40.268821001052856,-2.54614966,1258.0
1197,134,57,219136,0.165283203125,0.017465238,0.8065521717071533,0.014149872586131096,0.2,0.06850172497797757,0.0004092704424510632,6832,0.8937095403671265,-0.017821548288338818,-40.31257438659668,-2.5452349099999996,1258.0
1197,135,57,219648,0.134033203125,0.0160768,0.9664183259010315,-0.011384788900613785,0.2,0.14935585286002606,0.0004092704424510632,6848,0.8938236832618713,-0.018690957644139417,-40.32921850681305,-2.5452349099999996,1258.0
1197,136,58,220160,0.2889404296875,0.019991042,0.7237167954444885,-0.011389212682843208,0.2,0.042124339495785534,0.0004092704424510632,6864,0.8951066136360168,-0.025829718390014023,-40.35190689563751,-2.54484552,1258.0
1197,137,58,220672,0.14453125,0.02168513,0.9566987752914429,0.037153273820877075,0.2,0.17755855806171894,0.0004092704424510632,6880,0.8956762552261353,-0.020669265984906815,-40.38908886909485,-2.54484552,1258.0
1197,138,58,221184,0.2049560546875,0.014323515,-1.4244816303253174,-0.033068884164094925,0.2,0.0115211803058628,0.0004092704424510632,6896,0.8966466784477234,-0.021472497799550183,-40.41214454174042,-2.54484552,1258.0
1197,139,59,221696,0.237548828125,0.0140125,0.7896047830581665,-0.023210037499666214,0.2,0.012567145633511245,0.0004092704424510632,6912,0.8971021175384521,-0.025635916914325207,-40.44011092185974,-2.5440642099999997,1258.0
1197,140,59,222208,0.0513916015625,0.013664665,0.9150862693786621,0.01963040605187416,0.2,0.14376694860402495,0.0004092704424510632,6928,0.8969662189483643,-0.008415858072112314,-40.44255816936493,-2.5440642099999997,1258.0
1197,141,60,222720,0.3018798828125,0.016983055,0.798494815826416,-0.0266648568212986,0.2,0.010676922975108027,0.0004092704424510632,6944,0.897040605545044,-0.027351542987162247,-40.444918394088745,-2.54175351,1258.0
1197,142,60,223232,0.0762939453125,0.015663426,0.952269434928894,0.04304471239447594,0.2,0.19557829131372273,0.0004092704424510632,6960,0.8970145583152771,-0.012778588374203537,-40.4450386762619,-2.54175351,1258.0
1197,143,61,223744,0.30078125,0.027255135,-0.3142303228378296,-0.028433380648493767,0.2,0.004255025058228057,0.0004092704424510632,6976,0.8976073861122131,-0.0260550502280239,-40.45610010623932,-2.54175351,1258.0
1197,144,61,224256,0.282958984375,0.014925342,0.7952237129211426,-0.03471997007727623,0.2,0.007095732042216696,0.0004092704424510632,6992,0.8990509510040283,-0.02700705043389462,-40.482248067855835,-2.54040682,1258.0
1197,145,61,224768,0.0811767578125,0.012312224,0.7947594523429871,-0.0009911581873893738,0.2,0.24113806406967342,0.0004092704424510632,7008,0.8992405533790588,-0.012997547768463846,-40.51892304420471,-2.54040682,1258.0
1197,146,62,225280,0.3037109375,0.021185223,0.7426137328147888,-0.04495842382311821,0.2,0.0026926345417450648,0.0004092704424510632,7024,0.8994223475456238,-0.027295172272715718,-40.51828420162201,-2.5417380699999996,1258.0
1197,147,62,225792,0.0479736328125,0.014321109,0.8697775602340698,0.017970964312553406,0.2,0.18512849998660386,0.0004092704424510632,7040,0.8996062278747559,-0.00870161084458232,-40.53440856933594,-2.5417380699999996,1258.0
3822,1,0,226304,0.2674560546875,0.019615324,0.5185657143592834,-0.038449376821517944,0.2,0.002698511514608981,0.0004092704424510632,7056,0.8978531360626221,-0.027456931013148278,-40.51154816150665,-2.5417380699999996,1258.0
1801,2,0,226816,0.178466796875,0.017977245,0.8998729586601257,0.005879735574126244,0.2,0.07562944607343525,0.0004092704424510632,7072,0.8967856764793396,-0.0177028910984518,-40.45784914493561,-2.5416067699999996,1258.0
1520,3,1,227328,0.166259765625,0.01488328,0.924104630947113,-0.017425306141376495,0.2,0.103583654621616,0.0004092704424510632,7088,0.8959007263183594,-0.019337410340085626,-40.42744159698486,-2.5416067699999996,1258.0
1412,4,1,227840,0.3179931640625,0.023039663,0.7734968662261963,-0.02985282428562641,0.2,0.019094075716566294,0.0004092704424510632,7104,0.8966872096061707,-0.030696500063640997,-40.41873896121979,-2.54044278,1258.0
1363,5,1,228352,0.1234130859375,0.0138584105,0.9482585787773132,0.07323227822780609,0.2,0.18260705471038818,0.0004092704424510632,7120,0.8970675468444824,-0.014475554169621319,-40.446560740470886,-2.54044278,1258.0
1329,6,2,228864,0.2435302734375,0.017325727,0.4801132082939148,-0.042966343462467194,0.2,0.010313975741155446,0.0004092704424510632,7136,0.8949455618858337,-0.024368139434955083,-40.418824672698975,-2.54044278,1258.0
1303,7,2,229376,0.090087890625,0.0129496325,0.9462196230888367,0.0855858325958252,0.2,0.18396796332672238,0.0004092704424510632,7152,0.8943910002708435,-0.01587178380577825,-40.36339235305786,-2.5409926499999997,1258.0
1288,8,3,229888,0.250244140625,0.02555545,0.9699032306671143,-0.027465704828500748,0.2,0.04218916644458659,0.0004092704424510632,7168,0.8939692974090576,-0.025045697795576416,-40.35493731498718,-2.5409926499999997,1258.0
1278,9,3,230400,0.2618408203125,0.01586332,0.8136087656021118,-0.012790745124220848,0.2,0.0323611797648482,0.0004092704424510632,7184,0.8945848941802979,-0.022120192123111337,-40.34781801700592,-2.53870129,1258.0
1270,10,4,230912,0.1116943359375,0.016915958,0.9452115297317505,0.00835171714425087,0.2,0.14885494159534574,0.0004092704424510632,7200,0.894666314125061,-0.014306668512290344,-40.365718960762024,-2.53870129,1258.0
1263,11,4,231424,0.291015625,0.020465441,0.5666577816009521,-0.04282810911536217,0.2,0.008903518741135485,0.0004092704424510632,7216,0.8976698517799377,-0.02980943539296277,-40.40752696990967,-2.53870129,1258.0
1257,12,4,231936,0.2452392578125,0.022108166,0.9550597667694092,0.07913825660943985,0.2,0.18955550505779684,0.0004092704424510632,7232,0.8985192775726318,-0.018631779283168726,-40.488704562187195,-2.5370017700000003,1258.0
1251,13,5,232448,0.277587890625,0.016827133,0.9963685870170593,-0.03463210538029671,0.2,0.012276622845092788,0.0004092704424510632,7248,0.9008821249008179,-0.02795215755031677,-40.52189254760742,-2.5370017700000003,1258.0
1247,14,5,232960,0.2711181640625,0.02047421,0.7541915774345398,-0.015713168308138847,0.2,0.05327115301042795,0.0004092704424510632,7264,0.901914119720459,-0.02302686616894789,-40.594616293907166,-2.5372528300000003,1258.0
1243,15,6,233472,0.0902099609375,0.013066964,0.9648555517196655,0.024062491953372955,0.2,0.16065265832003206,0.0004092704424510632,7280,0.9020353555679321,-0.010885290488658939,-40.60355842113495,-2.5372528300000003,1258.0
1235,16,6,233984,0.208251953125,0.01600616,0.739233136177063,-0.012882785871624947,0.2,0.0336018898524344,0.0004092704424510632,7296,0.9016011357307434,-0.022348251295625232,-40.6026166677475,-2.5372528300000003,1258.0
1233,17,7,234496,0.1090087890625,0.016358173,0.9570068120956421,0.042243678122758865,0.2,0.19239669432863593,0.0004092704424510632,7312,0.9008106589317322,-0.013525955844670534,-40.58964681625366,-2.53820113,1258.0
1230,18,7,235008,0.30810546875,0.023645632,0.9598525166511536,-0.030366085469722748,0.2,0.009006088192109019,0.0004092704424510632,7328,0.9033849835395813,-0.029122351290425286,-40.6056489944458,-2.53820113,1258.0
1226,19,7,235520,0.28955078125,0.01939057,0.8293328285217285,-0.020480146631598473,0.2,0.026500554697122425,0.0004092704424510632,7344,0.9046735167503357,-0.022368637452018447,-40.68607270717621,-2.5365679500000002,1258.0
1222,20,8,236032,0.1494140625,0.0150452815,0.9392184019088745,-0.011435981839895248,0.2,0.14419661671854556,0.0004092704424510632,7360,0.9047519564628601,-0.018069764570100233,-40.70886671543121,-2.5365679500000002,1258.0
1218,21,8,236544,0.251953125,0.016692689,0.8024564385414124,-0.027271460741758347,0.2,0.013825775356963277,0.0004092704424510632,7376,0.9034959077835083,-0.022430430399253964,-40.695064663887024,-2.53403788,1258.0
1215,22,9,237056,0.0618896484375,0.01002268,0.9259234666824341,0.09912113845348358,0.2,0.25082961726002395,0.0004092704424510632,7392,0.9028507471084595,-0.010583147406578064,-40.65461468696594,-2.53403788,1258.0
1212,23,9,237568,0.2547607421875,0.018881682,-0.9779795408248901,-0.03344101831316948,0.2,0.005664941534632817,0.0004092704424510632,7408,0.9044545888900757,-0.024042441800702363,-40.67207944393158,-2.53403788,1258.0
1210,24,10,238080,0.2159423828125,0.015277281,0.7556898593902588,-0.026988433673977852,0.2,0.016360239533241838,0.0004092704424510632,7424,0.9041440486907959,-0.022849713830510154,-40.70411169528961,-2.5350644300000003,1258.0
1207,25,10,238592,0.137939453125,0.021897221,0.9013333916664124,-0.008782196789979935,0.2,0.16784287721384317,0.0004092704424510632,7440,0.9036136865615845,-0.018518669181503356,-40.67813158035278,-2.5350644300000003,1258.0
1205,26,11,239104,0.302978515625,0.022386108,0.8322625756263733,-0.03868547081947327,0.2,0.007957064590300433,0.0004092704424510632,7456,0.9039444923400879,-0.02890949964057654,-40.66859483718872,-2.53886388,1258.0
1205,27,11,239616,0.100341796875,0.015852371,0.9546458125114441,0.07884138822555542,0.2,0.19786269660107791,0.0004092704424510632,7472,0.9040927290916443,-0.011204251582967117,-40.675437211990356,-2.53886388,1258.0
1205,28,11,240128,0.2144775390625,0.014614582,0.4044724106788635,-0.03489594906568527,0.2,0.0073846596060320735,0.0004092704424510632,7488,0.9047791361808777,-0.02295495424186811,-40.682011127471924,-2.53886388,1258.0
1204,29,12,240640,0.228515625,0.025147278,0.9270404577255249,0.017485924065113068,0.2,0.13739182311110198,0.0004092704424510632,7504,0.90500408411026,-0.022842472681077197,-40.695552706718445,-2.53992997,1258.0
1202,30,12,241152,0.1251220703125,0.012961734,0.9747505187988281,-0.014279136434197426,0.2,0.07523705333005637,0.0004092704424510632,7520,0.9045728445053101,-0.016229349450441077,-40.69150900840759,-2.53992997,1258.0
1201,31,13,241664,0.25390625,0.025560826,0.8514387607574463,-0.01982027478516102,0.2,0.04939642595127225,0.0004092704424510632,7536,0.9037150144577026,-0.02319823016296141,-40.66091430187225,-2.5407788,1258.0
1200,32,13,242176,0.0672607421875,0.011589678,0.9704448580741882,0.048061490058898926,0.2,0.26286011515185237,0.0004092704424510632,7552,0.903313934803009,-0.01776786078698933,-40.64065706729889,-2.5407788,1258.0
1199,33,14,242688,0.322265625,0.026185295,0.6000223159790039,-0.0351908802986145,0.2,0.012633872625883669,0.0004092704424510632,7568,0.9013027548789978,-0.0318071371584665,-40.60380148887634,-2.5407788,1258.0
1198,34,14,243200,0.1986083984375,0.029143251,0.9433360695838928,0.08363430202007294,0.2,0.1553569994866848,0.0004092704424510632,7584,0.9003726840019226,-0.012657549959840253,-40.543925762176514,-2.54189235,1258.0
1197,35,14,243712,0.2423095703125,0.02294572,0.9792305827140808,-0.032081130892038345,0.2,0.03345855823135935,0.0004092704424510632,7600,0.9002438187599182,-0.02734921863884665,-40.52630531787872,-2.54189235,1258.0
1196,36,15,244224,0.29052734375,0.02605848,0.8209550380706787,-0.02490467205643654,0.2,0.04556045273784548,0.0004092704424510632,7616,0.9010461568832397,-0.028256412901100703,-40.54315137863159,-2.54200529,1258.0
1196,37,15,244736,0.08642578125,0.011248788,0.9594898819923401,0.0055341534316539764,0.2,0.13343843398615718,0.0004092704424510632,7632,0.9013727903366089,-0.012539335715700872,-40.56691789627075,-2.54200529,1258.0
1196,38,16,245248,0.2449951171875,0.017137118,0.6621081829071045,-0.03205854073166847,0.2,0.008516858695656992,0.0004092704424510632,7648,0.9009792804718018,-0.024737084357184358,-40.56143116950989,-2.54200529,1258.0
1195,39,16,245760,0.0694580078125,0.009470655,0.951952338218689,0.1307092308998108,0.2,0.21485207695513964,0.0004092704424510632,7664,0.9005197286605835,-0.013996480403875466,-40.53567039966583,-2.54160932,1258.0
1194,40,17,246272,0.2486572265625,0.02522141,0.9861698746681213,-0.02783234417438507,0.2,0.015399767406051978,0.0004092704424510632,7680,0.9007049202919006,-0.022521987732034177,-40.5330753326416,-2.54160932,1258.0
1193,41,17,246784,0.2427978515625,0.025148358,0.8386858105659485,-0.006634663790464401,0.2,0.06826780259143561,0.0004092704424510632,7696,0.9013878703117371,-0.024950626073405147,-40.55282664299011,-2.54268352,1258.0
1193,42,18,247296,0.1632080078125,0.017545456,0.9720301628112793,-0.0029914341866970062,0.2,0.080771503620781,0.0004092704424510632,7712,0.9019713401794434,-0.02077422130969353,-40.57461154460907,-2.54268352,1258.0
1193,43,18,247808,0.2734375,0.020847687,0.5709635615348816,-0.016343306750059128,0.2,0.032214746985118836,0.0004092704424510632,7728,0.9015690684318542,-0.024892837354855146,-40.57670557498932,-2.54268352,1258.0
1192,44,18,248320,0.084716796875,0.014459897,0.9647839665412903,0.14195837080478668,0.2,0.373464313801378,0.0004092704424510632,7744,0.9011533856391907,-0.012387689406750724,-40.55285835266113,-2.54213913,1258.0
1191,45,19,248832,0.27099609375,0.020847654,0.9931314587593079,-0.02173830382525921,0.2,0.009739404689753428,0.0004092704424510632,7760,0.9023096561431885,-0.024823691230267286,-40.55869460105896,-2.54213913,1258.0
1190,46,19,249344,0.1480712890625,0.014878671,0.8155908584594727,0.0010354835540056229,0.2,0.0612696532625705,0.0004092704424510632,7776,0.9031006693840027,-0.01875623244268354,-40.6080846786499,-2.5398573100000004,1258.0
1190,47,20,249856,0.18505859375,0.02013855,0.9747806191444397,-0.012785039842128754,0.2,0.07335165014956146,0.0004092704424510632,7792,0.9030552506446838,-0.02280355739640072,-40.61817455291748,-2.5398573100000004,1258.0
1189,48,20,250368,0.204345703125,0.01785928,0.8112685084342957,-0.0019988063722848892,0.2,0.044791389838792384,0.0004092704424510632,7808,0.9026511311531067,-0.01912103928043507,-40.61045694351196,-2.53942245,1258.0
1189,49,21,250880,0.074462890625,0.0118568875,0.9688509106636047,0.035161636769771576,0.2,0.20697682327590883,0.0004092704424510632,7824,0.9022219181060791,-0.010511560969462153,-40.59257400035858,-2.53942245,1258.0
1188,50,21,251392,0.25244140625,0.017526515,-0.554094672203064,-0.028774261474609375,0.2,0.01146336054080166,0.0004092704424510632,7840,0.9014537930488586,-0.02477952087065205,-40.578487396240234,-2.53942245,1258.0
1188,51,21,251904,0.22265625,0.018107537,0.8687723875045776,-0.009645245969295502,0.2,0.04437977907946333,0.0004092704424510632,7856,0.9010391235351562,-0.023163414298323914,-40.549768567085266,-2.53646611,1258.0
1187,52,22,252416,0.1583251953125,0.016933791,0.972278356552124,-0.015444252640008926,0.2,0.06978188751963899,0.0004092704424510632,7872,0.9000426530838013,-0.020531691843643785,-40.53356432914734,-2.53646611,1258.0
1186,53,22,252928,0.2210693359375,0.02428298,0.8434186577796936,-0.009489122778177261,0.2,0.054049763013608754,0.0004092704424510632,7888,0.9004201292991638,-0.024256655160570517,-40.51166844367981,-2.53612876,1258.0
1185,54,23,253440,0.12646484375,0.014733893,0.974932074546814,0.009012037888169289,0.2,0.10882676183246076,0.0004092704424510632,7904,0.9013322591781616,-0.014971022770623676,-40.533122062683105,-2.53612876,1258.0
1185,55,23,253952,0.2734375,0.019358166,-1.4061596393585205,-0.026078883558511734,0.2,0.00939034769544378,0.0004092704424510632,7920,0.9034203886985779,-0.023649251030292362,-40.583861231803894,-2.53612876,1258.0
1184,56,24,254464,0.199462890625,0.023186587,0.8610516786575317,0.008918490260839462,0.2,0.07987538643646985,0.0004092704424510632,7936,0.9039031267166138,-0.02166606139508076,-40.63092505931854,-2.5365337,1258.0
1184,57,24,254976,0.20166015625,0.016697526,0.9682806730270386,-0.03492889553308487,0.2,0.048594927706290036,0.0004092704424510632,7952,0.903952956199646,-0.021792725834529847,-40.63540601730347,-2.5365337,1258.0
1183,58,25,255488,0.181884765625,0.012323329,0.8593448400497437,0.008863130584359169,0.2,0.055437451344914734,0.0004092704424510632,7968,0.9036672711372375,-0.020496456214459613,-40.62620556354523,-2.5360270600000003,1258.0
1182,59,25,256000,0.1160888671875,0.014821229,0.9762290716171265,0.019156439229846,0.2,0.1478958847001195,0.0004092704424510632,7984,0.9033575654029846,-0.016180218721274287,-40.6146936416626,-2.5360270600000003,1258.0
1182,60,25,256512,0.2794189453125,0.019690942,0.12460881471633911,-0.026734046638011932,0.2,0.02096741009154357,0.0004092704424510632,8000,0.9041098356246948,-0.029201675060903654,-40.62174594402313,-2.5360270600000003,1258.0
1181,61,26,257024,0.0445556640625,0.011457199,0.9506908059120178,0.09214910864830017,0.2,0.18674523872323334,0.0004092704424510632,8016,0.9043790102005005,-0.014004577518790029,-40.644468665122986,-2.5343401,1258.0
1181,62,26,257536,0.2794189453125,0.024798732,0.986903965473175,-0.0381987988948822,0.2,0.02614115530741401,0.0004092704424510632,8032,0.9047056436538696,-0.030501204266329296,-40.65388870239258,-2.5343401,1258.0
1181,63,27,258048,0.2431640625,0.023477783,0.8646841645240784,0.017254624515771866,0.2,0.058827755972743034,0.0004092704424510632,8048,0.904548168182373,-0.021669620778993703,-40.65393686294556,-2.53382106,1258.0
1180,64,27,258560,0.106201171875,0.012653459,0.9757312536239624,0.06530702859163284,0.2,0.1440961059415713,0.0004092704424510632,8064,0.9044849276542664,-0.01168502401560545,-40.64851105213165,-2.53382106,1258.0
1180,65,28,259072,0.27294921875,0.019337598,0.6762632131576538,-0.020020456984639168,0.2,0.036665260151494294,0.0004092704424510632,8080,0.9039316773414612,-0.025595963757950813,-40.641515374183655,-2.53382106,1258.0
1180,66,28,259584,0.0870361328125,0.009191301,0.9425255656242371,0.037543874233961105,0.2,0.30668382509611547,0.0004092704424510632,8096,0.904167652130127,-0.006731653833412565,-40.63719975948334,-2.53418824,1258.0
1180,67,29,260096,0.2386474609375,0.021097044,0.9874774217605591,-0.017946258187294006,0.2,0.03471736883511767,0.0004092704424510632,8112,0.9052480459213257,-0.024043179786531255,-40.65163004398346,-2.53418824,1258.0
1181,68,29,260608,0.0997314453125,0.01282229,0.871281623840332,0.014871237799525261,0.2,0.09480521641671658,0.0004092704424510632,8128,0.9057812094688416,-0.011418141046306118,-40.67719793319702,-2.53594996,1258.0
1180,69,29,261120,0.1923828125,0.017646957,0.9840219616889954,-0.005609637126326561,0.2,0.06096280203200877,0.0004092704424510632,8144,0.9072691202163696,-0.02323621418327093,-40.704145073890686,-2.53594996,1258.0
1180,70,30,261632,0.2252197265625,0.018585317,0.7568472623825073,-0.0036523472517728806,0.2,0.051581472740508616,0.0004092704424510632,8160,0.9075483083724976,-0.02364261366892606,-40.75341558456421,-2.53594996,1258.0
1180,71,30,262144,0.141357421875,0.016644295,0.9447322487831116,0.027604583650827408,0.2,0.10218778671696782,0.0004092704424510632,8176,0.9074394106864929,-0.018204510532086715,-40.748724579811096,-2.5353516399999996,1258.0
1178,72,31,262656,0.2637939453125,0.01956737,0.9898063540458679,-0.03133688122034073,0.2,0.009446859286981635,0.0004092704424510632,8192,0.9087620377540588,-0.02534407435450703,-40.76331114768982,-2.5353516399999996,1258.0
1178,73,31,263168,0.1973876953125,0.014042688,0.8789353370666504,-0.01012636348605156,0.2,0.03136250650277361,0.0004092704424510632,8208,0.9080718159675598,-0.018963378970511258,-40.78222668170929,-2.53778078,1258.0
1178,74,32,263680,0.1331787109375,0.01469145,0.9753952622413635,-0.010639868676662445,0.2,0.05226010485785082,0.0004092704424510632,8224,0.9080676436424255,-0.01635376689955592,-40.76463961601257,-2.53778078,1258.0
1178,75,32,264192,0.2908935546875,0.019392941,0.8212472200393677,-0.038547806441783905,0.2,0.01946476404555142,0.0004092704424510632,8240,0.9079015254974365,-0.02913993656693492,-40.769017696380615,-2.53958264,1258.0
1178,76,33,264704,0.17236328125,0.017890904,0.9685847163200378,0.0024335086345672607,0.2,0.08914471720345318,0.0004092704424510632,8256,0.9077098965644836,-0.022308885731035843,-40.761045813560486,-2.53958264,1258.0
1178,77,33,265216,0.335205078125,0.02436709,-0.8328508138656616,-0.03938009962439537,0.2,0.005432995239971206,0.0004092704424510632,8272,0.9063262343406677,-0.03639605389616918,-40.739471077919006,-2.53958264,1258.0
1178,78,33,265728,0.205322265625,0.015516396,0.8410962224006653,-0.02123730070888996,0.2,0.015964033169439062,0.0004092704424510632,8288,0.906408965587616,-0.019671743299113587,-40.72015833854675,-2.53922233,1258.0
1178,79,34,266240,0.177001953125,0.017779417,0.9555346965789795,-0.024730617180466652,0.2,0.07287425128743052,0.0004092704424510632,8304,0.9062903523445129,-0.02159827359719202,-40.727903842926025,-2.53922233,1258.0
1178,80,34,266752,0.30517578125,0.021562666,0.8269668817520142,-0.03242179751396179,0.2,0.013947937317425385,0.0004092704424510632,8320,0.9057410359382629,-0.03390718257287517,-40.72310674190521,-2.53662343,1258.0
1178,81,35,267264,0.122802734375,0.022660892,0.9727489948272705,0.03419313207268715,0.2,0.09620341146364808,0.0004092704424510632,8336,0.9052269458770752,-0.012734757212456316,-40.702890276908875,-2.53662343,1258.0
1178,82,35,267776,0.288330078125,0.018540256,0.12770593166351318,-0.03353726118803024,0.2,0.005488097594934516,0.0004092704424510632,8352,0.9033966064453125,-0.03018144125235267,-40.664642333984375,-2.53662343,1258.0
1179,83,36,268288,0.1240234375,0.015951283,0.9014828205108643,0.06320524215698242,0.2,0.10735612839926034,0.0004092704424510632,8368,0.9032461047172546,-0.012817044276744127,-40.626833319664,-2.53779412,1258.0
1179,84,36,268800,0.2236328125,0.017680913,0.9871231317520142,-0.04304338991641998,0.2,0.028610542853130028,0.0004092704424510632,8384,0.9040713310241699,-0.026746823466964997,-40.64320349693298,-2.53779412,1258.0
1179,85,36,269312,0.2655029296875,0.01942847,0.8029585480690002,-0.014050304889678955,0.2,0.04948855750262737,0.0004092704424510632,8400,0.9050696492195129,-0.022898616880411282,-40.67666935920715,-2.53635408,1258.0
1179,86,37,269824,0.079833984375,0.01215047,0.972809910774231,0.033681634813547134,0.2,0.12584868725389242,0.0004092704424510632,8416,0.9052007794380188,-0.01320455536188092,-40.69832479953766,-2.53635408,1258.0
1179,87,37,270336,0.205810546875,0.013261621,0.19562608003616333,-0.025024455040693283,0.2,0.00537276533577824,0.0004092704424510632,8432,0.9041787385940552,-0.019876047867001034,-40.68572545051575,-2.53635408,1258.0
1179,88,38,270848,0.10302734375,0.014576414,0.9311633110046387,0.02246706187725067,0.2,0.11199540505185723,0.0004092704424510632,8448,0.9038892388343811,-0.015518885018536821,-40.658477663993835,-2.53606423,1258.0
1179,89,38,271360,0.1595458984375,0.0122643635,0.9873626828193665,-0.015341086313128471,0.2,0.025764282065210864,0.0004092704424510632,8464,0.9002892374992371,-0.015472742292331532,-40.61494505405426,-2.53606423,1258.0
1178,90,39,271872,0.1982421875,0.020291101,0.7824090719223022,-0.00755581259727478,0.2,0.04232126468559727,0.0004092704424510632,8480,0.8983197808265686,-0.01854395362897776,-40.48034954071045,-2.53847293,1258.0
1178,91,39,272384,0.1607666015625,0.019016411,0.9711562395095825,-0.00259258970618248,0.2,0.11330030532553792,0.0004092704424510632,8496,0.8983731865882874,-0.02445223685936071,-40.458580017089844,-2.53847293,1258.0
1178,92,39,272896,0.2454833984375,0.017813198,0.6981842517852783,-0.037622757256031036,0.2,0.0070326600689440966,0.0004092704424510632,8512,0.8964203596115112,-0.024792595126200467,-40.42940866947174,-2.53847293,1258.0
1178,93,40,273408,0.112548828125,0.013422068,0.9523183107376099,0.024173269048333168,0.2,0.16037809709087014,0.0004092704424510632,8528,0.8959392309188843,-0.012116785059333779,-40.37237739562988,-2.53688313,1258.0
1178,94,40,273920,0.2762451171875,0.020597022,0.9918675422668457,-0.03452421724796295,0.2,0.013353324538911693,0.0004092704424510632,8544,0.8933899402618408,-0.02701095184602309,-40.3308721780777,-2.53688313,1258.0
1178,95,41,274432,0.2305908203125,0.017064685,0.8485971689224243,-0.006873197853565216,0.2,0.039799823658540845,0.0004092704424510632,8560,0.8931591510772705,-0.01891530580178369,-40.26409149169922,-2.5372585599999997,1258.0
1178,96,41,274944,0.196044921875,0.020721193,0.9663950800895691,-0.026133699342608452,0.2,0.07004553638398647,0.0004092704424510632,8576,0.892594575881958,-0.020663854891608935,-40.26198661327362,-2.5372585599999997,1258.0
1178,97,42,275456,0.2568359375,0.018245842,0.6937781572341919,-0.03457821533083916,0.2,0.012115390971302986,0.0004092704424510632,8592,0.8926464319229126,-0.025771793370950036,-40.247963547706604,-2.5372585599999997,1258.0
1179,98,42,275968,0.1085205078125,0.014530912,0.9676862359046936,0.060958217829465866,0.2,0.17825159872882068,0.0004092704424510632,8608,0.8927462100982666,-0.019381349760806188,-40.25483810901642,-2.53759844,1258.0
1179,99,42,276480,0.3023681640625,0.02506202,0.9970327615737915,-0.04182478040456772,0.2,0.006896986596984789,0.0004092704424510632,8624,0.8934056162834167,-0.027385327237425372,-40.26860332489014,-2.53759844,1258.0
1179,100,43,276992,0.1983642578125,0.019848954,0.8761553764343262,-0.025119028985500336,0.2,0.04135391570162028,0.0004092704424510632,8640,0.8926603198051453,-0.021176718990318477,-40.27016484737396,-2.5393927,1258.0
1179,101,43,277504,0.0943603515625,0.010291763,0.9788377285003662,-0.00943664088845253,0.2,0.06115323619451374,0.0004092704424510632,8656,0.8931524157524109,-0.01129186770413071,-40.255215644836426,-2.5393927,1258.0
1179,102,44,278016,0.302734375,0.026486259,0.8032059669494629,-0.025006234645843506,0.2,0.026207686169072986,0.0004092704424510632,8672,0.8922813534736633,-0.03439016423362773,-40.263715982437134,-2.5393927,1258.0
1179,103,44,278528,0.0689697265625,0.009706473,0.9642046689987183,0.0344872921705246,0.2,0.268203301820904,0.0004092704424510632,8688,0.8918392062187195,-0.00889692951750476,-40.23276913166046,-2.53745662,1258.0
1179,104,45,279040,0.2144775390625,0.017236944,0.8971078395843506,-0.028510097414255142,0.2,0.01314583423663862,0.0004092704424510632,8704,0.8898320198059082,-0.019476238259812817,-40.200955271720886,-2.53745662,1258.0
1179,105,45,279552,0.2603759765625,0.015904196,0.8684720396995544,-0.028472933918237686,0.2,0.010367821378167719,0.0004092704424510632,8720,0.8896970152854919,-0.026470567827345803,-40.14594256877899,-2.5376657499999995,1258.0
1179,106,46,280064,0.1229248046875,0.010893976,0.9536934494972229,0.0050598084926605225,0.2,0.09261540661100298,0.0004092704424510632,8736,0.8898152112960815,-0.012422395710018463,-40.14930975437164,-2.5376657499999995,1258.0
1179,107,46,280576,0.2576904296875,0.019637369,0.8365774154663086,-0.03502092882990837,0.2,0.006523203745018691,0.0004092704424510632,8752,0.8916717171669006,-0.02610648874542676,-40.17258810997009,-2.5388797199999997,1258.0
1179,108,46,281088,0.16650390625,0.016423635,0.9654533267021179,0.008723324164748192,0.2,0.09727828286122531,0.0004092704424510632,8768,0.8915729522705078,-0.012781144039763603,-40.20755422115326,-2.5388797199999997,1258.0
1179,109,47,281600,0.2637939453125,0.020939194,-0.833928108215332,-0.04666098952293396,0.2,0.005487793190695811,0.0004092704424510632,8784,0.8915734887123108,-0.025717241267557256,-40.1956901550293,-2.5388797199999997,1258.0
1179,110,47,282112,0.3128662109375,0.024627583,0.8699244260787964,-0.028859209269285202,0.2,0.015624830353772268,0.0004092704424510632,8800,0.8905737996101379,-0.03174757742090151,-40.18555974960327,-2.53906333,1258.0
1179,111,48,282624,0.1324462890625,0.01495442,0.9164696931838989,0.015155486762523651,0.2,0.11867438885383308,0.0004092704424510632,8816,0.8903695344924927,-0.014482985687209293,-40.15141320228577,-2.53906333,1258.0
1179,112,48,283136,0.27880859375,0.018561037,0.8600319623947144,-0.03605567663908005,0.2,0.007453368598362431,0.0004092704424510632,8832,0.8915004134178162,-0.03012237063376233,-40.16479742527008,-2.53798733,1258.0
1179,113,49,283648,0.0985107421875,0.015294838,0.9325743317604065,0.013098809868097305,0.2,0.1435562075348571,0.0004092704424510632,8848,0.8916696906089783,-0.015386360260890797,-40.18783736228943,-2.53798733,1258.0
1179,114,49,284160,0.258544921875,0.016355291,0.5576340556144714,-0.02176995947957039,0.2,0.006210002669831738,0.0004092704424510632,8864,0.8913432955741882,-0.02385742135811597,-40.18050742149353,-2.53798733,1258.0
1179,115,49,284672,0.1016845703125,0.016385086,0.9489548206329346,-0.006975226104259491,0.2,0.10777887224685401,0.0004092704424510632,8880,0.8911972641944885,-0.013731679558986798,-40.172120451927185,-2.5368561200000004,1258.0
1179,116,50,285184,0.1622314453125,0.012857944,0.9784983396530151,-0.016148502007126808,0.2,0.04330475063761696,0.0004092704424510632,8896,0.8911471366882324,-0.017254827689612284,-40.17001974582672,-2.5368561200000004,1258.0
1178,117,50,285696,0.2861328125,0.023425505,0.7430976629257202,-0.025148669257760048,0.2,0.035647708689793944,0.0004092704424510632,8912,0.8918836116790771,-0.02594542014412582,-40.177560210227966,-2.53474389,1258.0
1178,118,51,286208,0.063720703125,0.011089525,0.9716504812240601,0.06863503903150558,0.2,0.21466271067038178,0.0004092704424510632,8928,0.8923438191413879,-0.012746793145197444,-40.20223116874695,-2.53474389,1258.0
1178,119,51,286720,0.2537841796875,0.016842162,0.6479640007019043,-0.03839747980237007,0.2,0.0061801633855793625,0.0004092704424510632,8944,0.8931949734687805,-0.02627091881004162,-40.218196988105774,-2.53474389,1258.0
1178,120,52,287232,0.14013671875,0.013999738,0.9383301734924316,0.022230729460716248,0.2,0.11344953486695886,0.0004092704424510632,8960,0.8936768770217896,-0.0170651047519641,-40.25066912174225,-2.53607195,1258.0
1178,121,52,287744,0.208984375,0.015253059,0.9817192554473877,-0.02290341444313526,0.2,0.02424173807958141,0.0004092704424510632,8976,0.8934377431869507,-0.023010371995042078,-40.253180265426636,-2.53607195,1258.0
1177,122,53,288256,0.2528076171875,0.01990803,0.8751182556152344,-0.02846487984061241,0.2,0.02901189588010311,0.0004092704424510632,8992,0.8936135172843933,-0.027679278602590784,-40.23795247077942,-2.5391270599999998,1258.0
1177,123,53,288768,0.173095703125,0.021227952,0.9767041802406311,-0.012461680918931961,0.2,0.06639886798802763,0.0004092704424510632,9008,0.893438994884491,-0.01902792480541393,-40.228822231292725,-2.5391270599999998,1258.0
1177,124,53,289280,0.257568359375,0.019877298,0.5475722551345825,-0.035503022372722626,0.2,0.010943923029117286,0.0004092704424510632,9024,0.8945962190628052,-0.024013220870983787,-40.244080781936646,-2.5391270599999998,1258.0
1177,125,54,289792,0.0775146484375,0.013492339,0.9204574227333069,0.08706396818161011,0.2,0.18989954073913395,0.0004092704424510632,9040,0.8950525522232056,-0.015479070629226044,-40.29163587093353,-2.53937518,1258.0
1177,126,54,290304,0.2384033203125,0.02252401,0.9401898980140686,-0.02417542040348053,0.2,0.042963128216797486,0.0004092704424510632,9056,0.8949400782585144,-0.024216294201323763,-40.29579758644104,-2.53937518,1258.0
1177,127,55,290816,0.1895751953125,0.016824344,0.8661426305770874,-0.013908823020756245,0.2,0.01828811294399202,0.0004092704424510632,9072,0.8947592973709106,-0.016398897860199213,-40.289119601249695,-2.5403983599999997,1258.0
1177,128,55,291328,0.098876953125,0.018512325,0.9656631350517273,0.005177877843379974,0.2,0.11851001635659486,0.0004092704424510632,9088,0.8941164612770081,-0.01567502663237974,-40.27401542663574,-2.5403983599999997,1258.0
1177,129,56,291840,0.23486328125,0.0131340325,0.7779920101165771,-0.02036222815513611,0.2,0.012614728970220312,0.0004092704424510632,9104,0.8923338055610657,-0.022719139560649637,-40.23470902442932,-2.5403983599999997,1258.0
1177,130,56,292352,0.2164306640625,0.0321623,0.9690510630607605,0.05387543886899948,0.2,0.12229744717478752,0.0004092704424510632,9120,0.8919981718063354,-0.015280422492651269,-40.18372821807861,-2.5391171299999997,1258.0
1177,131,56,292864,0.2979736328125,0.020105455,0.9930025339126587,-0.04857618734240532,0.2,0.006701324353343807,0.0004092704424510632,9136,0.8907646536827087,-0.03377805708441883,-40.1712851524353,-2.5391171299999997,1258.0
1176,132,57,293376,0.263427734375,0.020393265,0.8886064291000366,-0.04277096316218376,0.2,0.034896199591457844,0.0004092704424510632,9152,0.8897523283958435,-0.02874258426891174,-40.130002617836,-2.53780429,1258.0
1176,133,57,293888,0.156494140625,0.019166976,0.9782391786575317,-0.023503221571445465,0.2,0.051237244508229196,0.0004092704424510632,9168,0.8903425931930542,-0.020008482111734338,-40.12293338775635,-2.53780429,1258.0
1176,134,58,294400,0.2110595703125,0.015866857,0.8397611379623413,-0.030314292758703232,0.2,0.023853737860918045,0.0004092704424510632,9184,0.890669047832489,-0.027914487931411713,-40.14506936073303,-2.53418309,1258.0
1176,135,58,294912,0.0858154296875,0.012446386,0.956694483757019,0.07346002757549286,0.2,0.16494472743943334,0.0004092704424510632,9200,0.8905963897705078,-0.013116012356476858,-40.143035769462585,-2.53418309,1258.0
1176,136,59,295424,0.2427978515625,0.016717952,-0.40886855125427246,-0.037412840873003006,0.2,0.004812869992747437,0.0004092704424510632,9216,0.8925744295120239,-0.02809268691635225,-40.163721680641174,-2.53418309,1258.0
1175,137,59,295936,0.1888427734375,0.017155081,0.8339136242866516,-0.006248755380511284,0.2,0.03637796582188457,0.0004092704424510632,9232,0.8931889533996582,-0.019233327766414732,-40.22181975841522,-2.5329025,1258.0
1175,138,60,296448,0.161865234375,0.01566117,0.9719427824020386,-0.012536232359707355,0.2,0.05563231382984668,0.0004092704424510632,9248,0.8930432796478271,-0.021326070971554145,-40.21638524532318,-2.5329025,1258.0
1175,139,60,296960,0.24951171875,0.021787122,0.8730683326721191,-0.017816074192523956,0.2,0.029170053894631565,0.0004092704424510632,9264,0.8936012983322144,-0.023606189875863492,-40.22220206260681,-2.5319703299999996,1258.0
1175,140,60,297472,0.099853515625,0.017544836,0.976986289024353,0.005296163260936737,0.2,0.09259362169541419,0.0004092704424510632,9280,0.8933127522468567,-0.016134543508087518,-40.23754966259003,-2.5319703299999996,1258.0
1175,141,61,297984,0.19189453125,0.01426474,-0.5622459650039673,-0.023738108575344086,0.2,0.005238757177721709,0.0004092704424510632,9296,0.8951014876365662,-0.0189951019565342,-40.255043745040894,-2.5319703299999996,1258.0
1175,142,61,298496,0.0802001953125,0.014434757,0.8845998644828796,0.05860435590147972,0.2,0.1182906700996682,0.0004092704424510632,9312,0.8956190347671509,-0.013179998451960273,-40.31305515766144,-2.5330495600000003,1258.0
1175,143,62,299008,0.2022705078125,0.017175082,0.9734370112419128,-0.02707671746611595,0.2,0.04128862012294121,0.0004092704424510632,9328,0.8958349823951721,-0.025854913634248078,-40.31758224964142,-2.5330495600000003,1258.0
1175,144,62,299520,0.245361328125,0.017612591,0.8919448852539062,-0.02042810618877411,0.2,0.036683889222331345,0.0004092704424510632,9344,0.8956018090248108,-0.025554881460266188,-40.323679089546204,-2.53155356,1258.0
1175,145,63,300032,0.15185546875,0.019534606,0.9761265516281128,0.01174972578883171,0.2,0.1299337715608999,0.0004092704424510632,9360,0.8957998156547546,-0.019475117791444063,-40.31603741645813,-2.53155356,1258.0
1174,146,63,300544,0.232421875,0.017364126,0.520405113697052,-0.028961803764104843,0.2,0.007264384810696356,0.0004092704424510632,9376,0.8967021703720093,-0.021945903106825426,-40.3388215303421,-2.53155356,1258.0
1174,147,64,301056,0.1624755859375,0.01633313,0.9525164365768433,8.208677172660828e-05,0.2,0.09883188840467483,0.0004092704424510632,9392,0.8960561156272888,-0.017631166309001856,-40.35942077636719,-2.5321827399999997,1258.0
