time/fps,time/time_elapsed,time/iterations,time/total_timesteps,train/policy_gradient_loss,train/loss,train/explained_variance,train/clip_fraction,train/clip_range,train/approx_kl,train/entropy_loss,train/value_loss,train/learning_rate,train/n_updates,train/std,rollout/ep_rew_mean,rollout/ep_len_mean
3602,0,1,512,,,,,,,,,,,,,
1752,0,2,1024,-0.030845571745885536,-0.039224933832883835,-0.3076540231704712,0.2252197265625,0.2,0.015811846,-44.00812113285065,0.16280314860341605,0.0004092704424510632,16,1.0013848543167114,,
1508,1,3,1536,-0.027666124267852865,-0.034096959978342056,-0.0026367902755737305,0.23583984375,0.2,0.016194995,-44.013909220695496,0.0031415596095030196,0.0004092704424510632,32,0.9998392462730408,-2.413967,1223.0
1407,1,4,2048,-0.028551639174111187,-0.02960491180419922,-0.01151585578918457,0.32421875,0.2,0.02607504,-43.96578514575958,0.00842647219542414,0.0004092704424510632,48,0.9994866251945496,-2.413967,1223.0
1355,1,5,2560,-0.027942126340349205,-0.03557479381561279,-0.022325992584228516,0.24658203125,0.2,0.015934696,-43.954577922821045,0.0012911474477732554,0.0004092704424510632,64,0.9982567429542542,-2.3354939999999997,1223.0
1323,2,6,3072,-0.021767072634247597,-0.016830647364258766,0.005188941955566406,0.2244873046875,0.2,0.016193552,-43.91050207614899,0.003903732958860928,0.0004092704424510632,80,0.9972741603851318,-2.3354939999999997,1223.0
1299,2,7,3584,-0.024530639522708952,-0.04213094711303711,-0.009698987007141113,0.2373046875,0.2,0.018613648,-43.901482939720154,0.001941946473380085,0.0004092704424510632,96,0.997771680355072,-2.3354939999999997,1223.0
1281,3,8,4096,-0.02227736680652015,-0.03038462996482849,-0.0017303228378295898,0.2021484375,0.2,0.013308784,-43.92638552188873,0.002757866746833315,0.0004092704424510632,112,0.9988275170326233,-2.304674,1223.0
1269,3,9,4608,-0.02269871486350894,-0.040707431733608246,-0.00571894645690918,0.20751953125,0.2,0.013154345,-43.96640944480896,0.0032035929325502366,0.0004092704424510632,128,1.0003410577774048,-2.304674,1223.0
1260,4,10,5120,-0.024758791536442004,-0.047718171030282974,-0.008989214897155762,0.2509765625,0.2,0.017363366,-43.99673688411713,0.0016839493800944183,0.0004092704424510632,144,1.0006111860275269,-2.3530794999999998,1223.0
1251,4,11,5632,-0.027609411132289097,-0.035097453743219376,-0.004283905029296875,0.2581787109375,0.2,0.018970188,-43.99230992794037,0.004642123407393228,0.0004092704424510632,160,1.0002655982971191,-2.3530794999999998,1223.0
1243,4,12,6144,-0.026542211926425807,-0.03496797755360603,-0.0097578763961792,0.2310791015625,0.2,0.016712863,-43.98198413848877,0.0018474797834642231,0.0004092704424510632,176,0.9999420046806335,-2.3486974,1223.0
1237,5,13,6656,-0.027066045498941094,-0.03243974968791008,0.0007627606391906738,0.259765625,0.2,0.018987413,-43.99390149116516,0.009386534860823303,0.0004092704424510632,192,1.001526951789856,-2.3486974,1223.0
1233,5,14,7168,-0.023187673912616447,-0.040080271661281586,-0.0012050867080688477,0.21044921875,0.2,0.01594545,-44.007832407951355,0.0026960905197483953,0.0004092704424510632,208,1.0001583099365234,-2.3486974,1223.0
1229,6,15,7680,-0.019638777201180346,-0.03127255663275719,0.000968635082244873,0.184814453125,0.2,0.012846442,-43.96628284454346,0.0032422543663415127,0.0004092704424510632,224,0.9993613958358765,-2.3542943333333333,1223.0
1226,6,16,8192,-0.02777553159103263,-0.027165789157152176,-0.0014327764511108398,0.261474609375,0.2,0.021970525,-43.93790602684021,0.020247718988684937,0.0004092704424510632,240,0.9982876181602478,-2.3542943333333333,1223.0
1224,7,17,8704,-0.026754432168672793,-0.04168393090367317,0.004295766353607178,0.2059326171875,0.2,0.015033973,-43.88635432720184,0.0015429083032358903,0.0004092704424510632,256,0.9953694343566895,-2.3445594285714284,1223.0
1221,7,18,9216,-0.022928233214770444,-0.02854151651263237,0.003788590431213379,0.25439453125,0.2,0.01632452,-43.8260293006897,0.02694245200837031,0.0004092704424510632,272,0.9958963990211487,-2.3445594285714284,1223.0
1220,7,19,9728,-0.022477941907709464,-0.03851715102791786,-0.008400678634643555,0.22705078125,0.2,0.017737791,-43.831772685050964,0.0025878571468638256,0.0004092704424510632,288,0.9942406415939331,-2.3445594285714284,1223.0
1219,8,20,10240,-0.02162805294210557,-0.03734244406223297,-0.0008184909820556641,0.1790771484375,0.2,0.01581598,-43.74449300765991,0.0028807718808820937,0.0004092704424510632,304,0.9908044338226318,-2.34716025,1223.0
1216,8,21,10752,-0.025738229669514112,-0.009115120396018028,0.0032682418823242188,0.2427978515625,0.2,0.020669483,-43.67563855648041,0.03877532930346206,0.0004092704424510632,320,0.9903156757354736,-2.34716025,1223.0
1214,9,22,11264,-0.03386610315646976,-0.047175850719213486,-0.08281421661376953,0.2926025390625,0.2,0.02610245,-43.652700901031494,0.002177387614210602,0.0004092704424510632,336,0.9889090061187744,-2.3423981111111107,1223.0
1212,9,23,11776,-0.02347880600427743,-0.009386751800775528,0.003394007682800293,0.2276611328125,0.2,0.017751046,-43.58089470863342,0.04956147726625204,0.0004092704424510632,352,0.9854404926300049,-2.3423981111111107,1223.0
1209,10,24,12288,-0.022246672975597903,-0.03290922939777374,-0.2377920150756836,0.2154541015625,0.2,0.020394979,-43.48173427581787,0.000922773885577044,0.0004092704424510632,368,0.9834715723991394,-2.3567697,1223.0
1208,10,25,12800,-0.0205432002840098,-0.005436651408672333,0.0037290453910827637,0.2061767578125,0.2,0.014651669,-43.47365689277649,0.053799406974576414,0.0004092704424510632,384,0.984809160232544,-2.3567697,1223.0
1207,11,26,13312,-0.02112973009934649,-0.020299749448895454,0.0813325047492981,0.1951904296875,0.2,0.015605472,-43.504191875457764,0.0024998841690830886,0.0004092704424510632,400,0.9850042462348938,-2.3567697,1223.0
1206,11,27,13824,-0.02903800601779949,-0.054491810500621796,-0.0014793872833251953,0.2481689453125,0.2,0.020486586,-43.504165053367615,0.0024729430151637644,0.0004092704424510632,416,0.9848294854164124,-2.348462636363636,1223.0
1205,11,28,14336,-0.031177419921732508,-0.014506775885820389,0.001057744026184082,0.282958984375,0.2,0.021597028,-43.479281544685364,0.06620902416761965,0.0004092704424510632,432,0.9836089611053467,-2.348462636363636,1223.0
1204,12,29,14848,-0.024856986186932772,-0.03219248726963997,-0.0003088712692260742,0.244140625,0.2,0.016283449,-43.463916540145874,0.0013427131470962195,0.0004092704424510632,448,0.984490692615509,-2.343635083333333,1223.0
1203,12,30,15360,-0.033777177275624126,-0.009253807365894318,0.002227604389190674,0.3341064453125,0.2,0.036452055,-43.47340428829193,0.07257856684736907,0.0004092704424510632,464,0.9832876920700073,-2.343635083333333,1223.0
1203,13,31,15872,-0.025388372712768614,-0.03580113872885704,0.04575526714324951,0.216552734375,0.2,0.017582737,-43.40908193588257,0.002156991326046409,0.0004092704424510632,480,0.980827808380127,-2.343635083333333,1223.0
1202,13,32,16384,-0.03312044126505498,-0.04887864366173744,0.019375979900360107,0.2646484375,0.2,0.018786421,-43.33844769001007,0.0030034735282242764,0.0004092704424510632,496,0.9792826771736145,-2.3343582307692303,1223.0
1201,14,33,16896,-0.024852878486854024,-0.007789004594087601,0.004838228225708008,0.28857421875,0.2,0.034091152,-43.31540560722351,0.055967938620597124,0.0004092704424510632,512,0.9796639680862427,-2.3343582307692303,1223.0
1200,14,34,17408,-0.02904419257538393,-0.041099365800619125,-0.41760575771331787,0.279296875,0.2,0.02383695,-43.336801409721375,0.002323447377420962,0.0004092704424510632,528,0.980571448802948,-2.316669071428571,1223.0
1199,14,35,17920,-0.021120068777236156,-0.007161304354667664,0.019299864768981934,0.2056884765625,0.2,0.017373607,-43.34075880050659,0.06775757786817849,0.0004092704424510632,544,0.979399561882019,-2.316669071428571,1223.0
1199,15,36,18432,-0.024998561246320605,-0.04107297956943512,-1.084489345550537,0.2144775390625,0.2,0.016156198,-43.30247139930725,0.005334694153134478,0.0004092704424510632,560,0.9789091944694519,-2.3046446,1223.0
1198,15,37,18944,-0.02437366606318392,-0.01288212276995182,0.3313998579978943,0.22607421875,0.2,0.019910412,-43.32038164138794,0.05285837291739881,0.0004092704424510632,576,0.9803146719932556,-2.3046446,1223.0
1197,16,38,19456,-0.028607501415535808,-0.043519217520952225,-0.06242036819458008,0.244140625,0.2,0.019412428,-43.35767900943756,0.004555128085485194,0.0004092704424510632,592,0.9806223511695862,-2.3046446,1223.0
1196,16,39,19968,-0.02412010100670159,-0.036699648946523666,0.026423394680023193,0.210693359375,0.2,0.016029425,-43.34409034252167,0.002794125848595286,0.0004092704424510632,608,0.9797031283378601,-2.30400025,1223.0
1196,17,40,20480,-0.02162481979758013,-0.0186367966234684,0.036578476428985596,0.19775390625,0.2,0.017444229,-43.30631685256958,0.06232377898413688,0.0004092704424510632,624,0.9784210920333862,-2.30400025,1223.0
1195,17,41,20992,-0.02491489378735423,-0.034872520714998245,-0.48035669326782227,0.2330322265625,0.2,0.014753893,-43.29614818096161,0.003720108841662295,0.0004092704424510632,640,0.9795935750007629,-2.3031512941176473,1223.0
1195,17,42,21504,-0.01963122644519899,-0.00902001652866602,0.2536141276359558,0.1884765625,0.2,0.01565904,-43.323615312576294,0.051966004830319434,0.0004092704424510632,656,0.9788451790809631,-2.3031512941176473,1223.0
1194,18,43,22016,-0.022834680828964338,-0.029201405122876167,-0.13645267486572266,0.2269287109375,0.2,0.01716619,-43.28514266014099,0.003184396213328,0.0004092704424510632,672,0.9782040119171143,-2.3041916111111114,1223.0
1194,18,44,22528,-0.023438333730155136,-0.016411377117037773,0.3340970277786255,0.1949462890625,0.2,0.01989527,-43.26496124267578,0.05286357121076435,0.0004092704424510632,688,0.9771033525466919,-2.3041916111111114,1223.0
1193,19,45,23040,-0.027669454691931605,-0.02624582313001156,-0.10068845748901367,0.2630615234375,0.2,0.022466838,-43.21969974040985,0.00518051594553981,0.0004092704424510632,704,0.9756442308425903,-2.3041916111111114,1223.0
1192,19,46,23552,-0.028261740153538994,-0.0356237068772316,0.12986934185028076,0.2630615234375,0.2,0.021298947,-43.18535089492798,0.0038406903913710266,0.0004092704424510632,720,0.975053608417511,-2.303648263157895,1223.0
1192,20,47,24064,-0.01787565741688013,-0.0052064452320337296,0.3378787040710449,0.1759033203125,0.2,0.016953103,-43.175023794174194,0.062009409070014954,0.0004092704424510632,736,0.9747024774551392,-2.303648263157895,1223.0
1191,20,48,24576,-0.02609777430188842,-0.04198808595538139,-0.49308669567108154,0.2578125,0.2,0.01678149,-43.171701431274414,0.004569585362332873,0.0004092704424510632,752,0.9752153158187866,-2.2926484,1223.0
1191,21,49,25088,-0.023205877412692644,0.00947589986026287,0.05688333511352539,0.23974609375,0.2,0.018468887,-43.20238149166107,0.08640432509128004,0.0004092704424510632,768,0.9762347340583801,-2.2926484,1223.0
1191,21,50,25600,-0.028651824133703485,-0.040172163397073746,-0.9680169820785522,0.2540283203125,0.2,0.018452805,-43.2313916683197,0.005248084788036067,0.0004092704424510632,784,0.9771333336830139,-2.2926484,1223.0
1191,21,51,26112,-0.03170529266935773,-0.04599529132246971,0.0020999908447265625,0.2666015625,0.2,0.017602352,-43.23679757118225,0.002203259598900331,0.0004092704424510632,800,0.976662278175354,-2.281015142857143,1223.0
1191,22,52,26624,-0.022756461024982855,-0.004852768033742905,0.14746588468551636,0.1910400390625,0.2,0.023391668,-43.22097551822662,0.08459548687096685,0.0004092704424510632,816,0.9764324426651001,-2.281015142857143,1223.0
1190,22,53,27136,-0.0244336362084141,-0.028154361993074417,-4.940734386444092,0.1973876953125,0.2,0.016859585,-43.22648501396179,0.0070282169472193345,0.0004092704424510632,832,0.9770851731300354,-2.281205409090909,1223.0
1190,23,54,27648,-0.025820106238825247,-0.01489100232720375,0.07773172855377197,0.2398681640625,0.2,0.021332212,-43.25948786735535,0.0761406576493755,0.0004092704424510632,848,0.9783323407173157,-2.281205409090909,1223.0
1190,23,55,28160,-0.030738790388568304,-0.034003548324108124,-0.4777723550796509,0.2747802734375,0.2,0.019790834,-43.30297029018402,0.002185278441174887,0.0004092704424510632,864,0.9798507690429688,-2.270513739130435,1223.0
1189,24,56,28672,-0.023053973476635292,-0.003391638398170471,0.20853906869888306,0.177001953125,0.2,0.02054562,-43.336647629737854,0.08001849881839007,0.0004092704424510632,880,0.9801915287971497,-2.270513739130435,1223.0
1189,24,57,29184,-0.0239956367877312,-0.02916046418249607,-0.4784044027328491,0.2445068359375,0.2,0.01893267,-43.35490095615387,0.006243774107133504,0.0004092704424510632,896,0.9814727902412415,-2.270513739130435,1223.0
1188,24,58,29696,-0.027482836085255258,-0.020404569804668427,0.12268590927124023,0.2337646484375,0.2,0.01565343,-43.37583935260773,0.0024448214207950514,0.0004092704424510632,912,0.9809927940368652,-2.2693579583333334,1223.0
1188,25,59,30208,-0.01231277990154922,-0.005731528624892235,0.22685247659683228,0.095947265625,0.2,0.012960825,-43.34718382358551,0.08236831112299114,0.0004092704424510632,928,0.9799075126647949,-2.2693579583333334,1223.0
1187,25,60,30720,-0.02997304010204971,-0.04151946306228638,-2.5191004276275635,0.263427734375,0.2,0.017732462,-43.3390474319458,0.004112583308597095,0.0004092704424510632,944,0.9807115197181702,-2.26654472,1223.0
1186,26,61,31232,-0.02363182549015619,0.004139550030231476,0.1331670880317688,0.1517333984375,0.2,0.017748665,-43.349604845047,0.10649540717713535,0.0004092704424510632,960,0.9801849722862244,-2.26654472,1223.0
1185,26,62,31744,-0.021935184864560142,-0.030890194699168205,-0.4104580879211426,0.1949462890625,0.2,0.014867131,-43.33863842487335,0.003595515874621924,0.0004092704424510632,976,0.9806417226791382,-2.26654472,1223.0
1185,27,63,32256,-0.02980241080513224,-0.040046632289886475,0.34754395484924316,0.26904296875,0.2,0.018210346,-43.37236559391022,0.004720851837191731,0.0004092704424510632,992,0.9821062684059143,-2.265118,1223.0
1185,27,64,32768,-0.012454694988264237,-0.0005663949996232986,0.4933592677116394,0.129638671875,0.2,0.012359863,-43.402905106544495,0.0663226816104725,0.0004092704424510632,1008,0.9816914796829224,-2.265118,1223.0
1185,28,65,33280,-0.023172398447059095,-0.027317455038428307,-3.4473190307617188,0.2337646484375,0.2,0.01662466,-43.37482964992523,0.009354849069495685,0.0004092704424510632,1024,0.9809905886650085,-2.2622035185185188,1223.0
1184,28,66,33792,-0.02443741957540624,-0.005051152780652046,0.10590088367462158,0.1785888671875,0.2,0.020591523,-43.35521054267883,0.10433882556390017,0.0004092704424510632,1040,0.9804549217224121,-2.2622035185185188,1223.0
1184,28,67,34304,-0.025115046053542756,-0.0404132679104805,-1.744941234588623,0.21630859375,0.2,0.01516713,-43.328123927116394,0.002967770149552962,0.0004092704424510632,1056,0.9792419075965881,-2.2615264285714285,1223.0
1183,29,68,34816,-0.013873929769033566,-0.00016759708523750305,0.3312475085258484,0.078125,0.2,0.0116487015,-43.29976046085358,0.10205841343849897,0.0004092704424510632,1072,0.9791382551193237,-2.2615264285714285,1223.0
1183,29,69,35328,-0.022073047410231084,-0.02507491409778595,-0.5654937028884888,0.239013671875,0.2,0.01950437,-43.294979214668274,0.003305838028609287,0.0004092704424510632,1088,0.9783825874328613,-2.2615264285714285,1223.0
1183,30,70,35840,-0.0332586340373382,-0.0480443574488163,0.028119385242462158,0.282470703125,0.2,0.021516565,-43.277891516685486,0.002645883272634819,0.0004092704424510632,1104,0.9787663221359253,-2.2580469655172415,1223.0
1183,30,71,36352,-0.02164914419699926,-0.015492990612983704,0.08139485120773315,0.168701171875,0.2,0.017803054,-43.27961254119873,0.11564872274175286,0.0004092704424510632,1120,0.9777824878692627,-2.2580469655172415,1223.0
1182,31,72,36864,-0.029850102349882945,-0.0356278121471405,-1.1881170272827148,0.26806640625,0.2,0.022891577,-43.24255585670471,0.009198607789585367,0.0004092704424510632,1136,0.9772214293479919,-2.2557946,1223.0
1182,31,73,37376,-0.016916403590585105,-0.00406220369040966,0.40141910314559937,0.109375,0.2,0.015925132,-43.235334396362305,0.11638122145086527,0.0004092704424510632,1152,0.9768152832984924,-2.2557946,1223.0
1182,32,74,37888,-0.021324369008652866,-0.030149048194289207,-1.0117018222808838,0.18603515625,0.2,0.013060568,-43.18646705150604,0.003816437179921195,0.0004092704424510632,1168,0.9745929837226868,-2.2557946,1223.0
1182,32,75,38400,-0.02235776682209689,-0.032076410949230194,0.56793212890625,0.2088623046875,0.2,0.016533565,-43.14738070964813,0.009365225894725882,0.0004092704424510632,1184,0.974629282951355,-2.2550495483870967,1223.0
1182,32,76,38912,-0.025246772667742334,-0.02963675558567047,0.5982303619384766,0.255859375,0.2,0.03542596,-43.16016638278961,0.04208614444360137,0.0004092704424510632,1200,0.9754198789596558,-2.2550495483870967,1223.0
1182,33,77,39424,-0.024258176825242117,-0.03121715784072876,-5.30901575088501,0.21728515625,0.2,0.016310748,-43.17480206489563,0.009694896652945317,0.0004092704424510632,1216,0.9750063419342041,-2.2561033124999996,1223.0
1181,33,78,39936,-0.018809637971571647,0.01266467198729515,0.06780117750167847,0.1585693359375,0.2,0.018158343,-43.1515611410141,0.14878574665635824,0.0004092704424510632,1232,0.9743903875350952,-2.2561033124999996,1223.0
1182,34,79,40448,-0.02396367522305809,-0.029640695080161095,-0.6697382926940918,0.2132568359375,0.2,0.019513223,-43.13299858570099,0.0018672937403607648,0.0004092704424510632,1248,0.9737582802772522,-2.2584912121212115,1223.0
1181,34,80,40960,-0.01796344119065907,0.002407204359769821,0.10445696115493774,0.1080322265625,0.2,0.014057419,-43.12427520751953,0.19874621625058353,0.0004092704424510632,1264,0.9741601347923279,-2.2584912121212115,1223.0
1181,35,81,41472,-0.027108694659546018,-0.03457639366388321,-0.6747252941131592,0.2523193359375,0.2,0.019570526,-43.12919747829437,0.0024547901666664984,0.0004092704424510632,1280,0.9741294384002686,-2.2584912121212115,1223.0
1181,35,82,41984,-0.03600704885320738,-0.041431017220020294,0.03176915645599365,0.3004150390625,0.2,0.030009683,-43.124892234802246,0.002493372274329886,0.0004092704424510632,1296,0.9735857844352722,-2.2546281764705878,1223.0
1181,35,83,42496,-0.027648009679978713,-0.01677022874355316,0.044564008712768555,0.2947998046875,0.2,0.028395236,-43.10274684429169,0.2200589042622596,0.0004092704424510632,1312,0.9730366468429565,-2.2546281764705878,1223.0
1181,36,84,43008,-0.02335729521291796,-0.013180265203118324,-2.9641377925872803,0.2406005859375,0.2,0.018511355,-43.09889876842499,0.016697539045708254,0.0004092704424510632,1328,0.9733424186706543,-2.2528080285714283,1223.0
1181,36,85,43520,-0.021332749660359696,0.00779721699655056,0.10054481029510498,0.12646484375,0.2,0.01836225,-43.10232424736023,0.2044320999411866,0.0004092704424510632,1344,0.9732621908187866,-2.2528080285714283,1223.0
1181,37,86,44032,-0.026867513326578774,-0.03438599407672882,-0.09611690044403076,0.2481689453125,0.2,0.019745197,-43.10164022445679,0.004444323494681157,0.0004092704424510632,1360,0.9737319946289062,-2.251753722222222,1223.0
1181,37,87,44544,-0.015101136566954665,0.052590735256671906,0.516299843788147,0.11328125,0.2,0.013404584,-43.12317967414856,0.21413885871879756,0.0004092704424510632,1376,0.9739453196525574,-2.251753722222222,1223.0
1181,38,88,45056,-0.02361962453869637,-0.024276625365018845,-0.1649010181427002,0.2333984375,0.2,0.015173921,-43.12668561935425,0.0037402940943138674,0.0004092704424510632,1392,0.9742067456245422,-2.251753722222222,1223.0
1180,38,89,45568,-0.02748989829706261,-0.04028701037168503,-0.0044432878494262695,0.2720947265625,0.2,0.020394897,-43.150238394737244,0.0029562526142399292,0.0004092704424510632,1408,0.9756144285202026,-2.245404405405405,1223.0
1181,39,90,46080,-0.011457923770649359,0.023229805752635002,0.2716060280799866,0.059326171875,0.2,0.011730293,-43.18381667137146,0.20650535612367094,0.0004092704424510632,1424,0.9762855172157288,-2.245404405405405,1223.0
1181,39,91,46592,-0.026439804292749614,-0.032867658883333206,-2.735159397125244,0.2452392578125,0.2,0.015402818,-43.194244027137756,0.005627641410683282,0.0004092704424510632,1440,0.9764299988746643,-2.245547342105263,1223.0
1180,39,92,47104,-0.017617568199057132,0.019585223868489265,0.27786821126937866,0.1279296875,0.2,0.014512252,-43.19712579250336,0.24571800790727139,0.0004092704424510632,1456,0.9764304757118225,-2.245547342105263,1223.0
1180,40,93,47616,-0.02585388658917509,-0.03605243191123009,-0.5179328918457031,0.229248046875,0.2,0.016710369,-43.17350518703461,0.0050350370147498325,0.0004092704424510632,1472,0.9746764302253723,-2.245547342105263,1223.0
1180,40,94,48128,-0.03152833069907501,-0.029236936941742897,0.14710533618927002,0.2733154296875,0.2,0.019101907,-43.11564016342163,0.004300429798604455,0.0004092704424510632,1488,0.973702073097229,-2.2452250256410258,1223.0
1180,41,95,48640,-0.014018532296177,0.033923301845788956,0.37924736738204956,0.0751953125,0.2,0.015199626,-43.108702063560486,0.18349761550780386,0.0004092704424510632,1504,0.9739475250244141,-2.2452250256410258,1223.0
1180,41,96,49152,-0.01944193932285998,-0.01944935880601406,-4.519227027893066,0.1746826171875,0.2,0.0127562545,-43.12394189834595,0.025025537062902004,0.0004092704424510632,1520,0.9747658371925354,-2.2413140499999997,1223.0
1180,42,97,49664,-0.022979417524766177,0.004991650581359863,0.05473458766937256,0.1822509765625,0.2,0.019830676,-43.14929270744324,0.2687403759919107,0.0004092704424510632,1536,0.9752877950668335,-2.2413140499999997,1223.0
1179,42,98,50176,-0.02629603454261087,-0.03732975572347641,-2.1971120834350586,0.2996826171875,0.2,0.02402201,-43.18942749500275,0.005451691999041941,0.0004092704424510632,1552,0.9779457449913025,-2.237938951219512,1223.0
1179,42,99,50688,-0.013754144543781877,0.02260236069560051,0.28258877992630005,0.06640625,0.2,0.011505343,-43.26493775844574,0.2160061204340309,0.0004092704424510632,1568,0.978972852230072,-2.237938951219512,1223.0
1179,43,100,51200,-0.021712086017942056,-0.034598443657159805,-0.37508106231689453,0.2230224609375,0.2,0.016627256,-43.29211747646332,0.0050006513120024465,0.0004092704424510632,1584,0.9802974462509155,-2.237938951219512,1223.0
1179,43,101,51712,-0.02301452003302984,-0.03422525152564049,0.0822821855545044,0.2161865234375,0.2,0.016374385,-43.31315076351166,0.004371113078377675,0.0004092704424510632,1600,0.9800230264663696,-2.237343880952381,1223.0
1179,44,102,52224,-0.017179407193907537,-0.0019414275884628296,0.37052780389785767,0.0859375,0.2,0.014816993,-43.31693398952484,0.1789536306168884,0.0004092704424510632,1616,0.9805777072906494,-2.237343880952381,1223.0
1179,44,103,52736,-0.02516189045854844,-0.048078760504722595,-4.414494514465332,0.275146484375,0.2,0.018842656,-43.35107147693634,0.005426117502793204,0.0004092704424510632,1632,0.9823210835456848,-2.234481372093023,1223.0
1179,45,104,53248,-0.017735441273543984,0.014217540621757507,0.17087489366531372,0.0867919921875,0.2,0.013968211,-43.38784468173981,0.2668693480081856,0.0004092704424510632,1648,0.9824357628822327,-2.234481372093023,1223.0
1179,45,105,53760,-0.02411479048896581,-0.03905516117811203,0.04029977321624756,0.2421875,0.2,0.0159346,-43.347177267074585,0.007418536304612644,0.0004092704424510632,1664,0.9796172380447388,-2.234481372093023,1223.0
1179,46,106,54272,-0.030174495419487357,-0.050478290766477585,0.17862963676452637,0.2845458984375,0.2,0.023966901,-43.271491050720215,0.0030027032298676204,0.0004092704424510632,1680,0.9779008626937866,-2.233224454545454,1223.0
1178,46,107,54784,-0.01808564190287143,-0.01705324277281761,0.18647730350494385,0.09130859375,0.2,0.015573695,-43.235474944114685,0.17709688434842974,0.0004092704424510632,1696,0.9774616956710815,-2.233224454545454,1223.0
1178,46,108,55296,-0.025755932147148997,-0.038579341024160385,-3.8366994857788086,0.228759765625,0.2,0.017023865,-43.22979819774628,0.005830859889101703,0.0004092704424510632,1712,0.9775710701942444,-2.2291568666666666,1223.0
1178,47,109,55808,-0.020281037548556924,0.00808049738407135,0.16924935579299927,0.1346435546875,0.2,0.0126861185,-43.237624526023865,0.29510588198900223,0.0004092704424510632,1728,0.977468729019165,-2.2291568666666666,1223.0
1178,47,110,56320,-0.02459693918353878,-0.03910566866397858,-1.9889860153198242,0.22802734375,0.2,0.01458977,-43.217079520225525,0.00487646741385106,0.0004092704424510632,1744,0.9765839576721191,-2.2317116739130434,1223.0
1178,48,111,56832,-0.013609009634819813,0.042906228452920914,0.22164398431777954,0.103515625,0.2,0.01849256,-43.185524225234985,0.271620410727337,0.0004092704424510632,1760,0.9762308597564697,-2.2317116739130434,1223.0
1178,48,112,57344,-0.017916469361807685,-0.01838516630232334,-1.1136329174041748,0.1693115234375,0.2,0.011345077,-43.186667680740356,0.003920891562302131,0.0004092704424510632,1776,0.9764672517776489,-2.2317116739130434,1223.0
1178,49,113,57856,-0.016274407593300566,-0.02336575835943222,0.012786924839019775,0.1611328125,0.2,0.01196342,-43.185489654541016,0.0031270384715753607,0.0004092704424510632,1792,0.9763695597648621,-2.2294157659574463,1223.0
1178,49,114,58368,-0.01664636709028855,-0.004837019369006157,0.2805368900299072,0.1114501953125,0.2,0.015020402,-43.18020796775818,0.2600695291766897,0.0004092704424510632,1808,0.9760008454322815,-2.2294157659574463,1223.0
1177,49,115,58880,-0.020958696375600994,-0.025431137531995773,-2.7234034538269043,0.229248046875,0.2,0.019232307,-43.18429732322693,0.011059676049626432,0.0004092704424510632,1824,0.9770142436027527,-2.230265479166667,1223.0
1177,50,116,59392,-0.0113217912366963,0.009445201605558395,0.24557024240493774,0.066650390625,0.2,0.009348681,-43.21106171607971,0.2860845783725381,0.0004092704424510632,1840,0.9774128198623657,-2.230265479166667,1223.0
1177,50,117,59904,-0.027489268672070466,-0.045298609882593155,-0.7151973247528076,0.2579345703125,0.2,0.019094832,-43.2042932510376,0.003508308822347317,0.0004092704424510632,1856,0.9766379594802856,-2.230265479166667,1223.0
1177,51,118,60416,-0.0268239805882331,-0.028841935098171234,0.42246073484420776,0.256103515625,0.2,0.023777187,-43.19587779045105,0.005055200694187079,0.0004092704424510632,1872,0.9774148464202881,-2.228923530612245,1223.0
1177,51,119,60928,-0.016504695508047007,-0.00994654931128025,0.2842046618461609,0.1329345703125,0.2,0.025647953,-43.223493695259094,0.12149520253296942,0.0004092704424510632,1888,0.9775784611701965,-2.228923530612245,1223.0
1177,52,120,61440,-0.023219148744829,-0.03749452158808708,-6.536578178405762,0.22265625,0.2,0.021194763,-43.197763204574585,0.012218718853546306,0.0004092704424510632,1904,0.9759207367897034,-2.22870262,1223.0
1177,52,121,61952,-0.018424362846417353,0.008327919989824295,0.19433212280273438,0.1087646484375,0.2,0.015137648,-43.155723571777344,0.37575749692041427,0.0004092704424510632,1920,0.9754469990730286,-2.22870262,1223.0
1177,53,122,62464,-0.022034828958567232,-0.023466913029551506,-2.656106472015381,0.2196044921875,0.2,0.017098326,-43.144004583358765,0.010356141880038194,0.0004092704424510632,1936,0.9750748872756958,-2.227563862745098,1223.0
1177,53,123,62976,-0.011831195239210501,0.027166105806827545,0.36413121223449707,0.0394287109375,0.2,0.010680949,-43.1369366645813,0.3163541273679584,0.0004092704424510632,1952,0.9752854704856873,-2.227563862745098,1223.0
1177,53,124,63488,-0.027852997402078472,-0.04097846895456314,-0.6770333051681519,0.256103515625,0.2,0.017292885,-43.14484083652496,0.0033804618287831545,0.0004092704424510632,1968,0.9751802086830139,-2.227563862745098,1223.0
1177,54,125,64000,-0.03193326434120536,-0.04610369727015495,0.0392492413520813,0.2725830078125,0.2,0.018318664,-43.13222110271454,0.003258470864238916,0.0004092704424510632,1984,0.9748985171318054,-2.2288044807692304,1223.0
1177,54,126,64512,-0.013908281645854004,0.001546170562505722,0.08849036693572998,0.05810546875,0.2,0.0113113085,-43.129876375198364,0.4118079722393304,0.0004092704424510632,2000,0.9751352071762085,-2.2288044807692304,1223.0
1177,55,127,65024,-0.02223340581986122,-0.034380242228507996,-6.633991718292236,0.2310791015625,0.2,0.021254282,-43.12473022937775,0.017184762691613287,0.0004092704424510632,2016,0.9742392301559448,-2.2263992830188677,1223.0
1177,55,128,65536,-0.011002555926097557,0.04967902973294258,0.14526265859603882,0.072998046875,0.2,0.011327663,-43.102394819259644,0.38029442145489156,0.0004092704424510632,2032,0.9739494919776917,-2.2263992830188677,1223.0
1177,56,129,66048,-0.03341179979906883,-0.04989749938249588,-1.4962882995605469,0.27001953125,0.2,0.022157632,-43.05416417121887,0.012076671788236126,0.0004092704424510632,2048,0.9702939391136169,-2.2256092777777776,1223.0
1177,56,130,66560,-0.010227523132925853,0.06929829716682434,0.6250691413879395,0.03564453125,0.2,0.012467906,-42.953508615493774,0.32065723510459065,0.0004092704424510632,2064,0.9689743518829346,-2.2256092777777776,1223.0
1177,56,131,67072,-0.031311393657233566,-0.039410799741744995,-2.073596715927124,0.2547607421875,0.2,0.02093717,-42.907708406448364,0.006174594229378272,0.0004092704424510632,2080,0.966476321220398,-2.2256092777777776,1223.0
1177,57,132,67584,-0.023328164621489123,-0.024569332599639893,0.1305229663848877,0.227294921875,0.2,0.014325218,-42.83002257347107,0.003202398911525961,0.0004092704424510632,2096,0.9649826884269714,-2.223828854545454,1223.0
1177,57,133,68096,-0.00929945640382357,0.02359876036643982,0.4308217167854309,0.0345458984375,0.2,0.011187867,-42.80760037899017,0.26353975874371827,0.0004092704424510632,2112,0.9650416374206543,-2.223828854545454,1223.0
1177,58,134,68608,-0.02534160402137786,-0.031927142292261124,-3.314758777618408,0.2501220703125,0.2,0.020938557,-42.83118736743927,0.005035539536038414,0.0004092704424510632,2128,0.9663330912590027,-2.224684875,1223.0
1176,58,135,69120,-0.01029657015169505,0.028712429106235504,0.19646567106246948,0.051513671875,0.2,0.011007078,-42.8581440448761,0.4558668446261436,0.0004092704424510632,2144,0.9667816162109375,-2.224684875,1223.0
1176,59,136,69632,-0.025053594887140207,-0.03600184991955757,-0.45797276496887207,0.256591796875,0.2,0.02017789,-42.86160051822662,0.008463059857604094,0.0004092704424510632,2160,0.9669362306594849,-2.224684875,1223.0
1177,59,137,70144,-0.03041794839373324,-0.04353811591863632,0.28774768114089966,0.269287109375,0.2,0.017421898,-42.88416922092438,0.006020262386300601,0.0004092704424510632,2176,0.9681758284568787,-2.224641192982456,1223.0
1176,60,138,70656,-0.013413677792414092,0.0038332585245370865,0.5660549402236938,0.0611572265625,0.2,0.011469169,-42.91457974910736,0.2065828958293423,0.0004092704424510632,2192,0.9689320921897888,-2.224641192982456,1223.0
1176,60,139,71168,-0.02326721983263269,-0.0356118343770504,-7.762184143066406,0.2052001953125,0.2,0.0152946,-42.932928919792175,0.014199942306731828,0.0004092704424510632,2208,0.9693439602851868,-2.2237271034482755,1223.0
1176,60,140,71680,-0.00994656834518537,0.015725988894701004,0.13736331462860107,0.0439453125,0.2,0.009623798,-42.935799956321716,0.5092242185492069,0.0004092704424510632,2224,0.9690313935279846,-2.2237271034482755,1223.0
1176,61,141,72192,-0.028529378992971033,-0.04284968599677086,-2.5256764888763428,0.2698974609375,0.2,0.02271717,-42.93358540534973,0.005360234979889356,0.0004092704424510632,2240,0.969649612903595,-2.2212291694915254,1223.0
1177,61,142,72704,-0.008353892888408154,0.0805278867483139,0.44668257236480713,0.01611328125,0.2,0.006361032,-42.950393199920654,0.3656638879328966,0.0004092704424510632,2256,0.9700084924697876,-2.2212291694915254,1223.0
1176,62,143,73216,-0.026283695362508297,-0.03925829008221626,-0.3872990608215332,0.259521484375,0.2,0.01983292,-42.94468438625336,0.004594294128764886,0.0004092704424510632,2272,0.9692683815956116,-2.2212291694915254,1223.0
1176,62,144,73728,-0.02808692623511888,-0.03918183967471123,-0.1290290355682373,0.22509765625,0.2,0.01563079,-42.93156135082245,0.002811191679938929,0.0004092704424510632,2288,0.9697648882865906,-2.220255733333333,1223.0
1176,63,145,74240,-0.015328027177019976,0.0326695553958416,0.362734854221344,0.0560302734375,0.2,0.011587951,-42.94856822490692,0.4402482721488923,0.0004092704424510632,2304,0.9701981544494629,-2.220255733333333,1223.0
1176,63,146,74752,-0.018587224869406782,-0.03507615625858307,-4.215912818908691,0.2174072265625,0.2,0.025025528,-42.973249077796936,0.01816337446507532,0.0004092704424510632,2320,0.9718360900878906,-2.2198560327868853,1223.0
1176,63,147,75264,-0.010267438716255128,0.07084111869335175,0.2544453740119934,0.0433349609375,0.2,0.009548696,-43.02341890335083,0.5026561366394162,0.0004092704424510632,2336,0.9725651741027832,-2.2198560327868853,1223.0
3788,0,1,75776,-0.019063859544985462,-0.02427923120558262,0.18592429161071777,0.2109375,0.2,0.014501559,-43.028502345085144,0.02215875353431329,0.0004092704424510632,2352,0.9724337458610535,-2.2198560327868853,1223.0
1790,0,2,76288,-0.020246432970452588,0.03900168463587761,0.5770095586776733,0.177734375,0.2,0.020801313,-43.019869446754456,0.17208908055908978,0.0004092704424510632,2368,0.9721786975860596,-2.220062451612903,1223.0
1525,1,3,76800,-0.020001052151201293,-0.0061225686222314835,0.8847564458847046,0.1668701171875,0.2,0.02385804,-43.01845741271973,0.12395862268749624,0.0004092704424510632,2384,0.9723666906356812,-2.220062451612903,1223.0
1420,1,4,77312,-0.023968984110979363,-0.03657809644937515,-6.7888665199279785,0.2159423828125,0.2,0.016454075,-43.00065302848816,0.02780775527935475,0.0004092704424510632,2400,0.9705227613449097,-2.2177977936507935,1223.0
1357,1,5,77824,-0.011228815885260701,0.046298351138830185,0.2508203983306885,0.0537109375,0.2,0.011368166,-42.941086173057556,0.49918407923541963,0.0004092704424510632,2416,0.9696844220161438,-2.2177977936507935,1223.0
1322,2,6,78336,-0.026662126590963453,-0.030087774619460106,-1.9779269695281982,0.2491455078125,0.2,0.02096158,-42.92592465877533,0.006273757306189509,0.0004092704424510632,2432,0.9695616960525513,-2.2189165312499997,1223.0
1299,2,7,78848,-0.010449288707604865,0.16434705257415771,0.4248892664909363,0.05712890625,0.2,0.010420615,-42.92238008975983,0.39494558796286583,0.0004092704424510632,2448,0.9696612358093262,-2.2189165312499997,1223.0
1281,3,8,79360,-0.03261678286071401,-0.03557640314102173,-2.806351900100708,0.2857666015625,0.2,0.019278696,-42.914995193481445,0.006861100206151605,0.0004092704424510632,2464,0.9688883423805237,-2.2189165312499997,1223.0
1266,3,9,79872,-0.026913290639640763,-0.028145523741841316,0.005547165870666504,0.24169921875,0.2,0.018633943,-42.89608561992645,0.002641629755089525,0.0004092704424510632,2480,0.9693796634674072,-2.2158773999999997,1223.0
1255,4,10,80384,-0.017381717392709106,0.003983065485954285,0.3524813652038574,0.0787353515625,0.2,0.014200429,-42.92254590988159,0.39132989826612175,0.0004092704424510632,2496,0.9699656367301941,-2.2158773999999997,1223.0
1246,4,11,80896,-0.025772448410862125,-0.03976869583129883,-2.2888476848602295,0.2886962890625,0.2,0.022834739,-42.92138755321503,0.006191367749124765,0.0004092704424510632,2512,0.9695473909378052,-2.21446603030303,1223.0
1239,4,12,81408,-0.011805395435658284,0.022503584623336792,0.18414652347564697,0.04736328125,0.2,0.0111841,-42.91071057319641,0.4388230829499662,0.0004092704424510632,2528,0.969330906867981,-2.21446603030303,1223.0
1233,5,13,81920,-0.024906171776819974,-0.03865296021103859,-1.5401203632354736,0.2080078125,0.2,0.017005125,-42.899120926856995,0.006830910118878819,0.0004092704424510632,2544,0.9691591858863831,-2.21446603030303,1223.0
1229,5,14,82432,-0.01714541895489674,0.02606344223022461,0.5895226001739502,0.1524658203125,0.2,0.0154145425,-42.88396728038788,0.11881345137953758,0.0004092704424510632,2560,0.9686431884765625,-2.212058029850746,1223.0
1224,6,15,82944,-0.024117228080285713,-0.028868889436125755,0.885625422000885,0.280029296875,0.2,0.03262815,-42.880175828933716,0.05575114279054105,0.0004092704424510632,2576,0.9695419073104858,-2.212058029850746,1223.0
1220,6,16,83456,-0.024537443241570145,-0.03773030638694763,-7.745706558227539,0.25732421875,0.2,0.021338183,-42.90775430202484,0.012203070655232295,0.0004092704424510632,2592,0.9700722694396973,-2.2111175294117644,1223.0
1217,7,17,83968,-0.010219305273494683,0.01186978630721569,0.1637555956840515,0.0614013671875,0.2,0.012040854,-42.910640478134155,0.43116830568760633,0.0004092704424510632,2608,0.9699078798294067,-2.2111175294117644,1223.0
1214,7,18,84480,-0.025865320203593,-0.03298899158835411,-0.7158793210983276,0.245849609375,0.2,0.016836584,-42.90889835357666,0.001932569190103095,0.0004092704424510632,2624,0.9702179431915283,-2.2081513478260866,1223.0
1214,8,19,84992,-0.017073079507099465,0.03526092320680618,0.13028287887573242,0.0684814453125,0.2,0.010138951,-42.91844820976257,0.646897632163018,0.0004092704424510632,2640,0.9703806638717651,-2.2081513478260866,1223.0
1212,8,20,85504,-0.022037251736037433,-0.02819330431520939,-0.16380321979522705,0.2669677734375,0.2,0.016666941,-42.94488549232483,0.006385975328157656,0.0004092704424510632,2656,0.9724723696708679,-2.2081513478260866,1223.0
1209,8,21,86016,-0.025516590860206634,-0.042240798473358154,0.22010689973831177,0.260009765625,0.2,0.014792046,-43.0083863735199,0.007359831914072856,0.0004092704424510632,2672,0.9738075137138367,-2.2080754714285713,1223.0
1208,9,22,86528,-0.007552202965598553,0.04281347990036011,0.5879958271980286,0.0218505859375,0.2,0.008486797,-43.02744102478027,0.30602173367515206,0.0004092704424510632,2688,0.973917543888092,-2.2080754714285713,1223.0
1206,9,23,87040,-0.027419460893725045,-0.036540672183036804,-4.262240886688232,0.274658203125,0.2,0.018655378,-43.02905201911926,0.005359861403121613,0.0004092704424510632,2704,0.9744544625282288,-2.208723732394366,1223.0
1205,10,24,87552,-0.004914682751405053,0.12589965760707855,0.1872560977935791,0.016845703125,0.2,0.007530099,-43.03309750556946,0.4872604589909315,0.0004092704424510632,2720,0.9742810726165771,-2.208723732394366,1223.0
1201,10,25,88064,-0.026285300496965647,-0.025098036974668503,-0.7908813953399658,0.2799072265625,0.2,0.018231045,-42.997252225875854,0.006196604343131185,0.0004092704424510632,2736,0.9725720882415771,-2.2076081111111114,1223.0
1201,11,26,88576,-0.010285088181262836,0.05106280371546745,0.5569102764129639,0.0372314453125,0.2,0.013185036,-42.95929729938507,0.49308823700994253,0.0004092704424510632,2752,0.9722227454185486,-2.2076081111111114,1223.0
1200,11,27,89088,-0.026998135013855062,-0.03504228591918945,-2.0512328147888184,0.27294921875,0.2,0.019930359,-42.97083854675293,0.0037275491558830254,0.0004092704424510632,2768,0.9733564257621765,-2.2076081111111114,1223.0
1198,11,28,89600,-0.023402526814606972,-0.03115864098072052,0.21212297677993774,0.2333984375,0.2,0.01549801,-42.99633824825287,0.005325714620994404,0.0004092704424510632,2784,0.9733425378799438,-2.204377397260274,1223.0
1197,12,29,90112,-0.013993232700158842,0.08363925665616989,0.5931543707847595,0.0377197265625,0.2,0.010642437,-42.986167788505554,0.4243695572949946,0.0004092704424510632,2800,0.97309410572052,-2.204377397260274,1223.0
1197,12,30,90624,-0.02356124419020489,-0.03416556864976883,-4.553689956665039,0.26611328125,0.2,0.022185206,-42.97132420539856,0.00462262007931713,0.0004092704424510632,2816,0.9717761874198914,-2.203611824324325,1223.0
1196,13,31,91136,-0.008614975020464044,0.020728647708892822,0.23138129711151123,0.063720703125,0.2,0.0141558135,-42.92734909057617,0.48276244872249663,0.0004092704424510632,2832,0.9712336659431458,-2.203611824324325,1223.0
1195,13,32,91648,-0.031118329701712355,-0.04107463359832764,-0.8292701244354248,0.280029296875,0.2,0.019455886,-42.92239987850189,0.0024624543548270594,0.0004092704424510632,2848,0.9715180993080139,-2.203611824324325,1223.0
1194,14,33,92160,-0.02698386450356338,-0.0361185185611248,0.34398597478866577,0.2669677734375,0.2,0.01908105,-42.91861176490784,0.0051479726389516145,0.0004092704424510632,2864,0.9705227613449097,-2.2026062400000006,1223.0
1194,14,34,92672,-0.015497449174290523,0.02257039025425911,0.5412936806678772,0.0809326171875,0.2,0.013735907,-42.89311122894287,0.30426562670618296,0.0004092704424510632,2880,0.9700304865837097,-2.2026062400000006,1223.0
1194,15,35,93184,-0.02490060531999916,-0.029327552765607834,-6.916490077972412,0.24609375,0.2,0.01839593,-42.88337254524231,0.016307981626596302,0.0004092704424510632,2896,0.9698832035064697,-2.2001341315789475,1223.0
1193,15,36,93696,-0.006530451624712441,0.03811231255531311,0.17872631549835205,0.04248046875,0.2,0.009879414,-42.87277317047119,0.7807488481048495,0.0004092704424510632,2912,0.969824492931366,-2.2001341315789475,1223.0
1192,15,37,94208,-0.02430554199963808,-0.03382107615470886,-2.340505838394165,0.2530517578125,0.2,0.018181603,-42.855650186538696,0.003606197555200197,0.0004092704424510632,2928,0.9689787030220032,-2.19831651948052,1223.0
1192,16,38,94720,-0.01063187382533215,0.10135462135076523,0.40850675106048584,0.0242919921875,0.2,0.00997841,-42.83396768569946,0.7545622838661075,0.0004092704424510632,2944,0.9686679244041443,-2.19831651948052,1223.0
1191,16,39,95232,-0.02508916292572394,-0.029161805287003517,-0.9297343492507935,0.2340087890625,0.2,0.016256575,-42.7969434261322,0.004416331787069794,0.0004092704424510632,2960,0.9661203622817993,-2.19831651948052,1223.0
1191,17,40,95744,-0.030453718354692683,-0.032200317829847336,0.12772804498672485,0.2386474609375,0.2,0.018448073,-42.722824454307556,0.002381138012424344,0.0004092704424510632,2976,0.9642548561096191,-2.1973305641025647,1223.0
1190,17,41,96256,-0.004638992977561429,0.05183485522866249,0.36947405338287354,0.0106201171875,0.2,0.0055543953,-42.6950843334198,0.6218938247766346,0.0004092704424510632,2992,0.9639413356781006,-2.1973305641025647,1223.0
1190,18,42,96768,-0.03129023584187962,-0.05153767764568329,-4.323406219482422,0.2855224609375,0.2,0.028810997,-42.70075476169586,0.01972907761228271,0.0004092704424510632,3008,0.9645299315452576,-2.1976622151898737,1223.0
1189,18,43,97280,-0.0004428721440490335,0.06485581398010254,0.3249549865722656,0.0069580078125,0.2,0.003772229,-42.719175577163696,0.714944476261735,0.0004092704424510632,3024,0.964712917804718,-2.1976622151898737,1223.0
1189,18,44,97792,-0.030258044425863773,-0.0349930003285408,-0.011248469352722168,0.22412109375,0.2,0.015715003,-42.701687812805176,0.012251979555003345,0.0004092704424510632,3040,0.9634015560150146,-2.1976622151898737,1223.0
1188,19,45,98304,-0.01900913447025232,-0.004055136814713478,0.6111146211624146,0.1826171875,0.2,0.019974703,-42.65568518638611,0.07168148772325367,0.0004092704424510632,3056,0.9629532694816589,-2.1957522375,1223.0
1188,19,46,98816,-0.02005093841580674,-0.03259292244911194,0.813827633857727,0.1475830078125,0.2,0.028443767,-42.656152963638306,0.14995725400513038,0.0004092704424510632,3072,0.9632219076156616,-2.1957522375,1223.0
1188,20,47,99328,-0.021107245513121597,-0.03808720409870148,-6.363063335418701,0.24755859375,0.2,0.023369752,-42.66295909881592,0.02212866218178533,0.0004092704424510632,3088,0.9627563953399658,-2.1944602222222223,1223.0
1187,20,48,99840,-0.011310146066534799,0.08453970402479172,0.15827208757400513,0.0615234375,0.2,0.009935616,-42.64210796356201,0.7512562340125442,0.0004092704424510632,3104,0.9621950387954712,-2.1944602222222223,1223.0
1187,21,49,100352,-0.021630623945384286,-0.01780794747173786,-1.2402498722076416,0.2415771484375,0.2,0.01905809,-42.671860456466675,0.0041985053539974615,0.0004092704424510632,3120,0.9649851322174072,-2.1941861707317076,1223.0
1187,21,50,100864,-0.006278511820710264,0.10506080836057663,0.4969269037246704,0.0191650390625,0.2,0.007623896,-42.751614928245544,0.5439113695174456,0.0004092704424510632,3136,0.9660794138908386,-2.1941861707317076,1223.0
1187,21,51,101376,-0.021361702267313376,-0.020375005900859833,-0.3228546380996704,0.242919921875,0.2,0.019638974,-42.75136148929596,0.011122909549158067,0.0004092704424510632,3152,0.9655717015266418,-2.1941861707317076,1223.0
1186,22,52,101888,-0.027169815992238,-0.035068873316049576,0.08959513902664185,0.277587890625,0.2,0.02297113,-42.74849987030029,0.004065333130711224,0.0004092704424510632,3168,0.9657716155052185,-2.1944653734939763,1223.0
1186,22,53,102400,-0.005678544446709566,0.054599326103925705,0.47326844930648804,0.0321044921875,0.2,0.008359251,-42.76100957393646,0.5894772112369537,0.0004092704424510632,3184,0.9655853509902954,-2.1944653734939763,1223.0
1185,23,54,102912,-0.026318491145502776,-0.034545525908470154,-4.1981706619262695,0.30078125,0.2,0.027098503,-42.76359951496124,0.00797586476255674,0.0004092704424510632,3200,0.9662682414054871,-2.1935665,1223.0
1185,23,55,103424,-0.005933187741902657,0.10442180931568146,0.2022203803062439,0.025634765625,0.2,0.006765457,-42.7821569442749,0.822551237186417,0.0004092704424510632,3216,0.9666256904602051,-2.1935665,1223.0
1185,24,56,103936,-0.022816777491243556,-0.034278504550457,-0.22561287879943848,0.240478515625,0.2,0.01907928,-42.81510138511658,0.004436593524587806,0.0004092704424510632,3232,0.9687387943267822,-2.1935665,1223.0
1185,24,57,104448,-0.017132614884758368,0.04116316884756088,0.5664654970169067,0.1033935546875,0.2,0.017700166,-42.861706137657166,0.23845766158774495,0.0004092704424510632,3248,0.9687677621841431,-2.1926406470588238,1223.0
1184,25,58,104960,-0.023707622618530877,-0.02638997696340084,0.9335022568702698,0.3026123046875,0.2,0.026674226,-42.84001076221466,0.06238124787341803,0.0004092704424510632,3264,0.9679170250892639,-2.1926406470588238,1223.0
1184,25,59,105472,-0.027323269998305477,-0.03093085251748562,-7.265592575073242,0.278564453125,0.2,0.022010727,-42.82047712802887,0.01216792594641447,0.0004092704424510632,3280,0.9675788283348083,-2.1920217906976744,1223.0
1184,25,60,105984,-0.006839571229647845,0.08948703855276108,0.1752321720123291,0.01708984375,0.2,0.00587356,-42.81213092803955,0.8978263852186501,0.0004092704424510632,3296,0.967362642288208,-2.1920217906976744,1223.0
1184,26,61,106496,-0.02561840828275308,-0.035687003284692764,-0.6375651359558105,0.22802734375,0.2,0.016934875,-42.80515253543854,0.003959788889915217,0.0004092704424510632,3312,0.9671490788459778,-2.1910250344827586,1223.0
1183,26,62,107008,-0.0068880735780112445,0.06826178729534149,0.48355787992477417,0.0283203125,0.2,0.0075071272,-42.799769282341,0.5783413336612284,0.0004092704424510632,3328,0.9670360684394836,-2.1910250344827586,1223.0
1183,27,63,107520,-0.02615088110906072,-0.024216650053858757,-0.21294152736663818,0.23193359375,0.2,0.015895804,-42.79631948471069,0.005732577745220624,0.0004092704424510632,3344,0.9670982956886292,-2.1910250344827586,1223.0
1183,27,64,108032,-0.02392574309487827,-0.03643260523676872,0.11277002096176147,0.238525390625,0.2,0.016030475,-42.78518795967102,0.0026145486153836828,0.0004092704424510632,3360,0.9662162661552429,-2.1896836363636365,1223.0
1182,28,65,108544,-0.011775639977713581,0.13122665882110596,0.18420201539993286,0.050537109375,0.2,0.011527644,-42.76296508312225,0.9279975388199091,0.0004092704424510632,3376,0.9660558104515076,-2.1896836363636365,1223.0
1182,28,66,109056,-0.026019438519142568,-0.034530092030763626,-2.21042799949646,0.24658203125,0.2,0.022911016,-42.81383514404297,0.002886964561184868,0.0004092704424510632,3392,0.9702451229095459,-2.1884657191011234,1223.0
1182,29,67,109568,-0.006436647367081605,0.06862981617450714,0.36930882930755615,0.02490234375,0.2,0.006050161,-42.920732736587524,0.8594995569437742,0.0004092704424510632,3408,0.9716977477073669,-2.1884657191011234,1223.0
1181,29,68,110080,-0.024418259868980385,-0.029421718791127205,-0.7001960277557373,0.232666015625,0.2,0.016410533,-42.920809626579285,0.00773947240668349,0.0004092704424510632,3424,0.9705554246902466,-2.1875382333333335,1223.0
1181,29,69,110592,-0.006549557958351215,0.13610534369945526,0.549888014793396,0.0146484375,0.2,0.005446296,-42.881351351737976,0.6208293964155018,0.0004092704424510632,3440,0.9700039029121399,-2.1875382333333335,1223.0
1181,30,70,111104,-0.02619769418379292,-0.042850758880376816,-0.7103575468063354,0.2593994140625,0.2,0.016479898,-42.88872826099396,0.004513509156822693,0.0004092704424510632,3456,0.9713183045387268,-2.1875382333333335,1223.0
1180,30,71,111616,-0.019919778540497646,-0.01949121430516243,0.15382206439971924,0.2039794921875,0.2,0.012833906,-42.951388120651245,0.0036821783942286856,0.0004092704424510632,3472,0.9737840294837952,-2.186689142857143,1223.0
1179,31,72,112128,-0.008212457003537565,0.04850104823708534,0.5240578055381775,0.029296875,0.2,0.009208174,-43.01034069061279,0.4632080290466547,0.0004092704424510632,3488,0.9746105074882507,-2.186689142857143,1223.0
1179,31,73,112640,-0.027515176858287305,-0.030931182205677032,-4.60107421875,0.312744140625,0.2,0.036189646,-43.00435817241669,0.0059657585370587185,0.0004092704424510632,3504,0.973972737789154,-2.186959739130435,1223.0
1179,32,74,113152,-0.008593840204412118,0.06987081468105316,0.23624122142791748,0.0406494140625,0.2,0.010985915,-42.9879674911499,0.6779064848087728,0.0004092704424510632,3520,0.9737781882286072,-2.186959739130435,1223.0
1179,32,75,113664,-0.024287542852107435,-0.04091499373316765,-0.4130697250366211,0.2467041015625,0.2,0.016064895,-43.00497496128082,0.0030089080064499285,0.0004092704424510632,3536,0.9755942225456238,-2.186959739130435,1223.0
1179,32,76,114176,-0.03011461769347079,-0.04025178402662277,0.5182374119758606,0.2662353515625,0.2,0.020719867,-43.074081897735596,0.011363872035872191,0.0004092704424510632,3552,0.9775594472885132,-2.1877785591397854,1223.0
1179,33,77,114688,-0.006998123968514847,0.047538984566926956,0.6668804883956909,0.0364990234375,0.2,0.010737976,-43.11505472660065,0.3744105859659612,0.0004092704424510632,3568,0.9784094095230103,-2.1877785591397854,1223.0
1179,33,78,115200,-0.023720058423350565,-0.03649258241057396,-8.370155334472656,0.2442626953125,0.2,0.017025754,-43.10810160636902,0.007365500183368567,0.0004092704424510632,3584,0.9765798449516296,-2.190048340425532,1223.0
1179,34,79,115712,-0.005809559836052358,0.0634327307343483,0.11184543371200562,0.0120849609375,0.2,0.005681713,-43.0589314699173,0.9964469319675118,0.0004092704424510632,3600,0.9760878682136536,-2.190048340425532,1223.0
1179,34,80,116224,-0.022250863432418555,-0.027076536789536476,-2.394629955291748,0.2296142578125,0.2,0.017033,-43.06192171573639,0.0025483573554083705,0.0004092704424510632,3616,0.9762542247772217,-2.1895310842105267,1223.0
1179,35,81,116736,-0.006200156538398005,0.18468280136585236,0.39638710021972656,0.010498046875,0.2,0.005463289,-43.06939446926117,1.0471591935493052,0.0004092704424510632,3632,0.9764332175254822,-2.1895310842105267,1223.0
1179,35,82,117248,-0.026963815515046008,-0.047330573201179504,-0.8685876131057739,0.248291015625,0.2,0.021253724,-43.09550631046295,0.006391969393007457,0.0004092704424510632,3648,0.9785687923431396,-2.1895310842105267,1223.0
1179,36,83,117760,-0.028230551426531747,-0.04230046644806862,0.06278353929519653,0.2325439453125,0.2,0.016409503,-43.158530592918396,0.002948224217107054,0.0004092704424510632,3664,0.9799008369445801,-2.1891050520833333,1223.0
1178,36,84,118272,-0.0048756095638964325,0.07800176739692688,0.3567981719970703,0.0294189453125,0.2,0.0063746567,-43.171472668647766,0.85412477562204,0.0004092704424510632,3680,0.9799175262451172,-2.1891050520833333,1223.0
1178,36,85,118784,-0.026137963388464414,-0.02122185379266739,-2.594545841217041,0.26806640625,0.2,0.03301651,-43.16707992553711,0.02026067877886817,0.0004092704424510632,3696,0.9797259569168091,-2.1876707422680415,1223.0
1178,37,86,119296,-0.007878070478909649,0.0941513329744339,0.3985287547111511,0.057373046875,0.2,0.009968888,-43.16539824008942,0.943547606933862,0.0004092704424510632,3712,0.979561448097229,-2.1876707422680415,1223.0
1178,37,87,119808,-0.019564989983337,-0.027264930307865143,-0.040407657623291016,0.1900634765625,0.2,0.011054074,-43.16006803512573,0.007830817179637961,0.0004092704424510632,3728,0.9796510934829712,-2.1876707422680415,1223.0
1178,38,88,120320,-0.0165964832121972,0.012519530951976776,0.6132198572158813,0.1663818359375,0.2,0.018292695,-43.14025831222534,0.10572702856734395,0.0004092704424510632,3744,0.9783378839492798,-2.187592979591837,1223.0
1178,38,89,120832,-0.016126295566209592,-0.006543489173054695,0.8838204741477966,0.12109375,0.2,0.022117678,-43.10745310783386,0.1470213949214667,0.0004092704424510632,3760,0.977719247341156,-2.187592979591837,1223.0
1177,39,90,121344,-0.018811157788150012,-0.008509044535458088,-9.061660766601562,0.2071533203125,0.2,0.020077543,-43.09641981124878,0.05715648038312793,0.0004092704424510632,3776,0.9773239493370056,-2.1862746464646463,1223.0
1177,39,91,121856,-0.008127420296659693,0.05817453935742378,0.13200879096984863,0.0157470703125,0.2,0.0060482845,-43.091421604156494,1.254720457829535,0.0004092704424510632,3792,0.9772899746894836,-2.1862746464646463,1223.0
1177,39,92,122368,-0.025470527085417416,-0.03384142369031906,-1.7366416454315186,0.276611328125,0.2,0.02486458,-43.086296796798706,0.004476455953408731,0.0004092704424510632,3808,0.9766665697097778,-2.1850235000000002,1223.0
1177,40,93,122880,-0.012123277912905905,0.06815897673368454,0.5485092401504517,0.0687255859375,0.2,0.011278507,-43.06849992275238,0.6249556075781584,0.0004092704424510632,3824,0.9763164520263672,-2.1850235000000002,1223.0
1177,40,94,123392,-0.020775125740328804,-0.022706612944602966,-1.046072244644165,0.2095947265625,0.2,0.01410211,-43.079684019088745,0.004144286613154691,0.0004092704424510632,3840,0.9777734875679016,-2.1850235000000002,1223.0
1177,41,95,123904,-0.030269543785834685,-0.026675783097743988,0.18193256855010986,0.3232421875,0.2,0.025905477,-43.12243032455444,0.004436323273694143,0.0004092704424510632,3856,0.9790747165679932,-2.1820397,1223.0
1177,41,96,124416,-0.0016552437737118453,0.06175606697797775,0.5390888452529907,0.0020751953125,0.2,0.002937702,-43.15648710727692,0.5857691317796707,0.0004092704424510632,3872,0.9794033169746399,-2.1820397,1223.0
1177,42,97,124928,-0.018297628121217713,-0.03497278690338135,-4.557291507720947,0.2100830078125,0.2,0.01674088,-43.15521216392517,0.00859780638711527,0.0004092704424510632,3888,0.9791448712348938,-2.1816585799999997,1223.0
1177,42,98,125440,-0.0065753542294260114,0.09488023817539215,0.3260435461997986,0.0506591796875,0.2,0.007462426,-43.14623999595642,0.9759628647007048,0.0004092704424510632,3904,0.9791827201843262,-2.1816585799999997,1223.0
1177,43,99,125952,-0.0274389851547312,-0.03232260420918465,0.02284795045852661,0.255126953125,0.2,0.022585966,-43.13207542896271,0.011943030724069104,0.0004092704424510632,3920,0.9778494834899902,-2.1816585799999997,1223.0
1176,43,100,126464,-0.018826306331902742,0.09407296031713486,0.6594785451889038,0.1363525390625,0.2,0.019150954,-43.096524596214294,0.35133520467206836,0.0004092704424510632,3936,0.9774693250656128,-2.18093715,1223.0
1176,43,101,126976,-0.017839962703874335,-0.02085079811513424,0.9426209330558777,0.2427978515625,0.2,0.029177845,-43.07501995563507,0.06345241432427429,0.0004092704424510632,3952,0.9760192036628723,-2.18093715,1223.0
1176,44,102,127488,-0.027705854212399572,-0.03296004608273506,-2.5309901237487793,0.24267578125,0.2,0.017240588,-43.028603076934814,0.018849996966309845,0.0004092704424510632,3968,0.974999725818634,-2.1771443600000002,1223.0
1176,44,103,128000,-0.00595109482674161,0.06207474321126938,0.4206669330596924,0.0164794921875,0.2,0.0060531544,-43.028119921684265,1.131294366903603,0.0004092704424510632,3984,0.9751254916191101,-2.1771443600000002,1223.0
1176,45,104,128512,-0.028377819806337357,-0.034083858132362366,-1.5238285064697266,0.263916015625,0.2,0.021871846,-43.000861287117004,0.008761635799601208,0.0004092704424510632,4000,0.9727442860603333,-2.17516816,1223.0
1176,45,105,129024,-0.004440838303708006,0.09164951741695404,0.49610286951065063,0.0234375,0.2,0.008208747,-42.93017220497131,0.7451291251927614,0.0004092704424510632,4016,0.9718614816665649,-2.17516816,1223.0
1176,46,106,129536,-0.024496366560924798,-0.037868961691856384,-0.47365903854370117,0.2239990234375,0.2,0.015973397,-42.9126877784729,0.002848785930837039,0.0004092704424510632,4032,0.9717325568199158,-2.17516816,1223.0
1176,46,107,130048,-0.03210717183537781,-0.04432561993598938,0.15361130237579346,0.2940673828125,0.2,0.021932516,-42.90792751312256,0.001929692200064892,0.0004092704424510632,4048,0.97174471616745,-2.17132391,1223.0
1176,46,108,130560,-0.0037406890696729533,0.05477190017700195,0.20418381690979004,0.0357666015625,0.2,0.005581151,-42.91274654865265,1.2434703200124204,0.0004092704424510632,4064,0.9718244075775146,-2.17132391,1223.0
1176,47,109,131072,-0.026091327919857576,-0.03172149881720543,-5.38608980178833,0.2728271484375,0.2,0.025438178,-42.91587686538696,0.008050497468502726,0.0004092704424510632,4080,0.9719855785369873,-2.16928917,1223.0
1176,47,110,131584,-0.003349935905134771,0.10180966556072235,0.30845212936401367,0.037841796875,0.2,0.005286121,-42.92306363582611,0.8219429105520248,0.0004092704424510632,4096,0.9721165895462036,-2.16928917,1223.0
1176,48,111,132096,-0.027282470487989485,-0.026594040915369987,-0.0844569206237793,0.2542724609375,0.2,0.015404397,-42.90448725223541,0.00289818365854444,0.0004092704424510632,4112,0.9706845283508301,-2.1658656199999995,1223.0
1176,48,112,132608,-0.003241738479118794,0.2378683090209961,0.6659698486328125,0.010986328125,0.2,0.0055688536,-42.862104296684265,0.9938369886949658,0.0004092704424510632,4128,0.9701293706893921,-2.1658656199999995,1223.0
1176,49,113,133120,-0.028061161778168753,-0.0285699050873518,-2.033576726913452,0.2547607421875,0.2,0.017097041,-42.86547088623047,0.0036563304165611044,0.0004092704424510632,4144,0.9707383513450623,-2.1658656199999995,1223.0
1176,49,114,133632,-0.029343869595322758,-0.043906401842832565,0.13198482990264893,0.243896484375,0.2,0.019440379,-42.87989938259125,0.002587124901765492,0.0004092704424510632,4160,0.9707531332969666,-2.16475962,1223.0
1176,50,115,134144,-0.003321703086839989,0.07697346806526184,0.34376585483551025,0.006591796875,0.2,0.003957887,-42.88507282733917,1.0191778196021914,0.0004092704424510632,4176,0.9709112048149109,-2.16475962,1223.0
1176,50,116,134656,-0.026607191291986965,-0.03564221411943436,-4.370419502258301,0.281005859375,0.2,0.027679713,-42.88779580593109,0.009222478562151082,0.0004092704424510632,4192,0.9705856442451477,-2.16138538,1223.0
1176,50,117,135168,-0.0038837102620163932,0.07398028671741486,0.3375556468963623,0.0037841796875,0.2,0.0031027375,-42.878583669662476,1.0556183061562479,0.0004092704424510632,4208,0.9702688455581665,-2.16138538,1223.0
1176,51,118,135680,-0.025397533987415954,-0.03550463914871216,-0.7561850547790527,0.202880859375,0.2,0.013845324,-42.873509764671326,0.006816797969804611,0.0004092704424510632,4224,0.9703361988067627,-2.16138538,1223.0
1176,51,119,136192,-0.030648722589830868,-0.04148276522755623,0.5504400134086609,0.29736328125,0.2,0.02195375,-42.87030100822449,0.006840965070296079,0.0004092704424510632,4240,0.9687389135360718,-2.16083087,1223.0
1176,52,120,136704,-0.014594784646760672,0.030734140425920486,0.6002492904663086,0.0689697265625,0.2,0.01269302,-42.81059753894806,0.43264449713751674,0.0004092704424510632,4256,0.9676129817962646,-2.16083087,1223.0
1176,52,121,137216,-0.019498824622132815,-0.023199614137411118,-8.595664978027344,0.186767578125,0.2,0.016006244,-42.783382415771484,0.016391772966017015,0.0004092704424510632,4272,0.9668508768081665,-2.15800713,1223.0
1176,53,122,137728,-0.0024686945107532665,0.09546113014221191,0.2551161050796509,0.0025634765625,0.2,0.0029097982,-42.76248395442963,1.5271811289712787,0.0004092704424510632,4288,0.9667112231254578,-2.15800713,1223.0
1176,53,123,138240,-0.029202959754911717,-0.02985772304236889,-1.344480037689209,0.2801513671875,0.2,0.021865249,-42.754103660583496,0.00527011975646019,0.0004092704424510632,4304,0.9659932851791382,-2.15646362,1223.0
1176,53,124,138752,-0.0004523351017269306,0.14520037174224854,0.4869803786277771,0.0032958984375,0.2,0.0030364548,-42.730401396751404,1.1392730325460434,0.0004092704424510632,4320,0.9656255841255188,-2.15646362,1223.0
1176,54,125,139264,-0.03147416817955673,-0.03956526890397072,-0.6539613008499146,0.276123046875,0.2,0.02193885,-42.73254680633545,0.0036334173928480595,0.0004092704424510632,4336,0.9662916660308838,-2.15646362,1223.0
1176,54,126,139776,-0.029837001784471795,-0.04236477613449097,-0.20548391342163086,0.2833251953125,0.2,0.018331932,-42.73034489154816,0.003158822339173639,0.0004092704424510632,4352,0.9651079773902893,-2.1570328,1223.0
1176,55,127,140288,-0.003380839916644618,0.07970470190048218,0.4384618401527405,0.0047607421875,0.2,0.0041765133,-42.69028425216675,1.0576634109020233,0.0004092704424510632,4368,0.9645904898643494,-2.1570328,1223.0
1176,55,128,140800,-0.023871913057519123,-0.02676399052143097,-3.739872932434082,0.2489013671875,0.2,0.029995643,-42.69322896003723,0.015499525892664678,0.0004092704424510632,4384,0.9649950861930847,-2.1569599099999994,1223.0
1176,56,129,141312,-0.010347836287110113,0.053184326738119125,0.3510335087776184,0.031982421875,0.2,0.010372291,-42.715198397636414,1.0076435478404164,0.0004092704424510632,4400,0.9653627872467041,-2.1569599099999994,1223.0
1176,56,130,141824,-0.02637752192094922,-0.04462355747818947,-0.9081330299377441,0.254150390625,0.2,0.019231275,-42.729734897613525,0.00397326065285597,0.0004092704424510632,4416,0.9657608866691589,-2.1569599099999994,1223.0
1176,57,131,142336,-0.017679324897471815,-0.005702640861272812,0.5661727786064148,0.1644287109375,0.2,0.019984206,-42.73612177371979,0.07615997828543186,0.0004092704424510632,4432,0.9661635160446167,-2.15644337,1223.0
1176,57,132,142848,-0.016185408443561755,-0.013606542721390724,0.7838971018791199,0.0853271484375,0.2,0.018223211,-42.744086503982544,0.2539942298317328,0.0004092704424510632,4448,0.9662622213363647,-2.15644337,1223.0
1176,57,133,143360,-0.030160064532537945,-0.02960195392370224,-2.7713615894317627,0.3076171875,0.2,0.028289594,-42.733131408691406,0.024524617299903184,0.0004092704424510632,4464,0.965493381023407,-2.15640372,1223.0
1176,58,134,143872,-0.008924392750486732,0.0658908486366272,0.4474005699157715,0.0362548828125,0.2,0.00902527,-42.71310591697693,0.7671128250658512,0.0004092704424510632,4480,0.965492844581604,-2.15640372,1223.0
1175,58,135,144384,-0.03372191000380553,-0.03236919268965721,-1.9449057579040527,0.278564453125,0.2,0.01955191,-42.6877863407135,0.00406070081226062,0.0004092704424510632,4496,0.9634080529212952,-2.15522642,1223.0
1175,59,136,144896,-0.005373650375986472,0.08888794481754303,0.5602792501449585,0.048828125,0.2,0.007455588,-42.63118493556976,0.6835716678760946,0.0004092704424510632,4512,0.9627929925918579,-2.15522642,1223.0
1175,59,137,145408,-0.027084042609203607,-0.029052700847387314,-2.1688780784606934,0.254150390625,0.2,0.019146832,-42.624719977378845,0.0034097735697287135,0.0004092704424510632,4528,0.9629414081573486,-2.15522642,1223.0
1175,60,138,145920,-0.02650404539599549,-0.03136491775512695,0.14432883262634277,0.2735595703125,0.2,0.02242226,-42.599148988723755,0.0029154848962207325,0.0004092704424510632,4544,0.9610556960105896,-2.15183263,1223.0
1175,60,139,146432,-0.006147727734060027,0.10528546571731567,0.4822535514831543,0.0045166015625,0.2,0.004635093,-42.543015122413635,1.011107205413282,0.0004092704424510632,4560,0.9603603482246399,-2.15183263,1223.0
1175,60,140,146944,-0.02398296262254007,-0.033885709941387177,-3.254396915435791,0.2576904296875,0.2,0.022937244,-42.496978878974915,0.0051322301078471355,0.0004092704424510632,4576,0.9574413895606995,-2.15365156,1223.0
1175,61,141,147456,-0.0034708550228970125,0.12436641752719879,0.4251638650894165,0.0052490234375,0.2,0.0039728843,-42.421143770217896,1.2616245956160128,0.0004092704424510632,4592,0.9566561579704285,-2.15365156,1223.0
1175,61,142,147968,-0.028522902342956513,-0.04303249716758728,-0.08350610733032227,0.261962890625,0.2,0.020367688,-42.394731521606445,0.010158417484490201,0.0004092704424510632,4608,0.9551216959953308,-2.15365156,1223.0
1175,62,143,148480,-0.007986194279510528,0.17132511734962463,0.6452121734619141,0.0260009765625,0.2,0.0071338937,-42.3542138338089,0.52764524333179,0.0004092704424510632,4624,0.9547545909881592,-2.15311361,1223.0
1175,62,144,148992,-0.02820294417324476,-0.02966129407286644,0.9709756970405579,0.2906494140625,0.2,0.03732433,-42.3571492433548,0.03977270670293365,0.0004092704424510632,4640,0.9551669955253601,-2.15311361,1223.0
1175,63,145,149504,-0.026867697088164277,-0.022556619718670845,-0.3218501806259155,0.2840576171875,0.2,0.024054658,-42.36093986034393,0.029924371163360775,0.0004092704424510632,4656,0.9547446370124817,-2.14977104,1223.0
1174,63,146,150016,-0.0021216182358330116,0.1872408241033554,0.7532318830490112,0.0062255859375,0.2,0.0033450157,-42.352203369140625,0.983115928247571,0.0004092704424510632,4672,0.954696774482727,-2.14977104,1223.0
1174,64,147,150528,-0.02407397239585407,-0.011369720101356506,-0.10468626022338867,0.2296142578125,0.2,0.022616532,-42.36151909828186,0.07797924289479852,0.0004092704424510632,4688,0.9556533694267273,-2.14997459,1223.0
3785,0,1,151040,-0.003352325511514209,0.8540448546409607,0.8331051468849182,0.0040283203125,0.2,0.0034937658,-42.38520431518555,2.2783544678241014,0.0004092704424510632,4704,0.9561428427696228,-2.14997459,1223.0
1759,0,2,151552,-0.02667807135730982,-0.010124260559678078,-0.8813760280609131,0.288330078125,0.2,0.022529602,-42.40547585487366,0.03640945244114846,0.0004092704424510632,4720,0.9575339555740356,-2.14997459,1223.0
1504,1,3,152064,-0.029772682377370074,-0.03194231912493706,0.3796432614326477,0.26611328125,0.2,0.020339318,-42.43440663814545,0.004781651754456107,0.0004092704424510632,4736,0.957422137260437,-2.14874009,1223.0
1399,1,4,152576,-0.0024242439831141382,0.05811213701963425,0.5694745779037476,0.0211181640625,0.2,0.005355948,-42.42843222618103,0.7431359481997788,0.0004092704424510632,4752,0.9573126435279846,-2.14874009,1223.0
1349,1,5,153088,-0.022855489114590455,-0.03492134064435959,-4.386608123779297,0.265625,0.2,0.02119053,-42.4421249628067,0.0054919744725339115,0.0004092704424510632,4768,0.9584609270095825,-2.14816917,1223.0
1313,2,6,153600,-0.003833210554148536,0.1222585141658783,0.33739370107650757,0.0201416015625,0.2,0.0058409423,-42.48360824584961,1.252063665073365,0.0004092704424510632,4784,0.9591032266616821,-2.14816917,1223.0
1290,2,7,154112,-0.027497041126480326,-0.02996322140097618,-0.3400554656982422,0.2567138671875,0.2,0.016747449,-42.47865283489227,0.003019278658030089,0.0004092704424510632,4800,0.9584066271781921,-2.14666476,1223.0
1272,3,8,154624,-0.005731166347686667,0.3140258491039276,0.6897252202033997,0.0205078125,0.2,0.0057143345,-42.45866620540619,0.8320741290226579,0.0004092704424510632,4816,0.958261251449585,-2.14666476,1223.0
1260,3,9,155136,-0.023248616489581764,-0.030800456181168556,-0.5584386587142944,0.2332763671875,0.2,0.015956635,-42.42977261543274,0.002936718741693767,0.0004092704424510632,4832,0.9563396573066711,-2.14666476,1223.0
1250,4,10,155648,-0.021742001103120856,-0.028998399153351784,0.17303669452667236,0.2332763671875,0.2,0.016264733,-42.39851713180542,0.0026939885137835518,0.0004092704424510632,4848,0.9573942422866821,-2.14492609,1223.0
1241,4,11,156160,-0.005064140153990593,0.17521870136260986,0.5607901811599731,0.0164794921875,0.2,0.008290854,-42.43760859966278,0.9323180932551622,0.0004092704424510632,4864,0.9579386115074158,-2.14492609,1223.0
1234,4,12,156672,-0.026539064303506166,-0.035463906824588776,-4.133662700653076,0.259521484375,0.2,0.0243388,-42.444146037101746,0.007142381131416187,0.0004092704424510632,4880,0.9580950736999512,-2.14426186,1223.0
1228,5,13,157184,-0.004898968341876753,0.09667623788118362,0.3797570466995239,0.018798828125,0.2,0.0059361914,-42.45341455936432,1.2767177228815854,0.0004092704424510632,4896,0.9583626389503479,-2.14426186,1223.0
1224,5,14,157696,-0.027837530651595443,-0.03959669545292854,-1.2426095008850098,0.2626953125,0.2,0.019138562,-42.4883998632431,0.002930994247435592,0.0004092704424510632,4912,0.9608973860740662,-2.14426186,1223.0
1219,6,15,158208,-0.026856884156586602,-0.026310890913009644,0.5932093858718872,0.26806640625,0.2,0.019676792,-42.56992590427399,0.02031587765668519,0.0004092704424510632,4928,0.9631096124649048,-2.1435943199999996,1223.0
1215,6,16,158720,-0.011660074756946415,0.031221000477671623,0.7009785175323486,0.0250244140625,0.2,0.0072750943,-42.615543723106384,0.4524417200591415,0.0004092704424510632,4944,0.9636710286140442,-2.1435943199999996,1223.0
1213,7,17,159232,-0.028690972918411717,-0.04461739957332611,-9.842080116271973,0.2911376953125,0.2,0.022336314,-42.61923158168793,0.0041537650868122,0.0004092704424510632,4960,0.9636183381080627,-2.1415724799999993,1223.0
1209,7,18,159744,-0.003631912768469192,0.08845670521259308,0.16168606281280518,0.0079345703125,0.2,0.0032821659,-42.61958873271942,1.7818501605652273,0.0004092704424510632,4976,0.9637393355369568,-2.1415724799999993,1223.0
1207,8,19,160256,-0.029831155159627087,-0.040439534932374954,-0.7258288860321045,0.283935546875,0.2,0.019678991,-42.61219274997711,0.00477164625772275,0.0004092704424510632,4992,0.9630700349807739,-2.1415119899999997,1223.0
1205,8,20,160768,-0.004117169170058332,0.11223489046096802,0.45468831062316895,0.0047607421875,0.2,0.0035683196,-42.588125586509705,1.4627090189605951,0.0004092704424510632,5008,0.9628053903579712,-2.1415119899999997,1223.0
1203,8,21,161280,-0.028830969240516424,-0.03692888468503952,-1.317293643951416,0.2528076171875,0.2,0.021688756,-42.59055292606354,0.005971863189188298,0.0004092704424510632,5024,0.963257908821106,-2.1415119899999997,1223.0
1201,9,22,161792,-0.020722874527564272,-0.024460626766085625,0.1316959261894226,0.2000732421875,0.2,0.014131619,-42.615843772888184,0.0028961419993720483,0.0004092704424510632,5040,0.9643537998199463,-2.13883905,1223.0
1200,9,23,162304,-0.0072529119497630745,0.07088740170001984,0.45256245136260986,0.01953125,0.2,0.006771159,-42.636075496673584,1.1325042746029794,0.0004092704424510632,5056,0.9647334218025208,-2.13883905,1223.0
1198,10,24,162816,-0.02499094494851306,-0.047881826758384705,-3.452709197998047,0.2681884765625,0.2,0.019073421,-42.63336777687073,0.0055776408553356305,0.0004092704424510632,5072,0.9639341831207275,-2.1347905700000003,1223.0
1196,10,25,163328,-0.0012651153228944167,0.22584424912929535,0.433509886264801,0.035400390625,0.2,0.005195001,-42.624481081962585,1.3820596649311483,0.0004092704424510632,5088,0.9637429714202881,-2.1347905700000003,1223.0
1194,11,26,163840,-0.024584513739682734,-0.04143399000167847,-1.6268279552459717,0.2421875,0.2,0.022378985,-42.62341094017029,0.005697567466995679,0.0004092704424510632,5104,0.9635209441184998,-2.1347905700000003,1223.0
1194,11,27,164352,-0.028756852843798697,-0.008618269115686417,0.64784175157547,0.270263671875,0.2,0.017766409,-42.62398290634155,0.05807236721739173,0.0004092704424510632,5120,0.9637207984924316,-2.1335254,1223.0
1193,12,28,164864,-0.016976033977698535,0.007658503949642181,0.7302585244178772,0.106689453125,0.2,0.021576086,-42.62513482570648,0.25542538810987025,0.0004092704424510632,5136,0.9637159705162048,-2.1335254,1223.0
1192,12,29,165376,-0.025937185564544052,-0.026883820071816444,-6.36866569519043,0.243408203125,0.2,0.019347413,-42.63210368156433,0.030781014706008136,0.0004092704424510632,5152,0.9644899964332581,-2.13324865,1223.0
1191,12,30,165888,-0.003929514467017725,0.25103819370269775,0.39515239000320435,0.0157470703125,0.2,0.0049782684,-42.65157508850098,1.3857890218496323,0.0004092704424510632,5168,0.9647408127784729,-2.13324865,1223.0
1189,13,31,166400,-0.02760035847313702,-0.03356238827109337,-3.4996066093444824,0.25439453125,0.2,0.016999401,-42.63271224498749,0.004090261518285843,0.0004092704424510632,5184,0.9634615182876587,-2.13313016,1223.0
1189,13,32,166912,-0.004083750405698083,0.18671326339244843,0.5747554302215576,0.0040283203125,0.2,0.004348214,-42.59306240081787,0.9533004439435899,0.0004092704424510632,5200,0.9630566239356995,-2.13313016,1223.0
1188,14,33,167424,-0.028170439356472343,-0.037792496383190155,-0.5000729560852051,0.24072265625,0.2,0.017319579,-42.54775249958038,0.003010885979165323,0.0004092704424510632,5216,0.9599974751472473,-2.13313016,1223.0
1187,14,34,167936,-0.024734155042096972,-0.029028823599219322,0.3274075984954834,0.251220703125,0.2,0.018044718,-42.48099195957184,0.002836179548467044,0.0004092704424510632,5232,0.9599682092666626,-2.13361703,1223.0
1186,15,35,168448,-0.006748923828126863,0.05210036784410477,0.5565906167030334,0.0318603515625,0.2,0.010161448,-42.490564942359924,0.6807423266582191,0.0004092704424510632,5248,0.9602447152137756,-2.13361703,1223.0
1186,15,36,168960,-0.02801700256532058,-0.03791229799389839,-4.737809658050537,0.26123046875,0.2,0.018421859,-42.50805974006653,0.006273908853472676,0.0004092704424510632,5264,0.9612432718276978,-2.1320533900000003,1223.0
1185,15,37,169472,0.0016046881210058928,0.13249336183071136,0.3869205117225647,0.005126953125,0.2,0.0018976895,-42.532549262046814,1.2997980443760753,0.0004092704424510632,5280,0.961672842502594,-2.1320533900000003,1223.0
1185,16,38,169984,-0.02320531771692913,-0.020214565098285675,-0.191045880317688,0.2406005859375,0.2,0.015671583,-42.55032539367676,0.005524723936105147,0.0004092704424510632,5296,0.9625464677810669,-2.1320533900000003,1223.0
1184,16,39,170496,-0.010923854511929676,0.1272847056388855,0.7089662551879883,0.0140380859375,0.2,0.006333581,-42.567728996276855,0.6888778805732727,0.0004092704424510632,5312,0.962791383266449,-2.1309321199999998,1223.0
1184,17,40,171008,-0.02506033236568328,-0.03279483690857887,0.9361922740936279,0.29931640625,0.2,0.028939717,-42.549216628074646,0.06441366959188599,0.0004092704424510632,5328,0.9611974954605103,-2.1309321199999998,1223.0
1183,17,41,171520,-0.02538421846111305,-0.034336354583501816,-1.1022188663482666,0.2509765625,0.2,0.018819537,-42.50725817680359,0.008596532497904263,0.0004092704424510632,5344,0.9610058069229126,-2.13099433,1223.0
1183,18,42,172032,-0.005017160947318189,0.26571890711784363,0.6050356030464172,0.01171875,0.2,0.004430162,-42.510868191719055,1.1394304959103465,0.0004092704424510632,5360,0.9610196352005005,-2.13099433,1223.0
1183,18,43,172544,-0.02948102772643324,-0.01836148276925087,0.03663402795791626,0.308349609375,0.2,0.022804849,-42.50993514060974,0.014789916691370308,0.0004092704424510632,5376,0.9610472917556763,-2.13135494,1223.0
1183,19,44,173056,-0.0008704047213541344,0.2664276957511902,0.7686127424240112,0.0113525390625,0.2,0.004417951,-42.50162708759308,1.128370052203536,0.0004092704424510632,5392,0.9610127806663513,-2.13135494,1223.0
1183,19,45,173568,-0.030892740505805705,-0.01868179440498352,-0.3223832845687866,0.2784423828125,0.2,0.027232366,-42.50763237476349,0.01992106784018688,0.0004092704424510632,5408,0.961593747138977,-2.13135494,1223.0
1183,19,46,174080,-0.026339630247093737,-0.026621682569384575,0.00794064998626709,0.238525390625,0.2,0.01714605,-42.51909017562866,0.009265262677217834,0.0004092704424510632,5424,0.9618805050849915,-2.1311694,1223.0
1182,20,47,174592,-0.002825899049639702,0.09623007476329803,0.621770441532135,0.003173828125,0.2,0.0030353353,-42.5084912776947,0.8032368349377066,0.0004092704424510632,5440,0.9615618586540222,-2.1311694,1223.0
1182,20,48,175104,-0.02201774503919296,-0.026400040835142136,-5.577075481414795,0.227294921875,0.2,0.015284413,-42.51628613471985,0.004735748421808239,0.0004092704424510632,5456,0.9625992178916931,-2.13267613,1223.0
1182,21,49,175616,-0.006310685377684422,0.1801292896270752,0.3015775680541992,0.006103515625,0.2,0.003825766,-42.53948211669922,1.1149985194206238,0.0004092704424510632,5472,0.9630286693572998,-2.13267613,1223.0
1181,21,50,176128,-0.022813914401922375,-0.03797993063926697,-0.01203620433807373,0.208740234375,0.2,0.014503716,-42.51183366775513,0.002603747481771279,0.0004092704424510632,5488,0.9605570435523987,-2.13207851,1223.0
1181,22,51,176640,-0.008815200126264244,0.2178213745355606,0.695824921131134,0.0181884765625,0.2,0.006724739,-42.44049835205078,1.2734603378921747,0.0004092704424510632,5504,0.9595471620559692,-2.13207851,1223.0
1180,22,52,177152,-0.024122270027874038,-0.01964007504284382,-1.2840282917022705,0.2496337890625,0.2,0.018045664,-42.44231641292572,0.005718643769796472,0.0004092704424510632,5520,0.9603301286697388,-2.13207851,1223.0
1180,22,53,177664,-0.02065332116035279,-0.03391619771718979,0.3033910393714905,0.17822265625,0.2,0.011521563,-42.47885596752167,0.00274949715094408,0.0004092704424510632,5536,0.9617602229118347,-2.13112181,1223.0
1180,23,54,178176,-0.0029275299311848357,0.09079448133707047,0.5827681422233582,0.0067138671875,0.2,0.0030900878,-42.50989305973053,0.991992674767971,0.0004092704424510632,5552,0.9620746374130249,-2.13112181,1223.0
1179,23,55,178688,-0.027701729792170227,-0.038161881268024445,-5.548348426818848,0.268798828125,0.2,0.015933014,-42.48996710777283,0.005348346756363753,0.0004092704424510632,5568,0.9607328772544861,-2.12888458,1223.0
1179,24,56,179200,-0.0022685904768877663,0.12968334555625916,0.42953431606292725,0.004638671875,0.2,0.0047664316,-42.45294392108917,1.45411159330979,0.0004092704424510632,5584,0.9601901769638062,-2.12888458,1223.0
1179,24,57,179712,-0.021164669276913628,-0.029699476435780525,-1.6267836093902588,0.207275390625,0.2,0.0138545865,-42.41441106796265,0.003171857893903507,0.0004092704424510632,5600,0.9574990272521973,-2.12888458,1223.0
1178,25,58,180224,-0.02302759732992854,-0.021182367578148842,0.6017633676528931,0.2261962890625,0.2,0.014994308,-42.36042523384094,0.011824772751424462,0.0004092704424510632,5616,0.9579042196273804,-2.1288672099999997,1223.0
1178,25,59,180736,-0.007147388765588403,0.043425414711236954,0.6399380564689636,0.0545654296875,0.2,0.00844264,-42.37986183166504,0.5658664214424789,0.0004092704424510632,5632,0.9582968950271606,-2.1288672099999997,1223.0
1178,26,60,181248,-0.027912621677387506,-0.03918517380952835,-7.328303337097168,0.245361328125,0.2,0.020413958,-42.3860080242157,0.0032649709755787626,0.0004092704424510632,5648,0.9582664966583252,-2.1268818099999995,1223.0
1177,26,61,181760,-0.005457741746795364,0.13011181354522705,0.2593437433242798,0.00537109375,0.2,0.004339102,-42.39068555831909,1.1377114299684763,0.0004092704424510632,5664,0.9582633376121521,-2.1268818099999995,1223.0
1176,26,62,182272,-0.030549995601177216,-0.04201164469122887,-1.044370412826538,0.263916015625,0.2,0.020911098,-42.38476490974426,0.0020493901065492537,0.0004092704424510632,5680,0.9581005573272705,-2.12644362,1223.0
1175,27,63,182784,-0.00813251179351937,0.16387592256069183,0.6209405660629272,0.0244140625,0.2,0.0058555156,-42.379109501838684,1.152818625792861,0.0004092704424510632,5696,0.9582241177558899,-2.12644362,1223.0
1175,27,64,183296,-0.025852628343272954,-0.028505589812994003,-0.6793195009231567,0.2095947265625,0.2,0.0146719655,-42.38697624206543,0.005219494218181353,0.0004092704424510632,5712,0.9586157202720642,-2.12644362,1223.0
1175,28,65,183808,-0.022852443624287844,-0.04242290183901787,0.07829922437667847,0.2030029296875,0.2,0.016866779,-42.426090478897095,0.002407021827821154,0.0004092704424510632,5728,0.9601334929466248,-2.1254108599999997,1223.0
1175,28,66,184320,-0.004202783980872482,0.17405639588832855,0.5107954740524292,0.017822265625,0.2,0.005087833,-42.455825090408325,1.532563902437687,0.0004092704424510632,5744,0.960513174533844,-2.1254108599999997,1223.0
1175,29,67,184832,-0.02345618222898338,-0.034043148159980774,-4.377106666564941,0.2635498046875,0.2,0.025261018,-42.44807803630829,0.009464737842790782,0.0004092704424510632,5760,0.9595255255699158,-2.1236561099999998,1223.0
1175,29,68,185344,-0.010920350207015872,0.35214826464653015,0.32539570331573486,0.0499267578125,0.2,0.01028331,-42.41897213459015,1.2922320584766567,0.0004092704424510632,5776,0.9590374231338501,-2.1236561099999998,1223.0
1175,30,69,185856,-0.031947167677572,-0.03510528802871704,-1.4954373836517334,0.3079833984375,0.2,0.018999768,-42.426071882247925,0.004371191826066934,0.0004092704424510632,5792,0.9600871205329895,-2.1236561099999998,1223.0
1175,30,70,186368,-0.027313632977893576,-0.005068205296993256,0.6402645111083984,0.23046875,0.2,0.02245255,-42.43580508232117,0.05745292315259576,0.0004092704424510632,5808,0.959750235080719,-2.1219197299999997,1223.0
1175,30,71,186880,-0.013270870738779195,-0.012012891471385956,0.7399416565895081,0.0948486328125,0.2,0.022564435,-42.41693365573883,0.2979282205924392,0.0004092704424510632,5824,0.9594075083732605,-2.1219197299999997,1223.0
1175,31,72,187392,-0.0315570780512644,-0.04026539996266365,-1.2013776302337646,0.32568359375,0.2,0.02267681,-42.39233648777008,0.014561838092049584,0.0004092704424510632,5840,0.9579442143440247,-2.12271909,1223.0
1174,31,73,187904,-0.0011916749353986233,0.9463008046150208,0.6040945053100586,0.004638671875,0.2,0.0035378567,-42.3482460975647,1.3342680046334863,0.0004092704424510632,5856,0.9574337601661682,-2.12271909,1223.0
1174,32,74,188416,-0.02495803326019086,-0.03409383073449135,-3.7101516723632812,0.2418212890625,0.2,0.017592058,-42.362305998802185,0.015488299395656213,0.0004092704424510632,5872,0.9591578841209412,-2.12251662,1223.0
1174,32,75,188928,-0.010410037531983107,0.18524079024791718,0.5412090420722961,0.0279541015625,0.2,0.0069523877,-42.400662422180176,1.1101158251985908,0.0004092704424510632,5888,0.9597586989402771,-2.12251662,1223.0
1174,33,76,189440,-0.027910622884519398,-0.034900765866041183,-0.45023512840270996,0.2711181640625,0.2,0.017351467,-42.39603018760681,0.0023595473358000163,0.0004092704424510632,5904,0.9591036438941956,-2.12251662,1223.0
1174,33,77,189952,-0.020072782048373483,-0.03077971190214157,0.3069053888320923,0.211669921875,0.2,0.016483858,-42.36783730983734,0.006397324235877022,0.0004092704424510632,5920,0.9578918218612671,-2.1214502699999995,1223.0
1174,34,78,190464,-0.004684861210989766,0.13007330894470215,0.6520333886146545,0.002685546875,0.2,0.0033158269,-42.33765888214111,1.0188914309255779,0.0004092704424510632,5936,0.9574636220932007,-2.1214502699999995,1223.0
1174,34,79,190976,-0.024882293946575373,-0.031550753861665726,-4.863803863525391,0.28125,0.2,0.02285663,-42.32803952693939,0.009171920697554015,0.0004092704424510632,5952,0.9569664597511292,-2.1185430899999997,1223.0
1174,34,80,191488,0.0034799724817276,0.32664257287979126,0.39557313919067383,0.0006103515625,0.2,0.0019478106,-42.31544876098633,1.5840841461904347,0.0004092704424510632,5968,0.9569087624549866,-2.1185430899999997,1223.0
1174,35,81,192000,-0.027190637163585052,-0.026392392814159393,-0.19048964977264404,0.2725830078125,0.2,0.022205535,-42.30626690387726,0.011937627190491185,0.0004092704424510632,5984,0.9559112191200256,-2.1185430899999997,1223.0
1173,35,82,192512,-0.006208585109561682,0.22475478053092957,0.7671316862106323,0.0196533203125,0.2,0.006505891,-42.282118797302246,1.2979803076013923,0.0004092704424510632,6000,0.9556140899658203,-2.1184922499999996,1223.0
1173,36,83,193024,-0.02066411101259291,-0.02666384167969227,0.9788019061088562,0.2545166015625,0.2,0.021038836,-42.3056925535202,0.02706773109093774,0.0004092704424510632,6016,0.9569703340530396,-2.1184922499999996,1223.0
1173,36,84,193536,-0.03173174339463003,-0.03838582709431648,-0.4225345849990845,0.31494140625,0.2,0.024389446,-42.32793462276459,0.013953259913250804,0.0004092704424510632,6032,0.9562775492668152,-2.1169072399999997,1223.0
1173,37,85,194048,-0.0038636209574178793,0.1907070428133011,0.7398713827133179,0.0064697265625,0.2,0.0046085217,-42.300132155418396,1.0183643726632,0.0004092704424510632,6048,0.9560286998748779,-2.1169072399999997,1223.0
1173,37,86,194560,-0.021093362316605635,-0.031460680067539215,-1.5777974128723145,0.194091796875,0.2,0.014445707,-42.31511104106903,0.009551848575938493,0.0004092704424510632,6064,0.9572731256484985,-2.1172991999999997,1223.0
1173,37,87,195072,0.002029119808867108,0.269835501909256,0.5776976346969604,0.0008544921875,0.2,0.0023777517,-42.34658658504486,1.2543597528710961,0.0004092704424510632,6080,0.9574236273765564,-2.1172991999999997,1223.0
1173,38,88,195584,-0.02338397179846652,-0.033275581896305084,-0.06468033790588379,0.20166015625,0.2,0.012747966,-42.30480670928955,0.004160399730608333,0.0004092704424510632,6096,0.954413115978241,-2.1172991999999997,1223.0
1173,38,89,196096,-0.0217363164993003,-0.03251316398382187,0.4493195414543152,0.19921875,0.2,0.01761622,-42.21690511703491,0.004552570004307199,0.0004092704424510632,6112,0.9529392123222351,-2.11621494,1223.0
1173,39,90,196608,-0.002466519406880252,0.05070636421442032,0.5828967094421387,0.00390625,0.2,0.0035027843,-42.18968152999878,0.9516432073432952,0.0004092704424510632,6128,0.9527785778045654,-2.11621494,1223.0
1173,39,91,197120,-0.02605947805568576,-0.04008714482188225,-6.367834091186523,0.2581787109375,0.2,0.022016445,-42.19655084609985,0.006617394603381399,0.0004092704424510632,6144,0.953360378742218,-2.11723977,1223.0
1173,40,92,197632,-0.00859884064993821,0.10182231664657593,0.35842347145080566,0.014404296875,0.2,0.0046768147,-42.213279604911804,1.8365845321677625,0.0004092704424510632,6160,0.953561007976532,-2.11723977,1223.0
1173,40,93,198144,-0.019725818856386468,-0.021538395434617996,-0.4048337936401367,0.1939697265625,0.2,0.015636757,-42.23858165740967,0.006479490832134616,0.0004092704424510632,6176,0.954903244972229,-2.1153763100000003,1223.0
1172,41,94,198656,-0.0027922935623792,0.16727027297019958,0.5724372863769531,0.001953125,0.2,0.0024857484,-42.28781843185425,1.209089120849967,0.0004092704424510632,6192,0.9554905295372009,-2.1153763100000003,1223.0
1172,41,95,199168,-0.029345626986469142,-0.04234863817691803,-0.77724289894104,0.2281494140625,0.2,0.016206753,-42.253923535346985,0.0040747766543063335,0.0004092704424510632,6208,0.9521697163581848,-2.1153763100000003,1223.0
1172,41,96,199680,-0.030653958529001102,-0.04761305823922157,0.24588543176651,0.2664794921875,0.2,0.017337672,-42.177276492118835,0.0032939819429884665,0.0004092704424510632,6224,0.9520885348320007,-2.11634746,1223.0
1172,42,97,200192,-0.004877025799942203,0.23996007442474365,0.5965216159820557,0.020751953125,0.2,0.0056542982,-42.20736289024353,1.1909480383619666,0.0004092704424510632,6240,0.9526408910751343,-2.11634746,1223.0
1172,42,98,200704,-0.025891467230394483,-0.036631662398576736,-3.1657090187072754,0.2430419921875,0.2,0.018730517,-42.20319056510925,0.002601072239485802,0.0004092704424510632,6256,0.951793909072876,-2.11385461,1223.0
1171,43,99,201216,-0.0013460381160257384,0.19538994133472443,0.4136050343513489,0.007080078125,0.2,0.003937642,-42.18276262283325,1.7052377443760633,0.0004092704424510632,6272,0.9515126347541809,-2.11385461,1223.0
1171,43,100,201728,-0.029097801801981404,-0.05079493671655655,-0.5718215703964233,0.2403564453125,0.2,0.019052375,-42.188135504722595,0.0028939821422682144,0.0004092704424510632,6288,0.9524073600769043,-2.11385461,1223.0
1171,44,101,202240,-0.02233016000536736,-0.015855345875024796,0.6345493793487549,0.2626953125,0.2,0.018649854,-42.20859634876251,0.028764372342266142,0.0004092704424510632,6304,0.9528001546859741,-2.11493549,1223.0
1171,44,102,202752,-0.011267426278209314,0.023982351645827293,0.7301681041717529,0.05615234375,0.2,0.014834881,-42.20927035808563,0.46056296583265066,0.0004092704424510632,6320,0.9528840780258179,-2.11493549,1223.0
1171,45,103,203264,-0.02783016808098182,-0.03900996595621109,-6.792429447174072,0.2567138671875,0.2,0.017279807,-42.21897864341736,0.007607363266288303,0.0004092704424510632,6336,0.9537860155105591,-2.11418373,1223.0
1171,45,104,203776,-0.0050995388519368134,0.14397229254245758,0.36993396282196045,0.0030517578125,0.2,0.0034143585,-42.24352669715881,1.871496308594942,0.0004092704424510632,6352,0.9542089700698853,-2.11418373,1223.0
1171,45,105,204288,-0.02974258191534318,-0.03648596629500389,-2.858922004699707,0.291748046875,0.2,0.028823458,-42.23759925365448,0.005771636315330397,0.0004092704424510632,6368,0.9536678194999695,-2.1148262599999996,1223.0
1171,46,106,204800,-0.0024721469308133237,0.16707712411880493,0.43810296058654785,0.020751953125,0.2,0.004999406,-42.22531342506409,1.8561147330328822,0.0004092704424510632,6384,0.9535649418830872,-2.1148262599999996,1223.0
1171,46,107,205312,-0.026510197872994468,-0.025971751660108566,-0.8831250667572021,0.243408203125,0.2,0.017731093,-42.24271488189697,0.0055983951315283775,0.0004092704424510632,6400,0.9552340507507324,-2.1148262599999996,1223.0
1171,47,108,205824,-0.026995581341907382,-0.021262338384985924,0.007109940052032471,0.2493896484375,0.2,0.016656542,-42.29878604412079,0.001930109257955337,0.0004092704424510632,6416,0.9565205574035645,-2.1129102699999995,1223.0
1171,47,109,206336,-0.003480986299109645,0.0966479554772377,0.40418946743011475,0.0013427734375,0.2,0.0027019314,-42.32083714008331,1.7707869033329189,0.0004092704424510632,6432,0.9569622874259949,-2.1129102699999995,1223.0
1171,48,110,206848,-0.026981444883858785,-0.04535483941435814,-2.9161179065704346,0.284423828125,0.2,0.026222955,-42.31998908519745,0.010932485747616738,0.0004092704424510632,6448,0.9568936824798584,-2.1138252499999997,1223.0
1171,48,111,207360,-0.007420440662826877,0.13683168590068817,0.42668402194976807,0.008544921875,0.2,0.004289656,-42.31425654888153,1.8132363902404904,0.0004092704424510632,6464,0.9569401741027832,-2.1138252499999997,1223.0
1171,48,112,207872,-0.027424965315731242,-0.033423446118831635,-0.3727933168411255,0.248046875,0.2,0.017594103,-42.31436634063721,0.00900597553118132,0.0004092704424510632,6480,0.9569811820983887,-2.1138252499999997,1223.0
1170,49,113,208384,-0.019957317133957986,0.015251576900482178,0.6408777236938477,0.1236572265625,0.2,0.017729733,-42.32405984401703,0.17193168052472174,0.0004092704424510632,6496,0.9571222066879272,-2.1121547499999997,1223.0
1171,49,114,208896,-0.01677801151527092,-0.012295539490878582,0.884036123752594,0.1617431640625,0.2,0.019229762,-42.32118093967438,0.14010401570703834,0.0004092704424510632,6512,0.9567636251449585,-2.1121547499999997,1223.0
1170,50,115,209408,-0.023707075510174036,-0.012946492061018944,-2.4641218185424805,0.253173828125,0.2,0.024408175,-42.319217801094055,0.04032092244597152,0.0004092704424510632,6528,0.9574958682060242,-2.11141134,1223.0
1170,50,116,209920,-0.0036273590521886945,0.2527320981025696,0.6871736645698547,0.004150390625,0.2,0.004082402,-42.3513799905777,1.3758250856772065,0.0004092704424510632,6544,0.9580192565917969,-2.11141134,1223.0
1170,51,117,210432,-0.028038997421390377,-0.04044659808278084,-1.4066524505615234,0.26904296875,0.2,0.01813225,-42.358161091804504,0.0038250191682891455,0.0004092704424510632,6560,0.9583398103713989,-2.11103253,1223.0
1170,51,118,210944,-0.0023239919610205106,0.15672667324543,0.6147868037223816,0.0013427734375,0.2,0.0028575244,-42.359559297561646,1.3230950683355331,0.0004092704424510632,6576,0.9583737850189209,-2.11103253,1223.0
1170,52,119,211456,-0.03458544233581051,-0.041840631514787674,-1.2853379249572754,0.2745361328125,0.2,0.020224359,-42.35432267189026,0.0033206561565748416,0.0004092704424510632,6592,0.9583603739738464,-2.11103253,1223.0
1170,52,120,211968,-0.02793013138580136,-0.02234385721385479,0.4616349935531616,0.2880859375,0.2,0.020851096,-42.33592665195465,0.007240774066303857,0.0004092704424510632,6608,0.9575145840644836,-2.11228177,1223.0
1170,52,121,212480,-0.005640327603032347,0.16515088081359863,0.6759399175643921,0.00634765625,0.2,0.004057045,-42.30560064315796,1.5605867370031774,0.0004092704424510632,6624,0.9570543766021729,-2.11228177,1223.0
1170,53,122,212992,-0.022678508481476456,-0.04107752442359924,-5.864258766174316,0.2364501953125,0.2,0.021691106,-42.29363310337067,0.007433133316226304,0.0004092704424510632,6640,0.9564814567565918,-2.11269835,1223.0
1170,53,123,213504,-0.004089843248948455,0.12201780080795288,0.22382712364196777,0.0269775390625,0.2,0.0055175545,-42.28257346153259,2.6476016957312822,0.0004092704424510632,6656,0.9563697576522827,-2.11269835,1223.0
1170,54,124,214016,-0.03100424332660623,-0.0468372143805027,-0.1420384645462036,0.2669677734375,0.2,0.020134225,-42.25928330421448,0.005368572514271364,0.0004092704424510632,6672,0.9543518424034119,-2.11269835,1223.0
1169,54,125,214528,-0.011375800837413408,0.14953945577144623,0.5938053131103516,0.03125,0.2,0.008337269,-42.20592534542084,0.6531283175572753,0.0004092704424510632,6688,0.9533388614654541,-2.11229012,1223.0
1169,55,126,215040,-0.017111726221628487,-0.017460817471146584,0.9447749257087708,0.248291015625,0.2,0.02559898,-42.183112025260925,0.05865788069786504,0.0004092704424510632,6704,0.9529700875282288,-2.11229012,1223.0
1169,55,127,215552,-0.025630578224081546,-0.029041483998298645,-0.5292845964431763,0.2578125,0.2,0.022175297,-42.18580865859985,0.008372771000722423,0.0004092704424510632,6720,0.9542050957679749,-2.11329604,1223.0
1169,56,128,216064,-0.010845535703992937,0.6281750202178955,0.7148873805999756,0.0240478515625,0.2,0.0069279666,-42.216612458229065,1.1718052234500647,0.0004092704424510632,6736,0.9547407627105713,-2.11329604,1223.0
1169,56,129,216576,-0.021960220445180312,-0.0310437623411417,0.09054356813430786,0.24951171875,0.2,0.019036354,-42.21594452857971,0.007105645243427716,0.0004092704424510632,6752,0.954247236251831,-2.11326606,1223.0
1169,56,130,217088,-0.0007491037977160886,0.32066524028778076,0.7695298790931702,0.033447265625,0.2,0.006143574,-42.202619671821594,1.173811785876751,0.0004092704424510632,6768,0.9539399147033691,-2.11326606,1223.0
1169,57,131,217600,-0.023423844802891836,-0.025852980092167854,-1.034001111984253,0.2493896484375,0.2,0.017693417,-42.192686915397644,0.0037102408678038046,0.0004092704424510632,6784,0.9536041021347046,-2.11326606,1223.0
1170,57,132,218112,-0.030127471763989888,-0.03981996327638626,0.5416511297225952,0.288330078125,0.2,0.020361576,-42.159931898117065,0.013972979329992086,0.0004092704424510632,6800,0.9514807462692261,-2.11217896,1223.0
1170,58,133,218624,-0.006183724806760438,0.08111529797315598,0.706668496131897,0.0093994140625,0.2,0.0054088794,-42.09993779659271,0.9170592539012432,0.0004092704424510632,6816,0.9506331086158752,-2.11217896,1223.0
1170,58,134,219136,-0.024167742725694552,-0.01645488850772381,-4.805669784545898,0.25,0.2,0.020381305,-42.10280525684357,0.008698108256794512,0.0004092704424510632,6832,0.9516122937202454,-2.11040087,1223.0
1169,59,135,219648,-0.00593106729502324,0.19561916589736938,0.38733190298080444,0.0074462890625,0.2,0.004581569,-42.119335412979126,1.8217770420014858,0.0004092704424510632,6848,0.951776385307312,-2.11040087,1223.0
1169,59,136,220160,-0.02744849186274223,-0.03844834119081497,-0.6171523332595825,0.2744140625,0.2,0.017224476,-42.14213144779205,0.00228096155115054,0.0004092704424510632,6864,0.953201174736023,-2.1094678599999996,1223.0
1169,59,137,220672,0.0027177907031727955,0.1623794138431549,0.6322483420372009,0.0045166015625,0.2,0.002865757,-42.17971408367157,1.3991248020902276,0.0004092704424510632,6880,0.9535896182060242,-2.1094678599999996,1223.0
1169,60,138,221184,-0.029243171185953543,-0.05260203033685684,-0.6396236419677734,0.2528076171875,0.2,0.016992569,-42.182835936546326,0.004025477610412054,0.0004092704424510632,6896,0.9539350867271423,-2.1094678599999996,1223.0
1169,60,139,221696,-0.032420118717709556,-0.05455251783132553,0.3779813051223755,0.30078125,0.2,0.02500587,-42.208621859550476,0.0036580842061084695,0.0004092704424510632,6912,0.9553776979446411,-2.10938224,1223.0
1169,61,140,222208,-0.0018388112584943883,0.23595412075519562,0.6721112728118896,0.0126953125,0.2,0.004632043,-42.24983274936676,1.2882794491015375,0.0004092704424510632,6928,0.955791175365448,-2.10938224,1223.0
1169,61,141,222720,-0.030501338245812804,-0.038525283336639404,-3.7514939308166504,0.2845458984375,0.2,0.023629403,-42.27349591255188,0.009385015233419836,0.0004092704424510632,6944,0.9571882486343384,-2.10833913,1223.0
1169,62,142,223232,-0.0061256769695319235,0.43089643120765686,0.48890095949172974,0.0147705078125,0.2,0.004935721,-42.31227147579193,2.1402677507139742,0.0004092704424510632,6960,0.9575884342193604,-2.10833913,1223.0
1169,62,143,223744,-0.026763096349895932,-0.03766951337456703,-2.5088484287261963,0.2686767578125,0.2,0.019844957,-42.340181827545166,0.0037768769325339235,0.0004092704424510632,6976,0.9592448472976685,-2.10833913,1223.0
1169,63,144,224256,-0.023817675042664632,-0.015951894223690033,0.6644848585128784,0.2139892578125,0.2,0.015266721,-42.40293824672699,0.02605606446741149,0.0004092704424510632,6992,0.9612080454826355,-2.10868968,1223.0
1169,63,145,224768,-0.014338617504108697,0.013377007097005844,0.7488664388656616,0.080810546875,0.2,0.017533738,-42.4331294298172,0.3693057692144066,0.0004092704424510632,7008,0.9613236784934998,-2.10868968,1223.0
1169,63,146,225280,-0.025931662661605515,-0.03660743311047554,-6.817323207855225,0.238525390625,0.2,0.02314742,-42.447399258613586,0.009420187125215307,0.0004092704424510632,7024,0.9626503586769104,-2.10957875,1223.0
1169,64,147,225792,-0.000813044112874195,0.13909423351287842,0.3484436869621277,0.0028076171875,0.2,0.0029271604,-42.49531149864197,1.8988256501033902,0.0004092704424510632,7040,0.9632759094238281,-2.10957875,1223.0
3780,0,1,226304,-0.02549405855825171,-0.03051818162202835,-1.4829154014587402,0.2205810546875,0.2,0.016612254,-42.52692258358002,0.00538058149322751,0.0004092704424510632,7056,0.9654123187065125,-2.1099277599999997,1223.0
1803,0,2,226816,-0.006075696481275372,0.22437003254890442,0.45758044719696045,0.01904296875,0.2,0.006105862,-42.57583951950073,1.8555896212346852,0.0004092704424510632,7072,0.9660191535949707,-2.1099277599999997,1223.0
1528,1,3,227328,-0.027621959350653924,-0.03121858835220337,-0.40179741382598877,0.2474365234375,0.2,0.018222813,-42.58520424365997,0.003125093069684226,0.0004092704424510632,7088,0.9667706489562988,-2.1099277599999997,1223.0
1423,1,4,227840,-0.022982886410318315,-0.029183117672801018,-0.4280005693435669,0.2091064453125,0.2,0.014874455,-42.62075161933899,0.002739789240877144,0.0004092704424510632,7104,0.9688097238540649,-2.10951682,1223.0
1359,1,5,228352,0.0011962761418544687,0.33834293484687805,0.4673544764518738,0.001953125,0.2,0.0022801363,-42.669227719306946,1.8390237428247929,0.0004092704424510632,7120,0.9694807529449463,-2.10951682,1223.0
1326,2,6,228864,-0.023590547440107912,-0.029891248792409897,-1.4467203617095947,0.21533203125,0.2,0.018492434,-42.677689909935,0.01566015847492963,0.0004092704424510632,7136,0.9698173999786377,-2.1076469899999997,1223.0
1300,2,7,229376,-0.003195001743733883,0.5846123099327087,0.5807380080223083,0.013916015625,0.2,0.0045947367,-42.68615138530731,1.5500597823411226,0.0004092704424510632,7152,0.9700183868408203,-2.1076469899999997,1223.0
1283,3,8,229888,-0.020489592643571086,-0.03600923717021942,-0.9580923318862915,0.17578125,0.2,0.01045524,-42.69943177700043,0.011231572163524106,0.0004092704424510632,7168,0.9712845087051392,-2.1076469899999997,1223.0
1272,3,9,230400,-0.012817850220017135,0.1260046362876892,0.6915237903594971,0.067626953125,0.2,0.012550078,-42.72240102291107,0.2664495166391134,0.0004092704424510632,7184,0.9716079831123352,-2.1080838999999996,1223.0
1260,4,10,230912,-0.014472565904725343,-0.010198069736361504,0.8536328673362732,0.1151123046875,0.2,0.014835039,-42.73112881183624,0.1707996773184277,0.0004092704424510632,7200,0.9723206758499146,-2.1080838999999996,1223.0
1252,4,11,231424,-0.025570206285919994,-0.013392428867518902,-0.28313732147216797,0.25927734375,0.2,0.01961397,-42.74769866466522,0.03392641502432525,0.0004092704424510632,7216,0.9721722602844238,-2.1098453099999994,1223.0
1244,4,12,231936,0.000775115709984675,0.32714080810546875,0.7996986508369446,0.04052734375,0.2,0.00596706,-42.73470163345337,1.1397025007754564,0.0004092704424510632,7232,0.9721642732620239,-2.1098453099999994,1223.0
1238,5,13,232448,-0.02826284192269668,-0.02735629491508007,-3.0327048301696777,0.2440185546875,0.2,0.018963767,-42.753183126449585,0.0052044907279196195,0.0004092704424510632,7248,0.973796010017395,-2.1098622899999997,1223.0
1233,5,14,232960,-0.0019695970695465803,0.4173673987388611,0.4851446747779846,0.0010986328125,0.2,0.0026957055,-42.80227017402649,2.096914872992784,0.0004092704424510632,7264,0.9744884371757507,-2.1098622899999997,1223.0
1229,6,15,233472,-0.033599532762309536,-0.04372692108154297,-2.6992831230163574,0.2781982421875,0.2,0.020875074,-42.81276035308838,0.0031645614035369363,0.0004092704424510632,7280,0.9746601581573486,-2.1098622899999997,1223.0
1226,6,16,233984,-0.020492076961090788,-0.027875754982233047,0.43586021661758423,0.2071533203125,0.2,0.014341155,-42.81065237522125,0.0055295264173764735,0.0004092704424510632,7296,0.9739123582839966,-2.1108624099999993,1223.0
1223,7,17,234496,-0.00032536027720198035,0.1316947489976883,0.6238526105880737,0.0045166015625,0.2,0.002777955,-42.77484655380249,1.1298537412658334,0.0004092704424510632,7312,0.9733880758285522,-2.1108624099999993,1223.0
1220,7,18,235008,-0.019391178764635697,-0.02487240917980671,-4.263524055480957,0.21142578125,0.2,0.016552318,-42.78356850147247,0.006001946712785866,0.0004092704424510632,7328,0.9739822745323181,-2.1093189,1223.0
1217,7,19,235520,0.0007767887145746499,0.11111587285995483,0.4144386053085327,0.00048828125,0.2,0.002343766,-42.80897378921509,1.7862160974182189,0.0004092704424510632,7344,0.974176824092865,-2.1093189,1223.0
1215,8,20,236032,-0.02495251847722102,-0.04111102595925331,-1.3408570289611816,0.209716796875,0.2,0.015876915,-42.831167459487915,0.004328893555793911,0.0004092704424510632,7360,0.9760206341743469,-2.1093189,1223.0
1213,8,21,236544,-0.0037444945046445355,0.13566984236240387,0.6190804243087769,0.0078125,0.2,0.0045361165,-42.87323033809662,1.04720616992563,0.0004092704424510632,7376,0.9766994118690491,-2.10769957,1223.0
1211,9,22,237056,-0.019460049632471055,-0.02800508588552475,0.9550937414169312,0.2552490234375,0.2,0.028001405,-42.875357270240784,0.041805308661423624,0.0004092704424510632,7392,0.976494312286377,-2.10769957,1223.0
1209,9,23,237568,-0.022078182955738157,-0.025404341518878937,-0.06375014781951904,0.248291015625,0.2,0.017815588,-42.862314224243164,0.01406050645164214,0.0004092704424510632,7408,0.9759066700935364,-2.10701889,1223.0
1208,10,24,238080,-0.0024283136299345642,0.3277721405029297,0.7752761244773865,0.00634765625,0.2,0.0036373953,-42.841989159584045,1.1502892645075917,0.0004092704424510632,7424,0.975765585899353,-2.10701889,1223.0
1205,10,25,238592,-0.026554665761068463,-0.01985277235507965,-0.10674309730529785,0.2359619140625,0.2,0.019063776,-42.85609459877014,0.024113802413921803,0.0004092704424510632,7440,0.9767903685569763,-2.10918932,1223.0
1203,11,26,239104,-0.005920480485656299,0.43073970079421997,0.8459421396255493,0.0035400390625,0.2,0.0036121863,-42.884655117988586,1.8543777987360954,0.0004092704424510632,7456,0.9770757555961609,-2.10918932,1223.0
1202,11,27,239616,-0.030155829910654575,-0.0378875695168972,-3.8086280822753906,0.281982421875,0.2,0.025222288,-42.90391659736633,0.004854673243244179,0.0004092704424510632,7472,0.9784317016601562,-2.10918932,1223.0
1201,11,28,240128,-0.027443985833087936,-0.03231455758213997,0.5758129358291626,0.25927734375,0.2,0.01950512,-42.96554684638977,0.005932231433689594,0.0004092704424510632,7488,0.9798616170883179,-2.1071655,1223.0
1200,12,29,240640,-0.0015203532675513998,0.18089410662651062,0.6110314726829529,0.0006103515625,0.2,0.0025857626,-42.99506914615631,1.1053508566692472,0.0004092704424510632,7504,0.9801197052001953,-2.1071655,1223.0
1199,12,30,241152,-0.027516004993231036,-0.03748500719666481,-1.740752935409546,0.281982421875,0.2,0.01876219,-43.027403354644775,0.0030856978919473477,0.0004092704424510632,7520,0.9824711084365845,-2.1092245299999997,1223.0
1198,13,31,241664,-0.002012127573834732,0.14141717553138733,0.43699681758880615,0.002197265625,0.2,0.0023978134,-43.09617638587952,1.9976867949590087,0.0004092704424510632,7536,0.9835305213928223,-2.1092245299999997,1223.0
1196,13,32,242176,-0.02759722731570946,-0.03025660663843155,-0.30227506160736084,0.252197265625,0.2,0.023355983,-43.11549401283264,0.002775464716251008,0.0004092704424510632,7552,0.9838441610336304,-2.11176748,1223.0
1195,14,33,242688,-0.002925338987552095,0.19087770581245422,0.6899418830871582,0.0042724609375,0.2,0.004003248,-43.11806869506836,1.6999395033344626,0.0004092704424510632,7568,0.9837860465049744,-2.11176748,1223.0
1194,14,34,243200,-0.022841041165520437,-0.03137771785259247,-0.9347286224365234,0.2379150390625,0.2,0.017571436,-43.113627552986145,0.004177554939815309,0.0004092704424510632,7584,0.9837087392807007,-2.11176748,1223.0
1194,15,35,243712,-0.029449422407196835,-0.04720393568277359,0.4320839047431946,0.27099609375,0.2,0.019805867,-43.12411415576935,0.004604804722475819,0.0004092704424510632,7600,0.9848663806915283,-2.11275326,1223.0
1193,15,36,244224,-0.006280544039327651,0.17272743582725525,0.6958214044570923,0.01806640625,0.2,0.0068442156,-43.15469026565552,1.4673563800752163,0.0004092704424510632,7616,0.9851397275924683,-2.11275326,1223.0
1192,15,37,244736,-0.026312584290280938,-0.03564617410302162,-2.09625244140625,0.242919921875,0.2,0.017459761,-43.16965878009796,0.00835012186144013,0.0004092704424510632,7632,0.9859964847564697,-2.1165559099999998,1223.0
1191,16,38,245248,-0.0035152352502336726,0.9466527700424194,0.5849043130874634,0.006591796875,0.2,0.0040861852,-43.188353300094604,1.6906360341235995,0.0004092704424510632,7648,0.9862703680992126,-2.1165559099999998,1223.0
1191,16,39,245760,-0.029432916111545637,-0.038565605878829956,-5.467123031616211,0.2772216796875,0.2,0.022348177,-43.1863648891449,0.005104009644128382,0.0004092704424510632,7664,0.9860506653785706,-2.1165559099999998,1223.0
1192,17,40,246272,-0.02989914771023905,-0.044544767588377,0.650418758392334,0.2904052734375,0.2,0.018867612,-43.16470539569855,0.013238501851446927,0.0004092704424510632,7680,0.9846137762069702,-2.11646759,1223.0
1191,17,41,246784,-0.005640217332256725,0.0621187686920166,0.633615255355835,0.002197265625,0.2,0.0039709737,-43.12899351119995,0.737409143242985,0.0004092704424510632,7696,0.9842386841773987,-2.11646759,1223.0
1190,18,42,247296,-0.02899963059462607,-0.04058592766523361,-3.1305975914001465,0.2742919921875,0.2,0.018505827,-43.11887466907501,0.0033376337160007097,0.0004092704424510632,7712,0.9843392968177795,-2.11452837,1223.0
1189,18,43,247808,-0.002615855119074695,0.369266539812088,0.3720727562904358,0.006103515625,0.2,0.0035434577,-43.11187708377838,1.951114086434245,0.0004092704424510632,7728,0.9844018220901489,-2.11452837,1223.0
1189,18,44,248320,-0.031050174817210063,-0.045362770557403564,-3.113807201385498,0.2630615234375,0.2,0.021321315,-43.10174810886383,0.002247318327135872,0.0004092704424510632,7744,0.9835033416748047,-2.1157692900000002,1223.0
1188,19,45,248832,-2.544562448747456e-06,0.5874832272529602,0.5085958242416382,0.002197265625,0.2,0.0023433473,-43.069241642951965,2.410608744248748,0.0004092704424510632,7760,0.9831470251083374,-2.1157692900000002,1223.0
1188,19,46,249344,-0.02625099479337223,-0.03180268034338951,-3.099088668823242,0.2376708984375,0.2,0.01804408,-43.0434752702713,0.0037924354946881067,0.0004092704424510632,7776,0.9815462827682495,-2.1157692900000002,1223.0
1188,20,47,249856,-0.03411230829078704,-0.042572516947984695,0.07539647817611694,0.3101806640625,0.2,0.02065558,-43.00151705741882,0.002973683858726872,0.0004092704424510632,7792,0.9816402792930603,-2.11652002,1223.0
1187,20,48,250368,-0.0015769921301398426,0.5008313059806824,0.5052415728569031,0.00048828125,0.2,0.0023023274,-43.008676409721375,2.0499998521991074,0.0004092704424510632,7808,0.9816924929618835,-2.11652002,1223.0
1187,21,49,250880,-0.02373806227114983,-0.009739940986037254,-0.13091087341308594,0.2496337890625,0.2,0.021331161,-43.00990319252014,0.06278734712395817,0.0004092704424510632,7824,0.9813564419746399,-2.11631597,1223.0
1187,21,50,251392,-0.00439985359844286,0.4026399850845337,0.8389453291893005,0.01123046875,0.2,0.0047555193,-43.006818890571594,1.3791218101978302,0.0004092704424510632,7840,0.9813683032989502,-2.11631597,1223.0
1186,22,51,251904,-0.019870572665240616,-0.02692560851573944,-2.8399970531463623,0.2269287109375,0.2,0.026261443,-43.017287254333496,0.03164716484025121,0.0004092704424510632,7856,0.9817889928817749,-2.11631597,1223.0
1185,22,52,252416,-0.012248865052242763,0.02009623870253563,0.5427701473236084,0.1279296875,0.2,0.01276256,-43.02146053314209,0.17450510221533477,0.0004092704424510632,7872,0.9806045889854431,-2.1181081699999997,1223.0
1185,22,53,252928,-0.017151053965790197,-0.020681656897068024,0.9232840538024902,0.201416015625,0.2,0.026485275,-42.97240483760834,0.07864923134911805,0.0004092704424510632,7888,0.9791343212127686,-2.1181081699999997,1223.0
1185,23,54,253440,-0.022057970752939582,-0.013224970549345016,-0.4867771863937378,0.23828125,0.2,0.016347181,-42.92135524749756,0.0362351838266477,0.0004092704424510632,7904,0.9772387146949768,-2.11878739,1223.0
1184,23,55,253952,-0.010842641117051244,0.2934679090976715,0.8066271543502808,0.056396484375,0.2,0.011329666,-42.867058634757996,1.237008012831211,0.0004092704424510632,7920,0.9766039848327637,-2.11878739,1223.0
1184,24,56,254464,-0.027440532532637008,-0.04365362599492073,-1.1803929805755615,0.2703857421875,0.2,0.017345097,-42.85899233818054,0.007968493649968877,0.0004092704424510632,7936,0.9763572812080383,-2.1206562,1223.0
1184,24,57,254976,-0.009586571366526186,0.14063599705696106,0.6070672869682312,0.0194091796875,0.2,0.0057608597,-42.85195863246918,1.532485525123775,0.0004092704424510632,7952,0.9763664603233337,-2.1206562,1223.0
1184,25,58,255488,-0.028115431894548237,-0.03409598395228386,-1.3295724391937256,0.2598876953125,0.2,0.01851694,-42.83945095539093,0.0031596624103258364,0.0004092704424510632,7968,0.9752677083015442,-2.1206562,1223.0
1184,25,59,256000,-0.025017481646500528,-0.034499071538448334,-0.031224370002746582,0.2752685546875,0.2,0.019932222,-42.78862273693085,0.004463690165721346,0.0004092704424510632,7984,0.9737935066223145,-2.11987788,1223.0
1184,25,60,256512,-0.00559532169427257,0.14508114755153656,0.5567120313644409,0.0283203125,0.2,0.0075224526,-42.757463812828064,1.1901410878635943,0.0004092704424510632,8000,0.9735024571418762,-2.11987788,1223.0
1184,26,61,257024,-0.02590068413701374,-0.026206474751234055,-4.0154924392700195,0.2716064453125,0.2,0.025423555,-42.76482975482941,0.004723129881313071,0.0004092704424510632,8016,0.9741124510765076,-2.1187083299999996,1223.0
1183,26,62,257536,0.001378630600811448,0.10273454338312149,0.395912766456604,0.0159912109375,0.2,0.0035182424,-42.790305733680725,1.946330544538796,0.0004092704424510632,8032,0.9745494723320007,-2.1187083299999996,1223.0
1183,27,63,258048,-0.022716894978657365,-0.03661716356873512,-0.7498582601547241,0.1983642578125,0.2,0.012728287,-42.7870659828186,0.0025596804298402276,0.0004092704424510632,8048,0.9738251566886902,-2.1187083299999996,1223.0
1183,27,64,258560,-0.006615855483687483,0.1137772649526596,0.6850747466087341,0.0184326171875,0.2,0.008709375,-42.759875416755676,0.7925596931017935,0.0004092704424510632,8064,0.9734914898872375,-2.11885399,1223.0
1183,28,65,259072,-0.01685027205530787,-0.018896345049142838,0.8993446826934814,0.197021484375,0.2,0.02078929,-42.759575963020325,0.08513204992050305,0.0004092704424510632,8080,0.9736701250076294,-2.11885399,1223.0
1182,28,66,259584,-0.024073212902294472,-0.020030098035931587,0.389403760433197,0.2552490234375,0.2,0.017073974,-42.779762387275696,0.03638802544446662,0.0004092704424510632,8096,0.9747614860534668,-2.12071144,1223.0
1182,29,67,260096,-0.010928422198048793,0.381650447845459,0.8410665988922119,0.069580078125,0.2,0.012244439,-42.81373083591461,1.3657146263867617,0.0004092704424510632,8112,0.9749811291694641,-2.12071144,1223.0
1182,29,68,260608,-0.03507999947760254,-0.0018175318837165833,0.18604880571365356,0.33349609375,0.2,0.027317777,-42.79874563217163,0.11301902844570577,0.0004092704424510632,8128,0.9740342497825623,-2.12190829,1223.0
1182,29,69,261120,-0.002827670832630247,1.0046751499176025,0.8848324418067932,0.0126953125,0.2,0.004483027,-42.77022588253021,2.6562010757625103,0.0004092704424510632,8144,0.973763644695282,-2.12190829,1223.0
1182,30,70,261632,-0.02765510776953306,-0.0308841522783041,-6.77002477645874,0.2625732421875,0.2,0.021155294,-42.75709807872772,0.014729723479831591,0.0004092704424510632,8160,0.972878634929657,-2.12190829,1223.0
1181,30,71,262144,-0.02578083628031891,-0.03130630776286125,0.559912383556366,0.2440185546875,0.2,0.020101992,-42.750470995903015,0.0075854851747862995,0.0004092704424510632,8176,0.9738257527351379,-2.1229652399999996,1223.0
1181,31,72,262656,-0.004010681048384868,0.07900607585906982,0.618091344833374,0.0106201171875,0.2,0.0037909737,-42.77322447299957,1.149915475398302,0.0004092704424510632,8192,0.9739233255386353,-2.1229652399999996,1223.0
1181,31,73,263168,-0.026461963323527016,-0.04087712988257408,-1.0416035652160645,0.289794921875,0.2,0.020417463,-42.78120458126068,0.007331991408136673,0.0004092704424510632,8208,0.9749826192855835,-2.1243944999999997,1223.0
1181,32,74,263680,-0.004164905039942823,0.2950332760810852,0.6432292461395264,0.007080078125,0.2,0.0039926646,-42.810943245887756,1.6576160294935107,0.0004092704424510632,8224,0.975534975528717,-2.1243944999999997,1223.0
1181,32,75,264192,-0.0245203023951035,-0.03927411139011383,-0.20339703559875488,0.1981201171875,0.2,0.012699644,-42.76562321186066,0.00401750578021165,0.0004092704424510632,8240,0.9720495939254761,-2.12321069,1223.0
1180,32,76,264704,-0.005327457198291086,0.25268200039863586,0.6901276707649231,0.0255126953125,0.2,0.006713868,-42.665531516075134,1.8578172894194722,0.0004092704424510632,8256,0.9710398316383362,-2.12321069,1223.0
1180,33,77,265216,-0.02597298344335286,-0.04095330834388733,-0.5150713920593262,0.256103515625,0.2,0.014830042,-42.64097309112549,0.0043344820878701285,0.0004092704424510632,8272,0.9700485467910767,-2.12321069,1223.0
1180,33,78,265728,-0.025861628993880004,-0.03712642565369606,0.28406476974487305,0.233642578125,0.2,0.017285317,-42.60633313655853,0.0026006620973930694,0.0004092704424510632,8288,0.9700164198875427,-2.1222661200000004,1223.0
1180,34,79,266240,-0.003656205255538225,0.22758032381534576,0.5045073628425598,0.02001953125,0.2,0.005020458,-42.59865617752075,1.45839165430516,0.0004092704424510632,8304,0.970281720161438,-2.1222661200000004,1223.0
1180,34,80,266752,-0.030164625990437344,-0.028766324743628502,-0.7916765213012695,0.2838134765625,0.2,0.0252257,-42.60349237918854,0.0023571226229250897,0.0004092704424510632,8320,0.9707093238830566,-2.12284788,1223.0
1180,35,81,267264,-0.0017768258549040183,0.2664620876312256,0.5523500442504883,0.0216064453125,0.2,0.0051415497,-42.61597383022308,1.5402017338201404,0.0004092704424510632,8336,0.9710310101509094,-2.12284788,1223.0
1180,35,82,267776,-0.028852871459093876,-0.040056247264146805,-0.7720390558242798,0.2734375,0.2,0.01757595,-42.644896268844604,0.002278230618685484,0.0004092704424510632,8352,0.9723585844039917,-2.12284788,1223.0
1180,36,83,268288,-0.024010889639612287,-0.015031268820166588,0.715980052947998,0.2508544921875,0.2,0.018689727,-42.68243622779846,0.0400444878032431,0.0004092704424510632,8368,0.9729654788970947,-2.1248717999999998,1223.0
1179,36,84,268800,-0.007280039964825846,0.07238423824310303,0.7520151734352112,0.0406494140625,0.2,0.009039776,-42.69928812980652,0.5274891946464777,0.0004092704424510632,8384,0.9732530117034912,-2.1248717999999998,1223.0
1179,36,85,269312,-0.02857641570153646,-0.03276970982551575,-2.139335870742798,0.261474609375,0.2,0.01379841,-42.69272422790527,0.006310671291430481,0.0004092704424510632,8400,0.9726549983024597,-2.1235237300000005,1223.0
1179,37,86,269824,-0.003855664297589101,0.556346595287323,0.5798289775848389,0.0128173828125,0.2,0.004733566,-42.679659366607666,1.783050011843443,0.0004092704424510632,8416,0.9724525809288025,-2.1235237300000005,1223.0
1179,37,87,270336,-0.027053915124270134,-0.03729256987571716,-4.425787925720215,0.2801513671875,0.2,0.021839049,-42.68525159358978,0.004533826853730716,0.0004092704424510632,8432,0.9728199243545532,-2.1240563199999998,1223.0
1179,38,88,270848,-0.0042315807222621515,0.1530178189277649,0.603676438331604,0.003662109375,0.2,0.0035175022,-42.70414316654205,1.5148598365485668,0.0004092704424510632,8448,0.9729552268981934,-2.1240563199999998,1223.0
1179,38,89,271360,-0.02900300532928668,-0.04615003243088722,-1.212026834487915,0.2733154296875,0.2,0.020681908,-42.68871307373047,0.0028650081403611694,0.0004092704424510632,8464,0.9717679023742676,-2.1240563199999998,1223.0
1179,39,90,271872,-0.024463393725454807,-0.03908020257949829,0.20108431577682495,0.243896484375,0.2,0.020791965,-42.67920756340027,0.0034814942846423946,0.0004092704424510632,8480,0.9735073447227478,-2.12552054,1223.0
1179,39,91,272384,-0.0013477207758114673,0.5029566287994385,0.5889806151390076,0.0087890625,0.2,0.0037120143,-42.725372672080994,1.6676545110531151,0.0004092704424510632,8496,0.9742079973220825,-2.12552054,1223.0
1179,39,92,272896,-0.02086187546956353,-0.027517318725585938,-1.432020902633667,0.2147216796875,0.2,0.020302638,-42.70366287231445,0.0206912997236941,0.0004092704424510632,8512,0.9722640514373779,-2.1261672299999996,1223.0
1179,40,93,273408,-0.003387128614122048,0.6589528918266296,0.8036350607872009,0.003662109375,0.2,0.0033341981,-42.64993679523468,2.034143105149269,0.0004092704424510632,8528,0.9716103672981262,-2.1261672299999996,1223.0
1179,40,94,273920,-0.022579750657314435,-0.03345959633588791,-1.8047065734863281,0.1890869140625,0.2,0.014007162,-42.63702750205994,0.003626220488513354,0.0004092704424510632,8544,0.9712052941322327,-2.1261672299999996,1223.0
1179,41,95,274432,-0.01370994326134678,0.08985422551631927,0.6820862889289856,0.0966796875,0.2,0.009161181,-42.61855161190033,0.3566766423173249,0.0004092704424510632,8560,0.9706592559814453,-2.1268896199999996,1223.0
1179,41,96,274944,-0.013432832405669615,-0.020440051332116127,0.9011704921722412,0.169189453125,0.2,0.022847608,-42.606473326683044,0.10468206676887348,0.0004092704424510632,8576,0.9706761837005615,-2.1268896199999996,1223.0
1179,42,97,275456,-0.026231016687233932,-0.02598433382809162,-0.7874810695648193,0.3287353515625,0.2,0.030002601,-42.637035608291626,0.023930641589686275,0.0004092704424510632,8592,0.9724858403205872,-2.12780494,1223.0
1179,42,98,275968,-0.004886325667030178,0.36104658246040344,0.7947395443916321,0.01708984375,0.2,0.004900622,-42.67677676677704,1.2433917773887515,0.0004092704424510632,8608,0.9729068875312805,-2.12780494,1223.0
1179,42,99,276480,-0.0277184423757717,-0.03573165088891983,0.012230157852172852,0.267822265625,0.2,0.020080853,-42.66311156749725,0.019621227082097903,0.0004092704424510632,8624,0.9718017578125,-2.1298099099999996,1223.0
1178,43,100,276992,-0.004443576093763113,0.45961305499076843,0.8298125267028809,0.0184326171875,0.2,0.005385739,-42.625641226768494,2.191877940669656,0.0004092704424510632,8640,0.9712623953819275,-2.1298099099999996,1223.0
1178,43,101,277504,-0.03241620665357914,-0.042033687233924866,-3.7468738555908203,0.2603759765625,0.2,0.017446471,-42.62282383441925,0.0029187943146098405,0.0004092704424510632,8656,0.9713138341903687,-2.1298099099999996,1223.0
1178,44,102,278016,-0.02640419578528963,-0.0346323698759079,0.2387397289276123,0.265380859375,0.2,0.019844813,-42.62229895591736,0.0024183875793823972,0.0004092704424510632,8672,0.9714527726173401,-2.1300267699999997,1223.0
1178,44,103,278528,-0.002997408519149758,0.11171193420886993,0.2939841151237488,0.02392578125,0.2,0.0053724116,-42.62218356132507,1.9498824030160904,0.0004092704424510632,8688,0.9714607000350952,-2.1300267699999997,1223.0
1178,45,104,279040,-0.03077971159655135,-0.03993046656250954,-2.8214051723480225,0.2662353515625,0.2,0.019324934,-42.63612759113312,0.0022376466567948228,0.0004092704424510632,8704,0.9729124307632446,-2.1272214099999998,1223.0
1178,45,105,279552,-0.004505093311308883,0.4949186444282532,0.4944804310798645,0.0380859375,0.2,0.005980922,-42.68059754371643,2.5530067491345108,0.0004092704424510632,8720,0.9735854268074036,-2.1272214099999998,1223.0
1178,46,106,280064,-0.028396686946507543,-0.023046443238854408,-1.3125333786010742,0.2718505859375,0.2,0.018170407,-42.69073283672333,0.004001510227681138,0.0004092704424510632,8736,0.9740376472473145,-2.1272214099999998,1223.0
1178,46,107,280576,-0.004550923273200169,0.8618906140327454,0.7148069143295288,0.0052490234375,0.2,0.0035706405,-42.70390343666077,1.3354675713926554,0.0004092704424510632,8752,0.9742451310157776,-2.12685058,1223.0
1178,46,108,281088,-0.019440639269305393,-0.024155817925930023,0.9767493605613708,0.18603515625,0.2,0.015297625,-42.70488119125366,0.01898779119073879,0.0004092704424510632,8768,0.9742606282234192,-2.12685058,1223.0
1178,47,109,281600,-0.02400362049957039,0.010459218174219131,0.4572575092315674,0.2330322265625,0.2,0.018388439,-42.67407429218292,0.09707722999155521,0.0004092704424510632,8784,0.9720943570137024,-2.1295457599999996,1223.0
1178,47,110,282112,-0.005079451882920694,1.2625645399093628,0.8812956213951111,0.0045166015625,0.2,0.0041814577,-42.62156283855438,1.4781199749559164,0.0004092704424510632,8800,0.971435010433197,-2.1295457599999996,1223.0
1178,48,111,282624,-0.01779314683517441,0.5584911704063416,0.35954809188842773,0.130859375,0.2,0.023284923,-42.61933875083923,1.2846225909888744,0.0004092704424510632,8816,0.9716292023658752,-2.13051032,1223.0
1178,48,112,283136,-0.0022552131849806756,1.2253320217132568,0.8870050311088562,0.0,0.2,0.0009089445,-42.625110030174255,3.2009313330054283,0.0004092704424510632,8832,0.9717310070991516,-2.13051032,1223.0
1178,49,113,283648,-0.022411545374779962,-0.023412881419062614,-18.54422950744629,0.18994140625,0.2,0.018639484,-42.6316077709198,0.04819716073689051,0.0004092704424510632,8848,0.9721828103065491,-2.13051032,1223.0
1178,49,114,284160,-0.029674218327272683,-0.04060954600572586,0.3080856204032898,0.271240234375,0.2,0.02053539,-42.67221677303314,0.002620516504975967,0.0004092704424510632,8864,0.974419891834259,-2.13112587,1223.0
1178,49,115,284672,-0.005037086688389536,0.08444112539291382,0.21539485454559326,0.0167236328125,0.2,0.0068914983,-42.735735297203064,1.618119006510824,0.0004092704424510632,8880,0.9753150343894958,-2.13112587,1223.0
1178,50,116,285184,-0.024757774255704135,-0.03741493448615074,0.13987290859222412,0.21923828125,0.2,0.01526052,-42.71718657016754,0.006556624110089615,0.0004092704424510632,8896,0.9727591276168823,-2.1336508700000003,1223.0
1178,50,117,285696,-0.0036947154585504904,0.17488232254981995,0.7164589166641235,0.016357421875,0.2,0.0058074454,-42.650750279426575,1.0052697183564305,0.0004092704424510632,8912,0.9717495441436768,-2.1336508700000003,1223.0
1178,51,118,286208,-0.027611121244262904,-0.03920438513159752,-0.6057312488555908,0.2476806640625,0.2,0.018381149,-42.68050992488861,0.002804928972182097,0.0004092704424510632,8928,0.9749764204025269,-2.1375367799999996,1223.0
1178,51,119,286720,-0.0030996846908237785,0.12858673930168152,0.6971995830535889,0.0067138671875,0.2,0.0056144246,-42.76642858982086,1.6108276443555951,0.0004092704424510632,8944,0.9759541153907776,-2.1375367799999996,1223.0
1178,52,120,287232,-0.03059988684253767,-0.050732724368572235,-0.7026406526565552,0.264404296875,0.2,0.01852059,-42.76157021522522,0.004623818043910433,0.0004092704424510632,8960,0.974649965763092,-2.1375367799999996,1223.0
1178,52,121,287744,-0.02369855044526048,-0.02947835996747017,0.4683024287223816,0.2421875,0.2,0.019153789,-42.7464702129364,0.003624962118919939,0.0004092704424510632,8976,0.9753971695899963,-2.13871918,1223.0
1178,53,122,288256,-0.00956634602334816,0.4561973512172699,0.6825798749923706,0.01953125,0.2,0.005706634,-42.7643700838089,1.7783912820741534,0.0004092704424510632,8992,0.9757893085479736,-2.13871918,1223.0
1178,53,123,288768,-0.02272241306491196,-0.02130201831459999,-0.751252293586731,0.23779296875,0.2,0.020160284,-42.78113532066345,0.019915481650969014,0.0004092704424510632,9008,0.9767837524414062,-2.13763494,1223.0
1178,53,124,289280,0.0014770856214454398,0.4492656886577606,0.8452727794647217,0.00341796875,0.2,0.0028200706,-42.817349314689636,1.2492384985089302,0.0004092704424510632,9024,0.9771262407302856,-2.13763494,1223.0
1178,54,125,289792,-0.03386168268480105,-0.038213230669498444,-7.047765731811523,0.2921142578125,0.2,0.021579567,-42.798588514328,0.0032966916187433526,0.0004092704424510632,9040,0.9751465916633606,-2.13763494,1223.0
1178,54,126,290304,-0.028529755873023532,-0.031992170959711075,0.6256101131439209,0.234130859375,0.2,0.019501962,-42.72679042816162,0.03402011061552912,0.0004092704424510632,9056,0.9731882214546204,-2.1374274099999995,1223.0
1178,55,127,290816,-0.008171005294570932,0.013433407992124557,0.7281953692436218,0.0440673828125,0.2,0.010664634,-42.69303822517395,0.5108554273610935,0.0004092704424510632,9072,0.9725493788719177,-2.1374274099999995,1223.0
1178,55,128,291328,-0.027281922637484968,-0.02264608070254326,-0.6650041341781616,0.275634765625,0.2,0.018630546,-42.66895627975464,0.0105390505050309,0.0004092704424510632,9088,0.9713941216468811,-2.1398382899999997,1223.0
1178,56,129,291840,-0.00042198535811621696,0.14655707776546478,0.6684314012527466,0.002197265625,0.2,0.0024223323,-42.64797842502594,2.3322625011205673,0.0004092704424510632,9104,0.9710596203804016,-2.1398382899999997,1223.0
1178,56,130,292352,-0.03018813577364199,-0.037676095962524414,-3.398115634918213,0.265869140625,0.2,0.02059322,-42.65070033073425,0.0039185213900054805,0.0004092704424510632,9120,0.9716882109642029,-2.1414692499999997,1223.0
1178,56,131,292864,-0.00014361378271132708,0.19331961870193481,0.6275060176849365,0.0,0.2,0.0018367158,-42.65159547328949,1.5074065113440156,0.0004092704424510632,9136,0.9717859029769897,-2.1414692499999997,1223.0
1178,57,132,293376,-0.024505942361429334,-0.03754227235913277,-1.0842006206512451,0.2275390625,0.2,0.01777198,-42.6308399438858,0.003423132213356439,0.0004092704424510632,9152,0.9699651598930359,-2.1414692499999997,1223.0
1178,57,133,293888,-0.032352787791751325,-0.04425905644893646,0.5188820362091064,0.305419921875,0.2,0.026282942,-42.57088768482208,0.008614163743914105,0.0004092704424510632,9168,0.9688072800636292,-2.1434107399999998,1223.0
1178,58,134,294400,-0.012770672794431448,0.14328143000602722,0.7503328323364258,0.070556640625,0.2,0.010357679,-42.558419704437256,1.2359427567571402,0.0004092704424510632,9184,0.9689139723777771,-2.1434107399999998,1223.0
1177,58,135,294912,-0.024024746264331043,-0.03728464990854263,-0.38301730155944824,0.258056640625,0.2,0.017780632,-42.555495858192444,0.012881859118351713,0.0004092704424510632,9200,0.9685238599777222,-2.1425112899999994,1223.0
1177,59,136,295424,-0.007929596606118139,0.25051236152648926,0.8372300863265991,0.01708984375,0.2,0.007298592,-42.545661091804504,1.070734261535108,0.0004092704424510632,9216,0.9684513807296753,-2.1425112899999994,1223.0
1177,59,137,295936,-0.03064152575097978,-0.039777226746082306,-6.897984504699707,0.281494140625,0.2,0.020954221,-42.51552772521973,0.0055545338364026975,0.0004092704424510632,9232,0.9661986231803894,-2.1425112899999994,1223.0
1177,60,138,296448,-0.02283805620390922,0.03325324505567551,0.7117710113525391,0.182373046875,0.2,0.020929968,-42.46067941188812,0.156645581824705,0.0004092704424510632,9248,0.9655027985572815,-2.1431124199999996,1223.0
1177,60,139,296960,-0.01932345420937054,-0.035972610116004944,0.8049680590629578,0.1612548828125,0.2,0.025537748,-42.447333574295044,0.18119745529838838,0.0004092704424510632,9264,0.9650910496711731,-2.1431124199999996,1223.0
1177,60,140,297472,-0.028159981724456884,-0.034674271941185,0.2231372594833374,0.26953125,0.2,0.022048298,-42.45910096168518,0.02197214512852952,0.0004092704424510632,9280,0.9666509032249451,-2.14171085,1223.0
1177,61,141,297984,-0.004592996614519507,0.22751107811927795,0.8434942960739136,0.0106201171875,0.2,0.004097113,-42.50417709350586,1.0076237190514803,0.0004092704424510632,9296,0.9672617316246033,-2.14171085,1223.0
1177,61,142,298496,-0.03268579705036245,-0.03150751441717148,-0.0010466575622558594,0.30078125,0.2,0.024594475,-42.53428375720978,0.017959693010197952,0.0004092704424510632,9312,0.9687219858169556,-2.1424724499999996,1223.0
1177,62,143,299008,-0.00040405808977084234,0.9346340298652649,0.7608162760734558,0.0072021484375,0.2,0.0034836554,-42.582618713378906,1.4399928422644734,0.0004092704424510632,9328,0.9692366123199463,-2.1424724499999996,1223.0
1177,62,144,299520,-0.027494654728798196,-0.04309023544192314,-1.0398931503295898,0.2364501953125,0.2,0.017078083,-42.59363865852356,0.0019225873511459213,0.0004092704424510632,9344,0.9700968861579895,-2.1424724499999996,1223.0
1177,63,145,300032,-0.0304567945713643,-0.034939032047986984,0.5685739517211914,0.302490234375,0.2,0.021997102,-42.61781930923462,0.010256353620206937,0.0004092704424510632,9360,0.9712907075881958,-2.1414844399999997,1223.0
1177,63,146,300544,0.0029713195472140796,0.3422565758228302,0.6769998669624329,0.0162353515625,0.2,0.0044544605,-42.63380825519562,1.341158710885793,0.0004092704424510632,9376,0.9715837836265564,-2.1414844399999997,1223.0
1176,63,147,301056,-0.024193745950469747,-0.03204475715756416,-0.5344878435134888,0.2288818359375,0.2,0.015850624,-42.64181339740753,0.0033189748719451018,0.0004092704424510632,9392,0.9721382856369019,-2.14163034,1223.0
