time/total_timesteps,time/iterations,time/fps,time/time_elapsed,train/entropy_loss,train/std,train/learning_rate,train/clip_fraction,train/value_loss,train/loss,train/explained_variance,train/policy_gradient_loss,train/approx_kl,train/clip_range,train/n_updates,rollout/ep_rew_mean,rollout/ep_len_mean
512,1,4249,0,,,,,,,,,,,,,
1024,2,1956,0,-43.97258400917053,0.9991422891616821,0.0004092704424510632,0.306640625,0.10247289734252263,-0.051682695746421814,-0.02747821807861328,-0.038514220737852156,0.024157371,0.2,16,,
1536,3,1662,0,-43.95468807220459,0.9990085363388062,0.0004092704424510632,0.2899169921875,0.003927017212845385,-0.03497171774506569,0.015415191650390625,-0.028145587391918525,0.018246222,0.2,32,-2.329557,1257.0
2048,4,1542,1,-43.95998966693878,0.9992919564247131,0.0004092704424510632,0.3140869140625,0.023395546129904687,-0.034614209085702896,0.003235340118408203,-0.033000816649291664,0.02016098,0.2,48,-2.329557,1257.0
2560,5,1481,1,-43.96426022052765,0.9994572997093201,0.0004092704424510632,0.2760009765625,0.0026167517680733,-0.037506282329559326,0.05979198217391968,-0.026289694375009276,0.020518944,0.2,64,-2.219878,1257.0
3072,6,1448,2,-43.94980299472809,0.9978824853897095,0.0004092704424510632,0.3096923828125,0.012050784833263606,-0.03123214840888977,0.030994892120361328,-0.027148721826961264,0.02520537,0.2,80,-2.219878,1257.0
3584,7,1422,2,-43.88390648365021,0.9956132769584656,0.0004092704424510632,0.2823486328125,0.003763066910323687,-0.03578227385878563,0.06387799978256226,-0.0290970221394673,0.021683607,0.2,96,-2.219878,1257.0
4096,8,1403,2,-43.833219051361084,0.9953818321228027,0.0004092704424510632,0.29443359375,0.00409543498972198,-0.029517659917473793,0.021362721920013428,-0.0296801603763015,0.020075124,0.2,112,-2.250310666666667,1257.0
4608,9,1390,3,-43.82188642024994,0.9941215515136719,0.0004092704424510632,0.27587890625,0.004305900503823068,-0.04256921634078026,0.10837650299072266,-0.030768357130000368,0.022287965,0.2,128,-2.250310666666667,1257.0
5120,10,1382,3,-43.779011607170105,0.993099570274353,0.0004092704424510632,0.2545166015625,0.0021329723786038812,-0.04864474758505821,0.12021100521087646,-0.027403190411860123,0.01792498,0.2,144,-2.2521547500000003,1257.0
5632,11,1370,4,-43.74870300292969,0.992340087890625,0.0004092704424510632,0.2568359375,0.0021528563120227773,-0.0347551628947258,-0.05089914798736572,-0.025074133052839898,0.015977431,0.2,160,-2.2521547500000003,1257.0
6144,12,1364,4,-43.7299839258194,0.9918758273124695,0.0004092704424510632,0.2777099609375,0.003245063991926145,-0.038449838757514954,0.12543517351150513,-0.02808343170909211,0.017531317,0.2,176,-2.2521547500000003,1257.0
6656,13,1359,4,-43.712857604026794,0.9912526607513428,0.0004092704424510632,0.1888427734375,0.003519084089930402,-0.017315629869699478,-0.009580373764038086,-0.018291605490958318,0.012813053,0.2,192,-2.2571160000000003,1257.0
7168,14,1356,5,-43.689515113830566,0.9903860688209534,0.0004092704424510632,0.2703857421875,0.006134725932497531,-0.0448865070939064,0.02250504493713379,-0.034575268378830515,0.017773502,0.2,208,-2.2571160000000003,1257.0
7680,15,1349,5,-43.65934872627258,0.9894165396690369,0.0004092704424510632,0.2340087890625,0.002967631651699776,-0.031985945999622345,0.07244890928268433,-0.024912021814088803,0.017093526,0.2,224,-2.2447440000000003,1257.0
8192,16,1346,6,-43.63417947292328,0.9889006614685059,0.0004092704424510632,0.2059326171875,0.009279431789764203,-0.01671733148396015,-0.010988712310791016,-0.021676476579159498,0.014362499,0.2,240,-2.2447440000000003,1257.0
8704,17,1340,6,-43.62658369541168,0.9889295101165771,0.0004092704424510632,0.2144775390625,0.00401588887325488,-0.027083728462457657,0.050886690616607666,-0.019465511737507768,0.016804624,0.2,256,-2.2447440000000003,1257.0
9216,18,1338,6,-43.616028904914856,0.9885805249214172,0.0004092704424510632,0.2701416015625,0.004885088244918734,-0.03316015005111694,-0.03375577926635742,-0.028340453398413956,0.020072509,0.2,272,-2.2667907142857144,1257.0
9728,19,1335,7,-43.60301220417023,0.9880510568618774,0.0004092704424510632,0.254150390625,0.018894429231295362,-0.027484849095344543,0.004039943218231201,-0.027571759186685085,0.020068333,0.2,288,-2.2667907142857144,1257.0
10240,20,1333,7,-43.58380722999573,0.9874220490455627,0.0004092704424510632,0.2747802734375,0.0036412834451766685,-0.04461761564016342,0.023008525371551514,-0.026220828265650198,0.020379074,0.2,304,-2.261204375,1257.0
10752,21,1331,8,-43.57179057598114,0.9876027703285217,0.0004092704424510632,0.325439453125,0.02184879983542487,-0.028175532817840576,-0.004440665245056152,-0.030597413919167593,0.024947988,0.2,320,-2.261204375,1257.0
11264,22,1329,8,-43.56543028354645,0.986653208732605,0.0004092704424510632,0.299072265625,0.0036104534010519274,-0.03678351268172264,0.04717111587524414,-0.029411571798846126,0.032508172,0.2,336,-2.261204375,1257.0
11776,23,1328,8,-43.54989290237427,0.9874476790428162,0.0004092704424510632,0.2642822265625,0.0036041350540472195,-0.037804193794727325,0.022418320178985596,-0.027073114630184136,0.023877315,0.2,352,-2.254172666666667,1257.0
12288,24,1326,9,-43.58171486854553,0.9877220392227173,0.0004092704424510632,0.2442626953125,0.0315740221994929,-0.014534076675772667,0.0014142990112304688,-0.02264593831205275,0.023293283,0.2,368,-2.254172666666667,1257.0
12800,25,1324,9,-43.56719946861267,0.9874206185340881,0.0004092704424510632,0.2427978515625,0.004619030522007961,-0.03906166926026344,0.021405577659606934,-0.02506546868244186,0.016659593,0.2,384,-2.2685524999999997,1257.0
13312,26,1323,10,-43.54754197597504,0.9859881401062012,0.0004092704424510632,0.2490234375,0.04110458435025066,-0.019480068236589432,-0.0018739700317382812,-0.02883080368337687,0.021603232,0.2,400,-2.2685524999999997,1257.0
13824,27,1323,10,-43.51089787483215,0.9857155680656433,0.0004092704424510632,0.250244140625,0.002998035299242474,-0.03172026202082634,0.04150122404098511,-0.02808565979648847,0.018827103,0.2,416,-2.2685524999999997,1257.0
14336,28,1322,10,-43.50008296966553,0.984632134437561,0.0004092704424510632,0.2227783203125,0.004302445944631472,-0.028403233736753464,-0.02261817455291748,-0.022586149294511415,0.014902286,0.2,432,-2.251558818181818,1257.0
14848,29,1321,11,-43.45233726501465,0.9833062887191772,0.0004092704424510632,0.2320556640625,0.010151585753192194,-0.02622942067682743,0.01933753490447998,-0.02168340652133338,0.01909267,0.2,448,-2.251558818181818,1257.0
15360,30,1320,11,-43.42215156555176,0.9827501773834229,0.0004092704424510632,0.2191162109375,0.0034514887374825776,-0.026292651891708374,0.045578837394714355,-0.022672372520901263,0.019179799,0.2,464,-2.234839833333333,1257.0
15872,31,1319,12,-43.39149987697601,0.9811152815818787,0.0004092704424510632,0.2261962890625,0.06680412392597646,-0.011061958968639374,-0.0002835988998413086,-0.028973753564059734,0.016266994,0.2,480,-2.234839833333333,1257.0
16384,32,1318,12,-43.34381139278412,0.9808403253555298,0.0004092704424510632,0.179443359375,0.002907193931605434,-0.03325631096959114,0.02979344129562378,-0.01900819069123827,0.014212159,0.2,496,-2.2276613846153843,1257.0
16896,33,1317,12,-43.34131717681885,0.9806808829307556,0.0004092704424510632,0.2222900390625,0.07014099042862654,-0.010756578296422958,-0.00927579402923584,-0.025158758347970434,0.021204624,0.2,512,-2.2276613846153843,1257.0
17408,34,1316,13,-43.31775605678558,0.9792408347129822,0.0004092704424510632,0.263427734375,0.003485390348942019,-0.035571929067373276,0.01129007339477539,-0.029476183859515004,0.01749153,0.2,528,-2.2276613846153843,1257.0
17920,35,1316,13,-43.27159106731415,0.9780986309051514,0.0004092704424510632,0.226806640625,0.004140866843954427,-0.04208896681666374,0.0025484561920166016,-0.02538074339099694,0.019339442,0.2,544,-2.2352761428571424,1257.0
18432,36,1315,14,-43.25436735153198,0.978451132774353,0.0004092704424510632,0.2816162109375,0.09460274316370487,0.002459391951560974,6.133317947387695e-05,-0.030670611129608005,0.021803956,0.2,560,-2.2352761428571424,1257.0
18944,37,1314,14,-43.25394928455353,0.9773439168930054,0.0004092704424510632,0.2872314453125,0.002364754749578424,-0.03063073754310608,0.009513258934020996,-0.029871013248339295,0.019347418,0.2,576,-2.230751666666666,1257.0
19456,38,1313,14,-43.20753359794617,0.976272702217102,0.0004092704424510632,0.3065185546875,0.08549349405802786,0.009370710700750351,-0.0005034208297729492,-0.02853668043098878,0.03071859,0.2,592,-2.230751666666666,1257.0
19968,39,1313,15,-43.214579820632935,0.9783523082733154,0.0004092704424510632,0.2244873046875,0.003958874767704401,-0.03604060411453247,0.005350649356842041,-0.02171753195580095,0.016238626,0.2,608,-2.230751666666666,1257.0
20480,40,1312,15,-43.26954448223114,0.9790347218513489,0.0004092704424510632,0.244140625,0.003997353473096155,-0.03960198536515236,0.0003014802932739258,-0.02598275971104158,0.017626744,0.2,624,-2.2323970625,1257.0
20992,41,1311,16,-43.2875189781189,0.9799662232398987,0.0004092704424510632,0.2364501953125,0.11261260160245001,0.021062389016151428,0.00012809038162231445,-0.024750931668677367,0.016100723,0.2,640,-2.2323970625,1257.0
21504,42,1311,16,-43.289045453071594,0.9785720109939575,0.0004092704424510632,0.2535400390625,0.0026244258478982374,-0.02600691467523575,0.00554656982421875,-0.024167300914996304,0.018169515,0.2,656,-2.2304210588235294,1257.0
22016,43,1311,16,-43.23499882221222,0.9773552417755127,0.0004092704424510632,0.2559814453125,0.10894468566402793,0.013106901198625565,3.826618194580078e-05,-0.027046928298659623,0.018691087,0.2,672,-2.2304210588235294,1257.0
22528,44,1310,17,-43.200095534324646,0.9761884212493896,0.0004092704424510632,0.2347412109375,0.004807510274986271,-0.02290593460202217,0.0028325915336608887,-0.022028895851690322,0.018641833,0.2,688,-2.2304210588235294,1257.0
23040,45,1310,17,-43.16972863674164,0.9753693342208862,0.0004092704424510632,0.2364501953125,0.005195978366828058,-0.04394583776593208,-0.0007342100143432617,-0.025971383452997543,0.017619867,0.2,704,-2.236326,1257.0
23552,46,1309,17,-43.16848528385162,0.9765128493309021,0.0004092704424510632,0.305908203125,0.1287806211039424,0.00823388621211052,6.860494613647461e-05,-0.030002722392964642,0.025750004,0.2,720,-2.236326,1257.0
24064,47,1309,18,-43.19581866264343,0.9765751957893372,0.0004092704424510632,0.2117919921875,0.003448875177127775,-0.028503691777586937,0.002435445785522461,-0.022365896686096676,0.013559168,0.2,736,-2.243134789473684,1257.0
24576,48,1308,18,-43.19030940532684,0.9765840768814087,0.0004092704424510632,0.25390625,0.13148136832751334,0.022628027945756912,0.000288546085357666,-0.025346598238684237,0.023456795,0.2,752,-2.243134789473684,1257.0
25088,49,1308,19,-43.187613129615784,0.9761296510696411,0.0004092704424510632,0.2816162109375,0.004756364614877384,-0.031218210235238075,-0.0016949176788330078,-0.02585322468803497,0.024643037,0.2,768,-2.243134789473684,1257.0
25600,50,1307,19,-43.177669405937195,0.9759424924850464,0.0004092704424510632,0.231689453125,0.004718176707683597,-0.026595722883939743,-0.001803755760192871,-0.025455068185692653,0.016756004,0.2,784,-2.2506708499999997,1257.0
26112,51,1306,19,-43.16806375980377,0.9752395749092102,0.0004092704424510632,0.266845703125,0.14449459151364863,0.05188845843076706,0.0001963973045349121,-0.02361796799232252,0.024417784,0.2,800,-2.2506708499999997,1257.0
26624,52,1306,20,-43.15744936466217,0.9757951498031616,0.0004092704424510632,0.229248046875,0.004174173292994965,-0.029401583597064018,0.0007104277610778809,-0.024226114233897533,0.016279671,0.2,816,-2.2600818095238093,1257.0
27136,53,1306,20,-43.151296854019165,0.9735879302024841,0.0004092704424510632,0.208984375,0.1590937899891287,0.05087073892354965,0.00045287609100341797,-0.022919420182006434,0.017876597,0.2,832,-2.2600818095238093,1257.0
27648,54,1305,21,-43.081854939460754,0.9727522730827332,0.0004092704424510632,0.23681640625,0.003496595600154251,-0.0418795570731163,-0.05307614803314209,-0.024252277478808537,0.019159548,0.2,848,-2.2600818095238093,1257.0
28160,55,1305,21,-43.0876989364624,0.9738394021987915,0.0004092704424510632,0.2120361328125,0.004930118921038229,-0.03618175908923149,0.0012308359146118164,-0.02309788372076582,0.015844472,0.2,864,-2.259911318181818,1257.0
28672,56,1305,21,-43.12774741649628,0.9752082228660583,0.0004092704424510632,0.2828369140625,0.04512446539592929,-0.014400038868188858,9.530782699584961e-05,-0.021375620970502496,0.02416008,0.2,880,-2.259911318181818,1257.0
29184,57,1304,22,-43.174397349357605,0.976511538028717,0.0004092704424510632,0.249267578125,0.004420513185323216,-0.04120099917054176,0.0014194846153259277,-0.025799694762099534,0.024046429,0.2,896,-2.2639271739130433,1257.0
29696,58,1304,22,-43.189340233802795,0.9761266112327576,0.0004092704424510632,0.2509765625,0.19088191911578178,0.058365434408187866,0.00018167495727539062,-0.027537535366718657,0.02744859,0.2,912,-2.2639271739130433,1257.0
30208,59,1303,23,-43.17877244949341,0.9764674305915833,0.0004092704424510632,0.29638671875,0.0031800018332432956,-0.04319404438138008,0.0026297569274902344,-0.030708607169799507,0.025184106,0.2,928,-2.2647125,1257.0
30720,60,1303,23,-43.1898877620697,0.9757277965545654,0.0004092704424510632,0.25537109375,0.19039083132520318,0.0754360556602478,0.00021654367446899414,-0.0264458750752965,0.026562613,0.2,944,-2.2647125,1257.0
31232,61,1303,23,-43.16136944293976,0.9757224321365356,0.0004092704424510632,0.2901611328125,0.004315077436331194,-0.04465064778923988,-0.07540631294250488,-0.03537781196064316,0.02719206,0.2,960,-2.2647125,1257.0
31744,62,1303,24,-43.14798164367676,0.9740563631057739,0.0004092704424510632,0.21337890625,0.003808102002949454,-0.031805235892534256,-0.00027441978454589844,-0.022990974175627343,0.016827565,0.2,976,-2.26117528,1257.0
32256,63,1302,24,-43.081868171691895,0.9718669056892395,0.0004092704424510632,0.2261962890625,0.20719513669610023,0.06561660766601562,0.00014901161193847656,-0.024785285801044665,0.024809513,0.2,992,-2.26117528,1257.0
32768,64,1302,25,-43.044373989105225,0.972182035446167,0.0004092704424510632,0.2354736328125,0.002227139862952754,-0.04053827002644539,0.00023293495178222656,-0.02709052080172114,0.01639942,0.2,1008,-2.2558437307692305,1257.0
33280,65,1302,25,-43.04838526248932,0.9714415669441223,0.0004092704424510632,0.2156982421875,0.19220115034841,0.059813857078552246,0.0004640817642211914,-0.022358924703439698,0.018447187,0.2,1024,-2.2558437307692305,1257.0
33792,66,1302,25,-43.022979617118835,0.9713470935821533,0.0004092704424510632,0.2330322265625,0.0036267990872147493,-0.041060421615839005,-0.2451416254043579,-0.027515338937519118,0.018961195,0.2,1040,-2.2558437307692305,1257.0
34304,67,1302,26,-43.031216979026794,0.9722059965133667,0.0004092704424510632,0.223388671875,0.004642384956241585,-0.036648109555244446,-0.0013880729675292969,-0.023973189992830157,0.017921988,0.2,1056,-2.2570815925925922,1257.0
34816,68,1302,26,-43.05151569843292,0.9728859066963196,0.0004092704424510632,0.2322998046875,0.19191058771684766,0.0594489723443985,0.0001570582389831543,-0.024326837476110086,0.020380948,0.2,1072,-2.2570815925925922,1257.0
35328,69,1302,27,-43.04858219623566,0.9715313911437988,0.0004092704424510632,0.2132568359375,0.004062317908392288,-0.0381569005548954,-0.0013767480850219727,-0.02435967340716161,0.019692881,0.2,1088,-2.2583984285714283,1257.0
35840,70,1302,27,-42.99525201320648,0.9700602889060974,0.0004092704424510632,0.2828369140625,0.18115876941010356,0.02419695258140564,0.00039064884185791016,-0.029398793456493877,0.023808721,0.2,1104,-2.2583984285714283,1257.0
36352,71,1301,27,-42.957839012145996,0.9698069095611572,0.0004092704424510632,0.2410888671875,0.0035449134302325547,-0.028194677084684372,-0.09984040260314941,-0.024961488117696717,0.017313749,0.2,1120,-2.2583984285714283,1257.0
36864,72,1301,28,-42.95923852920532,0.9697703719139099,0.0004092704424510632,0.24609375,0.0039581879318575375,-0.027968088164925575,0.0006874799728393555,-0.026818545709829777,0.022278717,0.2,1136,-2.2508098620689654,1257.0
37376,73,1301,28,-42.93043529987335,0.9678252339363098,0.0004092704424510632,0.2537841796875,0.19963045697659254,0.05162167549133301,0.00014263391494750977,-0.0260413157302537,0.021914108,0.2,1152,-2.2508098620689654,1257.0
37888,74,1301,29,-42.89318788051605,0.968204140663147,0.0004092704424510632,0.2215576171875,0.0044070358635508455,-0.0415538065135479,-0.00025916099548339844,-0.027060734370024875,0.016268887,0.2,1168,-2.256287466666666,1257.0
38400,75,1301,29,-42.894293427467346,0.9665684103965759,0.0004092704424510632,0.264404296875,0.18300547497346997,0.0379706509411335,0.00040525197982788086,-0.02677804285485763,0.034317255,0.2,1184,-2.256287466666666,1257.0
38912,76,1300,29,-42.840534806251526,0.9660964608192444,0.0004092704424510632,0.2476806640625,0.004989120650861878,-0.024870384484529495,-0.10698497295379639,-0.023653710406506434,0.023079395,0.2,1200,-2.256287466666666,1257.0
39424,77,1300,30,-42.859333753585815,0.9672567248344421,0.0004092704424510632,0.265380859375,0.0035644369636429474,-0.04573807492852211,-0.0009691715240478516,-0.03253178714658134,0.01864446,0.2,1216,-2.254613903225806,1257.0
39936,78,1300,30,-42.902358293533325,0.9687148928642273,0.0004092704424510632,0.236572265625,0.185767091345042,0.06718510389328003,0.00015121698379516602,-0.027210962944081984,0.023143109,0.2,1232,-2.254613903225806,1257.0
40448,79,1299,31,-42.90370452404022,0.9672903418540955,0.0004092704424510632,0.255859375,0.0038139759126352146,-0.04063313826918602,-0.002173185348510742,-0.024579081655247137,0.022484142,0.2,1248,-2.2529291249999996,1257.0
40960,80,1298,31,-42.853445291519165,0.9662662744522095,0.0004092704424510632,0.2275390625,0.1929964921437204,0.05896727740764618,0.0002856254577636719,-0.027063663917942904,0.016767263,0.2,1264,-2.2529291249999996,1257.0
41472,81,1298,31,-42.82074475288391,0.9652848839759827,0.0004092704424510632,0.2935791015625,0.0032461047303513624,-0.027416791766881943,-0.014830589294433594,-0.0291029976651771,0.023434078,0.2,1280,-2.2529291249999996,1257.0
41984,82,1298,32,-42.8121520280838,0.9660810232162476,0.0004092704424510632,0.285888671875,0.004496827561524697,-0.04682827368378639,-0.0030936002731323242,-0.03322604560526088,0.022394443,0.2,1296,-2.251367727272727,1257.0
42496,83,1298,32,-42.844173192977905,0.9672179222106934,0.0004092704424510632,0.2657470703125,0.07461547676939517,0.009450603276491165,9.149312973022461e-05,-0.02424043949577026,0.031997666,0.2,1312,-2.251367727272727,1257.0
43008,84,1297,33,-42.89159560203552,0.9687966704368591,0.0004092704424510632,0.1986083984375,0.0050862816933658905,-0.02728860080242157,0.00016009807586669922,-0.021508075056772213,0.014837741,0.2,1328,-2.2512860882352936,1257.0
43520,85,1297,33,-42.933701276779175,0.9694772362709045,0.0004092704424510632,0.26025390625,0.22188772121444345,0.0816393718123436,0.0001590251922607422,-0.025783338816836476,0.022890214,0.2,1344,-2.2512860882352936,1257.0
44032,86,1297,33,-42.95772421360016,0.9707249999046326,0.0004092704424510632,0.24560546875,0.0027517724010976963,-0.0364561453461647,-0.005982637405395508,-0.02547703339951113,0.01830669,0.2,1360,-2.2473622571428566,1257.0
44544,87,1297,34,-42.994778990745544,0.9717252850532532,0.0004092704424510632,0.2467041015625,0.20814637979492545,0.06402559578418732,0.0004017353057861328,-0.027659922721795738,0.025598653,0.2,1376,-2.2473622571428566,1257.0
45056,88,1297,34,-43.022987961769104,0.9722997546195984,0.0004092704424510632,0.18310546875,0.0037773060830659233,-0.032740816473960876,-0.38568806648254395,-0.018682115012779832,0.018121645,0.2,1392,-2.2473622571428566,1257.0
45568,89,1297,35,-43.04552912712097,0.9738600850105286,0.0004092704424510632,0.200439453125,0.004019207488454413,-0.029955895617604256,0.000448763370513916,-0.023940215949551202,0.014396416,0.2,1408,-2.2462206666666664,1257.0
46080,90,1297,35,-43.08154046535492,0.9732431173324585,0.0004092704424510632,0.2529296875,0.2313297246582806,0.07108190655708313,2.9146671295166016e-05,-0.02722896236809902,0.029239519,0.2,1424,-2.2462206666666664,1257.0
46592,91,1297,35,-43.06713569164276,0.9738126993179321,0.0004092704424510632,0.2706298828125,0.0017294183344347402,-0.046671029180288315,-0.00019788742065429688,-0.0312267668050481,0.021038335,0.2,1440,-2.2443953783783783,1257.0
47104,92,1297,36,-43.0990195274353,0.9746111631393433,0.0004092704424510632,0.2171630859375,0.20811942778527737,0.08196351677179337,4.839897155761719e-05,-0.024075632711173967,0.020611921,0.2,1456,-2.2443953783783783,1257.0
47616,93,1297,36,-43.08637070655823,0.9723990559577942,0.0004092704424510632,0.2728271484375,0.0032042005404946394,-0.043565839529037476,-0.006407499313354492,-0.028341952536720783,0.016378367,0.2,1472,-2.2443953783783783,1257.0
48128,94,1297,37,-43.01627743244171,0.9713320136070251,0.0004092704424510632,0.2552490234375,0.004254116131050978,-0.03514095023274422,0.00023692846298217773,-0.026148896635277197,0.018954601,0.2,1488,-2.241492289473684,1257.0
48640,95,1297,37,-42.9803010225296,0.9692984223365784,0.0004092704424510632,0.2149658203125,0.21840936411172152,0.07793623208999634,4.1961669921875e-05,-0.023597270883328747,0.018030122,0.2,1504,-2.241492289473684,1257.0
49152,96,1296,37,-42.916980147361755,0.9681087136268616,0.0004092704424510632,0.23779296875,0.0033826383369159885,-0.03953099995851517,0.0001550912857055664,-0.030778236949117854,0.01566678,0.2,1520,-2.2388683846153845,1257.0
49664,97,1296,38,-42.89547109603882,0.9679786562919617,0.0004092704424510632,0.206787109375,0.20594764314591885,0.08079051971435547,7.325410842895508e-05,-0.021296066464856267,0.018122207,0.2,1536,-2.2388683846153845,1257.0
50176,98,1296,38,-42.89584410190582,0.9684338569641113,0.0004092704424510632,0.2235107421875,0.004350851661001798,-0.03665708750486374,-0.007778644561767578,-0.024747312447289005,0.014579618,0.2,1552,-2.2388683846153845,1257.0
50688,99,1296,39,-42.9202094078064,0.9696639180183411,0.0004092704424510632,0.2589111328125,0.0041043117380468175,-0.03661925718188286,0.0002276301383972168,-0.025373104610480368,0.017666176,0.2,1568,-2.23831755,1257.0
51200,100,1296,39,-42.92245268821716,0.968319296836853,0.0004092704424510632,0.2105712890625,0.21706887427717447,0.07342677563428879,3.534555435180664e-05,-0.02081934260786511,0.016638063,0.2,1584,-2.23831755,1257.0
51712,101,1296,39,-42.88799262046814,0.968274712562561,0.0004092704424510632,0.2393798828125,0.0031687391274317633,-0.030834941193461418,0.0002524256706237793,-0.023805143893696368,0.020811785,0.2,1600,-2.2413199024390242,1257.0
52224,102,1296,40,-42.88907480239868,0.9677704572677612,0.0004092704424510632,0.2567138671875,0.19861510768532753,0.05235094949603081,5.125999450683594e-05,-0.027205598322325386,0.021716112,0.2,1616,-2.2413199024390242,1257.0
52736,103,1296,40,-42.87009394168854,0.9674472808837891,0.0004092704424510632,0.238037109375,0.003390565085283015,-0.03410680964589119,-0.0002758502960205078,-0.025825946540862788,0.023319587,0.2,1632,-2.2413199024390242,1257.0
53248,104,1296,41,-42.8610714673996,0.9673121571540833,0.0004092704424510632,0.225341796875,0.004185160905763041,-0.025576438754796982,0.00040268898010253906,-0.020933916937792674,0.015879035,0.2,1648,-2.2349102857142857,1257.0
53760,105,1296,41,-42.84456717967987,0.9667391180992126,0.0004092704424510632,0.24951171875,0.19874596456065774,0.0708371102809906,4.023313522338867e-05,-0.023614222125615925,0.02404595,0.2,1664,-2.2349102857142857,1257.0
54272,106,1296,41,-42.84504985809326,0.9683432579040527,0.0004092704424510632,0.241455078125,0.004006260089226998,-0.041546277701854706,0.00015157461166381836,-0.026161405199673027,0.020224508,0.2,1680,-2.2280942790697673,1257.0
54784,107,1296,42,-42.912153363227844,0.9701364040374756,0.0004092704424510632,0.20703125,0.19937223801389337,0.08918404579162598,4.845857620239258e-05,-0.022179271967615932,0.017095331,0.2,1696,-2.2280942790697673,1257.0
55296,108,1296,42,-42.947802901268005,0.9707761406898499,0.0004092704424510632,0.265869140625,0.00466296513332054,-0.042524054646492004,-0.0003635883331298828,-0.0270053143176483,0.02561758,0.2,1712,-2.2280942790697673,1257.0
55808,109,1296,43,-42.94748902320862,0.9699267745018005,0.0004092704424510632,0.1981201171875,0.006053074903320521,-0.029268695041537285,0.00038039684295654297,-0.02143215885735117,0.014811859,0.2,1728,-2.2301040681818183,1257.0
56320,110,1296,43,-42.92336118221283,0.9698726534843445,0.0004092704424510632,0.283935546875,0.09623838088009506,0.008668981492519379,3.629922866821289e-05,-0.024462659494020045,0.030776946,0.2,1744,-2.2301040681818183,1257.0
56832,111,1296,43,-42.93658220767975,0.9707294702529907,0.0004092704424510632,0.2530517578125,0.004537959655863233,-0.029850726947188377,0.0003007650375366211,-0.028070521788322367,0.01893327,0.2,1760,-2.2310829777777776,1257.0
57344,112,1296,44,-42.94963455200195,0.9700314402580261,0.0004092704424510632,0.191162109375,0.23107166914269328,0.096900574862957,5.519390106201172e-05,-0.018849368585506454,0.016084284,0.2,1776,-2.2310829777777776,1257.0
57856,113,1296,44,-42.91178548336029,0.9687668681144714,0.0004092704424510632,0.262939453125,0.004349130394984968,-0.03225860744714737,-0.0003622770309448242,-0.02534755232045427,0.019764796,0.2,1792,-2.2349139347826084,1257.0
58368,114,1296,45,-42.89196169376373,0.9688755869865417,0.0004092704424510632,0.22705078125,0.22424397198483348,0.09348401427268982,6.568431854248047e-05,-0.02448516435106285,0.022154503,0.2,1808,-2.2349139347826084,1257.0
58880,115,1296,45,-42.88943028450012,0.9683932065963745,0.0004092704424510632,0.2008056640625,0.0031219334705383517,-0.030432039871811867,-0.03875148296356201,-0.01847955651464872,0.015954088,0.2,1824,-2.2349139347826084,1257.0
59392,116,1296,45,-42.89130175113678,0.9695457816123962,0.0004092704424510632,0.20947265625,0.004192832988337614,-0.030506132170557976,0.00019401311874389648,-0.02254774552420713,0.014450542,0.2,1840,-2.2327968936170213,1257.0
59904,117,1296,46,-42.92094302177429,0.9699414372444153,0.0004092704424510632,0.1959228515625,0.24647571612149477,0.0843319520354271,3.9458274841308594e-05,-0.02036311999836471,0.015689358,0.2,1856,-2.2327968936170213,1257.0
60416,118,1296,46,-42.913591265678406,0.9695507287979126,0.0004092704424510632,0.2008056640625,0.0025816912020673044,-0.03791715204715729,-0.0008845329284667969,-0.022604649791901466,0.015026518,0.2,1872,-2.2323495416666668,1257.0
60928,119,1296,46,-42.91210317611694,0.969733476638794,0.0004092704424510632,0.197265625,0.21648146165534854,0.0732288733124733,7.748603820800781e-05,-0.0225269167276565,0.016037047,0.2,1888,-2.2323495416666668,1257.0
61440,120,1296,47,-42.89485943317413,0.9684370756149292,0.0004092704424510632,0.2210693359375,0.005292845213261899,-0.03460266813635826,-0.2217179536819458,-0.02276625475496985,0.01814177,0.2,1904,-2.2323495416666668,1257.0
61952,121,1296,47,-42.857975244522095,0.9683277010917664,0.0004092704424510632,0.20458984375,0.004361861661891453,-0.024761879816651344,4.2378902435302734e-05,-0.023658166028326377,0.015763512,0.2,1920,-2.2300205102040818,1257.0
62464,122,1296,48,-42.85479557514191,0.9673320651054382,0.0004092704424510632,0.1767578125,0.21481673186644912,0.0831495076417923,3.707408905029297e-05,-0.017821274930611253,0.012781829,0.2,1936,-2.2300205102040818,1257.0
62976,123,1296,48,-42.804869294166565,0.9651837348937988,0.0004092704424510632,0.217529296875,0.003132729878416285,-0.038043517619371414,0.00014030933380126953,-0.02496988669736311,0.018589288,0.2,1952,-2.22823518,1257.0
63488,124,1296,48,-42.73324632644653,0.9629840850830078,0.0004092704424510632,0.2080078125,0.19936905289068818,0.0697191059589386,4.6253204345703125e-05,-0.021805411350214854,0.017440164,0.2,1968,-2.22823518,1257.0
64000,125,1296,49,-42.688536047935486,0.9627211093902588,0.0004092704424510632,0.28466796875,0.003602079814299941,-0.02806136943399906,-0.0005769729614257812,-0.025182766723446548,0.020485803,0.2,1984,-2.22823518,1257.0
64512,126,1296,49,-42.68666660785675,0.9620168209075928,0.0004092704424510632,0.2215576171875,0.006033941317582503,-0.030680889263749123,0.00017321109771728516,-0.02406296561093768,0.017544143,0.2,2000,-2.2243019411764706,1257.0
65024,127,1296,50,-42.66427493095398,0.9608267545700073,0.0004092704424510632,0.237548828125,0.21123150829225779,0.0719446912407875,4.6312808990478516e-05,-0.022295072820270434,0.014434536,0.2,2016,-2.2243019411764706,1257.0
65536,128,1296,50,-42.63982546329498,0.9610729217529297,0.0004092704424510632,0.2452392578125,0.004472718122997321,-0.020785458385944366,0.00018036365509033203,-0.020191333947877865,0.018792741,0.2,2032,-2.224196519230769,1257.0
66048,129,1296,50,-42.6462961435318,0.9606022238731384,0.0004092704424510632,0.3035888671875,0.19447364378720522,0.05259839445352554,7.897615432739258e-05,-0.029295919055584818,0.021751054,0.2,2048,-2.224196519230769,1257.0
66560,130,1295,51,-42.61069869995117,0.9592554569244385,0.0004092704424510632,0.290771484375,0.004048592469189316,-0.037229638546705246,-0.05592453479766846,-0.030165272968588397,0.0236229,0.2,2064,-2.224196519230769,1257.0
67072,131,1295,51,-42.57939052581787,0.9585782885551453,0.0004092704424510632,0.238525390625,0.005339266448572744,-0.03214888274669647,4.965066909790039e-05,-0.027772778121288866,0.01585339,0.2,2080,-2.2246303018867923,1257.0
67584,132,1295,52,-42.57296597957611,0.9585744142532349,0.0004092704424510632,0.2828369140625,0.20791788212954998,0.06458538770675659,3.731250762939453e-05,-0.02683452829660382,0.023167253,0.2,2096,-2.2246303018867923,1257.0
68096,133,1295,52,-42.55785059928894,0.9573789834976196,0.0004092704424510632,0.2581787109375,0.00456136955472175,-0.026102550327777863,-0.00023806095123291016,-0.02618035054183565,0.018494457,0.2,2112,-2.2194965185185187,1257.0
68608,134,1295,52,-42.51691675186157,0.9560791254043579,0.0004092704424510632,0.262451171875,0.20633946591988206,0.057299625128507614,5.179643630981445e-05,-0.025794753099035006,0.021485679,0.2,2128,-2.2194965185185187,1257.0
69120,135,1295,53,-42.48189830780029,0.9557024836540222,0.0004092704424510632,0.2481689453125,0.003085835436650086,-0.0313073992729187,-0.0032039880752563477,-0.02216995818162104,0.02097556,0.2,2144,-2.2194965185185187,1257.0
69632,136,1295,53,-42.46805787086487,0.9545696973800659,0.0004092704424510632,0.239013671875,0.004607922805007547,-0.03926645219326019,0.00016635656356811523,-0.02733530668047024,0.01720963,0.2,2160,-2.217623872727273,1257.0
70144,137,1295,54,-42.42962574958801,0.9539971947669983,0.0004092704424510632,0.26416015625,0.11509320000186563,0.018396291881799698,2.586841583251953e-05,-0.021862126188352704,0.03590507,0.2,2176,-2.217623872727273,1257.0
70656,138,1295,54,-42.40648663043976,0.9523851871490479,0.0004092704424510632,0.2147216796875,0.004821444999834057,-0.021928349509835243,-0.00025200843811035156,-0.02266202084138058,0.01619229,0.2,2192,-2.2190944285714282,1257.0
71168,139,1295,54,-42.34765160083771,0.9508779644966125,0.0004092704424510632,0.273681640625,0.23736896459013224,0.07019178569316864,1.6629695892333984e-05,-0.028510968608316034,0.023904085,0.2,2208,-2.2190944285714282,1257.0
71680,140,1295,55,-42.28237450122833,0.9484342932701111,0.0004092704424510632,0.279296875,0.0038932959505473264,-0.037339963018894196,-0.00038313865661621094,-0.025132671944447793,0.026657842,0.2,2224,-2.219303807017544,1257.0
72192,141,1295,55,-42.20443665981293,0.9464909434318542,0.0004092704424510632,0.2418212890625,0.22660004766657948,0.0985112413764,3.4928321838378906e-05,-0.01738537101482507,0.013629638,0.2,2240,-2.219303807017544,1257.0
72704,142,1295,56,-42.14941906929016,0.9450297951698303,0.0004092704424510632,0.2288818359375,0.004835071333218366,-0.03395373001694679,-0.02254045009613037,-0.020893020380754024,0.013692163,0.2,2256,-2.219303807017544,1257.0
73216,143,1295,56,-42.11873161792755,0.9445750713348389,0.0004092704424510632,0.2373046875,0.00332461914877058,-0.023475704714655876,-0.00016558170318603516,-0.02244250879448373,0.013978029,0.2,2272,-2.218139362068966,1257.0
73728,144,1295,56,-42.10751450061798,0.9439366459846497,0.0004092704424510632,0.280517578125,0.23681581066921353,0.07789219915866852,1.0728836059570312e-05,-0.02822408443898894,0.025690082,0.2,2288,-2.218139362068966,1257.0
74240,145,1294,57,-42.06670784950256,0.9418740272521973,0.0004092704424510632,0.2421875,0.0023568517826788593,-0.037701405584812164,-0.0002535581588745117,-0.029341219807974994,0.017382853,0.2,2304,-2.217488372881356,1257.0
74752,146,1294,57,-42.01254892349243,0.9407656192779541,0.0004092704424510632,0.2579345703125,0.21697053709067404,0.06092965602874756,2.1576881408691406e-05,-0.02565134195901919,0.024949184,0.2,2320,-2.217488372881356,1257.0
75264,147,1294,58,-42.001442670822144,0.9417558312416077,0.0004092704424510632,0.3094482421875,0.004569074211758561,-0.04323265329003334,-0.0017197132110595703,-0.02958595016389154,0.029400917,0.2,2336,-2.217488372881356,1257.0
75776,1,4218,0,-42.04810929298401,0.9434329867362976,0.0004092704424510632,0.293212890625,0.0049234802354476415,-0.04530290514230728,-1.6927719116210938e-05,-0.03014599171001464,0.023952315,0.2,2352,-2.2160063000000005,1257.0
76288,2,1779,0,-42.067248940467834,0.942074716091156,0.0004092704424510632,0.2679443359375,0.22175978356972337,0.09053446352481842,1.4543533325195312e-05,-0.024103830597596243,0.022862379,0.2,2368,-2.2160063000000005,1257.0
76800,3,1564,0,-42.00816822052002,0.9412701725959778,0.0004092704424510632,0.2745361328125,0.003723957997863181,-0.03998570144176483,-3.552436828613281e-05,-0.03199747813050635,0.02124364,0.2,2384,-2.213258147540984,1257.0
77312,4,1491,1,-41.99427950382233,0.9409081935882568,0.0004092704424510632,0.240966796875,0.20895062293857336,0.07573345303535461,2.4616718292236328e-05,-0.02390124832163565,0.021469194,0.2,2400,-2.213258147540984,1257.0
77824,5,1447,1,-41.97994911670685,0.9404093027114868,0.0004092704424510632,0.2672119140625,0.004069692215125542,-0.048736896365880966,-0.0003916025161743164,-0.03000464866636321,0.023978556,0.2,2416,-2.213258147540984,1257.0
78336,6,1422,2,-41.98159623146057,0.941691517829895,0.0004092704424510632,0.212890625,0.006173530739033595,-0.02199714258313179,-1.0848045349121094e-05,-0.02383723671664484,0.014580332,0.2,2432,-2.2115632903225815,1257.0
78848,7,1402,2,-42.03127670288086,0.9432000517845154,0.0004092704424510632,0.1922607421875,0.22059233486652374,0.06605885177850723,1.9788742065429688e-05,-0.019764231896260753,0.015061002,0.2,2448,-2.2115632903225815,1257.0
79360,8,1389,2,-42.065128326416016,0.9436776041984558,0.0004092704424510632,0.279296875,0.0038423357109422795,-0.0405772402882576,-5.698204040527344e-05,-0.030283597254310735,0.021622892,0.2,2464,-2.2100409841269846,1257.0
79872,9,1380,3,-42.06703996658325,0.9434844255447388,0.0004092704424510632,0.2330322265625,0.1984553523361683,0.054993610829114914,3.11732292175293e-05,-0.024080338422209024,0.01842436,0.2,2480,-2.2100409841269846,1257.0
80384,10,1370,3,-42.038087248802185,0.9418981671333313,0.0004092704424510632,0.2509765625,0.00363068567821756,-0.035022903233766556,-0.0006357431411743164,-0.02610695397015661,0.017039571,0.2,2496,-2.2100409841269846,1257.0
80896,11,1363,4,-42.00941848754883,0.9417579770088196,0.0004092704424510632,0.215576171875,0.004146570652665105,-0.030627865344285965,-4.76837158203125e-07,-0.023392609495203942,0.014480119,0.2,2512,-2.209801125,1257.0
81408,12,1355,4,-41.99681353569031,0.9407379031181335,0.0004092704424510632,0.2598876953125,0.20963434455916286,0.05726874619722366,2.5272369384765625e-05,-0.02742265626147855,0.01967287,0.2,2528,-2.209801125,1257.0
81920,13,1350,4,-41.97440493106842,0.9406567215919495,0.0004092704424510632,0.2310791015625,0.004308590410801116,-0.03666171431541443,-1.1444091796875e-05,-0.02468313909776043,0.017852822,0.2,2544,-2.2057761230769226,1257.0
82432,14,1346,5,-41.98107624053955,0.9413004517555237,0.0004092704424510632,0.2158203125,0.20252966322004795,0.04943503439426422,2.5331974029541016e-05,-0.02432877046521753,0.020307329,0.2,2560,-2.2057761230769226,1257.0
82944,15,1342,5,-41.99759328365326,0.9414336085319519,0.0004092704424510632,0.18115234375,0.003733140605618246,-0.03688715025782585,-0.0007110834121704102,-0.02157684919075109,0.019436292,0.2,2576,-2.2057761230769226,1257.0
83456,16,1340,6,-41.99247086048126,0.9417511224746704,0.0004092704424510632,0.161376953125,0.004778991555212997,-0.029973706230521202,6.884336471557617e-05,-0.021352227937313728,0.012417945,0.2,2592,-2.2025140303030297,1257.0
83968,17,1335,6,-41.99263775348663,0.94185471534729,0.0004092704424510632,0.2777099609375,0.12507559242658317,0.02236238867044449,1.728534698486328e-05,-0.027407482382841408,0.027174743,0.2,2608,-2.2025140303030297,1257.0
84480,18,1332,6,-41.99100875854492,0.9414066672325134,0.0004092704424510632,0.2462158203125,0.0037717821178375743,-0.040075257420539856,0.00010925531387329102,-0.026682100069592707,0.019513117,0.2,2624,-2.2024763283582085,1257.0
84992,19,1330,7,-41.986080050468445,0.941822350025177,0.0004092704424510632,0.26513671875,0.22059514233842492,0.07153957337141037,2.378225326538086e-05,-0.02561420275014825,0.022100966,0.2,2640,-2.2024763283582085,1257.0
85504,20,1329,7,-42.0067880153656,0.9423700571060181,0.0004092704424510632,0.20263671875,0.004712569716502912,-0.008427036926150322,-0.000517725944519043,-0.021695623290725052,0.016661184,0.2,2656,-2.2011974705882347,1257.0
86016,21,1327,8,-42.02478551864624,0.9429394006729126,0.0004092704424510632,0.251953125,0.2172453342936933,0.06891246885061264,3.55839729309082e-05,-0.027028443219023757,0.020803029,0.2,2672,-2.2011974705882347,1257.0
86528,22,1325,8,-42.03424775600433,0.9427542686462402,0.0004092704424510632,0.2054443359375,0.005864337566890754,-0.03137446567416191,-0.012127161026000977,-0.02096194858313538,0.0171908,0.2,2688,-2.2011974705882347,1257.0
87040,23,1322,8,-42.018977999687195,0.941891074180603,0.0004092704424510632,0.1915283203125,0.00448135995247867,-0.025832215324044228,6.854534149169922e-05,-0.025088099588174373,0.012911391,0.2,2704,-2.203804739130434,1257.0
87552,24,1320,9,-41.99917483329773,0.9421370029449463,0.0004092704424510632,0.229248046875,0.24104157835245132,0.05967240780591965,1.2695789337158203e-05,-0.024038850373472087,0.022181954,0.2,2720,-2.203804739130434,1257.0
88064,25,1319,9,-42.00919580459595,0.9422963261604309,0.0004092704424510632,0.2508544921875,0.002612326312373625,-0.033203087747097015,-0.0004227161407470703,-0.02805081513361074,0.019396413,0.2,2736,-2.2029743428571424,1257.0
88576,26,1318,10,-42.0101500749588,0.9422850012779236,0.0004092704424510632,0.2103271484375,0.21523796301335096,0.0666830986738205,2.187490463256836e-05,-0.022165226211654954,0.017228734,0.2,2752,-2.2029743428571424,1257.0
89088,27,1317,10,-41.99896538257599,0.9412453770637512,0.0004092704424510632,0.20751953125,0.004480525341932662,-0.0371810644865036,-0.00031948089599609375,-0.023364588880212978,0.015192347,0.2,2768,-2.2029743428571424,1257.0
89600,28,1317,10,-41.95111274719238,0.9397101402282715,0.0004092704424510632,0.20458984375,0.006473131885286421,-0.034086182713508606,-1.7881393432617188e-06,-0.01991640025516972,0.016852343,0.2,2784,-2.202687338028168,1257.0
90112,29,1314,11,-41.909398436546326,0.9388442635536194,0.0004092704424510632,0.252197265625,0.2284500258974731,0.06301935017108917,1.6510486602783203e-05,-0.027508262312039733,0.02146969,0.2,2800,-2.202687338028168,1257.0
90624,30,1313,11,-41.873016595840454,0.9371907114982605,0.0004092704424510632,0.25634765625,0.0032202562761085574,-0.04627769812941551,-0.00011372566223144531,-0.03117840804043226,0.02246381,0.2,2816,-2.2020773888888887,1257.0
91136,31,1313,12,-41.85399031639099,0.9380130171775818,0.0004092704424510632,0.242919921875,0.20512018958106637,0.09052752703428268,2.8312206268310547e-05,-0.025528902435326017,0.01956347,0.2,2832,-2.2020773888888887,1257.0
91648,32,1312,12,-41.88241124153137,0.9384265542030334,0.0004092704424510632,0.2198486328125,0.0031263538839994,-0.046516284346580505,-0.000536799430847168,-0.02305971708119614,0.018119216,0.2,2848,-2.2020773888888887,1257.0
92160,33,1311,12,-41.88063943386078,0.9381891489028931,0.0004092704424510632,0.1907958984375,0.004945308799506165,-0.03293779492378235,2.104043960571289e-05,-0.024235178396338597,0.013159772,0.2,2864,-2.199784109589041,1257.0
92672,34,1311,13,-41.87021827697754,0.9381588101387024,0.0004092704424510632,0.2203369140625,0.21598883718252182,0.05857326090335846,2.5570392608642578e-05,-0.023410130728734657,0.016636912,0.2,2880,-2.199784109589041,1257.0
93184,35,1310,13,-41.86029136180878,0.9377127289772034,0.0004092704424510632,0.2650146484375,0.004925660672597587,-0.05038765072822571,-6.365776062011719e-05,-0.028454916071495973,0.017949238,0.2,2896,-2.198371945945946,1257.0
93696,36,1310,14,-41.8428156375885,0.9370057582855225,0.0004092704424510632,0.2091064453125,0.2027699463069439,0.07597146928310394,3.1054019927978516e-05,-0.019442857446847484,0.015488787,0.2,2912,-2.198371945945946,1257.0
94208,37,1310,14,-41.82407903671265,0.9371808171272278,0.0004092704424510632,0.2689208984375,0.004493315034778789,-0.03342599421739578,-0.00038874149322509766,-0.02638345063314773,0.027695227,0.2,2928,-2.198371945945946,1257.0
94720,38,1310,14,-41.80524969100952,0.9350513219833374,0.0004092704424510632,0.2421875,0.004521082795690745,-0.03153159096837044,7.05718994140625e-05,-0.029235749068902805,0.018699674,0.2,2944,-2.2011724533333332,1257.0
95232,39,1309,15,-41.752084493637085,0.9349902868270874,0.0004092704424510632,0.2911376953125,0.2148898160085082,0.044059403240680695,3.0338764190673828e-05,-0.030152830062434077,0.026341245,0.2,2960,-2.2011724533333332,1257.0
95744,40,1309,15,-41.75006127357483,0.9340624809265137,0.0004092704424510632,0.244140625,0.005098471287055872,-0.030030766502022743,-0.0002351999282836914,-0.02571347964112647,0.018872732,0.2,2976,-2.2024240131578945,1257.0
96256,41,1309,16,-41.71246826648712,0.9331608414649963,0.0004092704424510632,0.237060546875,0.21222724812105298,0.06852104514837265,1.2576580047607422e-05,-0.025404400512343273,0.02387957,0.2,2992,-2.2024240131578945,1257.0
96768,42,1308,16,-41.70343065261841,0.9337583184242249,0.0004092704424510632,0.2625732421875,0.003494351534754969,-0.03797530010342598,-0.00017011165618896484,-0.03148206124024,0.019078594,0.2,3008,-2.2024240131578945,1257.0
97280,43,1308,16,-41.71971869468689,0.9334071278572083,0.0004092704424510632,0.185791015625,0.00392206236574566,-0.04045931249856949,4.470348358154297e-06,-0.019696972653036937,0.012899267,0.2,3024,-2.2020744675324675,1257.0
97792,44,1308,17,-41.69956314563751,0.9324963688850403,0.0004092704424510632,0.2962646484375,0.14516608277335763,0.050836510956287384,1.0192394256591797e-05,-0.026029065062175505,0.02716183,0.2,3040,-2.2020744675324675,1257.0
98304,45,1308,17,-41.65493547916412,0.9306401014328003,0.0004092704424510632,0.195556640625,0.004068056819960475,-0.0250605009496212,-2.753734588623047e-05,-0.022812990413513035,0.012332149,0.2,3056,-2.201632346153846,1257.0
98816,46,1307,18,-41.59805238246918,0.9293996095657349,0.0004092704424510632,0.2115478515625,0.23291020188480616,0.06388591974973679,1.3232231140136719e-05,-0.02354001038474962,0.016862743,0.2,3072,-2.201632346153846,1257.0
99328,47,1307,18,-41.54980516433716,0.9275467991828918,0.0004092704424510632,0.340576171875,0.0037598594499286264,-0.03974556177854538,-0.00042760372161865234,-0.033799855707911775,0.0334892,0.2,3088,-2.199434417721519,1257.0
99840,48,1306,18,-41.47689616680145,0.9251656532287598,0.0004092704424510632,0.2940673828125,0.22718999022617936,0.09374163299798965,1.5497207641601562e-05,-0.0297548484231811,0.024102628,0.2,3104,-2.199434417721519,1257.0
100352,49,1306,19,-41.42185163497925,0.9246082305908203,0.0004092704424510632,0.230712890625,0.004644677865144331,-0.02659684605896473,-0.0002332925796508789,-0.025602092791814357,0.020558424,0.2,3120,-2.199434417721519,1257.0
100864,50,1306,19,-41.42166090011597,0.9248544573783875,0.0004092704424510632,0.2645263671875,0.004977065604180098,-0.04121838137507439,5.3942203521728516e-05,-0.02725611838104669,0.020444475,0.2,3136,-2.2006484375,1257.0
101376,51,1305,19,-41.412721991539,0.9237845540046692,0.0004092704424510632,0.2496337890625,0.24456191156059504,0.11614665389060974,1.3172626495361328e-05,-0.024633023160276935,0.019811476,0.2,3152,-2.2006484375,1257.0
101888,52,1305,20,-41.35989212989807,0.9218876957893372,0.0004092704424510632,0.2548828125,0.0023632521006220486,-0.024127766489982605,-0.0006200075149536133,-0.025534651562338695,0.017972767,0.2,3168,-2.1983792098765433,1257.0
102400,53,1304,20,-41.317954301834106,0.9219316840171814,0.0004092704424510632,0.204345703125,0.21223751734942198,0.06157730519771576,2.6226043701171875e-05,-0.021136549417860806,0.0180643,0.2,3184,-2.1983792098765433,1257.0
102912,54,1304,21,-41.326332569122314,0.9222568869590759,0.0004092704424510632,0.2550048828125,0.004551749829261098,-0.04037996754050255,-0.0012494325637817383,-0.028240988089237362,0.018183425,0.2,3200,-2.1983792098765433,1257.0
103424,55,1304,21,-41.33713495731354,0.9229340553283691,0.0004092704424510632,0.205078125,0.003949951526010409,-0.02732694335281849,-2.5033950805664062e-06,-0.024625213220133446,0.014399662,0.2,3216,-2.1954496829268293,1257.0
103936,56,1304,21,-41.362871050834656,0.9236294627189636,0.0004092704424510632,0.2891845703125,0.22195240017026663,0.06260275840759277,1.4662742614746094e-05,-0.03356031791190617,0.027795777,0.2,3232,-2.1954496829268293,1257.0
104448,57,1303,22,-41.391624331474304,0.9246918559074402,0.0004092704424510632,0.207275390625,0.0026631746477505658,-0.03543306887149811,-0.00011444091796875,-0.0200536981865298,0.015459396,0.2,3248,-2.1932314578313252,1257.0
104960,58,1304,22,-41.39066159725189,0.9229068160057068,0.0004092704424510632,0.19189453125,0.20614886051043868,0.09337026625871658,2.288818359375e-05,-0.01987973920768127,0.017013332,0.2,3264,-2.1932314578313252,1257.0
105472,59,1303,23,-41.34909212589264,0.9232867956161499,0.0004092704424510632,0.240478515625,0.005037383736635093,-0.04333878308534622,-0.00027120113372802734,-0.025533515843562782,0.021652406,0.2,3280,-2.1932314578313252,1257.0
105984,60,1303,23,-41.38723647594452,0.9243384599685669,0.0004092704424510632,0.211669921875,0.0051075479641440324,-0.026040375232696533,6.109476089477539e-05,-0.024850776098901406,0.0147629995,0.2,3296,-2.1951572738095235,1257.0
106496,61,1303,23,-41.40870416164398,0.9244361519813538,0.0004092704424510632,0.18212890625,0.2142890547402203,0.0723358541727066,1.9490718841552734e-05,-0.017615888878935948,0.017063417,0.2,3312,-2.1951572738095235,1257.0
107008,62,1303,24,-41.41055774688721,0.9250400066375732,0.0004092704424510632,0.2353515625,0.004611150463460945,-0.03447258844971657,-4.0411949157714844e-05,-0.027159262186614797,0.020219114,0.2,3328,-2.1927504352941174,1257.0
107520,63,1303,24,-41.41548025608063,0.9241790175437927,0.0004092704424510632,0.20263671875,0.19665835704654455,0.0564098134636879,2.8967857360839844e-05,-0.02259034496091772,0.016105484,0.2,3344,-2.1927504352941174,1257.0
108032,64,1303,25,-41.380831360816956,0.9236544966697693,0.0004092704424510632,0.29052734375,0.003438242660195101,-0.052824076265096664,-0.0007796287536621094,-0.029657229752046987,0.022366792,0.2,3360,-2.1927504352941174,1257.0
108544,65,1302,25,-41.38514947891235,0.9241901636123657,0.0004092704424510632,0.2452392578125,0.003398361863219179,-0.03675507381558418,3.719329833984375e-05,-0.024355040048249066,0.022988474,0.2,3376,-2.1892261162790696,1257.0
109056,66,1302,25,-41.418601512908936,0.9252435564994812,0.0004092704424510632,0.2916259765625,0.20809794636443257,0.04693516343832016,2.658367156982422e-05,-0.03084579182905145,0.029708613,0.2,3392,-2.1892261162790696,1257.0
109568,67,1302,26,-41.4331271648407,0.9246319532394409,0.0004092704424510632,0.2310791015625,0.004610086165484972,-0.04163208603858948,4.482269287109375e-05,-0.02467886327940505,0.015480187,0.2,3408,-2.1857041149425287,1257.0
110080,68,1302,26,-41.41880011558533,0.9251472353935242,0.0004092704424510632,0.315673828125,0.19426817633211613,0.044855210930109024,1.5556812286376953e-05,-0.03278262686217204,0.036492594,0.2,3424,-2.1857041149425287,1257.0
110592,69,1301,27,-41.42816400527954,0.9245766401290894,0.0004092704424510632,0.2840576171875,0.003549089509760961,-0.047517966479063034,-0.0002894401550292969,-0.03129453654401004,0.024696268,0.2,3440,-2.1857041149425287,1257.0
111104,70,1301,27,-41.41858446598053,0.9250251650810242,0.0004092704424510632,0.22265625,0.003999887892859988,-0.03980318084359169,2.777576446533203e-05,-0.0240923197416123,0.016018653,0.2,3456,-2.18425525,1257.0
111616,71,1301,27,-41.444384813308716,0.9260412454605103,0.0004092704424510632,0.289306640625,0.14559562993235886,0.04747019708156586,2.2470951080322266e-05,-0.02647444006288424,0.037684217,0.2,3472,-2.18425525,1257.0
112128,72,1301,28,-41.46652686595917,0.9261009693145752,0.0004092704424510632,0.2728271484375,0.005312069566571154,-0.03936905041337013,0.0001227259635925293,-0.027991206865408458,0.02423921,0.2,3488,-2.1834340786516857,1257.0
112640,73,1301,28,-41.46300530433655,0.9258995056152344,0.0004092704424510632,0.2213134765625,0.22096226923167706,0.08042706549167633,1.800060272216797e-05,-0.025709582958370447,0.019809145,0.2,3504,-2.1834340786516857,1257.0
113152,74,1301,29,-41.4560352563858,0.9255374670028687,0.0004092704424510632,0.2811279296875,0.003326544217998162,-0.03179853409528732,-0.0005211830139160156,-0.028080106727429666,0.02933025,0.2,3520,-2.182112444444445,1257.0
113664,75,1301,29,-41.4493066072464,0.9254493713378906,0.0004092704424510632,0.2393798828125,0.20681701973080635,0.07171310484409332,2.956390380859375e-05,-0.028234728117240593,0.018255848,0.2,3536,-2.182112444444445,1257.0
114176,76,1300,29,-41.451720118522644,0.9253347516059875,0.0004092704424510632,0.20361328125,0.004032862532767467,-0.04179614409804344,-0.001344919204711914,-0.027296257292618975,0.015019009,0.2,3552,-2.182112444444445,1257.0
114688,77,1300,30,-41.431798815727234,0.9239317178726196,0.0004092704424510632,0.19677734375,0.0045257243982632644,-0.03761376440525055,3.898143768310547e-05,-0.02046594394778367,0.015702303,0.2,3568,-2.1794050989010993,1257.0
115200,78,1300,30,-41.39349377155304,0.9235120415687561,0.0004092704424510632,0.1856689453125,0.2155925645492971,0.08207622170448303,1.3172626495361328e-05,-0.019525835115928203,0.01495719,0.2,3584,-2.1794050989010993,1257.0
115712,79,1300,31,-41.37181878089905,0.922236979007721,0.0004092704424510632,0.2623291015625,0.0038284898982965387,-0.0290522463619709,-0.00040352344512939453,-0.026417924513225444,0.016465664,0.2,3600,-2.1748209021739133,1257.0
116224,80,1300,31,-41.33732068538666,0.9216582179069519,0.0004092704424510632,0.27197265625,0.19414890743792057,0.0646602064371109,1.0371208190917969e-05,-0.02462742108036764,0.022476288,0.2,3616,-2.1748209021739133,1257.0
116736,81,1300,31,-41.33385419845581,0.9219575524330139,0.0004092704424510632,0.238037109375,0.003347902194946073,-0.029842743650078773,-0.0007709264755249023,-0.022213873802684247,0.019668568,0.2,3632,-2.1748209021739133,1257.0
117248,82,1300,32,-41.33100211620331,0.9210708141326904,0.0004092704424510632,0.185546875,0.005433389138488565,-0.023202933371067047,5.155801773071289e-05,-0.021246873613563366,0.015308915,0.2,3648,-2.1757576236559144,1257.0
117760,83,1299,32,-41.30965209007263,0.9211506843566895,0.0004092704424510632,0.2384033203125,0.2082748650573194,0.07044462114572525,9.59634780883789e-06,-0.024063903154456057,0.017725725,0.2,3664,-2.1757576236559144,1257.0
118272,84,1299,33,-41.31854259967804,0.9214391112327576,0.0004092704424510632,0.29833984375,0.0028063884674338624,-0.04277071729302406,-0.0001348257064819336,-0.03509749815566465,0.030104384,0.2,3680,-2.175183276595745,1257.0
118784,85,1299,33,-41.3053674697876,0.9202283620834351,0.0004092704424510632,0.2579345703125,0.19044162426143885,0.07622657716274261,1.817941665649414e-05,-0.02416749854455702,0.022358285,0.2,3696,-2.175183276595745,1257.0
119296,86,1299,33,-41.238757729530334,0.9180580377578735,0.0004092704424510632,0.2056884765625,0.0038551471079699695,-0.027067881077528,-0.00021755695343017578,-0.022379220303264447,0.017133981,0.2,3712,-2.175183276595745,1257.0
119808,87,1298,34,-41.16147696971893,0.9159691333770752,0.0004092704424510632,0.2064208984375,0.004328041868575383,-0.02634035423398018,7.69495964050293e-05,-0.02304239284421783,0.013726259,0.2,3728,-2.1748342947368426,1257.0
120320,88,1298,34,-41.1172354221344,0.9158287048339844,0.0004092704424510632,0.2786865234375,0.20338020706549287,0.04632224887609482,1.8894672393798828e-05,-0.03226174751762301,0.024523245,0.2,3744,-2.1748342947368426,1257.0
120832,89,1298,35,-41.112380266189575,0.9152942895889282,0.0004092704424510632,0.1744384765625,0.0030543056527676526,-0.03476005047559738,-3.266334533691406e-05,-0.016017000889405608,0.014293263,0.2,3760,-2.1735489895833333,1257.0
121344,90,1298,35,-41.11021530628204,0.9162825345993042,0.0004092704424510632,0.20947265625,0.18839830718934536,0.058797601610422134,1.3232231140136719e-05,-0.024491193529684097,0.01855028,0.2,3776,-2.1735489895833333,1257.0
121856,91,1298,35,-41.15072441101074,0.9174076914787292,0.0004092704424510632,0.302490234375,0.004250965728715528,-0.03384189307689667,-0.00019216537475585938,-0.03125306201400235,0.024473052,0.2,3792,-2.1735489895833333,1257.0
122368,92,1298,36,-41.182209610939026,0.9185793995857239,0.0004092704424510632,0.1580810546875,0.004585674345435109,-0.02897997573018074,2.4378299713134766e-05,-0.01823577139293775,0.010340437,0.2,3808,-2.170085855670103,1257.0
122880,93,1298,36,-41.19519281387329,0.9176453351974487,0.0004092704424510632,0.2059326171875,0.19848742801696062,0.07944008708000183,1.0371208190917969e-05,-0.021333213004254503,0.01739652,0.2,3824,-2.170085855670103,1257.0
123392,94,1297,37,-41.16657638549805,0.917190432548523,0.0004092704424510632,0.261962890625,0.00461876999179367,-0.0504491850733757,-2.6106834411621094e-05,-0.0334414440440014,0.01958531,0.2,3840,-2.1695929693877547,1257.0
123904,95,1297,37,-41.164777398109436,0.9170945286750793,0.0004092704424510632,0.249755859375,0.1901695306878537,0.05867326259613037,1.0609626770019531e-05,-0.025671490802778862,0.025781255,0.2,3856,-2.1695929693877547,1257.0
124416,96,1297,37,-41.18436253070831,0.9186631441116333,0.0004092704424510632,0.2396240234375,0.0032948062726063654,-0.03761759400367737,-0.00024068355560302734,-0.026251190807670355,0.019422956,0.2,3872,-2.1695929693877547,1257.0
124928,97,1297,38,-41.218833327293396,0.918525755405426,0.0004092704424510632,0.2330322265625,0.004555692947178613,-0.024010317400097847,4.738569259643555e-05,-0.026222201719065197,0.020006504,0.2,3888,-2.1672777979797977,1257.0
125440,98,1297,38,-41.19382059574127,0.9178497791290283,0.0004092704424510632,0.2899169921875,0.14938026340678334,0.03061496466398239,1.4185905456542969e-05,-0.024517429803381674,0.025820859,0.2,3904,-2.1672777979797977,1257.0
125952,99,1297,39,-41.18085694313049,0.9180166721343994,0.0004092704424510632,0.236083984375,0.004592614423017949,-0.02753690630197525,2.562999725341797e-06,-0.026041321689262986,0.019613909,0.2,3920,-2.16833512,1257.0
126464,100,1297,39,-41.210487723350525,0.9193798899650574,0.0004092704424510632,0.2510986328125,0.20482508651912212,0.07384735345840454,1.4483928680419922e-05,-0.026425423377077095,0.019955365,0.2,3936,-2.16833512,1257.0
126976,101,1297,39,-41.24029326438904,0.9190858006477356,0.0004092704424510632,0.316162109375,0.0042096264733118005,-0.0453701913356781,-0.0006957054138183594,-0.033865118472022004,0.025914237,0.2,3952,-2.16479027,1257.0
127488,102,1297,40,-41.23043429851532,0.9195463061332703,0.0004092704424510632,0.2550048828125,0.20268239080905914,0.05755138397216797,2.282857894897461e-05,-0.026228847913444042,0.021198818,0.2,3968,-2.16479027,1257.0
128000,103,1297,40,-41.24090576171875,0.9197498559951782,0.0004092704424510632,0.2734375,0.003732663368282374,-0.02985202521085739,-0.0012074708938598633,-0.027243011485552415,0.021384269,0.2,3984,-2.16479027,1257.0
128512,104,1297,41,-41.23575150966644,0.9193772673606873,0.0004092704424510632,0.1993408203125,0.006561438291100785,-0.02209264039993286,-0.0005047321319580078,-0.021270576224196702,0.015967831,0.2,4000,-2.16424672,1257.0
129024,105,1296,41,-41.21213519573212,0.9180651307106018,0.0004092704424510632,0.1923828125,0.2060582903213799,0.07765436917543411,8.404254913330078e-06,-0.019484440592350438,0.0149271125,0.2,4016,-2.16424672,1257.0
129536,106,1296,41,-41.14772939682007,0.9156813621520996,0.0004092704424510632,0.230224609375,0.0025730831439432222,-0.03429405763745308,-0.0003870725631713867,-0.02351915765029844,0.019056529,0.2,4032,-2.1607550100000004,1257.0
130048,107,1296,42,-41.0940545797348,0.9149477481842041,0.0004092704424510632,0.239501953125,0.18973329942673445,0.06056290864944458,1.806020736694336e-05,-0.024710227618925273,0.017996464,0.2,4048,-2.1607550100000004,1257.0
130560,108,1296,42,-41.090075612068176,0.9158598184585571,0.0004092704424510632,0.216552734375,0.003764142165891826,-0.02877199463546276,-0.0002752542495727539,-0.024380000977544114,0.016986318,0.2,4064,-2.1607550100000004,1257.0
131072,109,1296,43,-41.111705899238586,0.9153929948806763,0.0004092704424510632,0.257568359375,0.004367867950350046,-0.040792860090732574,6.866455078125e-05,-0.029018374436418526,0.01956247,0.2,4080,-2.15752267,1257.0
131584,110,1296,43,-41.08725821971893,0.9143829345703125,0.0004092704424510632,0.27880859375,0.19267732789739966,0.046387750655412674,1.8358230590820312e-05,-0.028763848647940904,0.024740491,0.2,4096,-2.15752267,1257.0
132096,111,1296,43,-41.04739999771118,0.9132519960403442,0.0004092704424510632,0.2491455078125,0.0022984069219091907,-0.049928054213523865,-0.0001277923583984375,-0.029033296596026048,0.019253967,0.2,4112,-2.1541534799999997,1257.0
132608,112,1296,44,-41.02770209312439,0.9131549596786499,0.0004092704424510632,0.2344970703125,0.17893953900784254,0.03983569145202637,2.5272369384765625e-05,-0.023905610883957706,0.023513865,0.2,4128,-2.1541534799999997,1257.0
133120,113,1296,44,-41.00916576385498,0.9120524525642395,0.0004092704424510632,0.2381591796875,0.004491302286623977,-0.039884667843580246,-0.00038623809814453125,-0.024940743838669732,0.021652617,0.2,4144,-2.1541534799999997,1257.0
133632,114,1296,45,-40.98069655895233,0.9122025370597839,0.0004092704424510632,0.1859130859375,0.004143881604250055,-0.01731920801103115,8.016824722290039e-05,-0.01998503872891888,0.013923569,0.2,4160,-2.15087202,1257.0
134144,115,1296,45,-40.99561548233032,0.9122028350830078,0.0004092704424510632,0.2177734375,0.19174123089760542,0.07381224632263184,1.4960765838623047e-05,-0.018944473573355936,0.018241547,0.2,4176,-2.15087202,1257.0
134656,116,1296,45,-41.006338238716125,0.9134354591369629,0.0004092704424510632,0.2542724609375,0.0036027573733008467,-0.04122619703412056,1.817941665649414e-05,-0.030012637173058465,0.022708956,0.2,4192,-2.14791906,1257.0
135168,117,1295,46,-41.03903245925903,0.913939893245697,0.0004092704424510632,0.2125244140625,0.1779027129523456,0.035711199045181274,1.3649463653564453e-05,-0.02079327822139021,0.016752768,0.2,4208,-2.14791906,1257.0
135680,118,1295,46,-41.05061602592468,0.9145695567131042,0.0004092704424510632,0.284423828125,0.003927661993657239,-0.044434480369091034,-0.0001455545425415039,-0.03237389626156073,0.024783004,0.2,4224,-2.14791906,1257.0
136192,119,1295,47,-41.05273461341858,0.9139443635940552,0.0004092704424510632,0.2098388671875,0.005057708971435204,-0.029154960066080093,5.245208740234375e-05,-0.02416997918044217,0.013192465,0.2,4240,-2.1459730500000003,1257.0
136704,120,1295,47,-41.01379370689392,0.9128857254981995,0.0004092704424510632,0.259033203125,0.18932179594412446,0.039337508380413055,1.3828277587890625e-05,-0.02678274553909432,0.022602707,0.2,4256,-2.1459730500000003,1257.0
137216,121,1295,47,-40.97759473323822,0.9120481014251709,0.0004092704424510632,0.2088623046875,0.00497658911626786,-0.031090784817934036,-2.0623207092285156e-05,-0.023063340748194605,0.016219212,0.2,4272,-2.1445471100000004,1257.0
137728,122,1295,48,-40.97043967247009,0.9126030206680298,0.0004092704424510632,0.16845703125,0.17953682458028197,0.059937916696071625,1.1801719665527344e-05,-0.017978458374273032,0.014758397,0.2,4288,-2.1445471100000004,1257.0
138240,123,1295,48,-40.99664664268494,0.9135175347328186,0.0004092704424510632,0.283203125,0.004530984544544481,-0.03172145411372185,-9.85860824584961e-05,-0.026596750700264238,0.022890687,0.2,4304,-2.1445471100000004,1257.0
138752,124,1295,49,-41.02756094932556,0.9145796895027161,0.0004092704424510632,0.227294921875,0.00501475618511904,-0.047341085970401764,4.488229751586914e-05,-0.0247939646942541,0.0151569955,0.2,4320,-2.1420828700000003,1257.0
139264,125,1295,49,-41.07266962528229,0.9159846901893616,0.0004092704424510632,0.3433837890625,0.1514786167535931,0.019005320966243744,1.537799835205078e-05,-0.031657171552069485,0.044301532,0.2,4336,-2.1420828700000003,1257.0
139776,126,1295,49,-41.08781456947327,0.914547860622406,0.0004092704424510632,0.2808837890625,0.003833010581729468,-0.035292040556669235,7.736682891845703e-05,-0.026376257359515876,0.02458784,0.2,4352,-2.13999317,1257.0
140288,127,1295,50,-41.007802963256836,0.9118610620498657,0.0004092704424510632,0.2178955078125,0.19477454898878932,0.06347599625587463,1.8775463104248047e-05,-0.02597518109541852,0.015071303,0.2,4368,-2.13999317,1257.0
140800,128,1295,50,-40.954153299331665,0.9121537208557129,0.0004092704424510632,0.2860107421875,0.0034884920678450726,-0.03953290730714798,-0.0002422332763671875,-0.02715507781249471,0.019964665,0.2,4384,-2.1385226499999996,1257.0
141312,129,1295,50,-40.991355299949646,0.9134417772293091,0.0004092704424510632,0.26416015625,0.18684337520971894,0.06890687346458435,2.562999725341797e-05,-0.0250694397254847,0.021248713,0.2,4400,-2.1385226499999996,1257.0
141824,130,1295,51,-41.03195667266846,0.9150558114051819,0.0004092704424510632,0.2296142578125,0.005165045695321169,-0.03051045723259449,-0.00026798248291015625,-0.022618591116042808,0.017490733,0.2,4416,-2.1385226499999996,1257.0
142336,131,1295,51,-41.07507908344269,0.9153955578804016,0.0004092704424510632,0.2513427734375,0.004398807082907297,-0.034218817949295044,8.982419967651367e-05,-0.02705158140452113,0.024672866,0.2,4432,-2.1368550899999996,1257.0
142848,132,1294,52,-41.09187030792236,0.916336178779602,0.0004092704424510632,0.2432861328125,0.18584040272980928,0.0468471385538578,2.1159648895263672e-05,-0.023699910772847943,0.02267156,0.2,4448,-2.1368550899999996,1257.0
143360,133,1294,52,-41.09211075305939,0.915195107460022,0.0004092704424510632,0.258544921875,0.0022699758483213373,-0.04439831152558327,-0.00041997432708740234,-0.027791332817287184,0.023014989,0.2,4464,-2.1328567499999997,1257.0
143872,134,1295,52,-41.03603482246399,0.9134329557418823,0.0004092704424510632,0.2332763671875,0.18000841466709971,0.04658907651901245,4.6133995056152344e-05,-0.02518423361470923,0.017861024,0.2,4480,-2.1328567499999997,1257.0
144384,135,1295,53,-40.9855751991272,0.9124444723129272,0.0004092704424510632,0.260498046875,0.0037067621524329297,-0.02688356675207615,-0.0008246898651123047,-0.02527143433690071,0.01735027,0.2,4496,-2.1328567499999997,1257.0
144896,136,1295,53,-40.94834113121033,0.9106200337409973,0.0004092704424510632,0.2086181640625,0.005637071895762347,-0.04587757959961891,3.7550926208496094e-05,-0.025224321376299486,0.016203804,0.2,4512,-2.1336835599999997,1257.0
145408,137,1295,54,-40.9052894115448,0.9107761979103088,0.0004092704424510632,0.2449951171875,0.18211968056857586,0.05259324237704277,6.079673767089844e-06,-0.02838656201492995,0.021481369,0.2,4528,-2.1336835599999997,1257.0
145920,138,1295,54,-40.91257929801941,0.9110189080238342,0.0004092704424510632,0.265625,0.003018741568666883,-0.022104065865278244,-9.262561798095703e-05,-0.02811195547110401,0.021877691,0.2,4544,-2.12864479,1257.0
146432,139,1295,54,-40.91247773170471,0.9111826419830322,0.0004092704424510632,0.322265625,0.1724765645340085,0.023235131055116653,2.4974346160888672e-05,-0.034654416027478874,0.03128095,0.2,4560,-2.12864479,1257.0
146944,140,1295,55,-40.93417167663574,0.912632405757904,0.0004092704424510632,0.21728515625,0.0036978419084334746,-0.0399508960545063,-0.0006251335144042969,-0.02168982087459881,0.016526084,0.2,4576,-2.12864479,1257.0
147456,141,1295,55,-40.96399807929993,0.9126774668693542,0.0004092704424510632,0.253662109375,0.004744907906570006,-0.030580906197428703,3.993511199951172e-05,-0.027032973244786263,0.01898029,0.2,4592,-2.12596513,1257.0
147968,142,1295,56,-40.96643054485321,0.913223147392273,0.0004092704424510632,0.1982421875,0.18077016901224852,0.06635906547307968,8.702278137207031e-06,-0.021610046314890496,0.01537041,0.2,4608,-2.12596513,1257.0
148480,143,1294,56,-40.96600127220154,0.9122892022132874,0.0004092704424510632,0.1917724609375,0.004457516908587422,-0.03251265361905098,-1.3113021850585938e-05,-0.020350943581433967,0.014398241,0.2,4624,-2.1230978,1257.0
148992,144,1294,56,-40.92343091964722,0.9112093448638916,0.0004092704424510632,0.2283935546875,0.17301092250272632,0.05211807042360306,1.5020370483398438e-05,-0.022033761692000553,0.020905565,0.2,4640,-2.1230978,1257.0
149504,145,1294,57,-40.88954305648804,0.9106021523475647,0.0004092704424510632,0.2801513671875,0.0034448369406163692,-0.03275185078382492,-0.00038242340087890625,-0.028040481149218976,0.025816984,0.2,4656,-2.1230978,1257.0
150016,146,1294,57,-40.86200964450836,0.9095135927200317,0.0004092704424510632,0.210693359375,0.003947977966163307,-0.035549506545066833,5.1856040954589844e-05,-0.024775664758635685,0.0141805485,0.2,4672,-2.11872356,1257.0
150528,147,1294,58,-40.84256935119629,0.9097484350204468,0.0004092704424510632,0.224365234375,0.18048969330266118,0.03670094907283783,1.2516975402832031e-05,-0.022378477966412902,0.018211335,0.2,4688,-2.11872356,1257.0
151040,1,4189,0,-40.84000778198242,0.9088634848594666,0.0004092704424510632,0.2265625,0.004739527568744961,-0.04150985926389694,2.3126602172851562e-05,-0.026227235299302265,0.019234274,0.2,4704,-2.11597124,1257.0
151552,2,1984,0,-40.79472625255585,0.9076419472694397,0.0004092704424510632,0.234130859375,0.17543327389284968,0.054609473794698715,1.3828277587890625e-05,-0.023084602551534772,0.018332494,0.2,4720,-2.11597124,1257.0
152064,3,1572,0,-40.746827363967896,0.9060726165771484,0.0004092704424510632,0.299560546875,0.0032225906688836403,-0.054451968520879745,-0.0003631114959716797,-0.03283563173317816,0.036351096,0.2,4736,-2.11597124,1257.0
152576,4,1426,1,-40.688257932662964,0.9041751623153687,0.0004092704424510632,0.2109375,0.004891717610007618,-0.031186336651444435,9.429454803466797e-05,-0.02448533174174372,0.01453483,0.2,4752,-2.11043044,1257.0
153088,5,1392,1,-40.645872831344604,0.903823733329773,0.0004092704424510632,0.3177490234375,0.1462794141843915,0.030709397047758102,2.1398067474365234e-05,-0.033342466689646244,0.03566028,0.2,4768,-2.11043044,1257.0
153600,6,1373,2,-40.64927399158478,0.9040389657020569,0.0004092704424510632,0.2352294921875,0.0037408328207675368,-0.03281146660447121,0.0003548264503479004,-0.025966588291339576,0.018598674,0.2,4784,-2.10557344,1257.0
154112,7,1357,2,-40.644383788108826,0.9036089777946472,0.0004092704424510632,0.2408447265625,0.18019645614549518,0.045407116413116455,2.1755695343017578e-05,-0.024419521098025143,0.019380413,0.2,4800,-2.10557344,1257.0
154624,8,1349,3,-40.622700929641724,0.9032241106033325,0.0004092704424510632,0.3046875,0.002732116059632972,-0.043009206652641296,-0.00035011768341064453,-0.031292389874579385,0.024247356,0.2,4816,-2.10030052,1257.0
155136,9,1342,3,-40.629916310310364,0.904254674911499,0.0004092704424510632,0.20166015625,0.1703846964519471,0.049524616450071335,2.9802322387695312e-06,-0.019202801122446544,0.016292777,0.2,4832,-2.10030052,1257.0
155648,10,1337,3,-40.65538787841797,0.9043299555778503,0.0004092704424510632,0.22021484375,0.003230284848541487,-0.0428319051861763,-7.867813110351562e-05,-0.023800256472895853,0.018641196,0.2,4848,-2.10030052,1257.0
156160,11,1334,4,-40.65238344669342,0.9043897390365601,0.0004092704424510632,0.19189453125,0.004564205533824861,-0.019080976024270058,-1.7642974853515625e-05,-0.020170554154901765,0.01258309,0.2,4864,-2.0952686399999996,1257.0
156672,12,1330,4,-40.651185631752014,0.9046314358711243,0.0004092704424510632,0.2579345703125,0.1697289627045393,0.046919144690036774,3.159046173095703e-06,-0.02949486067518592,0.021478066,0.2,4880,-2.0952686399999996,1257.0
157184,13,1326,5,-40.64715623855591,0.904110848903656,0.0004092704424510632,0.2198486328125,0.0028221365937497467,-0.030558891594409943,-0.00013899803161621094,-0.023249826743267477,0.014824504,0.2,4896,-2.09177884,1257.0
157696,14,1323,5,-40.63454985618591,0.9043377041816711,0.0004092704424510632,0.21240234375,0.16000304161570966,0.04865278676152229,8.225440979003906e-06,-0.023198546768981032,0.016635232,0.2,4912,-2.09177884,1257.0
158208,15,1321,5,-40.63997280597687,0.904373288154602,0.0004092704424510632,0.21435546875,0.0027968902359134518,-0.044658172875642776,-0.00021886825561523438,-0.024019149233936332,0.01698747,0.2,4928,-2.09177884,1257.0
158720,16,1320,6,-40.63031458854675,0.903805136680603,0.0004092704424510632,0.2255859375,0.0037166133333812468,-0.03280168026685715,-2.2292137145996094e-05,-0.023200368843390606,0.015354815,0.2,4944,-2.0871457299999996,1257.0
159232,17,1318,6,-40.59847033023834,0.9026082158088684,0.0004092704424510632,0.25537109375,0.16099252458661795,0.04016268998384476,7.808208465576172e-06,-0.02734709737705998,0.019619849,0.2,4960,-2.0871457299999996,1257.0
159744,18,1316,7,-40.56444227695465,0.902485191822052,0.0004092704424510632,0.2020263671875,0.0028266218505450524,-0.027585376054048538,-0.00014853477478027344,-0.021262107067741454,0.014793669,0.2,4976,-2.08143507,1257.0
160256,19,1314,7,-40.568490386009216,0.9024704694747925,0.0004092704424510632,0.217041015625,0.15102616185322404,0.03310416638851166,1.4603137969970703e-05,-0.023166799612226896,0.016572878,0.2,4992,-2.08143507,1257.0
160768,20,1312,7,-40.55048716068268,0.90104740858078,0.0004092704424510632,0.1844482421875,0.0032457599518238567,-0.025670010596513748,-0.0003815889358520508,-0.019118428077490535,0.011214593,0.2,5008,-2.08143507,1257.0
161280,21,1310,8,-40.4993200302124,0.8996919989585876,0.0004092704424510632,0.2537841796875,0.004130945439101197,-0.03742252290248871,1.2874603271484375e-05,-0.028316529802395962,0.02256661,0.2,5024,-2.07724252,1257.0
161792,22,1310,8,-40.48862957954407,0.9000090956687927,0.0004092704424510632,0.214111328125,0.15744956000708044,0.027133885771036148,8.761882781982422e-06,-0.022762051659810822,0.01782659,0.2,5040,-2.07724252,1257.0
162304,23,1310,8,-40.510881781578064,0.9005939364433289,0.0004092704424510632,0.2864990234375,0.0034405158439767547,-0.05118953436613083,-4.887580871582031e-05,-0.030624540770077147,0.029126637,0.2,5056,-2.07478437,1257.0
162816,24,1311,9,-40.52187442779541,0.9004871845245361,0.0004092704424510632,0.22265625,0.14649078669026494,0.03692717105150223,1.2934207916259766e-05,-0.024191721437091473,0.022427801,0.2,5072,-2.07478437,1257.0
163328,25,1311,9,-40.51263678073883,0.9002450108528137,0.0004092704424510632,0.247314453125,0.0031946811723173596,-0.0422004796564579,-0.0002570152282714844,-0.023529867772595026,0.020028984,0.2,5088,-2.07478437,1257.0
163840,26,1310,10,-40.479851961135864,0.8984626531600952,0.0004092704424510632,0.2471923828125,0.0037313086359063163,-0.04378236085176468,2.5331974029541016e-05,-0.02962802532420028,0.017219668,0.2,5104,-2.06842608,1257.0
164352,27,1309,10,-40.4279260635376,0.8983995914459229,0.0004092704424510632,0.25244140625,0.15328015759587288,0.01985924318432808,9.715557098388672e-06,-0.02631984549225308,0.022241423,0.2,5120,-2.06842608,1257.0
164864,28,1308,10,-40.44791340827942,0.8997207880020142,0.0004092704424510632,0.223388671875,0.0032838609367900062,-0.03160233050584793,-7.62939453125e-06,-0.024821969549520873,0.019663788,0.2,5136,-2.06378158,1257.0
165376,29,1307,11,-40.481300592422485,0.8996347188949585,0.0004092704424510632,0.243408203125,0.14185278909280896,0.03139456734061241,9.894371032714844e-06,-0.025619207561248913,0.018025288,0.2,5152,-2.06378158,1257.0
165888,30,1306,11,-40.461745858192444,0.8989100456237793,0.0004092704424510632,0.21875,0.00297164088988211,-0.017344385385513306,-0.0002257823944091797,-0.022125633011455648,0.016544912,0.2,5168,-2.06378158,1257.0
166400,31,1306,12,-40.42700517177582,0.897462010383606,0.0004092704424510632,0.2913818359375,0.0037097346721566282,-0.043712351471185684,-4.8279762268066406e-05,-0.03256604425405385,0.021692384,0.2,5184,-2.0571574200000002,1257.0
166912,32,1306,12,-40.37596893310547,0.8959029316902161,0.0004092704424510632,0.2896728515625,0.12601686571724713,0.02386041358113289,8.404254913330078e-06,-0.023423357197316363,0.030277353,0.2,5200,-2.0571574200000002,1257.0
167424,33,1306,12,-40.34315323829651,0.8958975672721863,0.0004092704424510632,0.1995849609375,0.004328857656219043,-0.03843241184949875,-5.2928924560546875e-05,-0.023637324033188634,0.014376106,0.2,5216,-2.0540363500000005,1257.0
167936,34,1305,13,-40.32695758342743,0.8952447772026062,0.0004092704424510632,0.1978759765625,0.15056694694794714,0.021796759217977524,7.867813110351562e-06,-0.02008921575907152,0.01803425,0.2,5232,-2.0540363500000005,1257.0
168448,35,1303,13,-40.29939901828766,0.8953023552894592,0.0004092704424510632,0.2685546875,0.003195313867763616,-0.03366634249687195,-0.00019121170043945312,-0.02809949970105663,0.019182842,0.2,5248,-2.04933444,1257.0
168960,36,1300,14,-40.29348838329315,0.8948108553886414,0.0004092704424510632,0.2430419921875,0.15067458990961313,0.03974379226565361,1.6570091247558594e-05,-0.022980208625085652,0.019331329,0.2,5264,-2.04933444,1257.0
169472,37,1300,14,-40.2594131231308,0.8930253386497498,0.0004092704424510632,0.238525390625,0.003186346912116278,-0.03661024942994118,-0.0006023645401000977,-0.025434167589992285,0.023556761,0.2,5280,-2.04933444,1257.0
169984,38,1300,14,-40.19671928882599,0.8916270732879639,0.0004092704424510632,0.187255859375,0.004068952344823629,-0.030973341315984726,3.337860107421875e-06,-0.023274006642168388,0.014052562,0.2,5296,-2.0448673200000003,1257.0
170496,39,1301,15,-40.18650937080383,0.892431378364563,0.0004092704424510632,0.2293701171875,0.14916600845754147,0.030203262344002724,4.0531158447265625e-06,-0.02404486434534192,0.015668135,0.2,5312,-2.0448673200000003,1257.0
171008,40,1301,15,-40.21696197986603,0.8926277160644531,0.0004092704424510632,0.24951171875,0.0029123533749952912,-0.034516893327236176,-0.0001647472381591797,-0.024909228421165608,0.015908882,0.2,5328,-2.0383349699999997,1257.0
171520,41,1300,16,-40.21137285232544,0.8921031355857849,0.0004092704424510632,0.2537841796875,0.13476284127682447,0.017888300120830536,1.138448715209961e-05,-0.03025828636600636,0.020409675,0.2,5344,-2.0383349699999997,1257.0
172032,42,1299,16,-40.19977056980133,0.8924108147621155,0.0004092704424510632,0.2613525390625,0.002834973798599094,-0.029653392732143402,-0.00041472911834716797,-0.023032459503156133,0.02238396,0.2,5360,-2.0383349699999997,1257.0
172544,43,1299,16,-40.21757400035858,0.8928466439247131,0.0004092704424510632,0.19287109375,0.004461476841242984,-0.03127496317028999,-1.3589859008789062e-05,-0.023233395942952484,0.012142584,0.2,5376,-2.0331234499999997,1257.0
173056,44,1299,17,-40.21770429611206,0.8922291398048401,0.0004092704424510632,0.1982421875,0.14347406197339296,0.04872488975524902,6.854534149169922e-06,-0.021848253476491664,0.015503766,0.2,5392,-2.0331234499999997,1257.0
173568,45,1299,17,-40.20450949668884,0.8922694325447083,0.0004092704424510632,0.275634765625,0.002743493594607571,-0.039028894156217575,-0.00011610984802246094,-0.028370193642331287,0.020898024,0.2,5408,-2.03250446,1257.0
174080,46,1299,18,-40.201247572898865,0.8915442228317261,0.0004092704424510632,0.2381591796875,0.13574697799049318,0.02272849529981613,1.3887882232666016e-05,-0.027153064496815205,0.015863132,0.2,5424,-2.03250446,1257.0
174592,47,1299,18,-40.18176245689392,0.8911274075508118,0.0004092704424510632,0.2122802734375,0.003693409700645134,-0.026692692190408707,-0.0004565715789794922,-0.021311801305273548,0.015315843,0.2,5440,-2.03250446,1257.0
175104,48,1299,18,-40.181630969047546,0.8919337391853333,0.0004092704424510632,0.1773681640625,0.003795197648287285,-0.029818039387464523,2.950429916381836e-05,-0.022648662721621804,0.01241566,0.2,5456,-2.0284139000000003,1257.0
175616,49,1299,19,-40.18714737892151,0.8916236758232117,0.0004092704424510632,0.2744140625,0.14277829905040562,0.033171407878398895,9.953975677490234e-06,-0.031208825326757506,0.021410871,0.2,5472,-2.0284139000000003,1257.0
176128,50,1299,19,-40.1594774723053,0.890209972858429,0.0004092704424510632,0.2017822265625,0.0031270311010302976,-0.04523665830492973,-5.6862831115722656e-05,-0.025210103442077525,0.016619882,0.2,5488,-2.02379457,1257.0
176640,51,1299,20,-40.122448563575745,0.8899634480476379,0.0004092704424510632,0.2025146484375,0.12941442360170186,0.01614942029118538,1.8894672393798828e-05,-0.02135162180638872,0.017409135,0.2,5504,-2.02379457,1257.0
177152,52,1297,20,-40.11689817905426,0.8903650641441345,0.0004092704424510632,0.2210693359375,0.003635526511061471,-0.028009893372654915,-0.0006574392318725586,-0.024639022391056642,0.013549285,0.2,5520,-2.02379457,1257.0
177664,53,1297,20,-40.10597908496857,0.8893007636070251,0.0004092704424510632,0.190673828125,0.004737072820717003,-0.029483454301953316,2.110004425048828e-05,-0.024056055844994262,0.014235143,0.2,5536,-2.01851368,1257.0
178176,54,1297,21,-40.0798841714859,0.8890026211738586,0.0004092704424510632,0.2879638671875,0.1414084101561457,0.03357657417654991,5.662441253662109e-06,-0.027000482165021822,0.02630301,0.2,5552,-2.01851368,1257.0
178688,55,1297,21,-40.04362416267395,0.8869011998176575,0.0004092704424510632,0.25341796875,0.003204027656465769,-0.02694067358970642,-3.7670135498046875e-05,-0.02478478185366839,0.01901368,0.2,5568,-2.01366703,1257.0
179200,56,1296,22,-39.971144676208496,0.8855589628219604,0.0004092704424510632,0.2755126953125,0.12883873796090484,0.025037042796611786,6.973743438720703e-06,-0.02945102950616274,0.020135362,0.2,5584,-2.01366703,1257.0
179712,57,1296,22,-39.960827589035034,0.8864059448242188,0.0004092704424510632,0.271484375,0.003732228768058121,-0.029719844460487366,-0.00010764598846435547,-0.027168166321644094,0.02558458,0.2,5600,-2.01366703,1257.0
180224,58,1296,22,-40.010122299194336,0.888315737247467,0.0004092704424510632,0.2064208984375,0.0036574161567841657,-0.038979604840278625,-4.0531158447265625e-05,-0.026511229807510972,0.016991202,0.2,5616,-2.0120821499999995,1257.0
180736,59,1296,23,-40.042627692222595,0.887939989566803,0.0004092704424510632,0.28515625,0.1224224241450429,0.021334044635295868,9.715557098388672e-06,-0.02692159237631131,0.023600312,0.2,5632,-2.0120821499999995,1257.0
181248,60,1296,23,-40.0150431394577,0.8870224356651306,0.0004092704424510632,0.21240234375,0.0035718044455279596,-0.03587927296757698,-0.00011134147644042969,-0.024271635847981088,0.015678333,0.2,5648,-2.0055347599999997,1257.0
181760,61,1296,24,-39.97903001308441,0.885921061038971,0.0004092704424510632,0.251708984375,0.1423077299259603,0.049911316484212875,9.357929229736328e-06,-0.022432263001974206,0.02273615,0.2,5664,-2.0055347599999997,1257.0
182272,62,1296,24,-39.93189227581024,0.8844184875488281,0.0004092704424510632,0.2952880859375,0.004565240000374615,-0.05304069072008133,-0.0002899169921875,-0.03540190792409703,0.02508653,0.2,5680,-2.00189879,1257.0
182784,63,1296,24,-39.88013708591461,0.8832625150680542,0.0004092704424510632,0.2333984375,0.1405003343243152,0.02726738341152668,1.7821788787841797e-05,-0.022274726507021114,0.018325847,0.2,5696,-2.00189879,1257.0
183296,64,1295,25,-39.87173652648926,0.8845328688621521,0.0004092704424510632,0.2022705078125,0.0034345526291872375,-0.030896689742803574,-0.0012843608856201172,-0.02239810321771074,0.016355202,0.2,5712,-2.00189879,1257.0
183808,65,1295,25,-39.91990029811859,0.8857872486114502,0.0004092704424510632,0.2481689453125,0.004307793737098109,-0.028135668486356735,-2.7418136596679688e-06,-0.025890129210893065,0.015859397,0.2,5728,-1.9954301600000002,1257.0
184320,66,1295,26,-39.94755792617798,0.8861274123191833,0.0004092704424510632,0.254150390625,0.13972992287017405,0.0010252781212329865,6.973743438720703e-06,-0.02552074537379667,0.019289095,0.2,5744,-1.9954301600000002,1257.0
184832,67,1295,26,-39.93817067146301,0.8854544758796692,0.0004092704424510632,0.2613525390625,0.0019149955805914942,-0.038073088973760605,-7.510185241699219e-05,-0.026541726270806976,0.019548953,0.2,5760,-1.9921561300000001,1257.0
185344,68,1295,26,-39.93954908847809,0.886442244052887,0.0004092704424510632,0.252197265625,0.1367380570154637,0.05769311636686325,1.5556812286376953e-05,-0.021987817744957283,0.019552656,0.2,5776,-1.9921561300000001,1257.0
185856,69,1295,27,-39.99506425857544,0.8884309530258179,0.0004092704424510632,0.249755859375,0.002983966071042232,-0.03759225457906723,-0.000863194465637207,-0.0262268212318304,0.015041806,0.2,5792,-1.9921561300000001,1257.0
186368,70,1295,27,-40.020862221717834,0.8877075910568237,0.0004092704424510632,0.244384765625,0.0046956203659647144,-0.041353989392519,5.066394805908203e-06,-0.02616681731888093,0.018876277,0.2,5808,-1.98924939,1257.0
186880,71,1295,28,-39.97328281402588,0.8863413333892822,0.0004092704424510632,0.20751953125,0.13983963639475405,0.03675176203250885,5.602836608886719e-06,-0.021089252055389807,0.014573425,0.2,5824,-1.98924939,1257.0
187392,72,1295,28,-39.93041121959686,0.8851585984230042,0.0004092704424510632,0.2486572265625,0.002363515697652474,-0.028276115655899048,-4.649162292480469e-05,-0.023228421559906565,0.018640121,0.2,5840,-1.9857824200000003,1257.0
187904,73,1294,28,-39.89017939567566,0.8836312890052795,0.0004092704424510632,0.2626953125,0.1353383685927838,0.01843903586268425,1.1861324310302734e-05,-0.030754728213651106,0.024391308,0.2,5856,-1.9857824200000003,1257.0
188416,74,1294,29,-39.849621057510376,0.8833456635475159,0.0004092704424510632,0.2342529296875,0.003162721339322161,-0.04340634122490883,-0.0015592575073242188,-0.02838726795744151,0.018858828,0.2,5872,-1.9857824200000003,1257.0
188928,75,1294,29,-39.84545862674713,0.882935106754303,0.0004092704424510632,0.197509765625,0.004116022944799624,-0.0263669490814209,2.86102294921875e-06,-0.023854836254031397,0.013274774,0.2,5888,-1.9816496799999999,1257.0
189440,76,1294,30,-39.83592176437378,0.8828591108322144,0.0004092704424510632,0.2286376953125,0.143116568448022,0.02551804482936859,4.351139068603516e-06,-0.023747582192299888,0.021211939,0.2,5904,-1.9816496799999999,1257.0
189952,77,1294,30,-39.839664578437805,0.8827122449874878,0.0004092704424510632,0.17626953125,0.002994825154019054,-0.030239518731832504,0.0,-0.020803129707928747,0.015993431,0.2,5920,-1.9766186200000002,1257.0
190464,78,1293,30,-39.84154427051544,0.8827936053276062,0.0004092704424510632,0.216064453125,0.13341981312260032,0.029783543199300766,9.298324584960938e-06,-0.02093483172939159,0.017372416,0.2,5936,-1.9766186200000002,1257.0
190976,79,1293,31,-39.85746765136719,0.8841109275817871,0.0004092704424510632,0.2618408203125,0.0026282637918484397,-0.03771171718835831,-6.592273712158203e-05,-0.0293996938271448,0.020370312,0.2,5952,-1.9766186200000002,1257.0
191488,80,1293,31,-39.86746788024902,0.8826726675033569,0.0004092704424510632,0.1807861328125,0.003566607840184588,-0.02924160845577717,3.5762786865234375e-06,-0.022127664444269612,0.01158216,0.2,5968,-1.9710446400000001,1257.0
192000,81,1293,32,-39.80064606666565,0.8810088634490967,0.0004092704424510632,0.2647705078125,0.1338399399537593,0.03480347618460655,1.2993812561035156e-05,-0.026874833449255675,0.023943022,0.2,5984,-1.9710446400000001,1257.0
192512,82,1293,32,-39.764002084732056,0.880978524684906,0.0004092704424510632,0.1715087890625,0.0032868148118723184,-0.029504545032978058,-4.076957702636719e-05,-0.01876230357447639,0.012099878,0.2,6000,-1.96442429,1257.0
193024,83,1293,32,-39.78152644634247,0.8821773529052734,0.0004092704424510632,0.18505859375,0.12320119957439601,0.01981041580438614,1.5974044799804688e-05,-0.02348825172521174,0.014009785,0.2,6016,-1.96442429,1257.0
193536,84,1293,33,-39.80541741847992,0.8822872042655945,0.0004092704424510632,0.2471923828125,0.003071409752010368,-0.027991488575935364,-0.00042819976806640625,-0.025259570276830345,0.020329751,0.2,6032,-1.96442429,1257.0
194048,85,1293,33,-39.80717706680298,0.8822629451751709,0.0004092704424510632,0.1990966796875,0.003821932157734409,-0.022255856543779373,-1.4901161193847656e-05,-0.02149418869521469,0.01575976,0.2,6048,-1.9637687099999996,1257.0
194560,86,1292,34,-39.81049621105194,0.8834915161132812,0.0004092704424510632,0.2066650390625,0.12288943654857576,0.03540077060461044,1.1742115020751953e-05,-0.021940166130661964,0.016105253,0.2,6064,-1.9637687099999996,1257.0
195072,87,1292,34,-39.820377707481384,0.8827356100082397,0.0004092704424510632,0.2052001953125,0.0033901290880749,-0.03195621445775032,-0.00020897388458251953,-0.021231232007266954,0.013615936,0.2,6080,-1.9603727299999998,1257.0
195584,88,1292,34,-39.7801388502121,0.8821679353713989,0.0004092704424510632,0.20849609375,0.13752022781409323,0.034777119755744934,1.0073184967041016e-05,-0.021463903016410768,0.01524172,0.2,6096,-1.9603727299999998,1257.0
196096,89,1292,35,-39.776719093322754,0.882591962814331,0.0004092704424510632,0.233642578125,0.0035438015547697432,-0.03761078044772148,-0.0027170181274414062,-0.02310864263563417,0.019842574,0.2,6112,-1.9547124000000002,1257.0
196608,90,1292,35,-39.783440709114075,0.8824200630187988,0.0004092704424510632,0.2691650390625,0.14088874449953437,0.020348694175481796,9.953975677490234e-06,-0.029979900602484122,0.02099166,0.2,6128,-1.9547124000000002,1257.0
197120,91,1292,36,-39.78037357330322,0.8823811411857605,0.0004092704424510632,0.2254638671875,0.002892507254728116,-0.03148455545306206,-0.0003399848937988281,-0.024589358479715884,0.015048355,0.2,6144,-1.9547124000000002,1257.0
197632,92,1292,36,-39.78830945491791,0.8825415372848511,0.0004092704424510632,0.21728515625,0.003372597711859271,-0.04104657098650932,2.3245811462402344e-06,-0.024311667410074733,0.013478899,0.2,6160,-1.94973287,1257.0
198144,93,1292,36,-39.79272711277008,0.8820556998252869,0.0004092704424510632,0.23974609375,0.1352013808209449,0.029575934633612633,5.7220458984375e-06,-0.02569616277469322,0.017840028,0.2,6176,-1.94973287,1257.0
198656,94,1292,37,-39.776086926460266,0.8815629482269287,0.0004092704424510632,0.2496337890625,0.0023423535967594944,-0.03142400085926056,-4.3511390686035156e-05,-0.02420041590812616,0.020251593,0.2,6192,-1.9442718700000006,1257.0
199168,95,1292,37,-39.79438865184784,0.8836520910263062,0.0004092704424510632,0.237548828125,0.12367816106416285,0.015605881810188293,1.1682510375976562e-05,-0.025785070392885245,0.017855637,0.2,6208,-1.9442718700000006,1257.0
199680,96,1292,38,-39.832228899002075,0.882757306098938,0.0004092704424510632,0.228271484375,0.003498034886433743,-0.007990668527781963,-0.0003044605255126953,-0.02075063691881951,0.018917989,0.2,6224,-1.9442718700000006,1257.0
200192,97,1292,38,-39.786744594573975,0.8824636936187744,0.0004092704424510632,0.2608642578125,0.004338000086136162,-0.03122958168387413,-1.1920928955078125e-06,-0.0294875735999085,0.018759647,0.2,6240,-1.9393686300000001,1257.0
200704,98,1292,38,-39.77518677711487,0.8814737200737,0.0004092704424510632,0.2164306640625,0.13431920413859189,0.03390728682279587,4.589557647705078e-06,-0.0199522338953102,0.022439282,0.2,6256,-1.9393686300000001,1257.0
201216,99,1292,39,-39.71253514289856,0.8790650367736816,0.0004092704424510632,0.2349853515625,0.0020154899830231443,-0.0323343351483345,-2.3126602172851562e-05,-0.025823754142038524,0.016332492,0.2,6272,-1.93504793,1257.0
201728,100,1291,39,-39.64522850513458,0.8782382011413574,0.0004092704424510632,0.2755126953125,0.12374018970876932,0.02022518217563629,6.973743438720703e-06,-0.02786978322546929,0.020641964,0.2,6288,-1.93504793,1257.0
202240,101,1291,40,-39.63700735569,0.8780643343925476,0.0004092704424510632,0.210693359375,0.0036395944698597305,-0.03286297991871834,-9.715557098388672e-05,-0.021722251040046103,0.015645077,0.2,6304,-1.93504793,1257.0
202752,102,1291,40,-39.617101192474365,0.8774914741516113,0.0004092704424510632,0.2120361328125,0.004289036529371515,-0.04483475908637047,7.271766662597656e-06,-0.023322182707488537,0.014074506,0.2,6320,-1.93094695,1257.0
203264,103,1291,40,-39.59015393257141,0.8761357069015503,0.0004092704424510632,0.176025390625,0.12695738556794822,0.037606872618198395,6.973743438720703e-06,-0.016822752368170768,0.014708988,0.2,6336,-1.93094695,1257.0
203776,104,1291,41,-39.57400691509247,0.876854419708252,0.0004092704424510632,0.2359619140625,0.002918032740126364,-0.029471028596162796,-7.76052474975586e-05,-0.024564611027017236,0.018394915,0.2,6352,-1.9291843300000002,1257.0
204288,105,1291,41,-39.612181544303894,0.8779622316360474,0.0004092704424510632,0.20654296875,0.12516235443763435,0.025348801165819168,8.940696716308594e-07,-0.021278094733133912,0.017493866,0.2,6368,-1.9291843300000002,1257.0
204800,106,1291,42,-39.62149918079376,0.8768710494041443,0.0004092704424510632,0.1983642578125,0.0029867612101952545,-0.03424061834812164,-4.673004150390625e-05,-0.021756760106654838,0.01439997,0.2,6384,-1.9291843300000002,1257.0
205312,107,1291,42,-39.58670508861542,0.8762941956520081,0.0004092704424510632,0.2095947265625,0.0042733668378787115,-0.03475762531161308,4.112720489501953e-06,-0.02179795906704385,0.013865504,0.2,6400,-1.92519589,1257.0
205824,108,1291,42,-39.57108950614929,0.8756269216537476,0.0004092704424510632,0.246337890625,0.1297319910954684,0.04137558490037918,2.562999725341797e-06,-0.024565896252170205,0.020569311,0.2,6416,-1.92519589,1257.0
206336,109,1291,43,-39.573521971702576,0.8772843480110168,0.0004092704424510632,0.1712646484375,0.004242804316163529,-0.02284640073776245,-2.6226043701171875e-06,-0.019846357085043564,0.011877375,0.2,6432,-1.9202956300000003,1257.0
206848,110,1291,43,-39.612319350242615,0.8774598836898804,0.0004092704424510632,0.23486328125,0.1258165123872459,0.02812276780605316,3.7550926208496094e-06,-0.02444710444251541,0.015826747,0.2,6448,-1.9202956300000003,1257.0
207360,111,1291,44,-39.589993715286255,0.8761956095695496,0.0004092704424510632,0.2037353515625,0.0029307468357728794,-0.029990194365382195,2.372264862060547e-05,-0.023556322033982724,0.017969409,0.2,6464,-1.9202956300000003,1257.0
207872,112,1291,44,-39.55331301689148,0.8759032487869263,0.0004092704424510632,0.2353515625,0.004519346453889739,-0.044706206768751144,-5.960464477539062e-07,-0.02946000277006533,0.016439289,0.2,6480,-1.9182635200000002,1257.0
208384,113,1291,44,-39.53595006465912,0.8749396800994873,0.0004092704424510632,0.2928466796875,0.11906543420627713,0.010001637041568756,3.7550926208496094e-06,-0.028951578948181123,0.024550743,0.2,6496,-1.9182635200000002,1257.0
208896,114,1291,45,-39.505767464637756,0.8743284940719604,0.0004092704424510632,0.252197265625,0.004332557218731381,-0.041731275618076324,-1.3113021850585938e-05,-0.02562132681487128,0.0213087,0.2,6512,-1.9138781100000002,1257.0
209408,115,1290,45,-39.473464488983154,0.8734942078590393,0.0004092704424510632,0.2197265625,0.13020947854965925,0.028838738799095154,2.9206275939941406e-06,-0.022304650497972034,0.018895673,0.2,6528,-1.9138781100000002,1257.0
209920,116,1290,46,-39.4676479101181,0.8746466040611267,0.0004092704424510632,0.3271484375,0.003713406855240464,-0.04969634860754013,-8.916854858398438e-05,-0.03219809848815203,0.032152902,0.2,6544,-1.9114832200000003,1257.0
210432,117,1290,46,-39.53095293045044,0.8763386011123657,0.0004092704424510632,0.200927734375,0.13248554896563292,0.03850254788994789,5.304813385009766e-06,-0.021603577537462115,0.0156458,0.2,6560,-1.9114832200000003,1257.0
210944,118,1290,46,-39.58023989200592,0.8764324188232422,0.0004092704424510632,0.2706298828125,0.00295645681762835,-0.02612726390361786,-0.00016307830810546875,-0.027647708484437317,0.021207348,0.2,6576,-1.9114832200000003,1257.0
211456,119,1290,47,-39.580485463142395,0.8762955665588379,0.0004092704424510632,0.2518310546875,0.0037465658606379293,-0.04337078705430031,-2.2530555725097656e-05,-0.028121909286710434,0.019448288,0.2,6592,-1.9083107500000003,1257.0
211968,120,1290,47,-39.564393043518066,0.8759921789169312,0.0004092704424510632,0.2550048828125,0.12628356204368174,0.02241310477256775,4.112720489501953e-06,-0.025424429986742325,0.018340994,0.2,6608,-1.9083107500000003,1257.0
212480,121,1290,48,-39.54816234111786,0.8757480978965759,0.0004092704424510632,0.2349853515625,0.0036057228135177866,-0.03521127626299858,-0.00016319751739501953,-0.027113779389765114,0.016800798,0.2,6624,-1.9014764800000004,1257.0
212992,122,1290,48,-39.54309344291687,0.8760449290275574,0.0004092704424510632,0.2415771484375,0.12436738261021674,0.027080219238996506,9.059906005859375e-06,-0.02640570458606817,0.017002383,0.2,6640,-1.9014764800000004,1257.0
213504,123,1290,48,-39.57458972930908,0.877430260181427,0.0004092704424510632,0.2396240234375,0.0025214596425939817,-0.050282131880521774,-0.0003712177276611328,-0.023791824824002106,0.018737683,0.2,6656,-1.9014764800000004,1257.0
214016,124,1290,49,-39.62685465812683,0.878906786441803,0.0004092704424510632,0.2274169921875,0.004287381387257483,-0.04079829901456833,-2.6226043701171875e-06,-0.02937110248603858,0.016446188,0.2,6672,-1.89588591,1257.0
214528,125,1290,49,-39.66880393028259,0.8794956803321838,0.0004092704424510632,0.2232666015625,0.13129225256852806,0.030621051788330078,1.3172626495361328e-05,-0.023705215280642733,0.018023336,0.2,6688,-1.89588591,1257.0
215040,126,1290,49,-39.7031033039093,0.881090521812439,0.0004092704424510632,0.234375,0.002658547105966136,-0.03892282769083977,5.370378494262695e-05,-0.02495702198939398,0.021112777,0.2,6704,-1.8903825000000003,1257.0
215552,127,1290,50,-39.75386393070221,0.8825647830963135,0.0004092704424510632,0.2169189453125,0.12324416055344045,0.020788736641407013,2.6166439056396484e-05,-0.02493207310908474,0.017973196,0.2,6720,-1.8903825000000003,1257.0
216064,128,1290,50,-39.78634202480316,0.8831529021263123,0.0004092704424510632,0.186279296875,0.0023522781411884353,-0.020694343373179436,0.0004482865333557129,-0.01870152297487948,0.015587346,0.2,6736,-1.8903825000000003,1257.0
216576,129,1290,51,-39.771759390830994,0.8817525506019592,0.0004092704424510632,0.20166015625,0.004092571769433562,-0.03683717921376228,4.1365623474121094e-05,-0.024472745491948444,0.014319055,0.2,6752,-1.8848248100000005,1257.0
217088,130,1290,51,-39.71704137325287,0.8800683617591858,0.0004092704424510632,0.23046875,0.12440989958122373,0.033769551664590836,1.8894672393798828e-05,-0.022128878481453285,0.015282389,0.2,6768,-1.8848248100000005,1257.0
217600,131,1290,51,-39.69577145576477,0.8807982206344604,0.0004092704424510632,0.251708984375,0.0024639664588903543,-0.0347706601023674,-0.0003153085708618164,-0.027241860778303817,0.017773215,0.2,6784,-1.88068565,1257.0
218112,132,1290,52,-39.727187633514404,0.8811156749725342,0.0004092704424510632,0.240234375,0.11432097596116364,0.018409300595521927,4.4226646423339844e-05,-0.026633932211552747,0.019612342,0.2,6800,-1.88068565,1257.0
218624,133,1290,52,-39.726999044418335,0.8813685178756714,0.0004092704424510632,0.2403564453125,0.0031350500794360414,-0.04767479747533798,-0.0001214742660522461,-0.02940395355108194,0.019360637,0.2,6816,-1.88068565,1257.0
219136,134,1290,53,-39.71678388118744,0.8807335495948792,0.0004092704424510632,0.210693359375,0.004794686130480841,-0.027809428051114082,2.378225326538086e-05,-0.022776664423872717,0.013286958,0.2,6832,-1.8764049000000005,1257.0
219648,135,1289,53,-39.69727301597595,0.8806272745132446,0.0004092704424510632,0.1470947265625,0.13088080915622413,0.023800045251846313,1.0728836059570312e-05,-0.019253214370110072,0.012248157,0.2,6848,-1.8764049000000005,1257.0
220160,136,1289,53,-39.70270609855652,0.8807644844055176,0.0004092704424510632,0.24560546875,0.003681166963360738,-0.03845444694161415,-0.00011074542999267578,-0.027148693669005297,0.01802443,0.2,6864,-1.8709954600000003,1257.0
220672,137,1289,54,-39.69390881061554,0.8793399333953857,0.0004092704424510632,0.2423095703125,0.11768431426025927,0.02166495844721794,2.5272369384765625e-05,-0.02658898415393196,0.018705977,0.2,6880,-1.8709954600000003,1257.0
221184,138,1289,54,-39.63979423046112,0.8776047229766846,0.0004092704424510632,0.24169921875,0.0038245922114583664,-0.03574824705719948,-0.007959723472595215,-0.0279112545249518,0.017000273,0.2,6896,-1.8709954600000003,1257.0
221696,139,1289,55,-39.616846680641174,0.8792853951454163,0.0004092704424510632,0.225830078125,0.004334304008807521,-0.03564215824007988,-2.1457672119140625e-06,-0.02619833208154887,0.01555843,0.2,6912,-1.8667287700000004,1257.0
222208,140,1289,55,-39.658628940582275,0.8796066045761108,0.0004092704424510632,0.2523193359375,0.12435274245217443,0.013019993901252747,1.2516975402832031e-06,-0.023183717770734802,0.021011187,0.2,6928,-1.8667287700000004,1257.0
222720,141,1289,55,-39.64092838764191,0.8783076405525208,0.0004092704424510632,0.2803955078125,0.0036627869121730328,-0.04525158181786537,-1.7881393432617188e-06,-0.03154932083270978,0.022811174,0.2,6944,-1.8641187200000002,1257.0
223232,142,1289,56,-39.59091866016388,0.8766613006591797,0.0004092704424510632,0.23828125,0.13161137560382485,0.03833046928048134,7.152557373046875e-07,-0.021974624949507415,0.01720976,0.2,6960,-1.8641187200000002,1257.0
223744,143,1289,56,-39.54931318759918,0.876523494720459,0.0004092704424510632,0.2255859375,0.0035364621435292065,-0.03430523723363876,-1.2874603271484375e-05,-0.024576976189564448,0.015632754,0.2,6976,-1.8641187200000002,1257.0
224256,144,1289,57,-39.56800663471222,0.8770274519920349,0.0004092704424510632,0.179443359375,0.004824518924579024,-0.026511501520872116,3.6954879760742188e-06,-0.019523778435541317,0.011858104,0.2,6992,-1.86232067,1257.0
224768,145,1289,57,-39.5666983127594,0.876314103603363,0.0004092704424510632,0.30126953125,0.01622142957057804,-0.019491801038384438,-1.3113021850585938e-06,-0.02447175585257355,0.027935162,0.2,7008,-1.86232067,1257.0
225280,146,1289,57,-39.523383259773254,0.8743119239807129,0.0004092704424510632,0.2376708984375,0.0052557318631443195,-0.031009988859295845,2.384185791015625e-07,-0.02788979643082712,0.016715724,0.2,7024,-1.85916045,1257.0
225792,147,1289,58,-39.46028435230255,0.872880220413208,0.0004092704424510632,0.2210693359375,0.1551555439364165,0.0627121701836586,7.748603820800781e-07,-0.01956174217048101,0.018308869,0.2,7040,-1.85916045,1257.0
226304,1,4273,0,-39.40843904018402,0.8709723949432373,0.0004092704424510632,0.2445068359375,0.0023998563265195116,-0.027602043002843857,-1.1086463928222656e-05,-0.02599399793689372,0.021444842,0.2,7056,-1.8534389299999998,1257.0
226816,2,2006,0,-39.34899079799652,0.8692856431007385,0.0004092704424510632,0.2412109375,0.1490031057037413,0.046647071838378906,1.3113021850585938e-06,-0.024652712076203898,0.018081944,0.2,7072,-1.8534389299999998,1257.0
227328,3,1704,0,-39.28817164897919,0.8674357533454895,0.0004092704424510632,0.266845703125,0.0033590642997296527,-0.03403407335281372,-1.0013580322265625e-05,-0.025981172744650394,0.019770298,0.2,7088,-1.8534389299999998,1257.0
227840,4,1589,1,-39.242369413375854,0.8664531707763672,0.0004092704424510632,0.2452392578125,0.0050379845561110415,-0.040288254618644714,-1.1920928955078125e-07,-0.028408988830051385,0.0199048,0.2,7104,-1.85163668,1257.0
228352,5,1521,1,-39.240257263183594,0.8668652772903442,0.0004092704424510632,0.2584228515625,0.15105458395555615,0.03166044503450394,8.940696716308594e-07,-0.03056597273098305,0.021639062,0.2,7120,-1.85163668,1257.0
228864,6,1481,2,-39.275428891181946,0.8684603571891785,0.0004092704424510632,0.1995849609375,0.0029847380210412666,-0.03376393765211105,-2.9802322387695312e-06,-0.023432725996826775,0.013658481,0.2,7136,-1.84783627,1257.0
229376,7,1453,2,-39.31849706172943,0.868502676486969,0.0004092704424510632,0.24609375,0.13918418600223958,0.04348564147949219,1.0728836059570312e-06,-0.023644743079785258,0.017767573,0.2,7152,-1.84783627,1257.0
229888,8,1430,2,-39.294437646865845,0.8675692081451416,0.0004092704424510632,0.1873779296875,0.0023145493760239333,-0.016290152445435524,-1.0728836059570312e-05,-0.018300530486158095,0.014452892,0.2,7168,-1.84783627,1257.0
230400,9,1415,3,-39.26933419704437,0.8678408861160278,0.0004092704424510632,0.239501953125,0.00429033152613556,-0.03316632658243179,1.0132789611816406e-06,-0.027779693584307097,0.016979884,0.2,7184,-1.8437335299999997,1257.0
230912,10,1401,3,-39.29533302783966,0.8692647814750671,0.0004092704424510632,0.270751953125,0.14675294584594667,0.03302058205008507,1.0132789611816406e-06,-0.02553811200778,0.025597796,0.2,7200,-1.8437335299999997,1257.0
231424,11,1392,4,-39.328439354896545,0.8697095513343811,0.0004092704424510632,0.267333984375,0.003319902803923469,-0.03582410886883736,5.364418029785156e-07,-0.028561623257701285,0.020771807,0.2,7216,-1.8387684800000001,1257.0
231936,12,1384,4,-39.328163743019104,0.8688674569129944,0.0004092704424510632,0.2177734375,0.13749056705273688,0.03910762071609497,1.3113021850585938e-06,-0.02224746171850711,0.016957942,0.2,7232,-1.8387684800000001,1257.0
232448,13,1377,4,-39.28585231304169,0.8673999905586243,0.0004092704424510632,0.2843017578125,0.0039377089342451654,-0.038722649216651917,-1.0132789611816406e-05,-0.03133063207496889,0.0205242,0.2,7248,-1.8387684800000001,1257.0
232960,14,1371,5,-39.257201075553894,0.8675009608268738,0.0004092704424510632,0.2381591796875,0.004019999294541776,-0.029898766428232193,2.682209014892578e-06,-0.02708194774459116,0.019533467,0.2,7264,-1.83730799,1257.0
233472,15,1367,5,-39.24491620063782,0.8662784695625305,0.0004092704424510632,0.249267578125,0.14508525910787284,0.027441516518592834,1.2516975402832031e-06,-0.024517380632460117,0.021794552,0.2,7280,-1.83730799,1257.0
233984,16,1363,6,-39.22580897808075,0.8671880960464478,0.0004092704424510632,0.1923828125,0.003601284639444202,-0.03527223318815231,6.020069122314453e-06,-0.0235726575483568,0.012192672,0.2,7296,-1.8339895000000002,1257.0
234496,17,1359,6,-39.262187361717224,0.8668183088302612,0.0004092704424510632,0.2501220703125,0.1344785988330841,0.034281156957149506,1.2516975402832031e-06,-0.023470404514227994,0.019324102,0.2,7312,-1.8339895000000002,1257.0
235008,18,1355,6,-39.24591076374054,0.8669669032096863,0.0004092704424510632,0.283203125,0.0034582025291456375,-0.04670918732881546,-1.430511474609375e-05,-0.029210790657089092,0.027172726,0.2,7328,-1.8339895000000002,1257.0
235520,19,1352,7,-39.24725258350372,0.8656319379806519,0.0004092704424510632,0.281005859375,0.002791606239043176,-0.0330968014895916,-1.5497207641601562e-06,-0.031698372069513425,0.020295052,0.2,7344,-1.83057084,1257.0
236032,20,1350,7,-39.189507365226746,0.8644195199012756,0.0004092704424510632,0.23583984375,0.13907186314463615,0.03941463306546211,8.344650268554688e-07,-0.02116611084784381,0.020065408,0.2,7360,-1.83057084,1257.0
236544,21,1349,7,-39.158231019973755,0.8637536764144897,0.0004092704424510632,0.2449951171875,0.004646136658266187,-0.029620951041579247,-1.9073486328125e-06,-0.02670056362694595,0.017618962,0.2,7376,-1.8297583100000003,1257.0
237056,22,1350,8,-39.11546528339386,0.8618665933609009,0.0004092704424510632,0.240966796875,0.14424704178236425,0.03155903518199921,1.3709068298339844e-06,-0.024597384661319666,0.02166941,0.2,7392,-1.8297583100000003,1257.0
237568,23,1347,8,-39.059171080589294,0.8615990877151489,0.0004092704424510632,0.2835693359375,0.0036995175541960634,-0.041707199066877365,-1.2040138244628906e-05,-0.028156466156360693,0.023369066,0.2,7408,-1.8297583100000003,1257.0
238080,24,1344,9,-39.041587114334106,0.8602042198181152,0.0004092704424510632,0.169921875,0.0042400262973387726,-0.03191869705915451,5.602836608886719e-06,-0.02161620548577048,0.0103058675,0.2,7424,-1.8272523999999999,1257.0
238592,25,1342,9,-39.01024663448334,0.8608251214027405,0.0004092704424510632,0.1954345703125,0.03365050128195435,-0.0012014079838991165,-2.384185791015625e-07,-0.0181838979042368,0.019564504,0.2,7440,-1.8272523999999999,1257.0
239104,26,1340,9,-39.03537404537201,0.8615652918815613,0.0004092704424510632,0.2572021484375,0.004904776731564198,-0.030488844960927963,1.0728836059570312e-06,-0.029812904249411076,0.019201295,0.2,7456,-1.8254971400000002,1257.0
239616,27,1339,10,-39.04043102264404,0.8607416749000549,0.0004092704424510632,0.2239990234375,0.16563469404354692,0.04579024761915207,6.556510925292969e-07,-0.020158186365733854,0.017351145,0.2,7472,-1.8254971400000002,1257.0
240128,28,1337,10,-39.012478709220886,0.8607009649276733,0.0004092704424510632,0.21484375,0.00316409845254384,-0.035278383642435074,-7.11679458618164e-05,-0.025487440376309678,0.016244605,0.2,7488,-1.8210753700000004,1257.0
240640,29,1336,11,-39.011234164237976,0.8607246279716492,0.0004092704424510632,0.2816162109375,0.1563956376630813,0.0444667711853981,1.1324882507324219e-06,-0.02848051380715333,0.031588435,0.2,7504,-1.8210753700000004,1257.0
241152,30,1335,11,-38.99137628078461,0.8597541451454163,0.0004092704424510632,0.263916015625,0.00299822460510768,-0.041323475539684296,-6.246566772460938e-05,-0.02932181369396858,0.019951053,0.2,7520,-1.8210753700000004,1257.0
241664,31,1334,11,-38.951767683029175,0.8587718605995178,0.0004092704424510632,0.23974609375,0.004447893617907539,-0.02098500169813633,3.2782554626464844e-06,-0.02721644303528592,0.019970527,0.2,7536,-1.82074587,1257.0
242176,32,1332,12,-38.95229470729828,0.8593003749847412,0.0004092704424510632,0.244140625,0.16402754001319408,0.03384308144450188,8.940696716308594e-07,-0.025536153640132397,0.020336445,0.2,7552,-1.82074587,1257.0
242688,33,1332,12,-38.98311007022858,0.8608485460281372,0.0004092704424510632,0.2562255859375,0.002093634524499066,-0.04438186436891556,-4.2557716369628906e-05,-0.029514759582525585,0.016138582,0.2,7568,-1.8159341600000003,1257.0
243200,34,1331,13,-39.03111779689789,0.8616635203361511,0.0004092704424510632,0.2281494140625,0.147461230866611,0.03800519183278084,6.377696990966797e-06,-0.024885196384275332,0.020244855,0.2,7584,-1.8159341600000003,1257.0
243712,35,1330,13,-39.03723454475403,0.8612355589866638,0.0004092704424510632,0.3582763671875,0.0036164949415251613,-0.045850422233343124,3.7550926208496094e-06,-0.03409315482713282,0.03572615,0.2,7600,-1.8159341600000003,1257.0
244224,36,1330,13,-39.03550064563751,0.8617752194404602,0.0004092704424510632,0.2178955078125,0.004856234307226259,-0.0373055562376976,-5.960464477539062e-07,-0.025651760821347125,0.013236044,0.2,7616,-1.81213312,1257.0
244736,37,1329,14,-39.02770817279816,0.8611494302749634,0.0004092704424510632,0.2412109375,0.15166956349276006,0.04750698432326317,3.874301910400391e-06,-0.02437158029351849,0.015846895,0.2,7632,-1.81213312,1257.0
245248,38,1328,14,-39.00634527206421,0.8610690832138062,0.0004092704424510632,0.2420654296875,0.0036014211873407476,-0.03151511028409004,-5.960464477539062e-07,-0.025362461426993832,0.01705397,0.2,7648,-1.8081045699999998,1257.0
245760,39,1328,15,-39.01397740840912,0.8612715601921082,0.0004092704424510632,0.2076416015625,0.14057253277860582,0.05689743906259537,8.64267349243164e-06,-0.01969055381778162,0.02024554,0.2,7664,-1.8081045699999998,1257.0
246272,40,1327,15,-39.009604692459106,0.8604639172554016,0.0004092704424510632,0.2645263671875,0.003278981246694457,-0.05115510895848274,-0.0003674030303955078,-0.0297422370640561,0.017228253,0.2,7680,-1.8081045699999998,1257.0
246784,41,1327,15,-38.985135316848755,0.8598411679267883,0.0004092704424510632,0.2490234375,0.004364514126791619,-0.050384487956762314,6.67572021484375e-06,-0.032348614564398304,0.017675607,0.2,7696,-1.80418528,1257.0
247296,42,1327,16,-38.958712339401245,0.8597140908241272,0.0004092704424510632,0.2392578125,0.14528557192534208,0.04302027076482773,6.496906280517578e-06,-0.024446379859000444,0.017498117,0.2,7712,-1.80418528,1257.0
247808,43,1327,16,-38.968594670295715,0.860308825969696,0.0004092704424510632,0.2401123046875,0.004240063564793672,-0.037165381014347076,9.238719940185547e-06,-0.03030325021245517,0.016410377,0.2,7728,-1.8019161399999999,1257.0
248320,44,1326,16,-38.972620606422424,0.8596493601799011,0.0004092704424510632,0.2451171875,0.13817788031883538,0.03927653282880783,1.4483928680419922e-05,-0.025331961674964987,0.020320147,0.2,7744,-1.8019161399999999,1257.0
248832,45,1325,17,-38.94190812110901,0.8589555621147156,0.0004092704424510632,0.2093505859375,0.0033800780001911335,-0.021709728986024857,-0.00025331974029541016,-0.021825147516210563,0.017274443,0.2,7760,-1.8019161399999999,1257.0
249344,46,1325,17,-38.918864727020264,0.8579985499382019,0.0004092704424510632,0.26953125,0.003774965625780169,-0.03158150985836983,1.7404556274414062e-05,-0.03180884770699777,0.018247947,0.2,7776,-1.79655269,1257.0
249856,47,1325,18,-38.88266134262085,0.8571763634681702,0.0004092704424510632,0.2357177734375,0.13677945476956666,0.029277464374899864,4.708766937255859e-06,-0.020946684926457237,0.020000866,0.2,7792,-1.79655269,1257.0
250368,48,1324,18,-38.83945369720459,0.8552496433258057,0.0004092704424510632,0.2152099609375,0.0044751934765372425,-0.038876134902238846,1.2755393981933594e-05,-0.026630152031430043,0.015352654,0.2,7808,-1.79237063,1257.0
250880,49,1323,18,-38.77658569812775,0.8543458580970764,0.0004092704424510632,0.233642578125,0.1346592630725354,0.03784921020269394,8.940696716308594e-06,-0.023026611932436936,0.018609285,0.2,7824,-1.79237063,1257.0
251392,50,1323,19,-38.75215256214142,0.8534188866615295,0.0004092704424510632,0.2723388671875,0.0038118563388707116,-0.03632257133722305,-0.0006041526794433594,-0.030286431458080187,0.021204192,0.2,7840,-1.79237063,1257.0
251904,51,1322,19,-38.728872776031494,0.8532258868217468,0.0004092704424510632,0.2425537109375,0.003624071388912853,-0.03727492317557335,1.0311603546142578e-05,-0.028059363845386542,0.015704794,0.2,7856,-1.7852710500000004,1257.0
252416,52,1322,20,-38.706321358680725,0.8529663681983948,0.0004092704424510632,0.263916015625,0.046176249510608613,-0.007334941998124123,-7.152557373046875e-07,-0.019624608132289723,0.03543632,0.2,7872,-1.7852710500000004,1257.0
252928,53,1322,20,-38.71423578262329,0.8538597822189331,0.0004092704424510632,0.2025146484375,0.00375671071378747,-0.04137083888053894,8.344650268554688e-06,-0.02174503536662087,0.013564769,0.2,7888,-1.78145391,1257.0
253440,54,1322,20,-38.72753143310547,0.8537381887435913,0.0004092704424510632,0.2784423828125,0.14793623518198729,0.03965944051742554,2.1457672119140625e-06,-0.027463033875392284,0.02446778,0.2,7904,-1.78145391,1257.0
253952,55,1321,21,-38.723472595214844,0.854531466960907,0.0004092704424510632,0.2822265625,0.003244769097364042,-0.03323323652148247,-5.233287811279297e-05,-0.030724817857844755,0.025013307,0.2,7920,-1.77661682,1257.0
254464,56,1321,21,-38.73883819580078,0.8538923859596252,0.0004092704424510632,0.237548828125,0.13855260983109474,0.024468451738357544,4.0531158447265625e-06,-0.024960778799140826,0.01796292,0.2,7936,-1.77661682,1257.0
254976,57,1320,22,-38.692546367645264,0.8528112769126892,0.0004092704424510632,0.2547607421875,0.0026716932698036544,-0.03463319316506386,-0.00010800361633300781,-0.02348086197162047,0.018534617,0.2,7952,-1.77661682,1257.0
255488,58,1320,22,-38.65641796588898,0.8519378900527954,0.0004092704424510632,0.1885986328125,0.0044262777009862475,-0.03075459785759449,2.86102294921875e-06,-0.02285585895879194,0.01417518,0.2,7968,-1.7720117799999997,1257.0
256000,59,1320,22,-38.621914982795715,0.8512468934059143,0.0004092704424510632,0.246826171875,0.14148084889166057,0.035299014300107956,4.291534423828125e-06,-0.0269681203935761,0.024212237,0.2,7984,-1.7720117799999997,1257.0
256512,60,1320,23,-38.61672806739807,0.8521281480789185,0.0004092704424510632,0.2423095703125,0.002385271796811139,-0.04069921374320984,-2.8371810913085938e-05,-0.026320509583456442,0.017887639,0.2,8000,-1.7681929100000002,1257.0
257024,61,1320,23,-38.63269579410553,0.8518173694610596,0.0004092704424510632,0.261474609375,0.12973937462083995,0.016424905508756638,1.0728836059570312e-05,-0.02601845691242488,0.020106584,0.2,8016,-1.7681929100000002,1257.0
257536,62,1320,24,-38.60243892669678,0.8508574366569519,0.0004092704424510632,0.280517578125,0.0029320133617147803,-0.047029174864292145,-4.673004150390625e-05,-0.029632287070853636,0.025953785,0.2,8032,-1.7681929100000002,1257.0
258048,63,1319,24,-38.56508910655975,0.8505746126174927,0.0004092704424510632,0.2322998046875,0.005317708935763221,-0.028690408915281296,1.6093254089355469e-06,-0.026806599082192406,0.016226022,0.2,8048,-1.76366931,1257.0
258560,64,1319,24,-38.55657243728638,0.8503462076187134,0.0004092704424510632,0.2357177734375,0.12838071072474122,0.026843562722206116,1.1682510375976562e-05,-0.02192363972426392,0.018884346,0.2,8064,-1.76366931,1257.0
259072,65,1319,25,-38.54364728927612,0.8499699831008911,0.0004092704424510632,0.2393798828125,0.003836656302155461,-0.04756338149309158,-1.4901161193847656e-05,-0.030119128641672432,0.019399725,0.2,8080,-1.75971058,1257.0
259584,66,1318,25,-38.53397190570831,0.8498972058296204,0.0004092704424510632,0.249755859375,0.12115453626029193,0.026415077969431877,1.8835067749023438e-05,-0.028267723217140883,0.024504766,0.2,8096,-1.75971058,1257.0
260096,67,1318,26,-38.51866328716278,0.8494527339935303,0.0004092704424510632,0.242919921875,0.002742614728049375,-0.03373059630393982,0.0020256638526916504,-0.02617554707103409,0.020667633,0.2,8112,-1.75971058,1257.0
260608,68,1318,26,-38.49923622608185,0.849112331867218,0.0004092704424510632,0.2357177734375,0.003419274013140239,-0.028636857867240906,-9.5367431640625e-07,-0.027551201987080276,0.016767131,0.2,8128,-1.75313898,1257.0
261120,69,1318,26,-38.483500599861145,0.8484259843826294,0.0004092704424510632,0.271728515625,0.12625714391469955,0.028048265725374222,3.516674041748047e-06,-0.025676716686575674,0.027200513,0.2,8144,-1.75313898,1257.0
261632,70,1317,27,-38.46052157878876,0.8481985330581665,0.0004092704424510632,0.2232666015625,0.0035718597428058274,-0.02464688941836357,-5.960464477539062e-07,-0.02441618114244193,0.015761284,0.2,8160,-1.7481652100000002,1257.0
262144,71,1317,27,-38.43668460845947,0.8463904857635498,0.0004092704424510632,0.2088623046875,0.11313855578191578,0.014866217970848083,3.3974647521972656e-06,-0.023129683584556915,0.01698222,0.2,8176,-1.7481652100000002,1257.0
262656,72,1317,27,-38.378535866737366,0.8452578186988831,0.0004092704424510632,0.214111328125,0.0033085140894399956,-0.028420649468898773,-3.707408905029297e-05,-0.018779108198941685,0.015589309,0.2,8192,-1.7481652100000002,1257.0
263168,73,1317,28,-38.349655508995056,0.8445525765419006,0.0004092704424510632,0.24462890625,0.00517820237291744,-0.040028221905231476,5.960464477539062e-07,-0.028531087620649487,0.020009153,0.2,8208,-1.7438556200000002,1257.0
263680,74,1316,28,-38.34461569786072,0.8449133634567261,0.0004092704424510632,0.2689208984375,0.11271320725791156,0.01266438513994217,4.887580871582031e-06,-0.02550427714595571,0.024968334,0.2,8224,-1.7438556200000002,1257.0
264192,75,1316,29,-38.361570715904236,0.845453679561615,0.0004092704424510632,0.2447509765625,0.004021562090201769,-0.04771539941430092,9.715557098388672e-06,-0.02691184781724587,0.01658574,0.2,8240,-1.73596182,1257.0
264704,76,1316,29,-38.35821974277496,0.8445338606834412,0.0004092704424510632,0.2420654296875,0.11505605350248516,0.014868617057800293,3.337860107421875e-06,-0.02617705512966495,0.021951754,0.2,8256,-1.73596182,1257.0
265216,77,1316,29,-38.33231806755066,0.8442003726959229,0.0004092704424510632,0.2535400390625,0.003440355765633285,-0.038859397172927856,-0.0003066062927246094,-0.021048879774753004,0.021791749,0.2,8272,-1.73596182,1257.0
265728,78,1315,30,-38.32101273536682,0.8431143760681152,0.0004092704424510632,0.2423095703125,0.004752354456286412,-0.04517614096403122,1.3589859008789062e-05,-0.025927304610377178,0.016443329,0.2,8288,-1.7327001899999999,1257.0
266240,79,1315,30,-38.298489689826965,0.8434382081031799,0.0004092704424510632,0.2412109375,0.05019563785754144,-0.010595057159662247,5.960464477539063e-08,-0.02452614245703444,0.022124013,0.2,8304,-1.7327001899999999,1257.0
266752,80,1315,31,-38.32116651535034,0.8437879085540771,0.0004092704424510632,0.2642822265625,0.003594305737351533,-0.05247468873858452,7.092952728271484e-06,-0.03239356944686733,0.019652799,0.2,8320,-1.7276623600000003,1257.0
267264,81,1315,31,-38.33041751384735,0.8445820808410645,0.0004092704424510632,0.2608642578125,0.12824577721767128,0.024743974208831787,4.5299530029296875e-06,-0.02900706956279464,0.022071205,0.2,8336,-1.7276623600000003,1257.0
267776,82,1314,31,-38.34137547016144,0.8440718650817871,0.0004092704424510632,0.2841796875,0.0035545176651794463,-0.03332937881350517,-0.00019490718841552734,-0.02929691235476639,0.022962514,0.2,8352,-1.7256121799999997,1257.0
268288,83,1313,32,-38.3126437664032,0.8430958986282349,0.0004092704424510632,0.280517578125,0.12520197103731334,0.01622730866074562,3.159046173095703e-06,-0.02803765809221659,0.020366654,0.2,8368,-1.7256121799999997,1257.0
268800,84,1313,32,-38.26973342895508,0.8417725563049316,0.0004092704424510632,0.200439453125,0.0033191914044437,-0.03476553037762642,-0.0001971721649169922,-0.02121322028688155,0.016038692,0.2,8384,-1.7256121799999997,1257.0
269312,85,1313,33,-38.243913888931274,0.841842532157898,0.0004092704424510632,0.2264404296875,0.003889836458256468,-0.03420274704694748,1.0609626770019531e-05,-0.022665893513476476,0.016883358,0.2,8400,-1.72175693,1257.0
269824,86,1313,33,-38.242321133613586,0.8414798378944397,0.0004092704424510632,0.199462890625,0.12996971630491316,0.027729954570531845,3.635883331298828e-06,-0.02445716696092859,0.016811773,0.2,8416,-1.72175693,1257.0
270336,87,1313,33,-38.223289370536804,0.8418880105018616,0.0004092704424510632,0.209228515625,0.0019259751752542797,-0.030853495001792908,-9.703636169433594e-05,-0.023235243221279234,0.014747957,0.2,8432,-1.7129631199999997,1257.0
270848,88,1312,34,-38.25301504135132,0.8428025841712952,0.0004092704424510632,0.2764892578125,0.11889735236763954,0.024479351937770844,1.3589859008789062e-05,-0.02756408393906895,0.02160511,0.2,8448,-1.7129631199999997,1257.0
271360,89,1312,34,-38.299490213394165,0.8442209362983704,0.0004092704424510632,0.2508544921875,0.002772682928480208,-0.042261481285095215,-0.00014281272888183594,-0.027829154481878504,0.020614713,0.2,8464,-1.7129631199999997,1257.0
271872,90,1312,35,-38.31815302371979,0.843686044216156,0.0004092704424510632,0.2200927734375,0.0025356890182592906,-0.026850322261452675,-5.4836273193359375e-06,-0.02670455983025022,0.014950159,0.2,8480,-1.70871576,1257.0
272384,91,1311,35,-38.311161398887634,0.8440934419631958,0.0004092704424510632,0.244384765625,0.1209424736443907,0.013509351760149002,1.0609626770019531e-05,-0.025658508617198095,0.019948564,0.2,8496,-1.70871576,1257.0
272896,92,1311,35,-38.304051876068115,0.8426628112792969,0.0004092704424510632,0.244140625,0.003374566716956906,-0.025672484189271927,4.571676254272461e-05,-0.02906482486287132,0.017121185,0.2,8512,-1.70359312,1257.0
273408,93,1311,36,-38.23663794994354,0.8408918976783752,0.0004092704424510632,0.2991943359375,0.11009416892193258,0.019040413200855255,1.1920928955078125e-06,-0.02840339974500239,0.024326649,0.2,8528,-1.70359312,1257.0
273920,94,1311,36,-38.17986512184143,0.8399741053581238,0.0004092704424510632,0.20654296875,0.0028295832089497708,-0.03281155973672867,-0.0005246400833129883,-0.022461367130745202,0.01712966,0.2,8544,-1.70359312,1257.0
274432,95,1312,37,-38.14059281349182,0.8390041589736938,0.0004092704424510632,0.26025390625,0.0044448570552049205,-0.04022359848022461,2.6226043701171875e-06,-0.02948015920992475,0.016789272,0.2,8560,-1.6973803299999997,1257.0
274944,96,1311,37,-38.102741718292236,0.8379335999488831,0.0004092704424510632,0.2098388671875,0.11087793740443885,0.02060748264193535,1.9669532775878906e-06,-0.020144434995017946,0.014822777,0.2,8576,-1.6973803299999997,1257.0
275456,97,1312,37,-38.05691730976105,0.8366860151290894,0.0004092704424510632,0.243408203125,0.003254515628213994,-0.03048637881875038,1.9073486328125e-06,-0.027939513965975493,0.017718833,0.2,8592,-1.6911615699999998,1257.0
275968,98,1311,38,-38.01873576641083,0.8357627391815186,0.0004092704424510632,0.2655029296875,0.1009888460393995,0.011762194335460663,2.9802322387695312e-06,-0.026985390039044432,0.02466935,0.2,8608,-1.6911615699999998,1257.0
276480,99,1311,38,-37.996466398239136,0.8360881209373474,0.0004092704424510632,0.3060302734375,0.0027699580241460353,-0.034521088004112244,-2.2172927856445312e-05,-0.030241282453062013,0.02849674,0.2,8624,-1.6911615699999998,1257.0
276992,100,1311,39,-37.98218631744385,0.8347132802009583,0.0004092704424510632,0.1915283203125,0.0036152597385807894,-0.032326728105545044,4.5299530029296875e-06,-0.022797327168518677,0.015409689,0.2,8640,-1.6835076999999998,1257.0
277504,101,1311,39,-37.94498145580292,0.8350043296813965,0.0004092704424510632,0.259765625,0.10763571481220424,0.00977935642004013,2.86102294921875e-06,-0.02679476509001688,0.022939542,0.2,8656,-1.6835076999999998,1257.0
278016,102,1310,39,-37.93318009376526,0.833702027797699,0.0004092704424510632,0.1431884765625,0.004398590121127199,-0.020443145185709,3.814697265625e-06,-0.014226672356016934,0.012085443,0.2,8672,-1.6785355400000004,1257.0
278528,103,1310,40,-37.874160051345825,0.8319949507713318,0.0004092704424510632,0.27001953125,0.1019768223632127,0.02138879895210266,2.9802322387695312e-06,-0.027755282913858537,0.023007894,0.2,8688,-1.6785355400000004,1257.0
279040,104,1310,40,-37.814772844314575,0.8306148052215576,0.0004092704424510632,0.2159423828125,0.0027835741930175573,-0.036060284823179245,-6.330013275146484e-05,-0.024201542619266547,0.017305547,0.2,8704,-1.6785355400000004,1257.0
279552,105,1310,41,-37.782426714897156,0.8304969668388367,0.0004092704424510632,0.196533203125,0.004791405481228139,-0.029433872550725937,9.059906005859375e-06,-0.02329589909641072,0.015012913,0.2,8720,-1.6744493699999998,1257.0
280064,106,1310,41,-37.80293071269989,0.8315945267677307,0.0004092704424510632,0.2830810546875,0.05378763878252357,-0.005433887243270874,1.3113021850585938e-06,-0.023986288440937642,0.049009442,0.2,8736,-1.6744493699999998,1257.0
280576,107,1310,41,-37.82762694358826,0.8314993977546692,0.0004092704424510632,0.152099609375,0.004168160507106222,-0.019229235127568245,1.1742115020751953e-05,-0.01737550611142069,0.012169568,0.2,8752,-1.67329926,1257.0
281088,108,1310,42,-37.801663875579834,0.8302291035652161,0.0004092704424510632,0.2789306640625,0.11442982940934598,0.008163727819919586,9.179115295410156e-06,-0.028783326561097056,0.018923802,0.2,8768,-1.67329926,1257.0
281600,109,1310,42,-37.75535726547241,0.8298470377922058,0.0004092704424510632,0.29150390625,0.002973251393996179,-0.04314746707677841,-1.823902130126953e-05,-0.029809530125930905,0.028335627,0.2,8784,-1.6699870399999996,1257.0
282112,110,1310,42,-37.76492094993591,0.830488920211792,0.0004092704424510632,0.2757568359375,0.11212929897010326,0.02474360167980194,2.9206275939941406e-06,-0.02703296858817339,0.023365542,0.2,8800,-1.6699870399999996,1257.0
282624,111,1310,43,-37.768001556396484,0.8296507596969604,0.0004092704424510632,0.2652587890625,0.002060456434264779,-0.0377240888774395,-0.00019621849060058594,-0.02752389688976109,0.023131143,0.2,8816,-1.6699870399999996,1257.0
283136,112,1309,43,-37.7419056892395,0.8289397954940796,0.0004092704424510632,0.2574462890625,0.0033055801322916523,-0.0486949123442173,9.417533874511719e-06,-0.030996182467788458,0.018721793,0.2,8832,-1.6636634,1257.0
283648,113,1309,44,-37.727190375328064,0.8284624218940735,0.0004092704424510632,0.2529296875,0.10989288170821965,0.02121495082974434,-5.960464477539062e-07,-0.025531471459544264,0.022680983,0.2,8848,-1.6636634,1257.0
284160,114,1309,44,-37.71870303153992,0.8284968733787537,0.0004092704424510632,0.1888427734375,0.001622311148821609,-0.03485848009586334,-0.0001437664031982422,-0.02030583874147851,0.014035775,0.2,8864,-1.6596287199999997,1257.0
284672,115,1309,44,-37.710519671440125,0.8280603885650635,0.0004092704424510632,0.2337646484375,0.09445657208561897,0.013209983706474304,6.854534149169922e-06,-0.02566324730287306,0.017334105,0.2,8880,-1.6596287199999997,1257.0
285184,116,1309,45,-37.68445611000061,0.8266233205795288,0.0004092704424510632,0.283203125,0.002570419921539724,-0.04310363903641701,-3.9458274841308594e-05,-0.028964149008970708,0.024293654,0.2,8896,-1.6596287199999997,1257.0
285696,117,1308,45,-37.64927685260773,0.8263518214225769,0.0004092704424510632,0.2384033203125,0.004765639954712242,-0.037365373224020004,3.4570693969726562e-06,-0.026178595231613144,0.014123851,0.2,8912,-1.65636106,1257.0
286208,118,1308,46,-37.624884724617004,0.8248745203018188,0.0004092704424510632,0.2017822265625,0.10439636348746717,0.031105540692806244,5.7220458984375e-06,-0.021026511560194194,0.013382448,0.2,8928,-1.65636106,1257.0
286720,119,1308,46,-37.59383976459503,0.8253670930862427,0.0004092704424510632,0.218994140625,0.003263520273321774,-0.02447010576725006,5.424022674560547e-06,-0.02490500608109869,0.012698023,0.2,8944,-1.6520637800000002,1257.0
287232,120,1308,46,-37.61807882785797,0.8258958458900452,0.0004092704424510632,0.26611328125,0.09286488918587565,0.0014528743922710419,1.1801719665527344e-05,-0.026910184242296964,0.017096784,0.2,8960,-1.6520637800000002,1257.0
287744,121,1308,47,-37.61370015144348,0.8251968026161194,0.0004092704424510632,0.2943115234375,0.003504507643810939,-0.04544530808925629,-0.00015413761138916016,-0.031492655631154776,0.022371333,0.2,8976,-1.6520637800000002,1257.0
288256,122,1308,47,-37.58291721343994,0.8242924213409424,0.0004092704424510632,0.191650390625,0.004957031385856681,-0.02692931517958641,7.748603820800781e-07,-0.022569011329323985,0.011584173,0.2,8992,-1.6491183500000002,1257.0
288768,123,1308,48,-37.546849608421326,0.8235936760902405,0.0004092704424510632,0.27392578125,0.10066422959789634,0.013528384268283844,2.384185791015625e-07,-0.028319467935943976,0.030881945,0.2,9008,-1.6491183500000002,1257.0
289280,124,1308,48,-37.510963916778564,0.8215696215629578,0.0004092704424510632,0.22119140625,0.0046537201560568064,-0.036261990666389465,-7.152557373046875e-07,-0.02424278725811746,0.017179973,0.2,9024,-1.6462611900000002,1257.0
289792,125,1308,48,-37.44472301006317,0.8207994699478149,0.0004092704424510632,0.2445068359375,0.09312695846892893,-0.00017701834440231323,6.556510925292969e-07,-0.026902804151177406,0.016808562,0.2,9040,-1.6462611900000002,1257.0
290304,126,1308,49,-37.42603385448456,0.8207202553749084,0.0004092704424510632,0.2874755859375,0.003038361704966519,-0.054532572627067566,4.947185516357422e-06,-0.028479899134254083,0.02671611,0.2,9056,-1.6462611900000002,1257.0
290816,127,1309,49,-37.4343376159668,0.8216671943664551,0.0004092704424510632,0.222412109375,0.00415104121202603,-0.03176405653357506,-2.9802322387695312e-06,-0.022933970918529667,0.015940897,0.2,9072,-1.6431486200000003,1257.0
291328,128,1308,50,-37.45211637020111,0.8208220601081848,0.0004092704424510632,0.203857421875,0.09293082379736006,0.011752476915717125,8.344650268554688e-07,-0.01831043943820987,0.016174678,0.2,9088,-1.6431486200000003,1257.0
291840,129,1308,50,-37.43676555156708,0.821177065372467,0.0004092704424510632,0.2578125,0.004062875050294679,-0.04683684557676315,-2.0265579223632812e-06,-0.029735547926975414,0.022604572,0.2,9104,-1.64118468,1257.0
292352,130,1308,50,-37.462499022483826,0.8218409419059753,0.0004092704424510632,0.299072265625,0.09196773543953896,0.0033000484108924866,5.960464477539062e-07,-0.03229532010300318,0.027040549,0.2,9120,-1.64118468,1257.0
292864,131,1308,51,-37.486058592796326,0.8222104907035828,0.0004092704424510632,0.222900390625,0.002696799027035013,-0.01892095059156418,-4.887580871582031e-06,-0.02085112576605752,0.016795957,0.2,9136,-1.64118468,1257.0
293376,132,1308,51,-37.48365366458893,0.8217563033103943,0.0004092704424510632,0.2464599609375,0.0045515600650105625,-0.03489699959754944,-9.5367431640625e-07,-0.026228665316011757,0.017438374,0.2,9152,-1.6350666200000001,1257.0
293888,133,1308,52,-37.47583985328674,0.8218322396278381,0.0004092704424510632,0.3148193359375,0.05520345194963738,-0.007876444607973099,3.5762786865234375e-07,-0.02559757060953416,0.02988004,0.2,9168,-1.6350666200000001,1257.0
294400,134,1308,52,-37.46199309825897,0.8209950923919678,0.0004092704424510632,0.2666015625,0.0038760693932999857,-0.026669340208172798,-7.152557373046875e-07,-0.027067668925155886,0.020750187,0.2,9184,-1.62962437,1257.0
294912,135,1308,52,-37.43976187705994,0.8207905888557434,0.0004092704424510632,0.2666015625,0.1024011904373765,-0.0002957843244075775,4.172325134277344e-07,-0.02788294549100101,0.022167385,0.2,9200,-1.62962437,1257.0
295424,136,1308,53,-37.44392931461334,0.8211740851402283,0.0004092704424510632,0.2950439453125,0.003131337849481497,-0.037305206060409546,-1.3113021850585938e-06,-0.02980233282141853,0.020308029,0.2,9216,-1.62568957,1257.0
295936,137,1308,53,-37.48195135593414,0.822894811630249,0.0004092704424510632,0.260009765625,0.09877503267489374,0.028097860515117645,1.0132789611816406e-06,-0.022357425303198397,0.021676548,0.2,9232,-1.62568957,1257.0
296448,138,1308,54,-37.490357398986816,0.821503758430481,0.0004092704424510632,0.2740478515625,0.0032234741374850273,-0.04527183622121811,1.4901161193847656e-06,-0.03122165275271982,0.018821493,0.2,9248,-1.62568957,1257.0
296960,139,1307,54,-37.47659647464752,0.8229511976242065,0.0004092704424510632,0.25341796875,0.004193235363345593,-0.046536557376384735,-9.5367431640625e-07,-0.027875946965650655,0.016115077,0.2,9264,-1.6227441999999999,1257.0
297472,140,1307,54,-37.55094134807587,0.8243914246559143,0.0004092704424510632,0.2479248046875,0.10197574668563902,0.015468284487724304,7.152557373046875e-07,-0.025651007483247668,0.023087792,0.2,9280,-1.6227441999999999,1257.0
297984,141,1307,55,-37.564958691596985,0.8240442872047424,0.0004092704424510632,0.2230224609375,0.0024337062823178712,-0.0247039832174778,1.9669532775878906e-06,-0.023872172670962755,0.017086329,0.2,9296,-1.6209546000000001,1257.0
298496,142,1307,55,-37.550983905792236,0.8238465189933777,0.0004092704424510632,0.2713623046875,0.08855289244093001,0.0007153376936912537,5.364418029785156e-07,-0.03033100975153502,0.032750458,0.2,9312,-1.6209546000000001,1257.0
299008,143,1307,55,-37.55029499530792,0.823868453502655,0.0004092704424510632,0.2020263671875,0.0032325587526429445,-0.03423810750246048,-6.67572021484375e-06,-0.02163230728911003,0.017009363,0.2,9328,-1.6209546000000001,1257.0
299520,144,1307,56,-37.54637122154236,0.8233190774917603,0.0004092704424510632,0.2188720703125,0.003687273900141008,-0.0246970783919096,-1.430511474609375e-06,-0.024130529855028726,0.015117103,0.2,9344,-1.6130787599999998,1257.0
300032,145,1307,56,-37.523221135139465,0.8232153654098511,0.0004092704424510632,0.2669677734375,0.0932471661362797,0.010157406330108643,4.172325134277344e-07,-0.028310194822552148,0.021487933,0.2,9360,-1.6130787599999998,1257.0
300544,146,1307,57,-37.53070902824402,0.8233867883682251,0.0004092704424510632,0.263916015625,0.0027056245016865432,-0.02775006927549839,1.7881393432617188e-07,-0.024849084264133126,0.021458944,0.2,9376,-1.6089445199999997,1257.0
301056,147,1307,57,-37.537447690963745,0.8236503601074219,0.0004092704424510632,0.2730712890625,0.08412326197139919,0.006945028901100159,5.364418029785156e-07,-0.02696169711998664,0.022228904,0.2,9392,-1.6089445199999997,1257.0
