time/time_elapsed,time/iterations,time/fps,time/total_timesteps,train/clip_range,train/learning_rate,train/approx_kl,train/n_updates,train/std,train/loss,train/policy_gradient_loss,train/explained_variance,train/entropy_loss,train/value_loss,train/clip_fraction,rollout/ep_len_mean,rollout/ep_rew_mean
0,1,3891,512,,,,,,,,,,,,,
0,2,2524,1024,0.2,0.0004092704424510632,0.015711816,16,0.996745228767395,-0.0321744903922081,-0.024547466047806665,-3.733107089996338,-43.94643950462341,0.10154780446737277,0.22021484375,,
0,3,2271,1536,0.2,0.0004092704424510632,0.018280987,32,0.9970447421073914,-0.042340271174907684,-0.0321887219324708,0.008619368076324463,-43.876476764678955,0.002625599408929702,0.2796630859375,1258.0,-1.989011
0,4,2144,2048,0.2,0.0004092704424510632,0.017127998,48,0.9970148801803589,-0.053942859172821045,-0.028902753052534536,-0.005009770393371582,-43.89913475513458,0.0028490333825175185,0.263427734375,1258.0,-1.989011
1,5,2076,2560,0.2,0.0004092704424510632,0.017801762,64,0.9942968487739563,-0.03214331716299057,-0.02789475812460296,0.015380561351776123,-43.85633718967438,0.0026236660160066094,0.2843017578125,1258.0,-2.073085
1,6,2034,3072,0.2,0.0004092704424510632,0.015097402,80,0.9927319288253784,-0.027968037873506546,-0.023831634360249154,0.011701583862304688,-43.77574896812439,0.005141119807376526,0.228515625,1258.0,-2.073085
1,7,2005,3584,0.2,0.0004092704424510632,0.017386647,96,0.9911055564880371,-0.039953988045454025,-0.027993510593660176,0.000674903392791748,-43.734654545784,0.0012038380900776247,0.250732421875,1258.0,-2.073085
2,8,1982,4096,0.2,0.0004092704424510632,0.021173315,112,0.9913950562477112,-0.032952237874269485,-0.029615039326017722,0.006861209869384766,-43.70129096508026,0.006534478408866562,0.2998046875,1258.0,-2.1363896666666666
2,9,1967,4608,0.2,0.0004092704424510632,0.018313497,128,0.9927049279212952,-0.04516470059752464,-0.026487744937185198,0.007264256477355957,-43.73020887374878,0.006046165450243279,0.2550048828125,1258.0,-2.1363896666666666
2,10,1954,5120,0.2,0.0004092704424510632,0.017769285,144,0.9937984943389893,-0.028979672119021416,-0.026169215780100785,0.018388032913208008,-43.76522767543793,0.0024058980161498766,0.2469482421875,1258.0,-2.15993
2,11,1944,5632,0.2,0.0004092704424510632,0.016593432,160,0.9923245310783386,-0.03905336186289787,-0.023173436151409987,0.00999218225479126,-43.76935338973999,0.011294915922917426,0.2349853515625,1258.0,-2.15993
3,12,1936,6144,0.2,0.0004092704424510632,0.018713197,176,0.9901002645492554,-0.026749566197395325,-0.023337726277532056,0.04374730587005615,-43.699509382247925,0.0014813248526479583,0.2314453125,1258.0,-2.15993
3,13,1929,6656,0.2,0.0004092704424510632,0.022232834,192,0.9897193312644958,-0.03289126604795456,-0.025501342141069472,0.07213091850280762,-43.66175591945648,0.004384523970657028,0.2406005859375,1258.0,-2.1163442
3,14,1923,7168,0.2,0.0004092704424510632,0.019000206,208,0.9892382621765137,-0.022070569917559624,-0.025219378992915154,0.04595977067947388,-43.64383590221405,0.014864211087115109,0.272705078125,1258.0,-2.1163442
4,15,1918,7680,0.2,0.0004092704424510632,0.017647956,224,0.9868813157081604,-0.03537919372320175,-0.02384671350591816,0.0763748288154602,-43.607738614082336,0.0023338428763963748,0.2635498046875,1258.0,-2.121363
4,16,1914,8192,0.2,0.0004092704424510632,0.022104314,240,0.9856497645378113,-0.04067039489746094,-0.02557045192224905,0.02215433120727539,-43.53638684749603,0.02260810136795044,0.27783203125,1258.0,-2.121363
4,17,1910,8704,0.2,0.0004092704424510632,0.017022418,256,0.9859170317649841,-0.03102806583046913,-0.02525360141589772,-0.20680499076843262,-43.52674949169159,0.0011562047693587374,0.2291259765625,1258.0,-2.121363
4,18,1906,9216,0.2,0.0004092704424510632,0.014244019,272,0.9846818447113037,-0.03843087702989578,-0.022647328609309625,0.22341489791870117,-43.51928174495697,0.0037134788726689294,0.2265625,1258.0,-2.140332857142857
5,19,1903,9728,0.2,0.0004092704424510632,0.018044837,288,0.9842057824134827,-0.02727440744638443,-0.025778575596632436,0.2037486433982849,-43.47864484786987,0.0248214426683262,0.20947265625,1258.0,-2.140332857142857
5,20,1899,10240,0.2,0.0004092704424510632,0.015951876,304,0.9842380881309509,-0.027069810777902603,-0.02207804936915636,-0.25486981868743896,-43.47882640361786,0.0032928761829680298,0.2288818359375,1258.0,-2.12371725
5,21,1896,10752,0.2,0.0004092704424510632,0.016544297,320,0.9835118055343628,-0.025854095816612244,-0.024733879807172343,0.19913119077682495,-43.46886205673218,0.025035862752702087,0.226318359375,1258.0,-2.12371725
5,22,1894,11264,0.2,0.0004092704424510632,0.01459969,336,0.983021080493927,-0.036382999271154404,-0.02445961626654025,-0.3078495264053345,-43.447709918022156,0.0022558501113962848,0.2301025390625,1258.0,-2.12371725
6,23,1891,11776,0.2,0.0004092704424510632,0.018823832,352,0.9837744832038879,-0.03759316727519035,-0.029732391092693433,0.3286152482032776,-43.445319414138794,0.0032843286026036367,0.2864990234375,1258.0,-2.108538222222222
6,24,1889,12288,0.2,0.0004092704424510632,0.03192856,368,0.98419189453125,-0.02421116828918457,-0.030420710769249126,0.30368441343307495,-43.46974313259125,0.022533867246238515,0.34228515625,1258.0,-2.108538222222222
6,25,1887,12800,0.2,0.0004092704424510632,0.014454287,384,0.984591543674469,-0.03303825482726097,-0.0184130778798135,-0.5696483850479126,-43.477925300598145,0.005411984653619584,0.1983642578125,1258.0,-2.0969932
7,26,1884,13312,0.2,0.0004092704424510632,0.01938792,400,0.9842711687088013,-0.033063169568777084,-0.026352079832577147,0.1296253800392151,-43.48142373561859,0.037633186439052224,0.2576904296875,1258.0,-2.0969932
7,27,1882,13824,0.2,0.0004092704424510632,0.023951057,416,0.9845283031463623,-0.041871484369039536,-0.030762332826270722,-0.5653108358383179,-43.47536361217499,0.0025568690907675773,0.2703857421875,1258.0,-2.0969932
7,28,1881,14336,0.2,0.0004092704424510632,0.019297045,432,0.9840424060821533,-0.028905358165502548,-0.024902853881940246,0.25964272022247314,-43.475215911865234,0.004130461958993692,0.2535400390625,1258.0,-2.1076067272727275
7,29,1880,14848,0.2,0.0004092704424510632,0.033791132,448,0.9841616749763489,-0.02701202780008316,-0.02481175694265403,0.19292205572128296,-43.466580867767334,0.027145322470460087,0.2742919921875,1258.0,-2.1076067272727275
8,30,1879,15360,0.2,0.0004092704424510632,0.017608047,464,0.9836963415145874,-0.0376722551882267,-0.0268356566230068,-2.380004405975342,-43.46397411823273,0.004257897613570094,0.24365234375,1258.0,-2.1060256666666666
8,31,1877,15872,0.2,0.0004092704424510632,0.019942347,480,0.9818300604820251,-0.02775708958506584,-0.02393962084897794,0.12246352434158325,-43.42607367038727,0.047248188697267324,0.2276611328125,1258.0,-2.1060256666666666
8,32,1876,16384,0.2,0.0004092704424510632,0.01597353,496,0.9788928031921387,-0.043448761105537415,-0.02536445429723244,-0.14857959747314453,-43.352147698402405,0.0027281619877612684,0.2333984375,1258.0,-2.1072518461538463
9,33,1876,16896,0.2,0.0004092704424510632,0.02109659,512,0.9791296720504761,-0.016339441761374474,-0.02493688061076682,0.20005428791046143,-43.29492247104645,0.050834448309615254,0.2313232421875,1258.0,-2.1072518461538463
9,34,1875,17408,0.2,0.0004092704424510632,0.014498256,528,0.9818691611289978,-0.03498367592692375,-0.021198458591243252,-0.7882676124572754,-43.3504341840744,0.0031047940865391865,0.2127685546875,1258.0,-2.1072518461538463
9,35,1874,17920,0.2,0.0004092704424510632,0.020502385,544,0.9829483032226562,-0.048037804663181305,-0.02647274570335867,0.004288971424102783,-43.415077447891235,0.003496970923151821,0.244140625,1258.0,-2.0917985
9,36,1873,18432,0.2,0.0004092704424510632,0.017346608,560,0.9832136034965515,-0.0039727576076984406,-0.017995771413552575,0.10654139518737793,-43.43143129348755,0.07766112277749926,0.18896484375,1258.0,-2.0917985
10,37,1872,18944,0.2,0.0004092704424510632,0.016257033,576,0.9824910163879395,-0.035049259662628174,-0.023070012815878727,-1.2299737930297852,-43.425453186035156,0.005329607301973738,0.2032470703125,1258.0,-2.0762473333333333
10,38,1871,19456,0.2,0.0004092704424510632,0.020446237,592,0.9819460511207581,-0.009467177093029022,-0.0195942300488241,0.36648231744766235,-43.40008521080017,0.06187532830517739,0.194091796875,1258.0,-2.0762473333333333
10,39,1870,19968,0.2,0.0004092704424510632,0.014205657,608,0.98218834400177,-0.03882816061377525,-0.027825134427985176,-3.8345112800598145,-43.39433217048645,0.0022859946202515857,0.1988525390625,1258.0,-2.0762473333333333
10,40,1869,20480,0.2,0.0004092704424510632,0.021006873,624,0.9827798008918762,-0.03475203737616539,-0.02851647333591245,0.13995128870010376,-43.406848073005676,0.004028248040413018,0.2742919921875,1258.0,-2.0809178125
11,41,1868,20992,0.2,0.0004092704424510632,0.013297755,640,0.983735203742981,-0.010551046580076218,-0.018927130062365904,0.21740812063217163,-43.42988085746765,0.068943593185395,0.170654296875,1258.0,-2.0809178125
11,42,1867,21504,0.2,0.0004092704424510632,0.020086091,656,0.9839192628860474,-0.0418577566742897,-0.031131780706346035,-3.3086800575256348,-43.45392954349518,0.0040673959483683575,0.2857666015625,1258.0,-2.0898149999999998
11,43,1867,22016,0.2,0.0004092704424510632,0.024192499,672,0.9840582609176636,-0.012895682826638222,-0.024895571390516125,0.14526712894439697,-43.45472037792206,0.08780037914402783,0.257080078125,1258.0,-2.0898149999999998
12,44,1866,22528,0.2,0.0004092704424510632,0.017329019,688,0.9851069450378418,-0.037917643785476685,-0.02340922417351976,-5.204622745513916,-43.47026836872101,0.002733001620072173,0.228515625,1258.0,-2.0898149999999998
12,45,1866,23040,0.2,0.0004092704424510632,0.016516902,704,0.9824459552764893,-0.031639788299798965,-0.021230790560366586,0.22430557012557983,-43.45781707763672,0.004344432301877532,0.2408447265625,1258.0,-2.086723166666667
12,46,1865,23552,0.2,0.0004092704424510632,0.016246045,720,0.9817761778831482,-0.02116439864039421,-0.023075757664628327,0.3263811469078064,-43.3821918964386,0.07108673336915672,0.20361328125,1258.0,-2.086723166666667
12,47,1865,24064,0.2,0.0004092704424510632,0.017463677,736,0.9820510745048523,-0.028879869729280472,-0.02317777658754494,-1.164289951324463,-43.384491086006165,0.005808798916405067,0.2347412109375,1258.0,-2.0860386315789476
13,48,1865,24576,0.2,0.0004092704424510632,0.018665899,752,0.9830142855644226,-0.0009275581687688828,-0.02066951442975551,0.3693714141845703,-43.397242307662964,0.08873272815253586,0.1741943359375,1258.0,-2.0860386315789476
13,49,1864,25088,0.2,0.0004092704424510632,0.026050419,768,0.9835862517356873,-0.05188656970858574,-0.03211992941214703,-6.1952290534973145,-43.42536246776581,0.002092764721965068,0.2913818359375,1258.0,-2.0860386315789476
13,50,1864,25600,0.2,0.0004092704424510632,0.011944116,784,0.9845267534255981,-0.03275797888636589,-0.02104996047273744,0.09356534481048584,-43.44592547416687,0.0048526509053772315,0.2200927734375,1258.0,-2.08271
14,51,1863,26112,0.2,0.0004092704424510632,0.015999371,800,0.9849080443382263,-0.015164706856012344,-0.022096476357546635,0.13681060075759888,-43.47149169445038,0.11281302769202739,0.175048828125,1258.0,-2.08271
14,52,1863,26624,0.2,0.0004092704424510632,0.01969936,816,0.9859298467636108,-0.03354830667376518,-0.024348466962692328,-2.792221784591675,-43.48694598674774,0.005973540792183485,0.22314453125,1258.0,-2.079598333333333
14,53,1862,27136,0.2,0.0004092704424510632,0.016353551,832,0.9859722256660461,0.02368270233273506,-0.019591426200349815,0.28609204292297363,-43.50851213932037,0.13530142593663186,0.1444091796875,1258.0,-2.079598333333333
14,54,1862,27648,0.2,0.0004092704424510632,0.016009053,848,0.9828575849533081,-0.0262463316321373,-0.020200283091980964,-2.8157589435577393,-43.466935873031616,0.004861074070504401,0.1990966796875,1258.0,-2.079598333333333
15,55,1862,28160,0.2,0.0004092704424510632,0.019127838,864,0.9834293723106384,-0.02427504025399685,-0.02600016065116506,0.5036427974700928,-43.40524089336395,0.006827825563959777,0.228759765625,1258.0,-2.0827545
15,56,1861,28672,0.2,0.0004092704424510632,0.03194918,880,0.9838024377822876,-0.025590479373931885,-0.02585886300948914,0.3957633972167969,-43.43737316131592,0.05697178764967248,0.272216796875,1258.0,-2.0827545
15,57,1861,29184,0.2,0.0004092704424510632,0.01584788,896,0.9821776151657104,-0.033559754490852356,-0.022942033850995358,-1.8059165477752686,-43.42017447948456,0.005906182261242066,0.24462890625,1258.0,-2.0779068695652176
15,58,1860,29696,0.2,0.0004092704424510632,0.025352467,912,0.9808595776557922,0.028619885444641113,-0.0264027543598786,0.1852099895477295,-43.36439800262451,0.1360881079453975,0.2027587890625,1258.0,-2.0779068695652176
16,59,1860,30208,0.2,0.0004092704424510632,0.021148674,928,0.9799622297286987,-0.043296631425619125,-0.03276847876259126,-1.326951026916504,-43.33521008491516,0.006248805002542213,0.2919921875,1258.0,-2.0869275833333334
16,60,1860,30720,0.2,0.0004092704424510632,0.019657169,944,0.9792692065238953,-0.0010623708367347717,-0.01910035577020608,0.44303107261657715,-43.31263530254364,0.11106677073985338,0.127685546875,1258.0,-2.0869275833333334
16,61,1859,31232,0.2,0.0004092704424510632,0.024639055,960,0.9803439974784851,-0.052355580031871796,-0.029524140001740307,-1.3084187507629395,-43.3081978559494,0.010147861088626087,0.29638671875,1258.0,-2.0869275833333334
17,62,1859,31744,0.2,0.0004092704424510632,0.01435218,976,0.9805697202682495,-0.03826693817973137,-0.02666324790334329,0.04614657163619995,-43.33948051929474,0.0026906682214757893,0.22265625,1258.0,-2.09229644
17,63,1859,32256,0.2,0.0004092704424510632,0.017445648,992,0.9805540442466736,-0.00035056471824645996,-0.019608430011430755,0.19573992490768433,-43.333067655563354,0.16904593131039292,0.1563720703125,1258.0,-2.09229644
17,64,1859,32768,0.2,0.0004092704424510632,0.022338003,1008,0.9821276068687439,-0.029887784272432327,-0.027428293746197596,-0.7480454444885254,-43.3532954454422,0.0031035004103614483,0.279052734375,1258.0,-2.0913598076923074
17,65,1859,33280,0.2,0.0004092704424510632,0.021194067,1024,0.9828722476959229,0.007291827350854874,-0.01740695329499431,0.14199048280715942,-43.396263122558594,0.17627153906505555,0.1407470703125,1258.0,-2.0913598076923074
18,66,1859,33792,0.2,0.0004092704424510632,0.011563633,1040,0.9827889204025269,-0.029334167018532753,-0.019859675667248666,-6.775870323181152,-43.403831362724304,0.0030265062814578414,0.1641845703125,1258.0,-2.0913598076923074
18,67,1858,34304,0.2,0.0004092704424510632,0.018737145,1056,0.9835105538368225,-0.032080940902233124,-0.027277466899249703,0.08223867416381836,-43.41326594352722,0.004389154135424178,0.2664794921875,1258.0,-2.0885782592592594
18,68,1858,34816,0.2,0.0004092704424510632,0.019539589,1072,0.9832022786140442,-0.0005283989012241364,-0.02240625230479054,0.1758977770805359,-43.42410731315613,0.18675425252877176,0.166748046875,1258.0,-2.0885782592592594
19,69,1858,35328,0.2,0.0004092704424510632,0.012878021,1088,0.9849982857704163,-0.024737179279327393,-0.019979524688096717,-3.637024402618408,-43.43717157840729,0.004296264443837572,0.19873046875,1258.0,-2.087534642857143
19,70,1858,35840,0.2,0.0004092704424510632,0.018993385,1104,0.985628068447113,0.010111790150403976,-0.020973367427359335,0.2800018787384033,-43.48681342601776,0.22856371686793864,0.1326904296875,1258.0,-2.087534642857143
19,71,1857,36352,0.2,0.0004092704424510632,0.02345274,1120,0.9850728511810303,-0.03431525081396103,-0.027417993260314688,-5.445868015289307,-43.48436617851257,0.004080376096680993,0.2745361328125,1258.0,-2.087534642857143
19,72,1857,36864,0.2,0.0004092704424510632,0.021993496,1136,0.984391987323761,-0.03860407695174217,-0.027005534357158467,0.09782874584197998,-43.46566033363342,0.004699616831203457,0.2713623046875,1258.0,-2.085238344827586
20,73,1857,37376,0.2,0.0004092704424510632,0.011406515,1152,0.9836196899414062,0.016298463568091393,-0.012300598915317096,0.1812962293624878,-43.43936312198639,0.2781709097325802,0.05712890625,1258.0,-2.085238344827586
20,74,1857,37888,0.2,0.0004092704424510632,0.017781515,1168,0.9832690954208374,-0.03527876362204552,-0.02465749422844965,-4.772445201873779,-43.41950082778931,0.007821144034096505,0.2437744140625,1258.0,-2.089340433333333
20,75,1856,38400,0.2,0.0004092704424510632,0.01570042,1184,0.9829107522964478,0.017597947269678116,-0.022423058129788842,0.21054178476333618,-43.41136085987091,0.2536626991350204,0.163818359375,1258.0,-2.089340433333333
20,76,1856,38912,0.2,0.0004092704424510632,0.018983398,1200,0.9806749820709229,-0.023531120270490646,-0.027286565047688782,-1.1853814125061035,-43.376123905181885,0.006214683460711967,0.236572265625,1258.0,-2.089340433333333
21,77,1856,39424,0.2,0.0004092704424510632,0.015402501,1216,0.9795401692390442,-0.017164018005132675,-0.024413508479483426,0.2753850221633911,-43.31074070930481,0.006665634398814291,0.219970703125,1258.0,-2.0934876451612903
21,78,1856,39936,0.2,0.0004092704424510632,0.023387931,1232,0.9792954921722412,0.007936734706163406,-0.023684561892878264,0.43862617015838623,-43.28893435001373,0.16498206299729645,0.1612548828125,1258.0,-2.0934876451612903
21,79,1855,40448,0.2,0.0004092704424510632,0.021540988,1248,0.9773367643356323,-0.032272953540086746,-0.02622781704121735,-2.1866464614868164,-43.26409673690796,0.006724002843839116,0.261962890625,1258.0,-2.0918526875000003
22,80,1855,40960,0.2,0.0004092704424510632,0.015245995,1264,0.9772791862487793,0.034672919660806656,-0.014910948826582171,0.42264044284820557,-43.21937072277069,0.21307404013350606,0.11181640625,1258.0,-2.0918526875000003
22,81,1855,41472,0.2,0.0004092704424510632,0.017959602,1280,0.9762191772460938,-0.04581927880644798,-0.032886417786357924,-5.270196437835693,-43.21694302558899,0.001978663143745507,0.2666015625,1258.0,-2.0918526875000003
22,82,1855,41984,0.2,0.0004092704424510632,0.026455995,1296,0.9748522043228149,-0.044593315571546555,-0.03783213224960491,0.37499040365219116,-43.16807818412781,0.006475279413280077,0.31103515625,1258.0,-2.094486060606061
22,83,1855,42496,0.2,0.0004092704424510632,0.026687635,1312,0.9745736718177795,-0.016735099256038666,-0.02120551075495314,0.3417152762413025,-43.1391681432724,0.14424007572233677,0.164306640625,1258.0,-2.094486060606061
23,84,1855,43008,0.2,0.0004092704424510632,0.018532954,1328,0.9747534990310669,-0.026122786104679108,-0.0273828259378206,-4.16511344909668,-43.14085388183594,0.007422674068948254,0.2647705078125,1258.0,-2.090841911764706
23,85,1854,43520,0.2,0.0004092704424510632,0.017038977,1344,0.9743539094924927,0.02476334758102894,-0.019510684360284358,0.33517247438430786,-43.14054620265961,0.25349320634268224,0.085205078125,1258.0,-2.090841911764706
23,86,1854,44032,0.2,0.0004092704424510632,0.019175481,1360,0.9730930924415588,-0.033028870820999146,-0.028756217085174285,-0.7844512462615967,-43.1110782623291,0.006832158527686261,0.2674560546875,1258.0,-2.0929075142857148
24,87,1854,44544,0.2,0.0004092704424510632,0.019575562,1376,0.9728058576583862,0.0373675674200058,-0.016880659997696057,0.44793564081192017,-43.08800959587097,0.2165802896488458,0.1263427734375,1258.0,-2.0929075142857148
24,88,1854,45056,0.2,0.0004092704424510632,0.010708249,1392,0.9731160998344421,-0.03314609080553055,-0.017614133190363646,-2.2942445278167725,-43.08653426170349,0.003543720922607463,0.168212890625,1258.0,-2.0929075142857148
24,89,1854,45568,0.2,0.0004092704424510632,0.014245428,1408,0.974965512752533,-0.02792687714099884,-0.020045681143528782,0.08946472406387329,-43.12151038646698,0.0024392132472712547,0.17431640625,1258.0,-2.0955547500000002
24,90,1853,46080,0.2,0.0004092704424510632,0.00964324,1424,0.9757134318351746,0.0243307463824749,-0.011014180316124111,0.2536523938179016,-43.173401832580566,0.3319887339603156,0.0335693359375,1258.0,-2.0955547500000002
25,91,1853,46592,0.2,0.0004092704424510632,0.019212067,1440,0.977829098701477,-0.037484876811504364,-0.027430965594248846,-2.0055408477783203,-43.20311915874481,0.003031621305126464,0.2403564453125,1258.0,-2.095819405405406
25,92,1853,47104,0.2,0.0004092704424510632,0.009079683,1456,0.9780118465423584,0.08687925338745117,-0.006186357175465673,0.2750663161277771,-43.25321614742279,0.384786169975996,0.030029296875,1258.0,-2.095819405405406
25,93,1853,47616,0.2,0.0004092704424510632,0.02019886,1472,0.9773695468902588,-0.04000405594706535,-0.029730391455814242,-6.745609760284424,-43.2308611869812,0.003756062600587029,0.279296875,1258.0,-2.095819405405406
25,94,1853,48128,0.2,0.0004092704424510632,0.019760018,1488,0.9767559766769409,-0.029843302443623543,-0.026848674577195197,0.008613169193267822,-43.21916043758392,0.004717579489806667,0.2806396484375,1258.0,-2.0898998947368423
26,95,1853,48640,0.2,0.0004092704424510632,0.010740105,1504,0.9765205383300781,0.10344592481851578,-0.014368824020493776,0.0935177206993103,-43.20071220397949,0.6027757469564676,0.12158203125,1258.0,-2.0898998947368423
26,96,1853,49152,0.2,0.0004092704424510632,0.01799228,1520,0.9766108393669128,-0.03835529461503029,-0.02509907139756251,-0.9465376138687134,-43.19679510593414,0.005298972435411997,0.216796875,1258.0,-2.088930717948718
26,97,1853,49664,0.2,0.0004092704424510632,0.006649227,1536,0.9768609404563904,0.05872990936040878,-0.008222336604376324,0.3593232035636902,-43.20339393615723,0.4603219674900174,0.015869140625,1258.0,-2.088930717948718
27,98,1853,50176,0.2,0.0004092704424510632,0.016133158,1552,0.9760246276855469,-0.0332367904484272,-0.023559068358736113,-1.751354455947876,-43.196563363075256,0.005056835412688088,0.212890625,1258.0,-2.088930717948718
27,99,1853,50688,0.2,0.0004092704424510632,0.021657748,1568,0.9768173694610596,-0.027012411504983902,-0.021147036241018213,0.03435462713241577,-43.18501579761505,0.006753163208486512,0.220703125,1258.0,-2.0918336500000003
27,100,1852,51200,0.2,0.0004092704424510632,0.009417459,1584,0.9771460294723511,0.051777563989162445,-0.01338695538288448,0.09132242202758789,-43.209752202034,0.5952692260034382,0.043212890625,1258.0,-2.0918336500000003
27,101,1852,51712,0.2,0.0004092704424510632,0.01498196,1600,0.975211501121521,-0.02893301099538803,-0.018576203838165384,-1.3800475597381592,-43.18603765964508,0.018366679607424885,0.1636962890625,1258.0,-2.0907279512195123
28,102,1852,52224,0.2,0.0004092704424510632,0.01083221,1616,0.9745733141899109,0.06381384283304214,-0.011334221082506701,0.37996846437454224,-43.13055598735809,0.4772486910223961,0.0457763671875,1258.0,-2.0907279512195123
28,103,1852,52736,0.2,0.0004092704424510632,0.020773865,1632,0.9740816354751587,-0.040101055055856705,-0.025011123158037663,-1.4935834407806396,-43.11860680580139,0.00489086403104011,0.2462158203125,1258.0,-2.0907279512195123
28,104,1852,53248,0.2,0.0004092704424510632,0.01354967,1648,0.974929690361023,-0.03733930364251137,-0.025017069317982532,0.09925895929336548,-43.120500683784485,0.0054645475902361795,0.2193603515625,1258.0,-2.094136
29,105,1852,53760,0.2,0.0004092704424510632,0.016703371,1664,0.9752300381660461,0.036905769258737564,-0.01576552954793442,0.21839088201522827,-43.141794085502625,0.4362150237429887,0.10595703125,1258.0,-2.094136
29,106,1852,54272,0.2,0.0004092704424510632,0.018052716,1680,0.9741143584251404,-0.04018624871969223,-0.02746946577099152,-0.8587214946746826,-43.1320925951004,0.012179757584817708,0.2584228515625,1258.0,-2.0923288604651167
29,107,1852,54784,0.2,0.0004092704424510632,0.010067512,1696,0.9737242460250854,0.07281570136547089,-0.010784682577650528,0.466910183429718,-43.10322463512421,0.5053556128405035,0.0477294921875,1258.0,-2.0923288604651167
29,108,1852,55296,0.2,0.0004092704424510632,0.020147912,1712,0.9736045598983765,-0.048436619341373444,-0.025816712237428874,-4.266902446746826,-43.09092402458191,0.0041082472998823505,0.27880859375,1258.0,-2.0923288604651167
30,109,1852,55808,0.2,0.0004092704424510632,0.014517529,1728,0.9731260538101196,-0.0295705683529377,-0.024709862394956872,0.3307177424430847,-43.087005257606506,0.009080100848223083,0.2222900390625,1258.0,-2.092711590909091
30,110,1852,56320,0.2,0.0004092704424510632,0.027116358,1744,0.9728394150733948,-0.0030757449567317963,-0.01815675024408847,0.5941208600997925,-43.06204640865326,0.1568379821255803,0.17041015625,1258.0,-2.092711590909091
30,111,1852,56832,0.2,0.0004092704424510632,0.01521809,1760,0.9738118052482605,-0.021618463099002838,-0.021221623552264646,-4.489208698272705,-43.07589554786682,0.012852117608417757,0.2135009765625,1258.0,-2.0892445333333334
30,112,1852,57344,0.2,0.0004092704424510632,0.008621632,1776,0.9736410975456238,0.06499028950929642,-0.008934842044254765,0.2885928750038147,-43.09460258483887,0.4226377203594893,0.024169921875,1258.0,-2.0892445333333334
31,113,1852,57856,0.2,0.0004092704424510632,0.020428527,1792,0.9741478562355042,-0.03321368619799614,-0.02918181029963307,-4.263579845428467,-43.09344017505646,0.0021035018380644033,0.2745361328125,1258.0,-2.0892445333333334
31,114,1851,58368,0.2,0.0004092704424510632,0.025485579,1808,0.9742594957351685,-0.04395328462123871,-0.031148252222919837,0.21002447605133057,-43.11314284801483,0.005643179363687523,0.263427734375,1258.0,-2.0918167826086957
31,115,1851,58880,0.2,0.0004092704424510632,0.026383683,1824,0.973834216594696,-0.000711868517100811,-0.018228473301860504,0.10067194700241089,-43.108346343040466,0.2850435581058264,0.21875,1258.0,-2.0918167826086957
32,116,1851,59392,0.2,0.0004092704424510632,0.015683632,1840,0.9740170836448669,-0.03223713859915733,-0.026810926021425985,-2.981750965118408,-43.10259830951691,0.010597061540465802,0.2353515625,1258.0,-2.0903781276595743
32,117,1851,59904,0.2,0.0004092704424510632,0.009114936,1856,0.9741271138191223,0.09731338918209076,-0.01068115267844405,0.3507367968559265,-43.103466153144836,0.48542328644543886,0.027099609375,1258.0,-2.0903781276595743
32,118,1851,60416,0.2,0.0004092704424510632,0.017992217,1872,0.9738937020301819,-0.03917970135807991,-0.025697881064843386,-1.01957106590271,-43.10039734840393,0.00361771490497631,0.2298583984375,1258.0,-2.0903824791666668
32,119,1851,60928,0.2,0.0004092704424510632,0.012782099,1888,0.9738774299621582,0.0956818014383316,-0.014595488086342812,0.5179453492164612,-43.09475314617157,0.38523243088275194,0.1165771484375,1258.0,-2.0903824791666668
33,120,1851,61440,0.2,0.0004092704424510632,0.021209907,1904,0.9733206629753113,-0.031509507447481155,-0.024977485547424294,-4.6695733070373535,-43.084630727767944,0.0036977269883209374,0.238525390625,1258.0,-2.0903824791666668
33,121,1851,61952,0.2,0.0004092704424510632,0.019999577,1920,0.9714532494544983,-0.028215821832418442,-0.028050012086168863,-0.03790271282196045,-43.05493760108948,0.004515919477853458,0.2552490234375,1258.0,-2.090148530612245
33,122,1851,62464,0.2,0.0004092704424510632,0.009423921,1936,0.9710172414779663,0.06701365858316422,-0.010742336788098328,0.2548079490661621,-43.00618553161621,0.6757157687097788,0.0323486328125,1258.0,-2.090148530612245
34,123,1850,62976,0.2,0.0004092704424510632,0.018649936,1952,0.9726545810699463,-0.02630186453461647,-0.024768486036919057,-0.4716615676879883,-43.02600455284119,0.0066362026846036315,0.23193359375,1258.0,-2.0897696199999998
34,124,1850,63488,0.2,0.0004092704424510632,0.011794843,1968,0.9736780524253845,0.07303416728973389,-0.013006320572458208,0.5329654216766357,-43.072120785713196,0.4374037575908005,0.0830078125,1258.0,-2.0897696199999998
34,125,1850,64000,0.2,0.0004092704424510632,0.01529997,1984,0.9732773303985596,-0.03364456444978714,-0.02437866947730072,-3.1871209144592285,-43.08527207374573,0.005104307005240116,0.2281494140625,1258.0,-2.0897696199999998
34,126,1850,64512,0.2,0.0004092704424510632,0.02241515,2000,0.9718520045280457,-0.03868311643600464,-0.025740146389580332,0.09628921747207642,-43.058141350746155,0.004887953822617419,0.248291015625,1258.0,-2.087822568627451
35,127,1850,65024,0.2,0.0004092704424510632,0.004578421,2016,0.9712057709693909,0.078187495470047,-0.0046026604395592585,0.36524826288223267,-43.01659309864044,0.5417165718972683,0.008056640625,1258.0,-2.087822568627451
35,128,1850,65536,0.2,0.0004092704424510632,0.022573251,2032,0.9720785617828369,-0.03549247980117798,-0.027407974150264636,-2.8036670684814453,-43.016225934028625,0.004721265890111681,0.2735595703125,1258.0,-2.0873538461538463
35,129,1850,66048,0.2,0.0004092704424510632,0.0054343874,2048,0.9722756147384644,0.08106475323438644,-0.005094766027468722,0.0848010778427124,-43.041000843048096,0.9823614628985524,0.0211181640625,1258.0,-2.0873538461538463
35,130,1850,66560,0.2,0.0004092704424510632,0.024425821,2064,0.9695103168487549,-0.03813452273607254,-0.028585853302502073,-3.7720117568969727,-43.00550925731659,0.0066888541769003496,0.26708984375,1258.0,-2.0873538461538463
36,131,1850,67072,0.2,0.0004092704424510632,0.020478223,2080,0.9687325954437256,-0.03918364644050598,-0.02400245112949051,0.14939725399017334,-42.928356647491455,0.00439865086809732,0.2396240234375,1258.0,-2.0874718867924527
36,132,1850,67584,0.2,0.0004092704424510632,0.010385716,2096,0.9687342047691345,0.06645982712507248,-0.011363487807102501,0.27228474617004395,-42.92012560367584,0.592226114589721,0.0645751953125,1258.0,-2.0874718867924527
36,133,1850,68096,0.2,0.0004092704424510632,0.019129938,2112,0.9685877561569214,-0.018561193719506264,-0.020797120952920523,0.007772862911224365,-42.91758930683136,0.022600444906856865,0.1815185546875,1258.0,-2.085043648148148
37,134,1850,68608,0.2,0.0004092704424510632,0.0074718203,2128,0.9682822227478027,0.1713620126247406,-0.006594836784643121,0.7285491228103638,-42.90541899204254,0.6534805651754141,0.01953125,1258.0,-2.085043648148148
37,135,1850,69120,0.2,0.0004092704424510632,0.026737716,2144,0.9677390456199646,-0.03852733224630356,-0.027563653377001174,-11.863678932189941,-42.89798188209534,0.013819009574945085,0.24560546875,1258.0,-2.085043648148148
37,136,1850,69632,0.2,0.0004092704424510632,0.017243613,2160,0.9678145051002502,-0.040563493967056274,-0.022340151539538056,0.2970544695854187,-42.88526916503906,0.004411686284583993,0.2279052734375,1258.0,-2.0833511636363635
37,137,1850,70144,0.2,0.0004092704424510632,0.013891511,2176,0.9676591753959656,0.04025920480489731,-0.011885543004609644,0.38737010955810547,-42.88546967506409,0.358445234131068,0.0672607421875,1258.0,-2.0833511636363635
38,138,1850,70656,0.2,0.0004092704424510632,0.023084078,2192,0.9684101343154907,-0.03806116804480553,-0.030231640794227133,-2.8373382091522217,-42.889914751052856,0.007047521503409371,0.27099609375,1258.0,-2.079928428571429
38,139,1850,71168,0.2,0.0004092704424510632,0.009681198,2208,0.9685266613960266,0.10458798706531525,-0.009720547546749003,0.44115883111953735,-42.906986951828,0.6081849029287696,0.028076171875,1258.0,-2.079928428571429
38,140,1849,71680,0.2,0.0004092704424510632,0.018260766,2224,0.9672921299934387,-0.0441548228263855,-0.026341644348576665,-3.7521257400512695,-42.89116132259369,0.0022178046074259328,0.2528076171875,1258.0,-2.079928428571429
39,141,1849,72192,0.2,0.0004092704424510632,0.022944178,2240,0.9667136073112488,-0.006097238510847092,-0.028436827909899876,0.48121267557144165,-42.85664236545563,0.05732783116400242,0.2735595703125,1258.0,-2.080732964912281
39,142,1849,72704,0.2,0.0004092704424510632,0.015271256,2256,0.9659363031387329,0.011708827689290047,-0.01347806588455569,0.6082743406295776,-42.838051438331604,0.3626612692605704,0.1171875,1258.0,-2.080732964912281
39,143,1849,73216,0.2,0.0004092704424510632,0.014918257,2272,0.9660146832466125,-0.007885991595685482,-0.019745792058529332,-3.1131086349487305,-42.820070028305054,0.013460201444104314,0.21826171875,1258.0,-2.081526551724138
39,144,1849,73728,0.2,0.0004092704424510632,0.010888293,2288,0.966093897819519,0.11159105598926544,-0.008984659551060759,0.3328603506088257,-42.82268047332764,0.7793138064444065,0.0562744140625,1258.0,-2.081526551724138
40,145,1849,74240,0.2,0.0004092704424510632,0.01787219,2304,0.9662923216819763,-0.03929668664932251,-0.028501954744569957,-1.052267074584961,-42.823264956474304,0.0038184968288987875,0.2720947265625,1258.0,-2.079616305084746
40,146,1849,74752,0.2,0.0004092704424510632,0.014377149,2320,0.9666568636894226,0.0766376331448555,-0.01148390825255774,0.2691205143928528,-42.83251178264618,0.7036633687093854,0.0552978515625,1258.0,-2.079616305084746
40,147,1849,75264,0.2,0.0004092704424510632,0.016638426,2336,0.9691393375396729,-0.0368741899728775,-0.02413910618633963,-5.396398544311523,-42.873929262161255,0.002360005961236311,0.23681640625,1258.0,-2.079616305084746
0,1,3996,75776,0.2,0.0004092704424510632,0.018435098,2352,0.967520534992218,-0.02666214108467102,-0.023100097503629513,0.000859677791595459,-42.90518915653229,0.0021702813974115998,0.223388671875,1258.0,-2.0783363333333336
0,2,2531,76288,0.2,0.0004092704424510632,0.01082525,2368,0.9667860865592957,0.06868996471166611,-0.011032266804249957,0.3106210231781006,-42.849382281303406,0.6327856704592705,0.0400390625,1258.0,-2.0783363333333336
0,3,2260,76800,0.2,0.0004092704424510632,0.017779995,2384,0.9663528800010681,-0.03163773566484451,-0.028051027446053922,-0.9823402166366577,-42.835800766944885,0.003604391029512044,0.287353515625,1258.0,-2.074464950819672
0,4,2144,77312,0.2,0.0004092704424510632,0.01009479,2400,0.9663397669792175,0.11077062040567398,-0.012710205439361744,0.14199542999267578,-42.82971549034119,0.9881347166374326,0.0576171875,1258.0,-2.074464950819672
1,5,2080,77824,0.2,0.0004092704424510632,0.020121928,2416,0.9663283228874207,-0.03536118194460869,-0.02520477323560044,-3.8197059631347656,-42.8271359205246,0.003884583060425939,0.271240234375,1258.0,-2.074464950819672
1,6,2039,78336,0.2,0.0004092704424510632,0.022162594,2432,0.9689086079597473,-0.042720623314380646,-0.02904568378289696,0.056852638721466064,-42.864015340805054,0.004023767709441017,0.2620849609375,1258.0,-2.0746312419354838
1,7,2010,78848,0.2,0.0004092704424510632,0.01763571,2448,0.9694566130638123,0.0835237056016922,-0.012031720791128464,0.277607262134552,-42.92225790023804,0.7422830001451075,0.09765625,1258.0,-2.0746312419354838
2,8,1987,79360,0.2,0.0004092704424510632,0.02142263,2464,0.9696582555770874,-0.048503197729587555,-0.028234398720087484,-3.666090965270996,-42.92535197734833,0.004049868883157615,0.251220703125,1258.0,-2.0734153968253968
2,9,1971,79872,0.2,0.0004092704424510632,0.008927707,2480,0.9698325991630554,0.1440061777830124,-0.010239735478535295,0.5169281959533691,-42.933910489082336,0.7088901060633361,0.0634765625,1258.0,-2.0734153968253968
2,10,1959,80384,0.2,0.0004092704424510632,0.018142452,2496,0.9689399003982544,-0.04009445384144783,-0.02736862824531272,-8.815023422241211,-42.9185596704483,0.004484696873987559,0.2547607421875,1258.0,-2.0734153968253968
2,11,1949,80896,0.2,0.0004092704424510632,0.01919441,2512,0.9702039957046509,-0.0257407259196043,-0.026490151445614174,0.20644032955169678,-42.91884469985962,0.0062741685105720535,0.2198486328125,1258.0,-2.072583125
3,12,1940,81408,0.2,0.0004092704424510632,0.006059359,2528,0.9705798029899597,0.10511352121829987,-0.006491183943580836,0.4784177541732788,-42.95051991939545,0.6267062975093722,0.0469970703125,1258.0,-2.072583125
3,13,1933,81920,0.2,0.0004092704424510632,0.022774395,2544,0.9709023237228394,-0.026386253535747528,-0.02494852358358912,-1.724489450454712,-42.960655212402344,0.01942660569329746,0.2440185546875,1258.0,-2.0721687692307693
3,14,1926,82432,0.2,0.0004092704424510632,0.006522864,2560,0.9709113836288452,0.20442825555801392,-0.00847416912438348,0.6026636362075806,-42.97167098522186,0.9043399794027209,0.059814453125,1258.0,-2.0721687692307693
3,15,1920,82944,0.2,0.0004092704424510632,0.019187445,2576,0.9727393984794617,-0.028014985844492912,-0.02409017329046037,-2.809467315673828,-42.99322164058685,0.005988183467707131,0.238525390625,1258.0,-2.0721687692307693
4,16,1914,83456,0.2,0.0004092704424510632,0.016449325,2592,0.9720028638839722,-0.021175973117351532,-0.020192611234961078,0.3633430600166321,-43.02666759490967,0.006679075551801361,0.2039794921875,1258.0,-2.07028056060606
4,17,1910,83968,0.2,0.0004092704424510632,0.007854583,2608,0.9714747667312622,0.11038299649953842,-0.00573034948320128,0.5732394456863403,-42.99348223209381,0.507671014405787,0.0126953125,1258.0,-2.07028056060606
4,18,1906,84480,0.2,0.0004092704424510632,0.019819096,2624,0.9716275334358215,-0.027919236570596695,-0.022491569936391897,-0.2575957775115967,-42.98704648017883,0.017049869697075337,0.2574462890625,1258.0,-2.067177940298507
5,19,1903,84992,0.2,0.0004092704424510632,0.014768304,2640,0.9718336462974548,0.2223016321659088,-0.006578151631401852,0.7342020273208618,-42.99122714996338,0.6843539401888847,0.0784912109375,1258.0,-2.067177940298507
5,20,1900,85504,0.2,0.0004092704424510632,0.020970887,2656,0.9729258418083191,-0.04092499613761902,-0.026515082485275343,-6.526174545288086,-43.00584888458252,0.005302413504978176,0.306640625,1258.0,-2.067177940298507
5,21,1898,86016,0.2,0.0004092704424510632,0.018051961,2672,0.9747169613838196,-0.015097327530384064,-0.021478490554727614,0.5241385698318481,-43.05658841133118,0.01628907650592737,0.2388916015625,1258.0,-2.06554544117647
5,22,1895,86528,0.2,0.0004092704424510632,0.019513011,2688,0.9744418263435364,0.0035959146916866302,-0.01548579236259684,0.3748849630355835,-43.08754801750183,0.5731090235058218,0.111083984375,1258.0,-2.06554544117647
6,23,1894,87040,0.2,0.0004092704424510632,0.021421999,2704,0.9733285307884216,-0.03067556582391262,-0.02755978103959933,-2.2278659343719482,-43.05674636363983,0.005054734159784857,0.271240234375,1258.0,-2.062118710144927
6,24,1892,87552,0.2,0.0004092704424510632,0.011731494,2720,0.9731505513191223,0.12029421329498291,-0.007887905601819512,0.5122425556182861,-43.03498637676239,0.8945682952180505,0.065185546875,1258.0,-2.062118710144927
6,25,1890,88064,0.2,0.0004092704424510632,0.027545478,2736,0.9738681316375732,-0.043932534754276276,-0.03127789753489196,-1.5656218528747559,-43.04557907581329,0.003545723513525445,0.3553466796875,1258.0,-2.062008314285714
7,26,1889,88576,0.2,0.0004092704424510632,0.010055383,2752,0.9737706184387207,0.07224422693252563,-0.015676463110139593,0.06765848398208618,-43.055527329444885,1.5321750361472368,0.091064453125,1258.0,-2.062008314285714
7,27,1887,89088,0.2,0.0004092704424510632,0.02019621,2768,0.974319577217102,-0.028804372996091843,-0.022799146303441375,-2.581838607788086,-43.059266805648804,0.00576551210906473,0.25830078125,1258.0,-2.062008314285714
7,28,1885,89600,0.2,0.0004092704424510632,0.01321593,2784,0.9754132628440857,-0.03837733715772629,-0.022755157318897545,0.07894647121429443,-43.089407205581665,0.002498107645806158,0.205322265625,1258.0,-2.0586061830985916
7,29,1883,90112,0.2,0.0004092704424510632,0.004182853,2800,0.9754011034965515,0.07740585505962372,-0.004603720240993425,0.20702993869781494,-43.108548641204834,1.329299136530608,0.0230712890625,1258.0,-2.0586061830985916
8,30,1882,90624,0.2,0.0004092704424510632,0.017131368,2816,0.9748784899711609,-0.03806978836655617,-0.022143311478430405,-8.467884063720703,-43.09597861766815,0.005939300204772735,0.2415771484375,1258.0,-2.0589365555555554
8,31,1880,91136,0.2,0.0004092704424510632,0.008269679,2832,0.9746838212013245,0.1336919665336609,-0.0051798529020743445,0.3491034507751465,-43.088024497032166,1.1561162592843175,0.0384521484375,1258.0,-2.0589365555555554
8,32,1879,91648,0.2,0.0004092704424510632,0.018308364,2848,0.9754976630210876,-0.037729550153017044,-0.023464538593543693,-8.057160377502441,-43.09108793735504,0.002408209355053259,0.2515869140625,1258.0,-2.0589365555555554
8,33,1878,92160,0.2,0.0004092704424510632,0.02105562,2864,0.9742868542671204,-0.041988715529441833,-0.02610612244461663,0.04221421480178833,-43.096123695373535,0.004201605945127085,0.2457275390625,1258.0,-2.0587241780821914
9,34,1876,92672,0.2,0.0004092704424510632,0.009168852,2880,0.9739648699760437,0.20745882391929626,-0.0056159306259360164,0.2976086139678955,-43.06335234642029,0.8768710326403379,0.0234375,1258.0,-2.0587241780821914
9,35,1875,93184,0.2,0.0004092704424510632,0.01975565,2896,0.974985659122467,-0.020995819941163063,-0.026914817688520998,-1.4189069271087646,-43.07360291481018,0.01202425264636986,0.2672119140625,1258.0,-2.0582689459459456
9,36,1874,93696,0.2,0.0004092704424510632,0.008144412,2912,0.9755294322967529,0.3087077736854553,-0.007428154669469222,0.6562103033065796,-43.10532259941101,0.8020568350329995,0.050048828125,1258.0,-2.0582689459459456
10,37,1873,94208,0.2,0.0004092704424510632,0.01946703,2928,0.9764626026153564,-0.03582879528403282,-0.022999719745712355,-2.966355562210083,-43.120388984680176,0.0023484976154577453,0.2486572265625,1258.0,-2.0582689459459456
10,38,1872,94720,0.2,0.0004092704424510632,0.02031321,2944,0.9775701761245728,-0.032376132905483246,-0.022254633950069547,0.23318159580230713,-43.15120220184326,0.00571843081706902,0.2469482421875,1258.0,-2.0581116266666664
10,39,1872,95232,0.2,0.0004092704424510632,0.0077065183,2960,0.9777035117149353,0.0992237851023674,-0.006697135366266593,0.5526115894317627,-43.17246675491333,0.7123565236106515,0.015380859375,1258.0,-2.0581116266666664
10,40,1871,95744,0.2,0.0004092704424510632,0.02327973,2976,0.9779201745986938,-0.019221806898713112,-0.0249680669803638,-0.19476139545440674,-43.1743141412735,0.05799068883061409,0.26953125,1258.0,-2.05712072368421
11,41,1871,96256,0.2,0.0004092704424510632,0.007129279,2992,0.9778503179550171,0.2934689521789551,-0.007010973276919685,0.733079195022583,-43.175509452819824,0.853606266900897,0.031494140625,1258.0,-2.05712072368421
11,42,1870,96768,0.2,0.0004092704424510632,0.02308006,3008,0.9789621829986572,-0.03773753345012665,-0.024172566452762112,-1.560974359512329,-43.19190192222595,0.004683412240410689,0.2724609375,1258.0,-2.05712072368421
11,43,1869,97280,0.2,0.0004092704424510632,0.016263967,3024,0.9793527126312256,-0.028552841395139694,-0.021649568472639658,0.44482743740081787,-43.21979236602783,0.005663726929924451,0.2269287109375,1258.0,-2.056360688311688
12,44,1869,97792,0.2,0.0004092704424510632,0.014114097,3040,0.9791781306266785,0.11469274759292603,-0.011785001246607862,0.4966002106666565,-43.21855449676514,0.5660212486982346,0.0911865234375,1258.0,-2.056360688311688
12,45,1868,98304,0.2,0.0004092704424510632,0.013064899,3056,0.977966845035553,-0.01976471021771431,-0.0204988565237727,-1.2808151245117188,-43.19609487056732,0.017680199613096192,0.1776123046875,1258.0,-2.0582991794871788
12,46,1868,98816,0.2,0.0004092704424510632,0.006749143,3072,0.9775175452232361,0.1894371062517166,-0.00525246343750041,0.5498455762863159,-43.1664354801178,0.7556973118335009,0.044921875,1258.0,-2.0582991794871788
12,47,1867,99328,0.2,0.0004092704424510632,0.022009447,3088,0.9798540472984314,-0.035196658223867416,-0.026193127094302326,-4.036870956420898,-43.186917185783386,0.0018482507293811068,0.25830078125,1258.0,-2.0582991794871788
13,48,1867,99840,0.2,0.0004092704424510632,0.019190358,3104,0.9808251261711121,-0.037878572940826416,-0.027216756381676532,0.3623631000518799,-43.25453329086304,0.014268765924498439,0.2529296875,1258.0,-2.0591245696202525
13,49,1866,100352,0.2,0.0004092704424510632,0.019127777,3120,0.980442225933075,0.0664609894156456,-0.016789120694738813,0.5544291734695435,-43.25989389419556,0.38269523892086,0.119873046875,1258.0,-2.0591245696202525
13,50,1865,100864,0.2,0.0004092704424510632,0.01940265,3136,0.978574275970459,-0.033014990389347076,-0.026429378776811063,-1.3115122318267822,-43.22650623321533,0.0042391033202875406,0.2525634765625,1258.0,-2.0624652500000002
13,51,1865,101376,0.2,0.0004092704424510632,0.008361945,3152,0.9778912663459778,0.2811928987503052,-0.009527253918349743,0.5252780318260193,-43.1746746301651,0.8999628135934472,0.0230712890625,1258.0,-2.0624652500000002
14,52,1865,101888,0.2,0.0004092704424510632,0.012323068,3168,0.9814948439598083,-0.023183930665254593,-0.0228935279592406,-9.538139343261719,-43.212273478507996,0.0029760081524727866,0.209228515625,1258.0,-2.0624652500000002
14,53,1864,102400,0.2,0.0004092704424510632,0.013262412,3184,0.9838796854019165,-0.020319830626249313,-0.017149688210338354,0.5234894156455994,-43.31991219520569,0.02452303795143962,0.166259765625,1258.0,-2.0627962716049386
14,54,1863,102912,0.2,0.0004092704424510632,0.018932782,3200,0.9838671684265137,-0.008834346197545528,-0.0164811386493966,0.21019762754440308,-43.34740912914276,0.3495337354252115,0.10302734375,1258.0,-2.0627962716049386
15,55,1863,103424,0.2,0.0004092704424510632,0.016729096,3216,0.9852266907691956,-0.021948400884866714,-0.018985103903105482,-1.0369622707366943,-43.35704231262207,0.005659337548422627,0.212158203125,1258.0,-2.063795573170732
15,56,1862,103936,0.2,0.0004092704424510632,0.011499308,3232,0.9858751893043518,0.13900846242904663,-0.00821914961852599,0.3512100577354431,-43.40024781227112,1.0543968537822366,0.072509765625,1258.0,-2.063795573170732
15,57,1862,104448,0.2,0.0004092704424510632,0.021576839,3248,0.9867942333221436,-0.026386471465229988,-0.024467949508107267,-0.8730378150939941,-43.418620228767395,0.006747129671566654,0.250244140625,1258.0,-2.062648385542169
15,58,1862,104960,0.2,0.0004092704424510632,0.012379378,3264,0.9872193932533264,0.20474708080291748,-0.01172439518632018,0.6330936551094055,-43.447962403297424,0.697110129520297,0.0887451171875,1258.0,-2.062648385542169
16,59,1861,105472,0.2,0.0004092704424510632,0.017988829,3280,0.9873992204666138,-0.03361887484788895,-0.02413235610583797,-8.696948051452637,-43.45377957820892,0.0058739249798236415,0.2626953125,1258.0,-2.062648385542169
16,60,1861,105984,0.2,0.0004092704424510632,0.018065717,3296,0.9885413646697998,-0.04974736273288727,-0.029454053001245484,-0.0883326530456543,-43.470296144485474,0.004509829726885073,0.281982421875,1258.0,-2.061045083333334
16,61,1861,106496,0.2,0.0004092704424510632,0.007672467,3312,0.9888198971748352,0.22605331242084503,-0.007354706081969198,0.3387015461921692,-43.499351501464844,0.9892956870608032,0.0205078125,1258.0,-2.061045083333334
17,62,1861,107008,0.2,0.0004092704424510632,0.028376956,3328,0.9880134463310242,-0.03345617279410362,-0.03307727340143174,0.16200560331344604,-43.48274564743042,0.007827893306966871,0.320556640625,1258.0,-2.0625390000000006
17,63,1860,107520,0.2,0.0004092704424510632,0.009391108,3344,0.9878395199775696,0.2023187130689621,-0.006417585871531628,0.7092870473861694,-43.46409523487091,0.9089473932981491,0.0289306640625,1258.0,-2.0625390000000006
17,64,1860,108032,0.2,0.0004092704424510632,0.017815836,3360,0.9891449809074402,-0.03928434103727341,-0.021706066705519333,-4.973414421081543,-43.4779497385025,0.007349349347350653,0.23681640625,1258.0,-2.0625390000000006
17,65,1860,108544,0.2,0.0004092704424510632,0.023096044,3376,0.9903276562690735,-0.04168218374252319,-0.030063351208809763,0.19097059965133667,-43.527517795562744,0.005209152048337273,0.2691650390625,1258.0,-2.0616768837209305
18,66,1860,109056,0.2,0.0004092704424510632,0.008205019,3392,0.9905759692192078,0.13461098074913025,-0.008602325957326684,0.535982608795166,-43.54281139373779,0.8495966950431466,0.0394287109375,1258.0,-2.0616768837209305
18,67,1859,109568,0.2,0.0004092704424510632,0.0231511,3408,0.9906920790672302,-0.023725923150777817,-0.025326773538836278,-2.5520102977752686,-43.54666864871979,0.012762634491082281,0.2637939453125,1258.0,-2.063330241379311
18,68,1859,110080,0.2,0.0004092704424510632,0.008378265,3424,0.9905838370323181,0.19689807295799255,-0.005846433792612515,0.6663925647735596,-43.551103949546814,0.8183697527274489,0.04931640625,1258.0,-2.063330241379311
19,69,1859,110592,0.2,0.0004092704424510632,0.017386653,3440,0.9926486015319824,-0.036039724946022034,-0.022605680889682844,-9.128562927246094,-43.56636106967926,0.005165664028027095,0.240234375,1258.0,-2.063330241379311
19,70,1858,111104,0.2,0.0004092704424510632,0.019521113,3456,0.9937423467636108,-0.03482316806912422,-0.025488348299404606,0.3508185148239136,-43.64142155647278,0.005289394277497195,0.2794189453125,1258.0,-2.061743409090909
19,71,1858,111616,0.2,0.0004092704424510632,0.015046427,3472,0.9934589266777039,0.10732048749923706,-0.015465746400877833,0.5247828960418701,-43.6433265209198,0.7675353460945189,0.10986328125,1258.0,-2.061743409090909
19,72,1858,112128,0.2,0.0004092704424510632,0.017922085,3488,0.9937454462051392,-0.005802653729915619,-0.02382918118382804,0.09154850244522095,-43.63844418525696,0.06556704815011472,0.233154296875,1258.0,-2.0628018988764047
20,73,1858,112640,0.2,0.0004092704424510632,0.011232558,3504,0.9935653209686279,0.2398567646741867,-0.00963204113941174,0.7859171628952026,-43.645830512046814,0.9464148925617337,0.0484619140625,1258.0,-2.0628018988764047
20,74,1858,113152,0.2,0.0004092704424510632,0.018903032,3520,0.994478702545166,-0.03049563243985176,-0.026449025099282153,-9.700798988342285,-43.643434882164,0.007717207379755564,0.278076171875,1258.0,-2.0628018988764047
20,75,1858,113664,0.2,0.0004092704424510632,0.018220693,3536,0.9952683448791504,-0.026211975142359734,-0.02683738130144775,0.4653395414352417,-43.679943323135376,0.006411302441847511,0.2823486328125,1258.0,-2.0635806555555556
20,76,1857,114176,0.2,0.0004092704424510632,0.010308754,3552,0.9951193928718567,0.07795489579439163,-0.005179178289836273,0.30531424283981323,-43.6861093044281,0.8726628730073571,0.039306640625,1258.0,-2.0635806555555556
21,77,1857,114688,0.2,0.0004092704424510632,0.017054684,3568,0.9952648282051086,-0.022244522348046303,-0.027638182291411795,-1.5317192077636719,-43.68205237388611,0.01465824549086392,0.2532958984375,1258.0,-2.0643705714285714
21,78,1857,115200,0.2,0.0004092704424510632,0.0066433446,3584,0.995384931564331,0.17650817334651947,-0.0044100309678469785,0.6671977043151855,-43.68519639968872,0.9149116175249219,0.012451171875,1258.0,-2.0643705714285714
21,79,1857,115712,0.2,0.0004092704424510632,0.014307356,3600,0.9955734610557556,-0.030696600675582886,-0.021111566544277593,-8.469175338745117,-43.691805958747864,0.005552416445425479,0.2120361328125,1258.0,-2.0643705714285714
22,80,1857,116224,0.2,0.0004092704424510632,0.022195905,3616,0.9945385456085205,-0.02197881229221821,-0.029709126974921674,0.6059976816177368,-43.682711482048035,0.06587902584578842,0.2735595703125,1258.0,-2.067881695652174
22,81,1857,116736,0.2,0.0004092704424510632,0.025946185,3632,0.9935184121131897,-0.018694614991545677,-0.015849504779907875,0.46447616815567017,-43.64914786815643,0.3348071479704231,0.1307373046875,1258.0,-2.067881695652174
22,82,1857,117248,0.2,0.0004092704424510632,0.02425217,3648,0.9943424463272095,-0.028529547154903412,-0.029188026826886926,-0.11632955074310303,-43.63923406600952,0.0176606897439342,0.27587890625,1258.0,-2.070400182795699
22,83,1857,117760,0.2,0.0004092704424510632,0.005435097,3664,0.9947602152824402,0.26054465770721436,-0.003991797479102388,0.7297996282577515,-43.66720676422119,0.9663296779617667,0.0098876953125,1258.0,-2.070400182795699
23,84,1857,118272,0.2,0.0004092704424510632,0.024583269,3680,0.9950055480003357,-0.019800737500190735,-0.028169218043331057,-1.4631540775299072,-43.672794699668884,0.02928163280012086,0.2861328125,1258.0,-2.07166214893617
23,85,1857,118784,0.2,0.0004092704424510632,0.0042429445,3696,0.9948916435241699,0.31843140721321106,-0.002652889335877262,0.7610225677490234,-43.66934537887573,1.326339090242982,0.01318359375,1258.0,-2.07166214893617
23,86,1856,119296,0.2,0.0004092704424510632,0.01870295,3712,0.9954314827919006,-0.0315546952188015,-0.025288311764597893,-6.428030967712402,-43.67132925987244,0.004249374505889136,0.257568359375,1258.0,-2.07166214893617
23,87,1856,119808,0.2,0.0004092704424510632,0.019308247,3728,0.9948531985282898,-0.03351099044084549,-0.02513809072843287,0.04995328187942505,-43.67184364795685,0.002959531426313333,0.250244140625,1258.0,-2.0727522736842103
24,88,1856,120320,0.2,0.0004092704424510632,0.0065341475,3744,0.9947258234024048,0.16699478030204773,-0.010791127824631985,0.35261714458465576,-43.65056908130646,1.3999295374378562,0.0230712890625,1258.0,-2.0727522736842103
24,89,1856,120832,0.2,0.0004092704424510632,0.01552264,3760,0.9949867725372314,-0.03488757461309433,-0.02527586795622483,-2.8143038749694824,-43.65382206439972,0.01329249551781686,0.227783203125,1258.0,-2.074935875
24,90,1856,121344,0.2,0.0004092704424510632,0.0065954365,3776,0.9949076175689697,0.12500818073749542,-0.003972751263063401,0.44712477922439575,-43.657979011535645,1.0095090875402093,0.037353515625,1258.0,-2.074935875
25,91,1855,121856,0.2,0.0004092704424510632,0.01291094,3792,0.9921002984046936,-0.02687215432524681,-0.019630864429927897,-2.1071691513061523,-43.61959445476532,0.0026402906951261684,0.20458984375,1258.0,-2.074935875
25,92,1855,122368,0.2,0.0004092704424510632,0.02895775,3808,0.9892745614051819,-0.026340259239077568,-0.029307873861398548,0.04189485311508179,-43.51273584365845,0.004404385952511802,0.299072265625,1258.0,-2.0752376804123713
25,93,1855,122880,0.2,0.0004092704424510632,0.009574249,3824,0.9885734915733337,0.34821468591690063,-0.008603108013630845,0.2389049530029297,-43.45708882808685,1.2375686108134687,0.032958984375,1258.0,-2.0752376804123713
25,94,1855,123392,0.2,0.0004092704424510632,0.015597542,3840,0.9870879054069519,-0.020578373223543167,-0.01968855752784293,-2.485980272293091,-43.43203151226044,0.0044409565889509395,0.2347412109375,1258.0,-2.0764330612244897
26,95,1855,123904,0.2,0.0004092704424510632,0.0052562305,3856,0.9865512251853943,0.24466478824615479,-0.003251072426792234,0.17493575811386108,-43.40060532093048,2.157487755641341,0.01025390625,1258.0,-2.0764330612244897
26,96,1855,124416,0.2,0.0004092704424510632,0.017560609,3872,0.9869992733001709,-0.041196320205926895,-0.02449493613676168,-1.254434585571289,-43.400229811668396,0.002018631435930729,0.268798828125,1258.0,-2.0764330612244897
26,97,1855,124928,0.2,0.0004092704424510632,0.0211332,3888,0.9880610108375549,-0.028458306565880775,-0.03057256038300693,0.40132004022598267,-43.42400133609772,0.009785991394892335,0.2918701171875,1258.0,-2.076316181818182
27,98,1855,125440,0.2,0.0004092704424510632,0.012711909,3904,0.9881454110145569,0.11498913168907166,-0.010276418877765536,0.5669732689857483,-43.44119346141815,0.9271478829905391,0.04638671875,1258.0,-2.076316181818182
27,99,1855,125952,0.2,0.0004092704424510632,0.023404386,3920,0.9868741035461426,-0.03130612522363663,-0.03167075714736711,-0.9416555166244507,-43.42317497730255,0.01748903762199916,0.2882080078125,1258.0,-2.07615044
27,100,1855,126464,0.2,0.0004092704424510632,0.0031913684,3936,0.9863070249557495,0.35535115003585815,-0.005277727606880944,0.4752770662307739,-43.37740516662598,1.456092394888401,0.0006103515625,1258.0,-2.07615044
27,101,1855,126976,0.2,0.0004092704424510632,0.014301818,3952,0.9843279719352722,-0.014338767156004906,-0.02056568267289549,-3.4769277572631836,-43.34906768798828,0.007539831261965446,0.2137451171875,1258.0,-2.07615044
28,102,1855,127488,0.2,0.0004092704424510632,0.015779959,3968,0.9839425086975098,-0.026958879083395004,-0.02764154975739075,0.5861560106277466,-43.305607080459595,0.018416251114103943,0.2415771484375,1258.0,-2.0760928
28,103,1854,128000,0.2,0.0004092704424510632,0.0046926113,3984,0.9838977456092834,0.05531606078147888,-0.005310143853421323,0.5396292805671692,-43.30635714530945,0.8561866581439972,0.0067138671875,1258.0,-2.0760928
28,104,1854,128512,0.2,0.0004092704424510632,0.020899579,4000,0.9846484065055847,-0.028013652190566063,-0.029964417015435174,-0.14206790924072266,-43.31326186656952,0.043255283613689244,0.2728271484375,1258.0,-2.0745345100000003
28,105,1854,129024,0.2,0.0004092704424510632,0.0077397516,4016,0.9847082495689392,0.15093010663986206,-0.004230788559652865,0.6965746879577637,-43.319563031196594,0.8844535360112786,0.027099609375,1258.0,-2.0745345100000003
29,106,1854,129536,0.2,0.0004092704424510632,0.02083736,4032,0.9830935001373291,-0.029619814828038216,-0.022999190230621025,-5.7032012939453125,-43.29806041717529,0.005815175245516002,0.2286376953125,1258.0,-2.0745345100000003
29,107,1854,130048,0.2,0.0004092704424510632,0.018653845,4048,0.9827991127967834,-0.035826146602630615,-0.027665013243677095,0.6890333890914917,-43.241992712020874,0.0092798167897854,0.2586669921875,1258.0,-2.07424424
29,108,1854,130560,0.2,0.0004092704424510632,0.010237001,4064,0.9830536246299744,0.07794234156608582,-0.006778238763217814,0.3177708387374878,-43.251784682273865,0.9940325515344739,0.030029296875,1258.0,-2.07424424
30,109,1854,131072,0.2,0.0004092704424510632,0.02152852,4080,0.9831522107124329,-0.03412121161818504,-0.02946652492391877,-1.2319231033325195,-43.256054639816284,0.005845967556524556,0.2952880859375,1258.0,-2.0717266100000002
30,110,1854,131584,0.2,0.0004092704424510632,0.008219557,4096,0.9830097556114197,0.14376945793628693,-0.007871482521295547,0.5332883596420288,-43.2490770816803,0.9339917758479714,0.0224609375,1258.0,-2.0717266100000002
30,111,1854,132096,0.2,0.0004092704424510632,0.02029964,4112,0.9817441701889038,-0.027720116078853607,-0.029431111019221134,-0.38485264778137207,-43.230040192604065,0.00905762193724513,0.2967529296875,1258.0,-2.0715408600000003
30,112,1854,132608,0.2,0.0004092704424510632,0.00634004,4128,0.9814662337303162,0.2284412384033203,-0.004673455987358466,0.6900718212127686,-43.20081341266632,1.0850388454273343,0.030517578125,1258.0,-2.0715408600000003
31,113,1853,133120,0.2,0.0004092704424510632,0.02682904,4144,0.9801380634307861,-0.03934154286980629,-0.032118045375682414,-6.441362380981445,-43.182334661483765,0.0035492296192387585,0.30712890625,1258.0,-2.0715408600000003
31,114,1853,133632,0.2,0.0004092704424510632,0.015551407,4160,0.9794316291809082,-0.03235733509063721,-0.02544555111671798,0.1231611967086792,-43.14077639579773,0.002729922274738783,0.228515625,1258.0,-2.0716215200000003
31,115,1853,134144,0.2,0.0004092704424510632,0.006345075,4176,0.9793020486831665,0.16420580446720123,-0.00505021950812079,0.4093121886253357,-43.13214302062988,1.5362829687073827,0.02783203125,1258.0,-2.0716215200000003
32,116,1853,134656,0.2,0.0004092704424510632,0.019698113,4192,0.9796910285949707,-0.030754154548048973,-0.025240163653506897,-0.5905736684799194,-43.13355875015259,0.00603535256232135,0.2451171875,1258.0,-2.0728437400000006
32,117,1853,135168,0.2,0.0004092704424510632,0.005511826,4208,0.9800199270248413,0.16343097388744354,-0.003190464289218653,0.49190646409988403,-43.14701020717621,1.500690464861691,0.02197265625,1258.0,-2.0728437400000006
32,118,1853,135680,0.2,0.0004092704424510632,0.020831041,4224,0.979658842086792,-0.04322662204504013,-0.031025775053421967,-7.281879425048828,-43.1496719121933,0.0037417792573251063,0.287353515625,1258.0,-2.0728437400000006
32,119,1853,136192,0.2,0.0004092704424510632,0.02431874,4240,0.9803212881088257,-0.03665117546916008,-0.029148926987545565,0.22288215160369873,-43.14621412754059,0.003765073804970598,0.3157958984375,1258.0,-2.0760828
33,120,1853,136704,0.2,0.0004092704424510632,0.009252118,4256,0.9803351163864136,0.29454538226127625,-0.0078866329495213,0.46477752923965454,-43.16095018386841,1.1535715507343411,0.04638671875,1258.0,-2.0760828
33,121,1853,137216,0.2,0.0004092704424510632,0.021477567,4272,0.9784761071205139,-0.04366132989525795,-0.025622869412472937,-1.3396422863006592,-43.140971302986145,0.009150310099357739,0.2581787109375,1258.0,-2.0782623
33,122,1853,137728,0.2,0.0004092704424510632,0.0059808185,4288,0.9776743054389954,0.19965024292469025,-0.004263577255187556,0.49853968620300293,-43.09427261352539,1.3416121350601315,0.03173828125,1258.0,-2.0782623
33,123,1853,138240,0.2,0.0004092704424510632,0.015393892,4304,0.9767233729362488,-0.041748180985450745,-0.022371953120455146,-3.156287670135498,-43.079888343811035,0.00242736806103494,0.207275390625,1258.0,-2.0782623
34,124,1853,138752,0.2,0.0004092704424510632,0.026984189,4320,0.9758962392807007,-0.04772967845201492,-0.031891231483314186,0.3430320620536804,-43.0517041683197,0.004414969684148673,0.3074951171875,1258.0,-2.07931316
34,125,1853,139264,0.2,0.0004092704424510632,0.0060412968,4336,0.9754415154457092,0.1470913589000702,-0.008350243806489743,0.4947861433029175,-43.029396414756775,1.0131832482293248,0.022705078125,1258.0,-2.07931316
34,126,1853,139776,0.2,0.0004092704424510632,0.020031463,4352,0.9752213358879089,-0.026685992255806923,-0.024002156176720746,-0.6465253829956055,-43.01881539821625,0.010172651425818913,0.24658203125,1258.0,-2.0792403900000003
35,127,1853,140288,0.2,0.0004092704424510632,0.0037353453,4368,0.9751555919647217,0.2690163850784302,-0.003800640388362808,0.5738239288330078,-43.017046213150024,1.2600576048716903,0.005859375,1258.0,-2.0792403900000003
35,128,1853,140800,0.2,0.0004092704424510632,0.026178204,4384,0.9736085534095764,-0.034630633890628815,-0.030446000513620675,-1.389021873474121,-42.99568557739258,0.0029912447462265845,0.2994384765625,1258.0,-2.0792403900000003
35,129,1853,141312,0.2,0.0004092704424510632,0.014787609,4400,0.9730959534645081,-0.03475525602698326,-0.0260175772709772,0.3757995367050171,-42.95727479457855,0.0072501870163250715,0.2491455078125,1258.0,-2.0786927100000003
35,130,1853,141824,0.2,0.0004092704424510632,0.007717287,4416,0.9728226065635681,0.1097964346408844,-0.0082296153268544,0.533047080039978,-42.93874728679657,1.1823134841397405,0.0357666015625,1258.0,-2.0786927100000003
36,131,1853,142336,0.2,0.0004092704424510632,0.027404591,4432,0.9731004238128662,-0.010675512254238129,-0.02503730142780114,-0.46893739700317383,-42.9333016872406,0.08200373535510153,0.2315673828125,1258.0,-2.0793242899999997
36,132,1853,142848,0.2,0.0004092704424510632,0.0059436937,4448,0.9732595682144165,0.28093695640563965,-0.0024475452955812216,0.8129386901855469,-42.947163105010986,1.0598000893369317,0.0164794921875,1258.0,-2.0793242899999997
36,133,1853,143360,0.2,0.0004092704424510632,0.018952534,4464,0.9736170172691345,-0.02546733245253563,-0.02720281777146738,-1.5032014846801758,-42.95340943336487,0.0329700069851242,0.235107421875,1258.0,-2.0793242899999997
37,134,1853,143872,0.2,0.0004092704424510632,0.012981405,4480,0.9741308689117432,-0.005311476066708565,-0.013003269967157394,0.5576989650726318,-42.96747016906738,0.07908844493795186,0.1378173828125,1258.0,-2.07985814
37,135,1853,144384,0.2,0.0004092704424510632,0.011327384,4496,0.974349856376648,0.013050846755504608,-0.013741361457505263,0.5918059349060059,-42.98143780231476,0.563768825493753,0.0936279296875,1258.0,-2.07985814
37,136,1852,144896,0.2,0.0004092704424510632,0.020314861,4512,0.9741197228431702,-0.0297531895339489,-0.030236578444601037,-2.332305908203125,-42.98257339000702,0.005508596892468631,0.2886962890625,1258.0,-2.08175503
37,137,1852,145408,0.2,0.0004092704424510632,0.00677028,4528,0.9738998413085938,0.18360194563865662,-0.008920066436985508,0.3483234643936157,-42.986488938331604,1.710755161009729,0.0343017578125,1258.0,-2.08175503
38,138,1852,145920,0.2,0.0004092704424510632,0.030339662,4544,0.975406289100647,-0.042715419083833694,-0.027988259796984494,-2.0758731365203857,-43.003538966178894,0.0065910752236959524,0.2947998046875,1258.0,-2.08175503
38,139,1852,146432,0.2,0.0004092704424510632,0.011436604,4560,0.9759674668312073,0.11206823587417603,-0.010225196154351579,0.6397110223770142,-43.04802334308624,0.5622647292912006,0.0391845703125,1258.0,-2.0820145400000003
38,140,1852,146944,0.2,0.0004092704424510632,0.023503508,4576,0.9763007164001465,-0.02064668759703636,-0.017907575689605437,0.8804842829704285,-43.05668318271637,0.08649581810459495,0.23193359375,1258.0,-2.0820145400000003
38,141,1852,147456,0.2,0.0004092704424510632,0.01658683,4592,0.97620689868927,-0.031600870192050934,-0.02249547524843365,-0.6991602182388306,-43.06282460689545,0.006655594756011851,0.221435546875,1258.0,-2.0802882799999995
39,142,1852,147968,0.2,0.0004092704424510632,0.0037886915,4608,0.9761673808097839,0.18202105164527893,-0.0055945799249457195,0.6405247449874878,-43.05718469619751,2.0771083189174533,0.00634765625,1258.0,-2.0802882799999995
39,143,1852,148480,0.2,0.0004092704424510632,0.019695759,4624,0.9749271869659424,-0.034103214740753174,-0.026742277608718723,-2.69307804107666,-43.04148483276367,0.01221042660472449,0.2579345703125,1258.0,-2.0787290499999997
39,144,1852,148992,0.2,0.0004092704424510632,0.0064251386,4640,0.9743621945381165,0.24253156781196594,-0.004830443314858712,0.6986451148986816,-43.00179708003998,1.1113349767401814,0.03076171875,1258.0,-2.0787290499999997
40,145,1852,149504,0.2,0.0004092704424510632,0.015165599,4656,0.976285994052887,-0.025110071524977684,-0.02415611859760247,-7.6952972412109375,-43.02227604389191,0.003737742837984115,0.2322998046875,1258.0,-2.0787290499999997
40,146,1852,150016,0.2,0.0004092704424510632,0.021457136,4672,0.9755417108535767,-0.02903546765446663,-0.02403276873519644,-0.12481319904327393,-43.054243683815,0.00477739394409582,0.27978515625,1258.0,-2.07782892
40,147,1852,150528,0.2,0.0004092704424510632,0.0056394353,4688,0.9751126170158386,0.15121246874332428,-0.005877027193491813,0.3020731210708618,-43.025911808013916,1.8433237243443727,0.0238037109375,1258.0,-2.07782892
0,1,3968,151040,0.2,0.0004092704424510632,0.020526124,4704,0.9746018052101135,-0.0193142369389534,-0.023633503878954798,0.04523402452468872,-43.01713287830353,0.010588708275463432,0.247802734375,1258.0,-2.07812249
0,2,2517,151552,0.2,0.0004092704424510632,0.005919828,4720,0.9743262529373169,0.3933919668197632,-0.00818040689046029,0.668346643447876,-43.00370502471924,1.6957025891169906,0.0201416015625,1258.0,-2.07812249
0,3,2253,152064,0.2,0.0004092704424510632,0.020235933,4736,0.9731693863868713,-0.04889824613928795,-0.029198533826274797,-1.0365238189697266,-42.989651799201965,0.005300186050590128,0.26318359375,1258.0,-2.07812249
0,4,2138,152576,0.2,0.0004092704424510632,0.018365579,4752,0.9716243147850037,-0.026959937065839767,-0.023229576705489308,0.32929229736328125,-42.95052242279053,0.00571346290234942,0.2335205078125,1258.0,-2.07889658
1,5,2074,153088,0.2,0.0004092704424510632,0.009123463,4768,0.9713231921195984,0.14848868548870087,-0.005645664321491495,0.5793397426605225,-42.92343199253082,0.9452830613590777,0.022705078125,1258.0,-2.07889658
1,6,2031,153600,0.2,0.0004092704424510632,0.02358134,4784,0.9724242687225342,-0.031112466007471085,-0.025855486397631466,-1.8066062927246094,-42.9312469959259,0.007834134506992996,0.28466796875,1258.0,-2.07644399
1,7,2003,154112,0.2,0.0004092704424510632,0.005804744,4800,0.9727113246917725,0.16345232725143433,-0.0034814118989743292,0.366996705532074,-42.95747947692871,1.493695150129497,0.010498046875,1258.0,-2.07644399
2,8,1984,154624,0.2,0.0004092704424510632,0.027294764,4816,0.9736235737800598,-0.03607920929789543,-0.025559336761943996,-4.0075273513793945,-42.969666957855225,0.004042962707899278,0.2813720703125,1258.0,-2.07644399
2,9,1969,155136,0.2,0.0004092704424510632,0.020115152,4832,0.9726511240005493,-0.027113594114780426,-0.028981897092307918,0.32491278648376465,-42.97876167297363,0.0060169162970851175,0.2982177734375,1258.0,-2.07569607
2,10,1956,155648,0.2,0.0004092704424510632,0.0044634547,4848,0.9726479053497314,0.18705402314662933,-0.004461647578864358,0.4946103096008301,-42.962236523628235,1.5784561056643724,0.00927734375,1258.0,-2.07569607
2,11,1947,156160,0.2,0.0004092704424510632,0.018460616,4864,0.9750614166259766,-0.01848408952355385,-0.022167859147884883,-0.17791593074798584,-42.9915030002594,0.01821250029024668,0.2215576171875,1258.0,-2.07336249
3,12,1938,156672,0.2,0.0004092704424510632,0.006756508,4880,0.9759793281555176,0.27854764461517334,-0.009205528142047115,0.7817654013633728,-43.06025946140289,1.2518171947449446,0.017578125,1258.0,-2.07336249
3,13,1932,157184,0.2,0.0004092704424510632,0.020686772,4896,0.9743368029594421,-0.031103601679205894,-0.0239081526233349,-10.687681198120117,-43.04892313480377,0.003215915276086889,0.2635498046875,1258.0,-2.07336249
3,14,1926,157696,0.2,0.0004092704424510632,0.01581421,4912,0.9718666076660156,-0.024592610076069832,-0.027066346534411423,0.5224891901016235,-42.98200297355652,0.009699384827399626,0.23193359375,1258.0,-2.07174203
3,15,1922,158208,0.2,0.0004092704424510632,0.0054713194,4928,0.9713858366012573,0.11988760530948639,-0.003198035468813032,0.37967073917388916,-42.9252347946167,1.1148867420852184,0.0311279296875,1258.0,-2.07174203
4,16,1918,158720,0.2,0.0004092704424510632,0.026909556,4944,0.9708449840545654,-0.04832368716597557,-0.033295543340500444,-1.9683499336242676,-42.91782772541046,0.00840979375061579,0.3070068359375,1258.0,-2.0706162200000002
4,17,1913,159232,0.2,0.0004092704424510632,0.00360764,4960,0.9703517556190491,0.2409704625606537,0.0019283498986624181,0.48852068185806274,-42.88819098472595,1.9441517805680633,0.0146484375,1258.0,-2.0706162200000002
4,18,1910,159744,0.2,0.0004092704424510632,0.018457187,4976,0.9718437194824219,-0.03958144411444664,-0.025382376232300885,-2.479008197784424,-42.90122723579407,0.0020082125811313745,0.2655029296875,1258.0,-2.0706162200000002
5,19,1906,160256,0.2,0.0004092704424510632,0.015427123,4992,0.9721469283103943,0.10445187985897064,-0.014073784375796095,0.492398738861084,-42.93882727622986,0.3820781083777547,0.0615234375,1258.0,-2.0723735899999998
5,20,1903,160768,0.2,0.0004092704424510632,0.025810162,5008,0.972008466720581,-0.011103548109531403,-0.018431650212733075,0.6700278520584106,-42.937312960624695,0.28803993662586436,0.16064453125,1258.0,-2.0723735899999998
5,21,1901,161280,0.2,0.0004092704424510632,0.020037115,5024,0.9701876044273376,-0.03752242028713226,-0.02899082616204396,-1.199913501739502,-42.91371822357178,0.015087181149283424,0.285888671875,1258.0,-2.07345839
5,22,1898,161792,0.2,0.0004092704424510632,0.003260117,5040,0.9695525169372559,0.3185807168483734,-0.0038734488771297038,0.7537305951118469,-42.865591645240784,1.7151104724034667,0.00439453125,1258.0,-2.07345839
6,23,1896,162304,0.2,0.0004092704424510632,0.023151513,5056,0.9702572822570801,-0.023226629942655563,-0.024707405784283765,-3.273171901702881,-42.87208449840546,0.010438299141242169,0.277587890625,1258.0,-2.0742433499999997
6,24,1894,162816,0.2,0.0004092704424510632,0.004782154,5072,0.9703892469406128,0.2218371480703354,-0.004217205481836572,0.3132420778274536,-42.89070129394531,1.9500686945393682,0.009765625,1258.0,-2.0742433499999997
6,25,1892,163328,0.2,0.0004092704424510632,0.021213355,5088,0.9701799750328064,-0.04754987731575966,-0.029922278285084758,-2.6037399768829346,-42.888421297073364,0.002598649796709651,0.278076171875,1258.0,-2.0742433499999997
7,26,1891,163840,0.2,0.0004092704424510632,0.019008104,5104,0.9713042378425598,-0.027628568932414055,-0.027913011406781152,0.10868215560913086,-42.889636397361755,0.001910634007799672,0.2828369140625,1258.0,-2.07188633
7,27,1890,164352,0.2,0.0004092704424510632,0.005443412,5120,0.971746563911438,0.13113075494766235,-0.0006622472501476295,0.3919585347175598,-42.91878271102905,2.12630567420274,0.020263671875,1258.0,-2.07188633
7,28,1888,164864,0.2,0.0004092704424510632,0.022896877,5136,0.9718928933143616,-0.040260493755340576,-0.02789163464331068,-2.149900436401367,-42.92229175567627,0.0088566509730299,0.290771484375,1258.0,-2.07124052
7,29,1887,165376,0.2,0.0004092704424510632,0.00649834,5152,0.9720435738563538,0.19688260555267334,-0.008235341345425695,0.5953443050384521,-42.928614377975464,1.597660033032298,0.0240478515625,1258.0,-2.07124052
8,30,1886,165888,0.2,0.0004092704424510632,0.0199204,5168,0.97247314453125,-0.036936983466148376,-0.024260601501737256,-4.722038745880127,-42.934431195259094,0.0028965641777176643,0.2305908203125,1258.0,-2.07124052
8,31,1885,166400,0.2,0.0004092704424510632,0.015736878,5184,0.9736160635948181,-0.029282093048095703,-0.02219230541959405,0.20715969800949097,-42.95724320411682,0.004780722789291758,0.231201171875,1258.0,-2.0712948399999997
8,32,1884,166912,0.2,0.0004092704424510632,0.00675711,5200,0.97391676902771,0.14408378303050995,-0.005369596416130662,0.6006341576576233,-42.97943818569183,1.1337068574503064,0.02978515625,1258.0,-2.0712948399999997
8,33,1883,167424,0.2,0.0004092704424510632,0.027178131,5216,0.9743852019309998,-0.03582017123699188,-0.026831905619474128,-3.4581265449523926,-42.9849693775177,0.023224829463288188,0.2828369140625,1258.0,-2.06835822
9,34,1883,167936,0.2,0.0004092704424510632,0.008168574,5232,0.9747409820556641,0.20208393037319183,-0.0075772798372781835,0.5042233467102051,-43.00124454498291,2.3412914210930467,0.0574951171875,1258.0,-2.06835822
9,35,1881,168448,0.2,0.0004092704424510632,0.018425545,5248,0.9748520851135254,-0.03250245004892349,-0.024575585004640743,-3.6313347816467285,-43.00579798221588,0.0020066778633918148,0.2408447265625,1258.0,-2.06835822
9,36,1881,168960,0.2,0.0004092704424510632,0.0199226,5264,0.9761315584182739,-0.035818301141262054,-0.026225361907563638,0.5213785171508789,-43.03218054771423,0.005434538092231378,0.271484375,1258.0,-2.06903656
10,37,1880,169472,0.2,0.0004092704424510632,0.004002748,5280,0.9766358733177185,0.3986240029335022,0.0005406334894360043,0.3517361283302307,-43.07555532455444,1.9680852037854493,0.01220703125,1258.0,-2.06903656
10,38,1879,169984,0.2,0.0004092704424510632,0.022377606,5296,0.9762389659881592,-0.04273490980267525,-0.028951878659427166,-0.061377525329589844,-43.0741730928421,0.010393449876573868,0.28564453125,1258.0,-2.0685717999999995
10,39,1878,170496,0.2,0.0004092704424510632,0.0045463564,5312,0.9759508967399597,0.2847781777381897,-0.006113027273386251,0.726832389831543,-43.05748665332794,1.354651104658842,0.0108642578125,1258.0,-2.0685717999999995
10,40,1878,171008,0.2,0.0004092704424510632,0.014115777,5328,0.9781453609466553,-0.04212814196944237,-0.024718320106330793,-1.8558614253997803,-43.081034660339355,0.004150183936872054,0.208251953125,1258.0,-2.0685717999999995
11,41,1877,171520,0.2,0.0004092704424510632,0.013710761,5344,0.9807599782943726,-0.03234286978840828,-0.02319865027675405,0.3920562267303467,-43.17102086544037,0.007921874115709215,0.203369140625,1258.0,-2.0669348199999997
11,42,1877,172032,0.2,0.0004092704424510632,0.002695263,5360,0.9815153479576111,0.18670526146888733,-0.0069258545627235435,0.47152942419052124,-43.22843778133392,1.5247753523290157,0.001953125,1258.0,-2.0669348199999997
11,43,1876,172544,0.2,0.0004092704424510632,0.017960586,5376,0.9822098612785339,-0.033055149018764496,-0.020703808026155457,-0.20704233646392822,-43.24301719665527,0.014255191141273826,0.2266845703125,1258.0,-2.06634135
12,44,1875,173056,0.2,0.0004092704424510632,0.0027872277,5392,0.9823413491249084,0.283709317445755,-0.0036852962512057275,0.7475301027297974,-43.256317496299744,1.276031719520688,0.0010986328125,1258.0,-2.06634135
12,45,1875,173568,0.2,0.0004092704424510632,0.019732254,5408,0.9801115393638611,-0.04820774495601654,-0.02834333447390236,-4.381685256958008,-43.235604882240295,0.004494125532801263,0.2681884765625,1258.0,-2.06634135
12,46,1874,174080,0.2,0.0004092704424510632,0.01853376,5424,0.9797616004943848,0.0018591880798339844,-0.02037063569878228,0.5218824744224548,-43.17727756500244,0.15712008345872164,0.185791015625,1258.0,-2.0655102599999995
12,47,1873,174592,0.2,0.0004092704424510632,0.017863438,5440,0.9796428084373474,-0.009618731215596199,-0.015124632700462826,0.5619277358055115,-43.18002676963806,0.5121987451566383,0.0869140625,1258.0,-2.0655102599999995
13,48,1873,175104,0.2,0.0004092704424510632,0.023895634,5456,0.9795380234718323,-0.028720349073410034,-0.026137891109101474,-0.45615148544311523,-43.171834230422974,0.018172003590734676,0.24658203125,1258.0,-2.0654360499999997
13,49,1872,175616,0.2,0.0004092704424510632,0.0076997913,5472,0.9794831871986389,0.5064527988433838,-0.002050201474048663,0.7317209243774414,-43.17368531227112,2.195087351836264,0.0526123046875,1258.0,-2.0654360499999997
13,50,1871,176128,0.2,0.0004092704424510632,0.028921807,5488,0.9802060127258301,0.013589207082986832,-0.028707098041195422,0.016984879970550537,-43.17899775505066,0.15343617484904826,0.2763671875,1258.0,-2.0638233999999995
13,51,1870,176640,0.2,0.0004092704424510632,0.0036860204,5504,0.9805432558059692,0.3153582811355591,-0.005417122236394789,0.5601513385772705,-43.20215678215027,1.7629465851932764,0.0009765625,1258.0,-2.0638233999999995
14,52,1870,177152,0.2,0.0004092704424510632,0.023449393,5520,0.9811147451400757,-0.037543460726737976,-0.0299345949315466,-7.797826766967773,-43.21243131160736,0.004262000547896605,0.2852783203125,1258.0,-2.0638233999999995
14,53,1869,177664,0.2,0.0004092704424510632,0.014232701,5536,0.9817862510681152,-0.02129390835762024,-0.021395482501247898,0.0922899842262268,-43.23639237880707,0.00203710552159464,0.203125,1258.0,-2.0631443799999998
14,54,1869,178176,0.2,0.0004092704424510632,0.004724901,5552,0.9818309545516968,0.2472621202468872,-0.004507525489316322,0.5114871263504028,-43.24323654174805,1.2295857751742005,0.0079345703125,1258.0,-2.0631443799999998
15,55,1868,178688,0.2,0.0004092704424510632,0.020795714,5568,0.9813596606254578,-0.03350696340203285,-0.02680039942788426,-0.05120992660522461,-43.2350332736969,0.006301675704889931,0.29296875,1258.0,-2.06147898
15,56,1868,179200,0.2,0.0004092704424510632,0.0056446553,5584,0.9811984896659851,0.2743295729160309,-0.003909456114342902,0.7033101916313171,-43.221919775009155,1.7682899767532945,0.0250244140625,1258.0,-2.06147898
15,57,1867,179712,0.2,0.0004092704424510632,0.018141579,5600,0.979817807674408,-0.02924070693552494,-0.024288901491672732,-6.709185600280762,-43.20215392112732,0.004011003893538145,0.251220703125,1258.0,-2.06147898
15,58,1867,180224,0.2,0.0004092704424510632,0.021123808,5616,0.9775504469871521,-0.032411761581897736,-0.02277735693496652,0.3062977194786072,-43.13778734207153,0.003702439531480195,0.2696533203125,1258.0,-2.0614973500000002
16,59,1867,180736,0.2,0.0004092704424510632,0.008576858,5632,0.9770466089248657,0.13029921054840088,-0.00868363647168735,0.5796576738357544,-43.09341371059418,1.1352348029613495,0.0224609375,1258.0,-2.0614973500000002
16,60,1866,181248,0.2,0.0004092704424510632,0.014015946,5648,0.9774358868598938,-0.02978501282632351,-0.02433766318426933,0.04273426532745361,-43.09518897533417,0.011464883136795834,0.2191162109375,1258.0,-2.06129533
16,61,1866,181760,0.2,0.0004092704424510632,0.003289511,5664,0.9776118993759155,0.665362536907196,0.00036306299443822354,0.8040385246276855,-43.10527765750885,1.5269659887999296,0.004638671875,1258.0,-2.06129533
17,62,1866,182272,0.2,0.0004092704424510632,0.0170869,5680,0.9780129194259644,-0.02421836368739605,-0.023006571806035936,-1.3137152194976807,-43.11268222332001,0.0036311682779341936,0.22607421875,1258.0,-2.06129533
17,63,1865,182784,0.2,0.0004092704424510632,0.014196653,5696,0.9783386588096619,-0.030497195199131966,-0.02157985290978104,0.48720747232437134,-43.12114751338959,0.008670472059748136,0.2188720703125,1258.0,-2.0635754100000003
17,64,1865,183296,0.2,0.0004092704424510632,0.0038310555,5712,0.9783510565757751,0.2700761556625366,-0.004123709368286654,0.6331666707992554,-43.129637122154236,1.1591483820229769,0.0098876953125,1258.0,-2.0635754100000003
17,65,1864,183808,0.2,0.0004092704424510632,0.031417392,5728,0.9794505834579468,-0.007044283673167229,-0.02614609501324594,-1.5060529708862305,-43.14048147201538,0.07706448691897094,0.2685546875,1258.0,-2.06043117
18,66,1864,184320,0.2,0.0004092704424510632,0.0072199493,5744,0.9796777367591858,0.25722378492355347,-0.00684302145964466,0.6849216222763062,-43.16998040676117,1.4122020322829485,0.0264892578125,1258.0,-2.06043117
18,67,1864,184832,0.2,0.0004092704424510632,0.0172517,5760,0.979707658290863,-0.03606294095516205,-0.022664403193630278,-1.5131216049194336,-43.17148184776306,0.012921518500661477,0.2393798828125,1258.0,-2.06043117
18,68,1863,185344,0.2,0.0004092704424510632,0.021120459,5776,0.9797261953353882,-0.028766829520463943,-0.026198205188848078,0.5541946887969971,-43.16508364677429,0.01021935508470051,0.2891845703125,1258.0,-2.06173259
18,69,1863,185856,0.2,0.0004092704424510632,0.012615452,5792,0.9797762036323547,0.08483006060123444,-0.01293746693409048,0.5443158149719238,-43.16972839832306,0.9181970926001668,0.05810546875,1258.0,-2.06173259
19,70,1863,186368,0.2,0.0004092704424510632,0.027699329,5808,0.9797106981277466,0.02334241196513176,-0.02664164948510006,0.0928296446800232,-43.1725070476532,0.12128870841115713,0.29248046875,1258.0,-2.0603377500000004
19,71,1862,186880,0.2,0.0004092704424510632,0.0073866416,5824,0.9793717265129089,0.28884178400039673,-0.007541312268585898,0.8103012442588806,-43.16353452205658,1.153177773579955,0.017822265625,1258.0,-2.0603377500000004
19,72,1862,187392,0.2,0.0004092704424510632,0.020364081,5840,0.9803690910339355,-0.032825861126184464,-0.027041555134928785,-7.696382522583008,-43.166855216026306,0.006075203862565104,0.250244140625,1258.0,-2.0603377500000004
20,73,1862,187904,0.2,0.0004092704424510632,0.0207095,5856,0.980029821395874,-0.021388517692685127,-0.027229344617808238,0.6191406846046448,-43.18992745876312,0.03682012134231627,0.294189453125,1258.0,-2.05976852
20,74,1862,188416,0.2,0.0004092704424510632,0.009923378,5872,0.9800153970718384,0.057050127536058426,-0.007742859597783536,0.3509047031402588,-43.17251992225647,1.7480317070148885,0.0322265625,1258.0,-2.05976852
20,75,1862,188928,0.2,0.0004092704424510632,0.019865645,5888,0.9819610118865967,-0.047515686601400375,-0.0255565773404669,-1.8488566875457764,-43.19428753852844,0.007991521750227548,0.231201171875,1258.0,-2.05987332
20,76,1862,189440,0.2,0.0004092704424510632,0.005646821,5904,0.9826220273971558,0.25340700149536133,-0.0067662747169379145,0.4975358843803406,-43.24166178703308,1.612632772885263,0.0166015625,1258.0,-2.05987332
21,77,1861,189952,0.2,0.0004092704424510632,0.020917635,5920,0.9811710715293884,-0.03128157928586006,-0.027415008589741774,-0.960342526435852,-43.22491014003754,0.003706000563397538,0.2593994140625,1258.0,-2.05987332
21,78,1861,190464,0.2,0.0004092704424510632,0.013543703,5936,0.9809174537658691,0.0978318452835083,-0.014244144709664397,0.5585570931434631,-43.18762743473053,0.5903519396670163,0.055419921875,1258.0,-2.0597096599999998
21,79,1861,190976,0.2,0.0004092704424510632,0.027527293,5952,0.9817253947257996,-0.01842598058283329,-0.018506456530303694,0.8597467541694641,-43.197935700416565,0.05854324770916719,0.2122802734375,1258.0,-2.0597096599999998
22,80,1861,191488,0.2,0.0004092704424510632,0.017319884,5968,0.9825747609138489,-0.03427395224571228,-0.028581986553035676,0.08458048105239868,-43.2262521982193,0.01159030944108963,0.2615966796875,1258.0,-2.0598247
22,81,1861,192000,0.2,0.0004092704424510632,0.0036526793,5984,0.9825623035430908,0.3467298150062561,0.0002985758474096656,0.5874840617179871,-43.23775351047516,1.6096929963678122,0.0032958984375,1258.0,-2.0598247
22,82,1860,192512,0.2,0.0004092704424510632,0.015481649,6000,0.9820366501808167,-0.02246570587158203,-0.022096898581366986,-3.039454936981201,-43.22794151306152,0.01857767888577655,0.206298828125,1258.0,-2.0599030099999998
22,83,1860,193024,0.2,0.0004092704424510632,0.005095726,6016,0.9818583130836487,0.714687168598175,-0.004448055027751252,0.7789513468742371,-43.21178674697876,1.4198507387191057,0.0147705078125,1258.0,-2.0599030099999998
23,84,1860,193536,0.2,0.0004092704424510632,0.018423336,6032,0.9809743165969849,-0.0350370854139328,-0.02602703271259088,-4.981647968292236,-43.195199728012085,0.0023815453041606816,0.2574462890625,1258.0,-2.0599030099999998
23,85,1860,194048,0.2,0.0004092704424510632,0.01800819,6048,0.9818383455276489,-0.025841012597084045,-0.022695070831105113,-0.15508759021759033,-43.18649983406067,0.004322718195908237,0.2210693359375,1258.0,-2.06226223
23,86,1860,194560,0.2,0.0004092704424510632,0.005182744,6064,0.982387900352478,0.1667628139257431,-0.004948266388964839,0.4537884593009949,-43.22144603729248,2.3115934766829014,0.02197265625,1258.0,-2.06226223
23,87,1860,195072,0.2,0.0004092704424510632,0.024324492,6080,0.9850341081619263,-0.0382595956325531,-0.030431716062594205,0.2184922695159912,-43.26215600967407,0.005185023590456694,0.3084716796875,1258.0,-2.0632793799999996
24,88,1860,195584,0.2,0.0004092704424510632,0.0055490285,6096,0.9859431385993958,0.2435203492641449,-0.006206252699485049,0.7013417482376099,-43.33341193199158,1.4648495940491557,0.01220703125,1258.0,-2.0632793799999996
24,89,1860,196096,0.2,0.0004092704424510632,0.02291114,6112,0.9854120016098022,-0.03529348224401474,-0.02646509083569981,-1.5189478397369385,-43.33673810958862,0.005167036237253342,0.2908935546875,1258.0,-2.0632793799999996
24,90,1860,196608,0.2,0.0004092704424510632,0.019732801,6128,0.9860689640045166,-0.026976710185408592,-0.025344182446133345,0.4196997284889221,-43.34478187561035,0.006560170877492055,0.25537109375,1258.0,-2.06450133
25,91,1860,197120,0.2,0.0004092704424510632,0.0070862332,6144,0.9859956502914429,0.15695731341838837,-0.00799706943507772,0.607124924659729,-43.35035967826843,1.1549499537795782,0.0343017578125,1258.0,-2.06450133
25,92,1859,197632,0.2,0.0004092704424510632,0.019032057,6160,0.9857895970344543,-0.03231847286224365,-0.02181694442697335,-1.0872046947479248,-43.34460771083832,0.03036125033395365,0.21923828125,1258.0,-2.0648086400000003
25,93,1859,198144,0.2,0.0004092704424510632,0.0057076253,6176,0.985802173614502,0.24103081226348877,-0.0035138830353389494,0.7476174831390381,-43.33322048187256,1.3149730246514082,0.018310546875,1258.0,-2.0648086400000003
25,94,1859,198656,0.2,0.0004092704424510632,0.015589641,6192,0.9873354434967041,-0.03847657889127731,-0.02466666471445933,-0.6143209934234619,-43.35574567317963,0.004835168096178677,0.23193359375,1258.0,-2.0648086400000003
26,95,1859,199168,0.2,0.0004092704424510632,0.023046315,6208,0.9887344837188721,-0.02648458443582058,-0.03191740030888468,0.4115802049636841,-43.4154394865036,0.006749699401552789,0.304931640625,1258.0,-2.06514375
26,96,1859,199680,0.2,0.0004092704424510632,0.0073599475,6224,0.9887902140617371,0.3647279143333435,-0.008916734892409295,0.4863644242286682,-43.43613421916962,1.6655261316336691,0.0299072265625,1258.0,-2.06514375
26,97,1859,200192,0.2,0.0004092704424510632,0.014530635,6240,0.986870288848877,-0.040220022201538086,-0.022196637743036263,-0.1300908327102661,-43.40456283092499,0.015378634678199887,0.2109375,1258.0,-2.06794641
26,98,1859,200704,0.2,0.0004092704424510632,0.0028122088,6256,0.9862249493598938,0.221205472946167,1.3932491128798574e-05,0.7805624008178711,-43.35151398181915,1.7228942839428782,0.0045166015625,1258.0,-2.06794641
27,99,1859,201216,0.2,0.0004092704424510632,0.02039631,6272,0.9871806502342224,-0.030875500291585922,-0.027546163968509063,-4.933095455169678,-43.35244274139404,0.004228417616104707,0.29150390625,1258.0,-2.06794641
27,100,1859,201728,0.2,0.0004092704424510632,0.014179093,6288,0.9876314997673035,-0.028523731976747513,-0.020684543982497416,0.48158127069473267,-43.365007519721985,0.016861303243786097,0.2015380859375,1258.0,-2.06670064
27,101,1859,202240,0.2,0.0004092704424510632,0.009478155,6304,0.9874858856201172,0.052817605435848236,-0.005950960076006595,0.3516694903373718,-43.35787355899811,1.4975458439439535,0.0379638671875,1258.0,-2.06670064
28,102,1858,202752,0.2,0.0004092704424510632,0.020763215,6320,0.9875161647796631,-0.03132259473204613,-0.02878479633363895,-0.8627432584762573,-43.34934973716736,0.014220946322893724,0.28759765625,1258.0,-2.0681059800000003
28,103,1858,203264,0.2,0.0004092704424510632,0.003042687,6336,0.9875733852386475,0.2196134328842163,-0.0018069469879264943,0.7317001819610596,-43.35868537425995,1.4388933181762695,0.0001220703125,1258.0,-2.0681059800000003
28,104,1858,203776,0.2,0.0004092704424510632,0.016325677,6352,0.9886897206306458,-0.029089417308568954,-0.02593068672285881,-6.613067626953125,-43.370383501052856,0.002513970346626593,0.228759765625,1258.0,-2.0681059800000003
28,105,1858,204288,0.2,0.0004092704424510632,0.010781049,6368,0.9891946911811829,0.21815472841262817,-0.014408015995286405,0.5914628505706787,-43.39811062812805,0.6688519874587655,0.0523681640625,1258.0,-2.0685806700000002
29,106,1858,204800,0.2,0.0004092704424510632,0.018839737,6384,0.9891760349273682,-0.01612165942788124,-0.016425808149506338,0.7378497123718262,-43.40462684631348,0.328496121277567,0.093505859375,1258.0,-2.0685806700000002
29,107,1858,205312,0.2,0.0004092704424510632,0.016528182,6400,0.9892652034759521,-0.03182093799114227,-0.021573638936388306,-0.7535114288330078,-43.40264272689819,0.0106865555717377,0.2186279296875,1258.0,-2.0692181300000003
29,108,1857,205824,0.2,0.0004092704424510632,0.004830059,6416,0.9895008206367493,0.2056838721036911,0.0012520829477580264,0.6164284944534302,-43.41142761707306,1.5374986436218023,0.0228271484375,1258.0,-2.0692181300000003
30,109,1857,206336,0.2,0.0004092704424510632,0.02793175,6432,0.9900603890419006,-0.02581651695072651,-0.026717615910456516,-0.12791860103607178,-43.42428755760193,0.021023525041528046,0.260498046875,1258.0,-2.0687644599999997
30,110,1857,206848,0.2,0.0004092704424510632,0.007076565,6448,0.9900254607200623,0.2906947731971741,-0.006270450394367799,0.6032162308692932,-43.43174970149994,1.6806063931435347,0.0472412109375,1258.0,-2.0687644599999997
30,111,1857,207360,0.2,0.0004092704424510632,0.02092312,6464,0.9911215305328369,-0.04351739585399628,-0.030546029258402996,-3.2687478065490723,-43.446730613708496,0.0018177301371906651,0.328369140625,1258.0,-2.0687644599999997
30,112,1857,207872,0.2,0.0004092704424510632,0.016167626,6480,0.991202712059021,-0.028823915868997574,-0.02392533751844894,0.1420280933380127,-43.46348428726196,0.0026399948947073426,0.2332763671875,1258.0,-2.0686424900000002
31,113,1857,208384,0.2,0.0004092704424510632,0.005300522,6496,0.9912604689598083,0.12555716931819916,-0.002108375687384978,0.39617854356765747,-43.45749819278717,1.6018626298755407,0.0076904296875,1258.0,-2.0686424900000002
31,114,1857,208896,0.2,0.0004092704424510632,0.02358526,6512,0.9894763827323914,-0.045585498213768005,-0.02549717333749868,-0.22050893306732178,-43.433374881744385,0.007207623857539147,0.26513671875,1258.0,-2.07008916
31,115,1857,209408,0.2,0.0004092704424510632,0.0040681255,6528,0.9888551831245422,0.23651818931102753,-0.0023482882388634607,0.748563289642334,-43.384480476379395,1.2202569581568241,0.007568359375,1258.0,-2.07008916
31,116,1857,209920,0.2,0.0004092704424510632,0.018363517,6544,0.9903889298439026,-0.03951769322156906,-0.03220627270638943,-4.579340934753418,-43.39656889438629,0.0021628771937685087,0.2747802734375,1258.0,-2.07008916
32,117,1857,210432,0.2,0.0004092704424510632,0.02840631,6560,0.9885765910148621,-0.03670075535774231,-0.025677649828139693,0.2882383465766907,-43.399604082107544,0.004517117209616117,0.2708740234375,1258.0,-2.07318096
32,118,1857,210944,0.2,0.0004092704424510632,0.009999447,6576,0.9879220128059387,0.15703055262565613,-0.010659103223588318,0.6057438850402832,-43.33985948562622,1.2052201116457582,0.06787109375,1258.0,-2.07318096
32,119,1857,211456,0.2,0.0004092704424510632,0.019657759,6592,0.988563597202301,-0.01760353520512581,-0.024128371027472895,-2.8381659984588623,-43.3427050113678,0.02750519453547895,0.236328125,1258.0,-2.0746956400000003
33,120,1857,211968,0.2,0.0004092704424510632,0.0038982779,6608,0.9887832999229431,0.34440878033638,-0.0019441730401013047,0.7800318002700806,-43.35982131958008,1.4534990936517715,0.0113525390625,1258.0,-2.0746956400000003
33,121,1857,212480,0.2,0.0004092704424510632,0.014368208,6624,0.9875026345252991,-0.021827256307005882,-0.0214949461951619,-9.426383972167969,-43.3535612821579,0.0045627055260411,0.1893310546875,1258.0,-2.0746956400000003
33,122,1857,212992,0.2,0.0004092704424510632,0.020270191,6640,0.9886496067047119,-0.038136061280965805,-0.02900855685584247,0.3964986205101013,-43.337565302848816,0.004986495856428519,0.292724609375,1258.0,-2.07628256
33,123,1856,213504,0.2,0.0004092704424510632,0.008526562,6656,0.9891406297683716,0.04922424256801605,-0.00871628888125997,0.5396794080734253,-43.374658942222595,1.101473230868578,0.0306396484375,1258.0,-2.07628256
34,124,1856,214016,0.2,0.0004092704424510632,0.03146746,6672,0.9889642000198364,-0.020922387018799782,-0.03399566886946559,0.03753983974456787,-43.37113916873932,0.05995956982951611,0.3525390625,1258.0,-2.07770069
34,125,1856,214528,0.2,0.0004092704424510632,0.0058962097,6688,0.9889557361602783,0.3673982322216034,-0.002735179936280474,0.8227229714393616,-43.37000036239624,1.5173644721508026,0.0145263671875,1258.0,-2.07770069
34,126,1856,215040,0.2,0.0004092704424510632,0.018550754,6704,0.989465057849884,-0.03597191348671913,-0.027397579979151487,-4.408278465270996,-43.377691984176636,0.004232089067954803,0.2630615234375,1258.0,-2.07770069
35,127,1856,215552,0.2,0.0004092704424510632,0.014150015,6720,0.9895794987678528,-0.018401162698864937,-0.02221651337458752,0.6065219640731812,-43.39444100856781,0.02092085129697807,0.22021484375,1258.0,-2.0815997900000003
35,128,1856,216064,0.2,0.0004092704424510632,0.0024522515,6736,0.9894884824752808,0.2500355541706085,0.0001026756945066154,0.4934985041618347,-43.38998532295227,1.3230805131606758,0.00048828125,1258.0,-2.0815997900000003
35,129,1856,216576,0.2,0.0004092704424510632,0.019851916,6752,0.9902955293655396,0.06962995231151581,-0.021089178408146836,0.4012167453765869,-43.39375066757202,0.2378922118805349,0.1761474609375,1258.0,-2.08260492
35,130,1856,217088,0.2,0.0004092704424510632,0.0060987775,6768,0.9906375408172607,0.35467302799224854,-0.006065400128136389,0.7963739037513733,-43.40907037258148,1.2363825365900993,0.0150146484375,1258.0,-2.08260492
36,131,1856,217600,0.2,0.0004092704424510632,0.023556935,6784,0.991746723651886,-0.032901789993047714,-0.022669841680908576,-6.277554512023926,-43.42396080493927,0.008848208075505681,0.2408447265625,1258.0,-2.08260492
36,132,1856,218112,0.2,0.0004092704424510632,0.02276778,6800,0.9926971793174744,0.0008500516414642334,-0.025597712461603805,0.6307840347290039,-43.45548379421234,0.06641108065377921,0.2457275390625,1258.0,-2.08414772
36,133,1856,218624,0.2,0.0004092704424510632,0.0096467445,6816,0.9931076169013977,0.006237860769033432,-0.011358825940988027,0.4462830424308777,-43.47639012336731,1.3000102890655398,0.0335693359375,1258.0,-2.08414772
36,134,1856,219136,0.2,0.0004092704424510632,0.016533189,6832,0.9918238520622253,-0.03716201335191727,-0.024222092964919284,0.16304391622543335,-43.46877610683441,0.010007709817728028,0.21826171875,1258.0,-2.0843308999999994
37,135,1856,219648,0.2,0.0004092704424510632,0.003934042,6848,0.9913125038146973,0.40016645193099976,-0.0038904133980395272,0.4375064969062805,-43.430020451545715,2.3003472918644547,0.0052490234375,1258.0,-2.0843308999999994
37,136,1856,220160,0.2,0.0004092704424510632,0.01845186,6864,0.9885209202766418,-0.034952715039253235,-0.02471928868908435,-1.7048492431640625,-43.38749802112579,0.0027925167632929515,0.2406005859375,1258.0,-2.08320359
37,137,1856,220672,0.2,0.0004092704424510632,0.0063349106,6880,0.9877964854240417,0.22193485498428345,-0.007062110613333061,0.6750989556312561,-43.32311463356018,1.8704622648656368,0.025634765625,1258.0,-2.08320359
38,138,1856,221184,0.2,0.0004092704424510632,0.028095165,6896,0.9880627989768982,-0.027845164760947227,-0.02318582597945351,-2.9556779861450195,-43.31562268733978,0.003814277777564712,0.2828369140625,1258.0,-2.08320359
38,139,1856,221696,0.2,0.0004092704424510632,0.017664015,6912,0.9871693253517151,-0.04471820592880249,-0.030115538844256662,0.2513275146484375,-43.30822968482971,0.0032307416840922087,0.285400390625,1258.0,-2.08381202
38,140,1856,222208,0.2,0.0004092704424510632,0.005866103,6928,0.9869621396064758,0.39385151863098145,-0.002851098441169597,0.6250954866409302,-43.28672814369202,1.678704496473074,0.0294189453125,1258.0,-2.08381202
38,141,1856,222720,0.2,0.0004092704424510632,0.013683358,6944,0.9870036840438843,-0.02775600738823414,-0.022550789173692465,0.24327051639556885,-43.28547286987305,0.02382818836485967,0.23193359375,1258.0,-2.0838285599999997
39,142,1856,223232,0.2,0.0004092704424510632,0.0037828996,6960,0.9870092272758484,0.24212363362312317,-0.002892336080549285,0.65282142162323,-43.29379141330719,1.6641471777111292,0.005859375,1258.0,-2.0838285599999997
39,143,1856,223744,0.2,0.0004092704424510632,0.024608932,6976,0.9877597093582153,-0.037240803241729736,-0.02316048718057573,-8.90807056427002,-43.303799748420715,0.0023306252987822518,0.264892578125,1258.0,-2.0838285599999997
39,144,1855,224256,0.2,0.0004092704424510632,0.018292211,6992,0.9900303483009338,-0.027995392680168152,-0.025691293896670686,0.3247920274734497,-43.34908640384674,0.004227845944114961,0.244873046875,1258.0,-2.08154417
40,145,1855,224768,0.2,0.0004092704424510632,0.0032262579,7008,0.9907465577125549,0.1658756136894226,-0.0036844212445430458,0.4213064908981323,-43.41257464885712,1.5997864715754986,0.0047607421875,1258.0,-2.08154417
40,146,1855,225280,0.2,0.0004092704424510632,0.03147803,7024,0.9901174306869507,-0.03596301004290581,-0.024932393032941036,-0.9975661039352417,-43.41024649143219,0.008133017239742912,0.2811279296875,1258.0,-2.08180648
40,147,1855,225792,0.2,0.0004092704424510632,0.0056488053,7040,0.9898061156272888,0.3417741060256958,0.000993989669950679,0.7668376564979553,-43.394444823265076,1.3911016881465912,0.031005859375,1258.0,-2.08180648
0,1,3982,226304,0.2,0.0004092704424510632,0.018313102,7056,0.9900379776954651,-0.03880578279495239,-0.02706310452776961,-5.704311370849609,-43.39715087413788,0.004381841288704891,0.281494140625,1258.0,-2.08180648
0,2,2525,226816,0.2,0.0004092704424510632,0.016669337,7072,0.9895005822181702,-0.032676249742507935,-0.022208656038856134,0.5773415565490723,-43.400575041770935,0.006837917942903005,0.23876953125,1258.0,-2.0785231499999997
0,3,2252,227328,0.2,0.0004092704424510632,0.007959602,7088,0.9891951084136963,0.1531970202922821,-0.004039405284856912,0.6257500648498535,-43.37586724758148,1.056679196190089,0.0255126953125,1258.0,-2.0785231499999997
0,4,2132,227840,0.2,0.0004092704424510632,0.01933368,7104,0.989837646484375,-0.0326264314353466,-0.028221649234183133,-0.4425543546676636,-43.37510550022125,0.015318660938646644,0.275146484375,1258.0,-2.08066871
1,5,2068,228352,0.2,0.0004092704424510632,0.0067113526,7120,0.990487277507782,0.2578107416629791,-0.007475397476810031,0.8123804926872253,-43.40093266963959,1.2201626393944025,0.02197265625,1258.0,-2.08066871
1,6,2031,228864,0.2,0.0004092704424510632,0.023255821,7136,0.9897852540016174,-0.025310449302196503,-0.025656802958110347,-1.4613568782806396,-43.40083909034729,0.0044158799209981225,0.261962890625,1258.0,-2.08066871
1,7,2003,229376,0.2,0.0004092704424510632,0.021405805,7152,0.9894946813583374,-0.02683749422430992,-0.0325604547324474,0.7096365690231323,-43.378151178359985,0.037771282193716615,0.300048828125,1258.0,-2.0806609899999997
2,8,1983,229888,0.2,0.0004092704424510632,0.0039506704,7168,0.9892306923866272,0.07368163019418716,-0.004164629412116483,0.5594639778137207,-43.36895990371704,1.320990155916661,0.00341796875,1258.0,-2.0806609899999997
2,9,1967,230400,0.2,0.0004092704424510632,0.028565463,7184,0.9875911474227905,-0.015453418716788292,-0.030561659805243835,-0.21363937854766846,-43.344046235084534,0.05589699873235077,0.2933349609375,1258.0,-2.08280531
2,10,1955,230912,0.2,0.0004092704424510632,0.0023624264,7200,0.987067699432373,0.23392294347286224,-0.00015444382734131068,0.662039041519165,-43.303513526916504,1.7210984034463763,0.0006103515625,1258.0,-2.08280531
2,11,1945,231424,0.2,0.0004092704424510632,0.021029685,7216,0.986862063407898,-0.03650609031319618,-0.025312057638075203,-5.493762493133545,-43.2958550453186,0.0028118611116951797,0.2728271484375,1258.0,-2.08280531
3,12,1936,231936,0.2,0.0004092704424510632,0.026830826,7232,0.986368715763092,-0.006417866796255112,-0.03061712182534393,0.7201102375984192,-43.27625048160553,0.06871357932686806,0.3115234375,1258.0,-2.0837459099999998
3,13,1929,232448,0.2,0.0004092704424510632,0.007647263,7248,0.9864047765731812,0.037635162472724915,-0.00880285046150675,0.3760140538215637,-43.26596200466156,2.0779380674939603,0.013916015625,1258.0,-2.0837459099999998
3,14,1923,232960,0.2,0.0004092704424510632,0.0188847,7264,0.9878833889961243,-0.026417266577482224,-0.02084947132243542,-0.17114174365997314,-43.28218638896942,0.006909584903041832,0.22607421875,1258.0,-2.0809056
4,15,1918,233472,0.2,0.0004092704424510632,0.0041442444,7280,0.988530695438385,0.41881102323532104,-0.0035262826932012103,0.6379749774932861,-43.32220387458801,1.803206275217235,0.003173828125,1258.0,-2.0809056
4,16,1914,233984,0.2,0.0004092704424510632,0.016334038,7296,0.9868026375770569,-0.03994012251496315,-0.024779397004749626,-1.5793347358703613,-43.311171889305115,0.0038292526951408945,0.2261962890625,1258.0,-2.0809056
4,17,1906,234496,0.2,0.0004092704424510632,0.012715502,7312,0.9863010048866272,0.04839567467570305,-0.013306351058417931,0.637732982635498,-43.273683309555054,0.3851558449678123,0.0516357421875,1258.0,-2.08153479
4,18,1902,235008,0.2,0.0004092704424510632,0.01917573,7328,0.9868560433387756,-0.017621956765651703,-0.013839068618835881,0.5350884795188904,-43.279143929481506,0.13130090723279864,0.1763916015625,1258.0,-2.08153479
5,19,1898,235520,0.2,0.0004092704424510632,0.027565572,7344,0.9870144128799438,-0.03806442394852638,-0.03137871882063337,-0.5279805660247803,-43.28931128978729,0.007479155116016045,0.3115234375,1258.0,-2.07905802
5,20,1896,236032,0.2,0.0004092704424510632,0.0055392664,7360,0.9871068000793457,0.16495221853256226,-0.0037639484653482214,0.7020572423934937,-43.29037618637085,1.2995304195210338,0.0101318359375,1258.0,-2.07905802
5,21,1892,236544,0.2,0.0004092704424510632,0.021628961,7376,0.9866368770599365,-0.0403888076543808,-0.03166387660894543,-2.865499973297119,-43.28888404369354,0.0049139997936435975,0.3072509765625,1258.0,-2.07858132
5,22,1889,237056,0.2,0.0004092704424510632,0.0044642035,7392,0.9864971041679382,0.2932974100112915,-0.0038595841033384204,0.6711905002593994,-43.2771258354187,1.877985599450767,0.01708984375,1258.0,-2.07858132
6,23,1887,237568,0.2,0.0004092704424510632,0.021164253,7408,0.9852006435394287,-0.0330013707280159,-0.028927805222338066,-3.8614282608032227,-43.260498046875,0.002420586290099891,0.2933349609375,1258.0,-2.07858132
6,24,1885,238080,0.2,0.0004092704424510632,0.014033883,7424,0.9849005937576294,-0.037942126393318176,-0.019398630247451365,0.09656023979187012,-43.24265944957733,0.0037485718858079053,0.223876953125,1258.0,-2.07533726
6,25,1884,238592,0.2,0.0004092704424510632,0.00267673,7440,0.9846608638763428,0.19391028583049774,-0.0010104109533131123,0.3159205913543701,-43.226659059524536,2.264841959811747,0.001953125,1258.0,-2.07533726
7,26,1881,239104,0.2,0.0004092704424510632,0.020007156,7456,0.9873722195625305,-0.023078013211488724,-0.024048743507592008,-0.20707833766937256,-43.25652265548706,0.004982600126822945,0.248779296875,1258.0,-2.0739300800000002
7,27,1879,239616,0.2,0.0004092704424510632,0.005062323,7472,0.9881731271743774,0.7810857892036438,-0.006403407664038241,0.6771391034126282,-43.32247531414032,1.8419673684984446,0.0201416015625,1258.0,-2.0739300800000002
7,28,1878,240128,0.2,0.0004092704424510632,0.020753806,7488,0.9878048896789551,-0.02886982262134552,-0.03116244066040963,-0.48417627811431885,-43.32756781578064,0.021288718562573195,0.2991943359375,1258.0,-2.0739300800000002
7,29,1877,240640,0.2,0.0004092704424510632,0.019452974,7504,0.9870226383209229,-0.03920433297753334,-0.02671833900967613,0.46328508853912354,-43.299421429634094,0.010751933150459081,0.2474365234375,1258.0,-2.0723164600000006
8,30,1876,241152,0.2,0.0004092704424510632,0.006183062,7520,0.9870222210884094,0.1759801208972931,-0.005273163886158727,0.6629310250282288,-43.27989101409912,1.2018279731273651,0.025634765625,1258.0,-2.0723164600000006
8,31,1875,241664,0.2,0.0004092704424510632,0.015621524,7536,0.9873689413070679,-0.01850549876689911,-0.0219674378313357,-0.782219409942627,-43.28159701824188,0.04078182647936046,0.189208984375,1258.0,-2.07113576
8,32,1874,242176,0.2,0.0004092704424510632,0.0044712005,7552,0.9873815178871155,1.0077340602874756,0.000617100959061645,0.8396058082580566,-43.28526782989502,2.428940113633871,0.016845703125,1258.0,-2.07113576
9,33,1873,242688,0.2,0.0004092704424510632,0.023447972,7568,0.9872099161148071,-0.03087216056883335,-0.02705494107794948,-1.6844348907470703,-43.28121030330658,0.003042584066861309,0.30322265625,1258.0,-2.07113576
9,34,1872,243200,0.2,0.0004092704424510632,0.021443304,7584,0.9873672723770142,-0.030381612479686737,-0.027075373713159934,0.6006260514259338,-43.27305734157562,0.022093621228123084,0.2757568359375,1258.0,-2.07026763
9,35,1872,243712,0.2,0.0004092704424510632,0.004495074,7600,0.9874573945999146,0.08263374865055084,-0.006553344530402683,0.5522531867027283,-43.28325128555298,1.3910771617665887,0.007568359375,1258.0,-2.07026763
9,36,1871,244224,0.2,0.0004092704424510632,0.02549782,7616,0.9880534410476685,-0.0038541480898857117,-0.028851649491116405,-0.11137688159942627,-43.291935205459595,0.07662128645461053,0.2686767578125,1258.0,-2.0681530699999997
10,37,1871,244736,0.2,0.0004092704424510632,0.008039026,7632,0.9883911609649658,0.315205454826355,-0.004233436557115056,0.8342442512512207,-43.315598249435425,1.3830723352730274,0.023681640625,1258.0,-2.0681530699999997
10,38,1870,245248,0.2,0.0004092704424510632,0.017703466,7648,0.9854686856269836,-0.04004213213920593,-0.02139862984768115,-3.0309853553771973,-43.28323042392731,0.0034506576557760127,0.2222900390625,1258.0,-2.0681530699999997
10,39,1870,245760,0.2,0.0004092704424510632,0.015362567,7664,0.9851461052894592,-0.019491352140903473,-0.0225014030438615,0.642135739326477,-43.21617078781128,0.05378915520850569,0.214599609375,1258.0,-2.06568956
10,40,1869,246272,0.2,0.0004092704424510632,0.013380839,7680,0.9852613806724548,0.14283819496631622,-0.017194666041177697,0.44239211082458496,-43.22033643722534,1.8550764569081366,0.060546875,1258.0,-2.06568956
11,41,1869,246784,0.2,0.0004092704424510632,0.019283978,7696,0.9850687980651855,-0.03298211097717285,-0.025776579102966934,-0.2809751033782959,-43.21924316883087,0.003547278538462706,0.2584228515625,1258.0,-2.06112578
11,42,1869,247296,0.2,0.0004092704424510632,0.004792766,7712,0.9850708246231079,0.2594168782234192,-0.00412015248730313,0.5844361782073975,-43.21252954006195,1.7453298131003976,0.01513671875,1258.0,-2.06112578
11,43,1868,247808,0.2,0.0004092704424510632,0.019897982,7728,0.9855867028236389,-0.03062462992966175,-0.025161787460092455,-1.0130259990692139,-43.21022593975067,0.0021605886140605435,0.267578125,1258.0,-2.06112578
12,44,1868,248320,0.2,0.0004092704424510632,0.005891228,7744,0.9859874844551086,0.16139890253543854,-0.007918551222246606,0.6659473180770874,-43.2207932472229,1.06167914532125,0.01171875,1258.0,-2.05931302
12,45,1867,248832,0.2,0.0004092704424510632,0.036966026,7760,0.9862139225006104,-0.0274655744433403,-0.019174681350705214,0.9651385545730591,-43.22798264026642,0.10016125228139572,0.1837158203125,1258.0,-2.05931302
12,46,1867,249344,0.2,0.0004092704424510632,0.016180065,7776,0.986879825592041,-0.035736314952373505,-0.02730717131635174,0.09517842531204224,-43.229875564575195,0.011429279926232994,0.232421875,1258.0,-2.05774189
12,47,1866,249856,0.2,0.0004092704424510632,0.0051789377,7792,0.9870554208755493,0.32523980736732483,0.00024631127598695457,0.7864833474159241,-43.22716665267944,2.0911800507456064,0.0303955078125,1258.0,-2.05774189
13,48,1866,250368,0.2,0.0004092704424510632,0.03405021,7808,0.9882180690765381,-0.03950731083750725,-0.03178687285981141,0.14712673425674438,-43.239638328552246,0.013545682159019634,0.3399658203125,1258.0,-2.0573272199999995
13,49,1866,250880,0.2,0.0004092704424510632,0.0037134318,7824,0.9885883927345276,0.415539026260376,0.00136691296211211,0.8359447717666626,-43.262516379356384,1.6426905505359173,0.01171875,1258.0,-2.0573272199999995
13,50,1865,251392,0.2,0.0004092704424510632,0.020312332,7840,0.9877468943595886,-0.03712104260921478,-0.03206550134927966,-8.135714530944824,-43.25003898143768,0.0077165143738966435,0.291259765625,1258.0,-2.0573272199999995
13,51,1865,251904,0.2,0.0004092704424510632,0.017611932,7856,0.9880639314651489,-0.04265035688877106,-0.027784959071141202,0.0774850845336914,-43.245524883270264,0.0026736710024124477,0.2530517578125,1258.0,-2.05884785
14,52,1864,252416,0.2,0.0004092704424510632,0.004397747,7872,0.9882166385650635,0.31716758012771606,-0.0008689933238201775,0.46827560663223267,-43.26007413864136,2.8447896130383015,0.010986328125,1258.0,-2.05884785
14,53,1864,252928,0.2,0.0004092704424510632,0.018951256,7888,0.989248514175415,-0.027205180376768112,-0.023384789848932996,-0.10381162166595459,-43.27138411998749,0.005111184684210457,0.2205810546875,1258.0,-2.0598771399999998
14,54,1864,253440,0.2,0.0004092704424510632,0.0030093705,7904,0.9896833300590515,0.4592219591140747,-0.0019179374357918277,0.4820188283920288,-43.292550444602966,3.189315201714635,0.0028076171875,1258.0,-2.0598771399999998
15,55,1864,253952,0.2,0.0004092704424510632,0.024498928,7920,0.9888530969619751,-0.03167237713932991,-0.025824822805589065,-1.280937910079956,-43.283607006073,0.0017652325786912115,0.2890625,1258.0,-2.0598771399999998
15,56,1864,254464,0.2,0.0004092704424510632,0.019552037,7936,0.98680180311203,-0.039213716983795166,-0.026763849920826033,0.3030892014503479,-43.23373484611511,0.006787274673115462,0.2734375,1258.0,-2.05905013
15,57,1863,254976,0.2,0.0004092704424510632,0.0031663429,7952,0.9860791563987732,0.18207161128520966,0.0007638473325641826,0.5995583534240723,-43.172558188438416,1.6072784722782671,0.0040283203125,1258.0,-2.05905013
15,58,1863,255488,0.2,0.0004092704424510632,0.01854081,7968,0.9862954020500183,-0.028671884909272194,-0.022896363196196035,-1.0026273727416992,-43.16820013523102,0.003626203499152325,0.2515869140625,1258.0,-2.05489239
16,59,1863,256000,0.2,0.0004092704424510632,0.002765259,7984,0.9861606955528259,0.17581051588058472,0.0005436415740405209,0.6786913871765137,-43.1658091545105,2.0505775026977062,0.002685546875,1258.0,-2.05489239
16,60,1863,256512,0.2,0.0004092704424510632,0.01692082,8000,0.9830870628356934,-0.02330736815929413,-0.021491163148311898,-1.8927907943725586,-43.118715047836304,0.0018460757128195837,0.208251953125,1258.0,-2.05489239
16,61,1862,257024,0.2,0.0004092704424510632,0.015254082,8016,0.9823895692825317,-0.017887258902192116,-0.01951626482332358,0.682517409324646,-43.04036104679108,0.04050695599289611,0.2049560546875,1258.0,-2.05545056
17,62,1862,257536,0.2,0.0004092704424510632,0.006659341,8032,0.9821739792823792,0.26998353004455566,-0.009960249590221792,0.656503438949585,-43.02353012561798,1.5794016597792506,0.0257568359375,1258.0,-2.05545056
17,63,1862,258048,0.2,0.0004092704424510632,0.02127678,8048,0.9800731539726257,0.024206027388572693,-0.022823805396910757,0.03691244125366211,-42.990845799446106,0.15230001625604928,0.2357177734375,1258.0,-2.0556361200000004
17,64,1861,258560,0.2,0.0004092704424510632,0.0032292046,8064,0.9794790744781494,0.3790658712387085,-0.0009138564200839028,0.8123334646224976,-42.9354772567749,1.5642471089959145,0.0054931640625,1258.0,-2.0556361200000004
17,65,1861,259072,0.2,0.0004092704424510632,0.023799103,8080,0.9809916019439697,-0.032240141183137894,-0.028290386748267338,-4.621819019317627,-42.94716668128967,0.01153265569882933,0.288330078125,1258.0,-2.0556361200000004
18,66,1861,259584,0.2,0.0004092704424510632,0.012970606,8096,0.9811338782310486,-0.018531611189246178,-0.0239305067807436,0.6058320999145508,-42.98309504985809,0.011456188163720071,0.2265625,1258.0,-2.0548375500000002
18,67,1861,260096,0.2,0.0004092704424510632,0.0033899355,8112,0.9808928966522217,0.06830282509326935,-0.0016351440863218158,0.45020008087158203,-42.97231650352478,1.4343814002349973,0.0029296875,1258.0,-2.0548375500000002
18,68,1860,260608,0.2,0.0004092704424510632,0.017445698,8128,0.9800887107849121,-0.006924528628587723,-0.02447742150980048,0.4633416533470154,-42.959808111190796,0.050832211039960384,0.25927734375,1258.0,-2.05228561
18,69,1860,261120,0.2,0.0004092704424510632,0.0051416047,8144,0.9796557426452637,0.2824450731277466,-0.00805708600091748,0.6835087537765503,-42.92937910556793,2.0693992096930742,0.0093994140625,1258.0,-2.05228561
19,70,1860,261632,0.2,0.0004092704424510632,0.012834016,8160,0.9813888072967529,-0.025208959355950356,-0.017486934251792263,-1.6641530990600586,-42.946964621543884,0.0064292289898730814,0.160888671875,1258.0,-2.05228561
19,71,1860,262144,0.2,0.0004092704424510632,0.017465118,8176,0.9821304678916931,0.002376137301325798,-0.026532172196311876,0.7457492351531982,-42.99943029880524,0.05942481604870409,0.251220703125,1258.0,-2.05227422
19,72,1859,262656,0.2,0.0004092704424510632,0.01688905,8192,0.9821220636367798,0.01868198812007904,-0.011065884260460734,0.4263964295387268,-43.00980854034424,1.4917618634644896,0.0576171875,1258.0,-2.05227422
20,73,1859,263168,0.2,0.0004092704424510632,0.021814313,8208,0.9816533327102661,0.0030467435717582703,-0.030480416637146845,0.09725606441497803,-43.00252401828766,0.08526408718898892,0.304443359375,1258.0,-2.0498075000000004
20,74,1859,263680,0.2,0.0004092704424510632,0.0023608766,8224,0.9813830256462097,0.5770037174224854,-0.00029221879958640784,0.8563331365585327,-42.98466396331787,1.9544176254421473,0.0009765625,1258.0,-2.0498075000000004
20,75,1859,264192,0.2,0.0004092704424510632,0.025924884,8240,0.9799385666847229,-0.03196021541953087,-0.02612237042922061,-2.5474700927734375,-42.961493372917175,0.021815940941451117,0.2862548828125,1258.0,-2.04951604
20,76,1859,264704,0.2,0.0004092704424510632,0.0063782316,8256,0.9792999029159546,0.38969558477401733,-0.0028354087844491005,0.7912651300430298,-42.920257925987244,1.3436747575178742,0.028564453125,1258.0,-2.04951604
21,77,1859,265216,0.2,0.0004092704424510632,0.024619777,8272,0.9792963862419128,-0.036226414144039154,-0.025867019168799743,-3.4752607345581055,-42.91854155063629,0.0027667798058246262,0.28515625,1258.0,-2.04951604
21,78,1859,265728,0.2,0.0004092704424510632,0.022105644,8288,0.9821268916130066,-0.04770980402827263,-0.03157455736072734,0.23771214485168457,-42.95246171951294,0.0028926560044055805,0.288818359375,1258.0,-2.04819861
21,79,1858,266240,0.2,0.0004092704424510632,0.0054986365,8304,0.9829420447349548,0.20589996874332428,-0.003545166844560299,0.6126850843429565,-43.014358162879944,1.9214577917009592,0.01904296875,1258.0,-2.04819861
22,80,1858,266752,0.2,0.0004092704424510632,0.018306859,8320,0.9862396717071533,-0.033209655433893204,-0.026682813448132947,0.27153825759887695,-43.05736017227173,0.007613345253048465,0.2718505859375,1258.0,-2.0473407900000002
22,81,1858,267264,0.2,0.0004092704424510632,0.004673101,8336,0.987372636795044,0.34749576449394226,-0.0027829190075863153,0.8439158201217651,-43.139121651649475,1.5922284703701735,0.0146484375,1258.0,-2.0473407900000002
22,82,1858,267776,0.2,0.0004092704424510632,0.017221639,8352,0.9885794520378113,-0.02642308920621872,-0.021189114137087017,-13.618670463562012,-43.16184401512146,0.00770701810324681,0.2318115234375,1258.0,-2.0473407900000002
22,83,1858,268288,0.2,0.0004092704424510632,0.018691499,8368,0.9888417720794678,-0.027628157287836075,-0.02553937677294016,0.14159923791885376,-43.18165147304535,0.0036916685639880598,0.27490234375,1258.0,-2.04441243
23,84,1858,268800,0.2,0.0004092704424510632,0.0051441044,8384,0.9886248111724854,0.30303436517715454,-0.0008325606759171933,0.512093186378479,-43.16553211212158,1.907725753262639,0.017578125,1258.0,-2.04441243
23,85,1858,269312,0.2,0.0004092704424510632,0.018628508,8400,0.988377034664154,-0.03348391875624657,-0.030064424325246364,-0.18403637409210205,-43.16207182407379,0.0037855750852031633,0.2763671875,1258.0,-2.04448656
23,86,1857,269824,0.2,0.0004092704424510632,0.0033940272,8416,0.9882400631904602,0.21416355669498444,-0.005143568181665614,0.30009329319000244,-43.16191053390503,2.556310654617846,0.005615234375,1258.0,-2.04448656
23,87,1857,270336,0.2,0.0004092704424510632,0.016370647,8432,0.9879027605056763,-0.029466621577739716,-0.027403541462263092,-0.34342992305755615,-43.15938580036163,0.0013617210352094844,0.2379150390625,1258.0,-2.04448656
24,88,1857,270848,0.2,0.0004092704424510632,0.021453075,8448,0.9870880246162415,-0.029747730121016502,-0.025796123925829306,0.6057869791984558,-43.14010715484619,0.005935928187682293,0.2818603515625,1258.0,-2.04780256
24,89,1857,271360,0.2,0.0004092704424510632,0.004765678,8464,0.9867867231369019,0.1407398283481598,-0.0032935254712356254,0.5066007375717163,-43.11877703666687,1.8294499283656478,0.008544921875,1258.0,-2.04780256
24,90,1857,271872,0.2,0.0004092704424510632,0.020683862,8480,0.9863283634185791,-0.028929028660058975,-0.025203201425028965,-0.7643746137619019,-43.1058452129364,0.006607720031752251,0.2520751953125,1258.0,-2.0488868300000003
25,91,1857,272384,0.2,0.0004092704424510632,0.005215263,8496,0.9863330125808716,0.19572767615318298,-0.004056172183481976,0.62788325548172,-43.08624970912933,1.8949676007032394,0.015869140625,1258.0,-2.0488868300000003
25,92,1857,272896,0.2,0.0004092704424510632,0.028598156,8512,0.9862971305847168,-0.038818035274744034,-0.03393413269077428,-0.04233849048614502,-43.07943522930145,0.005963234070804901,0.3021240234375,1258.0,-2.0488868300000003
25,93,1856,273408,0.2,0.0004092704424510632,0.018132187,8528,0.9852952361106873,0.030409175902605057,-0.022260832629399374,0.7762627601623535,-43.06418454647064,0.14243061444722116,0.176025390625,1258.0,-2.0481426
25,94,1856,273920,0.2,0.0004092704424510632,0.0074084243,8544,0.9849395751953125,0.11465785652399063,-0.006382967709214427,0.6003472208976746,-43.03428018093109,1.6742874062620103,0.0260009765625,1258.0,-2.0481426
26,95,1856,274432,0.2,0.0004092704424510632,0.024236208,8560,0.9842305183410645,-0.008295953273773193,-0.025012441954459064,-0.24505901336669922,-43.02350652217865,0.07452513324096799,0.2347412109375,1258.0,-2.0522597399999998
26,96,1856,274944,0.2,0.0004092704424510632,0.00339456,8576,0.9840648770332336,0.5113284587860107,3.9406586438417435e-07,0.8866952061653137,-43.01279282569885,1.8457189369946718,0.0076904296875,1258.0,-2.0522597399999998
26,97,1856,275456,0.2,0.0004092704424510632,0.017311832,8592,0.9816910028457642,-0.02842497080564499,-0.02286313810327556,-7.165377616882324,-42.983357548713684,0.007356527581578121,0.2288818359375,1258.0,-2.0522597399999998
27,98,1856,275968,0.2,0.0004092704424510632,0.01816994,8608,0.9801528453826904,-0.019624514505267143,-0.023417950091243256,0.6845170855522156,-42.91638660430908,0.03850110119674355,0.2105712890625,1258.0,-2.05328305
27,99,1856,276480,0.2,0.0004092704424510632,0.005697212,8624,0.9799105525016785,0.20692719519138336,-0.008021192013984546,0.43810683488845825,-42.88853693008423,1.6625588072929531,0.00439453125,1258.0,-2.05328305
27,100,1856,276992,0.2,0.0004092704424510632,0.024827369,8640,0.9785659909248352,-0.02444184198975563,-0.02580151564325206,-1.2929749488830566,-42.87007188796997,0.052113805315457284,0.260009765625,1258.0,-2.05285931
27,101,1856,277504,0.2,0.0004092704424510632,0.008938206,8656,0.9781377911567688,0.2275138944387436,-0.008267330238595605,0.7679125666618347,-42.832284450531006,1.4214299265295267,0.062255859375,1258.0,-2.05285931
28,102,1855,278016,0.2,0.0004092704424510632,0.021650255,8672,0.9796459674835205,-0.03072660230100155,-0.03055666049476713,-0.4018733501434326,-42.84745252132416,0.015598618017975241,0.3096923828125,1258.0,-2.05285931
28,103,1855,278528,0.2,0.0004092704424510632,0.006488868,8688,0.9802142977714539,0.5929437875747681,-0.0013097159244352952,0.8649955987930298,-42.888548493385315,1.4080678578466177,0.0531005859375,1258.0,-2.0520757
28,104,1855,279040,0.2,0.0004092704424510632,0.020833764,8704,0.9789630174636841,-0.020477667450904846,-0.02015234464488458,0.967032253742218,-42.8787956237793,0.018015655674389564,0.2462158203125,1258.0,-2.0520757
28,105,1855,279552,0.2,0.0004092704424510632,0.017091308,8720,0.9783512949943542,-0.027227085083723068,-0.02514581850846298,-0.3948071002960205,-42.838338136672974,0.01063361275009811,0.22607421875,1258.0,-2.05242322
29,106,1855,280064,0.2,0.0004092704424510632,0.0026760292,8736,0.9782285094261169,0.3613375127315521,0.0012077096180291846,0.793936014175415,-42.8254953622818,1.7074094507843256,0.0025634765625,1258.0,-2.05242322
29,107,1855,280576,0.2,0.0004092704424510632,0.01726451,8752,0.9777611494064331,-0.03318910673260689,-0.028289560170378536,-2.0134432315826416,-42.807366609573364,0.002522592341847485,0.25146484375,1258.0,-2.0530163200000002
29,108,1855,281088,0.2,0.0004092704424510632,0.0036216709,8768,0.9777010679244995,0.29382479190826416,-0.0016094740058179013,0.6526981592178345,-42.7832772731781,2.182080402970314,0.0052490234375,1258.0,-2.0530163200000002
30,109,1855,281600,0.2,0.0004092704424510632,0.022126755,8784,0.9762480854988098,-0.029202695935964584,-0.02680499259440694,-2.5962088108062744,-42.75868785381317,0.0022064830154704396,0.2618408203125,1258.0,-2.0530163200000002
30,110,1854,282112,0.2,0.0004092704424510632,0.01868555,8800,0.9746350646018982,-0.03254399076104164,-0.024873911665054038,0.35696399211883545,-42.696855783462524,0.004305685513827484,0.253662109375,1258.0,-2.0552312400000003
30,111,1854,282624,0.2,0.0004092704424510632,0.006293426,8816,0.974388599395752,0.10415801405906677,-0.0022941652277950197,0.6311494708061218,-42.65642821788788,1.546438843011856,0.0316162109375,1258.0,-2.0552312400000003
30,112,1854,283136,0.2,0.0004092704424510632,0.017768819,8832,0.9761168360710144,-0.04555223882198334,-0.028537604841403663,0.06948202848434448,-42.680240988731384,0.004552025602606591,0.2545166015625,1258.0,-2.0534700799999994
31,113,1854,283648,0.2,0.0004092704424510632,0.004846936,8848,0.9768210053443909,0.3569801151752472,-0.002843659050995484,0.7599619030952454,-42.73233771324158,1.853811045177281,0.0196533203125,1258.0,-2.0534700799999994
31,114,1854,284160,0.2,0.0004092704424510632,0.017012123,8864,0.9769075512886047,-0.05049118399620056,-0.025686734617920592,-0.40696918964385986,-42.74526023864746,0.0033421814732719213,0.231689453125,1258.0,-2.0534700799999994
31,115,1854,284672,0.2,0.0004092704424510632,0.021384444,8880,0.9774194359779358,-0.020391924306750298,-0.025500744464807212,0.5630220174789429,-42.74508810043335,0.030946952698286623,0.26806640625,1258.0,-2.0562964000000004
32,116,1854,285184,0.2,0.0004092704424510632,0.006989404,8896,0.9776015281677246,0.09564925730228424,-0.006321620370727032,0.6543772220611572,-42.75900387763977,1.3668174501508474,0.0272216796875,1258.0,-2.0562964000000004
32,117,1854,285696,0.2,0.0004092704424510632,0.019682175,8912,0.9784368872642517,-0.034642696380615234,-0.026809950621100143,-0.8966206312179565,-42.769678711891174,0.007846819600672461,0.261474609375,1258.0,-2.0557463000000005
32,118,1854,286208,0.2,0.0004092704424510632,0.0037798248,8928,0.9784999489784241,0.9668391942977905,-0.006395947479177266,0.7882293462753296,-42.7815717458725,1.6644975561648607,0.004638671875,1258.0,-2.0557463000000005
32,119,1854,286720,0.2,0.0004092704424510632,0.018886646,8944,0.9793558716773987,-0.03595276549458504,-0.026441996975336224,-0.4275197982788086,-42.79329741001129,0.0022588163810723927,0.2557373046875,1258.0,-2.0557463000000005
33,120,1854,287232,0.2,0.0004092704424510632,0.019237569,8960,0.9803929328918457,-0.021741824224591255,-0.027006349409930408,0.6513615846633911,-42.83464002609253,0.04099327407311648,0.251708984375,1258.0,-2.05660007
33,121,1854,287744,0.2,0.0004092704424510632,0.00299491,8976,0.9805211424827576,0.16516992449760437,-0.0039600885938853025,0.5515509843826294,-42.85122323036194,1.6191305289976299,0.001953125,1258.0,-2.05660007
33,122,1854,288256,0.2,0.0004092704424510632,0.022612803,8992,0.9812886118888855,-0.026913918554782867,-0.028051317523932084,-0.37452244758605957,-42.85598134994507,0.025392277108039707,0.2650146484375,1258.0,-2.0561439299999997
33,123,1854,288768,0.2,0.0004092704424510632,0.0045897244,9008,0.9816854000091553,0.1802334189414978,-0.009265347456675954,0.6598162651062012,-42.87700593471527,1.852508394047618,0.006103515625,1258.0,-2.0561439299999997
34,124,1854,289280,0.2,0.0004092704424510632,0.021531723,9024,0.9804344773292542,-0.02871803194284439,-0.02717446164751891,-1.819154977798462,-42.86715817451477,0.002606551985081751,0.262939453125,1258.0,-2.0561439299999997
34,125,1854,289792,0.2,0.0004092704424510632,0.017060783,9040,0.9801777601242065,0.007665092125535011,-0.016235787610639818,0.8014507293701172,-42.83405840396881,0.059835008229129016,0.168212890625,1258.0,-2.0564269299999998
34,126,1854,290304,0.2,0.0004092704424510632,0.004502329,9056,0.9802336096763611,0.08591736108064651,-0.007245520799187943,0.4054165482521057,-42.839473247528076,2.732590315397829,0.0067138671875,1258.0,-2.0564269299999998
35,127,1854,290816,0.2,0.0004092704424510632,0.027455185,9072,0.9821417927742004,-0.022634997963905334,-0.025715351817780174,-1.672356367111206,-42.86144161224365,0.0476562874391675,0.2537841796875,1258.0,-2.05527115
35,128,1854,291328,0.2,0.0004092704424510632,0.0036256537,9088,0.9828736186027527,0.45308932662010193,-0.003912954562110826,0.5212931632995605,-42.910760045051575,3.5918319281190634,0.003662109375,1258.0,-2.05527115
35,129,1854,291840,0.2,0.0004092704424510632,0.020076632,9104,0.9821246862411499,-0.02430947870016098,-0.027511163323652,-0.9817379713058472,-42.91095542907715,0.0021820283564011334,0.2572021484375,1258.0,-2.05527115
35,130,1854,292352,0.2,0.0004092704424510632,0.016237728,9120,0.9826736450195312,-0.005289096385240555,-0.0233725539437728,0.7598270177841187,-42.91259157657623,0.05066599324345589,0.224365234375,1258.0,-2.05559111
36,131,1854,292864,0.2,0.0004092704424510632,0.013232348,9136,0.9828367829322815,0.011127818375825882,-0.012030367593979463,0.35421550273895264,-42.929142117500305,1.3915598287712783,0.04296875,1258.0,-2.05559111
36,132,1854,293376,0.2,0.0004092704424510632,0.018523782,9152,0.982086181640625,-0.014730416238307953,-0.015199485715129413,-1.7819509506225586,-42.91915571689606,0.03310147958109155,0.2103271484375,1258.0,-2.05664251
36,133,1854,293888,0.2,0.0004092704424510632,0.004314675,9168,0.9818739295005798,0.24122318625450134,-0.0009532994590699673,0.34737884998321533,-42.90924108028412,3.5354501167312264,0.01318359375,1258.0,-2.05664251
37,134,1854,294400,0.2,0.0004092704424510632,0.024388477,9184,0.9807961583137512,-0.04621255397796631,-0.032768600212875754,-0.02046525478363037,-42.89489996433258,0.008837989487801678,0.2803955078125,1258.0,-2.0556957999999996
37,135,1854,294912,0.2,0.0004092704424510632,0.0062666275,9200,0.9802693724632263,0.3967200517654419,-0.004199077840894461,0.8647024035453796,-42.86070275306702,1.6407693903893232,0.023681640625,1258.0,-2.0556957999999996
37,136,1853,295424,0.2,0.0004092704424510632,0.026665099,9216,0.9792506694793701,-0.04148472845554352,-0.03086566724232398,-6.716309547424316,-42.84541428089142,0.0044308113065198995,0.31591796875,1258.0,-2.0556957999999996
37,137,1853,295936,0.2,0.0004092704424510632,0.016851947,9232,0.9801278114318848,-0.029534777626395226,-0.028635615803068504,0.21410393714904785,-42.82899296283722,0.003211401890439447,0.2464599609375,1258.0,-2.0552520599999995
38,138,1853,296448,0.2,0.0004092704424510632,0.0060811904,9248,0.9806417226791382,0.2154027372598648,-0.007957421054015867,0.527114748954773,-42.86481595039368,1.583196866326034,0.013671875,1258.0,-2.0552520599999995
38,139,1853,296960,0.2,0.0004092704424510632,0.018627502,9264,0.98092120885849,-0.03201375901699066,-0.0228666111943312,0.21840888261795044,-42.87502574920654,0.006658225858700462,0.252685546875,1258.0,-2.0547519899999998
38,140,1853,297472,0.2,0.0004092704424510632,0.0052541057,9280,0.9808798432350159,0.37414950132369995,-0.0008959074257290922,0.8385337591171265,-42.876787304878235,1.4704330824315548,0.0264892578125,1258.0,-2.0547519899999998
38,141,1853,297984,0.2,0.0004092704424510632,0.015197134,9296,0.9809863567352295,-0.032132528722286224,-0.01873044710373506,-3.38474178314209,-42.87869966030121,0.002815111951349536,0.20458984375,1258.0,-2.0547519899999998
39,142,1853,298496,0.2,0.0004092704424510632,0.023660567,9312,0.980567455291748,-0.017872687429189682,-0.02664913779881317,0.515316367149353,-42.86674773693085,0.021501754759810865,0.280517578125,1258.0,-2.05727898
39,143,1853,299008,0.2,0.0004092704424510632,0.005081363,9328,0.9806240200996399,0.1273818165063858,-0.005518331650819164,0.7009607553482056,-42.859347224235535,1.0567706506699324,0.01025390625,1258.0,-2.05727898
39,144,1853,299520,0.2,0.0004092704424510632,0.01788342,9344,0.9812656044960022,-0.03258713707327843,-0.027554370259167627,-1.8676860332489014,-42.870243549346924,0.0073325696066604,0.279052734375,1258.0,-2.05938237
40,145,1853,300032,0.2,0.0004092704424510632,0.0063377246,9360,0.9815483093261719,0.2241629660129547,-0.0037480915198102593,0.6256492137908936,-42.88550114631653,1.882021650671959,0.0181884765625,1258.0,-2.05938237
40,146,1853,300544,0.2,0.0004092704424510632,0.023146158,9376,0.9822356104850769,-0.04737035185098648,-0.030024118022993207,-0.9116419553756714,-42.892948031425476,0.0022808892208558973,0.266357421875,1258.0,-2.05938237
40,147,1853,301056,0.2,0.0004092704424510632,0.019330328,9392,0.9833666682243347,-0.04043474793434143,-0.026426346143125556,0.5305269956588745,-42.90884506702423,0.007840473233954981,0.26904296875,1258.0,-2.0590667299999996
