time/time_elapsed,time/iterations,time/fps,time/total_timesteps,train/clip_range,train/learning_rate,train/approx_kl,train/n_updates,train/std,train/loss,train/policy_gradient_loss,train/explained_variance,train/entropy_loss,train/value_loss,train/clip_fraction,rollout/ep_len_mean,rollout/ep_rew_mean
0,1,2782,512,,,,,,,,,,,,,
0,2,2162,1024,0.2,0.0004092704424510632,0.021383336,16,0.9993165135383606,-0.04597070813179016,-0.03698243320104666,-0.37293827533721924,-43.97530138492584,0.08494822186185047,0.287353515625,,
0,3,2066,1536,0.2,0.0004092704424510632,0.016143093,32,0.9992831349372864,-0.01954849436879158,-0.023219586844788864,-0.056177377700805664,-43.96156847476959,0.0026726717260316946,0.220703125,1258.0,-2.039793
1,4,2022,2048,0.2,0.0004092704424510632,0.021715894,48,0.9988066554069519,-0.03151051327586174,-0.028928285057190806,-0.027445316314697266,-43.955111384391785,0.0033339848814648576,0.2847900390625,1258.0,-2.039793
1,5,1990,2560,0.2,0.0004092704424510632,0.021785975,64,1.0001126527786255,-0.02903588116168976,-0.026898080948740244,0.01760399341583252,-43.964343309402466,0.0018905911420006305,0.29296875,1258.0,-2.0494455
1,6,1973,3072,0.2,0.0004092704424510632,0.015106996,80,1.000223994255066,-0.04344841092824936,-0.026936483016470447,0.027443408966064453,-43.99539279937744,0.008729481633054093,0.2469482421875,1258.0,-2.0494455
1,7,1965,3584,0.2,0.0004092704424510632,0.015342985,96,1.0006319284439087,-0.051297031342983246,-0.028326282452326268,0.07111603021621704,-43.995481848716736,0.0011940527610931895,0.2423095703125,1258.0,-2.0494455
2,8,1956,4096,0.2,0.0004092704424510632,0.017859899,112,0.9999203085899353,-0.026280362159013748,-0.02461867337115109,0.13594955205917358,-43.9934196472168,0.003447423285251716,0.25732421875,1258.0,-2.1406533333333333
2,9,1951,4608,0.2,0.0004092704424510632,0.020231497,128,0.9990522861480713,-0.04328983277082443,-0.028047326777596027,0.01833510398864746,-43.96901035308838,0.009404062773683108,0.267578125,1258.0,-2.1406533333333333
2,10,1949,5120,0.2,0.0004092704424510632,0.02228708,144,1.0001404285430908,-0.0408468134701252,-0.026545417465968058,0.17130941152572632,-43.96071255207062,0.0021421447454486042,0.2587890625,1258.0,-2.1096007500000002
2,11,1944,5632,0.2,0.0004092704424510632,0.015952818,160,0.9988166689872742,-0.023183466866612434,-0.01945295998302754,0.07515358924865723,-43.96871781349182,0.016740040737204254,0.1988525390625,1258.0,-2.1096007500000002
3,12,1944,6144,0.2,0.0004092704424510632,0.016607072,176,0.9972974061965942,-0.03512399643659592,-0.026329627668019384,0.0623706579208374,-43.916321873664856,0.001433465835361858,0.2459716796875,1258.0,-2.1096007500000002
3,13,1941,6656,0.2,0.0004092704424510632,0.023816008,192,0.9970779418945312,-0.0426606722176075,-0.029226674407254905,0.48456114530563354,-43.88284206390381,0.0030119494804239366,0.277099609375,1258.0,-2.1108328
3,14,1937,7168,0.2,0.0004092704424510632,0.020203467,208,0.9963021874427795,-0.015612982213497162,-0.02248790644807741,0.23832690715789795,-43.87618589401245,0.01985435778624378,0.218017578125,1258.0,-2.1108328
3,15,1934,7680,0.2,0.0004092704424510632,0.016658142,224,0.9982364177703857,-0.04478771612048149,-0.02454692148603499,-0.417866587638855,-43.88243114948273,0.0020065289700141875,0.2257080078125,1258.0,-2.102057
4,16,1932,8192,0.2,0.0004092704424510632,0.018415157,240,0.9967585206031799,-0.01975739747285843,-0.02476787280465942,0.21835225820541382,-43.90694236755371,0.02588894433574751,0.2371826171875,1258.0,-2.102057
4,17,1931,8704,0.2,0.0004092704424510632,0.025468348,256,0.9941155910491943,-0.038040291517972946,-0.026554503390798345,-0.7607454061508179,-43.83540487289429,0.0022720700908394065,0.2489013671875,1258.0,-2.102057
4,18,1930,9216,0.2,0.0004092704424510632,0.021127336,272,0.9939273595809937,-0.037484943866729736,-0.026373828106443398,0.3956264853477478,-43.78147327899933,0.003113704835413955,0.260009765625,1258.0,-2.128154857142857
5,19,1928,9728,0.2,0.0004092704424510632,0.020278987,288,0.9948230981826782,-0.026541681960225105,-0.024806340094073676,0.34612178802490234,-43.79919254779816,0.02452729595825076,0.241455078125,1258.0,-2.128154857142857
5,20,1929,10240,0.2,0.0004092704424510632,0.016671594,304,0.9980201721191406,-0.044514019042253494,-0.02605248781037517,-0.8157215118408203,-43.85679805278778,0.005291884524922352,0.218017578125,1258.0,-2.12006375
5,21,1928,10752,0.2,0.0004092704424510632,0.028384894,320,1.0013068914413452,-0.02167758345603943,-0.0300558649469167,0.1461491584777832,-43.971588253974915,0.04536382760852575,0.275634765625,1258.0,-2.12006375
5,22,1927,11264,0.2,0.0004092704424510632,0.02346113,336,1.0017343759536743,-0.04361282289028168,-0.02877781371353194,-2.058655261993408,-44.027244210243225,0.003602157437853748,0.248291015625,1258.0,-2.12006375
6,23,1926,11776,0.2,0.0004092704424510632,0.017756945,352,1.0021225214004517,-0.030533842742443085,-0.02372150751762092,0.5664525628089905,-44.030723571777344,0.005362003139453009,0.2611083984375,1258.0,-2.152070333333333
6,24,1926,12288,0.2,0.0004092704424510632,0.0246744,368,1.0016510486602783,-0.023712418973445892,-0.023695507436059415,0.40732353925704956,-44.03747296333313,0.03452828427543864,0.2720947265625,1258.0,-2.152070333333333
6,25,1924,12800,0.2,0.0004092704424510632,0.017955162,384,1.002293586730957,-0.030472705140709877,-0.025882432324578986,-2.4396791458129883,-44.028918385505676,0.005431083063740516,0.2386474609375,1258.0,-2.1589061000000003
6,26,1924,13312,0.2,0.0004092704424510632,0.022342816,400,1.0016677379608154,-0.009531814604997635,-0.02120843343436718,0.18561190366744995,-44.035531997680664,0.06144744949415326,0.2606201171875,1258.0,-2.1589061000000003
7,27,1924,13824,0.2,0.0004092704424510632,0.018187158,416,1.0016244649887085,-0.030680866912007332,-0.024772968914476223,-0.8270524740219116,-44.01615083217621,0.0032373756657761987,0.227294921875,1258.0,-2.1589061000000003
7,28,1923,14336,0.2,0.0004092704424510632,0.019678306,432,1.0026313066482544,-0.028939872980117798,-0.02501077196211554,0.6006004810333252,-44.03393280506134,0.004256553394952789,0.255859375,1258.0,-2.1694324545454546
7,29,1923,14848,0.2,0.0004092704424510632,0.041683305,448,1.00112783908844,-0.019016681239008904,-0.024556696705985814,0.2517654299736023,-44.02851188182831,0.03829757950734347,0.301513671875,1258.0,-2.1694324545454546
7,30,1922,15360,0.2,0.0004092704424510632,0.019791618,464,1.0014058351516724,-0.02873275987803936,-0.026903821883024648,-4.155645370483398,-44.00155234336853,0.007827549066860229,0.2281494140625,1258.0,-2.1536767500000003
8,31,1921,15872,0.2,0.0004092704424510632,0.023223402,480,0.9999368190765381,-0.0026768911629915237,-0.02526372077409178,0.06959325075149536,-43.992441177368164,0.08776010223664343,0.2403564453125,1258.0,-2.1536767500000003
8,32,1920,16384,0.2,0.0004092704424510632,0.018624503,496,0.9993412494659424,-0.032822947949171066,-0.025923807261278853,-0.8502240180969238,-43.95070815086365,0.005860544530150946,0.2305908203125,1258.0,-2.1421003076923077
8,33,1920,16896,0.2,0.0004092704424510632,0.018867344,512,0.9991798996925354,-0.0009463857859373093,-0.024502588144969195,0.2283695936203003,-43.94181966781616,0.08489573351107538,0.2230224609375,1258.0,-2.1421003076923077
9,34,1920,17408,0.2,0.0004092704424510632,0.017796993,528,0.9970378875732422,-0.03470781072974205,-0.020103285773075186,-0.6472781896591187,-43.91315054893494,0.005636951267661061,0.2041015625,1258.0,-2.1421003076923077
9,35,1919,17920,0.2,0.0004092704424510632,0.019010298,544,0.9957035183906555,-0.039271146059036255,-0.03181100793881342,0.018785178661346436,-43.84605610370636,0.003295605642051669,0.258544921875,1258.0,-2.1482706428571428
9,36,1919,18432,0.2,0.0004092704424510632,0.026189191,560,0.9959040284156799,0.002214428037405014,-0.02699694747570902,0.14412790536880493,-43.831094622612,0.1025106095476076,0.2265625,1258.0,-2.1482706428571428
9,37,1919,18944,0.2,0.0004092704424510632,0.016015407,576,0.9982849955558777,-0.027445513755083084,-0.02401240037579555,-0.7448331117630005,-43.86557424068451,0.004420218501763884,0.2154541015625,1258.0,-2.1472598666666665
10,38,1918,19456,0.2,0.0004092704424510632,0.030542567,592,0.9989066123962402,-0.0178222693502903,-0.028273384770727716,0.23719000816345215,-43.92403709888458,0.09841752145439386,0.2606201171875,1258.0,-2.1472598666666665
10,39,1917,19968,0.2,0.0004092704424510632,0.018046804,608,0.9996657967567444,-0.03469365835189819,-0.021702046316931956,-3.4387335777282715,-43.93726313114166,0.005156098246516194,0.194580078125,1258.0,-2.1472598666666665
10,40,1917,20480,0.2,0.0004092704424510632,0.017093014,624,1.001024842262268,-0.038065530359745026,-0.030151883824146353,0.07651710510253906,-43.960479736328125,0.003521271217323374,0.2640380859375,1258.0,-2.1482975
10,41,1917,20992,0.2,0.0004092704424510632,0.020778758,640,1.0009320974349976,0.001927366480231285,-0.01975849248992745,0.14130687713623047,-43.99410843849182,0.11554692930076271,0.169189453125,1258.0,-2.1482975
11,42,1916,21504,0.2,0.0004092704424510632,0.015505412,656,1.0005261898040771,-0.03100532665848732,-0.022340156720019877,-4.6332926750183105,-43.97550117969513,0.008317877814988606,0.1943359375,1258.0,-2.146325294117647
11,43,1916,22016,0.2,0.0004092704424510632,0.019406136,672,1.000664234161377,0.004084959626197815,-0.019747124082641676,0.16058051586151123,-43.96613049507141,0.11397042672615498,0.1749267578125,1258.0,-2.146325294117647
11,44,1915,22528,0.2,0.0004092704424510632,0.020914145,688,1.0008423328399658,-0.02392871119081974,-0.024459926004055887,-2.932103395462036,-43.971235275268555,0.003439592179347528,0.2431640625,1258.0,-2.146325294117647
12,45,1914,23040,0.2,0.0004092704424510632,0.02516868,704,1.0010379552841187,-0.034876421093940735,-0.02704670137609355,0.1972949504852295,-43.97348427772522,0.004575496401230339,0.27490234375,1258.0,-2.141263944444445
12,46,1914,23552,0.2,0.0004092704424510632,0.020242482,720,1.0008786916732788,0.010154301300644875,-0.02277196416980587,0.38283318281173706,-43.9738085269928,0.10822040610946715,0.1806640625,1258.0,-2.141263944444445
12,47,1914,24064,0.2,0.0004092704424510632,0.014427029,736,0.9989421963691711,-0.03859550505876541,-0.023198234412120655,-1.9145140647888184,-43.93982231616974,0.008527899975888431,0.208251953125,1258.0,-2.1446494736842103
12,48,1914,24576,0.2,0.0004092704424510632,0.012022693,752,0.9986014366149902,0.06768062710762024,-0.014371883182320744,0.21096742153167725,-43.8917191028595,0.18828786769881845,0.093017578125,1258.0,-2.1446494736842103
13,49,1914,25088,0.2,0.0004092704424510632,0.019369705,768,0.996465265750885,-0.04732562229037285,-0.032695472735213116,-11.029282569885254,-43.86766588687897,0.007640270017873263,0.266357421875,1258.0,-2.1446494736842103
13,50,1913,25600,0.2,0.0004092704424510632,0.015944317,784,0.9942939877510071,-0.042817145586013794,-0.027065950132964645,0.12109583616256714,-43.78549289703369,0.004904117748083081,0.2432861328125,1258.0,-2.14490555
13,51,1912,26112,0.2,0.0004092704424510632,0.016265389,800,0.9940435886383057,0.006480218842625618,-0.01822091030771844,0.11938542127609253,-43.74482619762421,0.14916381111834198,0.134521484375,1258.0,-2.14490555
13,52,1912,26624,0.2,0.0004092704424510632,0.019905673,816,0.9943025708198547,-0.025001009926199913,-0.02233665605308488,-4.794108867645264,-43.75292646884918,0.005267726395686623,0.221435546875,1258.0,-2.1482217142857145
14,53,1912,27136,0.2,0.0004092704424510632,0.017520238,832,0.9944941997528076,0.016436409205198288,-0.0245390178024536,0.1337338089942932,-43.76198375225067,0.20590001391246915,0.19482421875,1258.0,-2.1482217142857145
14,54,1912,27648,0.2,0.0004092704424510632,0.019645208,848,0.9943917393684387,-0.021115578711032867,-0.02343313384335488,-4.892359256744385,-43.76298105716705,0.0093724552061758,0.1988525390625,1258.0,-2.1482217142857145
14,55,1912,28160,0.2,0.0004092704424510632,0.023670875,864,0.9944511651992798,-0.023760108277201653,-0.02777966993744485,0.39375823736190796,-43.7589875459671,0.008431376540102065,0.270751953125,1258.0,-2.1549965454545457
14,56,1911,28672,0.2,0.0004092704424510632,0.016066225,880,0.9945498704910278,-0.00736321322619915,-0.01675897116365377,0.26944291591644287,-43.75860059261322,0.11226721410639584,0.12841796875,1258.0,-2.1549965454545457
15,57,1912,29184,0.2,0.0004092704424510632,0.019651404,896,0.9925533533096313,-0.02991221286356449,-0.02514595192769775,-3.1006221771240234,-43.72710835933685,0.007484235131414607,0.2069091796875,1258.0,-2.1546266521739135
15,58,1912,29696,0.2,0.0004092704424510632,0.015278857,912,0.9921427965164185,0.04056467115879059,-0.021070362883619964,0.22138911485671997,-43.68295454978943,0.24598085577599704,0.13525390625,1258.0,-2.1546266521739135
15,59,1911,30208,0.2,0.0004092704424510632,0.017413892,928,0.9898452162742615,-0.033777736127376556,-0.030423437696299516,-1.223409652709961,-43.6462277173996,0.004071868504979648,0.2623291015625,1258.0,-2.1530064166666665
16,60,1911,30720,0.2,0.0004092704424510632,0.011367982,944,0.9891839027404785,0.020721161738038063,-0.013492864614818245,0.34045034646987915,-43.587287068367004,0.22148301731795073,0.0841064453125,1258.0,-2.1530064166666665
16,61,1911,31232,0.2,0.0004092704424510632,0.019603226,960,0.9890721440315247,-0.03000909462571144,-0.024955299144494347,-0.8125922679901123,-43.578755617141724,0.011396748275728896,0.2440185546875,1258.0,-2.1530064166666665
16,62,1911,31744,0.2,0.0004092704424510632,0.016532237,976,0.9894582033157349,-0.045950353145599365,-0.02510713439551182,0.05561619997024536,-43.57879281044006,0.0020000092772534117,0.232421875,1258.0,-2.15294084
16,63,1909,32256,0.2,0.0004092704424510632,0.013319983,992,0.9891204237937927,0.04906576871871948,-0.01338151321397163,0.1523568034172058,-43.58248507976532,0.27237164904363453,0.084716796875,1258.0,-2.15294084
17,64,1909,32768,0.2,0.0004092704424510632,0.014269982,1008,0.9876209497451782,-0.041437964886426926,-0.023422239028150216,-4.868101119995117,-43.55460476875305,0.0047662687065894715,0.208251953125,1258.0,-2.148601153846154
17,65,1909,33280,0.2,0.0004092704424510632,0.018948052,1024,0.9873771071434021,0.04684557020664215,-0.01856170321116224,0.2321198582649231,-43.51976239681244,0.3810746092349291,0.11767578125,1258.0,-2.148601153846154
17,66,1909,33792,0.2,0.0004092704424510632,0.020532789,1040,0.9885182976722717,-0.03372219204902649,-0.02697087229171302,-4.570322036743164,-43.53384244441986,0.003377431279659504,0.252685546875,1258.0,-2.148601153846154
17,67,1908,34304,0.2,0.0004092704424510632,0.016633112,1056,0.9889607429504395,-0.03130549564957619,-0.023580807326652575,0.07811546325683594,-43.56796932220459,0.004062872991198674,0.2666015625,1258.0,-2.146091222222222
18,68,1908,34816,0.2,0.0004092704424510632,0.012816296,1072,0.9883415699005127,0.047033656388521194,-0.013581949955550954,0.17206138372421265,-43.56640541553497,0.31815418787300587,0.072265625,1258.0,-2.146091222222222
18,69,1907,35328,0.2,0.0004092704424510632,0.015000204,1088,0.9863789081573486,-0.041628576815128326,-0.025797328737098724,-6.004273414611816,-43.52090299129486,0.009059427393367514,0.2381591796875,1258.0,-2.146630892857143
18,70,1907,35840,0.2,0.0004092704424510632,0.015988715,1104,0.985615611076355,0.06350827217102051,-0.015902469458524138,0.15268945693969727,-43.47642254829407,0.42589307157322764,0.08837890625,1258.0,-2.146630892857143
19,71,1906,36352,0.2,0.0004092704424510632,0.025997002,1120,0.9831299781799316,-0.030791975557804108,-0.023919429069792386,-6.183486461639404,-43.43436026573181,0.004992980397219071,0.2509765625,1258.0,-2.146630892857143
19,72,1906,36864,0.2,0.0004092704424510632,0.01991023,1136,0.9814640283584595,-0.03197041526436806,-0.026000712838140316,0.09207522869110107,-43.35957217216492,0.004519274792983197,0.2523193359375,1258.0,-2.154791482758621
19,73,1906,37376,0.2,0.0004092704424510632,0.013017591,1152,0.98086017370224,0.04270761460065842,-0.01122337680135388,0.14381343126296997,-43.32368874549866,0.35265784431248903,0.0616455078125,1258.0,-2.154791482758621
19,74,1906,37888,0.2,0.0004092704424510632,0.02208789,1168,0.9812890887260437,-0.037855714559555054,-0.027002617818652652,-8.786397933959961,-43.317235231399536,0.006385329477780033,0.26318359375,1258.0,-2.1559067333333335
20,75,1906,38400,0.2,0.0004092704424510632,0.013417884,1184,0.9811745882034302,0.11126849800348282,-0.012140188213379588,0.13162213563919067,-43.32749605178833,0.5029186517931521,0.059814453125,1258.0,-2.1559067333333335
20,76,1907,38912,0.2,0.0004092704424510632,0.018323082,1200,0.9789178371429443,-0.025789786130189896,-0.02631234961154405,-2.0784828662872314,-43.297733187675476,0.011810233016149141,0.251220703125,1258.0,-2.1559067333333335
20,77,1906,39424,0.2,0.0004092704424510632,0.013706852,1216,0.9783114194869995,-0.025726106017827988,-0.02377948458888568,0.215876042842865,-43.227816224098206,0.005628401733702049,0.2198486328125,1258.0,-2.155641032258065
20,78,1906,39936,0.2,0.0004092704424510632,0.019014584,1232,0.9785424470901489,0.020279761403799057,-0.019925936707295477,0.4026079773902893,-43.23320770263672,0.29003477725200355,0.10595703125,1258.0,-2.155641032258065
21,79,1905,40448,0.2,0.0004092704424510632,0.020324437,1248,0.9799242615699768,-0.04560476168990135,-0.03525652579264715,-4.5929694175720215,-43.24950957298279,0.0128340435330756,0.292236328125,1258.0,-2.15481428125
21,80,1904,40960,0.2,0.0004092704424510632,0.013142511,1264,0.9795951843261719,0.05050261318683624,-0.013365160149987787,0.12654155492782593,-43.27498233318329,0.4879417554475367,0.0828857421875,1258.0,-2.15481428125
21,81,1902,41472,0.2,0.0004092704424510632,0.0162303,1280,0.9795276522636414,-0.034294493496418,-0.024169951648218557,-9.251087188720703,-43.2559620141983,0.004400068279210245,0.2093505859375,1258.0,-2.15481428125
22,82,1901,41984,0.2,0.0004092704424510632,0.017737053,1296,0.9798645377159119,-0.048068322241306305,-0.02596585577703081,0.30538809299468994,-43.26962888240814,0.004847191303269938,0.2568359375,1258.0,-2.1449945151515153
22,83,1896,42496,0.2,0.0004092704424510632,0.021830305,1312,0.979756772518158,0.01726057380437851,-0.015848714974708855,0.2513424754142761,-43.26367783546448,0.26117946568410844,0.096923828125,1258.0,-2.1449945151515153
22,84,1884,43008,0.2,0.0004092704424510632,0.014030274,1328,0.9803450703620911,-0.03005458414554596,-0.020150442796875723,-4.752782821655273,-43.27176833152771,0.007685947362915613,0.1978759765625,1258.0,-2.143153088235294
23,85,1881,43520,0.2,0.0004092704424510632,0.011705244,1344,0.9804713726043701,0.046882860362529755,-0.011738526598492172,0.21522873640060425,-43.283026456832886,0.4575728508643806,0.07275390625,1258.0,-2.143153088235294
23,86,1878,44032,0.2,0.0004092704424510632,0.014867758,1360,0.980147659778595,-0.029561473056674004,-0.022936950175790116,-1.0822243690490723,-43.28433692455292,0.007991834980202839,0.23486328125,1258.0,-2.1445568285714285
23,87,1866,44544,0.2,0.0004092704424510632,0.013537324,1376,0.9799743890762329,0.05423802137374878,-0.012202867670566775,0.27750617265701294,-43.27880561351776,0.4757174486294389,0.05908203125,1258.0,-2.1445568285714285
24,88,1856,45056,0.2,0.0004092704424510632,0.01784107,1392,0.9794926047325134,-0.03711681440472603,-0.025374503631610423,-2.295422077178955,-43.272295236587524,0.005730329088692088,0.2689208984375,1258.0,-2.1445568285714285
24,89,1855,45568,0.2,0.0004092704424510632,0.014992699,1408,0.9769057631492615,-0.03937002271413803,-0.02561757617513649,0.08580243587493896,-43.221983194351196,0.002415638584352564,0.2239990234375,1258.0,-2.1421891666666664
24,90,1854,46080,0.2,0.0004092704424510632,0.01512902,1424,0.976367175579071,0.07344032824039459,-0.01524653063097503,0.186836838722229,-43.161362290382385,0.5048383893445134,0.069580078125,1258.0,-2.1421891666666664
25,91,1853,46592,0.2,0.0004092704424510632,0.01835792,1440,0.9755925536155701,-0.035771217197179794,-0.023801923205610365,-7.579434394836426,-43.15191984176636,0.003514894637191901,0.2208251953125,1258.0,-2.1352337297297295
25,92,1853,47104,0.2,0.0004092704424510632,0.016311992,1456,0.9751570224761963,0.057100459933280945,-0.015191235856036656,0.3061501383781433,-43.13420128822327,0.5272571942768991,0.0965576171875,1258.0,-2.1352337297297295
25,93,1852,47616,0.2,0.0004092704424510632,0.028982894,1472,0.9733322262763977,-0.03871363028883934,-0.0348347436520271,-6.420411109924316,-43.107327818870544,0.00329803781278315,0.33251953125,1258.0,-2.1352337297297295
25,94,1851,48128,0.2,0.0004092704424510632,0.020733517,1488,0.9715986847877502,-0.03581708297133446,-0.025164011181914248,-0.04776287078857422,-43.040979981422424,0.0040124610386556014,0.2685546875,1258.0,-2.135887578947368
26,95,1851,48640,0.2,0.0004092704424510632,0.010062684,1504,0.971280574798584,0.081759512424469,-0.010613813137752004,0.15522915124893188,-43.012831807136536,0.6543648848310113,0.0399169921875,1258.0,-2.135887578947368
26,96,1849,49152,0.2,0.0004092704424510632,0.021015203,1520,0.970668375492096,-0.04228600859642029,-0.028875914053060114,-2.9854800701141357,-42.99919521808624,0.009319392978795804,0.2884521484375,1258.0,-2.1382319230769227
26,97,1849,49664,0.2,0.0004092704424510632,0.013114251,1536,0.9707518219947815,0.08033430576324463,-0.012701924482826144,0.282162606716156,-42.98874807357788,0.5417873822152615,0.0804443359375,1258.0,-2.1382319230769227
27,98,1850,50176,0.2,0.0004092704424510632,0.017857663,1552,0.9708040356636047,-0.0420808270573616,-0.028443757415516302,-2.6094698905944824,-42.992506980895996,0.0035534558301151264,0.2760009765625,1258.0,-2.1382319230769227
27,99,1851,50688,0.2,0.0004092704424510632,0.017638264,1568,0.9711717367172241,-0.02694040909409523,-0.026381667994428426,0.1680625081062317,-42.994264960289,0.0049287309011560865,0.2542724609375,1258.0,-2.1396804000000005
27,100,1852,51200,0.2,0.0004092704424510632,0.017046668,1584,0.9715209007263184,0.07029208540916443,-0.018708080766373314,0.4021729826927185,-43.001253724098206,0.5059635872021317,0.11767578125,1258.0,-2.1396804000000005
27,101,1853,51712,0.2,0.0004092704424510632,0.02153409,1600,0.9695660471916199,-0.03901800513267517,-0.0292985285341274,-1.0927174091339111,-42.98100447654724,0.014545440761139616,0.2799072265625,1258.0,-2.1388132195121954
28,102,1854,52224,0.2,0.0004092704424510632,0.014301578,1616,0.9686750769615173,0.10785900056362152,-0.013015714779612608,0.4623348116874695,-42.91828227043152,0.6750480970367789,0.0811767578125,1258.0,-2.1388132195121954
28,103,1854,52736,0.2,0.0004092704424510632,0.014377772,1632,0.9673116207122803,-0.02714408189058304,-0.022912649146746844,-1.9835858345031738,-42.88824009895325,0.011550498253200203,0.22119140625,1258.0,-2.1388132195121954
28,104,1856,53248,0.2,0.0004092704424510632,0.018967893,1648,0.9658332467079163,-0.04793589934706688,-0.029654058962478302,0.24078154563903809,-42.83742654323578,0.005845274979947135,0.2718505859375,1258.0,-2.139254714285715
28,105,1856,53760,0.2,0.0004092704424510632,0.010291243,1664,0.9656092524528503,0.05624912679195404,-0.010710582020692527,0.4490365982055664,-42.807366728782654,0.4506356017664075,0.0716552734375,1258.0,-2.139254714285715
29,106,1857,54272,0.2,0.0004092704424510632,0.015834078,1680,0.96664959192276,-0.027914036065340042,-0.0256467347353464,-1.6567444801330566,-42.82486891746521,0.022149069991428405,0.2388916015625,1258.0,-2.1348282325581396
29,107,1858,54784,0.2,0.0004092704424510632,0.017805785,1696,0.9667096138000488,0.07684186100959778,-0.014447753674176056,0.5903568267822266,-42.8495728969574,0.4861878165975213,0.0799560546875,1258.0,-2.1348282325581396
29,108,1859,55296,0.2,0.0004092704424510632,0.02566553,1712,0.9680544137954712,-0.037770483642816544,-0.030507994844811037,-6.138276100158691,-42.862009167671204,0.0043112275561725255,0.321533203125,1258.0,-2.1348282325581396
29,109,1860,55808,0.2,0.0004092704424510632,0.016334452,1728,0.9685666561126709,-0.042549435049295425,-0.029241493888548575,0.30755096673965454,-42.90246057510376,0.007478451152564958,0.2672119140625,1258.0,-2.134040181818182
30,110,1861,56320,0.2,0.0004092704424510632,0.01668027,1744,0.968539834022522,0.028630413115024567,-0.018190157687058672,0.43801814317703247,-42.902270793914795,0.40144611708819866,0.125732421875,1258.0,-2.134040181818182
30,111,1862,56832,0.2,0.0004092704424510632,0.012506645,1760,0.9674421548843384,-0.026660410687327385,-0.021644307824317366,-4.964955806732178,-42.88827121257782,0.01663526802440174,0.207763671875,1258.0,-2.131246511111111
30,112,1862,57344,0.2,0.0004092704424510632,0.0138450805,1776,0.9673909544944763,0.07209077477455139,-0.014170133654261008,0.212763249874115,-42.86316394805908,0.6855898997746408,0.0992431640625,1258.0,-2.131246511111111
31,113,1863,57856,0.2,0.0004092704424510632,0.022887219,1792,0.9678007364273071,-0.034925296902656555,-0.030685564794111997,-9.217848777770996,-42.87289798259735,0.003864134294417454,0.274658203125,1258.0,-2.131246511111111
31,114,1864,58368,0.2,0.0004092704424510632,0.01738177,1808,0.9669997096061707,-0.01927693746984005,-0.025674176489701495,0.5578398704528809,-42.87238430976868,0.042636703059542924,0.2423095703125,1258.0,-2.1333509347826087
31,115,1865,58880,0.2,0.0004092704424510632,0.028073594,1824,0.9659785628318787,-0.00684337317943573,-0.018997010061866604,0.49245762825012207,-42.835272550582886,0.3415708909742534,0.2633056640625,1258.0,-2.1333509347826087
31,116,1865,59392,0.2,0.0004092704424510632,0.017828152,1840,0.9656376242637634,-0.030057091265916824,-0.02634453152131755,-4.312397003173828,-42.816274642944336,0.02600286155939102,0.2269287109375,1258.0,-2.13165385106383
32,117,1865,59904,0.2,0.0004092704424510632,0.008534569,1856,0.9653078317642212,0.21661287546157837,-0.010743574384832755,0.11017954349517822,-42.810519218444824,1.0271109864115715,0.0238037109375,1258.0,-2.13165385106383
32,118,1866,60416,0.2,0.0004092704424510632,0.022490896,1872,0.9661848545074463,-0.04215998575091362,-0.031496412528213114,-2.9584760665893555,-42.81651318073273,0.0061360931940726005,0.3150634765625,1258.0,-2.130453854166667
32,119,1867,60928,0.2,0.0004092704424510632,0.009233913,1888,0.9661930203437805,0.10297197103500366,-0.011231182987103239,0.09024327993392944,-42.83029508590698,0.7980495747178793,0.0533447265625,1258.0,-2.130453854166667
32,120,1867,61440,0.2,0.0004092704424510632,0.021619618,1904,0.9686302542686462,-0.03632611781358719,-0.024799309234367684,-3.415574073791504,-42.85745108127594,0.002524677240216988,0.272216796875,1258.0,-2.130453854166667
33,121,1868,61952,0.2,0.0004092704424510632,0.0196318,1920,0.9685099124908447,-0.031931642442941666,-0.024328135448740795,-0.01693248748779297,-42.91291892528534,0.004058550279296469,0.2593994140625,1258.0,-2.134441285714286
33,122,1869,62464,0.2,0.0004092704424510632,0.011333624,1936,0.9682332277297974,0.11861014366149902,-0.010336476902011782,0.24570941925048828,-42.89382302761078,0.7022707723081112,0.048095703125,1258.0,-2.134441285714286
33,123,1869,62976,0.2,0.0004092704424510632,0.021016356,1952,0.9666924476623535,-0.03584171086549759,-0.030146296368911862,-0.19146907329559326,-42.87408208847046,0.005520647871890105,0.2843017578125,1258.0,-2.13340252
33,124,1869,63488,0.2,0.0004092704424510632,0.011101743,1968,0.966315507888794,0.25106504559516907,-0.015283572691259906,0.2204347848892212,-42.83859074115753,0.9203218659386039,0.0482177734375,1258.0,-2.13340252
34,125,1870,64000,0.2,0.0004092704424510632,0.018766496,1984,0.965501606464386,-0.0245203860104084,-0.02645820401085075,-2.13887619972229,-42.8295875787735,0.008745908402488567,0.26904296875,1258.0,-2.13340252
34,126,1871,64512,0.2,0.0004092704424510632,0.020597009,2000,0.9617890119552612,-0.03957477957010269,-0.02546919314772822,0.04615277051925659,-42.76542592048645,0.004339174862252548,0.2647705078125,1258.0,-2.133646196078432
34,127,1872,65024,0.2,0.0004092704424510632,0.010838147,2016,0.9605976343154907,0.06003420054912567,-0.017048668611096218,0.349437415599823,-42.6739342212677,0.8392151212319732,0.064697265625,1258.0,-2.133646196078432
34,128,1873,65536,0.2,0.0004092704424510632,0.020393547,2032,0.9610335230827332,-0.03583890199661255,-0.024432507838355377,-4.343975067138672,-42.66955864429474,0.014041876289411448,0.2523193359375,1258.0,-2.1305159038461543
35,129,1874,66048,0.2,0.0004092704424510632,0.0092110885,2048,0.9609907269477844,0.11317800730466843,-0.005483907705638558,0.327189564704895,-42.67245936393738,0.8197118537500501,0.0374755859375,1258.0,-2.1305159038461543
35,130,1875,66560,0.2,0.0004092704424510632,0.02088283,2064,0.9614872336387634,-0.03314857557415962,-0.02590219397097826,-3.375180244445801,-42.6776260137558,0.004926919733406976,0.2523193359375,1258.0,-2.1305159038461543
35,131,1875,67072,0.2,0.0004092704424510632,0.01399513,2080,0.9611873030662537,-0.03806709870696068,-0.025643209606641904,0.23243552446365356,-42.68660259246826,0.004424833328812383,0.22216796875,1258.0,-2.1309731132075473
36,132,1876,67584,0.2,0.0004092704424510632,0.016613863,2096,0.9611846804618835,0.05726553127169609,-0.015708073347923346,0.4277361035346985,-42.68086135387421,0.556205396540463,0.080322265625,1258.0,-2.1309731132075473
36,133,1877,68096,0.2,0.0004092704424510632,0.01919337,2112,0.9605652689933777,-0.0209299735724926,-0.02550142841937486,0.04089993238449097,-42.67368757724762,0.04156085615977645,0.2728271484375,1258.0,-2.133348203703704
36,134,1878,68608,0.2,0.0004092704424510632,0.014523342,2128,0.9601649641990662,0.15219494700431824,-0.014298951013188343,0.6348401308059692,-42.6522935628891,0.7004806865006685,0.0849609375,1258.0,-2.133348203703704
36,135,1879,69120,0.2,0.0004092704424510632,0.02002569,2144,0.9577072858810425,-0.028916599228978157,-0.023639308048586827,-11.216176986694336,-42.616236448287964,0.008864390343660489,0.24853515625,1258.0,-2.133348203703704
37,136,1879,69632,0.2,0.0004092704424510632,0.012542717,2160,0.9577503800392151,-0.02944096177816391,-0.021750282117864117,0.21989673376083374,-42.55491364002228,0.006155190858407877,0.197998046875,1258.0,-2.1363356363636363
37,137,1880,70144,0.2,0.0004092704424510632,0.013279391,2176,0.9581892490386963,0.10747610032558441,-0.01343179284594953,0.36390751600265503,-42.57603418827057,0.5879094745032489,0.0528564453125,1258.0,-2.1363356363636363
37,138,1880,70656,0.2,0.0004092704424510632,0.018549744,2192,0.9590556025505066,-0.025567295029759407,-0.02199747192207724,-3.2964768409729004,-42.5891090631485,0.03853598237037659,0.2322998046875,1258.0,-2.136215857142857
37,139,1880,71168,0.2,0.0004092704424510632,0.016344853,2208,0.9596322774887085,0.07719796150922775,-0.010698586105718277,0.5313082933425903,-42.62061583995819,0.5519380932673812,0.100830078125,1258.0,-2.136215857142857
38,140,1881,71680,0.2,0.0004092704424510632,0.025055625,2224,0.9593274593353271,-0.038146477192640305,-0.0313784419267904,-8.600947380065918,-42.62631034851074,0.0028171869889774825,0.3065185546875,1258.0,-2.136215857142857
38,141,1881,72192,0.2,0.0004092704424510632,0.01900844,2240,0.9579253196716309,-0.006099121645092964,-0.02644099446479231,0.45669984817504883,-42.594770193099976,0.04948045132914558,0.22900390625,1258.0,-2.1360749473684213
38,142,1881,72704,0.2,0.0004092704424510632,0.018733978,2256,0.9574363827705383,-0.012360071763396263,-0.014214931143214926,0.5096168518066406,-42.55869197845459,0.36724548740312457,0.1295166015625,1258.0,-2.1360749473684213
38,143,1882,73216,0.2,0.0004092704424510632,0.013160421,2272,0.9578316807746887,-0.028331834822893143,-0.0166012780246092,-2.2059690952301025,-42.55311644077301,0.0038731076347175986,0.1861572265625,1258.0,-2.1374092068965522
39,144,1882,73728,0.2,0.0004092704424510632,0.007119475,2288,0.9581283926963806,0.25494384765625,-0.010383326320152264,0.21723783016204834,-42.56631791591644,1.2887630220502615,0.04150390625,1258.0,-2.1374092068965522
39,145,1883,74240,0.2,0.0004092704424510632,0.023902748,2304,0.9574774503707886,-0.04082612320780754,-0.026570486486889422,-2.32924747467041,-42.56302344799042,0.012779425363987684,0.2589111328125,1258.0,-2.1352615762711866
39,146,1883,74752,0.2,0.0004092704424510632,0.004445566,2320,0.9573553800582886,0.13692066073417664,-0.0031831619708100334,0.5061001777648926,-42.54937434196472,0.7015895270742476,0.005859375,1258.0,-2.1352615762711866
39,147,1884,75264,0.2,0.0004092704424510632,0.01953138,2336,0.9578671455383301,-0.024361496791243553,-0.022487833019113168,-5.214637756347656,-42.5573468208313,0.005260766331048217,0.2506103515625,1258.0,-2.1352615762711866
0,1,4020,75776,0.2,0.0004092704424510632,0.017396674,2352,0.957425594329834,-0.04215342923998833,-0.028624912374652922,0.08200269937515259,-42.55974769592285,0.00205844791707932,0.267578125,1258.0,-2.1371345166666673
0,2,2610,76288,0.2,0.0004092704424510632,0.011268111,2368,0.9573796391487122,0.08890906721353531,-0.011017390148481354,0.4022700786590576,-42.54374372959137,0.5618254607543349,0.07861328125,1258.0,-2.1371345166666673
0,3,2346,76800,0.2,0.0004092704424510632,0.024355747,2384,0.9594845175743103,-0.047647953033447266,-0.028392345819156617,-4.217809677124023,-42.57178592681885,0.007692971332289744,0.266845703125,1258.0,-2.1353470819672133
0,4,2219,77312,0.2,0.0004092704424510632,0.0068512503,2400,0.9599786400794983,0.13449466228485107,-0.004865074122790247,0.4830629229545593,-42.62825930118561,0.7501117894425988,0.0185546875,1258.0,-2.1353470819672133
1,5,2158,77824,0.2,0.0004092704424510632,0.021978814,2416,0.9593058824539185,-0.038013044744729996,-0.03030090406537056,-3.307300567626953,-42.61858785152435,0.005479338469740469,0.2730712890625,1258.0,-2.1353470819672133
1,6,2105,78336,0.2,0.0004092704424510632,0.019988824,2432,0.9594554901123047,-0.029960405081510544,-0.029353947335039265,0.008251547813415527,-42.60225260257721,0.005136555540957488,0.3040771484375,1258.0,-2.1372454032258066
1,7,2077,78848,0.2,0.0004092704424510632,0.013333345,2448,0.9595845341682434,0.0754498764872551,-0.01147430510900449,0.3596067428588867,-42.61491799354553,0.5769427567720413,0.0604248046875,1258.0,-2.1372454032258066
1,8,2052,79360,0.2,0.0004092704424510632,0.023211695,2464,0.9584650993347168,-0.034265052527189255,-0.026385001197922975,-4.735901355743408,-42.60226345062256,0.007433437742292881,0.3004150390625,1258.0,-2.136219174603175
2,9,2043,79872,0.2,0.0004092704424510632,0.009320049,2480,0.9579200148582458,0.14713549613952637,-0.00921405119879637,0.38374871015548706,-42.5663537979126,0.7538262205198407,0.0391845703125,1258.0,-2.136219174603175
2,10,2036,80384,0.2,0.0004092704424510632,0.02247537,2496,0.9572503566741943,-0.04257415607571602,-0.030352159417816438,-6.1749796867370605,-42.55030298233032,0.003022833370778244,0.2933349609375,1258.0,-2.136219174603175
2,11,2027,80896,0.2,0.0004092704424510632,0.023712356,2512,0.9577759504318237,-0.044252730906009674,-0.03271243331255391,0.2107480764389038,-42.53658151626587,0.00553366712119896,0.3017578125,1258.0,-2.13658409375
3,12,2019,81408,0.2,0.0004092704424510632,0.008048178,2528,0.9582182168960571,0.08373485505580902,-0.007019515629508533,0.49085211753845215,-42.56002187728882,0.6943715335801244,0.0350341796875,1258.0,-2.13658409375
3,13,2015,81920,0.2,0.0004092704424510632,0.017801289,2544,0.9576516151428223,-0.032785564661026,-0.02220543949806597,-2.654848337173462,-42.55670094490051,0.011512432727613486,0.234375,1258.0,-2.1362462307692307
3,14,2015,82432,0.2,0.0004092704424510632,0.0173074,2560,0.9578325152397156,0.1948542445898056,-0.009925643083988689,0.46620655059814453,-42.54315149784088,0.7651741420850158,0.0994873046875,1258.0,-2.1362462307692307
3,15,2014,82944,0.2,0.0004092704424510632,0.019234732,2576,0.9572269320487976,-0.043628085404634476,-0.027112251889775507,-2.431401491165161,-42.544135332107544,0.00397851060188259,0.26806640625,1258.0,-2.1362462307692307
4,16,2010,83456,0.2,0.0004092704424510632,0.015509185,2592,0.9577609896659851,-0.03079507127404213,-0.014193998402333818,0.3933815360069275,-42.539581060409546,0.006988445849856362,0.1868896484375,1258.0,-2.1387779848484842
4,17,2009,83968,0.2,0.0004092704424510632,0.01885793,2608,0.9575044512748718,0.06749624758958817,-0.0163875863654539,0.5786167979240417,-42.55253803730011,0.4689106014557183,0.0992431640625,1258.0,-2.1387779848484842
4,18,2003,84480,0.2,0.0004092704424510632,0.018845642,2624,0.9574905037879944,-0.00531398318707943,-0.028053059097146615,-0.5377886295318604,-42.54160022735596,0.056034103501588106,0.2783203125,1258.0,-2.136851074626865
4,19,1999,84992,0.2,0.0004092704424510632,0.014119491,2640,0.9574401378631592,0.22824394702911377,-0.012504898881161353,0.7767130136489868,-42.55033802986145,0.757994401268661,0.0689697265625,1258.0,-2.136851074626865
5,20,1999,85504,0.2,0.0004092704424510632,0.0153149795,2656,0.957125186920166,-0.01469031348824501,-0.020224742649588734,-7.352813720703125,-42.54214572906494,0.010662753658834845,0.210693359375,1258.0,-2.136851074626865
5,21,1999,86016,0.2,0.0004092704424510632,0.013824912,2672,0.9582127332687378,-0.01991182006895542,-0.022694578423397616,0.4741535782814026,-42.553194761276245,0.021231431339401752,0.201904296875,1258.0,-2.1389557647058814
5,22,1999,86528,0.2,0.0004092704424510632,0.020399638,2688,0.9585375189781189,0.004302628338336945,-0.015741819377581123,0.41213440895080566,-42.58778464794159,0.3137870830250904,0.1224365234375,1258.0,-2.1389557647058814
5,23,1999,87040,0.2,0.0004092704424510632,0.025195982,2704,0.9583975076675415,-0.034149542450904846,-0.029469527216861024,-3.099989891052246,-42.594104170799255,0.007176725324825384,0.2796630859375,1258.0,-2.1386886811594197
6,24,1999,87552,0.2,0.0004092704424510632,0.0059809634,2720,0.957722544670105,0.09175268560647964,-0.004361916980997194,0.4721553921699524,-42.572595834732056,0.7646213877014816,0.0113525390625,1258.0,-2.1386886811594197
6,25,1999,88064,0.2,0.0004092704424510632,0.017163627,2736,0.9543777108192444,-0.030694149434566498,-0.025218769733328372,-1.7406752109527588,-42.51458525657654,0.005811055729282089,0.239990234375,1258.0,-2.138030985714285
6,26,2000,88576,0.2,0.0004092704424510632,0.0084190965,2752,0.9533878564834595,0.18967512249946594,-0.0076448075560620055,0.5687548518180847,-42.425501585006714,0.9369258377701044,0.0211181640625,1258.0,-2.138030985714285
6,27,1998,89088,0.2,0.0004092704424510632,0.018780075,2768,0.9536175727844238,-0.040755148977041245,-0.02576795013010269,-3.524069309234619,-42.41855227947235,0.005674888467183337,0.243896484375,1258.0,-2.138030985714285
7,28,1998,89600,0.2,0.0004092704424510632,0.01466283,2784,0.9510244727134705,-0.030224259942770004,-0.0223332024179399,0.05453014373779297,-42.38983130455017,0.0021131763933226466,0.19287109375,1258.0,-2.136333859154929
7,29,1998,90112,0.2,0.0004092704424510632,0.0058456454,2800,0.9501381516456604,0.0819641649723053,-0.0080618167121429,0.16129660606384277,-42.31184959411621,1.2330214092507958,0.018310546875,1258.0,-2.136333859154929
7,30,1997,90624,0.2,0.0004092704424510632,0.017841838,2816,0.9513622522354126,-0.03806436061859131,-0.021453301509609446,-3.049492359161377,-42.31648862361908,0.007631558444700204,0.2222900390625,1258.0,-2.136276527777778
7,31,1995,91136,0.2,0.0004092704424510632,0.0071651367,2832,0.951623797416687,0.1513260453939438,-0.004265149327693507,0.546262264251709,-42.3489031791687,0.8214756585657597,0.02880859375,1258.0,-2.136276527777778
8,32,1993,91648,0.2,0.0004092704424510632,0.025064413,2848,0.950711190700531,-0.029569847509264946,-0.025219299917807803,-6.670281887054443,-42.336410999298096,0.005126529998960905,0.2918701171875,1258.0,-2.136276527777778
8,33,1991,92160,0.2,0.0004092704424510632,0.0231199,2864,0.951157808303833,-0.03639762103557587,-0.029282126401085407,-0.012807846069335938,-42.32455384731293,0.004490749757678714,0.284423828125,1258.0,-2.1368064520547945
8,34,1989,92672,0.2,0.0004092704424510632,0.006860829,2880,0.9512718915939331,0.21402785181999207,-0.0046323125789058395,0.3720606565475464,-42.33659100532532,1.0164095819927752,0.017578125,1258.0,-2.1368064520547945
9,35,1989,93184,0.2,0.0004092704424510632,0.019047372,2896,0.9505597949028015,-0.03099454939365387,-0.024508049929863773,-2.4419748783111572,-42.33116543292999,0.01101088993891608,0.2620849609375,1258.0,-2.136711756756757
9,36,1990,93696,0.2,0.0004092704424510632,0.009105112,2912,0.9504824280738831,0.181674063205719,-0.007681583316298202,0.6157119870185852,-42.31179237365723,0.797968216240406,0.04052734375,1258.0,-2.136711756756757
9,37,1988,94208,0.2,0.0004092704424510632,0.018068183,2928,0.9506388306617737,-0.047570064663887024,-0.0305843173264293,-4.551920413970947,-42.31265413761139,0.003578527692297939,0.257080078125,1258.0,-2.136711756756757
9,38,1987,94720,0.2,0.0004092704424510632,0.01731925,2944,0.9494186639785767,-0.0340607725083828,-0.024575058654590975,0.11236691474914551,-42.30298089981079,0.0043387504847487435,0.244873046875,1258.0,-2.1362674933333334
10,39,1985,95232,0.2,0.0004092704424510632,0.0073668314,2960,0.9483649730682373,0.22258993983268738,-0.010106119778356515,0.30893343687057495,-42.2492800951004,0.8549026758410037,0.042724609375,1258.0,-2.1362674933333334
10,40,1983,95744,0.2,0.0004092704424510632,0.019687891,2976,0.9481643438339233,0.020316284149885178,-0.022013136593159288,-0.13818633556365967,-42.225820422172546,0.1266650699544698,0.2255859375,1258.0,-2.1368008421052633
10,41,1982,96256,0.2,0.0004092704424510632,0.01599264,2992,0.9482039213180542,0.3237145245075226,-0.012120464743929915,0.8025901317596436,-42.21977984905243,0.8592976573854685,0.09619140625,1258.0,-2.1368008421052633
10,42,1982,96768,0.2,0.0004092704424510632,0.017283782,3008,0.9488669037818909,-0.028621522709727287,-0.023856763495132327,-2.4826886653900146,-42.22617149353027,0.035269181651528925,0.2392578125,1258.0,-2.1368008421052633
11,43,1981,97280,0.2,0.0004092704424510632,0.016739022,3024,0.9481155872344971,-0.036297403275966644,-0.02558013395173475,0.334598183631897,-42.24556744098663,0.004828293036553077,0.217529296875,1258.0,-2.1362124155844158
11,44,1981,97792,0.2,0.0004092704424510632,0.012282922,3040,0.9475064873695374,0.0531097874045372,-0.006282702990574762,0.565586268901825,-42.20817995071411,0.5185071737505496,0.0472412109375,1258.0,-2.1362124155844158
11,45,1980,98304,0.2,0.0004092704424510632,0.015800461,3056,0.9473097920417786,-0.032872773706912994,-0.023169772131950594,-1.5837934017181396,-42.20080363750458,0.019806338154012337,0.2279052734375,1258.0,-2.134696858974359
11,46,1981,98816,0.2,0.0004092704424510632,0.00856917,3072,0.9470934867858887,0.14414460957050323,-0.012043839044054039,0.6365573406219482,-42.18622267246246,1.046471331268549,0.0352783203125,1258.0,-2.134696858974359
12,47,1982,99328,0.2,0.0004092704424510632,0.018284198,3088,0.9493535757064819,-0.023309757933020592,-0.02301483393239323,-5.91670036315918,-42.21080768108368,0.006868565491458867,0.223388671875,1258.0,-2.134696858974359
12,48,1980,99840,0.2,0.0004092704424510632,0.017028347,3104,0.9504641890525818,-0.03267483785748482,-0.0291408181656152,0.3333832025527954,-42.27899384498596,0.016756719909608364,0.2445068359375,1258.0,-2.1331816455696204
12,49,1980,100352,0.2,0.0004092704424510632,0.02016339,3120,0.950301468372345,-0.0181509368121624,-0.020099306966585573,0.6543428301811218,-42.28887474536896,0.28033640037756413,0.1395263671875,1258.0,-2.1331816455696204
12,50,1980,100864,0.2,0.0004092704424510632,0.024386276,3136,0.9509257078170776,-0.03947582095861435,-0.02470296730461996,-5.0987868309021,-42.286558628082275,0.013516013597836718,0.2581787109375,1258.0,-2.1324798
13,51,1979,101376,0.2,0.0004092704424510632,0.011506377,3152,0.9512267112731934,0.08181197941303253,-0.00889242963239667,0.26623833179473877,-42.308069825172424,1.214225267060101,0.052001953125,1258.0,-2.1324798
13,52,1977,101888,0.2,0.0004092704424510632,0.016375331,3168,0.9503980875015259,-0.0459582544863224,-0.025844449271971826,-6.008059024810791,-42.29715430736542,0.0035818638989439933,0.24365234375,1258.0,-2.1324798
13,53,1978,102400,0.2,0.0004092704424510632,0.023170032,3184,0.9505047798156738,-0.0054692476987838745,-0.020145459086052142,0.6403731107711792,-42.2770129442215,0.12012253457214683,0.1851806640625,1258.0,-2.131342444444445
13,54,1977,102912,0.2,0.0004092704424510632,0.031368025,3200,0.9500604271888733,0.13063913583755493,-0.019109491986455396,0.5414004325866699,-42.27702486515045,0.5071656943764538,0.2139892578125,1258.0,-2.131342444444445
14,55,1977,103424,0.2,0.0004092704424510632,0.016987054,3216,0.9525102376937866,-0.026613688096404076,-0.022488174407044426,-1.6582536697387695,-42.29418706893921,0.006375199445756152,0.2305908203125,1258.0,-2.1292534634146345
14,56,1975,103936,0.2,0.0004092704424510632,0.006761895,3232,0.9536325931549072,0.19961017370224,-0.009226073758327402,0.4408707022666931,-42.36587917804718,1.158633596263826,0.0267333984375,1258.0,-2.1292534634146345
14,57,1975,104448,0.2,0.0004092704424510632,0.023126751,3248,0.9549767971038818,-0.03969011455774307,-0.0289297091512708,-1.251774549484253,-42.392751932144165,0.005276468407828361,0.2911376953125,1258.0,-2.1297254216867474
15,58,1976,104960,0.2,0.0004092704424510632,0.008929564,3264,0.9551512002944946,0.2579033076763153,-0.0051784140669042245,0.6573784351348877,-42.42570400238037,0.9439559513702989,0.0213623046875,1258.0,-2.1297254216867474
15,59,1975,105472,0.2,0.0004092704424510632,0.022516988,3280,0.9543972611427307,-0.03859293833374977,-0.0279057260195259,-8.885368347167969,-42.415021657943726,0.004100693618966034,0.27587890625,1258.0,-2.1297254216867474
15,60,1974,105984,0.2,0.0004092704424510632,0.02074954,3296,0.9546383023262024,-0.040791310369968414,-0.02431627461919561,-0.01674365997314453,-42.40221905708313,0.003914684886694886,0.2752685546875,1258.0,-2.1284732380952383
15,61,1975,106496,0.2,0.0004092704424510632,0.008680552,3312,0.9548348784446716,0.18283945322036743,-0.007122000024537556,0.2063695192337036,-42.411094307899475,1.5044905608519912,0.035888671875,1258.0,-2.1284732380952383
16,62,1975,107008,0.2,0.0004092704424510632,0.019512484,3328,0.9524977803230286,-0.03188348188996315,-0.027021494155633263,0.16978120803833008,-42.38310635089874,0.021572088880930096,0.2503662109375,1258.0,-2.128779235294118
16,63,1974,107520,0.2,0.0004092704424510632,0.0076181823,3344,0.9513392448425293,0.3829578757286072,-0.01195238581567537,0.8019657731056213,-42.30937993526459,1.0101087037473917,0.0235595703125,1258.0,-2.128779235294118
16,64,1974,108032,0.2,0.0004092704424510632,0.02231202,3360,0.9523948431015015,-0.03393237665295601,-0.023977185657713562,-6.457176685333252,-42.3100323677063,0.008899529100744985,0.25048828125,1258.0,-2.128779235294118
16,65,1973,108544,0.2,0.0004092704424510632,0.027901476,3376,0.9503810405731201,-0.04593028500676155,-0.033407488372176886,0.07225984334945679,-42.30753183364868,0.0046460631128866225,0.29296875,1258.0,-2.1279695697674423
17,66,1972,109056,0.2,0.0004092704424510632,0.010353975,3392,0.9492447376251221,0.415519118309021,-0.008974680065875873,0.284446120262146,-42.23535180091858,1.292358035221696,0.0736083984375,1258.0,-2.1279695697674423
17,67,1972,109568,0.2,0.0004092704424510632,0.023199312,3408,0.9510743021965027,-0.041005104780197144,-0.03244686155812815,-0.25715160369873047,-42.24824237823486,0.004870476266660262,0.306884765625,1258.0,-2.127751942528736
17,68,1971,110080,0.2,0.0004092704424510632,0.016782952,3424,0.9519332051277161,0.24342328310012817,-0.019688771601067856,0.3356781601905823,-42.308496832847595,0.9915304994210601,0.109619140625,1258.0,-2.127751942528736
17,69,1970,110592,0.2,0.0004092704424510632,0.021130286,3440,0.9520323872566223,-0.038500770926475525,-0.02828231209423393,-3.91446590423584,-42.32271707057953,0.002114511218678672,0.2659912109375,1258.0,-2.127751942528736
18,70,1970,111104,0.2,0.0004092704424510632,0.02034939,3456,0.951574981212616,-0.038251932710409164,-0.02857133751967922,0.10795044898986816,-42.315032601356506,0.005125212606799323,0.302978515625,1258.0,-2.127614022727273
18,71,1969,111616,0.2,0.0004092704424510632,0.0072833383,3472,0.951569676399231,0.16730204224586487,-0.0033104486574302427,0.24308288097381592,-42.305016040802,1.175148413516581,0.034912109375,1258.0,-2.127614022727273
18,72,1968,112128,0.2,0.0004092704424510632,0.016641017,3488,0.950764536857605,-0.02191714569926262,-0.026725852592790034,0.060442328453063965,-42.29368281364441,0.02534691133769229,0.255615234375,1258.0,-2.1256552471910113
19,73,1964,112640,0.2,0.0004092704424510632,0.00670194,3504,0.9505248665809631,0.26952359080314636,-0.010965909212245606,0.7967517375946045,-42.27161645889282,1.0233870707452297,0.0853271484375,1258.0,-2.1256552471910113
19,74,1965,113152,0.2,0.0004092704424510632,0.016156193,3520,0.9496636986732483,-0.02102409303188324,-0.020828320790315047,-14.358757019042969,-42.25728118419647,0.011603079801716376,0.205322265625,1258.0,-2.1256552471910113
19,75,1965,113664,0.2,0.0004092704424510632,0.01643236,3536,0.9519123435020447,-0.0405702143907547,-0.02686742825608235,0.21216744184494019,-42.2654492855072,0.004420592544192914,0.2294921875,1258.0,-2.123840811111111
19,76,1964,114176,0.2,0.0004092704424510632,0.012844999,3552,0.9532217383384705,0.15866461396217346,-0.010115384589880705,0.28056055307388306,-42.32958936691284,0.845435478258878,0.0523681640625,1258.0,-2.123840811111111
20,77,1963,114688,0.2,0.0004092704424510632,0.014918845,3568,0.9550724625587463,-0.032588422298431396,-0.022788848960772157,-2.43756103515625,-42.372873067855835,0.007629827669006772,0.2166748046875,1258.0,-2.124149230769231
20,78,1963,115200,0.2,0.0004092704424510632,0.0053121103,3584,0.9555977582931519,0.2214840203523636,-0.0058004816237371415,0.510604977607727,-42.415292739868164,0.9096105378121138,0.01416015625,1258.0,-2.124149230769231
20,79,1963,115712,0.2,0.0004092704424510632,0.016121106,3600,0.9579838514328003,-0.03574037924408913,-0.02542770517175086,-3.1378989219665527,-42.44842231273651,0.0022249406720220577,0.232177734375,1258.0,-2.124149230769231
20,80,1964,116224,0.2,0.0004092704424510632,0.015840214,3616,0.9571253061294556,-0.003409257158637047,-0.02192240067233797,0.5598356127738953,-42.48659133911133,0.06564848811831325,0.2139892578125,1258.0,-2.1240920543478263
21,81,1964,116736,0.2,0.0004092704424510632,0.02520876,3632,0.9573269486427307,-0.013141760602593422,-0.01780122764466796,0.43583160638809204,-42.45551025867462,0.30469771625939757,0.1329345703125,1258.0,-2.1240920543478263
21,82,1964,117248,0.2,0.0004092704424510632,0.015924025,3648,0.9570650458335876,-0.022750303149223328,-0.01972237045993097,-0.8051815032958984,-42.470548152923584,0.01878129501710646,0.193603515625,1258.0,-2.1235627956989247
21,83,1964,117760,0.2,0.0004092704424510632,0.012727577,3664,0.957002580165863,0.16719397902488708,-0.014399560604942963,0.6630691289901733,-42.4658784866333,0.6890614842996001,0.0404052734375,1258.0,-2.1235627956989247
21,84,1964,118272,0.2,0.0004092704424510632,0.02050395,3680,0.9584385752677917,-0.04176820442080498,-0.023470608168281615,-0.9817841053009033,-42.48907685279846,0.004358815625892021,0.2711181640625,1258.0,-2.123693340425532
22,85,1963,118784,0.2,0.0004092704424510632,0.005328054,3696,0.9589693546295166,0.15686309337615967,-0.004705885730800219,0.6207504868507385,-42.52720844745636,1.1259473040699959,0.0201416015625,1258.0,-2.123693340425532
22,86,1963,119296,0.2,0.0004092704424510632,0.022625405,3712,0.9601446986198425,-0.018354225903749466,-0.0258594902115874,-5.50094747543335,-42.54705560207367,0.00378818698663963,0.2781982421875,1258.0,-2.123693340425532
22,87,1963,119808,0.2,0.0004092704424510632,0.020661088,3728,0.9592007994651794,-0.04667114466428757,-0.030262617219705135,0.09567707777023315,-42.556854367256165,0.0020063481097167823,0.286865234375,1258.0,-2.121939642105263
22,88,1964,120320,0.2,0.0004092704424510632,0.008602675,3744,0.9586332440376282,0.12130437791347504,-0.008508760918630287,0.3800821304321289,-42.51809751987457,1.3186777564696968,0.0396728515625,1258.0,-2.121939642105263
23,89,1963,120832,0.2,0.0004092704424510632,0.017535916,3760,0.9589570760726929,-0.03234092891216278,-0.023707035463303328,-1.0915992259979248,-42.5145525932312,0.002954013536509592,0.2454833984375,1258.0,-2.119973208333333
23,90,1964,121344,0.2,0.0004092704424510632,0.0031354437,3776,0.9590054154396057,0.1434449404478073,-0.001888950773718534,0.2837458848953247,-42.517133831977844,1.4018953600898385,0.0020751953125,1258.0,-2.119973208333333
23,91,1963,121856,0.2,0.0004092704424510632,0.025765099,3792,0.9617282152175903,-0.023714791983366013,-0.026345159363700077,-3.2368850708007812,-42.55114758014679,0.006555603838933166,0.299560546875,1258.0,-2.119973208333333
23,92,1963,122368,0.2,0.0004092704424510632,0.017189309,3808,0.9622751474380493,-0.04080840200185776,-0.02766449996852316,-0.0029886960983276367,-42.6239048242569,0.004269581026164815,0.2513427734375,1258.0,-2.119248670103093
24,93,1963,122880,0.2,0.0004092704424510632,0.006798912,3824,0.9619888663291931,0.4069013297557831,-0.004506129087531008,0.2558401823043823,-42.612135887145996,1.1481818715110421,0.017822265625,1258.0,-2.119248670103093
24,94,1963,123392,0.2,0.0004092704424510632,0.023190014,3840,0.9647204875946045,-0.028509316965937614,-0.025835083069978282,-3.9300942420959473,-42.63923537731171,0.006329727038973942,0.2894287109375,1258.0,-2.1190506530612243
24,95,1963,123904,0.2,0.0004092704424510632,0.004170745,3856,0.9658014178276062,0.12708644568920135,-0.001110334400436841,0.2849956750869751,-42.71815586090088,1.3953789612278342,0.011962890625,1258.0,-2.1190506530612243
25,96,1962,124416,0.2,0.0004092704424510632,0.018548107,3872,0.964896023273468,-0.039859041571617126,-0.028872953305835836,-6.197896957397461,-42.71486186981201,0.006129772369604325,0.2581787109375,1258.0,-2.1190506530612243
25,97,1962,124928,0.2,0.0004092704424510632,0.023101646,3888,0.9656906127929688,-0.028765354305505753,-0.026826004090253264,0.21150648593902588,-42.70407819747925,0.006511264538858086,0.3023681640625,1258.0,-2.1190022323232323
25,98,1962,125440,0.2,0.0004092704424510632,0.007359613,3904,0.9660528898239136,0.12962351739406586,-0.0043054440975538455,0.5876315832138062,-42.730170011520386,0.8560835225507617,0.02392578125,1258.0,-2.1190022323232323
25,99,1962,125952,0.2,0.0004092704424510632,0.01681389,3920,0.9656060934066772,-0.030207056552171707,-0.02926169559941627,-2.657987356185913,-42.725343108177185,0.010445798630826175,0.288330078125,1258.0,-2.11838339
26,100,1962,126464,0.2,0.0004092704424510632,0.0068435296,3936,0.9655097723007202,0.12786777317523956,-0.00553416418551933,0.5020306706428528,-42.710774421691895,0.9464289210736752,0.0345458984375,1258.0,-2.11838339
26,101,1961,126976,0.2,0.0004092704424510632,0.017137595,3952,0.9660031795501709,-0.03566489741206169,-0.026352343018515967,-2.511141538619995,-42.72085785865784,0.003173037875967566,0.260009765625,1258.0,-2.11838339
26,102,1961,127488,0.2,0.0004092704424510632,0.016692817,3968,0.9637410640716553,-0.0350940003991127,-0.025031072727870196,0.4910183548927307,-42.708094239234924,0.010282253322657198,0.2469482421875,1258.0,-2.1182075
26,103,1961,128000,0.2,0.0004092704424510632,0.008931894,3984,0.9627594351768494,0.22922790050506592,-0.010360948159359396,0.6616877317428589,-42.647395610809326,0.6573166069574654,0.0511474609375,1258.0,-2.1182075
27,104,1961,128512,0.2,0.0004092704424510632,0.019979898,4000,0.9635819792747498,0.01555958017706871,-0.020751332005602308,-0.5884180068969727,-42.646896958351135,0.12468648934736848,0.219482421875,1258.0,-2.1190369000000002
27,105,1961,129024,0.2,0.0004092704424510632,0.0042000064,4016,0.9638316035270691,0.33410564064979553,-0.006166057872178499,0.845255434513092,-42.668036222457886,0.9235526993870735,0.0059814453125,1258.0,-2.1190369000000002
27,106,1961,129536,0.2,0.0004092704424510632,0.019242914,4032,0.9641906023025513,-0.03343621641397476,-0.0229311811599473,-5.404992580413818,-42.67309248447418,0.018882636300986633,0.220703125,1258.0,-2.1190369000000002
27,107,1960,130048,0.2,0.0004092704424510632,0.015650053,4048,0.9610134363174438,-0.02873963490128517,-0.026081647200044245,0.4071420431137085,-42.63687753677368,0.00862343775224872,0.2496337890625,1258.0,-2.11707256
28,108,1961,130560,0.2,0.0004092704424510632,0.017108027,4064,0.9599162340164185,0.009718231856822968,-0.013091057044221088,0.2554208040237427,-42.545414328575134,0.5043365031015128,0.096923828125,1258.0,-2.11707256
28,109,1961,131072,0.2,0.0004092704424510632,0.023106214,4080,0.9607573747634888,-0.041758663952350616,-0.02853431696712505,-2.811069965362549,-42.54280078411102,0.007250043556268793,0.289794921875,1258.0,-2.11719278
28,110,1961,131584,0.2,0.0004092704424510632,0.005444678,4096,0.9610799551010132,0.09433197975158691,-0.006479425966972485,0.32103967666625977,-42.56631517410278,1.3310276176780462,0.0074462890625,1258.0,-2.11719278
28,111,1961,132096,0.2,0.0004092704424510632,0.016804744,4112,0.9607925415039062,-0.02854369580745697,-0.023962615290656686,-0.978598952293396,-42.568759083747864,0.006878928863443434,0.220703125,1258.0,-2.11755628
29,112,1961,132608,0.2,0.0004092704424510632,0.009003686,4128,0.9606317281723022,0.09596876800060272,-0.008686868663062342,0.4759271740913391,-42.56322455406189,0.8435115949250758,0.042236328125,1258.0,-2.11755628
29,113,1961,133120,0.2,0.0004092704424510632,0.016952028,4144,0.9608173370361328,-0.0417463593184948,-0.022549007961060852,-3.713982582092285,-42.560060262680054,0.00234289367654128,0.2242431640625,1258.0,-2.11755628
29,114,1962,133632,0.2,0.0004092704424510632,0.021189954,4160,0.9627089500427246,-0.04868686571717262,-0.032988688864861615,0.11762917041778564,-42.59009063243866,0.00258812108222628,0.2862548828125,1258.0,-2.1188136
30,115,1961,134144,0.2,0.0004092704424510632,0.010910835,4176,0.9629546403884888,0.129163920879364,-0.010621135093970224,0.46614736318588257,-42.624478220939636,0.9314901465550065,0.0677490234375,1258.0,-2.1188136
30,116,1961,134656,0.2,0.0004092704424510632,0.017919544,4192,0.962142825126648,-0.03456731140613556,-0.02562686026794836,-0.9996784925460815,-42.614835143089294,0.004920282241073437,0.249267578125,1258.0,-2.11786654
30,117,1961,135168,0.2,0.0004092704424510632,0.011549363,4208,0.9617965221405029,0.10361213982105255,-0.008831700521113817,0.4940665364265442,-42.59605956077576,0.7798897535540164,0.05078125,1258.0,-2.11786654
30,118,1961,135680,0.2,0.0004092704424510632,0.024693806,4224,0.962270200252533,-0.03639011085033417,-0.02905752998776734,-6.293938636779785,-42.59718632698059,0.002932144001533743,0.2996826171875,1258.0,-2.11786654
31,119,1961,136192,0.2,0.0004092704424510632,0.018884625,4240,0.9610535502433777,-0.036919787526130676,-0.026876229152549058,0.02932053804397583,-42.58706736564636,0.003529986264766194,0.264404296875,1258.0,-2.1166702299999995
31,120,1961,136704,0.2,0.0004092704424510632,0.0070029427,4256,0.9606228470802307,0.2284979522228241,-0.008107805013423786,0.42127370834350586,-42.54938864707947,1.3195507624186575,0.0250244140625,1258.0,-2.1166702299999995
31,121,1962,137216,0.2,0.0004092704424510632,0.02329491,4272,0.9567832946777344,-0.025630610063672066,-0.02415073401061818,-1.914557695388794,-42.49292778968811,0.009709848614875227,0.2603759765625,1258.0,-2.11169181
31,122,1962,137728,0.2,0.0004092704424510632,0.0055640535,4288,0.9554058313369751,0.19670355319976807,-0.008083216758677736,0.6669381260871887,-42.38540267944336,1.1808083849027753,0.02294921875,1258.0,-2.11169181
32,123,1962,138240,0.2,0.0004092704424510632,0.019291017,4304,0.9543086290359497,-0.028811654075980186,-0.022069535334594548,-4.785697937011719,-42.35805320739746,0.004418422311573522,0.2537841796875,1258.0,-2.11169181
32,124,1961,138752,0.2,0.0004092704424510632,0.021710636,4320,0.9537841081619263,-0.01919565163552761,-0.02640746567340102,0.18263006210327148,-42.327961802482605,0.004524062591372058,0.28076171875,1258.0,-2.11086138
32,125,1961,139264,0.2,0.0004092704424510632,0.007475231,4336,0.953612744808197,0.14134632050991058,-0.006887749666930176,0.5076732635498047,-42.32072365283966,0.8638376360759139,0.0245361328125,1258.0,-2.11086138
32,126,1961,139776,0.2,0.0004092704424510632,0.0227446,4352,0.9533201456069946,-0.04196299985051155,-0.030179681023582816,-0.6096681356430054,-42.30829155445099,0.004667623114073649,0.2987060546875,1258.0,-2.1102315899999997
33,127,1961,140288,0.2,0.0004092704424510632,0.006614021,4368,0.9535380601882935,0.18384677171707153,-0.006079754908569157,0.5173724889755249,-42.3063063621521,0.9656949006021023,0.04345703125,1258.0,-2.1102315899999997
33,128,1962,140800,0.2,0.0004092704424510632,0.02204717,4384,0.9545199275016785,-0.042648449540138245,-0.02689676111913286,-0.9871934652328491,-42.326298117637634,0.0026984064643329475,0.280029296875,1258.0,-2.1102315899999997
33,129,1961,141312,0.2,0.0004092704424510632,0.01600162,4400,0.9529628157615662,-0.039245836436748505,-0.025216757116140798,0.41942399740219116,-42.32681620121002,0.008085004155873321,0.2288818359375,1258.0,-2.11294835
33,130,1961,141824,0.2,0.0004092704424510632,0.007499014,4416,0.9522678256034851,0.10391712933778763,-0.008563446550397202,0.6107677817344666,-42.27801442146301,0.7241876381449401,0.0308837890625,1258.0,-2.11294835
34,131,1961,142336,0.2,0.0004092704424510632,0.018380845,4432,0.9502944946289062,-0.03574223071336746,-0.026222855085507035,-0.4355086088180542,-42.242717266082764,0.010034150196588598,0.25732421875,1258.0,-2.11302098
34,132,1961,142848,0.2,0.0004092704424510632,0.008087309,4448,0.9497665166854858,0.28241321444511414,-0.012789989254088141,0.7248502969741821,-42.187193632125854,2.1675259843468666,0.041259765625,1258.0,-2.11302098
34,133,1961,143360,0.2,0.0004092704424510632,0.01922715,4464,0.9510883688926697,-0.025104111060500145,-0.019165462465025485,-1.858353614807129,-42.20242142677307,0.010547261466854252,0.2386474609375,1258.0,-2.11302098
34,134,1960,143872,0.2,0.0004092704424510632,0.014426709,4480,0.9506571292877197,-0.03253202512860298,-0.019735924870474264,0.28821074962615967,-42.22129261493683,0.008796121139312163,0.2105712890625,1258.0,-2.1116926899999995
35,135,1961,144384,0.2,0.0004092704424510632,0.009345619,4496,0.950130820274353,0.026370342820882797,-0.004979982564691454,0.4429672360420227,-42.19049286842346,0.6312056463211775,0.028076171875,1258.0,-2.1116926899999995
35,136,1960,144896,0.2,0.0004092704424510632,0.016415743,4512,0.9494210481643677,-0.02847505547106266,-0.024841570033458993,-2.6635515689849854,-42.17490613460541,0.012786789899109863,0.250732421875,1258.0,-2.1118595
35,137,1961,145408,0.2,0.0004092704424510632,0.0034301244,4528,0.948988139629364,0.2952909469604492,-0.0015404846708406694,0.669675350189209,-42.14777135848999,1.7751489328220487,0.0078125,1258.0,-2.1118595
36,138,1961,145920,0.2,0.0004092704424510632,0.017430265,4544,0.9463849067687988,-0.024785924702882767,-0.02181752334581688,-7.606555938720703,-42.11054193973541,0.0034745210978144314,0.2540283203125,1258.0,-2.1118595
36,139,1961,146432,0.2,0.0004092704424510632,0.020919424,4560,0.9445734620094299,-0.006499819457530975,-0.02959735227341298,0.5391854047775269,-42.03756630420685,0.07704336394090205,0.24853515625,1258.0,-2.11140573
36,140,1961,146944,0.2,0.0004092704424510632,0.031176887,4576,0.9436242580413818,-0.006548503413796425,-0.013828428083797917,0.38809382915496826,-41.98333382606506,0.1706602833000943,0.190185546875,1258.0,-2.11140573
36,141,1961,147456,0.2,0.0004092704424510632,0.022514114,4592,0.9433695673942566,-0.04524737223982811,-0.030020104197319597,-1.389904499053955,-41.962636828422546,0.012063057831255719,0.262451171875,1258.0,-2.110508
37,142,1961,147968,0.2,0.0004092704424510632,0.0027184344,4608,0.9434335827827454,0.60528564453125,-0.003149378186208196,0.6956640481948853,-41.95855104923248,1.7267643120139837,0.0003662109375,1258.0,-2.110508
37,143,1961,148480,0.2,0.0004092704424510632,0.018013623,4624,0.9437597990036011,-0.02890555001795292,-0.024316522489243653,-5.055488109588623,-41.96180546283722,0.053822453308384866,0.21337890625,1258.0,-2.1101786700000003
37,144,1961,148992,0.2,0.0004092704424510632,0.008129359,4640,0.9438309669494629,0.19892723858356476,-0.006262467286433093,0.30046266317367554,-41.97010099887848,1.368511261884123,0.021728515625,1258.0,-2.1101786700000003
37,145,1961,149504,0.2,0.0004092704424510632,0.01734673,4656,0.9428220987319946,-0.04312940686941147,-0.03011143655749038,-1.4634554386138916,-41.95154309272766,0.0018842743411369156,0.265625,1258.0,-2.1101786700000003
38,146,1961,150016,0.2,0.0004092704424510632,0.01728861,4672,0.9441540837287903,-0.02474197745323181,-0.021562115245615132,-0.17527616024017334,-41.95033085346222,0.006601600238354877,0.2451171875,1258.0,-2.1095875
38,147,1961,150528,0.2,0.0004092704424510632,0.005543151,4688,0.9446998834609985,0.21425192058086395,-0.004373120915261097,0.3704295754432678,-42.000712633132935,1.390388754196465,0.007568359375,1258.0,-2.1095875
0,1,4031,151040,0.2,0.0004092704424510632,0.02426698,4704,0.9465998411178589,-0.03466571122407913,-0.02885363664245233,0.05970984697341919,-42.025301814079285,0.006846322678029537,0.285400390625,1258.0,-2.1076280400000003
0,2,2666,151552,0.2,0.0004092704424510632,0.008143863,4720,0.9473349452018738,0.148963063955307,-0.008718503682757728,0.5426205992698669,-42.07469463348389,0.9571902677416801,0.049560546875,1258.0,-2.1076280400000003
0,3,2397,152064,0.2,0.0004092704424510632,0.015804142,4736,0.9443572759628296,-0.041730623692274094,-0.025782760352740297,-1.1971337795257568,-42.04021859169006,0.003886157712258864,0.2545166015625,1258.0,-2.1076280400000003
0,4,2273,152576,0.2,0.0004092704424510632,0.015849361,4752,0.9420598149299622,-0.03034409135580063,-0.023150242894189432,0.198947012424469,-41.94689404964447,0.0048766761319711804,0.237548828125,1258.0,-2.10572152
1,5,2185,153088,0.2,0.0004092704424510632,0.009017059,4768,0.9414921998977661,0.12309481203556061,-0.008374307959456928,0.5995537638664246,-41.89869928359985,0.9281519260257483,0.080810546875,1258.0,-2.10572152
1,6,2145,153600,0.2,0.0004092704424510632,0.024667958,4784,0.9392496347427368,-0.04437289014458656,-0.03527428989764303,-2.7039825916290283,-41.867969036102295,0.0037985161325195804,0.3387451171875,1258.0,-2.1035512599999997
1,7,2124,154112,0.2,0.0004092704424510632,0.009288153,4800,0.9384313225746155,0.161871075630188,-0.006808362086303532,0.43375492095947266,-41.80254244804382,1.4206912871450186,0.052490234375,1258.0,-2.1035512599999997
1,8,2106,154624,0.2,0.0004092704424510632,0.022560477,4816,0.9372223615646362,-0.03443988040089607,-0.023701813130173832,-3.187985420227051,-41.779661893844604,0.002285737517013331,0.2802734375,1258.0,-2.1035512599999997
2,9,2093,155136,0.2,0.0004092704424510632,0.0260458,4832,0.9375211000442505,-0.047112226486206055,-0.03273909160634503,0.328929603099823,-41.750470876693726,0.003702841240738053,0.296630859375,1258.0,-2.1029246199999996
2,10,2077,155648,0.2,0.0004092704424510632,0.007254885,4848,0.9378393888473511,0.1279001235961914,-0.005182178989343811,0.49038493633270264,-41.774160742759705,1.0897750509902835,0.0238037109375,1258.0,-2.1029246199999996
2,11,2064,156160,0.2,0.0004092704424510632,0.024689926,4864,0.9384316802024841,-0.03389820456504822,-0.03004702302860096,-0.3732788562774658,-41.78381669521332,0.01533697303966619,0.3492431640625,1258.0,-2.10254079
2,12,2049,156672,0.2,0.0004092704424510632,0.0058964593,4880,0.9385319948196411,0.2750016748905182,-0.005690631987818051,0.8025988936424255,-41.792372822761536,1.0902349147945642,0.022216796875,1258.0,-2.10254079
3,13,2045,157184,0.2,0.0004092704424510632,0.020839058,4896,0.9400714039802551,-0.02298973686993122,-0.018568099243566394,-12.672693252563477,-41.81086456775665,0.007367648428044049,0.2252197265625,1258.0,-2.10254079
3,14,2039,157696,0.2,0.0004092704424510632,0.019277094,4912,0.9408754706382751,-0.0429556667804718,-0.02953744717524387,0.2633468508720398,-41.85845673084259,0.004190355226455722,0.297119140625,1258.0,-2.10138558
3,15,2030,158208,0.2,0.0004092704424510632,0.008084456,4928,0.9411213994026184,0.08707639575004578,-0.004428284759342205,0.3224831819534302,-41.87670719623566,0.9113738196901977,0.037109375,1258.0,-2.10138558
4,16,2029,158720,0.2,0.0004092704424510632,0.018221054,4944,0.9414351582527161,-0.03874138742685318,-0.02681357531400863,-1.4623055458068848,-41.880996346473694,0.006045600675861351,0.257568359375,1258.0,-2.10332509
4,17,2022,159232,0.2,0.0004092704424510632,0.004784841,4960,0.9416053295135498,0.3137813210487366,-0.0051026307555730455,0.3949791193008423,-41.88911044597626,1.4864341909997165,0.0133056640625,1258.0,-2.10332509
4,18,2018,159744,0.2,0.0004092704424510632,0.017394105,4976,0.941663384437561,-0.03745495155453682,-0.025090068389545195,-10.62080192565918,-41.89530062675476,0.004088151439646026,0.2457275390625,1258.0,-2.10332509
4,19,2013,160256,0.2,0.0004092704424510632,0.015236946,4992,0.9416247606277466,0.09881699085235596,-0.01544496176938992,0.5407395362854004,-41.89986765384674,0.2506707417778671,0.1396484375,1258.0,-2.1031879399999998
5,20,2008,160768,0.2,0.0004092704424510632,0.035902247,5008,0.9409008026123047,-0.028196781873703003,-0.02195085094717797,0.8833072781562805,-41.89080262184143,0.133956907549873,0.2161865234375,1258.0,-2.1031879399999998
5,21,2006,161280,0.2,0.0004092704424510632,0.015973734,5024,0.9423046112060547,-0.02930055558681488,-0.02327254660485778,-1.8132588863372803,-41.88625466823578,0.0186765615362674,0.2491455078125,1258.0,-2.1002979699999997
5,22,2002,161792,0.2,0.0004092704424510632,0.007943679,5040,0.9429184794425964,0.27155810594558716,-0.009438780980417505,0.6687016487121582,-41.92782998085022,1.318412208929658,0.04296875,1258.0,-2.1002979699999997
5,23,2002,162304,0.2,0.0004092704424510632,0.021330787,5056,0.941971480846405,-0.03616199269890785,-0.02713180033606477,-4.841599941253662,-41.92448318004608,0.008888473588740453,0.263916015625,1258.0,-2.0967095500000004
6,24,2002,162816,0.2,0.0004092704424510632,0.012118854,5072,0.941494345664978,0.12865249812602997,-0.008726377069251612,0.03573864698410034,-41.88914656639099,3.5424107667058706,0.124755859375,1258.0,-2.0967095500000004
6,25,1999,163328,0.2,0.0004092704424510632,0.01665911,5088,0.9432506561279297,-0.036978501826524734,-0.0266748599242419,-0.7860181331634521,-41.906768918037415,0.007160656577980262,0.244140625,1258.0,-2.0967095500000004
6,26,1999,163840,0.2,0.0004092704424510632,0.014460733,5104,0.9442988038063049,-0.036407358944416046,-0.02190719443024136,0.012908518314361572,-41.959100008010864,0.0028506428534456063,0.20751953125,1258.0,-2.09578893
6,27,1996,164352,0.2,0.0004092704424510632,0.0068451194,5120,0.9444822072982788,0.5005103349685669,0.0005736702114518266,0.06080895662307739,-41.96950805187225,2.3787916405126452,0.0919189453125,1258.0,-2.09578893
7,28,1993,164864,0.2,0.0004092704424510632,0.018279267,5136,0.9460166692733765,-0.03377886116504669,-0.031019404501421377,0.08645743131637573,-41.98989152908325,0.0028331027842796175,0.2701416015625,1258.0,-2.09511305
7,29,1993,165376,0.2,0.0004092704424510632,0.0069322125,5152,0.9466005563735962,0.22168472409248352,-0.007938941766042262,0.5773652791976929,-42.03608965873718,1.0958476420491934,0.0185546875,1258.0,-2.09511305
7,30,1993,165888,0.2,0.0004092704424510632,0.026478205,5168,0.9459622502326965,-0.03206169977784157,-0.02950194271397777,-2.2377467155456543,-42.0358202457428,0.0019604990629886743,0.32958984375,1258.0,-2.09511305
7,31,1993,166400,0.2,0.0004092704424510632,0.014987294,5184,0.9454765915870667,-0.016437266021966934,-0.01856974177644588,0.06828266382217407,-42.01186466217041,0.0038021454674890265,0.2047119140625,1258.0,-2.0951066999999997
8,32,1990,166912,0.2,0.0004092704424510632,0.0058128247,5200,0.9454262256622314,0.12613175809383392,-0.005580858152825385,0.4977245330810547,-42.00221514701843,1.374532121233642,0.0067138671875,1258.0,-2.0951066999999997
8,33,1990,167424,0.2,0.0004092704424510632,0.01844686,5216,0.9435988068580627,-0.038432568311691284,-0.02646055723016616,-2.3106367588043213,-41.983959436416626,0.004606267131748609,0.2894287109375,1258.0,-2.0961575000000003
8,34,1989,167936,0.2,0.0004092704424510632,0.009020695,5232,0.942547082901001,0.1777210682630539,-0.00802657924941741,0.563226580619812,-41.93172991275787,1.03991543315351,0.034423828125,1258.0,-2.0961575000000003
9,35,1988,168448,0.2,0.0004092704424510632,0.025699787,5248,0.9418337941169739,-0.04441504925489426,-0.029464436098351143,-10.03058910369873,-41.90584063529968,0.0040222018396889325,0.29541015625,1258.0,-2.0961575000000003
9,36,1986,168960,0.2,0.0004092704424510632,0.016817246,5264,0.9440446496009827,-0.029288753867149353,-0.020755527744768187,0.18682974576950073,-41.92543172836304,0.0050463641455280595,0.234375,1258.0,-2.09558501
9,37,1984,169472,0.2,0.0004092704424510632,0.00798378,5280,0.945027768611908,0.16769585013389587,-0.009776297549251467,0.5205807685852051,-41.984588265419006,1.2365266550332308,0.0382080078125,1258.0,-2.09558501
9,38,1984,169984,0.2,0.0004092704424510632,0.026101377,5296,0.9458724856376648,-0.03787628933787346,-0.03007712307589827,-0.5109872817993164,-42.0086350440979,0.0098214891331736,0.3021240234375,1258.0,-2.0924598500000005
10,39,1983,170496,0.2,0.0004092704424510632,0.011007009,5312,0.9460317492485046,0.18310599029064178,-0.013739504815021064,0.4926221966743469,-42.02817213535309,1.1024580299854279,0.1256103515625,1258.0,-2.0924598500000005
10,40,1981,171008,0.2,0.0004092704424510632,0.015424309,5328,0.9480531215667725,-0.03571026027202606,-0.02549178639310412,-0.9536283016204834,-42.051870822906494,0.002648785011842847,0.211181640625,1258.0,-2.0924598500000005
10,41,1980,171520,0.2,0.0004092704424510632,0.016369855,5344,0.9475659728050232,-0.03713267669081688,-0.03041539218975231,0.5382503271102905,-42.08761787414551,0.019914021308068186,0.2799072265625,1258.0,-2.09204692
10,42,1978,172032,0.2,0.0004092704424510632,0.008918788,5360,0.9473466277122498,0.18961161375045776,-0.0075446766131790355,0.7202849984169006,-42.059083700180054,0.6481131133623421,0.024658203125,1258.0,-2.09204692
11,43,1978,172544,0.2,0.0004092704424510632,0.015355313,5376,0.9435277581214905,-0.04554907605051994,-0.025398474026587792,-0.6019148826599121,-42.00281512737274,0.008897697887732647,0.2337646484375,1258.0,-2.0935253200000004
11,44,1979,173056,0.2,0.0004092704424510632,0.0103197545,5392,0.9422137141227722,0.28189221024513245,-0.011592391558224335,0.6830157041549683,-41.89626395702362,1.2800757931545377,0.0455322265625,1258.0,-2.0935253200000004
11,45,1979,173568,0.2,0.0004092704424510632,0.018624429,5408,0.9424119591712952,-0.04195450618863106,-0.029166864755097777,-4.130025386810303,-41.88467073440552,0.004184914076176938,0.271728515625,1258.0,-2.0935253200000004
11,46,1977,174080,0.2,0.0004092704424510632,0.016610056,5424,0.9432268738746643,0.02986254170536995,-0.016441183106508106,0.5272805690765381,-41.89540362358093,0.128825991647318,0.205810546875,1258.0,-2.09233341
12,47,1978,174592,0.2,0.0004092704424510632,0.02452598,5440,0.9431479573249817,-0.011321010068058968,-0.021092044189572334,0.8115301132202148,-41.91514074802399,0.19492842245381325,0.25244140625,1258.0,-2.09233341
12,48,1976,175104,0.2,0.0004092704424510632,0.019545386,5456,0.9414926767349243,-0.020884055644273758,-0.025697756303998176,-0.48330914974212646,-41.88063824176788,0.041201003827154636,0.2589111328125,1258.0,-2.08865781
12,49,1975,175616,0.2,0.0004092704424510632,0.009124636,5472,0.9412236213684082,0.3919869363307953,-0.004755998568725772,0.7996203899383545,-41.84269678592682,1.06691291090101,0.021728515625,1258.0,-2.08865781
12,50,1975,176128,0.2,0.0004092704424510632,0.019787163,5488,0.9399667382240295,-0.024079835042357445,-0.022427208692533895,0.02724623680114746,-41.82902657985687,0.03706731868442148,0.2755126953125,1258.0,-2.08612312
13,51,1972,176640,0.2,0.0004092704424510632,0.007616392,5504,0.9395735263824463,0.45838701725006104,-0.007453703656210564,0.842960774898529,-41.797696232795715,1.7978015299886465,0.0377197265625,1258.0,-2.08612312
13,52,1971,177152,0.2,0.0004092704424510632,0.015054308,5520,0.9402154684066772,-0.04094265028834343,-0.022522856219438836,-10.210091590881348,-41.80061411857605,0.014699022329295985,0.214599609375,1258.0,-2.08612312
13,53,1970,177664,0.2,0.0004092704424510632,0.020793878,5536,0.9398188591003418,-0.045126572251319885,-0.03203474765177816,0.10045194625854492,-41.80679476261139,0.0022650234495813493,0.287841796875,1258.0,-2.08371174
14,54,1970,178176,0.2,0.0004092704424510632,0.0034553348,5552,0.9394971132278442,0.11812184751033783,-0.004978668355761329,0.3069557547569275,-41.78888416290283,1.6291802618652582,0.0028076171875,1258.0,-2.08371174
14,55,1969,178688,0.2,0.0004092704424510632,0.016088229,5568,0.9402533769607544,-0.021626297384500504,-0.02369627304142341,-0.08002614974975586,-41.79568946361542,0.00833617574244272,0.253662109375,1258.0,-2.08042374
14,56,1968,179200,0.2,0.0004092704424510632,0.0063477033,5584,0.9405350685119629,0.13968929648399353,-0.008117933146422729,0.552431583404541,-41.819620966911316,1.1370339980348945,0.0224609375,1258.0,-2.08042374
14,57,1967,179712,0.2,0.0004092704424510632,0.025037754,5600,0.9402356147766113,-0.03722643107175827,-0.02725403127260506,-2.846550464630127,-41.82345426082611,0.0017439161474612774,0.2762451171875,1258.0,-2.08042374
15,58,1968,180224,0.2,0.0004092704424510632,0.03320961,5616,0.9394217729568481,-0.04546662047505379,-0.0324131598463282,0.038036346435546875,-41.80634379386902,0.0037263102785800584,0.355224609375,1258.0,-2.08090521
15,59,1967,180736,0.2,0.0004092704424510632,0.0061514443,5632,0.9392145276069641,0.10193347185850143,-0.00641775997064542,0.1910797357559204,-41.78864288330078,2.2906741043552756,0.02001953125,1258.0,-2.08090521
15,60,1967,181248,0.2,0.0004092704424510632,0.017606517,5648,0.9395567178726196,-0.02699642814695835,-0.025723461469169706,0.1334325075149536,-41.787790060043335,0.007719050990999676,0.251708984375,1258.0,-2.0816905799999996
15,61,1967,181760,0.2,0.0004092704424510632,0.008083636,5664,0.9395503401756287,0.21040570735931396,-0.007348066937993281,0.6814113855361938,-41.78824603557587,1.3847982501611114,0.0330810546875,1258.0,-2.0816905799999996
16,62,1968,182272,0.2,0.0004092704424510632,0.016009625,5680,0.9374395608901978,-0.02335272915661335,-0.025722401158418506,-3.1081337928771973,-41.75600349903107,0.003690649802592816,0.264404296875,1258.0,-2.0816905799999996
16,63,1968,182784,0.2,0.0004092704424510632,0.027574755,5696,0.9361708760261536,-0.03415951132774353,-0.0292570928868372,0.3228609561920166,-41.688257932662964,0.005461220782308374,0.3138427734375,1258.0,-2.08233745
16,64,1968,183296,0.2,0.0004092704424510632,0.010645034,5712,0.9359374642372131,0.13831663131713867,-0.003508822905132547,0.6485066413879395,-41.673179030418396,1.0113321882672608,0.043701171875,1258.0,-2.08233745
16,65,1967,183808,0.2,0.0004092704424510632,0.030129872,5728,0.9354650974273682,-0.03700810670852661,-0.031157393474131823,-1.4970805644989014,-41.66612112522125,0.008205584774259478,0.3431396484375,1258.0,-2.07885459
17,66,1967,184320,0.2,0.0004092704424510632,0.0064113177,5744,0.9352888464927673,0.23605991899967194,-0.0019031183037441224,0.3999825119972229,-41.650906562805176,1.6492009982466698,0.02978515625,1258.0,-2.07885459
17,67,1966,184832,0.2,0.0004092704424510632,0.021987256,5760,0.9373863339424133,-0.031522348523139954,-0.026600152923492715,-1.6433625221252441,-41.67858004570007,0.0030683356344525237,0.3001708984375,1258.0,-2.07885459
17,68,1967,185344,0.2,0.0004092704424510632,0.019545292,5776,0.9367651343345642,-0.04967525973916054,-0.03597415269177873,0.43586206436157227,-41.723400592803955,0.00733593269251287,0.3228759765625,1258.0,-2.0770068
17,69,1967,185856,0.2,0.0004092704424510632,0.012211302,5792,0.9365784525871277,0.11659935861825943,-0.012223083853314165,0.5864032506942749,-41.69411098957062,0.8099451032467186,0.09130859375,1258.0,-2.0770068
18,70,1966,186368,0.2,0.0004092704424510632,0.01569193,5808,0.9363484382629395,-0.023667747154831886,-0.01958262757398188,-0.14068067073822021,-41.698559403419495,0.010356103754020296,0.220458984375,1258.0,-2.07783285
18,71,1966,186880,0.2,0.0004092704424510632,0.0076605887,5824,0.9359665513038635,0.31043878197669983,-0.006331819706247188,0.7890733480453491,-41.684335231781006,1.0372896753251553,0.034912109375,1258.0,-2.07783285
18,72,1966,187392,0.2,0.0004092704424510632,0.022246558,5840,0.9357410073280334,-0.028260108083486557,-0.02834577823523432,-8.463322639465332,-41.67403781414032,0.0033647295385890175,0.2852783203125,1258.0,-2.07783285
18,73,1967,187904,0.2,0.0004092704424510632,0.017631847,5856,0.9338366389274597,-0.019424326717853546,-0.02469754721096251,0.5535688400268555,-41.64734768867493,0.030049630848225206,0.2301025390625,1258.0,-2.0736010499999997
19,74,1966,188416,0.2,0.0004092704424510632,0.023976032,5872,0.9330000877380371,0.051365651190280914,-0.012097451268346049,0.637123703956604,-41.602033257484436,0.39779163512866944,0.094970703125,1258.0,-2.0736010499999997
19,75,1966,188928,0.2,0.0004092704424510632,0.029132843,5888,0.931309163570404,-0.03737284988164902,-0.03325462611974217,-3.0844526290893555,-41.56663680076599,0.017767777462722734,0.300537109375,1258.0,-2.0727272
19,76,1966,189440,0.2,0.0004092704424510632,0.0114152115,5904,0.9308751225471497,0.11547501385211945,-0.009489071962889284,0.4976007342338562,-41.52856802940369,1.1784871579147875,0.1104736328125,1258.0,-2.0727272
20,77,1966,189952,0.2,0.0004092704424510632,0.023603844,5920,0.930984616279602,-0.050135087221860886,-0.03319889470003545,-2.4702532291412354,-41.527164340019226,0.0023105206455511507,0.2855224609375,1258.0,-2.0727272
20,78,1965,190464,0.2,0.0004092704424510632,0.022674063,5936,0.930757999420166,0.04138832539319992,-0.029491538560250774,0.5454610586166382,-41.52775502204895,0.2169900955632329,0.224365234375,1258.0,-2.07184718
20,79,1966,190976,0.2,0.0004092704424510632,0.019943807,5952,0.9299009442329407,-0.01175503060221672,-0.0101181532809278,0.49320435523986816,-41.51269614696503,0.19505616248352453,0.1966552734375,1258.0,-2.07184718
20,80,1966,191488,0.2,0.0004092704424510632,0.020742163,5968,0.9300372004508972,-0.03287384659051895,-0.03313337609870359,-0.1036062240600586,-41.49457538127899,0.03672170639038086,0.2919921875,1258.0,-2.07231795
21,81,1966,192000,0.2,0.0004092704424510632,0.0031108735,5984,0.9302856922149658,0.18941670656204224,0.0001659267654758878,0.7971996068954468,-41.50829601287842,1.4949400424957275,0.00439453125,1258.0,-2.07231795
21,82,1965,192512,0.2,0.0004092704424510632,0.02021135,6000,0.9305233359336853,-0.03351719677448273,-0.02734398006577976,-6.854042053222656,-41.51077842712402,0.010111074880114757,0.26220703125,1258.0,-2.07190568
21,83,1965,193024,0.2,0.0004092704424510632,0.005280239,6016,0.9306551218032837,0.17681193351745605,-0.004396781208924949,0.4048105478286743,-41.51700222492218,1.6400497714057565,0.0111083984375,1258.0,-2.07190568
21,84,1965,193536,0.2,0.0004092704424510632,0.01442361,6032,0.9318860173225403,-0.030301593244075775,-0.018251652450999245,-2.1696417331695557,-41.534189343452454,0.001973089947568951,0.203125,1258.0,-2.07190568
22,85,1966,194048,0.2,0.0004092704424510632,0.017066624,6048,0.9322705268859863,-0.02621695026755333,-0.026310232089599594,-0.27706050872802734,-41.55963850021362,0.005277715194097254,0.2467041015625,1258.0,-2.07040977
22,86,1965,194560,0.2,0.0004092704424510632,0.0042243353,6064,0.9322442412376404,0.5781768560409546,-0.002401187375653535,0.3987608551979065,-41.564356207847595,1.7120588985271752,0.005859375,1258.0,-2.07040977
22,87,1964,195072,0.2,0.0004092704424510632,0.03312441,6080,0.9322727918624878,-0.04205308109521866,-0.0326565645809751,-0.0754157304763794,-41.564984917640686,0.017499092704383656,0.325927734375,1258.0,-2.06622331
22,88,1963,195584,0.2,0.0004092704424510632,0.006425814,6096,0.9323473572731018,0.3545127213001251,-0.0027868538672919385,0.8262757658958435,-41.57102155685425,1.2916680946946144,0.033203125,1258.0,-2.06622331
23,89,1963,196096,0.2,0.0004092704424510632,0.02400148,6112,0.932982325553894,-0.03940621018409729,-0.02657584116968792,-2.4446260929107666,-41.575470328330994,0.006809455881011672,0.270751953125,1258.0,-2.06622331
23,90,1962,196608,0.2,0.0004092704424510632,0.026848268,6128,0.9320512413978577,-0.03149435669183731,-0.027883047121576965,0.1903073787689209,-41.5738240480423,0.0044136540236650035,0.2867431640625,1258.0,-2.06551814
23,91,1962,197120,0.2,0.0004092704424510632,0.0028589168,6144,0.9315135478973389,0.12469398975372314,-0.0035308681181049906,0.5382977724075317,-41.53455436229706,1.0917348763905466,0.0008544921875,1258.0,-2.06551814
24,92,1961,197632,0.2,0.0004092704424510632,0.02165144,6160,0.9315282702445984,-0.04038672521710396,-0.026953944776323624,-0.897935152053833,-41.52760589122772,0.005749603355070576,0.2728271484375,1258.0,-2.06400659
24,93,1961,198144,0.2,0.0004092704424510632,0.0045672576,6176,0.9314659833908081,0.43386515974998474,-0.00579795878729783,0.639627993106842,-41.518457651138306,1.533287750557065,0.0096435546875,1258.0,-2.06400659
24,94,1961,198656,0.2,0.0004092704424510632,0.022452254,6192,0.9301015734672546,-0.041641779243946075,-0.03131716750795022,-2.080244541168213,-41.50241255760193,0.008588032927946188,0.315673828125,1258.0,-2.06400659
24,95,1960,199168,0.2,0.0004092704424510632,0.0180566,6208,0.9275030493736267,-0.03373560309410095,-0.027642908185953274,0.2832809090614319,-41.43756806850433,0.006147963766125031,0.267578125,1258.0,-2.0626455499999996
25,96,1961,199680,0.2,0.0004092704424510632,0.0064196377,6224,0.9269742369651794,0.09271194040775299,-0.008620714550488628,0.5348087549209595,-41.37813055515289,0.9813600536435843,0.016845703125,1258.0,-2.0626455499999996
25,97,1960,200192,0.2,0.0004092704424510632,0.017344603,6240,0.9248958826065063,-0.0432254858314991,-0.02900733528076671,-0.20778191089630127,-41.34803318977356,0.007366512043518014,0.2689208984375,1258.0,-2.0631682099999997
25,98,1960,200704,0.2,0.0004092704424510632,0.0035888334,6256,0.9239851832389832,0.20642594993114471,-0.002249789104098454,0.7692451477050781,-41.28173077106476,1.1049700202420354,0.00830078125,1258.0,-2.0631682099999997
25,99,1960,201216,0.2,0.0004092704424510632,0.01806912,6272,0.9231715202331543,-0.03330668434500694,-0.020708855154225603,-11.937740325927734,-41.25980877876282,0.005227463283517864,0.2275390625,1258.0,-2.0631682099999997
26,100,1959,201728,0.2,0.0004092704424510632,0.017544623,6288,0.9223320484161377,-0.03358118236064911,-0.03279301692964509,0.5109454989433289,-41.227712512016296,0.008522103176801465,0.281982421875,1258.0,-2.05980684
26,101,1959,202240,0.2,0.0004092704424510632,0.00685568,6304,0.9220251441001892,0.27852827310562134,-0.008067382710578386,0.49571722745895386,-41.204296708106995,0.7866969967726618,0.0218505859375,1258.0,-2.05980684
26,102,1959,202752,0.2,0.0004092704424510632,0.019600768,6320,0.922061562538147,-0.026804810389876366,-0.02730330580379814,-2.526996374130249,-41.20260989665985,0.03449587366776541,0.24560546875,1258.0,-2.0595265599999997
26,103,1958,203264,0.2,0.0004092704424510632,0.009562873,6336,0.9219374656677246,0.5698408484458923,-0.008790280247922055,0.831131100654602,-41.20477104187012,1.0996767189353704,0.04345703125,1258.0,-2.0595265599999997
27,104,1958,203776,0.2,0.0004092704424510632,0.021574302,6352,0.922670304775238,-0.041972141712903976,-0.024923925317125395,-12.768539428710938,-41.2127366065979,0.010699882594053634,0.2554931640625,1258.0,-2.0595265599999997
27,105,1959,204288,0.2,0.0004092704424510632,0.020698434,6368,0.9224185347557068,0.05883923918008804,-0.021757811118732207,0.5135284066200256,-41.22952055931091,0.15970323607325554,0.2044677734375,1258.0,-2.0561625099999996
27,106,1958,204800,0.2,0.0004092704424510632,0.026864747,6384,0.921144962310791,-0.02750098519027233,-0.02030960051342845,0.8207589387893677,-41.197723388671875,0.07941592743736692,0.2388916015625,1258.0,-2.0561625099999996
27,107,1958,205312,0.2,0.0004092704424510632,0.036206037,6400,0.9210264682769775,-0.037786394357681274,-0.03074053066666238,-2.0937013626098633,-41.16704535484314,0.019005227921297774,0.3099365234375,1258.0,-2.0559696499999998
28,108,1957,205824,0.2,0.0004092704424510632,0.006620195,6416,0.9211769700050354,0.4352712333202362,-0.0084548156009987,0.7246876358985901,-41.17495679855347,0.9490802912041545,0.032958984375,1258.0,-2.0559696499999998
28,109,1956,206336,0.2,0.0004092704424510632,0.018431464,6432,0.9206522107124329,-0.031504325568675995,-0.022000061842845753,-0.085113525390625,-41.1702983379364,0.0037882269025431015,0.2440185546875,1258.0,-2.05353099
28,110,1957,206848,0.2,0.0004092704424510632,0.0096693,6448,0.9203507900238037,0.20029300451278687,-0.009441468675504439,0.7339678406715393,-41.15722405910492,1.194207027554512,0.0400390625,1258.0,-2.05353099
29,111,1957,207360,0.2,0.0004092704424510632,0.020170875,6464,0.9195637106895447,-0.04103358834981918,-0.022854034788906574,-3.357358932495117,-41.14325404167175,0.0016924128649407066,0.2359619140625,1258.0,-2.05353099
29,112,1956,207872,0.2,0.0004092704424510632,0.0180731,6480,0.9194780588150024,-0.03645354136824608,-0.026749007498438004,0.11439317464828491,-41.11262774467468,0.0019467095371510368,0.254638671875,1258.0,-2.04881452
29,113,1956,208384,0.2,0.0004092704424510632,0.011054673,6496,0.9196172952651978,0.6709992289543152,-0.007829416324966587,0.4481778144836426,-41.11797070503235,1.2564420718699694,0.0675048828125,1258.0,-2.04881452
29,114,1956,208896,0.2,0.0004092704424510632,0.021840315,6512,0.9198141694068909,-0.03850793093442917,-0.02499703825742472,-1.6271803379058838,-41.118314027786255,0.008113594230962917,0.2774658203125,1258.0,-2.04464034
30,115,1956,209408,0.2,0.0004092704424510632,0.012434583,6528,0.9199538230895996,0.19094155728816986,-0.008871110243489966,0.7206974625587463,-41.11983501911163,0.8441988667473197,0.06201171875,1258.0,-2.04464034
30,116,1956,209920,0.2,0.0004092704424510632,0.018778715,6544,0.9198952913284302,-0.03544739633798599,-0.02861876695533283,-7.7705793380737305,-41.12250339984894,0.0027863640752912033,0.2412109375,1258.0,-2.04464034
30,117,1956,210432,0.2,0.0004092704424510632,0.014413549,6560,0.918677568435669,-0.032548222690820694,-0.023588938085595146,0.016350924968719482,-41.11009180545807,0.005182118482480291,0.2076416015625,1258.0,-2.0457898599999997
30,118,1956,210944,0.2,0.0004092704424510632,0.0067628985,6576,0.9182648062705994,0.6627562046051025,-0.009925091755576432,0.46942174434661865,-41.07158064842224,1.2354164514690638,0.02294921875,1258.0,-2.0457898599999997
31,119,1956,211456,0.2,0.0004092704424510632,0.019732663,6592,0.9174705743789673,-0.03441920503973961,-0.02498188687604852,-4.054962635040283,-41.06090009212494,0.011839213693747297,0.254150390625,1258.0,-2.04152932
31,120,1955,211968,0.2,0.0004092704424510632,0.005952188,6608,0.917037844657898,0.4419082999229431,-0.006734797600074671,0.48688971996307373,-41.0395143032074,1.274580193683505,0.013916015625,1258.0,-2.04152932
31,121,1955,212480,0.2,0.0004092704424510632,0.022836996,6624,0.9156765341758728,-0.031900059431791306,-0.024281970458105206,-8.648222923278809,-41.01965034008026,0.0033578459260752425,0.2764892578125,1258.0,-2.04152932
31,122,1955,212992,0.2,0.0004092704424510632,0.016183458,6640,0.9144434928894043,-0.017318125814199448,-0.02043074875837192,0.42213892936706543,-40.97346341609955,0.005191316355194431,0.2059326171875,1258.0,-2.0399381200000004
32,123,1955,213504,0.2,0.0004092704424510632,0.0034296918,6656,0.9139903783798218,0.1989457905292511,-0.0020377985420054756,0.6048009395599365,-40.95060098171234,1.0002768030390143,0.0029296875,1258.0,-2.0399381200000004
32,124,1954,214016,0.2,0.0004092704424510632,0.016876478,6672,0.9120673537254333,-0.041983429342508316,-0.026333698246162385,-0.09148693084716797,-40.92540979385376,0.007927115322672762,0.259765625,1258.0,-2.03905015
32,125,1954,214528,0.2,0.0004092704424510632,0.009160977,6688,0.9113263487815857,0.17705196142196655,-0.008072489625192247,0.6964696049690247,-40.87699031829834,1.3502448173239827,0.0411376953125,1258.0,-2.03905015
33,126,1953,215040,0.2,0.0004092704424510632,0.019150995,6704,0.9114763140678406,-0.032771967351436615,-0.023685613326961175,-5.603176116943359,-40.87163817882538,0.002668356930371374,0.267822265625,1258.0,-2.03905015
33,127,1953,215552,0.2,0.0004092704424510632,0.012824154,6720,0.9126567244529724,-0.027455035597085953,-0.02874475219869055,0.5494142174720764,-40.893375515937805,0.00966557243373245,0.2491455078125,1258.0,-2.03840398
33,128,1952,216064,0.2,0.0004092704424510632,0.010244818,6736,0.91286700963974,0.031364165246486664,-0.012047465133946389,0.5815345644950867,-40.92387938499451,0.7068346939049661,0.092529296875,1258.0,-2.03840398
33,129,1952,216576,0.2,0.0004092704424510632,0.020469336,6752,0.912251889705658,-0.02395770326256752,-0.027890791243407875,0.25270408391952515,-40.91161131858826,0.02410088514443487,0.2783203125,1258.0,-2.03570224
34,130,1951,217088,0.2,0.0004092704424510632,0.0058447723,6768,0.911836564540863,0.24438618123531342,-0.004459315663552843,0.8190000057220459,-40.88225257396698,1.0210863957181573,0.0247802734375,1258.0,-2.03570224
34,131,1952,217600,0.2,0.0004092704424510632,0.018943634,6784,0.9111639261245728,-0.035059571266174316,-0.02438184738275595,-10.81712818145752,-40.865684509277344,0.00414607369384612,0.2674560546875,1258.0,-2.03570224
34,132,1951,218112,0.2,0.0004092704424510632,0.014383045,6800,0.9097249507904053,0.012009445577859879,-0.024017620089580305,0.6484119892120361,-40.839946150779724,0.06545160955283791,0.2193603515625,1258.0,-2.03361911
34,133,1951,218624,0.2,0.0004092704424510632,0.016851,6816,0.909429132938385,-0.01733436807990074,-0.015350854635471478,0.7700130939483643,-40.79855215549469,0.19644379225792363,0.09814453125,1258.0,-2.03361911
35,134,1951,219136,0.2,0.0004092704424510632,0.017422289,6832,0.9076688289642334,-0.02283157780766487,-0.02846325201971922,-0.31196463108062744,-40.774829745292664,0.024957827641628683,0.2559814453125,1258.0,-2.0301861
35,135,1951,219648,0.2,0.0004092704424510632,0.0030376208,6848,0.9070347547531128,0.17165833711624146,0.0006158112300909124,0.7352956533432007,-40.72032105922699,1.2322221072390676,0.0032958984375,1258.0,-2.0301861
35,136,1951,220160,0.2,0.0004092704424510632,0.023028227,6864,0.9084935188293457,-0.04025324806571007,-0.027771147986641154,-3.667360782623291,-40.73468482494354,0.007630166641320102,0.2801513671875,1258.0,-2.0264040199999998
35,137,1950,220672,0.2,0.0004092704424510632,0.006273195,6880,0.9090390801429749,0.1556018441915512,-0.00102507189149037,0.5275977849960327,-40.784221172332764,1.1931494791060686,0.034423828125,1258.0,-2.0264040199999998
36,138,1950,221184,0.2,0.0004092704424510632,0.013615214,6896,0.9117157459259033,-0.03385726734995842,-0.02426387979357969,-3.477935791015625,-40.82564055919647,0.0024438049367745407,0.2293701171875,1258.0,-2.0264040199999998
36,139,1950,221696,0.2,0.0004092704424510632,0.013439249,6912,0.910529375076294,-0.03742881864309311,-0.023182490229373798,0.1788395643234253,-40.88074314594269,0.003267317842983175,0.200927734375,1258.0,-2.02467708
36,140,1949,222208,0.2,0.0004092704424510632,0.005356776,6928,0.9099530577659607,0.1836092323064804,-0.007905574777396396,0.529009222984314,-40.84042024612427,1.1426103813573718,0.014404296875,1258.0,-2.02467708
37,141,1950,222720,0.2,0.0004092704424510632,0.028077893,6944,0.9097692966461182,-0.027238771319389343,-0.028996544730034657,0.14870816469192505,-40.83476960659027,0.00463386839692248,0.31787109375,1258.0,-2.0241956200000004
37,142,1949,223232,0.2,0.0004092704424510632,0.005222805,6960,0.9093565344810486,0.21447929739952087,-0.0021923361637163907,0.6637173891067505,-40.82099950313568,1.305484845302999,0.0157470703125,1258.0,-2.0241956200000004
37,143,1949,223744,0.2,0.0004092704424510632,0.014427007,6976,0.9086471199989319,-0.030719101428985596,-0.021936016011750326,-3.5659985542297363,-40.80281412601471,0.0018090671946993098,0.209228515625,1258.0,-2.0241956200000004
37,144,1949,224256,0.2,0.0004092704424510632,0.022535639,6992,0.9087615609169006,-0.02916594408452511,-0.02571294176595984,-0.06813263893127441,-40.782294154167175,0.004783086151292082,0.2698974609375,1258.0,-2.02511621
38,145,1949,224768,0.2,0.0004092704424510632,0.0050471034,7008,0.9089540243148804,0.1763659119606018,-0.004656160497688688,0.4310763478279114,-40.78458344936371,1.6980887912213802,0.0203857421875,1258.0,-2.02511621
38,146,1948,225280,0.2,0.0004092704424510632,0.020635977,7024,0.908791720867157,-0.03588956594467163,-0.023071575495123398,-1.0850887298583984,-40.78469932079315,0.0029060789602226578,0.291015625,1258.0,-2.02318465
38,147,1948,225792,0.2,0.0004092704424510632,0.0030587637,7040,0.9086104035377502,0.14384160935878754,-7.384512718999758e-05,0.598236083984375,-40.769124150276184,1.2610171865671873,0.0018310546875,1258.0,-2.02318465
0,1,4018,226304,0.2,0.0004092704424510632,0.018601665,7056,0.9111988544464111,-0.03231726214289665,-0.022728344978531823,-3.5266780853271484,-40.80816853046417,0.002488940210241708,0.2454833984375,1258.0,-2.02318465
0,2,2560,226816,0.2,0.0004092704424510632,0.020006279,7072,0.9112673401832581,-0.0380740649998188,-0.02456030825851485,0.3710137605667114,-40.88086140155792,0.006874933620565571,0.2900390625,1258.0,-2.0213226600000005
0,3,2330,227328,0.2,0.0004092704424510632,0.006086608,7088,0.9106685519218445,0.1313769370317459,-0.001680297646089457,0.6567636132240295,-40.85425269603729,1.165729041211307,0.03369140625,1258.0,-2.0213226600000005
0,4,2217,227840,0.2,0.0004092704424510632,0.0151804825,7104,0.9089465737342834,-0.02916487492620945,-0.023826643591746688,-1.6406898498535156,-40.81653940677643,0.007670134582440369,0.2191162109375,1258.0,-2.0206276800000005
1,5,2148,228352,0.2,0.0004092704424510632,0.0053455317,7120,0.9085248112678528,0.28611838817596436,-0.003536853226250969,0.6249332427978516,-40.766889572143555,1.2895082044415176,0.0103759765625,1258.0,-2.0206276800000005
1,6,2120,228864,0.2,0.0004092704424510632,0.018904936,7136,0.9075030088424683,-0.030057372525334358,-0.024418049448286183,-2.390434741973877,-40.74739468097687,0.0032092768815346062,0.2587890625,1258.0,-2.0206276800000005
1,7,2100,229376,0.2,0.0004092704424510632,0.01775309,7152,0.9080040454864502,-0.033909693360328674,-0.02922318318451289,0.5631377696990967,-40.729443311691284,0.00978110297000967,0.261474609375,1258.0,-2.02040214
1,8,2083,229888,0.2,0.0004092704424510632,0.0083507765,7168,0.9082977175712585,0.05908803641796112,-0.007792295793478843,0.6548163890838623,-40.761794567108154,0.8403451619669795,0.03076171875,1258.0,-2.02040214
2,9,2074,230400,0.2,0.0004092704424510632,0.017711082,7184,0.9067922830581665,-0.03297151252627373,-0.02545123198069632,-1.6471459865570068,-40.74277460575104,0.010083009285153821,0.2490234375,1258.0,-2.01699983
2,10,2055,230912,0.2,0.0004092704424510632,0.005511986,7200,0.9062038660049438,0.14304691553115845,-0.004001553563284688,0.6824449300765991,-40.69456207752228,2.016292999498546,0.0198974609375,1258.0,-2.01699983
2,11,2040,231424,0.2,0.0004092704424510632,0.01679955,7216,0.9052941203117371,-0.0312795527279377,-0.025913639925420284,-11.675651550292969,-40.674809217453,0.003906842042852077,0.236572265625,1258.0,-2.01699983
3,12,2033,231936,0.2,0.0004092704424510632,0.013905436,7232,0.9060609340667725,-0.014736284501850605,-0.019534117891453207,0.6073185205459595,-40.66391742229462,0.03469230222981423,0.169189453125,1258.0,-2.0186030699999997
3,13,2027,232448,0.2,0.0004092704424510632,0.021743428,7248,0.9062861800193787,-0.009869877249002457,-0.018089424949721433,0.7180647850036621,-40.67918944358826,0.3995238863863051,0.1085205078125,1258.0,-2.0186030699999997
3,14,2020,232960,0.2,0.0004092704424510632,0.015438131,7264,0.9055569171905518,-0.026058118790388107,-0.023390128691971768,-0.991723895072937,-40.66971802711487,0.021750299783889204,0.236328125,1258.0,-2.01591503
3,15,2013,233472,0.2,0.0004092704424510632,0.0038297554,7280,0.9050902724266052,0.5766991972923279,-0.003029795589100104,0.7900711297988892,-40.642035365104675,1.2342064995318651,0.0054931640625,1258.0,-2.01591503
4,16,2012,233984,0.2,0.0004092704424510632,0.014428285,7296,0.9047618508338928,-0.030826091766357422,-0.02254092029761523,-4.8437299728393555,-40.62377452850342,0.0025105062013608404,0.2271728515625,1258.0,-2.01591503
4,17,2013,234496,0.2,0.0004092704424510632,0.011154475,7312,0.9049001932144165,0.3653755187988281,-0.012033239239826798,0.6639752984046936,-40.62721312046051,1.0773172955960035,0.053466796875,1258.0,-2.01450329
4,18,2012,235008,0.2,0.0004092704424510632,0.020956203,7328,0.9044684171676636,-0.01968967542052269,-0.014000516312080435,0.9164694547653198,-40.62201476097107,0.05026809269475052,0.173095703125,1258.0,-2.01450329
4,19,2010,235520,0.2,0.0004092704424510632,0.024585668,7344,0.9057942032814026,-0.02714172564446926,-0.026703623734647408,-1.789741039276123,-40.6358677148819,0.018720050720730796,0.26318359375,1258.0,-2.01014035
5,20,2008,236032,0.2,0.0004092704424510632,0.005084717,7360,0.9064339399337769,0.5013042092323303,-0.00719598907744512,0.7638831734657288,-40.692383885383606,1.5245155431330204,0.0172119140625,1258.0,-2.01014035
5,21,2006,236544,0.2,0.0004092704424510632,0.016205698,7376,0.905623733997345,-0.033090293407440186,-0.024854229297488928,-0.9811291694641113,-40.68949997425079,0.0033827378756541293,0.2164306640625,1258.0,-2.00815591
5,22,2002,237056,0.2,0.0004092704424510632,0.0055635506,7392,0.9054137468338013,0.297513872385025,-0.002687429187062662,0.6874333620071411,-40.67170286178589,1.5351082822307944,0.0255126953125,1258.0,-2.00815591
5,23,2001,237568,0.2,0.0004092704424510632,0.01975026,7408,0.9028764367103577,-0.031455643475055695,-0.028760635119397193,-3.2030439376831055,-40.63506865501404,0.0030431436553044477,0.274658203125,1258.0,-2.00815591
6,24,1998,238080,0.2,0.0004092704424510632,0.016666364,7424,0.9025391340255737,-0.030414575710892677,-0.02086831229098607,-0.013406872749328613,-40.56898105144501,0.003430713648413075,0.2412109375,1258.0,-2.0081646199999996
6,25,1993,238592,0.2,0.0004092704424510632,0.0096847005,7440,0.902557373046875,0.4403214156627655,-0.002397255855612457,0.4321707487106323,-40.5618451833725,2.006228433456272,0.0579833984375,1258.0,-2.0081646199999996
6,26,1987,239104,0.2,0.0004092704424510632,0.019002607,7456,0.9022172689437866,-0.04061079025268555,-0.0309427417232655,-0.9914993047714233,-40.55708038806915,0.005879715929040685,0.3306884765625,1258.0,-2.00746082
6,27,1982,239616,0.2,0.0004092704424510632,0.009111787,7472,0.9021943211555481,0.2308235913515091,-0.007563301813206635,0.7390116453170776,-40.55000972747803,0.9972544414922595,0.03759765625,1258.0,-2.00746082
7,28,1978,240128,0.2,0.0004092704424510632,0.016856186,7488,0.9017677903175354,-0.032910801470279694,-0.027806149824755266,-0.5485494136810303,-40.54322326183319,0.006611289369175211,0.2890625,1258.0,-2.00746082
7,29,1974,240640,0.2,0.0004092704424510632,0.021950226,7504,0.8999843001365662,-0.033109042793512344,-0.03317232288827654,0.33990222215652466,-40.506770610809326,0.005457283914438449,0.340087890625,1258.0,-2.00488156
7,30,1971,241152,0.2,0.0004092704424510632,0.0062029376,7520,0.8992692828178406,0.2246481478214264,-0.0043797734106192365,0.662674069404602,-40.45207929611206,1.3053294527344406,0.0311279296875,1258.0,-2.00488156
8,31,1967,241664,0.2,0.0004092704424510632,0.01898581,7536,0.8993018269538879,-0.03457172214984894,-0.02585434724460356,-0.9025840759277344,-40.44515085220337,0.0032462480157846585,0.2628173828125,1258.0,-2.0031486099999998
8,32,1967,242176,0.2,0.0004092704424510632,0.0043191235,7552,0.8994078040122986,0.12289836257696152,-0.002816080486809369,0.5275859832763672,-40.454553842544556,1.2912548957392573,0.006591796875,1258.0,-2.0031486099999998
8,33,1963,242688,0.2,0.0004092704424510632,0.015196211,7568,0.8995989561080933,-0.030698426067829132,-0.02039535393123515,-1.3188018798828125,-40.455742835998535,0.0023326111095229862,0.1898193359375,1258.0,-2.0031486099999998
8,34,1959,243200,0.2,0.0004092704424510632,0.02042427,7584,0.8974300622940063,-0.030775414779782295,-0.026152823789743707,0.4445804953575134,-40.43293583393097,0.009088302060263231,0.2939453125,1258.0,-2.00188714
9,35,1959,243712,0.2,0.0004092704424510632,0.0048941625,7600,0.8968227505683899,0.17394991219043732,-0.0042779375944519415,0.6299488544464111,-40.3792690038681,1.057578686159104,0.015625,1258.0,-2.00188714
9,36,1957,244224,0.2,0.0004092704424510632,0.02646238,7616,0.8956605195999146,-0.033798929303884506,-0.029371142780291848,-0.2716001272201538,-40.36011981964111,0.005150678349309601,0.2864990234375,1258.0,-1.9997618499999996
9,37,1957,244736,0.2,0.0004092704424510632,0.004064565,7632,0.8951264023780823,0.19111861288547516,-0.002917674122727476,0.6735069751739502,-40.32129883766174,2.0876034293323755,0.010009765625,1258.0,-1.9997618499999996
9,38,1954,245248,0.2,0.0004092704424510632,0.017168805,7648,0.8964316248893738,-0.05233341455459595,-0.03418125324242283,-4.65704345703125,-40.330708622932434,0.003854564783978276,0.2685546875,1258.0,-1.9997618499999996
10,39,1953,245760,0.2,0.0004092704424510632,0.012961386,7664,0.8955896496772766,-0.029292795807123184,-0.022925231693079695,0.6571826934814453,-40.35613226890564,0.015423747798195109,0.2301025390625,1258.0,-1.9983480299999996
10,40,1950,246272,0.2,0.0004092704424510632,0.007311832,7680,0.8950236439704895,0.06266659498214722,-0.009202441666275263,0.6406813859939575,-40.31869101524353,0.6458877578843385,0.02685546875,1258.0,-1.9983480299999996
10,41,1948,246784,0.2,0.0004092704424510632,0.021020489,7696,0.896562397480011,-0.046936627477407455,-0.029162642516894266,-2.0480682849884033,-40.3339923620224,0.004359617654699832,0.2613525390625,1258.0,-1.9992990599999998
11,42,1946,247296,0.2,0.0004092704424510632,0.0041390215,7712,0.8968374729156494,0.15721066296100616,-0.004426043000421487,0.38247478008270264,-40.37104880809784,1.8985467804595828,0.0072021484375,1258.0,-1.9992990599999998
11,43,1944,247808,0.2,0.0004092704424510632,0.014107497,7728,0.8975751399993896,-0.021711988374590874,-0.02143227544729598,-4.712602138519287,-40.376747250556946,0.002371360822507995,0.2303466796875,1258.0,-1.9992990599999998
11,44,1943,248320,0.2,0.0004092704424510632,0.00961199,7744,0.8980230093002319,0.15982621908187866,-0.008402100065723062,0.6377917528152466,-40.40083205699921,0.6699943458661437,0.0323486328125,1258.0,-1.99888519
11,45,1941,248832,0.2,0.0004092704424510632,0.029716214,7760,0.8985956907272339,-0.027719058096408844,-0.021186063429922797,0.9307311177253723,-40.41535663604736,0.1475120236282237,0.1929931640625,1258.0,-1.99888519
12,46,1942,249344,0.2,0.0004092704424510632,0.019235577,7776,0.8990394473075867,-0.020849991589784622,-0.02694528314168565,-0.3682750463485718,-40.43609821796417,0.028702744748443365,0.2706298828125,1258.0,-1.9963483100000001
12,47,1942,249856,0.2,0.0004092704424510632,0.008784236,7792,0.898985743522644,0.3351813852787018,-0.007239720158395357,0.8045639395713806,-40.4380407333374,1.0422726217657328,0.0440673828125,1258.0,-1.9963483100000001
12,48,1942,250368,0.2,0.0004092704424510632,0.025837542,7808,0.8985450267791748,-0.018867509439587593,-0.028636989736696705,0.0991981029510498,-40.429022550582886,0.052366315270774066,0.2938232421875,1258.0,-1.9933742799999998
12,49,1943,250880,0.2,0.0004092704424510632,0.0062882844,7824,0.8984264135360718,0.6864488124847412,-0.004534979991149157,0.8768050670623779,-40.41534161567688,1.8092036582529545,0.0128173828125,1258.0,-1.9933742799999998
13,50,1941,251392,0.2,0.0004092704424510632,0.019492883,7840,0.9001515507698059,-0.03779066726565361,-0.026294248149497434,-8.96324634552002,-40.43514263629913,0.006143442056782078,0.2506103515625,1258.0,-1.9933742799999998
13,51,1940,251904,0.2,0.0004092704424510632,0.014149787,7856,0.8994988799095154,-0.029006341472268105,-0.02453556771069998,0.009875774383544922,-40.463786482810974,0.0019527292824932374,0.251220703125,1258.0,-1.9923171000000002
13,52,1938,252416,0.2,0.0004092704424510632,0.003577141,7872,0.8991569876670837,0.1262010633945465,-0.0049710496969055384,0.2974128723144531,-40.4358776807785,2.248435345478356,0.0054931640625,1258.0,-1.9923171000000002
13,53,1938,252928,0.2,0.0004092704424510632,0.022327686,7888,0.8997548818588257,-0.036194004118442535,-0.031069985532667488,-0.207289457321167,-40.4415340423584,0.005804763495689258,0.292236328125,1258.0,-1.9917805700000002
14,54,1937,253440,0.2,0.0004092704424510632,0.0044006854,7904,0.89971524477005,0.22944650053977966,-0.003907217076630332,0.48361361026763916,-40.447314381599426,1.1172096799127758,0.005615234375,1258.0,-1.9917805700000002
14,55,1937,253952,0.2,0.0004092704424510632,0.021582086,7920,0.9007975459098816,-0.03731142356991768,-0.025903689238475636,-0.6284288167953491,-40.46406352519989,0.0014221419805835467,0.260009765625,1258.0,-1.9917805700000002
14,56,1937,254464,0.2,0.0004092704424510632,0.023491658,7936,0.9020963311195374,-0.026738367974758148,-0.02606531768105924,0.23898041248321533,-40.50525605678558,0.0073248194821644574,0.2965087890625,1258.0,-1.98942116
15,57,1936,254976,0.2,0.0004092704424510632,0.006250023,7952,0.9025384187698364,0.7551071643829346,-0.0005753579025622457,0.6718974113464355,-40.536837577819824,1.6650899415835738,0.02587890625,1258.0,-1.98942116
15,58,1936,255488,0.2,0.0004092704424510632,0.023001563,7968,0.9030230045318604,-0.029055796563625336,-0.026215290548861958,-3.2021422386169434,-40.55128502845764,0.009934683926985599,0.2894287109375,1258.0,-1.98866145
15,59,1935,256000,0.2,0.0004092704424510632,0.013411386,7984,0.9030842185020447,0.10817614197731018,-0.008916167891584337,0.44677889347076416,-40.5629802942276,1.1179751264862716,0.046630859375,1258.0,-1.98866145
15,60,1934,256512,0.2,0.0004092704424510632,0.02157807,8000,0.9044584035873413,-0.03627118840813637,-0.030418370850384235,-2.1168019771575928,-40.5817254781723,0.0026246059915138176,0.27197265625,1258.0,-1.98866145
16,61,1934,257024,0.2,0.0004092704424510632,0.019553464,8016,0.9061335921287537,-0.028636924922466278,-0.024531892158847768,0.5276828408241272,-40.64562547206879,0.009529264993034303,0.2586669921875,1258.0,-1.9869478199999997
16,62,1934,257536,0.2,0.0004092704424510632,0.0025915992,8032,0.9062941670417786,0.1696464568376541,-0.0012700379302259535,0.6639033555984497,-40.6802933216095,1.329121925868094,0.0040283203125,1258.0,-1.9869478199999997
16,63,1933,258048,0.2,0.0004092704424510632,0.027204316,8048,0.906363844871521,-0.04241982847452164,-0.037347623059758916,-0.12212467193603516,-40.67927956581116,0.008069926479947753,0.360107421875,1258.0,-1.98436429
16,64,1933,258560,0.2,0.0004092704424510632,0.005082027,8064,0.9066861271858215,0.18115665018558502,-0.005457212690089364,0.6783572435379028,-40.69883358478546,2.5204296074807644,0.0167236328125,1258.0,-1.98436429
17,65,1933,259072,0.2,0.0004092704424510632,0.022947371,8080,0.9059136509895325,-0.03421855345368385,-0.029184896731749177,-4.852231502532959,-40.69248557090759,0.003658236408227822,0.272705078125,1258.0,-1.98436429
17,66,1933,259584,0.2,0.0004092704424510632,0.017010696,8096,0.9034616351127625,-0.03387178108096123,-0.02959527420171071,0.6347246170043945,-40.64060878753662,0.014975933765526861,0.257568359375,1258.0,-1.98081073
17,67,1933,260096,0.2,0.0004092704424510632,0.004985119,8112,0.9027124047279358,0.05191030353307724,-0.003962302096624626,0.6453933715820312,-40.57414162158966,0.8824757405091077,0.011474609375,1258.0,-1.98081073
18,68,1932,260608,0.2,0.0004092704424510632,0.021353215,8128,0.9024683833122253,-0.03281688690185547,-0.02822317904792726,0.16579675674438477,-40.56321310997009,0.019944325380492955,0.2642822265625,1258.0,-1.9794440099999997
18,69,1933,261120,0.2,0.0004092704424510632,0.0039329473,8144,0.902385413646698,0.2659052312374115,-0.004782628660905175,0.818851113319397,-40.55553352832794,1.4340187702327967,0.004638671875,1258.0,-1.9794440099999997
18,70,1934,261632,0.2,0.0004092704424510632,0.017563073,8160,0.8990405797958374,-0.03156760707497597,-0.023934674725751393,-4.012380599975586,-40.50921452045441,0.007889864056778606,0.233642578125,1258.0,-1.9794440099999997
18,71,1934,262144,0.2,0.0004092704424510632,0.02083565,8176,0.8981651067733765,0.013199776411056519,-0.023175871116109192,0.7023878693580627,-40.41455614566803,0.10319255641661584,0.22607421875,1258.0,-1.98062674
19,72,1933,262656,0.2,0.0004092704424510632,0.022964187,8192,0.8981035947799683,0.017071306705474854,-0.019282504785223864,0.7826615571975708,-40.40751492977142,0.21713294042274356,0.1947021484375,1258.0,-1.98062674
19,73,1933,263168,0.2,0.0004092704424510632,0.016679477,8208,0.8978131413459778,-0.024971241131424904,-0.02425559319090098,0.01119232177734375,-40.40568780899048,0.023147880914621055,0.2481689453125,1258.0,-1.9815580100000003
19,74,1933,263680,0.2,0.0004092704424510632,0.0047047823,8224,0.8976218700408936,0.26615315675735474,-0.0014334700827021152,0.7978568077087402,-40.39580738544464,1.0611303448677063,0.0162353515625,1258.0,-1.9815580100000003
19,75,1933,264192,0.2,0.0004092704424510632,0.0149857495,8240,0.8974382281303406,-0.035162411630153656,-0.024300007629790343,-3.423910617828369,-40.39324080944061,0.006504079392470885,0.2637939453125,1258.0,-1.9796091800000002
20,76,1932,264704,0.2,0.0004092704424510632,0.003389709,8256,0.8972010612487793,0.16841280460357666,-0.003415550832869485,0.44387781620025635,-40.37531757354736,2.471159284003079,0.0057373046875,1258.0,-1.9796091800000002
20,77,1932,265216,0.2,0.0004092704424510632,0.016701674,8272,0.8979005217552185,-0.03434564173221588,-0.020518120407359675,-2.595067024230957,-40.37903535366058,0.004520306571066612,0.213623046875,1258.0,-1.9796091800000002
20,78,1932,265728,0.2,0.0004092704424510632,0.017237153,8288,0.8975721001625061,-0.04177810624241829,-0.025064849280170165,0.21371585130691528,-40.383811473846436,0.0017853532517619897,0.2344970703125,1258.0,-1.9770807300000004
20,79,1931,266240,0.2,0.0004092704424510632,0.00299745,8304,0.8973032832145691,0.3711507320404053,-0.0014683420886285603,0.43037867546081543,-40.3668851852417,2.399923040997237,0.001953125,1258.0,-1.9770807300000004
21,80,1931,266752,0.2,0.0004092704424510632,0.0242622,8320,0.8976970314979553,-0.03836473077535629,-0.030178816239640582,0.02108854055404663,-40.36479616165161,0.011292237119050696,0.30859375,1258.0,-1.9732029400000002
21,81,1931,267264,0.2,0.0004092704424510632,0.006189935,8336,0.8982115983963013,0.31994298100471497,-0.00429534369322937,0.8327598571777344,-40.384896636009216,1.397505035623908,0.034912109375,1258.0,-1.9732029400000002
21,82,1931,267776,0.2,0.0004092704424510632,0.018324185,8352,0.8965670466423035,-0.037525925785303116,-0.026339122305216733,-7.274118423461914,-40.36408448219299,0.0028109212362323888,0.265869140625,1258.0,-1.9732029400000002
22,83,1930,268288,0.2,0.0004092704424510632,0.016913328,8368,0.8959661722183228,-0.03650669753551483,-0.020059390662936494,-0.0012992620468139648,-40.29779076576233,0.004835705571167637,0.235595703125,1258.0,-1.9737331400000002
22,84,1931,268800,0.2,0.0004092704424510632,0.0026683167,8384,0.8960962891578674,0.51839280128479,-0.003244539999286644,0.4567849636077881,-40.29826307296753,2.3497418258339167,0.0013427734375,1258.0,-1.9737331400000002
22,85,1932,269312,0.2,0.0004092704424510632,0.027789075,8400,0.895162045955658,-0.032695796340703964,-0.020682640169980004,-1.9021871089935303,-40.28795850276947,0.006249832673347555,0.24609375,1258.0,-1.9711286700000001
22,86,1932,269824,0.2,0.0004092704424510632,0.0036241189,8416,0.8949634432792664,0.3014580309391022,-0.0019062271712755319,0.6512134671211243,-40.273444294929504,1.657365471124649,0.009765625,1258.0,-1.9711286700000001
23,87,1931,270336,0.2,0.0004092704424510632,0.019177862,8432,0.8946796655654907,-0.03900110721588135,-0.027354969206498936,-1.647233486175537,-40.26788139343262,0.002544482184021035,0.2489013671875,1258.0,-1.9711286700000001
23,88,1931,270848,0.2,0.0004092704424510632,0.024586892,8448,0.8952643871307373,-0.0467771552503109,-0.029390585492365062,0.42186325788497925,-40.25574338436127,0.005064767748990562,0.29052734375,1258.0,-1.967301
23,89,1932,271360,0.2,0.0004092704424510632,0.004749816,8464,0.8955554962158203,0.1219785064458847,-0.0048975129902828485,0.6197324991226196,-40.27480888366699,1.331785743124783,0.0126953125,1258.0,-1.967301
23,90,1931,271872,0.2,0.0004092704424510632,0.021493133,8480,0.896464467048645,-0.03839876502752304,-0.02954643836710602,-2.4869332313537598,-40.29329264163971,0.009043172030942515,0.2877197265625,1258.0,-1.96565303
24,91,1931,272384,0.2,0.0004092704424510632,0.00756896,8496,0.896891713142395,0.20808957517147064,-0.009290676331147552,0.6022986173629761,-40.33356511592865,1.5651392936706543,0.0245361328125,1258.0,-1.96565303
24,92,1931,272896,0.2,0.0004092704424510632,0.02306319,8512,0.8954635262489319,-0.036567557603120804,-0.02491041309258435,-0.12643051147460938,-40.320860385894775,0.004314052996051032,0.253662109375,1258.0,-1.96565303
24,93,1932,273408,0.2,0.0004092704424510632,0.013473079,8528,0.8945450186729431,-0.026762640103697777,-0.017017846417729743,0.43264222145080566,-40.27862000465393,0.0062699431873625144,0.1728515625,1258.0,-1.9650578499999998
24,94,1932,273920,0.2,0.0004092704424510632,0.0052707926,8544,0.8943681120872498,0.07873287051916122,-0.0039385858399327844,0.5380348563194275,-40.2534716129303,1.1021776995621622,0.0106201171875,1258.0,-1.9650578499999998
25,95,1933,274432,0.2,0.0004092704424510632,0.016922552,8560,0.89336758852005,-0.0386333242058754,-0.025679702914203517,-0.45407164096832275,-40.23609268665314,0.004800005779543426,0.23681640625,1258.0,-1.9650475799999998
25,96,1933,274944,0.2,0.0004092704424510632,0.008485198,8576,0.893084704875946,0.3552166521549225,-0.00907432587700896,0.7001215815544128,-40.214808225631714,2.189341465011239,0.03564453125,1258.0,-1.9650475799999998
25,97,1933,275456,0.2,0.0004092704424510632,0.01843499,8592,0.8938810229301453,-0.024894902482628822,-0.024612397624878213,-10.992151260375977,-40.22236907482147,0.007108722682460211,0.246826171875,1258.0,-1.9650475799999998
25,98,1934,275968,0.2,0.0004092704424510632,0.013399085,8608,0.8936519622802734,-0.022963685914874077,-0.022404258808819577,0.6271834373474121,-40.244834184646606,0.032327044813428074,0.1846923828125,1258.0,-1.96012266
26,99,1934,276480,0.2,0.0004092704424510632,0.011250035,8624,0.8932528495788574,0.011631816625595093,-0.01097057019796921,0.692999541759491,-40.22355806827545,0.45745791390072554,0.052490234375,1258.0,-1.96012266
26,100,1934,276992,0.2,0.0004092704424510632,0.015548051,8640,0.8917272686958313,-0.02603248879313469,-0.024767133720160928,-0.7095503807067871,-40.19542980194092,0.014418980455957353,0.2227783203125,1258.0,-1.9607817600000002
26,101,1933,277504,0.2,0.0004092704424510632,0.0052849827,8656,0.8911228775978088,0.6296477913856506,-0.00709779818134848,0.6708757877349854,-40.143088698387146,1.1888189362362027,0.0174560546875,1258.0,-1.9607817600000002
27,102,1932,278016,0.2,0.0004092704424510632,0.018907372,8672,0.8907303810119629,-0.035455867648124695,-0.027187874919036403,-1.3793282508850098,-40.127304673194885,0.0019213812938687624,0.2532958984375,1258.0,-1.9607817600000002
27,103,1932,278528,0.2,0.0004092704424510632,0.009138307,8688,0.8909664750099182,0.23489461839199066,-0.010205041791778058,0.7098580598831177,-40.127997517585754,1.0347611149773002,0.0291748046875,1258.0,-1.95851958
27,104,1932,279040,0.2,0.0004092704424510632,0.01958337,8704,0.889904797077179,-0.01026771031320095,-0.016776302756625228,0.9099751114845276,-40.111958146095276,0.05308273612172343,0.2908935546875,1258.0,-1.95851958
27,105,1932,279552,0.2,0.0004092704424510632,0.02283182,8720,0.8906456828117371,-0.02143702656030655,-0.023987652879441157,-1.3306002616882324,-40.099199056625366,0.03733361151535064,0.2603759765625,1258.0,-1.95594645
28,106,1932,280064,0.2,0.0004092704424510632,0.0101351915,8736,0.8908230662345886,0.34570956230163574,-0.011976823749137111,0.826112687587738,-40.112855434417725,1.1153896236792207,0.0504150390625,1258.0,-1.95594645
28,107,1933,280576,0.2,0.0004092704424510632,0.017126268,8752,0.8907079100608826,-0.033142197877168655,-0.02116680151084438,-4.668450832366943,-40.1073522567749,0.016008734586648643,0.2216796875,1258.0,-1.9538546999999997
28,108,1933,281088,0.2,0.0004092704424510632,0.009999001,8768,0.890448272228241,0.08021536469459534,-0.006723044425598346,0.4578794836997986,-40.09930944442749,1.1429577399976552,0.020751953125,1258.0,-1.9538546999999997
28,109,1933,281600,0.2,0.0004092704424510632,0.021732554,8784,0.8878173828125,-0.03311782330274582,-0.03142717947775964,-2.883014440536499,-40.053218126297,0.0013920893252361566,0.2734375,1258.0,-1.9538546999999997
29,110,1933,282112,0.2,0.0004092704424510632,0.020456739,8800,0.8868905901908875,-0.026103541254997253,-0.0255706406023819,-0.07272183895111084,-39.971909523010254,0.004056613903230755,0.270751953125,1258.0,-1.95279643
29,111,1934,282624,0.2,0.0004092704424510632,0.014163235,8816,0.887025773525238,0.08691205084323883,-0.014906542666722089,0.46503591537475586,-39.96679639816284,2.4087793990038335,0.11083984375,1258.0,-1.95279643
29,112,1933,283136,0.2,0.0004092704424510632,0.024894705,8832,0.8874505162239075,-0.031111974269151688,-0.027531108702532947,-0.5543670654296875,-39.97562849521637,0.00982008759456221,0.3165283203125,1258.0,-1.95058655
29,113,1933,283648,0.2,0.0004092704424510632,0.009750493,8848,0.8876963257789612,0.30629175901412964,-0.010963675638777204,0.685472846031189,-39.99491274356842,1.0574611220508814,0.026123046875,1258.0,-1.95058655
30,114,1933,284160,0.2,0.0004092704424510632,0.022182968,8864,0.8880841732025146,-0.02562829479575157,-0.022680118680000305,-0.5286867618560791,-40.00421404838562,0.007301970676053315,0.263671875,1258.0,-1.95058655
30,115,1933,284672,0.2,0.0004092704424510632,0.024206718,8880,0.8870398998260498,-0.0360778272151947,-0.028451258403947577,0.3924493193626404,-39.997963547706604,0.009085732206585817,0.307373046875,1258.0,-1.9478532000000002
30,116,1934,285184,0.2,0.0004092704424510632,0.004754247,8896,0.8866716027259827,0.238275945186615,-0.003205267494195141,0.6911534070968628,-39.96494138240814,1.5278206020593643,0.0169677734375,1258.0,-1.9478532000000002
30,117,1934,285696,0.2,0.0004092704424510632,0.019705337,8912,0.8856982588768005,-0.03910912573337555,-0.030642354235169478,-1.6589765548706055,-39.94688010215759,0.006267484408454038,0.2774658203125,1258.0,-1.9482233599999998
31,118,1934,286208,0.2,0.0004092704424510632,0.003399374,8928,0.8852410316467285,0.5682206749916077,-0.002249255201604683,0.6006850004196167,-39.91182065010071,1.9432536140084267,0.00830078125,1258.0,-1.9482233599999998
31,119,1935,286720,0.2,0.0004092704424510632,0.014888168,8944,0.8851739764213562,-0.034851618111133575,-0.024298316420754418,-5.909937381744385,-39.899319767951965,0.0027659732513711788,0.2196044921875,1258.0,-1.9482233599999998
31,120,1935,287232,0.2,0.0004092704424510632,0.01741409,8960,0.884427547454834,-0.02744012512266636,-0.020123967377003282,0.363270103931427,-39.88694131374359,0.009153189341304824,0.229736328125,1258.0,-1.9495725299999997
32,121,1935,287744,0.2,0.0004092704424510632,0.002858194,8976,0.8841481804847717,0.08494193851947784,-0.0032595286465948448,0.5845251083374023,-39.86621057987213,1.2389047611504793,0.00048828125,1258.0,-1.9495725299999997
32,122,1935,288256,0.2,0.0004092704424510632,0.019264773,8992,0.8828274011611938,-0.03386235609650612,-0.0256694812560454,-0.40343916416168213,-39.844446778297424,0.008517947819200344,0.27734375,1258.0,-1.9481547200000002
32,123,1935,288768,0.2,0.0004092704424510632,0.005880206,9008,0.8822391033172607,0.7909437417984009,-0.0027848783574881963,0.7824512720108032,-39.796059370040894,1.439164430834353,0.0296630859375,1258.0,-1.9481547200000002
32,124,1935,289280,0.2,0.0004092704424510632,0.018128231,9024,0.8782834410667419,-0.029974384233355522,-0.026064051868161187,-1.86879563331604,-39.73358654975891,0.0016977842351479921,0.24658203125,1258.0,-1.9481547200000002
33,125,1936,289792,0.2,0.0004092704424510632,0.014852686,9040,0.8770233392715454,-0.011442987248301506,-0.025100354745518416,0.7178818583488464,-39.623159408569336,0.05842533113900572,0.21044921875,1258.0,-1.94537807
33,126,1935,290304,0.2,0.0004092704424510632,0.010198696,9056,0.8765935301780701,0.031140601262450218,-0.009914242647937499,0.7958376407623291,-39.60837745666504,0.3779749069362879,0.03857421875,1258.0,-1.94537807
33,127,1935,290816,0.2,0.0004092704424510632,0.022260033,9072,0.8758177161216736,-0.02499157190322876,-0.025152467482257634,-3.043948173522949,-39.5837779045105,0.0346106001525186,0.240966796875,1258.0,-1.9438280400000003
33,128,1935,291328,0.2,0.0004092704424510632,0.0048789545,9088,0.8755716681480408,0.7477926015853882,-0.005067557613074314,0.533983588218689,-39.560197949409485,1.765238493680954,0.01025390625,1258.0,-1.9438280400000003
34,129,1936,291840,0.2,0.0004092704424510632,0.018468084,9104,0.8749062418937683,-0.03369903191924095,-0.023626079520909116,-6.827105522155762,-39.54838466644287,0.0034288505084987264,0.2254638671875,1258.0,-1.9438280400000003
34,130,1936,292352,0.2,0.0004092704424510632,0.011021271,9120,0.8746753931045532,0.2362717241048813,-0.009289772213378455,0.6797732710838318,-39.524354457855225,0.6840708190575242,0.041748046875,1258.0,-1.94171432
34,131,1936,292864,0.2,0.0004092704424510632,0.031940375,9136,0.874984622001648,-0.02402753010392189,-0.01957585572381504,0.9128149747848511,-39.52483260631561,0.056274407921591774,0.2388916015625,1258.0,-1.94171432
34,132,1936,293376,0.2,0.0004092704424510632,0.023585875,9152,0.8740800023078918,-0.025322459638118744,-0.027018916327506304,-1.1816015243530273,-39.52057909965515,0.018761280458420515,0.2947998046875,1258.0,-1.9408555100000005
35,133,1936,293888,0.2,0.0004092704424510632,0.0057530925,9168,0.8737715482711792,0.2071617841720581,-0.0013329322828212753,0.7773231267929077,-39.48710751533508,2.4438050417229533,0.031494140625,1258.0,-1.9408555100000005
35,134,1937,294400,0.2,0.0004092704424510632,0.019846836,9184,0.8737357258796692,-0.014776540920138359,-0.02250677251140587,0.03981161117553711,-39.4803249835968,0.0451548807322979,0.2249755859375,1258.0,-1.9405989200000004
35,135,1937,294912,0.2,0.0004092704424510632,0.0040939525,9200,0.8737813234329224,0.5513443350791931,-0.0006641096842940897,0.8727524280548096,-39.479772210121155,2.1970530338585377,0.0115966796875,1258.0,-1.9405989200000004
35,136,1937,295424,0.2,0.0004092704424510632,0.02033231,9216,0.8720821142196655,-0.034560415893793106,-0.0238668986785342,-11.673933982849121,-39.46017074584961,0.006662402924121125,0.2611083984375,1258.0,-1.9405989200000004
36,137,1937,295936,0.2,0.0004092704424510632,0.019357506,9232,0.8722193241119385,-0.048353563994169235,-0.02973498828941956,0.07296103239059448,-39.41953194141388,0.0018868032420868985,0.270263671875,1258.0,-1.9415390700000001
36,138,1938,296448,0.2,0.0004092704424510632,0.012440564,9248,0.8720800876617432,0.21450944244861603,-0.008326539078552742,0.4606429934501648,-39.42045295238495,1.1963392216712236,0.0614013671875,1258.0,-1.9415390700000001
36,139,1938,296960,0.2,0.0004092704424510632,0.016031563,9264,0.870829164981842,-0.036640714854002,-0.024315066941198893,0.1532909870147705,-39.40217685699463,0.004403281411214266,0.2396240234375,1258.0,-1.9411790500000001
36,140,1938,297472,0.2,0.0004092704424510632,0.005032252,9280,0.8704202771186829,0.41180330514907837,-0.006078803300624713,0.37556612491607666,-39.36503493785858,2.3840184044092894,0.0179443359375,1258.0,-1.9411790500000001
37,141,1938,297984,0.2,0.0004092704424510632,0.023557182,9296,0.8687044978141785,-0.03944520279765129,-0.02806257516203914,-2.3547346591949463,-39.33542263507843,0.0020615297107724473,0.2752685546875,1258.0,-1.9411790500000001
37,142,1937,298496,0.2,0.0004092704424510632,0.020327529,9312,0.8681455850601196,-0.03262484446167946,-0.02354397685121512,0.29852789640426636,-39.29049623012543,0.008311449302709661,0.2615966796875,1258.0,-1.9428385199999996
37,143,1937,299008,0.2,0.0004092704424510632,0.005196714,9328,0.8682049512863159,0.2576088011264801,-0.004456359558389522,0.697523832321167,-39.292287945747375,1.6051954217255116,0.0150146484375,1258.0,-1.9428385199999996
38,144,1937,299520,0.2,0.0004092704424510632,0.020070761,9344,0.8692026734352112,-0.021126912906765938,-0.025904962181812152,-1.659266471862793,-39.30286920070648,0.0051541293651098385,0.278076171875,1258.0,-1.9411371899999998
38,145,1937,300032,0.2,0.0004092704424510632,0.0025657841,9360,0.8696873188018799,0.13444258272647858,-0.0013816814898746088,0.6106075644493103,-39.33252394199371,1.6710195592604578,0.0003662109375,1258.0,-1.9411371899999998
38,146,1937,300544,0.2,0.0004092704424510632,0.02354014,9376,0.8697702288627625,-0.037190407514572144,-0.028722038492560387,-1.0757040977478027,-39.3413370847702,0.002439168336422881,0.3028564453125,1258.0,-1.9411371899999998
38,147,1937,301056,0.2,0.0004092704424510632,0.018890064,9392,0.8689249157905579,-0.026019547134637833,-0.02949601097498089,0.5939997434616089,-39.33305108547211,0.024847610387951136,0.2891845703125,1258.0,-1.9423816899999997
