time/iterations,time/total_timesteps,time/time_elapsed,time/fps,train/clip_fraction,train/approx_kl,train/entropy_loss,train/explained_variance,train/std,train/clip_range,train/policy_gradient_loss,train/n_updates,train/value_loss,train/learning_rate,train/loss,rollout/ep_len_mean,rollout/ep_rew_mean
1,512,0,3855,,,,,,,,,,,,,
2,1024,0,1816,0.2999267578125,0.017383426,-43.947802782058716,-1.0375678539276123,0.9977077841758728,0.2,-0.036920395607012324,16,0.19987859668253805,0.0004092704424510632,-0.03949178382754326,,
3,1536,0,1563,0.2652587890625,0.020531572,-43.93905794620514,0.0057759881019592285,0.999891996383667,0.2,-0.031431543102371506,32,0.00248707661012304,0.0004092704424510632,-0.04282160475850105,1258.0,-2.232219
4,2048,1,1460,0.28369140625,0.01996874,-43.99072027206421,0.003356754779815674,1.000008225440979,0.2,-0.026726367534138262,48,0.003269192071456928,0.0004092704424510632,-0.03085360862314701,1258.0,-2.232219
5,2560,1,1408,0.27392578125,0.017110974,-43.98661708831787,0.0015741586685180664,1.0005147457122803,0.2,-0.025889112992445007,64,0.0025870028512144927,0.0004092704424510632,-0.0390767976641655,1258.0,-2.2044595
6,3072,2,1366,0.306640625,0.020976417,-43.9845734834671,0.006543338298797607,0.9991940259933472,0.2,-0.03181750180374365,80,0.00626311797532253,0.0004092704424510632,-0.04362843185663223,1258.0,-2.2044595
7,3584,2,1341,0.201904296875,0.01395293,-43.974194169044495,0.003907442092895508,1.0012578964233398,0.2,-0.0234394521539798,96,0.0011810954620159464,0.0004092704424510632,-0.04125485196709633,1258.0,-2.2044595
8,4096,3,1322,0.2977294921875,0.019296957,-44.054553747177124,0.010165989398956299,1.0032950639724731,0.2,-0.02964262166642584,112,0.0037013460023445077,0.0004092704424510632,-0.04013364017009735,1258.0,-2.1555013333333335
9,4608,3,1311,0.2645263671875,0.018942475,-44.08338177204132,0.0047945380210876465,1.0030604600906372,0.2,-0.02552998359897174,128,0.006987164000747725,0.0004092704424510632,-0.02598460391163826,1258.0,-2.1555013333333335
10,5120,3,1301,0.2540283203125,0.017557412,-44.058886647224426,-0.00028574466705322266,1.0021435022354126,0.2,-0.029010176076553762,144,0.0023951303664944135,0.0004092704424510632,-0.037454258650541306,1258.0,-2.128248
11,5632,4,1294,0.2845458984375,0.025431335,-44.03104627132416,0.003876030445098877,1.001364827156067,0.2,-0.02815532189561054,160,0.013980811316287145,0.0004092704424510632,-0.028405074030160904,1258.0,-2.128248
12,6144,4,1286,0.2821044921875,0.019652992,-43.99810314178467,0.0010120868682861328,0.9997249841690063,0.2,-0.028453308463213034,176,0.001352509316348005,0.0004092704424510632,-0.03735973313450813,1258.0,-2.128248
13,6656,5,1253,0.2264404296875,0.017593734,-43.94896852970123,0.02233952283859253,0.9981380701065063,0.2,-0.02268092884332873,192,0.005428714168374427,0.0004092704424510632,-0.033237673342227936,1258.0,-2.1156726
14,7168,5,1243,0.288330078125,0.023533948,-43.91400742530823,0.014320790767669678,0.9979102611541748,0.2,-0.029334938401007093,208,0.02109510073205456,0.0004092704424510632,-0.02667298913002014,1258.0,-2.1156726
15,7680,6,1218,0.3011474609375,0.025457358,-43.9187628030777,0.2072504162788391,0.9984444379806519,0.2,-0.029946542126708664,224,0.0020179533421469387,0.0004092704424510632,-0.03471590206027031,1258.0,-2.1037026666666665
16,8192,6,1211,0.26171875,0.021331083,-43.915536522865295,0.04706507921218872,0.9975293874740601,0.2,-0.02828261084505357,240,0.028669239196460694,0.0004092704424510632,-0.018648643046617508,1258.0,-2.1037026666666665
17,8704,7,1210,0.2513427734375,0.0151937045,-43.87812876701355,-0.19856047630310059,0.9964463114738464,0.2,-0.027010488091036677,256,0.0016294937558996025,0.0004092704424510632,-0.02857636846601963,1258.0,-2.1037026666666665
18,9216,7,1211,0.3109130859375,0.02138596,-43.85854887962341,0.5470499396324158,0.9964271187782288,0.2,-0.033956530009163544,272,0.0035559964562708046,0.0004092704424510632,-0.047218166291713715,1258.0,-2.1102948571428572
19,9728,8,1209,0.228271484375,0.015524514,-43.879061222076416,0.2158302664756775,0.9975287318229675,0.2,-0.02624647441552952,288,0.029917068255599588,0.0004092704424510632,-0.03197166323661804,1258.0,-2.1102948571428572
20,10240,8,1210,0.2086181640625,0.015835613,-43.86252701282501,-0.02515995502471924,0.995147705078125,0.2,-0.024123164039338008,304,0.005089198915811721,0.0004092704424510632,-0.037489134818315506,1258.0,-2.110755125
21,10752,8,1210,0.301513671875,0.03297681,-43.80091381072998,0.12454444169998169,0.9939180612564087,0.2,-0.0319739245751407,320,0.04211324907373637,0.0004092704424510632,-0.029848624020814896,1258.0,-2.110755125
22,11264,9,1210,0.2916259765625,0.024702232,-43.76319479942322,-0.7784212827682495,0.9927401542663574,0.2,-0.02916953354724683,336,0.0025469011852692347,0.0004092704424510632,-0.03273014351725578,1258.0,-2.110755125
23,11776,9,1209,0.2469482421875,0.015400627,-43.70577824115753,0.6851338148117065,0.9898094534873962,0.2,-0.028068939776858315,352,0.002500970436813077,0.0004092704424510632,-0.04297592490911484,1258.0,-2.0939221111111106
24,12288,10,1208,0.283447265625,0.031064501,-43.635939955711365,0.2733960747718811,0.9890171885490417,0.2,-0.0235669836984016,368,0.03964882984291762,0.0004092704424510632,-0.017015710473060608,1258.0,-2.0939221111111106
25,12800,10,1209,0.1962890625,0.014533868,-43.6129184961319,-2.0939300060272217,0.9880375862121582,0.2,-0.02408319820824545,384,0.0070578160739387386,0.0004092704424510632,-0.0297927875071764,1258.0,-2.0768645999999995
26,13312,11,1209,0.2491455078125,0.018100187,-43.571982979774475,0.12540364265441895,0.9866324663162231,0.2,-0.024645492594572715,400,0.05300165817607194,0.0004092704424510632,-0.01521131582558155,1258.0,-2.0768645999999995
27,13824,11,1209,0.2313232421875,0.020107439,-43.54258728027344,-0.91650390625,0.986311137676239,0.2,-0.025994765368523076,416,0.003095909887633752,0.0004092704424510632,-0.045350585132837296,1258.0,-2.0768645999999995
28,14336,11,1208,0.2314453125,0.016074449,-43.537752747535706,0.713024914264679,0.9863125681877136,0.2,-0.02895370207261294,432,0.0033627523444010876,0.0004092704424510632,-0.038033321499824524,1258.0,-2.0798439090909087
29,14848,12,1208,0.337646484375,0.03165132,-43.51971459388733,0.23678380250930786,0.9850142598152161,0.2,-0.025266277909395285,448,0.03698269464075565,0.0004092704424510632,-0.012145226821303368,1258.0,-2.0798439090909087
30,15360,12,1208,0.2218017578125,0.018317606,-43.46408545970917,-1.870561122894287,0.9828423261642456,0.2,-0.02317404144559987,464,0.003345490611536661,0.0004092704424510632,-0.0346657894551754,1258.0,-2.0765541666666665
31,15872,13,1208,0.213623046875,0.019468434,-43.41476798057556,0.2429003119468689,0.9823307394981384,0.2,-0.022199255850864574,480,0.06660935166291893,0.0004092704424510632,0.002156374976038933,1258.0,-2.0765541666666665
32,16384,13,1208,0.2196044921875,0.015724128,-43.40391731262207,-0.504589319229126,0.9820399284362793,0.2,-0.02124955228646286,496,0.005890374100999907,0.0004092704424510632,-0.036830656230449677,1258.0,-2.075321769230769
33,16896,13,1207,0.2376708984375,0.024477446,-43.4067120552063,0.39711618423461914,0.9823660850524902,0.2,-0.027529520011739805,512,0.07093923271168023,0.0004092704424510632,0.0014775488525629044,1258.0,-2.075321769230769
34,17408,14,1207,0.25390625,0.021166353,-43.42005658149719,-0.7895740270614624,0.9829734563827515,0.2,-0.02478650349075906,528,0.009033669499331154,0.0004092704424510632,-0.034104883670806885,1258.0,-2.075321769230769
35,17920,14,1207,0.2352294921875,0.019120501,-43.44140267372131,-0.7826462984085083,0.9834815263748169,0.2,-0.025257936140405945,544,0.0019298991974210367,0.0004092704424510632,-0.04099420830607414,1258.0,-2.062274214285714
36,18432,15,1205,0.2579345703125,0.026150519,-43.435837388038635,0.1476593017578125,0.9825583100318909,0.2,-0.02474900195375085,560,0.09697079448960721,0.0004092704424510632,0.0027892310172319412,1258.0,-2.062274214285714
37,18944,15,1205,0.1995849609375,0.018906128,-43.40667390823364,-0.49341440200805664,0.981742799282074,0.2,-0.020092437815037556,576,0.009486734925303608,0.0004092704424510632,-0.03466498479247093,1258.0,-2.0685944666666662
38,19456,16,1205,0.2672119140625,0.0231721,-43.37998425960541,0.3403739929199219,0.9811874032020569,0.2,-0.02924900790094398,592,0.07688496017362922,0.0004092704424510632,-0.01585245132446289,1258.0,-2.0685944666666662
39,19968,16,1205,0.1817626953125,0.01622775,-43.36443018913269,-3.3267359733581543,0.9806761741638184,0.2,-0.023583466056152247,608,0.0068867597947246395,0.0004092704424510632,-0.03901547193527222,1258.0,-2.0685944666666662
40,20480,16,1205,0.27490234375,0.020920958,-43.35196852684021,0.26299405097961426,0.9804808497428894,0.2,-0.026605349936289713,624,0.0038706032682966907,0.0004092704424510632,-0.03162728250026703,1258.0,-2.08051
41,20992,17,1205,0.2386474609375,0.02706888,-43.374603629112244,0.16299819946289062,0.9822817444801331,0.2,-0.030171814374625683,640,0.10617704782634974,0.0004092704424510632,-0.011014316231012344,1258.0,-2.08051
42,21504,17,1205,0.2421875,0.020106465,-43.431880831718445,-2.2535512447357178,0.9837682843208313,0.2,-0.028741591901052743,656,0.010607033604173921,0.0004092704424510632,-0.03320544213056564,1258.0,-2.0894492352941176
43,22016,18,1204,0.186279296875,0.018430334,-43.47048795223236,0.3298252820968628,0.9846469163894653,0.2,-0.021724144637119025,672,0.1124684966634959,0.0004092704424510632,0.009149450808763504,1258.0,-2.0894492352941176
44,22528,18,1204,0.23388671875,0.021379914,-43.51148235797882,-8.499287605285645,0.9871051907539368,0.2,-0.02550034319574479,688,0.007627110495377565,0.0004092704424510632,-0.0286095030605793,1258.0,-2.0894492352941176
45,23040,19,1204,0.3018798828125,0.026521908,-43.552802085876465,0.21287649869918823,0.9861069917678833,0.2,-0.02950920566217974,704,0.003790926064539235,0.0004092704424510632,-0.04814993962645531,1258.0,-2.0811985555555554
46,23552,19,1204,0.187744140625,0.017693853,-43.511141896247864,0.21797215938568115,0.9853760600090027,0.2,-0.025405862426850945,720,0.1431491271359846,0.0004092704424510632,0.007990095764398575,1258.0,-2.0811985555555554
47,24064,19,1204,0.2049560546875,0.02019646,-43.51865553855896,-2.8469278812408447,0.9866319298744202,0.2,-0.022579334530746564,736,0.014245189595385455,0.0004092704424510632,-0.03220715746283531,1258.0,-2.0850504736842104
48,24576,20,1204,0.1878662109375,0.017565379,-43.54720640182495,0.09570354223251343,0.9864904284477234,0.2,-0.020613790387869813,752,0.15587327792309225,0.0004092704424510632,0.007050365209579468,1258.0,-2.0850504736842104
49,25088,20,1204,0.2303466796875,0.016776817,-43.53276181221008,-6.3189263343811035,0.9860159754753113,0.2,-0.026706679549533874,768,0.0055549869139213115,0.0004092704424510632,-0.044251520186662674,1258.0,-2.0850504736842104
50,25600,21,1204,0.24658203125,0.021241449,-43.48779118061066,0.11339575052261353,0.9828440546989441,0.2,-0.02900536345259752,784,0.0044826429802924395,0.0004092704424510632,-0.044296734035015106,1258.0,-2.08041195
51,26112,21,1204,0.1634521484375,0.015666459,-43.407894015312195,0.11070996522903442,0.9823455214500427,0.2,-0.01746660255594179,800,0.14834677253384143,0.0004092704424510632,0.01224459707736969,1258.0,-2.08041195
52,26624,22,1204,0.23486328125,0.019435372,-43.417229413986206,-2.3007256984710693,0.983035147190094,0.2,-0.028580606063769665,816,0.016364196577342227,0.0004092704424510632,-0.05255774408578873,1258.0,-2.0790600476190475
53,27136,22,1204,0.1817626953125,0.01918663,-43.429967403411865,0.27856385707855225,0.9830664992332458,0.2,-0.02107873058412224,832,0.17203267943114042,0.0004092704424510632,0.024832919239997864,1258.0,-2.0790600476190475
54,27648,22,1204,0.27490234375,0.026306907,-43.41938602924347,-4.146773815155029,0.9825552701950073,0.2,-0.03100847380119376,848,0.00690325257164659,0.0004092704424510632,-0.04842323064804077,1258.0,-2.0790600476190475
55,28160,23,1204,0.2081298828125,0.014297398,-43.377097845077515,0.41145503520965576,0.9801582098007202,0.2,-0.0282644210383296,864,0.01042605513066519,0.0004092704424510632,-0.03624500706791878,1258.0,-2.0788878636363637
56,28672,23,1204,0.222412109375,0.030993152,-43.31851863861084,0.2753409147262573,0.9796524047851562,0.2,-0.0248374012298882,880,0.09883123775944114,0.0004092704424510632,0.0015717558562755585,1258.0,-2.0788878636363637
57,29184,24,1204,0.2266845703125,0.018841624,-43.30432462692261,-2.2082533836364746,0.9790961146354675,0.2,-0.022696573985740542,896,0.015442370320670307,0.0004092704424510632,-0.02337414026260376,1258.0,-2.081168260869565
58,29696,24,1204,0.1824951171875,0.01959847,-43.29480290412903,0.22329628467559814,0.9795665740966797,0.2,-0.022935399232665077,912,0.17477538413368165,0.0004092704424510632,0.03525175899267197,1258.0,-2.081168260869565
59,30208,25,1204,0.239990234375,0.019416813,-43.31620955467224,-0.6813372373580933,0.9801772236824036,0.2,-0.027499379197251983,928,0.013463581766700372,0.0004092704424510632,-0.02898924984037876,1258.0,-2.0915204166666665
60,30720,25,1204,0.1724853515625,0.021825362,-43.3180832862854,0.33234626054763794,0.9795370697975159,0.2,-0.020412369034602307,944,0.1899360737297684,0.0004092704424510632,0.04822028428316116,1258.0,-2.0915204166666665
61,31232,25,1204,0.2578125,0.02493245,-43.29501008987427,-6.938728332519531,0.9790944457054138,0.2,-0.030585637607146055,960,0.014335800253320485,0.0004092704424510632,-0.028294762596488,1258.0,-2.0915204166666665
62,31744,26,1204,0.231201171875,0.015824452,-43.294036507606506,-0.25242865085601807,0.9796829223632812,0.2,-0.025022747984621674,976,0.002053134303423576,0.0004092704424510632,-0.03700989857316017,1258.0,-2.09359296
63,32256,26,1204,0.2508544921875,0.028685164,-43.303974986076355,0.02365809679031372,0.9795032739639282,0.2,-0.02219529211288318,992,0.2902830187231302,0.0004092704424510632,0.04718573018908501,1258.0,-2.09359296
64,32768,27,1204,0.234375,0.018157702,-43.29562485218048,-2.9664416313171387,0.9795728325843811,0.2,-0.027752128604333848,1008,0.007124838812160306,0.0004092704424510632,-0.041356030851602554,1258.0,-2.0953098461538464
65,33280,27,1204,0.1435546875,0.016526876,-43.29541492462158,0.09024250507354736,0.9792970418930054,0.2,-0.018633475410752,1024,0.2803170373663306,0.0004092704424510632,0.08202921599149704,1258.0,-2.0953098461538464
66,33792,28,1204,0.2152099609375,0.015219972,-43.30248415470123,-7.523189544677734,0.9806877970695496,0.2,-0.020503753097727895,1040,0.0144729266903596,0.0004092704424510632,-0.02526463009417057,1258.0,-2.0953098461538464
67,34304,28,1204,0.202880859375,0.016327452,-43.33923017978668,-0.1674509048461914,0.9810734987258911,0.2,-0.025185117701767012,1056,0.0036158066541247535,0.0004092704424510632,-0.04009464010596275,1258.0,-2.0927244074074074
68,34816,28,1204,0.216796875,0.020482728,-43.32432532310486,0.0156707763671875,0.9798843860626221,0.2,-0.025179180229315534,1072,0.4003626648336649,0.0004092704424510632,0.12014137208461761,1258.0,-2.0927244074074074
69,35328,29,1204,0.181884765625,0.0122000305,-43.26489865779877,-1.7594680786132812,0.9775293469429016,0.2,-0.024507635069312528,1088,0.0043951576662948355,0.0004092704424510632,-0.039094068109989166,1258.0,-2.08936375
70,35840,29,1204,0.135498046875,0.016180173,-43.207114815711975,0.07978367805480957,0.9765725135803223,0.2,-0.020633926178561524,1104,0.32081544771790504,0.0004092704424510632,0.04470812529325485,1258.0,-2.08936375
71,36352,30,1204,0.216064453125,0.021383965,-43.172576546669006,-11.2881498336792,0.9748202562332153,0.2,-0.023244105104822665,1120,0.0075600118179863784,0.0004092704424510632,-0.03472253680229187,1258.0,-2.08936375
72,36864,30,1204,0.2012939453125,0.014137009,-43.141852617263794,0.10142302513122559,0.9753192067146301,0.2,-0.02099914531572722,1136,0.004505447439441923,0.0004092704424510632,-0.030516833066940308,1258.0,-2.0871137931034487
73,37376,31,1204,0.1268310546875,0.01929426,-43.16909670829773,0.09078466892242432,0.9758976697921753,0.2,-0.022768626498873346,1152,0.32299376325681806,0.0004092704424510632,0.027273602783679962,1258.0,-2.0871137931034487
74,37888,31,1204,0.196044921875,0.019882364,-43.18495833873749,-3.252821922302246,0.9767853617668152,0.2,-0.025899890752043575,1168,0.035660952620673925,0.0004092704424510632,-0.04135040566325188,1258.0,-2.0822373
75,38400,31,1204,0.166259765625,0.021526413,-43.218804121017456,0.22876185178756714,0.9776740670204163,0.2,-0.023766291720676236,1184,0.3268748354166746,0.0004092704424510632,0.04464669153094292,1258.0,-2.0822373
76,38912,32,1204,0.2352294921875,0.020988949,-43.23126435279846,-10.543291091918945,0.9778303503990173,0.2,-0.025776834227144718,1200,0.018225894993520342,0.0004092704424510632,-0.027436405420303345,1258.0,-2.0822373
77,39424,32,1204,0.24560546875,0.016458202,-43.23185956478119,0.1839330792427063,0.9775021076202393,0.2,-0.026419330155476928,1216,0.005949325073743239,0.0004092704424510632,-0.017012689262628555,1258.0,-2.0836871612903227
78,39936,33,1204,0.0838623046875,0.011789646,-43.22031128406525,0.11070609092712402,0.9769764542579651,0.2,-0.013635471361340024,1232,0.3335749607067555,0.0004092704424510632,0.0650680810213089,1258.0,-2.0836871612903227
79,40448,33,1204,0.1798095703125,0.012211204,-43.21932017803192,-2.357774496078491,0.9777929782867432,0.2,-0.020195361110381782,1248,0.011113905449747108,0.0004092704424510632,-0.03967101871967316,1258.0,-2.0866939375
80,40960,33,1204,0.2100830078125,0.016189603,-43.23989748954773,0.1922258734703064,0.9780094027519226,0.2,-0.025993365205067676,1264,0.4449435384012759,0.0004092704424510632,0.06383271515369415,1258.0,-2.0866939375
81,41472,34,1204,0.218505859375,0.01597408,-43.238096952438354,-3.088308334350586,0.9779374003410339,0.2,-0.024538612458854914,1280,0.01693307656387333,0.0004092704424510632,-0.03454653546214104,1258.0,-2.0866939375
82,41984,34,1204,0.2344970703125,0.015299028,-43.22651171684265,0.3780022859573364,0.9774139523506165,0.2,-0.027035726641770452,1296,0.007946184749016538,0.0004092704424510632,-0.03745331987738609,1258.0,-2.08771
83,42496,35,1204,0.1007080078125,0.015904427,-43.2145539522171,0.3125208020210266,0.9769923090934753,0.2,-0.015512189813307486,1312,0.20218752254731953,0.0004092704424510632,0.018396534025669098,1258.0,-2.08771
84,43008,35,1204,0.1763916015625,0.013722562,-43.21550095081329,-2.9067487716674805,0.9781040549278259,0.2,-0.01992698246613145,1328,0.02511681753094308,0.0004092704424510632,-0.027130205184221268,1258.0,-2.0892269411764706
85,43520,36,1204,0.1163330078125,0.019588724,-43.24584460258484,0.21905076503753662,0.9781521558761597,0.2,-0.01740605739178136,1344,0.3683082037605345,0.0004092704424510632,0.13386791944503784,1258.0,-2.0892269411764706
86,44032,36,1204,0.2496337890625,0.019532852,-43.23717927932739,0.2020856738090515,0.9779496192932129,0.2,-0.02197714350768365,1360,0.060173427569679916,0.0004092704424510632,0.0035705305635929108,1258.0,-2.0882280285714288
87,44544,36,1204,0.103271484375,0.013891434,-43.24208724498749,0.6427137851715088,0.9787462949752808,0.2,-0.013331260219274554,1376,0.3487837128341198,0.0004092704424510632,0.1753663867712021,1258.0,-2.0882280285714288
88,45056,37,1204,0.1993408203125,0.015607412,-43.276957631111145,-19.001502990722656,0.9802219271659851,0.2,-0.021508436628209893,1392,0.014226737926946953,0.0004092704424510632,-0.03201276808977127,1258.0,-2.0882280285714288
89,45568,37,1204,0.2435302734375,0.014676488,-43.31290602684021,-0.07327592372894287,0.9809219837188721,0.2,-0.02940867023426108,1408,0.0025446402360103093,0.0004092704424510632,-0.03795093670487404,1258.0,-2.0921225833333335
90,46080,38,1204,0.150634765625,0.014773236,-43.32291257381439,0.05681329965591431,0.9810290336608887,0.2,-0.017566279086167924,1424,0.5510500450618565,0.0004092704424510632,0.09361261874437332,1258.0,-2.0921225833333335
91,46592,38,1204,0.204833984375,0.017241891,-43.320982217788696,-0.7621740102767944,0.9806346297264099,0.2,-0.02365300865494646,1440,0.048142220301087946,0.0004092704424510632,-0.017421387135982513,1258.0,-2.090979
92,47104,39,1204,0.1326904296875,0.022509834,-43.30296504497528,0.49005937576293945,0.9798056483268738,0.2,-0.02009733149316162,1456,0.25176869658753276,0.0004092704424510632,0.06946776062250137,1258.0,-2.090979
93,47616,39,1204,0.2237548828125,0.018205123,-43.280736446380615,-16.874507904052734,0.9791110157966614,0.2,-0.0260413102369057,1472,0.010530872907111188,0.0004092704424510632,-0.04113088175654411,1258.0,-2.090979
94,48128,39,1204,0.224853515625,0.014517962,-43.26616609096527,0.06739991903305054,0.979174017906189,0.2,-0.024032872985117137,1488,0.0044177569361636415,0.0004092704424510632,-0.025128783658146858,1258.0,-2.093025578947368
95,48640,40,1204,0.140625,0.016173255,-43.27883994579315,0.09162729978561401,0.9793129563331604,0.2,-0.0221987898403313,1504,0.5007874183356762,0.0004092704424510632,0.04651139676570892,1258.0,-2.093025578947368
96,49152,40,1204,0.244140625,0.022098355,-43.27841138839722,-0.5834047794342041,0.9793340563774109,0.2,-0.02790282813657541,1520,0.018821889359969646,0.0004092704424510632,-0.02415664866566658,1258.0,-2.0914953846153845
97,49664,41,1204,0.088134765625,0.0137173515,-43.28076195716858,0.429673433303833,0.9794133901596069,0.2,-0.015504391572903842,1536,0.39096856862306595,0.0004092704424510632,0.06435419619083405,1258.0,-2.0914953846153845
98,50176,41,1204,0.27783203125,0.015197844,-43.27433717250824,-10.002716064453125,0.9790030121803284,0.2,-0.023856428408180363,1552,0.006218074009666452,0.0004092704424510632,-0.034600112587213516,1258.0,-2.0914953846153845
99,50688,42,1204,0.287109375,0.017073117,-43.27332150936127,0.19440561532974243,0.9798603653907776,0.2,-0.027351012875442393,1568,0.0047004088628455065,0.0004092704424510632,-0.03620867431163788,1258.0,-2.0903637500000003
100,51200,42,1204,0.1204833984375,0.017773513,-43.29241478443146,0.17554724216461182,0.9796808958053589,0.2,-0.01997532998211682,1584,0.3321538674645126,0.0004092704424510632,0.02010880410671234,1258.0,-2.0903637500000003
101,51712,42,1204,0.251708984375,0.018870516,-43.26744520664215,-1.1200892925262451,0.9784835577011108,0.2,-0.022922114476386923,1600,0.023023671412374824,0.0004092704424510632,-0.021774262189865112,1258.0,-2.0919681707317075
102,52224,43,1204,0.1419677734375,0.020753603,-43.24229645729065,0.406754732131958,0.9784317016601562,0.2,-0.01660281972726807,1616,0.27255701599642634,0.0004092704424510632,0.051738522946834564,1258.0,-2.0919681707317075
103,52736,43,1204,0.2503662109375,0.018498775,-43.24143469333649,-8.247160911560059,0.9782779812812805,0.2,-0.02633329616219271,1632,0.004702928305050591,0.0004092704424510632,-0.04169300198554993,1258.0,-2.0919681707317075
104,53248,44,1204,0.2252197265625,0.015830519,-43.241238713264465,0.1534210443496704,0.9785440564155579,0.2,-0.026098540343809873,1648,0.006594434365979396,0.0004092704424510632,-0.029913876205682755,1258.0,-2.090569238095238
105,53760,44,1204,0.09130859375,0.016004987,-43.24783110618591,0.19527626037597656,0.9788104891777039,0.2,-0.016975684848148376,1664,0.3470088429749012,0.0004092704424510632,0.03762304037809372,1258.0,-2.090569238095238
106,54272,45,1204,0.2232666015625,0.017382763,-43.242084980010986,-1.0022902488708496,0.9782384037971497,0.2,-0.024481596468831412,1680,0.03827656107023358,0.0004092704424510632,-0.02431481145322323,1258.0,-2.0935866744186047
107,54784,45,1204,0.0479736328125,0.010240264,-43.22062695026398,0.3127131462097168,0.9779137372970581,0.2,-0.011916492730961181,1696,0.3755728891119361,0.0004092704424510632,0.06769773364067078,1258.0,-2.0935866744186047
108,55296,45,1204,0.1710205078125,0.016390096,-43.209787487983704,-1.6840145587921143,0.9771913290023804,0.2,-0.016612240026006475,1712,0.024225490837125108,0.0004092704424510632,-0.029731305316090584,1258.0,-2.0935866744186047
109,55808,46,1204,0.254638671875,0.015935816,-43.17537021636963,0.2885167598724365,0.9758575558662415,0.2,-0.027912653997191228,1728,0.007910695203463547,0.0004092704424510632,-0.035552192479372025,1258.0,-2.0930898636363637
110,56320,46,1204,0.0850830078125,0.01579253,-43.13619077205658,0.35529136657714844,0.9750184416770935,0.2,-0.015169800477451645,1744,0.27102236030623317,0.0004092704424510632,0.008299246430397034,1258.0,-2.0930898636363637
111,56832,47,1204,0.202392578125,0.020450957,-43.11091983318329,-2.265357255935669,0.9741356372833252,0.2,-0.023424244136549532,1760,0.07846443122252822,0.0004092704424510632,-0.02164449170231819,1258.0,-2.0916122
112,57344,47,1204,0.156494140625,0.016022064,-43.08809316158295,0.32841604948043823,0.9738441109657288,0.2,-0.016400894295657054,1776,0.4377161106094718,0.0004092704424510632,0.09959669411182404,1258.0,-2.0916122
113,57856,48,1204,0.2198486328125,0.019777548,-43.07661736011505,-4.6046671867370605,0.9733515977859497,0.2,-0.026189773867372423,1792,0.01636026523192413,0.0004092704424510632,-0.034037575125694275,1258.0,-2.0916122
114,58368,48,1204,0.2342529296875,0.018199053,-43.07950699329376,0.5585541725158691,0.974573016166687,0.2,-0.022494316392112523,1808,0.012623658927623183,0.0004092704424510632,-0.029697120189666748,1258.0,-2.0925427173913045
115,58880,48,1204,0.2879638671875,0.030693172,-43.109965324401855,0.2672837972640991,0.9744114875793457,0.2,-0.019588111274060793,1824,0.13404255191562697,0.0004092704424510632,0.00041785649955272675,1258.0,-2.0925427173913045
116,59392,49,1204,0.2208251953125,0.019153904,-43.077637672424316,-2.825049877166748,0.9727152585983276,0.2,-0.021944996929960325,1840,0.018884258664911613,0.0004092704424510632,-0.02053140103816986,1258.0,-2.0929529148936172
117,59904,49,1204,0.101806640625,0.013899099,-43.036773324012756,0.20516550540924072,0.9721341133117676,0.2,-0.01731594928423874,1856,0.4102369286119938,0.0004092704424510632,0.040118057280778885,1258.0,-2.0929529148936172
118,60416,50,1204,0.2813720703125,0.017904233,-43.02258610725403,-2.4284191131591797,0.9714962840080261,0.2,-0.029012657003477216,1872,0.005938610338489525,0.0004092704424510632,-0.042030252516269684,1258.0,-2.0907197708333336
119,60928,50,1204,0.1319580078125,0.017571967,-43.008729219436646,0.07881540060043335,0.9716292023658752,0.2,-0.017172746622236446,1888,0.541446222923696,0.0004092704424510632,0.04227861762046814,1258.0,-2.0907197708333336
120,61440,51,1204,0.28515625,0.022784155,-43.01218783855438,-5.781752586364746,0.9717429280281067,0.2,-0.029762633574137,1904,0.005842259226483293,0.0004092704424510632,-0.03640791028738022,1258.0,-2.0907197708333336
121,61952,51,1204,0.2503662109375,0.02253175,-43.01471555233002,0.06203746795654297,0.9720189571380615,0.2,-0.027709031681297347,1920,0.0030519951396854594,0.0004092704424510632,-0.04574676603078842,1258.0,-2.091660693877551
122,62464,51,1204,0.09130859375,0.018638147,-43.01818144321442,0.1213982105255127,0.9718468189239502,0.2,-0.017428940380341373,1936,0.4696604101918638,0.0004092704424510632,0.04160801321268082,1258.0,-2.091660693877551
123,62976,52,1204,0.2552490234375,0.021704622,-43.03072488307953,-1.6533582210540771,0.9740001559257507,0.2,-0.026427316362969577,1952,0.016415626916568726,0.0004092704424510632,-0.038970764726400375,1258.0,-2.09447574
124,63488,52,1204,0.0433349609375,0.008489252,-43.09525454044342,0.3391096591949463,0.9747866988182068,0.2,-0.008097424666630104,1968,0.4338555778376758,0.0004092704424510632,0.1972961574792862,1258.0,-2.09447574
125,64000,53,1204,0.2354736328125,0.01621723,-43.09702670574188,-5.306027889251709,0.9745611548423767,0.2,-0.024453133868519217,1984,0.001975857876459486,0.0004092704424510632,-0.029133718460798264,1258.0,-2.09447574
126,64512,53,1204,0.2607421875,0.022154778,-43.067548751831055,0.0982864499092102,0.9732474088668823,0.2,-0.027097955608041957,2000,0.004432378307683393,0.0004092704424510632,-0.025850001722574234,1258.0,-2.0927198039215686
127,65024,53,1204,0.0595703125,0.012421557,-43.03350210189819,0.16745692491531372,0.9727713465690613,0.2,-0.012084567308193073,2016,0.6755165038630366,0.0004092704424510632,0.18542376160621643,1258.0,-2.0927198039215686
128,65536,54,1205,0.27880859375,0.022956252,-43.040313839912415,-2.566929578781128,0.9740719795227051,0.2,-0.02574512541468721,2032,0.04347466310719028,0.0004092704424510632,-0.03167715668678284,1258.0,-2.092509173076923
129,66048,54,1205,0.152587890625,0.01907411,-43.08484637737274,0.3291628956794739,0.9749464392662048,0.2,-0.020919869726640172,2048,0.420400264672935,0.0004092704424510632,0.07688143104314804,1258.0,-2.092509173076923
130,66560,55,1205,0.3072509765625,0.023021923,-43.08482480049133,-14.851423263549805,0.9741572141647339,0.2,-0.03170092706568539,2064,0.009139668680290924,0.0004092704424510632,-0.03359081223607063,1258.0,-2.092509173076923
131,67072,55,1205,0.2894287109375,0.021729538,-43.04005968570709,0.10756921768188477,0.9718708992004395,0.2,-0.032036679214797914,2080,0.004499220187426545,0.0004092704424510632,-0.05468645319342613,1258.0,-2.0888948301886794
132,67584,56,1205,0.1268310546875,0.01853066,-42.98271596431732,0.06925982236862183,0.9715257287025452,0.2,-0.018788736371789128,2096,0.5068626890424639,0.0004092704424510632,0.09243622422218323,1258.0,-2.0888948301886794
133,68096,56,1205,0.2266845703125,0.016699284,-42.98464095592499,-3.1693429946899414,0.9715499877929688,0.2,-0.02437853696756065,2112,0.03035972494399175,0.0004092704424510632,-0.028488390147686005,1258.0,-2.088853425925926
134,68608,56,1205,0.1114501953125,0.019247767,-42.97862112522125,0.3177642822265625,0.9712429046630859,0.2,-0.01910078556102235,2128,0.4008548939600587,0.0004092704424510632,0.07606516778469086,1258.0,-2.088853425925926
135,69120,57,1205,0.2396240234375,0.01770833,-42.95714354515076,-7.509746551513672,0.9706278443336487,0.2,-0.02376793185248971,2144,0.0029173469010856934,0.0004092704424510632,-0.025352228432893753,1258.0,-2.088853425925926
136,69632,57,1205,0.2269287109375,0.014432374,-42.91864800453186,0.23730945587158203,0.9689646363258362,0.2,-0.024494778481312096,2160,0.006514750813948922,0.0004092704424510632,-0.028131267055869102,1258.0,-2.0902857272727275
137,70144,58,1205,0.0849609375,0.014591489,-42.87224471569061,0.26642274856567383,0.9681963324546814,0.2,-0.016955063096247613,2176,0.3679119881708175,0.0004092704424510632,0.05539131164550781,1258.0,-2.0902857272727275
138,70656,58,1205,0.2391357421875,0.024874607,-42.878631830215454,-2.9356982707977295,0.9696908593177795,0.2,-0.0241739051125478,2192,0.03382013214286417,0.0004092704424510632,-0.027892988175153732,1258.0,-2.087669357142857
139,71168,59,1205,0.1468505859375,0.019948706,-42.924667835235596,0.0857049822807312,0.9703142046928406,0.2,-0.02180670966481557,2208,0.6235978258773685,0.0004092704424510632,0.08181427419185638,1258.0,-2.087669357142857
140,71680,59,1205,0.2001953125,0.013399731,-42.9201283454895,-0.6961193084716797,0.9696800708770752,0.2,-0.024392495572101325,2224,0.011210328608285636,0.0004092704424510632,-0.037901852279901505,1258.0,-2.087669357142857
141,72192,59,1205,0.219482421875,0.016258664,-42.872663259506226,0.5349946022033691,0.9668565392494202,0.2,-0.02290685892512556,2240,0.04292587609961629,0.0004092704424510632,-0.01659681275486946,1258.0,-2.0856726315789476
142,72704,60,1206,0.139892578125,0.023593146,-42.78796136379242,0.48196494579315186,0.9650372862815857,0.2,-0.018008428465691395,2256,0.13406343793030828,0.0004092704424510632,-0.01054268330335617,1258.0,-2.0856726315789476
143,73216,60,1206,0.23095703125,0.016685463,-42.74018394947052,-3.239574909210205,0.963958203792572,0.2,-0.021440096854348667,2272,0.020548980217427015,0.0004092704424510632,-0.016590043902397156,1258.0,-2.084726655172414
144,73728,61,1206,0.0948486328125,0.018801276,-42.722545742988586,0.30146121978759766,0.9637715816497803,0.2,-0.017591434057976585,2288,0.39338967157527804,0.0004092704424510632,0.0771372839808464,1258.0,-2.084726655172414
145,74240,61,1206,0.2349853515625,0.017753245,-42.72507452964783,-1.7548716068267822,0.9642320275306702,0.2,-0.0229707675462123,2304,0.012567033234518021,0.0004092704424510632,-0.02224508672952652,1258.0,-2.0832708813559324
146,74752,61,1206,0.08349609375,0.015114234,-42.731170296669006,0.5051978826522827,0.9642676115036011,0.2,-0.01232777678524144,2320,0.4257045886479318,0.0004092704424510632,0.09525885432958603,1258.0,-2.0832708813559324
147,75264,62,1206,0.289306640625,0.027385734,-42.74315881729126,-7.697368621826172,0.9655691981315613,0.2,-0.030227752387872897,2336,0.005204331791901495,0.0004092704424510632,-0.046327460557222366,1258.0,-2.0832708813559324
1,75776,0,3893,0.249755859375,0.015393062,-42.797354340553284,-0.16477179527282715,0.9672744274139404,0.2,-0.027622509485809132,2352,0.0018537808791734278,0.0004092704424510632,-0.03851357847452164,1258.0,-2.0816644666666666
2,76288,0,1859,0.088134765625,0.013897856,-42.8424152135849,0.11833029985427856,0.9679812788963318,0.2,-0.017219016008311883,2368,0.516067408490926,0.0004092704424510632,0.05028539150953293,1258.0,-2.0816644666666666
3,76800,0,1581,0.256103515625,0.019276138,-42.87326955795288,-2.962271213531494,0.9699190258979797,0.2,-0.026659402588848025,2384,0.014655541905085556,0.0004092704424510632,-0.027142848819494247,1258.0,-2.079724245901639
4,77312,1,1471,0.058837890625,0.012415443,-42.922807931900024,0.14547353982925415,0.9703883528709412,0.2,-0.01372383777925279,2400,0.6298965262249112,0.0004092704424510632,0.13880780339241028,1258.0,-2.079724245901639
5,77824,1,1411,0.238037109375,0.018175479,-42.909149527549744,-11.779702186584473,0.969367265701294,0.2,-0.0246605594875291,2416,0.006990400437643984,0.0004092704424510632,-0.03540550544857979,1258.0,-2.079724245901639
6,78336,2,1375,0.2489013671875,0.018354226,-42.8838015794754,0.09925192594528198,0.9688659310340881,0.2,-0.02449205835000612,2432,0.004318552833865397,0.0004092704424510632,-0.038692325353622437,1258.0,-2.078698241935484
7,78848,2,1351,0.1005859375,0.016843501,-42.88282120227814,0.13285064697265625,0.9688243269920349,0.2,-0.017159367373096757,2448,0.5215102094225585,0.0004092704424510632,0.05091987922787666,1258.0,-2.078698241935484
8,79360,3,1332,0.1912841796875,0.0158765,-42.888604402542114,-2.730539083480835,0.9689109325408936,0.2,-0.01947238569118781,2464,0.015579587037791498,0.0004092704424510632,-0.024047501385211945,1258.0,-2.0758939047619047
9,79872,3,1319,0.0645751953125,0.013625002,-42.89043056964874,0.23122429847717285,0.9686734676361084,0.2,-0.016617641726043075,2480,0.48287994833663106,0.0004092704424510632,0.07110041379928589,1258.0,-2.0758939047619047
10,80384,3,1307,0.2799072265625,0.021513566,-42.88214290142059,-9.504725456237793,0.9685155749320984,0.2,-0.029807905782945454,2496,0.003806467957474524,0.0004092704424510632,-0.036784470081329346,1258.0,-2.0758939047619047
11,80896,4,1287,0.296630859375,0.019974388,-42.888471722602844,0.1414589285850525,0.9689837694168091,0.2,-0.027069930685684085,2512,0.004896660539088771,0.0004092704424510632,-0.041217781603336334,1258.0,-2.072111375
12,81408,4,1282,0.043212890625,0.010528257,-42.90122449398041,0.19854331016540527,0.9693378210067749,0.2,-0.012004831325612031,2528,0.6534245959483087,0.0004092704424510632,0.06971997022628784,1258.0,-2.072111375
13,81920,5,1277,0.2254638671875,0.01776575,-42.89764177799225,-2.5825088024139404,0.9683016538619995,0.2,-0.023126188287278637,2544,0.025471737957559526,0.0004092704424510632,-0.028216049075126648,1258.0,-2.069508769230769
14,82432,5,1275,0.0966796875,0.015802514,-42.85825002193451,0.2552759051322937,0.967435896396637,0.2,-0.02088707228540443,2560,0.4819097062572837,0.0004092704424510632,0.0574716180562973,1258.0,-2.069508769230769
15,82944,6,1272,0.258056640625,0.01984459,-42.85492205619812,-5.344522476196289,0.9680466055870056,0.2,-0.026781955733895302,2576,0.002881158157833852,0.0004092704424510632,-0.03871599957346916,1258.0,-2.069508769230769
16,83456,6,1269,0.24609375,0.017279401,-42.88034129142761,0.24279320240020752,0.9687415957450867,0.2,-0.025981618877267465,2592,0.006600650856853463,0.0004092704424510632,-0.027000825852155685,1258.0,-2.069994878787879
17,83968,6,1264,0.115234375,0.018558566,-42.89037227630615,0.25790905952453613,0.9682890176773071,0.2,-0.01650761799828615,2608,0.34407570050098,0.0004092704424510632,0.06325440108776093,1258.0,-2.069994878787879
18,84480,7,1262,0.2481689453125,0.022959579,-42.89004456996918,-2.771024703979492,0.9695029854774475,0.2,-0.02382484107511118,2624,0.022684745665173978,0.0004092704424510632,-0.02136223018169403,1258.0,-2.066528179104478
19,84992,7,1258,0.10791015625,0.018149722,-42.925368428230286,0.25966721773147583,0.9697330594062805,0.2,-0.01831376538029872,2640,0.5138998753391206,0.0004092704424510632,0.09711604565382004,1258.0,-2.066528179104478
20,85504,8,1257,0.288330078125,0.020761017,-42.899962067604065,-0.16915547847747803,0.968311607837677,0.2,-0.027553739477298222,2656,0.02231776263215579,0.0004092704424510632,-0.0365230031311512,1258.0,-2.066528179104478
21,86016,8,1253,0.2923583984375,0.019217573,-42.87414574623108,0.3923470973968506,0.9681166410446167,0.2,-0.030148316065606195,2672,0.014277701207902282,0.0004092704424510632,-0.032679617404937744,1258.0,-2.0645905147058823
22,86528,8,1251,0.1353759765625,0.018847503,-42.87090587615967,0.3259574770927429,0.9678997993469238,0.2,-0.01733006807626225,2688,0.24891781865153462,0.0004092704424510632,-0.0009516607969999313,1258.0,-2.0645905147058823
23,87040,9,1249,0.265625,0.018564802,-42.86438739299774,-4.149787425994873,0.9677628874778748,0.2,-0.026529162656515837,2704,0.02684836823027581,0.0004092704424510632,-0.022899232804775238,1258.0,-2.0650725942028987
24,87552,9,1246,0.0552978515625,0.010343187,-42.86193609237671,0.17962205410003662,0.9678999185562134,0.2,-0.012709621572867036,2720,0.6564969155006111,0.0004092704424510632,0.06414561718702316,1258.0,-2.0650725942028987
25,88064,10,1245,0.266357421875,0.020585388,-42.88575339317322,0.30902642011642456,0.9695497751235962,0.2,-0.030612303686211817,2736,0.03888638480566442,0.0004092704424510632,-0.02649441733956337,1258.0,-2.0642943142857146
26,88576,10,1244,0.08935546875,0.015344935,-42.91813373565674,0.6096699237823486,0.969736635684967,0.2,-0.01640956339542754,2752,0.523438579402864,0.0004092704424510632,0.1386026293039322,1258.0,-2.0642943142857146
27,89088,11,1243,0.257080078125,0.021543201,-42.89776408672333,-19.230363845825195,0.9685782194137573,0.2,-0.028077647904865444,2768,0.006667964851658326,0.0004092704424510632,-0.040587734431028366,1258.0,-2.0642943142857146
28,89600,11,1241,0.271484375,0.016843654,-42.853782296180725,-0.16901659965515137,0.967217206954956,0.2,-0.028995771543122828,2784,0.002372285453020595,0.0004092704424510632,-0.04474075883626938,1258.0,-2.062969901408451
29,90112,11,1241,0.0731201171875,0.010953365,-42.8209570646286,0.10718882083892822,0.9671921133995056,0.2,-0.013483052694937214,2800,0.6249461527913809,0.0004092704424510632,0.1999756544828415,1258.0,-2.062969901408451
30,90624,12,1240,0.2149658203125,0.019316837,-42.85246527194977,-4.438792705535889,0.9695615172386169,0.2,-0.024536054173950106,2816,0.03456212009768933,0.0004092704424510632,-0.01988314837217331,1258.0,-2.0622945694444446
31,91136,12,1238,0.06982421875,0.012468478,-42.92129862308502,0.13460397720336914,0.9702188372612,0.2,-0.010418471742013935,2832,0.5254564168862998,0.0004092704424510632,0.038180552423000336,1258.0,-2.0622945694444446
32,91648,13,1238,0.246826171875,0.015791155,-42.927557826042175,-6.869501113891602,0.9709299206733704,0.2,-0.0224342490255367,2848,0.0026420292397233425,0.0004092704424510632,-0.03642202168703079,1258.0,-2.0622945694444446
33,92160,13,1237,0.26123046875,0.01923621,-42.93773972988129,0.13777005672454834,0.9707116484642029,0.2,-0.024817725672619417,2864,0.004233786406985018,0.0004092704424510632,-0.03243149816989899,1258.0,-2.061776287671233
34,92672,14,1237,0.0643310546875,0.013263784,-42.92304480075836,0.21211671829223633,0.9705742597579956,0.2,-0.012745930376695469,2880,0.5204702946357429,0.0004092704424510632,0.1240973025560379,1258.0,-2.061776287671233
35,93184,14,1236,0.2513427734375,0.02146748,-42.92405378818512,-2.7222185134887695,0.9708618521690369,0.2,-0.027376420970540494,2896,0.021445603808388114,0.0004092704424510632,-0.0306557584553957,1258.0,-2.0608512567567567
36,93696,14,1236,0.0474853515625,0.014050316,-42.939064264297485,0.3607991933822632,0.9707991480827332,0.2,-0.01128896910813637,2912,0.5058873551897705,0.0004092704424510632,0.0767049640417099,1258.0,-2.0608512567567567
37,94208,15,1235,0.2618408203125,0.017058646,-42.97169637680054,-13.029461860656738,0.9742929935455322,0.2,-0.027999999467283487,2928,0.004745197620650288,0.0004092704424510632,-0.04098926857113838,1258.0,-2.0608512567567567
38,94720,15,1234,0.2430419921875,0.016817208,-43.07869040966034,0.16367632150650024,0.9758087992668152,0.2,-0.02590181166306138,2944,0.005129855329869315,0.0004092704424510632,-0.03672316297888756,1258.0,-2.059632613333333
39,95232,16,1234,0.0511474609375,0.013535025,-43.10257649421692,0.230627179145813,0.9762856364250183,0.2,-0.011748040138627402,2960,0.44461588421836495,0.0004092704424510632,0.041038207709789276,1258.0,-2.059632613333333
40,95744,16,1234,0.2484130859375,0.020496173,-43.098331809043884,-1.1104624271392822,0.9751743078231812,0.2,-0.024087953235721216,2976,0.013027679873630404,0.0004092704424510632,-0.03619172051548958,1258.0,-2.058177842105263
41,96256,17,1233,0.0560302734375,0.013819738,-43.072707295417786,0.4006872773170471,0.9750477075576782,0.2,-0.01619042584206909,2992,0.5875580157153308,0.0004092704424510632,0.08354341983795166,1258.0,-2.058177842105263
42,96768,17,1233,0.2913818359375,0.018282373,-43.063884258270264,-5.045509338378906,0.9744948744773865,0.2,-0.027650271164020523,3008,0.003489956394332694,0.0004092704424510632,-0.03648434951901436,1258.0,-2.058177842105263
43,97280,17,1233,0.208740234375,0.018254535,-43.0518913269043,0.15933233499526978,0.9740886092185974,0.2,-0.020967929012840614,3024,0.004916683705232572,0.0004092704424510632,-0.01392044872045517,1258.0,-2.057593038961039
44,97792,18,1233,0.0562744140625,0.0127424635,-43.03688108921051,0.2071111798286438,0.9736154675483704,0.2,-0.011024846295185853,3040,0.5002734521403909,0.0004092704424510632,0.033795394003391266,1258.0,-2.057593038961039
45,98304,18,1232,0.2850341796875,0.025335537,-43.03930914402008,-1.6105165481567383,0.9746466875076294,0.2,-0.029794480913551524,3056,0.022736342332791537,0.0004092704424510632,-0.031062353402376175,1258.0,-2.0576112820512824
46,98816,19,1231,0.079833984375,0.015801381,-43.06253182888031,0.3105228543281555,0.9748307466506958,0.2,-0.012948140356456861,3072,0.469125235453248,0.0004092704424510632,0.09567666053771973,1258.0,-2.0576112820512824
47,99328,19,1231,0.27685546875,0.019600153,-43.07504892349243,-0.9157930612564087,0.9764799475669861,0.2,-0.027493882575072348,3088,0.02053055932628922,0.0004092704424510632,-0.031353894621133804,1258.0,-2.0576112820512824
48,99840,19,1231,0.2772216796875,0.016262462,-43.12774980068207,0.3320275545120239,0.9776771068572998,0.2,-0.03229662714875303,3104,0.010661693231668323,0.0004092704424510632,-0.04865246266126633,1258.0,-2.059887772151899
49,100352,20,1231,0.0841064453125,0.017085385,-43.14903151988983,0.374431848526001,0.9781821370124817,0.2,-0.011377734859706834,3120,0.27450031705666333,0.0004092704424510632,0.016153814271092415,1258.0,-2.059887772151899
50,100864,20,1230,0.2506103515625,0.018830199,-43.15331828594208,-3.418384075164795,0.9771034717559814,0.2,-0.02539788218564354,3136,0.03219521325081587,0.0004092704424510632,-0.024748453870415688,1258.0,-2.0590489374999996
51,101376,21,1230,0.056884765625,0.014253432,-43.117376923561096,0.17502856254577637,0.9762085676193237,0.2,-0.011997437992249615,3152,0.5923714800737798,0.0004092704424510632,0.05810151621699333,1258.0,-2.0590489374999996
52,101888,21,1230,0.180419921875,0.013628215,-43.1256023645401,-3.7003769874572754,0.9781818389892578,0.2,-0.016466330023831688,3168,0.010803239536471665,0.0004092704424510632,-0.019958792254328728,1258.0,-2.0590489374999996
53,102400,22,1229,0.305419921875,0.020078998,-43.20782399177551,0.5541990399360657,0.9810385704040527,0.2,-0.03331250068731606,3184,0.030529150331858546,0.0004092704424510632,-0.0243599321693182,1258.0,-2.0596586790123457
54,102912,22,1229,0.1866455078125,0.026309969,-43.26707637310028,0.35353273153305054,0.9816074967384338,0.2,-0.015867766007431783,3200,0.12415811407845467,0.0004092704424510632,-0.010329006239771843,1258.0,-2.0596586790123457
55,103424,22,1229,0.2900390625,0.023070969,-43.28184163570404,-6.007894515991211,0.9827956557273865,0.2,-0.02606073094648309,3216,0.014059448381885886,0.0004092704424510632,-0.031275808811187744,1258.0,-2.058787170731707
56,103936,23,1228,0.104736328125,0.01661693,-43.31997513771057,0.22905117273330688,0.9833554625511169,0.2,-0.017202819159138016,3232,0.45883699459955096,0.0004092704424510632,0.061275433748960495,1258.0,-2.058787170731707
57,104448,23,1228,0.2886962890625,0.023067474,-43.32664442062378,-0.8745522499084473,0.9836187958717346,0.2,-0.0261838043879834,3248,0.01922448113327846,0.0004092704424510632,-0.01913617178797722,1258.0,-2.059814518072289
58,104960,24,1228,0.0615234375,0.012779083,-43.3272979259491,0.5481577515602112,0.983548104763031,0.2,-0.007622196710144635,3264,0.46099833445623517,0.0004092704424510632,0.08946993201971054,1258.0,-2.059814518072289
59,105472,24,1227,0.2454833984375,0.020389289,-43.31743371486664,-18.8514461517334,0.9828391671180725,0.2,-0.024612981753307395,3280,0.006291597499512136,0.0004092704424510632,-0.03179977834224701,1258.0,-2.059814518072289
60,105984,25,1227,0.31884765625,0.027998164,-43.27182102203369,0.0707293152809143,0.9809866547584534,0.2,-0.03168210756848566,3296,0.006421401121770032,0.0004092704424510632,-0.040740128606557846,1258.0,-2.059889964285714
61,106496,25,1227,0.0533447265625,0.014378145,-43.22931909561157,0.17664670944213867,0.980491578578949,0.2,-0.011700654125888832,3312,0.670739867258817,0.0004092704424510632,0.0494898296892643,1258.0,-2.059889964285714
62,107008,25,1227,0.283935546875,0.020620912,-43.203301787376404,-0.7875590324401855,0.9785343408584595,0.2,-0.030912779082427733,3328,0.010610909521346912,0.0004092704424510632,-0.03388151898980141,1258.0,-2.060098658823529
63,107520,26,1227,0.0423583984375,0.011482727,-43.145864725112915,0.37585562467575073,0.977684497833252,0.2,-0.012832786684157327,3344,0.5266545945778489,0.0004092704424510632,0.0956244096159935,1258.0,-2.060098658823529
64,108032,26,1226,0.212158203125,0.014150812,-43.14475071430206,-6.57367467880249,0.9783464074134827,0.2,-0.021249783865641803,3360,0.002508008508812054,0.0004092704424510632,-0.03479617089033127,1258.0,-2.060098658823529
65,108544,27,1226,0.2841796875,0.020487174,-43.1566162109375,0.12352782487869263,0.9782998561859131,0.2,-0.025969503636588342,3376,0.0041186584130628034,0.0004092704424510632,-0.024970028549432755,1258.0,-2.0593410232558136
66,109056,27,1226,0.06005859375,0.013440948,-43.15934777259827,0.25036442279815674,0.9786303043365479,0.2,-0.011291549206362106,3392,0.42899459041655064,0.0004092704424510632,0.08282335847616196,1258.0,-2.0593410232558136
67,109568,27,1226,0.3009033203125,0.021803454,-43.17614138126373,-3.3343892097473145,0.979521632194519,0.2,-0.028896661373437382,3408,0.008311179000884295,0.0004092704424510632,-0.032182108610868454,1258.0,-2.0585309425287353
68,110080,28,1226,0.052490234375,0.011449067,-43.19263458251953,0.36994653940200806,0.9797495603561401,0.2,-0.010840963368536904,3424,0.5857655322179198,0.0004092704424510632,0.07918716967105865,1258.0,-2.0585309425287353
69,110592,28,1226,0.276611328125,0.018195484,-43.20310914516449,-3.3421411514282227,0.9806917905807495,0.2,-0.029098239458107855,3440,0.00239872188467416,0.0004092704424510632,-0.03756145015358925,1258.0,-2.0585309425287353
70,111104,29,1225,0.2542724609375,0.020606246,-43.21712350845337,0.18842846155166626,0.9806711077690125,0.2,-0.02235413649759721,3456,0.004271990583220031,0.0004092704424510632,-0.029615990817546844,1258.0,-2.055327920454545
71,111616,29,1225,0.068115234375,0.0103413705,-43.204978585243225,0.269379198551178,0.9803329706192017,0.2,-0.009061524862772785,3472,0.5421559009701014,0.0004092704424510632,0.057027667760849,1258.0,-2.055327920454545
72,112128,30,1225,0.2088623046875,0.015835885,-43.19797623157501,-4.248576641082764,0.980509877204895,0.2,-0.020058387628523633,3488,0.020889848296064883,0.0004092704424510632,-0.020221058279275894,1258.0,-2.0558396853932583
73,112640,30,1225,0.0968017578125,0.016824968,-43.19192862510681,0.3264027237892151,0.9803546071052551,0.2,-0.016527093044715002,3504,0.5034633344039321,0.0004092704424510632,0.08882374316453934,1258.0,-2.0558396853932583
74,113152,30,1225,0.314208984375,0.02467928,-43.18362760543823,-12.945419311523438,0.9801785349845886,0.2,-0.03090811449510511,3520,0.004106167893041857,0.0004092704424510632,-0.03847378492355347,1258.0,-2.0558396853932583
75,113664,31,1224,0.2178955078125,0.014723019,-43.19981849193573,0.2512328028678894,0.9814362525939941,0.2,-0.02629167216946371,3536,0.005871285538887605,0.0004092704424510632,-0.02916538715362549,1258.0,-2.0563213333333334
76,114176,31,1225,0.0946044921875,0.018116634,-43.22443926334381,0.26773303747177124,0.9817438721656799,0.2,-0.01688665479014162,3552,0.4060761493165046,0.0004092704424510632,0.013074442744255066,1258.0,-2.0563213333333334
77,114688,32,1225,0.2677001953125,0.01874635,-43.208895564079285,-5.716620922088623,0.9800165295600891,0.2,-0.02784680789045524,3568,0.018644484225660563,0.0004092704424510632,-0.03211424499750137,1258.0,-2.0562367692307695
78,115200,32,1225,0.0479736328125,0.010333328,-43.159289956092834,0.14077311754226685,0.9793908596038818,0.2,-0.009396446199389175,3584,0.7414117068983614,0.0004092704424510632,0.12763714790344238,1258.0,-2.0562367692307695
79,115712,33,1225,0.273193359375,0.020248495,-43.14441096782684,-9.13610553741455,0.9786281585693359,0.2,-0.02431581894052215,3600,0.005583099195064278,0.0004092704424510632,-0.030868522822856903,1258.0,-2.0562367692307695
80,116224,33,1225,0.26953125,0.016646137,-43.12352705001831,0.4988718032836914,0.978054940700531,0.2,-0.028995791828492656,3616,0.019675379880936816,0.0004092704424510632,-0.03038700670003891,1258.0,-2.058842347826087
81,116736,33,1224,0.2340087890625,0.027339103,-43.09675979614258,0.2914687991142273,0.9768295884132385,0.2,-0.024838260593242012,3632,0.3738729185424745,0.0004092704424510632,-0.020840685814619064,1258.0,-2.058842347826087
82,117248,34,1225,0.2861328125,0.020914793,-43.07154595851898,-6.202256679534912,0.9771058559417725,0.2,-0.025742735881067347,3648,0.007601620236528106,0.0004092704424510632,-0.03662623092532158,1258.0,-2.057587688172043
83,117760,34,1225,0.03369140625,0.008346976,-43.09041166305542,0.13887745141983032,0.9773052930831909,0.2,-0.00865871504356619,3664,0.78000444220379,0.0004092704424510632,0.11095542460680008,1258.0,-2.057587688172043
84,118272,35,1225,0.2767333984375,0.016161337,-43.085184931755066,-3.407414436340332,0.977246880531311,0.2,-0.02618423933745362,3680,0.004373123330879025,0.0004092704424510632,-0.025750165805220604,1258.0,-2.0558278085106383
85,118784,35,1224,0.0596923828125,0.0104811955,-43.08512592315674,0.06956368684768677,0.9772385954856873,0.2,-0.013138939779310022,3696,0.9106428883969784,0.0004092704424510632,0.1190400943160057,1258.0,-2.0558278085106383
86,119296,35,1224,0.275634765625,0.019436058,-43.09604036808014,-9.742466926574707,0.9780486822128296,0.2,-0.02772340885712765,3712,0.005850055853443337,0.0004092704424510632,-0.03377409651875496,1258.0,-2.0558278085106383
87,119808,36,1224,0.2457275390625,0.0183736,-43.09421968460083,-0.02562868595123291,0.9762088060379028,0.2,-0.025889999815262854,3728,0.002014107247305219,0.0004092704424510632,-0.037252143025398254,1258.0,-2.0560463894736842
88,120320,36,1224,0.0513916015625,0.0104697505,-43.048293352127075,0.11591440439224243,0.9758405089378357,0.2,-0.00807406565581914,3744,0.6327705252915621,0.0004092704424510632,0.18398526310920715,1258.0,-2.0560463894736842
89,120832,37,1224,0.226318359375,0.015837053,-43.07705509662628,-2.9732069969177246,0.9783444404602051,0.2,-0.021733311674324796,3760,0.020139145548455417,0.0004092704424510632,-0.031463731080293655,1258.0,-2.0555677291666665
90,121344,37,1223,0.0850830078125,0.01429606,-43.14236831665039,0.5367289781570435,0.9790562391281128,0.2,-0.014118467181106098,3776,0.5731406752020121,0.0004092704424510632,0.1571720391511917,1258.0,-2.0555677291666665
91,121856,38,1223,0.2486572265625,0.015552424,-43.160043716430664,-9.358345985412598,0.9802448749542236,0.2,-0.02212083895574324,3792,0.003841339719656389,0.0004092704424510632,-0.022225523367524147,1258.0,-2.0555677291666665
92,122368,38,1223,0.2071533203125,0.017063912,-43.1755348443985,0.08219939470291138,0.9789568781852722,0.2,-0.021240933681838214,3808,0.0038806852826382965,0.0004092704424510632,-0.025953685864806175,1258.0,-2.054287216494845
93,122880,38,1223,0.044189453125,0.01180104,-43.132805824279785,0.22650837898254395,0.97819584608078,0.2,-0.011700887203915045,3824,0.7754899607971311,0.0004092704424510632,0.06718097627162933,1258.0,-2.054287216494845
94,123392,39,1223,0.2225341796875,0.022107463,-43.09661531448364,-4.852064609527588,0.975931704044342,0.2,-0.017925486899912357,3840,0.008056393038714305,0.0004092704424510632,-0.01950019598007202,1258.0,-2.0526105612244896
95,123904,39,1223,0.0341796875,0.007357633,-43.03457009792328,0.2876022458076477,0.9750416874885559,0.2,-0.0054758314217906445,3856,0.7069354564882815,0.0004092704424510632,0.10301953554153442,1258.0,-2.0526105612244896
96,124416,40,1222,0.2991943359375,0.017911032,-43.014246106147766,-8.138022422790527,0.9747860431671143,0.2,-0.02935016612173058,3872,0.002533200551624759,0.0004092704424510632,-0.04320453107357025,1258.0,-2.0526105612244896
97,124928,40,1222,0.273193359375,0.020234808,-43.0189288854599,0.037432849407196045,0.9745894074440002,0.2,-0.024682883376954123,3888,0.006185921200085431,0.0004092704424510632,-0.026029249653220177,1258.0,-2.052713585858586
98,125440,41,1222,0.0848388671875,0.01479636,-43.00811994075775,0.11411511898040771,0.9749010801315308,0.2,-0.016277139671728946,3904,0.6115396237000823,0.0004092704424510632,0.06360065937042236,1258.0,-2.052713585858586
99,125952,41,1222,0.2449951171875,0.022571309,-43.01956605911255,-3.365760326385498,0.9750059247016907,0.2,-0.02337429256294854,3920,0.0067986905996804126,0.0004092704424510632,-0.02812427654862404,1258.0,-2.05249609
100,126464,41,1222,0.017822265625,0.008154035,-43.01762115955353,0.36185401678085327,0.9750472903251648,0.2,-0.00546183752885554,3936,0.6736961575224996,0.0004092704424510632,0.1286330372095108,1258.0,-2.05249609
101,126976,42,1222,0.2821044921875,0.017445084,-42.97805905342102,-3.3353452682495117,0.9721934199333191,0.2,-0.028074415226001292,3952,0.001552502440972603,0.0004092704424510632,-0.040381647646427155,1258.0,-2.05249609
102,127488,42,1221,0.3033447265625,0.02717859,-42.89034426212311,0.13389170169830322,0.9709548354148865,0.2,-0.03191705999779515,3968,0.005006746469007339,0.0004092704424510632,-0.04351535439491272,1258.0,-2.04930367
103,128000,43,1221,0.091796875,0.017482044,-42.87871313095093,0.20589971542358398,0.9708461761474609,0.2,-0.015684033845900558,3984,0.584077431820333,0.0004092704424510632,0.04664057493209839,1258.0,-2.04930367
104,128512,43,1221,0.2855224609375,0.021402128,-42.8921834230423,-4.7195963859558105,0.9721689820289612,0.2,-0.027830920211272314,4000,0.013815457175951451,0.0004092704424510632,-0.032638102769851685,1258.0,-2.0480377000000005
105,129024,44,1221,0.0491943359375,0.010176601,-42.92661011219025,0.34408038854599,0.9723114967346191,0.2,-0.009299606608692557,4016,0.6426700176671147,0.0004092704424510632,0.09594179689884186,1258.0,-2.0480377000000005
106,129536,44,1221,0.2705078125,0.01953381,-42.90192782878876,0.1307113766670227,0.9710256457328796,0.2,-0.03246724382916,4032,0.08922468731179833,0.0004092704424510632,0.0062818750739097595,1258.0,-2.0480377000000005
107,130048,44,1221,0.3023681640625,0.028594498,-42.884316205978394,0.4486663341522217,0.9714258313179016,0.2,-0.030708459846209735,4048,0.09559793374501169,0.0004092704424510632,0.005053240805864334,1258.0,-2.04769063
108,130560,45,1221,0.13916015625,0.029502941,-42.89009463787079,0.510390043258667,0.9709120988845825,0.2,-0.017629394613322802,4064,0.21977057913318276,0.0004092704424510632,-0.02647615596652031,1258.0,-2.04769063
109,131072,45,1220,0.2882080078125,0.020883106,-42.86527717113495,-6.4893999099731445,0.9697511792182922,0.2,-0.026881929952651262,4080,0.01740465612965636,0.0004092704424510632,-0.03786059468984604,1258.0,-2.0474222600000003
110,131584,46,1220,0.13525390625,0.016654648,-42.839144229888916,0.25875699520111084,0.9687353372573853,0.2,-0.01696523596183397,4096,0.5309987408109009,0.0004092704424510632,0.07208412885665894,1258.0,-2.0474222600000003
111,132096,46,1220,0.263671875,0.018276881,-42.82835102081299,0.1139104962348938,0.9698308110237122,0.2,-0.027397916477639228,4112,0.04122550191823393,0.0004092704424510632,-0.02309468388557434,1258.0,-2.0464121200000003
112,132608,46,1220,0.0538330078125,0.011536629,-42.853249311447144,0.7222659587860107,0.9699437618255615,0.2,-0.009797782928217202,4128,0.6268526464700699,0.0004092704424510632,0.19393832981586456,1258.0,-2.0464121200000003
113,133120,47,1220,0.3192138671875,0.02754215,-42.85392606258392,-13.381461143493652,0.9701899290084839,0.2,-0.03179464320419356,4144,0.003527875589497853,0.0004092704424510632,-0.040129151195287704,1258.0,-2.0464121200000003
114,133632,47,1220,0.2921142578125,0.021683559,-42.87541353702545,-0.13356661796569824,0.970845103263855,0.2,-0.03236746825859882,4160,0.001952337315742625,0.0004092704424510632,-0.04988030344247818,1258.0,-2.04502838
115,134144,48,1220,0.05029296875,0.012760356,-42.89115786552429,0.16611409187316895,0.9710317850112915,0.2,-0.012911722937133163,4176,0.748427496291697,0.0004092704424510632,0.17262718081474304,1258.0,-2.04502838
116,134656,48,1219,0.2247314453125,0.020341292,-42.894235610961914,-2.2469143867492676,0.9710767269134521,0.2,-0.022270449742791243,4192,0.02638054429553449,0.0004092704424510632,-0.017603561282157898,1258.0,-2.04337672
117,135168,49,1220,0.0380859375,0.010860938,-42.887219071388245,0.318215012550354,0.9713648557662964,0.2,-0.00876703225003439,4208,0.5408430127426982,0.0004092704424510632,0.09305024147033691,1258.0,-2.04337672
118,135680,49,1220,0.2955322265625,0.026979242,-42.9102520942688,-7.637606620788574,0.9724071025848389,0.2,-0.027269622383755632,4224,0.0027022005633625668,0.0004092704424510632,-0.02510993741452694,1258.0,-2.04337672
119,136192,49,1220,0.2745361328125,0.019275215,-42.93083906173706,0.07636433839797974,0.9723191261291504,0.2,-0.026285404048394412,4240,0.003443928035267163,0.0004092704424510632,-0.030769752338528633,1258.0,-2.04041435
120,136704,50,1220,0.0584716796875,0.012209976,-42.920759201049805,0.25947433710098267,0.9720028042793274,0.2,-0.014959365900722332,4256,0.6108539770357311,0.0004092704424510632,0.08580891788005829,1258.0,-2.04041435
121,137216,50,1219,0.220458984375,0.017355535,-42.91715908050537,-3.161485195159912,0.9728761911392212,0.2,-0.022035345260519534,4272,0.013552426302339882,0.0004092704424510632,-0.025895312428474426,1258.0,-2.0406166
122,137728,51,1220,0.0777587890625,0.014986843,-42.947665095329285,0.3875271677970886,0.9733135104179382,0.2,-0.015156248497078195,4288,0.56465058401227,0.0004092704424510632,0.062078386545181274,1258.0,-2.0406166
123,138240,51,1219,0.2520751953125,0.016716003,-42.917319893836975,-7.452334403991699,0.9707396626472473,0.2,-0.025946758076315746,4304,0.0026164557712036185,0.0004092704424510632,-0.03429138660430908,1258.0,-2.0406166
124,138752,52,1219,0.2691650390625,0.018907387,-42.85898673534393,0.19656330347061157,0.9701793789863586,0.2,-0.02406273859378416,4320,0.004370078073407058,0.0004092704424510632,-0.030916793271899223,1258.0,-2.0379585199999997
125,139264,52,1219,0.102294921875,0.0157336,-42.85849702358246,0.3059595823287964,0.9700472950935364,0.2,-0.01589234289713204,4336,0.5641220235265791,0.0004092704424510632,0.03307531774044037,1258.0,-2.0379585199999997
126,139776,52,1219,0.26318359375,0.02391714,-42.844980239868164,-2.7082056999206543,0.9696868062019348,0.2,-0.024543396109947935,4352,0.015174307889537886,0.0004092704424510632,-0.03583773598074913,1258.0,-2.0369845699999996
127,140288,53,1219,0.108154296875,0.020326115,-42.842944979667664,0.5061416625976562,0.9696688055992126,0.2,-0.013715513690840453,4368,0.5066850199364126,0.0004092704424510632,0.08446579426527023,1258.0,-2.0369845699999996
128,140800,53,1219,0.2642822265625,0.017964417,-42.81921434402466,-8.720562934875488,0.9685417413711548,0.2,-0.02741578480345197,4384,0.0034517614694777876,0.0004092704424510632,-0.035331711173057556,1258.0,-2.0369845699999996
129,141312,54,1219,0.2293701171875,0.013440954,-42.78404784202576,0.16983485221862793,0.9672616720199585,0.2,-0.027608594493358396,4400,0.008081205756752752,0.0004092704424510632,-0.037140704691410065,1258.0,-2.0366880099999998
130,141824,54,1219,0.0714111328125,0.013154927,-42.74647557735443,0.37937021255493164,0.9666616320610046,0.2,-0.009365923047880642,4416,0.4084189508575946,0.0004092704424510632,0.022991089150309563,1258.0,-2.0366880099999998
131,142336,55,1219,0.267578125,0.022650078,-42.743592262268066,-3.85441255569458,0.967509388923645,0.2,-0.02649184869369492,4432,0.02620907814707607,0.0004092704424510632,-0.02671045996248722,1258.0,-2.0350681199999996
132,142848,55,1219,0.0609130859375,0.01568903,-42.777716755867004,0.3442271947860718,0.9682685136795044,0.2,-0.014646819050540216,4448,0.5433514853939414,0.0004092704424510632,0.08794330060482025,1258.0,-2.0350681199999996
133,143360,55,1218,0.226318359375,0.017186072,-42.81768095493317,-0.8698711395263672,0.9706270098686218,0.2,-0.021678244520444423,4464,0.010157388402149081,0.0004092704424510632,-0.009693978354334831,1258.0,-2.0350681199999996
134,143872,56,1218,0.2471923828125,0.017547034,-42.87533700466156,0.4975132942199707,0.9709521532058716,0.2,-0.0262967623420991,4480,0.02814882097300142,0.0004092704424510632,-0.027362864464521408,1258.0,-2.0352363399999995
135,144384,56,1218,0.1094970703125,0.022705931,-42.86415934562683,0.4245123863220215,0.9703758955001831,0.2,-0.016031934836064465,4496,0.3335963691351935,0.0004092704424510632,0.011150624603033066,1258.0,-2.0352363399999995
136,144896,57,1218,0.2386474609375,0.024203863,-42.84051215648651,-5.973996639251709,0.9692103862762451,0.2,-0.023375306162051857,4512,0.04554945480776951,0.0004092704424510632,-0.02304030954837799,1258.0,-2.0327391899999996
137,145408,57,1218,0.08642578125,0.014418714,-42.81166660785675,0.13812696933746338,0.9687826633453369,0.2,-0.01606556386104785,4528,1.054828421678394,0.0004092704424510632,0.15549516677856445,1258.0,-2.0327391899999996
138,145920,57,1218,0.244873046875,0.015466882,-42.79207098484039,-2.439607858657837,0.9678474068641663,0.2,-0.022220710816327482,4544,0.006955381948500872,0.0004092704424510632,-0.024234194308519363,1258.0,-2.0327391899999996
139,146432,58,1218,0.162841796875,0.013168031,-42.76564943790436,0.5762615203857422,0.9675993919372559,0.2,-0.017484222087659873,4560,0.09360650996677577,0.0004092704424510632,0.007725583389401436,1258.0,-2.0312371199999997
140,146944,58,1218,0.267578125,0.028401438,-42.764559268951416,0.6556124091148376,0.9680178761482239,0.2,-0.02013417915441096,4576,0.04279294934531208,0.0004092704424510632,-0.023229174315929413,1258.0,-2.0312371199999997
141,147456,59,1218,0.324951171875,0.025231764,-42.79650557041168,-7.036707878112793,0.9694673418998718,0.2,-0.02797637355979532,4592,0.00975633405323606,0.0004092704424510632,-0.038097403943538666,1258.0,-2.02910523
142,147968,59,1218,0.091064453125,0.016034145,-42.82448446750641,0.25585120916366577,0.9699186086654663,0.2,-0.01835291166207753,4608,0.573602139018476,0.0004092704424510632,0.07371871918439865,1258.0,-2.02910523
143,148480,60,1218,0.2227783203125,0.016933057,-42.8363139629364,-5.191437721252441,0.970447838306427,0.2,-0.02052038855617866,4624,0.007887112835305743,0.0004092704424510632,-0.021681249141693115,1258.0,-2.02961504
144,148992,60,1218,0.05078125,0.013731906,-42.85820126533508,0.378467321395874,0.9708445072174072,0.2,-0.0137706777168205,4640,0.6966299768537283,0.0004092704424510632,0.07120546698570251,1258.0,-2.02961504
145,149504,60,1218,0.2841796875,0.020146973,-42.84169018268585,-8.45874309539795,0.9695241451263428,0.2,-0.025012527883518487,4656,0.0024103702780848835,0.0004092704424510632,-0.0365479439496994,1258.0,-2.02961504
146,150016,61,1218,0.325927734375,0.024592891,-42.827913999557495,0.008527874946594238,0.9707424640655518,0.2,-0.028127316807513125,4672,0.005561654252232984,0.0004092704424510632,-0.035391245037317276,1258.0,-2.0282588099999996
147,150528,61,1218,0.0814208984375,0.011610633,-42.87364149093628,0.23026448488235474,0.9713711738586426,0.2,-0.01416375330882147,4688,0.859116471838206,0.0004092704424510632,0.06309662759304047,1258.0,-2.0282588099999996
1,151040,0,3873,0.3218994140625,0.024213709,-42.87909495830536,-2.5867912769317627,0.9714140295982361,0.2,-0.027102301522972994,4704,0.01832229451974854,0.0004092704424510632,-0.025658145546913147,1258.0,-2.03063849
2,151552,0,1850,0.0274658203125,0.00938921,-42.87677991390228,0.42000049352645874,0.9711412787437439,0.2,-0.008885113667929545,4720,0.6166472383774817,0.0004092704424510632,0.10449723899364471,1258.0,-2.03063849
3,152064,0,1576,0.3067626953125,0.020504648,-42.85558044910431,-6.387638568878174,0.9702380895614624,0.2,-0.03469311527442187,4736,0.003458219627646031,0.0004092704424510632,-0.04302836209535599,1258.0,-2.03063849
4,152576,1,1470,0.30908203125,0.026149198,-42.82080125808716,0.17930585145950317,0.9689774513244629,0.2,-0.029852816805941984,4752,0.00403901725076139,0.0004092704424510632,-0.03238379582762718,1258.0,-2.0282871099999995
5,153088,1,1412,0.0450439453125,0.010821222,-42.78233516216278,0.2638302445411682,0.9685734510421753,0.2,-0.01241211860178737,4768,0.7137947371229529,0.0004092704424510632,0.1683296412229538,1258.0,-2.0282871099999995
6,153600,2,1374,0.2061767578125,0.02084085,-42.76872944831848,-4.776735782623291,0.9677550792694092,0.2,-0.023518104586401023,4784,0.0421511247404851,0.0004092704424510632,-0.03014824353158474,1258.0,-2.02806309
7,154112,2,1350,0.06005859375,0.013440087,-42.735408902168274,0.28857237100601196,0.9672150611877441,0.2,-0.010032689911895432,4800,0.6677409559488297,0.0004092704424510632,0.09211685508489609,1258.0,-2.02806309
8,154624,3,1333,0.1795654296875,0.013507926,-42.74083423614502,-4.007824420928955,0.9685943126678467,0.2,-0.017038806647178717,4816,0.0018235715906484984,0.0004092704424510632,-0.028202781453728676,1258.0,-2.02806309
9,155136,3,1320,0.230224609375,0.013559148,-42.81009602546692,0.10243511199951172,0.9715492725372314,0.2,-0.0257877870608354,4832,0.0051243898560642265,0.0004092704424510632,-0.04518049582839012,1258.0,-2.02717587
10,155648,3,1309,0.07275390625,0.012041246,-42.87155556678772,0.181560218334198,0.9719746708869934,0.2,-0.016279056610073894,4848,0.9509210884571075,0.0004092704424510632,0.1601814329624176,1258.0,-2.02717587
11,156160,4,1300,0.2646484375,0.018076885,-42.86444044113159,-5.384688377380371,0.9714189767837524,0.2,-0.025576361163984984,4864,0.005589868422248401,0.0004092704424510632,-0.02972523495554924,1258.0,-2.02371517
12,156672,4,1293,0.0321044921875,0.008639431,-42.84368431568146,0.27386385202407837,0.9709706902503967,0.2,-0.010983217958710156,4880,0.8540899744257331,0.0004092704424510632,0.20542079210281372,1258.0,-2.02371517
13,157184,5,1287,0.2633056640625,0.023103882,-42.835997223854065,-7.513068199157715,0.9710320234298706,0.2,-0.029543789962190203,4896,0.0036701445060316473,0.0004092704424510632,-0.03455846756696701,1258.0,-2.02371517
14,157696,5,1282,0.209716796875,0.01414911,-42.82901585102081,0.16679757833480835,0.9703253507614136,0.2,-0.023275834158994257,4912,0.005151706172910053,0.0004092704424510632,-0.036631885915994644,1258.0,-2.0222421400000004
15,158208,6,1277,0.0386962890625,0.010270105,-42.80781853199005,0.22307109832763672,0.9699602723121643,0.2,-0.009542568019242026,4928,0.6280650466214865,0.0004092704424510632,0.03398296609520912,1258.0,-2.0222421400000004
16,158720,6,1274,0.2294921875,0.02056865,-42.795613169670105,-6.247722625732422,0.9690215587615967,0.2,-0.0203257966786623,4944,0.03682671918068081,0.0004092704424510632,-0.011435444466769695,1258.0,-2.0208861
17,159232,6,1268,0.0975341796875,0.016240114,-42.7619127035141,0.37624454498291016,0.9680784940719604,0.2,-0.015607169581926428,4960,0.5132179977372289,0.0004092704424510632,0.1030486449599266,1258.0,-2.0208861
18,159744,7,1265,0.2698974609375,0.019620137,-42.7723468542099,-7.837481498718262,0.9703696370124817,0.2,-0.026579297104035504,4976,0.0048264945144183,0.0004092704424510632,-0.039514023810625076,1258.0,-2.0208861
19,160256,7,1262,0.2708740234375,0.018823948,-42.825053453445435,0.3730815649032593,0.9697012305259705,0.2,-0.02914133860031143,4992,0.01428346366446931,0.0004092704424510632,-0.032237280160188675,1258.0,-2.0210760899999998
20,160768,8,1260,0.0740966796875,0.017696697,-42.77953362464905,0.2388821840286255,0.9686394333839417,0.2,-0.010946675858576782,5008,0.5767932857852429,0.0004092704424510632,0.001890040934085846,1258.0,-2.0210760899999998
21,161280,8,1258,0.236572265625,0.017313901,-42.75643968582153,-4.549832820892334,0.9679678082466125,0.2,-0.02441698264738079,5024,0.022649668127996847,0.0004092704424510632,-0.030720625072717667,1258.0,-2.02270123
22,161792,8,1256,0.0343017578125,0.007007209,-42.74021589756012,0.17425107955932617,0.9677659273147583,0.2,-0.008138320859870873,5040,0.9891664609313011,0.0004092704424510632,0.10510110855102539,1258.0,-2.02270123
23,162304,9,1254,0.2366943359375,0.019779,-42.74262225627899,-7.371346473693848,0.9678800702095032,0.2,-0.025526808691211045,5056,0.013213805767009035,0.0004092704424510632,-0.03422578424215317,1258.0,-2.0233369499999996
24,162816,9,1252,0.027099609375,0.009040244,-42.75084865093231,0.3067259192466736,0.9679617285728455,0.2,-0.006414198971469887,5072,0.6570473397150636,0.0004092704424510632,0.12190227210521698,1258.0,-2.0233369499999996
25,163328,10,1251,0.3260498046875,0.030336058,-42.74723267555237,-3.0191140174865723,0.9671727418899536,0.2,-0.02669077558675781,5088,0.0025497878104943084,0.0004092704424510632,-0.035753052681684494,1258.0,-2.0233369499999996
26,163840,10,1249,0.2154541015625,0.015205422,-42.72539734840393,-0.14553487300872803,0.9662057161331177,0.2,-0.023654622476897202,5104,0.0016371719029848464,0.0004092704424510632,-0.02919495850801468,1258.0,-2.0221125699999996
27,164352,11,1247,0.044921875,0.010007875,-42.71628153324127,0.16674846410751343,0.9658657312393188,0.2,-0.008704598643817008,5120,0.8128600674681365,0.0004092704424510632,0.0671488493680954,1258.0,-2.0221125699999996
28,164864,11,1246,0.2518310546875,0.019884348,-42.707414984703064,-5.577358722686768,0.9660981297492981,0.2,-0.02481305639958009,5136,0.00871445468510501,0.0004092704424510632,-0.025170985609292984,1258.0,-2.0208493799999996
29,165376,11,1245,0.0948486328125,0.013369242,-42.710700154304504,0.3524852395057678,0.9663203954696655,0.2,-0.014185247375280596,5152,0.6796364169567823,0.0004092704424510632,0.05790761485695839,1258.0,-2.0208493799999996
30,165888,12,1245,0.263916015625,0.017959863,-42.68073129653931,-14.151971817016602,0.963750422000885,0.2,-0.030305168183986098,5168,0.0052130939529888565,0.0004092704424510632,-0.03996662423014641,1258.0,-2.0208493799999996
31,166400,12,1244,0.263427734375,0.02036485,-42.59608280658722,0.07718902826309204,0.9617040157318115,0.2,-0.026503883709665388,5184,0.004235720163705992,0.0004092704424510632,-0.023739002645015717,1258.0,-2.0199975
32,166912,13,1243,0.0738525390625,0.0135149155,-42.56108617782593,0.29115521907806396,0.9613738656044006,0.2,-0.013204682967625558,5200,0.7373573551885784,0.0004092704424510632,0.07600313425064087,1258.0,-2.0199975
33,167424,13,1242,0.290771484375,0.029800056,-42.558608055114746,-6.374898910522461,0.9613825678825378,0.2,-0.025174551992677152,5216,0.008982161991298199,0.0004092704424510632,-0.033550553023815155,1258.0,-2.0187918600000003
34,167936,14,1241,0.0758056640625,0.010727333,-42.560036182403564,0.2575262188911438,0.9615902304649353,0.2,-0.012220638323924504,5232,0.7389127663336694,0.0004092704424510632,0.09463401138782501,1258.0,-2.0187918600000003
35,168448,14,1240,0.27587890625,0.019147253,-42.55510222911835,-3.7265634536743164,0.9607416987419128,0.2,-0.027818691538413987,5248,0.005365174849430332,0.0004092704424510632,-0.04797563701868057,1258.0,-2.0187918600000003
36,168960,14,1239,0.2723388671875,0.018556638,-42.52526307106018,0.10028660297393799,0.9601073861122131,0.2,-0.026729120465461165,5264,0.0044083729371777736,0.0004092704424510632,-0.0334053710103035,1258.0,-2.0151598400000004
37,169472,15,1239,0.053466796875,0.011744359,-42.50450313091278,0.34836363792419434,0.9599334597587585,0.2,-0.01123953948263079,5280,0.7134686810895801,0.0004092704424510632,0.04782042279839516,1258.0,-2.0151598400000004
38,169984,15,1238,0.2669677734375,0.02701847,-42.530561566352844,-3.221008777618408,0.9625611305236816,0.2,-0.02355473706847988,5296,0.023944184446008876,0.0004092704424510632,-0.032102156430482864,1258.0,-2.01397475
39,170496,16,1237,0.0777587890625,0.014155541,-42.59900760650635,0.35164523124694824,0.9633691906929016,0.2,-0.013773359853075817,5312,0.7286973400041461,0.0004092704424510632,0.09938506782054901,1258.0,-2.01397475
40,171008,16,1236,0.389404296875,0.036633264,-42.60395789146423,-8.26675033569336,0.9636674523353577,0.2,-0.036159012524876744,5328,0.002036744506767718,0.0004092704424510632,-0.04688858613371849,1258.0,-2.01397475
41,171520,16,1236,0.2696533203125,0.020243427,-42.58049976825714,0.24237024784088135,0.9608991146087646,0.2,-0.02625055209500715,5344,0.005991816651658155,0.0004092704424510632,-0.030383003875613213,1258.0,-2.0089661700000003
42,172032,17,1235,0.1005859375,0.016788932,-42.49521350860596,0.3229796290397644,0.9598960280418396,0.2,-0.012201784193166532,5360,0.5481858197599649,0.0004092704424510632,0.08629810810089111,1258.0,-2.0089661700000003
43,172544,17,1235,0.2047119140625,0.019757088,-42.51571333408356,-5.19679594039917,0.9626901745796204,0.2,-0.021890958887524903,5376,0.050435711978934705,0.0004092704424510632,-0.016192227602005005,1258.0,-2.0064022500000003
44,173056,18,1234,0.066650390625,0.015413353,-42.599881410598755,0.16190963983535767,0.9639714360237122,0.2,-0.01141383743379265,5392,0.7047903696075082,0.0004092704424510632,0.06316816061735153,1258.0,-2.0064022500000003
45,173568,18,1234,0.2857666015625,0.022576839,-42.63335680961609,-3.746427059173584,0.9655655026435852,0.2,-0.02692309876147192,5408,0.009465962823014706,0.0004092704424510632,-0.03178475424647331,1258.0,-2.0064022500000003
46,174080,19,1234,0.228759765625,0.018060843,-42.6688517332077,0.5472646951675415,0.9663373827934265,0.2,-0.024348089325940236,5424,0.06146414973773062,0.0004092704424510632,-0.012778034433722496,1258.0,-2.0043493
47,174592,19,1233,0.1429443359375,0.025595218,-42.6919766664505,0.6045968532562256,0.9666427969932556,0.2,-0.014320658548967913,5440,0.16959276259876788,0.0004092704424510632,-0.004737606272101402,1258.0,-2.0043493
48,175104,19,1233,0.2325439453125,0.018914133,-42.69769823551178,-7.2986345291137695,0.9665510058403015,0.2,-0.019969426648458466,5456,0.004730498192657251,0.0004092704424510632,-0.015156351029872894,1258.0,-2.00278373
49,175616,20,1233,0.0731201171875,0.016313216,-42.6914644241333,0.18449223041534424,0.9661988019943237,0.2,-0.0117959759227233,5472,0.7974472739733756,0.0004092704424510632,0.0741349458694458,1258.0,-2.00278373
50,176128,20,1232,0.3037109375,0.02329037,-42.67205631732941,-0.7988778352737427,0.9653915166854858,0.2,-0.027225553523749113,5488,0.004889102987363003,0.0004092704424510632,-0.03774096071720123,1258.0,-2.00160944
51,176640,21,1231,0.0848388671875,0.017557463,-42.655558466911316,0.5615661144256592,0.9654476046562195,0.2,-0.012788189749699086,5504,0.5801256261765957,0.0004092704424510632,0.12723010778427124,1258.0,-2.00160944
52,177152,21,1231,0.283935546875,0.02301039,-42.64882576465607,-11.866856575012207,0.9638017416000366,0.2,-0.02673474419862032,5520,0.006952094678126741,0.0004092704424510632,-0.036607351154088974,1258.0,-2.00160944
53,177664,22,1230,0.2384033203125,0.016668137,-42.60337674617767,-0.13007795810699463,0.9634259343147278,0.2,-0.02569088398013264,5536,0.0031045116775203496,0.0004092704424510632,-0.03248472511768341,1258.0,-1.9988061499999998
54,178176,22,1230,0.0372314453125,0.008098921,-42.604225635528564,0.23941731452941895,0.963516891002655,0.2,-0.010510701176826842,5552,0.8941095392219722,0.0004092704424510632,0.12274999916553497,1258.0,-1.9988061499999998
55,178688,22,1230,0.283203125,0.018706592,-42.63407361507416,-1.680492639541626,0.9657382369041443,0.2,-0.03178138067596592,5568,0.016384053582441993,0.0004092704424510632,-0.04009127989411354,1258.0,-1.9991280399999996
56,179200,23,1229,0.07177734375,0.012038911,-42.6935498714447,0.3498329520225525,0.9659073352813721,0.2,-0.010179406890529208,5584,0.5687889964319766,0.0004092704424510632,0.07645942270755768,1258.0,-1.9991280399999996
57,179712,23,1229,0.318603515625,0.019213613,-42.66451168060303,-8.25302791595459,0.9646255970001221,0.2,-0.0327744192618411,5600,0.0028618974502023775,0.0004092704424510632,-0.0498681366443634,1258.0,-1.9991280399999996
58,180224,24,1228,0.2840576171875,0.018573452,-42.61747944355011,0.14250683784484863,0.9625727534294128,0.2,-0.028001812170259655,5616,0.004451856475498062,0.0004092704424510632,-0.04104981943964958,1258.0,-1.9975465899999998
59,180736,24,1228,0.0218505859375,0.007955989,-42.565122842788696,0.3342295289039612,0.9621084928512573,0.2,-0.003678146647871472,5632,0.8309995704330504,0.0004092704424510632,0.11071904748678207,1258.0,-1.9975465899999998
60,181248,25,1228,0.2652587890625,0.019649256,-42.55673694610596,-3.548779010772705,0.9615450501441956,0.2,-0.02786642691353336,5648,0.022772257070755586,0.0004092704424510632,-0.026395469903945923,1258.0,-1.9966453699999998
61,181760,25,1228,0.0316162109375,0.0076304236,-42.550859570503235,0.5103661417961121,0.9614824056625366,0.2,-0.009756881685461849,5664,0.7151777213439345,0.0004092704424510632,0.11413662135601044,1258.0,-1.9966453699999998
62,182272,25,1227,0.2647705078125,0.015574759,-42.535417556762695,-5.695676803588867,0.9601947665214539,0.2,-0.02514688510564156,5680,0.0015927423228276893,0.0004092704424510632,-0.02861175686120987,1258.0,-1.9966453699999998
63,182784,26,1227,0.2296142578125,0.017318975,-42.47717225551605,0.021702468395233154,0.9583548903465271,0.2,-0.022810472786659375,5696,0.004562065936625004,0.0004092704424510632,-0.03629012033343315,1258.0,-1.9961700000000002
64,183296,26,1227,0.0963134765625,0.014329117,-42.424325346946716,0.02892470359802246,0.9576786756515503,0.2,-0.017682634672382846,5712,1.4212942300364375,0.0004092704424510632,0.10607170313596725,1258.0,-1.9961700000000002
65,183808,27,1227,0.3140869140625,0.02707805,-42.40983986854553,-2.3493056297302246,0.9573363065719604,0.2,-0.028494562866399065,5728,0.0036886528141621966,0.0004092704424510632,-0.04770464077591896,1258.0,-1.9923090099999998
66,184320,27,1227,0.03857421875,0.008337444,-42.41131067276001,0.3102876543998718,0.9576767086982727,0.2,-0.00997215195093304,5744,1.0307431742548943,0.0004092704424510632,0.15282747149467468,1258.0,-1.9923090099999998
67,184832,27,1227,0.2548828125,0.022450084,-42.43194770812988,-7.069204330444336,0.9588157534599304,0.2,-0.027996440330753103,5760,0.006262212820729474,0.0004092704424510632,-0.047270551323890686,1258.0,-1.9923090099999998
68,185344,28,1226,0.2510986328125,0.017867446,-42.48731565475464,0.1746477484703064,0.9612957835197449,0.2,-0.02267041891172994,5776,0.004508267324126791,0.0004092704424510632,-0.029585732147097588,1258.0,-1.98939562
69,185856,28,1226,0.0684814453125,0.015376935,-42.54756808280945,0.269519567489624,0.9622802734375,0.2,-0.015021033395896666,5792,0.5429708564188331,0.0004092704424510632,0.03667730093002319,1258.0,-1.98939562
70,186368,29,1227,0.267578125,0.020850547,-42.56997752189636,-1.0462017059326172,0.963644802570343,0.2,-0.030327769927680492,5808,0.06768718000967056,0.0004092704424510632,-0.009457342326641083,1258.0,-1.9878129199999999
71,186880,29,1226,0.0716552734375,0.014085112,-42.60456669330597,0.39414072036743164,0.964108407497406,0.2,-0.011691036954289302,5824,0.7881565317511559,0.0004092704424510632,0.12663355469703674,1258.0,-1.9878129199999999
72,187392,30,1226,0.2740478515625,0.02257615,-42.60509443283081,-3.9790806770324707,0.9641999006271362,0.2,-0.02807422069599852,5840,0.0017804226263251621,0.0004092704424510632,-0.035923197865486145,1258.0,-1.9878129199999999
73,187904,30,1226,0.3175048828125,0.021961253,-42.62507784366608,0.42472004890441895,0.9643614888191223,0.2,-0.03184307193441782,5856,0.014529078092891723,0.0004092704424510632,-0.044718533754348755,1258.0,-1.98527289
74,188416,30,1225,0.127685546875,0.01824792,-42.61576044559479,0.2868061661720276,0.9640182256698608,0.2,-0.018973267578985542,5872,0.5893121081171557,0.0004092704424510632,-0.009224137291312218,1258.0,-1.98527289
75,188928,31,1225,0.255126953125,0.028886523,-42.6031209230423,-10.472661972045898,0.9635143876075745,0.2,-0.024992927312268876,5888,0.024572382142650895,0.0004092704424510632,-0.03739209473133087,1258.0,-1.9820624599999999
76,189440,31,1225,0.0628662109375,0.014489641,-42.59250319004059,0.15766310691833496,0.9635708928108215,0.2,-0.014546942984452471,5904,0.8531695525161922,0.0004092704424510632,0.04357582703232765,1258.0,-1.9820624599999999
77,189952,32,1225,0.2796630859375,0.025747431,-42.589980602264404,-7.970162391662598,0.9634271264076233,0.2,-0.02469571481924504,5920,0.006140529669210082,0.0004092704424510632,-0.030672281980514526,1258.0,-1.9820624599999999
78,190464,32,1225,0.2606201171875,0.017175429,-42.582990765571594,0.5482395887374878,0.9630749821662903,0.2,-0.028926129089086317,5936,0.056759164086543024,0.0004092704424510632,-0.03241578862071037,1258.0,-1.98075722
79,190976,33,1224,0.3021240234375,0.025238136,-42.579097867012024,0.3838270306587219,0.9630524516105652,0.2,-0.018623331881826743,5952,0.12450028491730336,0.0004092704424510632,-0.01776975952088833,1258.0,-1.98075722
80,191488,33,1224,0.31005859375,0.025170341,-42.568092942237854,-11.045914649963379,0.9618179798126221,0.2,-0.029969375696964562,5968,0.005868671858479502,0.0004092704424510632,-0.03419576957821846,1258.0,-1.9781358
81,192000,33,1224,0.0401611328125,0.0108666625,-42.53970158100128,0.23550617694854736,0.9613906145095825,0.2,-0.00963426507951226,5984,0.9622292737476528,0.0004092704424510632,0.15429341793060303,1258.0,-1.9781358
82,192512,34,1224,0.32080078125,0.022966724,-42.56274926662445,-7.572561264038086,0.9631791114807129,0.2,-0.025861821661237627,6000,0.008260590911959298,0.0004092704424510632,-0.029547372832894325,1258.0,-1.97590511
83,193024,34,1224,0.02099609375,0.0071716574,-42.619614124298096,0.2756291627883911,0.9638727903366089,0.2,-0.008702891384018585,6016,0.9070116560906172,0.0004092704424510632,0.1862216591835022,1258.0,-1.97590511
84,193536,35,1224,0.2747802734375,0.020277847,-42.641422510147095,-11.364872932434082,0.9646191596984863,0.2,-0.02840595689485781,6032,0.003992826837929897,0.0004092704424510632,-0.03989720344543457,1258.0,-1.97590511
85,194048,35,1224,0.1943359375,0.01115535,-42.67535758018494,0.013444840908050537,0.96602463722229,0.2,-0.021625029563438147,6048,0.003936881770641776,0.0004092704424510632,-0.03355233371257782,1258.0,-1.97367608
86,194560,35,1224,0.0831298828125,0.012203015,-42.71030807495117,0.2559402585029602,0.9665308594703674,0.2,-0.019832798338029534,6064,0.7667979719117284,0.0004092704424510632,0.04415081441402435,1258.0,-1.97367608
87,195072,36,1224,0.31201171875,0.028891189,-42.696234941482544,-5.21995735168457,0.965053915977478,0.2,-0.027865735595696606,6080,0.007450101220456418,0.0004092704424510632,-0.03783300518989563,1258.0,-1.9698751799999998
88,195584,36,1223,0.0899658203125,0.017064378,-42.64929223060608,0.4197980761528015,0.9647139310836792,0.2,-0.013729715297813527,6096,0.6793392850086093,0.0004092704424510632,0.09504494071006775,1258.0,-1.9698751799999998
89,196096,37,1223,0.2364501953125,0.019463412,-42.65417230129242,-4.658255577087402,0.9648043513298035,0.2,-0.021071307128295302,6112,0.0015694073699705768,0.0004092704424510632,-0.032998133450746536,1258.0,-1.9698751799999998
90,196608,37,1223,0.315185546875,0.032817796,-42.657426953315735,0.07961487770080566,0.9655081033706665,0.2,-0.032540804357267916,6128,0.00398433578084223,0.0004092704424510632,-0.03203963488340378,1258.0,-1.96898595
91,197120,38,1223,0.092041015625,0.017442629,-42.681315183639526,0.13606560230255127,0.9660159349441528,0.2,-0.012040561356116086,6144,0.8113178825005889,0.0004092704424510632,0.0808134377002716,1258.0,-1.96898595
92,197632,38,1223,0.256103515625,0.015397642,-42.709311723709106,-4.592961311340332,0.9677525162696838,0.2,-0.024712854326935485,6160,0.005873209433048032,0.0004092704424510632,-0.034165821969509125,1258.0,-1.9666707900000002
93,198144,38,1222,0.0672607421875,0.009992046,-42.754154086112976,0.19800066947937012,0.9681951999664307,0.2,-0.0100504576403182,6176,0.7609754013828933,0.0004092704424510632,0.05745530128479004,1258.0,-1.9666707900000002
94,198656,39,1222,0.261474609375,0.01889237,-42.746538519859314,-6.211668491363525,0.9675793051719666,0.2,-0.027318822947563604,6192,0.0038522087561432272,0.0004092704424510632,-0.03006526455283165,1258.0,-1.9666707900000002
95,199168,39,1222,0.265869140625,0.01825349,-42.72588312625885,0.14682739973068237,0.9665343165397644,0.2,-0.02656583278439939,6208,0.004477684909943491,0.0004092704424510632,-0.039766810834407806,1258.0,-1.9650909500000007
96,199680,40,1222,0.082275390625,0.013118433,-42.697006940841675,0.3767712712287903,0.9661095142364502,0.2,-0.012752838360029273,6224,0.6033572722226381,0.0004092704424510632,0.077573761343956,1258.0,-1.9650909500000007
97,200192,40,1222,0.23974609375,0.020855498,-42.65548586845398,-6.269586086273193,0.9632753729820251,0.2,-0.02485291872289963,6240,0.03426087414845824,0.0004092704424510632,-0.031127940863370895,1258.0,-1.9616631400000006
98,200704,41,1222,0.083740234375,0.010962421,-42.56502723693848,0.22234421968460083,0.961864709854126,0.2,-0.013633094727993011,6256,1.0258606490679085,0.0004092704424510632,0.08380702137947083,1258.0,-1.9616631400000006
99,201216,41,1222,0.2589111328125,0.021636602,-42.519195437431335,-4.3203444480896,0.9604595303535461,0.2,-0.025719902056152932,6272,0.0026114852335012984,0.0004092704424510632,-0.037181515246629715,1258.0,-1.9616631400000006
100,201728,41,1222,0.259765625,0.01773713,-42.48028230667114,0.4066195487976074,0.9604920744895935,0.2,-0.025340288717416115,6288,0.011880895413924009,0.0004092704424510632,-0.025032317265868187,1258.0,-1.9608664400000004
101,202240,42,1222,0.0484619140625,0.012987884,-42.48959708213806,0.3401755690574646,0.9608443379402161,0.2,-0.009243483655154705,6304,0.5296566669130698,0.0004092704424510632,0.0056672170758247375,1258.0,-1.9608664400000004
102,202752,42,1222,0.2947998046875,0.02745096,-42.503506779670715,-10.384702682495117,0.9612244367599487,0.2,-0.02243296118103899,6320,0.006351298827212304,0.0004092704424510632,-0.040469519793987274,1258.0,-1.9589413600000003
103,203264,43,1221,0.054931640625,0.00973966,-42.51931691169739,0.09662628173828125,0.9611523151397705,0.2,-0.011476068175397813,6336,1.5168352518230677,0.0004092704424510632,0.11709651350975037,1258.0,-1.9589413600000003
104,203776,43,1221,0.2252197265625,0.01609269,-42.50156116485596,-7.143803596496582,0.9598448276519775,0.2,-0.019889904986484908,6352,0.004658812807974755,0.0004092704424510632,-0.03277978673577309,1258.0,-1.9589413600000003
105,204288,43,1221,0.24072265625,0.020345114,-42.46166110038757,0.4394291639328003,0.9588744640350342,0.2,-0.028184514783788472,6368,0.05474313325248659,0.0004092704424510632,-0.028902264311909676,1258.0,-1.9595741800000002
106,204800,44,1221,0.1402587890625,0.023794405,-42.443390130996704,0.43539977073669434,0.9585846066474915,0.2,-0.017461866154917516,6384,0.19662596314447,0.0004092704424510632,-0.01713664084672928,1258.0,-1.9595741800000002
107,205312,44,1221,0.2850341796875,0.021419758,-42.411362171173096,-13.072806358337402,0.9553543329238892,0.2,-0.02602695873065386,6400,0.011889575180248357,0.0004092704424510632,-0.03394925221800804,1258.0,-1.96101516
108,205824,45,1221,0.0767822265625,0.014831899,-42.315606355667114,0.10645204782485962,0.9540318250656128,0.2,-0.015991843538358808,6416,1.0484350784681737,0.0004092704424510632,0.061473581939935684,1258.0,-1.96101516
109,206336,45,1221,0.2711181640625,0.022502743,-42.31270444393158,-2.6257026195526123,0.9549790024757385,0.2,-0.022585894097574055,6432,0.004074503813171759,0.0004092704424510632,-0.02691679261624813,1258.0,-1.9586325999999996
110,206848,46,1221,0.06396484375,0.01244202,-42.343250155448914,0.4367774724960327,0.9555186033248901,0.2,-0.013428667036350816,6448,0.7481411211192608,0.0004092704424510632,0.11468987166881561,1258.0,-1.9586325999999996
111,207360,46,1221,0.2974853515625,0.021738365,-42.37613368034363,-8.5820951461792,0.9577620625495911,0.2,-0.023872689038398676,6464,0.001989391730603529,0.0004092704424510632,-0.038995515555143356,1258.0,-1.9586325999999996
112,207872,46,1220,0.230712890625,0.017917149,-42.40165841579437,-0.04872548580169678,0.956443727016449,0.2,-0.02542813819309231,6480,0.00236070132086752,0.0004092704424510632,-0.0368846170604229,1258.0,-1.9570004799999998
113,208384,47,1221,0.0361328125,0.011546902,-42.33887422084808,0.1143418550491333,0.955194354057312,0.2,-0.013973900597193278,6496,0.97809596080333,0.0004092704424510632,0.08619563281536102,1258.0,-1.9570004799999998
114,208896,47,1221,0.2962646484375,0.030084092,-42.3080096244812,-1.7636902332305908,0.9545266032218933,0.2,-0.029123686705133878,6512,0.028331028122920543,0.0004092704424510632,-0.030675049871206284,1258.0,-1.9540935299999997
115,209408,48,1220,0.025634765625,0.007601361,-42.30179190635681,0.5454553961753845,0.9543003439903259,0.2,-0.005262722072075121,6528,0.7471893639303744,0.0004092704424510632,0.16422897577285767,1258.0,-1.9540935299999997
116,209920,48,1220,0.2349853515625,0.0130458735,-42.302154660224915,-4.348785400390625,0.9546844363212585,0.2,-0.022224339452804998,6544,0.0050996187346754596,0.0004092704424510632,-0.034546222537755966,1258.0,-1.9540935299999997
117,210432,49,1220,0.2373046875,0.015037303,-42.29069221019745,0.03823274374008179,0.953525185585022,0.2,-0.02417551436519716,6560,0.004354402815806679,0.0004092704424510632,-0.03351650387048721,1258.0,-1.9533860099999998
118,210944,49,1220,0.0262451171875,0.0087811425,-42.25374746322632,0.38614219427108765,0.9531029462814331,0.2,-0.006570421086507849,6576,0.8275688677094877,0.0004092704424510632,0.06053196266293526,1258.0,-1.9533860099999998
119,211456,49,1220,0.2999267578125,0.022677872,-42.25349533557892,-9.731351852416992,0.9534265398979187,0.2,-0.02971741587680299,6592,0.008291555379400961,0.0004092704424510632,-0.031075356528162956,1258.0,-1.95147423
120,211968,50,1220,0.0745849609375,0.012067066,-42.264084577560425,0.18177860975265503,0.9537917375564575,0.2,-0.012320286710746586,6608,0.8025040770880878,0.0004092704424510632,0.05824482813477516,1258.0,-1.95147423
121,212480,50,1220,0.26220703125,0.019555923,-42.2565621137619,-2.1643779277801514,0.9527985453605652,0.2,-0.02341228506702464,6624,0.0015456204055226408,0.0004092704424510632,-0.032134249806404114,1258.0,-1.95147423
122,212992,51,1220,0.30419921875,0.023515632,-42.24439239501953,-0.10565769672393799,0.9541159272193909,0.2,-0.025915401405654848,6640,0.003914352055289783,0.0004092704424510632,-0.03643982484936714,1258.0,-1.94850671
123,213504,51,1220,0.05615234375,0.014437066,-42.28817272186279,0.2717071771621704,0.9545963406562805,0.2,-0.011455169558757916,6656,0.6022929828613997,0.0004092704424510632,0.04320291057229042,1258.0,-1.94850671
124,214016,52,1220,0.2894287109375,0.028043922,-42.302608489990234,-6.624182224273682,0.9554280638694763,0.2,-0.02815699265920557,6672,0.011099475392256863,0.0004092704424510632,-0.037165455520153046,1258.0,-1.9454364999999998
125,214528,52,1220,0.0772705078125,0.011422807,-42.327720046043396,0.34628593921661377,0.9556707739830017,0.2,-0.008149355766363442,6688,1.0490946820937097,0.0004092704424510632,0.057909585535526276,1258.0,-1.9454364999999998
126,215040,52,1220,0.3092041015625,0.020638183,-42.344127774238586,-3.4407238960266113,0.9569491147994995,0.2,-0.03064532091957517,6704,0.002639481408550637,0.0004092704424510632,-0.038680437952280045,1258.0,-1.9454364999999998
127,215552,53,1220,0.25390625,0.01764961,-42.36675488948822,0.32208728790283203,0.9570448398590088,0.2,-0.022920097850146703,6720,0.007779958672472276,0.0004092704424510632,-0.03319888934493065,1258.0,-1.9417173599999997
128,216064,53,1220,0.08056640625,0.013160178,-42.3600195646286,0.3758894205093384,0.9568583369255066,0.2,-0.01639662879460957,6736,0.6026686013210565,0.0004092704424510632,0.02955259382724762,1258.0,-1.9417173599999997
129,216576,54,1220,0.2606201171875,0.028210957,-42.353029012680054,-7.568112373352051,0.9568126201629639,0.2,-0.022780869046982843,6752,0.019816041545709595,0.0004092704424510632,-0.028198618441820145,1258.0,-1.9413419099999996
130,217088,54,1220,0.0662841796875,0.01365185,-42.347880125045776,0.2684221863746643,0.9566592574119568,0.2,-0.01199393933347892,6768,0.9836448905989528,0.0004092704424510632,0.18440981209278107,1258.0,-1.9413419099999996
131,217600,54,1220,0.293212890625,0.020786708,-42.35063147544861,-3.1449360847473145,0.9574030041694641,0.2,-0.029629849566845223,6784,0.003382546790817287,0.0004092704424510632,-0.035563185811042786,1258.0,-1.9413419099999996
132,218112,55,1219,0.1142578125,0.015613047,-42.37209916114807,0.262489914894104,0.9578893184661865,0.2,-0.019199143047444522,6800,0.3506156192161143,0.0004092704424510632,0.06474367529153824,1258.0,-1.9383728299999998
133,218624,55,1219,0.2374267578125,0.03310266,-42.37534844875336,0.8501458168029785,0.957448422908783,0.2,-0.02628172270487994,6816,0.15539264382096007,0.0004092704424510632,-0.020008474588394165,1258.0,-1.9383728299999998
134,219136,56,1219,0.3314208984375,0.03250801,-42.38205850124359,-6.815419673919678,0.959102213382721,0.2,-0.029512433000491,6832,0.00403300686593866,0.0004092704424510632,-0.04668597877025604,1258.0,-1.9385807699999995
135,219648,56,1219,0.071044921875,0.0120723415,-42.43541622161865,0.14860868453979492,0.9597455263137817,0.2,-0.01085806569608394,6848,0.8651582286693156,0.0004092704424510632,0.08493243157863617,1258.0,-1.9385807699999995
136,220160,57,1219,0.2791748046875,0.021980345,-42.43211376667023,-14.120981216430664,0.9592899680137634,0.2,-0.02733820905268658,6864,0.005038580682594329,0.0004092704424510632,-0.03357349708676338,1258.0,-1.9382990699999996
137,220672,57,1219,0.0240478515625,0.008719465,-42.42290115356445,0.17391741275787354,0.959165096282959,0.2,-0.011139993119286373,6880,1.2255793698132038,0.0004092704424510632,0.0847097709774971,1258.0,-1.9382990699999996
138,221184,57,1219,0.256591796875,0.023218814,-42.41695177555084,-14.843482971191406,0.9593455791473389,0.2,-0.023958414880326018,6896,0.006717289092193823,0.0004092704424510632,-0.03895042464137077,1258.0,-1.9382990699999996
139,221696,58,1219,0.2747802734375,0.021814983,-42.42829787731171,-0.13312911987304688,0.9603041410446167,0.2,-0.02694003563374281,6912,0.002816393942339346,0.0004092704424510632,-0.03560349717736244,1258.0,-1.93641606
140,222208,58,1219,0.077880859375,0.015105577,-42.44964849948883,0.3684290647506714,0.9600324034690857,0.2,-0.01542501987569267,6928,0.6437765727750957,0.0004092704424510632,0.1495044231414795,1258.0,-1.93641606
141,222720,59,1219,0.28466796875,0.022527361,-42.44450616836548,-4.431318283081055,0.9606630802154541,0.2,-0.026406314107589424,6944,0.024857575888745487,0.0004092704424510632,-0.040389616042375565,1258.0,-1.93535496
142,223232,59,1219,0.048828125,0.010885613,-42.47305202484131,0.6748305559158325,0.9608557224273682,0.2,-0.008578650536946952,6960,0.6718828864395618,0.0004092704424510632,0.19248145818710327,1258.0,-1.93535496
143,223744,60,1219,0.237548828125,0.016667567,-42.476590394973755,-8.82404899597168,0.9614290595054626,0.2,-0.020274159629479982,6976,0.008338865329278633,0.0004092704424510632,-0.03388644754886627,1258.0,-1.93535496
144,224256,60,1219,0.280029296875,0.018841505,-42.452823638916016,-0.015147209167480469,0.9583929181098938,0.2,-0.030273363896412775,6992,0.0036234622093616053,0.0004092704424510632,-0.04669690504670143,1258.0,-1.93134752
145,224768,60,1219,0.0616455078125,0.0123832,-42.364707708358765,0.37014394998550415,0.957627534866333,0.2,-0.011803357425378636,7008,0.8668936369940639,0.0004092704424510632,0.12306317687034607,1258.0,-1.93134752
146,225280,61,1219,0.2403564453125,0.019382384,-42.35760200023651,-4.128870010375977,0.9570127725601196,0.2,-0.0261447460798081,7024,0.04184526763856411,0.0004092704424510632,-0.017376160249114037,1258.0,-1.9271253400000001
147,225792,61,1219,0.0518798828125,0.009995574,-42.33988869190216,0.5926660895347595,0.9568812847137451,0.2,-0.008456382289296016,7040,0.7971676466986537,0.0004092704424510632,0.12711982429027557,1258.0,-1.9271253400000001
1,226304,0,3839,0.2208251953125,0.016339121,-42.33392119407654,-3.9143543243408203,0.9560582041740417,0.2,-0.019563838781323284,7056,0.0026649345709301997,0.0004092704424510632,-0.026681363582611084,1258.0,-1.9271253400000001
2,226816,0,1809,0.3118896484375,0.023591962,-42.3118439912796,0.24582171440124512,0.9562296867370605,0.2,-0.03211960144108161,7072,0.004635713805328123,0.0004092704424510632,-0.04762231186032295,1258.0,-1.92463144
3,227328,0,1548,0.0201416015625,0.008104562,-42.32083082199097,0.38057541847229004,0.9563037753105164,0.2,-0.006860258385131601,7088,0.626277516130358,0.0004092704424510632,0.14282016456127167,1258.0,-1.92463144
4,227840,1,1445,0.2506103515625,0.020327289,-42.31329548358917,-5.135700702667236,0.9560285806655884,0.2,-0.02549527326482348,7104,0.029228508472442627,0.0004092704424510632,-0.020220769569277763,1258.0,-1.9195644800000002
5,228352,1,1388,0.080810546875,0.0115644755,-42.31326961517334,0.36484700441360474,0.9561219215393066,0.2,-0.012105793954106048,7120,0.6014028061181307,0.0004092704424510632,0.05754093825817108,1258.0,-1.9195644800000002
6,228864,2,1353,0.267822265625,0.019672917,-42.292227387428284,-4.158252716064453,0.9546889662742615,0.2,-0.023907523849629797,7136,0.002630942664836766,0.0004092704424510632,-0.04332070052623749,1258.0,-1.9195644800000002
7,229376,2,1328,0.238037109375,0.015102675,-42.247722864151,0.13980615139007568,0.9545934796333313,0.2,-0.02484177782025654,7152,0.008811483130557463,0.0004092704424510632,-0.038416460156440735,1258.0,-1.91717657
8,229888,3,1309,0.0728759765625,0.015514388,-42.24632012844086,0.4083251953125,0.9544903039932251,0.2,-0.012397596554365009,7168,0.5182779005263001,0.0004092704424510632,0.01717667654156685,1258.0,-1.91717657
9,230400,3,1297,0.2711181640625,0.025949907,-42.22087919712067,-6.414642333984375,0.9534171223640442,0.2,-0.024122264148900285,7184,0.02246896384167485,0.0004092704424510632,-0.030553029850125313,1258.0,-1.91419313
10,230912,3,1286,0.097900390625,0.016537651,-42.19721484184265,0.3652903437614441,0.9533535242080688,0.2,-0.01332430454203859,7200,0.5706925704143941,0.0004092704424510632,0.0579439252614975,1258.0,-1.91419313
11,231424,4,1277,0.23193359375,0.01759416,-42.198108196258545,-4.576253414154053,0.953648030757904,0.2,-0.023974938318133354,7216,0.0033220139048353303,0.0004092704424510632,-0.029209187254309654,1258.0,-1.91419313
12,231936,4,1269,0.20947265625,0.014034228,-42.193811655044556,0.5138986706733704,0.9528675675392151,0.2,-0.02121616840304341,7232,0.01133793470216915,0.0004092704424510632,-0.01597283035516739,1258.0,-1.9101745799999998
13,232448,5,1265,0.06982421875,0.016895521,-42.164984822273254,0.34672147035598755,0.9529092311859131,0.2,-0.012195657429401763,7248,0.5510757036972791,0.0004092704424510632,0.006578370928764343,1258.0,-1.9101745799999998
14,232960,5,1257,0.273681640625,0.020205721,-42.184603452682495,-7.289914131164551,0.9540507793426514,0.2,-0.026390638122393284,7264,0.012592670173035003,0.0004092704424510632,-0.03978215157985687,1258.0,-1.9053766899999998
15,233472,6,1252,0.067626953125,0.012785112,-42.21664071083069,0.2367396354675293,0.9544333815574646,0.2,-0.009766058108652942,7280,0.701586433686316,0.0004092704424510632,0.08527548611164093,1258.0,-1.9053766899999998
16,233984,6,1247,0.2781982421875,0.018629137,-42.22334444522858,-2.2022149562835693,0.9546404480934143,0.2,-0.02793741741334088,7296,0.011397135793231428,0.0004092704424510632,-0.03508525341749191,1258.0,-1.9053766899999998
17,234496,6,1244,0.1923828125,0.015779654,-42.23755216598511,0.6942493915557861,0.9552780985832214,0.2,-0.022957372158998623,7312,0.13986611482687294,0.0004092704424510632,0.02508271485567093,1258.0,-1.9018579299999998
18,235008,7,1240,0.217529296875,0.021438602,-42.24528360366821,0.5177962779998779,0.9556149244308472,0.2,-0.015717610891442746,7328,0.08191241638269275,0.0004092704424510632,-0.01547042652964592,1258.0,-1.9018579299999998
19,235520,7,1238,0.24755859375,0.017503507,-42.23876488208771,-9.9821195602417,0.9552105665206909,0.2,-0.02385775971924886,7344,0.0060988616169197485,0.0004092704424510632,-0.03155900165438652,1258.0,-1.8996688199999996
20,236032,8,1234,0.04150390625,0.011352602,-42.22452652454376,0.2537405490875244,0.9555211067199707,0.2,-0.009917777380906045,7360,0.7266613184474409,0.0004092704424510632,0.11389554291963577,1258.0,-1.8996688199999996
21,236544,8,1203,0.275390625,0.024074405,-42.23644423484802,-8.487129211425781,0.9560288190841675,0.2,-0.024511949144653045,7376,0.006438459633500315,0.0004092704424510632,-0.03922785818576813,1258.0,-1.8981163499999996
22,237056,9,1200,0.0667724609375,0.011861154,-42.248409152030945,0.1866348385810852,0.9562780857086182,0.2,-0.011969288054388016,7392,0.7120735696516931,0.0004092704424510632,0.07595851272344589,1258.0,-1.8981163499999996
23,237568,9,1199,0.2982177734375,0.019173354,-42.258450627326965,-5.213772773742676,0.9568066596984863,0.2,-0.027734439412597567,7408,0.0013195917581469985,0.0004092704424510632,-0.028728283941745758,1258.0,-1.8981163499999996
24,238080,10,1199,0.2972412109375,0.02390295,-42.291996479034424,0.043707191944122314,0.9586021900177002,0.2,-0.027015450672479346,7424,0.0037428827126859687,0.0004092704424510632,-0.03649182990193367,1258.0,-1.8960288699999999
25,238592,10,1200,0.062255859375,0.012991512,-42.33628690242767,0.26668214797973633,0.95868319272995,0.2,-0.012635853912797756,7440,0.7990092588588595,0.0004092704424510632,0.06004512310028076,1258.0,-1.8960288699999999
26,239104,11,1200,0.27294921875,0.025881767,-42.32342290878296,-7.166007995605469,0.9583893418312073,0.2,-0.021374372794525698,7456,0.020442568536964245,0.0004092704424510632,-0.02102556638419628,1258.0,-1.8915155299999997
27,239616,11,1200,0.1065673828125,0.016085522,-42.31977188587189,0.1610931158065796,0.9583129286766052,0.2,-0.014416093923500739,7472,0.9322584709152579,0.0004092704424510632,0.08892454952001572,1258.0,-1.8915155299999997
28,240128,11,1200,0.2794189453125,0.02380964,-42.33390271663666,-6.599430084228516,0.959479808807373,0.2,-0.02545639651361853,7488,0.003151095490466105,0.0004092704424510632,-0.03585907071828842,1258.0,-1.8915155299999997
29,240640,12,1200,0.3023681640625,0.028492816,-42.37288022041321,0.07991939783096313,0.9603157043457031,0.2,-0.03138283724547364,7504,0.006393695832230151,0.0004092704424510632,-0.04912196844816208,1258.0,-1.8894083000000002
30,241152,12,1200,0.0665283203125,0.014809733,-42.375001072883606,0.5974408388137817,0.9599055647850037,0.2,-0.01086686613416532,7520,0.5453526750206947,0.0004092704424510632,0.062269195914268494,1258.0,-1.8894083000000002
31,241664,13,1199,0.3341064453125,0.031093128,-42.37731075286865,-5.3407769203186035,0.9610530138015747,0.2,-0.028114203945733607,7536,0.023203235468827188,0.0004092704424510632,-0.02803763374686241,1258.0,-1.8826525699999999
32,242176,13,1199,0.057373046875,0.010610469,-42.424864411354065,0.4162660837173462,0.9618051052093506,0.2,-0.007763305395201314,7552,0.5964434240013361,0.0004092704424510632,0.110836461186409,1258.0,-1.8826525699999999
33,242688,14,1200,0.3165283203125,0.024324603,-42.422261357307434,-4.620169162750244,0.961174488067627,0.2,-0.028815574558393564,7568,0.0026900460579781793,0.0004092704424510632,-0.044276513159275055,1258.0,-1.8826525699999999
34,243200,14,1199,0.2620849609375,0.020237735,-42.41979277133942,0.212158203125,0.9612987637519836,0.2,-0.027632685043499805,7584,0.003477217207546346,0.0004092704424510632,-0.04138622805476189,1258.0,-1.87836843
35,243712,14,1199,0.044921875,0.010649839,-42.41493105888367,0.25800633430480957,0.9610128998756409,0.2,-0.012820877163903788,7600,0.7487866778392345,0.0004092704424510632,0.09155895560979843,1258.0,-1.87836843
36,244224,15,1199,0.221923828125,0.01489044,-42.40367579460144,-5.225094795227051,0.9611084461212158,0.2,-0.019286249924334697,7616,0.005474736157339066,0.0004092704424510632,-0.02462727203965187,1258.0,-1.8770235400000002
37,244736,15,1198,0.06787109375,0.012704581,-42.40820527076721,0.49318140745162964,0.9613834619522095,0.2,-0.014050685695110587,7632,0.9598892740905285,0.0004092704424510632,0.12336937338113785,1258.0,-1.8770235400000002
38,245248,16,1198,0.3006591796875,0.021702211,-42.423293352127075,-3.7852554321289062,0.9624817371368408,0.2,-0.02644789873738773,7648,0.004196562251308933,0.0004092704424510632,-0.04480218142271042,1258.0,-1.8770235400000002
39,245760,16,1198,0.2327880859375,0.016541442,-42.448278188705444,0.3076510429382324,0.9627330899238586,0.2,-0.02340401746914722,7664,0.010480881988769397,0.0004092704424510632,-0.026178013533353806,1258.0,-1.8715230299999999
40,246272,17,1198,0.097412109375,0.019548781,-42.44912397861481,0.4102288484573364,0.9628410935401917,0.2,-0.015587677786243148,7680,0.41382134199375287,0.0004092704424510632,-0.01212835218757391,1258.0,-1.8715230299999999
41,246784,17,1198,0.288330078125,0.024677487,-42.44108438491821,-13.710762977600098,0.9625592827796936,0.2,-0.024284489678393584,7696,0.0030387924998649396,0.0004092704424510632,-0.023242464289069176,1258.0,-1.87076573
42,247296,17,1198,0.05615234375,0.013780972,-42.42370927333832,0.1302841305732727,0.9627334475517273,0.2,-0.007825039196177386,7712,0.9730606665834785,0.0004092704424510632,0.07832913100719452,1258.0,-1.87076573
43,247808,18,1198,0.299560546875,0.022006465,-42.42272448539734,-10.293396949768066,0.9625656604766846,0.2,-0.022948626603465527,7728,0.00268528191918449,0.0004092704424510632,-0.03660517930984497,1258.0,-1.87076573
44,248320,18,1198,0.150390625,0.017178424,-42.41834199428558,0.6054357886314392,0.9622284770011902,0.2,-0.01808610060834326,7744,0.08657874865457416,0.0004092704424510632,0.0014523528516292572,1258.0,-1.8706042600000004
45,248832,19,1198,0.1630859375,0.023578804,-42.39834797382355,0.500416100025177,0.9616294503211975,0.2,-0.02267878186830785,7760,0.23176102439174429,0.0004092704424510632,-0.03151797875761986,1258.0,-1.8706042600000004
46,249344,19,1197,0.2794189453125,0.032367863,-42.36474597454071,-12.14332103729248,0.9605365991592407,0.2,-0.020533077491563745,7776,0.004140096541959792,0.0004092704424510632,-0.023818347603082657,1258.0,-1.8690855000000004
47,249856,20,1197,0.0845947265625,0.015734361,-42.340810656547546,0.20258808135986328,0.9602426290512085,0.2,-0.013986213089083321,7792,0.9682128941640258,0.0004092704424510632,0.09887289255857468,1258.0,-1.8690855000000004
48,250368,20,1197,0.3333740234375,0.026421476,-42.31373679637909,-2.0476362705230713,0.9584187865257263,0.2,-0.03378555891686119,7808,0.011955143345403485,0.0004092704424510632,-0.037621185183525085,1258.0,-1.8669983300000004
49,250880,20,1197,0.0616455078125,0.012370795,-42.254629731178284,0.6659207344055176,0.9573647379875183,0.2,-0.010856433553271927,7824,0.6968618296086788,0.0004092704424510632,0.16009560227394104,1258.0,-1.8669983300000004
50,251392,21,1197,0.3052978515625,0.02091469,-42.22909724712372,-8.804240226745605,0.9571073055267334,0.2,-0.028437090339139104,7840,0.003087985187448794,0.0004092704424510632,-0.040446214377880096,1258.0,-1.8669983300000004
51,251904,21,1197,0.2362060546875,0.013737061,-42.21620047092438,-0.029485225677490234,0.9564228057861328,0.2,-0.024778637394774705,7856,0.0024828123932820745,0.0004092704424510632,-0.030259890481829643,1258.0,-1.8631927400000003
52,252416,22,1196,0.0426025390625,0.011313758,-42.20459580421448,0.37032729387283325,0.9564304947853088,0.2,-0.011781540553783998,7872,0.7576530845835805,0.0004092704424510632,0.1332835555076599,1258.0,-1.8631927400000003
53,252928,22,1196,0.3026123046875,0.023584418,-42.223384380340576,-5.083683013916016,0.9579237103462219,0.2,-0.027525159996002913,7888,0.004977989949111361,0.0004092704424510632,-0.031300537288188934,1258.0,-1.8610282500000002
54,253440,23,1196,0.0562744140625,0.015085316,-42.26191532611847,0.5493336915969849,0.9581077694892883,0.2,-0.009601618941815104,7904,0.6335228108800948,0.0004092704424510632,0.08959436416625977,1258.0,-1.8610282500000002
55,253952,23,1196,0.2838134765625,0.022947619,-42.22842025756836,-9.231340408325195,0.956107497215271,0.2,-0.026839631493203342,7920,0.002653113395354012,0.0004092704424510632,-0.03194703161716461,1258.0,-1.8610282500000002
56,254464,23,1196,0.22802734375,0.017153751,-42.16767656803131,0.025322914123535156,0.9550997614860535,0.2,-0.024491746895364486,7936,0.004344319429947063,0.0004092704424510632,-0.03429790213704109,1258.0,-1.8567135300000002
57,254976,24,1197,0.076171875,0.017099466,-42.16483426094055,0.41999608278274536,0.9550608992576599,0.2,-0.015326004206144717,7952,0.5893999761901796,0.0004092704424510632,0.05037747696042061,1258.0,-1.8567135300000002
58,255488,24,1197,0.2552490234375,0.022386903,-42.15124273300171,-7.122746467590332,0.9542492628097534,0.2,-0.024018027615966275,7968,0.018928373203380033,0.0004092704424510632,-0.027999090030789375,1258.0,-1.85581137
59,256000,25,1197,0.0665283203125,0.014457676,-42.1333909034729,0.2505530118942261,0.9539724588394165,0.2,-0.010848328354768455,7984,0.8965726145543158,0.0004092704424510632,0.121226966381073,1258.0,-1.85581137
60,256512,25,1196,0.2890625,0.02647734,-42.09843587875366,-1.6911981105804443,0.9514893293380737,0.2,-0.026330070599215105,8000,0.002098049040796468,0.0004092704424510632,-0.03120432235300541,1258.0,-1.85581137
61,257024,26,1196,0.3173828125,0.02349097,-42.04259693622589,0.11607331037521362,0.9517477750778198,0.2,-0.03145952118211426,8016,0.0053985276172170416,0.0004092704424510632,-0.027783257886767387,1258.0,-1.85428671
62,257536,26,1196,0.0711669921875,0.014147613,-42.052037477493286,0.41714566946029663,0.9518383145332336,0.2,-0.013934630987932906,8032,0.6134252464398742,0.0004092704424510632,0.06010005250573158,1258.0,-1.85428671
63,258048,26,1196,0.2396240234375,0.018555261,-42.046597599983215,-7.603450775146484,0.9515843391418457,0.2,-0.026105298602487892,8048,0.04053267417475581,0.0004092704424510632,-0.027268607169389725,1258.0,-1.8524661199999999
64,258560,27,1196,0.024169921875,0.009260774,-42.05875635147095,0.4851984977722168,0.9518171548843384,0.2,-0.005887602048460394,8064,0.6728645446710289,0.0004092704424510632,0.09332547336816788,1258.0,-1.8524661199999999
65,259072,27,1196,0.2506103515625,0.019663256,-42.0618941783905,-3.8392772674560547,0.9512314200401306,0.2,-0.022443539695814252,8080,0.008036380022531375,0.0004092704424510632,-0.02782624214887619,1258.0,-1.8524661199999999
66,259584,28,1196,0.260009765625,0.019812472,-42.05257070064545,0.16584795713424683,0.9524453282356262,0.2,-0.02468039613449946,8096,0.008155695526511408,0.0004092704424510632,-0.030485130846500397,1258.0,-1.84995824
67,260096,28,1196,0.093505859375,0.01432601,-42.090476989746094,0.3943935036659241,0.9530571103096008,0.2,-0.014224464073777199,8112,0.5013131310697645,0.0004092704424510632,0.018070455640554428,1258.0,-1.84995824
68,260608,29,1196,0.250732421875,0.023388823,-42.090020298957825,-10.197994232177734,0.9525935053825378,0.2,-0.022750440184609033,8128,0.027199555552215315,0.0004092704424510632,-0.02874634601175785,1258.0,-1.8484570600000003
69,261120,29,1196,0.068359375,0.010189144,-42.06310856342316,0.16187715530395508,0.9521865844726562,0.2,-0.01186153017624747,8144,1.260375237558037,0.0004092704424510632,0.04600270465016365,1258.0,-1.8484570600000003
70,261632,29,1196,0.2822265625,0.019325415,-42.03963565826416,-1.5663516521453857,0.9514243602752686,0.2,-0.025131720554782078,8160,0.002179337046982255,0.0004092704424510632,-0.0390096977353096,1258.0,-1.8484570600000003
71,262144,30,1196,0.162841796875,0.015619544,-41.99894320964813,0.6005135774612427,0.9510624408721924,0.2,-0.019545136186934542,8176,0.14148960169404745,0.0004092704424510632,0.014201100915670395,1258.0,-1.8478333300000003
72,262656,30,1196,0.1878662109375,0.033010796,-41.98310697078705,0.6478428840637207,0.9505501985549927,0.2,-0.022713351267157122,8192,0.34011668048333377,0.0004092704424510632,-0.004568666219711304,1258.0,-1.8478333300000003
73,263168,31,1196,0.238525390625,0.017365634,-41.95456564426422,-13.10490608215332,0.9492859840393066,0.2,-0.020532784692477435,8208,0.016086088289739564,0.0004092704424510632,-0.033860743045806885,1258.0,-1.8457246200000004
74,263680,31,1196,0.0687255859375,0.012275708,-41.91941273212433,0.13266342878341675,0.948766827583313,0.2,-0.012456897253287025,8224,1.6633953992277384,0.0004092704424510632,0.280477911233902,1258.0,-1.8457246200000004
75,264192,32,1195,0.2664794921875,0.014486591,-41.889113664627075,-4.530063152313232,0.9469638466835022,0.2,-0.02327002989477478,8240,0.002659961985045811,0.0004092704424510632,-0.027500655502080917,1258.0,-1.84624577
76,264704,32,1195,0.08056640625,0.013575392,-41.84686362743378,0.41118282079696655,0.9466617703437805,0.2,-0.01357383954746183,8256,0.8619996225461364,0.0004092704424510632,0.23730042576789856,1258.0,-1.84624577
77,265216,32,1195,0.331787109375,0.02652489,-41.82102596759796,-6.902314186096191,0.9447306990623474,0.2,-0.032242802291875705,8272,0.003293061730801128,0.0004092704424510632,-0.04654431715607643,1258.0,-1.84624577
78,265728,33,1196,0.25048828125,0.014357256,-41.77355599403381,-0.05245208740234375,0.9438582062721252,0.2,-0.03176440441166051,8288,0.0021191925661696587,0.0004092704424510632,-0.04779530689120293,1258.0,-1.8414954399999999
79,266240,33,1196,0.0506591796875,0.013937468,-41.759867548942566,0.170229971408844,0.9435494542121887,0.2,-0.011927212624868844,8304,1.0291790361516178,0.0004092704424510632,0.1514919400215149,1258.0,-1.8414954399999999
80,266752,34,1196,0.2852783203125,0.01852478,-41.74893522262573,-8.583527565002441,0.9431750178337097,0.2,-0.02448119636392221,8320,0.005818338999233674,0.0004092704424510632,-0.030285343527793884,1258.0,-1.8392303299999997
81,267264,34,1196,0.062255859375,0.01260107,-41.748634457588196,0.29756468534469604,0.9429934024810791,0.2,-0.010343648071284406,8336,0.8702112170867622,0.0004092704424510632,0.08550646901130676,1258.0,-1.8392303299999997
82,267776,35,1196,0.297607421875,0.02758835,-41.7701975107193,-8.737163543701172,0.9445778131484985,0.2,-0.028216066013555974,8352,0.005650826642522588,0.0004092704424510632,-0.03210592642426491,1258.0,-1.8392303299999997
83,268288,35,1196,0.2149658203125,0.01577659,-41.82109034061432,-0.04935133457183838,0.9454216361045837,0.2,-0.022065836208639666,8368,0.0031773116352269426,0.0004092704424510632,-0.02037295326590538,1258.0,-1.8380274
84,268800,35,1195,0.066162109375,0.013216132,-41.82639002799988,0.4652719497680664,0.9453442692756653,0.2,-0.013577958598034456,8384,0.6572809237986803,0.0004092704424510632,0.06879686564207077,1258.0,-1.8380274
85,269312,36,1196,0.254150390625,0.022409119,-41.85788691043854,-9.88363265991211,0.9478106498718262,0.2,-0.020652267732657492,8400,0.008802407501207199,0.0004092704424510632,-0.018777811899781227,1258.0,-1.83458424
86,269824,36,1196,0.04296875,0.00863011,-41.93270552158356,0.28026676177978516,0.9486250877380371,0.2,-0.008642335596960038,8416,0.7811044007539749,0.0004092704424510632,0.10424985736608505,1258.0,-1.83458424
87,270336,37,1196,0.2486572265625,0.020554835,-41.921342253685,-11.523506164550781,0.9471604824066162,0.2,-0.024402150564128533,8432,0.0041386419761693105,0.0004092704424510632,-0.02153719589114189,1258.0,-1.83458424
88,270848,37,1196,0.2794189453125,0.02128707,-41.87259352207184,0.1308426856994629,0.9460368156433105,0.2,-0.029176421725424007,8448,0.004937427424010821,0.0004092704424510632,-0.04726681485772133,1258.0,-1.83374358
89,271360,38,1195,0.087158203125,0.01454469,-41.83480715751648,0.5121291875839233,0.9460240006446838,0.2,-0.015108549749129452,8464,0.6393147744238377,0.0004092704424510632,0.05955181270837784,1258.0,-1.83374358
90,271872,38,1195,0.22705078125,0.016366482,-41.83803033828735,-10.87099552154541,0.9458624720573425,0.2,-0.019618489634012803,8480,0.01014613130246289,0.0004092704424510632,-0.022688046097755432,1258.0,-1.8301120499999999
91,272384,38,1195,0.03466796875,0.007395811,-41.83492815494537,0.2576054334640503,0.9458823204040527,0.2,-0.007752541248919442,8496,0.8916702764108777,0.0004092704424510632,0.07172618806362152,1258.0,-1.8301120499999999
92,272896,39,1195,0.31005859375,0.026712684,-41.84668171405792,-3.768538475036621,0.9462869167327881,0.2,-0.030939171119825915,8512,0.0015948692307574674,0.0004092704424510632,-0.03864353150129318,1258.0,-1.8301120499999999
93,273408,39,1195,0.2899169921875,0.02244394,-41.847883105278015,0.2543718218803406,0.9462993144989014,0.2,-0.03311371334712021,8528,0.011216851708013564,0.0004092704424510632,-0.03915426507592201,1258.0,-1.8259571099999996
94,273920,40,1195,0.089599609375,0.017633732,-41.85607194900513,0.3899323344230652,0.9463810920715332,0.2,-0.01437445089686662,8544,0.674447895726189,0.0004092704424510632,0.050294335931539536,1258.0,-1.8259571099999996
95,274432,40,1195,0.2689208984375,0.023338374,-41.86450803279877,-10.804306030273438,0.9470229148864746,0.2,-0.027451984642539173,8560,0.029310386657016352,0.0004092704424510632,-0.031748585402965546,1258.0,-1.8239595599999998
96,274944,41,1195,0.0413818359375,0.009903464,-41.88903319835663,0.19533437490463257,0.9472891688346863,0.2,-0.00921705857035704,8576,1.2005499433726072,0.0004092704424510632,0.07449020445346832,1258.0,-1.8239595599999998
97,275456,41,1194,0.258544921875,0.018323455,-41.890198945999146,-3.4815168380737305,0.9470217823982239,0.2,-0.027176785093615763,8592,0.004604881522027426,0.0004092704424510632,-0.038493745028972626,1258.0,-1.8239595599999998
98,275968,41,1194,0.2607421875,0.016064638,-41.896424889564514,0.5556058883666992,0.9481682777404785,0.2,-0.027482034114655107,8608,0.03963974572252482,0.0004092704424510632,-0.01669473573565483,1258.0,-1.82076162
99,276480,42,1194,0.0716552734375,0.016399354,-41.92449402809143,0.4090152978897095,0.9482403993606567,0.2,-0.015726993413409218,8624,1.0008513731881976,0.0004092704424510632,0.06782427430152893,1258.0,-1.82076162
100,276992,42,1194,0.2799072265625,0.018992592,-41.90189528465271,-2.6658923625946045,0.9466366767883301,0.2,-0.02858391783956904,8640,0.03165832214290276,0.0004092704424510632,-0.028743695467710495,1258.0,-1.8173846
101,277504,43,1194,0.09033203125,0.013292058,-41.85462200641632,0.22022676467895508,0.9459792971611023,0.2,-0.014276906294981018,8656,0.9263600767590106,0.0004092704424510632,0.08342450112104416,1258.0,-1.8173846
102,278016,43,1194,0.2857666015625,0.019233033,-41.860103130340576,-3.397655963897705,0.9465805888175964,0.2,-0.029134470387361944,8672,0.002713723717533867,0.0004092704424510632,-0.040197137743234634,1258.0,-1.8173846
103,278528,44,1194,0.1865234375,0.012719316,-41.86219036579132,0.546113133430481,0.9454787969589233,0.2,-0.02235536895750556,8688,0.069886403856799,0.0004092704424510632,-0.0025106538087129593,1258.0,-1.81570724
104,279040,44,1194,0.2333984375,0.020097394,-41.83994770050049,0.33340513706207275,0.9459000825881958,0.2,-0.013806644885335118,8704,0.17058283555525122,0.0004092704424510632,0.08962032198905945,1258.0,-1.81570724
105,279552,45,1194,0.25,0.020034198,-41.852646589279175,-7.401371955871582,0.9455790519714355,0.2,-0.02420613932190463,8720,0.006615592399612069,0.0004092704424510632,-0.03824976086616516,1258.0,-1.8126187700000003
106,280064,45,1194,0.0169677734375,0.004734868,-41.83630681037903,0.0652921199798584,0.9453530311584473,0.2,-0.005104533622215968,8736,1.8940511215478182,0.0004092704424510632,0.36405763030052185,1258.0,-1.8126187700000003
107,280576,45,1194,0.251953125,0.019596249,-41.823031187057495,-7.279689788818359,0.9447237849235535,0.2,-0.02277520475035999,8752,0.008148235461703734,0.0004092704424510632,-0.03392752259969711,1258.0,-1.8109558899999998
108,281088,46,1194,0.0611572265625,0.007938874,-41.805166721343994,0.24145197868347168,0.9444959759712219,0.2,-0.0032133797722053714,8768,1.2767481375485659,0.0004092704424510632,0.2520196735858917,1258.0,-1.8109558899999998
109,281600,46,1194,0.2740478515625,0.022187838,-41.792816519737244,-5.6545915603637695,0.9437496662139893,0.2,-0.023709417146164924,8784,0.0027618096355581656,0.0004092704424510632,-0.020230665802955627,1258.0,-1.8109558899999998
110,282112,47,1194,0.298583984375,0.02021787,-41.76905274391174,0.03853344917297363,0.9430757164955139,0.2,-0.03072555107064545,8800,0.004113263465114869,0.0004092704424510632,-0.03933680057525635,1258.0,-1.8092723700000002
111,282624,47,1194,0.061767578125,0.01197199,-41.74586570262909,0.3039751648902893,0.9429225325584412,0.2,-0.008508894650731236,8816,1.2956193182617426,0.0004092704424510632,0.23237988352775574,1258.0,-1.8092723700000002
112,283136,48,1194,0.2921142578125,0.021626309,-41.712713956832886,-3.547576427459717,0.9404434561729431,0.2,-0.026188520016148686,8832,0.002492410651029786,0.0004092704424510632,-0.04201338812708855,1258.0,-1.8059429800000004
113,283648,48,1194,0.0067138671875,0.004941158,-41.64916789531708,0.08976203203201294,0.9395386576652527,0.2,-0.008650716976262629,8848,1.5463528423570096,0.0004092704424510632,0.07277663797140121,1258.0,-1.8059429800000004
114,284160,48,1194,0.3394775390625,0.023370005,-41.65277647972107,-2.348731517791748,0.9405549764633179,0.2,-0.029491979716112837,8864,0.00320057283170172,0.0004092704424510632,-0.0427488312125206,1258.0,-1.8059429800000004
115,284672,49,1193,0.2791748046875,0.021278966,-41.69538593292236,0.166903555393219,0.9427032470703125,0.2,-0.027737276352127083,8880,0.005759352308814414,0.0004092704424510632,-0.039323870092630386,1258.0,-1.8039612900000004
116,285184,49,1193,0.0186767578125,0.0059902263,-41.73180150985718,0.5752807259559631,0.9431070685386658,0.2,-0.0017210953956237063,8896,0.770997310988605,0.0004092704424510632,0.1817302703857422,1258.0,-1.8039612900000004
117,285696,50,1193,0.2169189453125,0.015421525,-41.718942523002625,-0.6978040933609009,0.9424518346786499,0.2,-0.02088155728415586,8912,0.027585556264966726,0.0004092704424510632,-0.02354390174150467,1258.0,-1.80069995
118,286208,50,1193,0.048095703125,0.009688614,-41.70232903957367,0.47501909732818604,0.9425411820411682,0.2,-0.011019635741831735,8928,0.9411578048020601,0.0004092704424510632,0.2072605937719345,1258.0,-1.80069995
119,286720,51,1193,0.267333984375,0.018732242,-41.70851957798004,-3.5244717597961426,0.9426206350326538,0.2,-0.02493955551472027,8944,0.0023931709365569986,0.0004092704424510632,-0.02950090356171131,1258.0,-1.80069995
120,287232,51,1193,0.2733154296875,0.018997278,-41.69094729423523,0.19723939895629883,0.9412709474563599,0.2,-0.026262846033205278,8960,0.004025069763883948,0.0004092704424510632,-0.03366013616323471,1258.0,-1.7959834700000001
121,287744,51,1194,0.0565185546875,0.013061403,-41.652612924575806,0.3774729371070862,0.9409667253494263,0.2,-0.007339268922805786,8976,0.5722012799233198,0.0004092704424510632,0.061995021998882294,1258.0,-1.7959834700000001
122,288256,52,1193,0.2791748046875,0.021404611,-41.66578996181488,-6.326099872589111,0.9419450163841248,0.2,-0.025192949491611216,8992,0.007457004729076289,0.0004092704424510632,-0.03312066197395325,1258.0,-1.7915093
123,288768,52,1193,0.0416259765625,0.012750259,-41.68143057823181,0.25143247842788696,0.9420079588890076,0.2,-0.009018729455419816,9008,1.182046431582421,0.0004092704424510632,0.08219775557518005,1258.0,-1.7915093
124,289280,53,1193,0.3040771484375,0.021158857,-41.68469059467316,-0.8073227405548096,0.9424633979797363,0.2,-0.02763541051535867,9024,0.005117521926877089,0.0004092704424510632,-0.03104928880929947,1258.0,-1.7915093
125,289792,53,1193,0.229736328125,0.012586096,-41.65169548988342,0.4500707983970642,0.9394883513450623,0.2,-0.022162713285069913,9040,0.019284725945908576,0.0004092704424510632,-0.01704585552215576,1258.0,-1.7901186199999999
126,290304,54,1193,0.0482177734375,0.013733501,-41.57708489894867,0.38498324155807495,0.938890814781189,0.2,-0.010564789954514708,9056,0.9080730981659144,0.0004092704424510632,0.006067560985684395,1258.0,-1.7901186199999999
127,290816,54,1193,0.2408447265625,0.02462539,-41.60357475280762,-9.012768745422363,0.9410987496376038,0.2,-0.02660568305873312,9072,0.03275767737068236,0.0004092704424510632,-0.032579608261585236,1258.0,-1.7900186099999997
128,291328,54,1194,0.0303955078125,0.005960103,-41.66943395137787,0.18169069290161133,0.9418981075286865,0.2,-0.0039718242223898415,9088,1.078120743855834,0.0004092704424510632,0.11157182604074478,1258.0,-1.7900186099999997
129,291840,55,1193,0.269775390625,0.021570666,-41.66704297065735,-6.014522075653076,0.9414814710617065,0.2,-0.028594120623893104,9104,0.006944402717635967,0.0004092704424510632,-0.03733474761247635,1258.0,-1.7900186099999997
130,292352,55,1194,0.16162109375,0.016101407,-41.678221702575684,0.5227206945419312,0.9415050148963928,0.2,-0.020508241883362643,9120,0.15494430530816317,0.0004092704424510632,0.01557983085513115,1258.0,-1.78400802
131,292864,56,1193,0.1324462890625,0.026552767,-41.68390381336212,0.5177102088928223,0.9420359134674072,0.2,-0.014452640054514632,9136,0.3095574183971621,0.0004092704424510632,-0.02053329534828663,1258.0,-1.78400802
132,293376,56,1194,0.265625,0.023256507,-41.7074099779129,-8.796483993530273,0.9423789978027344,0.2,-0.022143038877402432,9152,0.008671795978443697,0.0004092704424510632,-0.030588708817958832,1258.0,-1.7817902799999998
133,293888,57,1194,0.03466796875,0.0086509455,-41.71585130691528,0.08614295721054077,0.9425795078277588,0.2,-0.010319926077499986,9168,1.346758228726685,0.0004092704424510632,0.11303888261318207,1258.0,-1.7817902799999998
134,294400,57,1194,0.28173828125,0.022646546,-41.68369162082672,-6.803661823272705,0.9397655725479126,0.2,-0.02399026494822465,9184,0.0063836334011284634,0.0004092704424510632,-0.03222277760505676,1258.0,-1.78358484
135,294912,57,1193,0.0238037109375,0.007845739,-41.59745693206787,0.38932323455810547,0.9389204382896423,0.2,-0.007314636808587238,9200,1.0018549566157162,0.0004092704424510632,0.12357504665851593,1258.0,-1.78358484
136,295424,58,1193,0.22216796875,0.021438386,-41.59971284866333,-9.717485427856445,0.9397712349891663,0.2,-0.023734479647828266,9216,0.01059228774101939,0.0004092704424510632,-0.02883470058441162,1258.0,-1.78358484
137,295936,58,1193,0.2711181640625,0.023412053,-41.584893345832825,-0.01281881332397461,0.9377235174179077,0.2,-0.027756864015827887,9232,0.002490906586899655,0.0004092704424510632,-0.03745662793517113,1258.0,-1.7819586
138,296448,59,1193,0.0589599609375,0.012346236,-41.51475203037262,0.2669771909713745,0.9367716312408447,0.2,-0.008890487137250602,9248,0.9629621710628271,0.0004092704424510632,0.10981278121471405,1258.0,-1.7819586
139,296960,59,1193,0.2734375,0.024977326,-41.51483225822449,-1.7891199588775635,0.9377039670944214,0.2,-0.02372620248934254,9264,0.021498724061530083,0.0004092704424510632,-0.026292286813259125,1258.0,-1.78386525
140,297472,60,1193,0.062744140625,0.016092813,-41.54222548007965,0.603152871131897,0.9378919005393982,0.2,-0.009728937606269028,9280,0.8206317042931914,0.0004092704424510632,0.20537588000297546,1258.0,-1.78386525
141,297984,60,1193,0.27978515625,0.018631853,-41.54428839683533,-11.696043014526367,0.9378098249435425,0.2,-0.027984330197796226,9296,0.0026221034586342284,0.0004092704424510632,-0.030467238277196884,1258.0,-1.78386525
142,298496,60,1193,0.328125,0.030252285,-41.549482345581055,0.11218810081481934,0.9379204511642456,0.2,-0.028645295824389905,9312,0.00334097338054562,0.0004092704424510632,-0.03480535000562668,1258.0,-1.78151608
143,299008,61,1193,0.0633544921875,0.015139063,-41.562042117118835,0.4826040267944336,0.9381232261657715,0.2,-0.010380661973613314,9328,0.7259839870966971,0.0004092704424510632,0.10469260811805725,1258.0,-1.78151608
144,299520,61,1193,0.3175048828125,0.026980605,-41.569798946380615,-8.20709228515625,0.9389365911483765,0.2,-0.024956848632427864,9344,0.010835799301275983,0.0004092704424510632,-0.02959560416638851,1258.0,-1.77955883
145,300032,62,1193,0.0703125,0.010953979,-41.58132553100586,0.2263948917388916,0.9392085075378418,0.2,-0.00980718199571129,9360,0.984265299513936,0.0004092704424510632,0.17877432703971863,1258.0,-1.77955883
146,300544,62,1193,0.2086181640625,0.01649923,-41.597169280052185,-2.487100124359131,0.9402133822441101,0.2,-0.02137999921978917,9376,0.004368660329419072,0.0004092704424510632,-0.03239694610238075,1258.0,-1.77955883
147,301056,63,1193,0.2655029296875,0.018145755,-41.6033148765564,0.24816763401031494,0.9384971857070923,0.2,-0.024723859809455462,9392,0.005392252503952477,0.0004092704424510632,-0.038527198135852814,1258.0,-1.7787658899999998
