time/iterations,time/total_timesteps,time/time_elapsed,time/fps,train/n_updates,train/approx_kl,train/explained_variance,train/clip_range,train/value_loss,train/std,train/policy_gradient_loss,train/entropy_loss,train/clip_fraction,train/learning_rate,train/loss,rollout/ep_len_mean,rollout/ep_rew_mean
1,512,0,4001,,,,,,,,,,,,,
2,1024,0,1965,16,0.025905319,-0.04037594795227051,0.2,0.10200154212361667,0.9992064237594604,-0.03753128193784505,-43.97535192966461,0.32958984375,0.0004092704424510632,-0.04788124933838844,,
3,1536,0,1674,32,0.019617194,0.013990402221679688,0.2,0.004420670149556827,0.9989997148513794,-0.027234961293288507,-43.956478238105774,0.29150390625,0.0004092704424510632,-0.033845461905002594,1257.0,-2.544146
4,2048,1,1558,48,0.019620657,0.0034170150756835938,0.2,0.02200122777139768,0.9990894198417664,-0.032923213322646916,-43.95743930339813,0.3388671875,0.0004092704424510632,-0.03318479284644127,1257.0,-2.544146
5,2560,1,1498,64,0.018474484,0.039008498191833496,0.2,0.003211491562979063,0.9990548491477966,-0.02687090341350995,-43.95554995536804,0.2869873046875,0.0004092704424510632,-0.038414716720581055,1257.0,-2.434995
6,3072,2,1463,80,0.025732605,0.02545332908630371,0.2,0.011227353010326624,0.9975453019142151,-0.027386832691263407,-43.93672001361847,0.317138671875,0.0004092704424510632,-0.03195268660783768,1257.0,-2.434995
7,3584,2,1441,96,0.019315593,0.026641488075256348,0.2,0.0057596928454586305,0.9956667423248291,-0.029289725367561914,-43.87724769115448,0.2685546875,0.0004092704424510632,-0.038014836609363556,1257.0,-2.434995
8,4096,2,1423,112,0.024023674,0.012770473957061768,0.2,0.004479659481148701,0.9957332015037537,-0.030250587915361393,-43.841211676597595,0.2828369140625,0.0004092704424510632,-0.03249341994524002,1257.0,-2.469557
9,4608,3,1407,128,0.020623574,0.04427504539489746,0.2,0.004712526635557879,0.9947102069854736,-0.030077774223173037,-43.833733439445496,0.2791748046875,0.0004092704424510632,-0.0326678641140461,1257.0,-2.469557
10,5120,3,1395,144,0.017683912,0.0757373571395874,0.2,0.002300968721101526,0.9937323927879333,-0.026991093152901158,-43.79685056209564,0.251220703125,0.0004092704424510632,-0.04776483774185181,1257.0,-2.4713495
11,5632,4,1385,160,0.021742955,-0.037635087966918945,0.2,0.00307372505631065,0.9927735328674316,-0.024703394010430202,-43.76674044132233,0.255859375,0.0004092704424510632,-0.03368838503956795,1257.0,-2.4713495
12,6144,4,1377,176,0.02063174,0.03726959228515625,0.2,0.005106052914925385,0.992867112159729,-0.025541193026583642,-43.74798810482025,0.2510986328125,0.0004092704424510632,-0.03385376185178757,1257.0,-2.4713495
13,6656,4,1372,192,0.014678225,-0.007103562355041504,0.2,0.004058266007632483,0.9923524260520935,-0.018071419006446376,-43.749361753463745,0.1651611328125,0.0004092704424510632,-0.01672450080513954,1257.0,-2.4781192
14,7168,5,1367,208,0.025319405,0.0024858713150024414,0.2,0.012064642854966223,0.9912998676300049,-0.03475941358192358,-43.72194492816925,0.3037109375,0.0004092704424510632,-0.03556552529335022,1257.0,-2.4781192
15,7680,5,1360,224,0.015625529,0.026885628700256348,0.2,0.0032069919725472573,0.9903654456138611,-0.024539977359381737,-43.68694865703583,0.229248046875,0.0004092704424510632,-0.030600765720009804,1257.0,-2.4672638333333334
16,8192,6,1356,240,0.012639711,-0.005170941352844238,0.2,0.016399946034653112,0.9898532032966614,-0.021093616087455302,-43.66439485549927,0.2098388671875,0.0004092704424510632,-0.011910749599337578,1257.0,-2.4672638333333334
17,8704,6,1354,256,0.01760649,0.010090410709381104,0.2,0.00599706765206065,0.9900453090667725,-0.020576456503476948,-43.65640437602997,0.23193359375,0.0004092704424510632,-0.0269323717802763,1257.0,-2.4672638333333334
18,9216,6,1351,272,0.02074952,-0.0044384002685546875,0.2,0.005902766642975621,0.9897335767745972,-0.02788637566845864,-43.65266704559326,0.261474609375,0.0004092704424510632,-0.03492468595504761,1257.0,-2.4901114285714283
19,9728,7,1345,288,0.02078022,-0.0003396272659301758,0.2,0.03360521252034232,0.9892578721046448,-0.027324826616677456,-43.6415559053421,0.244384765625,0.0004092704424510632,-0.01922101527452469,1257.0,-2.4901114285714283
20,10240,7,1341,304,0.02313181,0.01227712631225586,0.2,0.0040490922692697495,0.9888643622398376,-0.025392947034561075,-43.624645352363586,0.2723388671875,0.0004092704424510632,-0.044397465884685516,1257.0,-2.484206375
21,10752,8,1340,320,0.027072445,-0.0012011528015136719,0.2,0.0362454186542891,0.9891527891159058,-0.02956775188795291,-43.6174441576004,0.2857666015625,0.0004092704424510632,-0.021829936653375626,1257.0,-2.484206375
22,11264,8,1339,336,0.025294146,0.01095503568649292,0.2,0.005543401988688856,0.9887049198150635,-0.024725675873924047,-43.62246131896973,0.241455078125,0.0004092704424510632,-0.031042899936437607,1257.0,-2.484206375
23,11776,8,1337,352,0.023240123,0.00568389892578125,0.2,0.004133839582209475,0.989737331867218,-0.025461868819547817,-43.62067985534668,0.240234375,0.0004092704424510632,-0.03724886476993561,1257.0,-2.4779747777777774
24,12288,9,1336,368,0.022629797,-0.0006204843521118164,0.2,0.052720084553584456,0.9903133511543274,-0.02242876026139129,-43.661314964294434,0.2227783203125,0.0004092704424510632,-0.006020067259669304,1257.0,-2.4779747777777774
25,12800,9,1335,384,0.016866896,0.006649613380432129,0.2,0.0050418928658473305,0.9901264905929565,-0.02444420728716068,-43.65269184112549,0.2374267578125,0.0004092704424510632,-0.03839613497257233,1257.0,-2.4922774999999997
26,13312,9,1335,400,0.018508539,-0.00020563602447509766,0.2,0.06619228993076831,0.9885741472244263,-0.02772063433076255,-43.63471174240112,0.2271728515625,0.0004092704424510632,-0.004101213067770004,1257.0,-2.4922774999999997
27,13824,10,1333,416,0.02605978,0.006605267524719238,0.2,0.004772349449922331,0.9882956147193909,-0.027857760025653988,-43.59395360946655,0.2769775390625,0.0004092704424510632,-0.029924070462584496,1257.0,-2.4922774999999997
28,14336,10,1332,432,0.014755301,-0.0017644166946411133,0.2,0.0050512240413809195,0.987144947052002,-0.021357699239160866,-43.58142578601837,0.2098388671875,0.0004092704424510632,-0.03119879588484764,1257.0,-2.4771793636363637
29,14848,11,1331,448,0.020219268,0.002729952335357666,0.2,0.016262751698377542,0.9856088757514954,-0.020824619889026508,-43.530513286590576,0.231689453125,0.0004092704424510632,-0.021491266787052155,1257.0,-2.4771793636363637
30,15360,11,1329,464,0.018187732,0.005541861057281494,0.2,0.004163641460763756,0.9850322008132935,-0.023126844156649895,-43.49514842033386,0.2042236328125,0.0004092704424510632,-0.030237656086683273,1257.0,-2.4619815
31,15872,11,1329,480,0.015002826,-3.910064697265625e-05,0.2,0.10327115934342146,0.9835368394851685,-0.028674303408479318,-43.46636784076691,0.2322998046875,0.0004092704424510632,0.006044730544090271,1257.0,-2.4619815
32,16384,12,1328,496,0.015935816,0.017237722873687744,0.2,0.0036436019436223432,0.983107328414917,-0.019031943345908076,-43.422396183013916,0.200927734375,0.0004092704424510632,-0.033949412405490875,1257.0,-2.455958769230769
33,16896,12,1328,512,0.02038692,-0.0011125802993774414,0.2,0.10541213559918106,0.982930064201355,-0.02495999727398157,-43.41726779937744,0.2037353515625,0.0004092704424510632,0.005514573305845261,1257.0,-2.455958769230769
34,17408,13,1326,528,0.021478875,0.004422962665557861,0.2,0.004863740759901702,0.9813381433486938,-0.030883656421792693,-43.39050805568695,0.2816162109375,0.0004092704424510632,-0.04012748599052429,1257.0,-2.455958769230769
35,17920,13,1326,544,0.019909479,0.0005199909210205078,0.2,0.004625545894668903,0.9802793860435486,-0.024254057731013745,-43.341334104537964,0.224365234375,0.0004092704424510632,-0.04129360243678093,1257.0,-2.4646838571428575
36,18432,13,1326,560,0.022907615,9.691715240478516e-05,0.2,0.13963676802814007,0.980527937412262,-0.029683041575481184,-43.32691264152527,0.240478515625,0.0004092704424510632,0.02404220774769783,1257.0,-2.4646838571428575
37,18944,14,1325,576,0.023085583,0.006367683410644531,0.2,0.0025026347902894486,0.979263186454773,-0.02893531948211603,-43.32346713542938,0.2451171875,0.0004092704424510632,-0.03192921727895737,1257.0,-2.4608410000000003
38,19456,14,1323,592,0.03118467,0.00012475252151489258,0.2,0.12205620273016393,0.9782695174217224,-0.02753446184215136,-43.27223265171051,0.265869140625,0.0004092704424510632,0.02467181533575058,1257.0,-2.4608410000000003
39,19968,15,1323,608,0.014971088,-0.01584923267364502,0.2,0.005579216769547202,0.9807166457176208,-0.02212875967961736,-43.28912436962128,0.2061767578125,0.0004092704424510632,-0.04111229255795479,1257.0,-2.4608410000000003
40,20480,15,1323,624,0.0176127,-0.0006146430969238281,0.2,0.004441565863089636,0.9812864065170288,-0.025638319733843673,-43.347087383270264,0.231689453125,0.0004092704424510632,-0.03976231440901756,1257.0,-2.4635105000000004
41,20992,15,1323,640,0.018188534,0.00013971328735351562,0.2,0.16136494930833578,0.981914222240448,-0.02382697402208578,-43.358744740486145,0.221435546875,0.0004092704424510632,0.047549113631248474,1257.0,-2.4635105000000004
42,21504,16,1322,656,0.019179527,0.0019511580467224121,0.2,0.0029403052139969077,0.9804743528366089,-0.02342015148315113,-43.35242509841919,0.2318115234375,0.0004092704424510632,-0.026148155331611633,1257.0,-2.4625617647058826
43,22016,16,1321,672,0.019030765,0.0002620220184326172,0.2,0.1513142422772944,0.9791054725646973,-0.026333296205848455,-43.297194957733154,0.2261962890625,0.0004092704424510632,0.03663399815559387,1257.0,-2.4625617647058826
44,22528,17,1317,688,0.018316647,-0.0020078420639038086,0.2,0.007270556976436637,0.9782539010047913,-0.022023974714102224,-43.26439726352692,0.2294921875,0.0004092704424510632,-0.023832492530345917,1257.0,-2.4625617647058826
45,23040,17,1314,704,0.0155842565,-0.0007251501083374023,0.2,0.005842214333824813,0.9775381684303284,-0.02543780290579889,-43.24198496341705,0.2178955078125,0.0004092704424510632,-0.04385089501738548,1257.0,-2.468645444444445
46,23552,17,1315,720,0.026112664,0.00023245811462402344,0.2,0.178498147521168,0.9786279201507568,-0.029713644136791117,-43.24059879779816,0.2894287109375,0.0004092704424510632,0.02880529686808586,1257.0,-2.468645444444445
47,24064,18,1315,736,0.012429894,-0.0025914907455444336,0.2,0.003832658381725196,0.9787502884864807,-0.02226703692576848,-43.269702553749084,0.2017822265625,0.0004092704424510632,-0.030809450894594193,1257.0,-2.476232263157895
48,24576,18,1315,752,0.022564732,0.0004531741142272949,0.2,0.17210474470630288,0.9788761734962463,-0.02479466941440478,-43.26719081401825,0.2392578125,0.0004092704424510632,0.04153606295585632,1257.0,-2.476232263157895
49,25088,19,1315,768,0.023935823,-0.008396625518798828,0.2,0.0071408130606869236,0.9786073565483093,-0.02637809560110327,-43.265458822250366,0.27978515625,0.0004092704424510632,-0.031975649297237396,1257.0,-2.476232263157895
50,25600,19,1315,784,0.016312031,-0.0005096197128295898,0.2,0.005243632025667466,0.9783742427825928,-0.02509126008953899,-43.26023733615875,0.216796875,0.0004092704424510632,-0.02657836116850376,1257.0,-2.48384815
51,26112,19,1315,800,0.0242731,0.00022292137145996094,0.2,0.18606537161394954,0.9777077436447144,-0.024082614458166063,-43.25005912780762,0.26318359375,0.0004092704424510632,0.0802592784166336,1257.0,-2.48384815
52,26624,20,1314,816,0.015475449,-0.0006409883499145508,0.2,0.004871592078416143,0.9781451225280762,-0.024840721824148204,-43.23735511302948,0.2239990234375,0.0004092704424510632,-0.03117132931947708,1257.0,-2.493605380952381
53,27136,20,1315,832,0.015848046,0.0003434419631958008,0.2,0.19590200670063496,0.9761754870414734,-0.022284718113951385,-43.233704686164856,0.2025146484375,0.0004092704424510632,0.06913670897483826,1257.0,-2.493605380952381
54,27648,21,1315,848,0.023857223,-0.00775909423828125,0.2,0.005323777484591119,0.9755621552467346,-0.024938065296737477,-43.1736501455307,0.2403564453125,0.0004092704424510632,-0.04324817657470703,1257.0,-2.493605380952381
55,28160,21,1315,864,0.013688688,0.00284498929977417,0.2,0.0055373739887727425,0.9767008423805237,-0.02370755994343199,-43.18281030654907,0.2100830078125,0.0004092704424510632,-0.036377716809511185,1257.0,-2.493020090909091
56,28672,21,1315,880,0.027695013,3.629922866821289e-05,0.2,0.05618356599006802,0.9782317280769348,-0.020294658897910267,-43.226903200149536,0.2664794921875,0.0004092704424510632,-0.010014645755290985,1257.0,-2.493020090909091
57,29184,22,1315,896,0.023227453,0.0003922581672668457,0.2,0.004854932638409082,0.9792578220367432,-0.025655342149548233,-43.273674845695496,0.2418212890625,0.0004092704424510632,-0.04119172692298889,1257.0,-2.497475217391304
58,29696,22,1315,912,0.022539604,0.00020879507064819336,0.2,0.2330915303900838,0.9788407683372498,-0.02749488911649678,-43.28321397304535,0.241455078125,0.0004092704424510632,0.08050453662872314,1257.0,-2.497475217391304
59,30208,22,1314,928,0.029474422,-0.005836009979248047,0.2,0.004046068490424659,0.9789999127388,-0.030498701526084915,-43.2688193321228,0.30322265625,0.0004092704424510632,-0.04110730066895485,1257.0,-2.4984190833333333
60,30720,23,1314,944,0.024418078,0.0005464553833007812,0.2,0.23280916921794415,0.9782184958457947,-0.026119980146177113,-43.275253891944885,0.2520751953125,0.0004092704424510632,0.09358405321836472,1257.0,-2.4984190833333333
61,31232,23,1316,960,0.029639408,-0.2877117395401001,0.2,0.008273908955743536,0.9783105254173279,-0.03549829623079859,-43.24831211566925,0.28271484375,0.0004092704424510632,-0.04445469006896019,1257.0,-2.4984190833333333
62,31744,24,1315,976,0.017753731,-0.0011997222900390625,0.2,0.004176002730673645,0.976961076259613,-0.02198874345049262,-43.24429440498352,0.2008056640625,0.0004092704424510632,-0.03212827071547508,1257.0,-2.4951121599999997
63,32256,24,1315,992,0.02541216,0.0002505183219909668,0.2,0.21599429659545422,0.974964439868927,-0.02463987492956221,-43.186378598213196,0.228759765625,0.0004092704424510632,0.06989184767007828,1257.0,-2.4951121599999997
64,32768,24,1315,1008,0.018135909,-0.007392525672912598,0.2,0.0024245883687399328,0.9754016995429993,-0.02655074026552029,-43.15220499038696,0.241455078125,0.0004092704424510632,-0.038664255291223526,1257.0,-2.490317923076923
65,33280,25,1315,1024,0.021886278,0.0010210275650024414,0.2,0.19995260424911976,0.9747467041015625,-0.022532288458023686,-43.16137230396271,0.213134765625,0.0004092704424510632,0.06826280057430267,1257.0,-2.490317923076923
66,33792,25,1315,1040,0.022287957,-0.19408154487609863,0.2,0.005659437621943653,0.9746569991111755,-0.027662548018270172,-43.136242628097534,0.24267578125,0.0004092704424510632,-0.038548026233911514,1257.0,-2.490317923076923
67,34304,26,1315,1056,0.017722487,-0.0003879070281982422,0.2,0.005149611170054413,0.9754996299743652,-0.023708658394753,-43.14420258998871,0.2198486328125,0.0004092704424510632,-0.03461127355694771,1257.0,-2.4918492592592596
68,34816,26,1314,1072,0.017314717,0.00017881393432617188,0.2,0.22642935253679752,0.9760701060295105,-0.024577449177741073,-43.162989139556885,0.2236328125,0.0004092704424510632,0.07992711663246155,1257.0,-2.4918492592592596
69,35328,26,1314,1088,0.019047016,-0.0006856918334960938,0.2,0.00445836347353179,0.9747241139411926,-0.02433394783292897,-43.157554268836975,0.2093505859375,0.0004092704424510632,-0.0378611721098423,1257.0,-2.4933522142857143
70,35840,27,1314,1104,0.024366919,0.000361025333404541,0.2,0.2108120396733284,0.9733233451843262,-0.029002797658904456,-43.106531381607056,0.2847900390625,0.0004092704424510632,0.02600184455513954,1257.0,-2.4933522142857143
71,36352,27,1314,1120,0.01903066,-0.01797330379486084,0.2,0.00536318177182693,0.9728296995162964,-0.025779717892874032,-43.06881809234619,0.2254638671875,0.0004092704424510632,-0.023715289309620857,1257.0,-2.4933522142857143
72,36864,28,1314,1136,0.023673568,-0.0002498626708984375,0.2,0.004609908333804924,0.9726688265800476,-0.027339900203514844,-43.06429970264435,0.259033203125,0.0004092704424510632,-0.02914099209010601,1257.0,-2.4859774137931034
73,37376,28,1314,1152,0.022732846,0.00026619434356689453,0.2,0.23619375610724092,0.9708055257797241,-0.026323311889427714,-43.03392827510834,0.2611083984375,0.0004092704424510632,0.06988884508609772,1257.0,-2.4859774137931034
74,37888,28,1314,1168,0.015674088,0.0027872323989868164,0.2,0.004844279799726792,0.9711911678314209,-0.02772373499465175,-42.99845016002655,0.224609375,0.0004092704424510632,-0.04257376864552498,1257.0,-2.4916231666666664
75,38400,29,1313,1184,0.03229689,0.0004964470863342285,0.2,0.2137903212569654,0.9694834351539612,-0.027370327414246276,-42.99796152114868,0.2686767578125,0.0004092704424510632,0.04843799024820328,1257.0,-2.4916231666666664
76,38912,29,1313,1200,0.020867705,-0.017865419387817383,0.2,0.007601776393130422,0.9691923260688782,-0.022516214303323068,-42.94360268115997,0.22900390625,0.0004092704424510632,-0.02310858853161335,1257.0,-2.4916231666666664
77,39424,30,1312,1216,0.018444665,0.00010126829147338867,0.2,0.004272787948139012,0.9701975584030151,-0.03322348618530668,-42.96727108955383,0.2696533203125,0.0004092704424510632,-0.045479390770196915,1257.0,-2.4905109999999997
78,39936,30,1312,1232,0.023856778,0.0001538395881652832,0.2,0.2254706951789558,0.9714799523353577,-0.02765301652107155,-43.0023375749588,0.2362060546875,0.0004092704424510632,0.08988040685653687,1257.0,-2.4905109999999997
79,40448,30,1312,1248,0.02302264,-0.0009741783142089844,0.2,0.004143819001910742,0.9701259136199951,-0.025026192161021754,-43.00349521636963,0.262451171875,0.0004092704424510632,-0.03822150453925133,1257.0,-2.4890200625
80,40960,31,1312,1264,0.01587464,0.00018447637557983398,0.2,0.23324630642309785,0.9692221283912659,-0.026987798511981964,-42.95543050765991,0.231201171875,0.0004092704424510632,0.07892747223377228,1257.0,-2.4890200625
81,41472,31,1312,1280,0.027791835,-0.0033866167068481445,0.2,0.004970785092154983,0.9684727191925049,-0.028845680950325914,-42.92890751361847,0.3006591796875,0.0004092704424510632,-0.02952715754508972,1257.0,-2.4890200625
82,41984,31,1312,1296,0.023292456,0.0012031793594360352,0.2,0.005466876602440607,0.9694645404815674,-0.033112429693574086,-42.92781150341034,0.2847900390625,0.0004092704424510632,-0.04748021066188812,1257.0,-2.4878886363636363
83,42496,32,1312,1312,0.036340356,0.00013238191604614258,0.2,0.09117927681654692,0.9707023501396179,-0.024714532948564738,-42.96480405330658,0.2833251953125,0.0004092704424510632,0.018350280821323395,1257.0,-2.4878886363636363
84,43008,32,1312,1328,0.01580797,0.00022721290588378906,0.2,0.005652223197103012,0.9725059866905212,-0.021977905846142676,-43.01585912704468,0.2010498046875,0.0004092704424510632,-0.02469005435705185,1257.0,-2.4881834705882353
85,43520,33,1311,1344,0.021411939,0.00021117925643920898,0.2,0.2699031801894307,0.9732823371887207,-0.025065761292353272,-43.06312096118927,0.2552490234375,0.0004092704424510632,0.11019077897071838,1257.0,-2.4881834705882353
86,44032,33,1311,1360,0.024709418,-0.005259037017822266,0.2,0.00389237207127735,0.9747653603553772,-0.02633789082756266,-43.08855080604553,0.2591552734375,0.0004092704424510632,-0.03796861693263054,1257.0,-2.4846518857142854
87,44544,33,1311,1376,0.025044594,0.000670015811920166,0.2,0.2505126125179231,0.9757727980613708,-0.027417188772233203,-43.13325369358063,0.2337646484375,0.0004092704424510632,0.08485759794712067,1257.0,-2.4846518857142854
88,45056,34,1311,1392,0.017592419,-0.31172966957092285,0.2,0.005375054373871535,0.9763716459274292,-0.01999944500857964,-43.15910053253174,0.1937255859375,0.0004092704424510632,-0.030700433999300003,1257.0,-2.4846518857142854
89,45568,34,1310,1408,0.015659852,-0.006829977035522461,0.2,0.0037295771544449963,0.9779961109161377,-0.024846683721989393,-43.18284738063812,0.2017822265625,0.0004092704424510632,-0.030166327953338623,1257.0,-2.483892138888889
90,46080,35,1310,1424,0.029583162,0.00037598609924316406,0.2,0.25621064752340317,0.9773108959197998,-0.027378077240427956,-43.21612858772278,0.26611328125,0.0004092704424510632,0.08223302662372589,1257.0,-2.483892138888889
91,46592,35,1310,1440,0.020988021,-0.2133876085281372,0.2,0.0017759659785951953,0.9780017733573914,-0.033307466059341095,-43.203505873680115,0.277587890625,0.0004092704424510632,-0.05184377729892731,1257.0,-2.482200054054054
92,47104,35,1310,1456,0.019285388,0.0005150437355041504,0.2,0.23046607291325927,0.9788286089897156,-0.02358922949497355,-43.23657143115997,0.2105712890625,0.0004092704424510632,0.09160958975553513,1257.0,-2.482200054054054
93,47616,36,1309,1472,0.021016315,-0.3027573823928833,0.2,0.004458657953364309,0.977082371711731,-0.029542656542616896,-43.230907678604126,0.2921142578125,0.0004092704424510632,-0.0385109968483448,1257.0,-2.482200054054054
94,48128,36,1309,1488,0.01894331,-3.635883331298828e-05,0.2,0.004803048919711728,0.9760477542877197,-0.0263126672944054,-43.17393684387207,0.25,0.0004092704424510632,-0.03465891256928444,1257.0,-2.4796768157894733
95,48640,37,1309,1504,0.017390154,4.082918167114258e-05,0.2,0.254086606670171,0.9739735722541809,-0.023387574663502164,-43.136125683784485,0.217041015625,0.0004092704424510632,0.09586404263973236,1257.0,-2.4796768157894733
96,49152,37,1309,1520,0.015210225,-0.0002206563949584961,0.2,0.003722935958649032,0.9726918935775757,-0.030756990301597398,-43.07101857662201,0.23046875,0.0004092704424510632,-0.04021169990301132,1257.0,-2.4776968974358975
97,49664,37,1309,1536,0.019210817,6.198883056640625e-05,0.2,0.23827086202800274,0.9727149605751038,-0.021354444761527702,-43.050453186035156,0.1995849609375,0.0004092704424510632,0.09342244267463684,1257.0,-2.4776968974358975
98,50176,38,1309,1552,0.013782518,-0.0009012222290039062,0.2,0.006579966488061473,0.9732234477996826,-0.025987034779973328,-43.05747437477112,0.2213134765625,0.0004092704424510632,-0.03991434723138809,1257.0,-2.4776968974358975
99,50688,38,1309,1568,0.020422397,7.94529914855957e-05,0.2,0.004742167635413352,0.9746714234352112,-0.0245446257176809,-43.08191967010498,0.2537841796875,0.0004092704424510632,-0.034755829721689224,1257.0,-2.477967275
100,51200,39,1308,1584,0.016385438,5.1915645599365234e-05,0.2,0.25908389035612345,0.9733780026435852,-0.02076743499492295,-43.09238862991333,0.2213134765625,0.0004092704424510632,0.0962306559085846,1257.0,-2.477967275
101,51712,39,1308,1600,0.021420479,-8.940696716308594e-05,0.2,0.003738439227163326,0.9731796979904175,-0.023205501565826125,-43.05561399459839,0.2412109375,0.0004092704424510632,-0.029840610921382904,1257.0,-2.4816348048780488
102,52224,39,1308,1616,0.020874709,8.213520050048828e-05,0.2,0.23446314921602607,0.9726950526237488,-0.027491065760841593,-43.05380868911743,0.251220703125,0.0004092704424510632,0.0671100914478302,1257.0,-2.4816348048780488
103,52736,40,1308,1632,0.021976959,-0.016541481018066406,0.2,0.005171078220882919,0.972785234451294,-0.025610045428038575,-43.041616559028625,0.2467041015625,0.0004092704424510632,-0.03255794942378998,1257.0,-2.4816348048780488
104,53248,40,1307,1648,0.014977841,7.963180541992188e-05,0.2,0.004911764932330698,0.9727287888526917,-0.02012469692272134,-43.04349088668823,0.2054443359375,0.0004092704424510632,-0.0238336268812418,1257.0,-2.4755017857142856
105,53760,41,1307,1664,0.022859186,3.7550926208496094e-05,0.2,0.2396963145583868,0.9720038175582886,-0.024323005665792152,-43.024407267570496,0.2491455078125,0.0004092704424510632,0.09244110435247421,1257.0,-2.4755017857142856
106,54272,41,1307,1680,0.019393077,-0.00012505054473876953,0.2,0.004546628755633719,0.9735398888587952,-0.025329672833322547,-43.02147889137268,0.2337646484375,0.0004092704424510632,-0.0411670096218586,1257.0,-2.468626558139535
107,54784,41,1306,1696,0.018270807,5.626678466796875e-05,0.2,0.2391803883947432,0.9753114581108093,-0.022416560939745978,-43.08717107772827,0.20166015625,0.0004092704424510632,0.11079972237348557,1257.0,-2.468626558139535
108,55296,42,1306,1712,0.025095161,-0.0006539821624755859,0.2,0.006995432573603466,0.9761517643928528,-0.027515966561622918,-43.12502467632294,0.266357421875,0.0004092704424510632,-0.04256763681769371,1257.0,-2.468626558139535
109,55808,42,1306,1728,0.015833547,0.00022560358047485352,0.2,0.00682035053614527,0.9754729866981506,-0.02144650020636618,-43.13104557991028,0.1954345703125,0.0004092704424510632,-0.028154728934168816,1257.0,-2.4706916136363635
110,56320,43,1306,1744,0.035501815,2.3484230041503906e-05,0.2,0.11821341642644256,0.9754204750061035,-0.024564069623011164,-43.10868811607361,0.3060302734375,0.0004092704424510632,0.015808943659067154,1257.0,-2.4706916136363635
111,56832,43,1306,1760,0.019334035,-5.221366882324219e-05,0.2,0.005253300529147964,0.9760042428970337,-0.028180244713439606,-43.11747765541077,0.2530517578125,0.0004092704424510632,-0.02949162945151329,1257.0,-2.4723933555555555
112,57344,43,1306,1776,0.017444313,5.066394805908203e-05,0.2,0.28173575969412923,0.9754096865653992,-0.01856334213516675,-43.127211570739746,0.1856689453125,0.0004092704424510632,0.12576459348201752,1257.0,-2.4723933555555555
113,57856,44,1306,1792,0.026393425,-0.0004031658172607422,0.2,0.006739970951457508,0.9742846488952637,-0.02456060703843832,-43.09300971031189,0.278076171875,0.0004092704424510632,-0.03290543332695961,1257.0,-2.476719456521739
114,58368,44,1306,1808,0.02175711,8.440017700195312e-05,0.2,0.2757311249151826,0.9743380546569824,-0.024514039600035176,-43.07594692707062,0.2347412109375,0.0004092704424510632,0.11965208500623703,1257.0,-2.476719456521739
115,58880,45,1306,1824,0.018526737,-0.0073244571685791016,0.2,0.004658073426980991,0.9739415049552917,-0.01753634217311628,-43.07460284233093,0.1951904296875,0.0004092704424510632,-0.025661641731858253,1257.0,-2.476719456521739
116,59392,45,1306,1840,0.016031064,5.9604644775390625e-06,0.2,0.00487869147764286,0.9753241539001465,-0.022955755121074617,-43.079474568367004,0.208740234375,0.0004092704424510632,-0.02993868477642536,1257.0,-2.4749430425531913
117,59904,45,1306,1856,0.015774658,2.2411346435546875e-05,0.2,0.302832196932286,0.9759507775306702,-0.019826895702863112,-43.12074172496796,0.19287109375,0.0004092704424510632,0.11363421380519867,1257.0,-2.4749430425531913
118,60416,46,1306,1872,0.01459276,-0.0004284381866455078,0.2,0.0026704094452725258,0.9756149649620056,-0.02246861337334849,-43.11766517162323,0.1983642578125,0.0004092704424510632,-0.039072081446647644,1257.0,-2.4750929791666665
119,60928,46,1306,1888,0.016331876,3.898143768310547e-05,0.2,0.26574932504445314,0.9757617115974426,-0.022260025172727183,-43.117700815200806,0.1876220703125,0.0004092704424510632,0.09984304755926132,1257.0,-2.4750929791666665
120,61440,47,1306,1904,0.01576293,-0.00022542476654052734,0.2,0.0066145720484200865,0.9746364951133728,-0.022165988528286107,-43.09880220890045,0.2117919921875,0.0004092704424510632,-0.033082664012908936,1257.0,-2.4750929791666665
121,61952,47,1306,1920,0.015257409,-0.00011873245239257812,0.2,0.004952277151460294,0.9746737480163574,-0.024319990974618122,-43.07040095329285,0.203369140625,0.0004092704424510632,-0.024458175525069237,1257.0,-2.4733833673469388
122,62464,47,1306,1936,0.012388645,2.8192996978759766e-05,0.2,0.28376968391239643,0.9737435579299927,-0.017349211309920065,-43.06805908679962,0.170166015625,0.0004092704424510632,0.1196766272187233,1257.0,-2.4733833673469388
123,62976,48,1306,1952,0.018917557,-3.695487976074219e-05,0.2,0.003875919159327168,0.9716377258300781,-0.024768778515863232,-43.02145969867706,0.2215576171875,0.0004092704424510632,-0.03767726197838783,1257.0,-2.4722744199999998
124,63488,48,1306,1968,0.016781073,4.2557716369628906e-05,0.2,0.258383231703192,0.9694203734397888,-0.02106569253373891,-42.95074462890625,0.19580078125,0.0004092704424510632,0.10154945403337479,1257.0,-2.4722744199999998
125,64000,48,1306,1984,0.020446427,-0.0003606081008911133,0.2,0.0057318055696669035,0.9693087935447693,-0.024427042953902856,-42.906039237976074,0.2720947265625,0.0004092704424510632,-0.029286665841937065,1257.0,-2.4722744199999998
126,64512,49,1306,2000,0.019467803,3.343820571899414e-05,0.2,0.00666742428438738,0.968520998954773,-0.024141167639754713,-42.906540513038635,0.2191162109375,0.0004092704424510632,-0.03163108229637146,1257.0,-2.468918470588235
127,65024,49,1306,2016,0.015408495,3.653764724731445e-05,0.2,0.2794421105645597,0.9674103260040283,-0.021780308161396533,-42.882927894592285,0.2196044921875,0.0004092704424510632,0.11085934937000275,1257.0,-2.468918470588235
128,65536,50,1306,2032,0.01793297,4.667043685913086e-05,0.2,0.005601792159723118,0.9677637219429016,-0.020029885519761592,-42.863054275512695,0.2467041015625,0.0004092704424510632,-0.022656120359897614,1257.0,-2.4698285384615386
129,66048,50,1306,2048,0.022973534,4.6193599700927734e-05,0.2,0.2539095627143979,0.9673504829406738,-0.029507501574698836,-42.87183392047882,0.315185546875,0.0004092704424510632,0.07633858919143677,1257.0,-2.4698285384615386
130,66560,50,1306,2064,0.025795452,-0.0002703666687011719,0.2,0.007388199504930526,0.9658908843994141,-0.027799288043752313,-42.83756649494171,0.30126953125,0.0004092704424510632,-0.036499690264463425,1257.0,-2.4698285384615386
131,67072,51,1306,2080,0.01646963,-3.170967102050781e-05,0.2,0.00592680080444552,0.9651936888694763,-0.027800152311101556,-42.80181014537811,0.247314453125,0.0004092704424510632,-0.031417958438396454,1257.0,-2.470852075471698
132,67584,51,1306,2096,0.02357892,3.898143768310547e-05,0.2,0.2697506742551923,0.9652606844902039,-0.0272332313543302,-42.79866600036621,0.2989501953125,0.0004092704424510632,0.09465346485376358,1257.0,-2.470852075471698
133,68096,52,1305,2112,0.018945592,-0.0002701282501220703,0.2,0.005579692435276229,0.9641813039779663,-0.025326715869596228,-42.786327958106995,0.2528076171875,0.0004092704424510632,-0.02630077861249447,1257.0,-2.4660727407407412
134,68608,52,1305,2128,0.022315495,5.632638931274414e-05,0.2,0.26530835358425975,0.9629582762718201,-0.025772091685212217,-42.74987590312958,0.263427734375,0.0004092704424510632,0.0857887789607048,1257.0,-2.4660727407407412
135,69120,52,1305,2144,0.020950656,-0.06872987747192383,0.2,0.004156337185122538,0.9629281163215637,-0.021001078450353816,-42.72033953666687,0.2303466796875,0.0004092704424510632,-0.02730206772685051,1257.0,-2.4660727407407412
136,69632,53,1305,2160,0.017149251,0.00010758638381958008,0.2,0.005331848813511897,0.9619149565696716,-0.02721774237579666,-42.71685874462128,0.2313232421875,0.0004092704424510632,-0.0388798713684082,1257.0,-2.4646139454545457
137,70144,53,1305,2176,0.03774534,2.658367156982422e-05,0.2,0.14534567692317069,0.9614327549934387,-0.02202998373832088,-42.67969739437103,0.26708984375,0.0004092704424510632,0.032416440546512604,1257.0,-2.4646139454545457
138,70656,54,1305,2192,0.017439073,-3.0040740966796875e-05,0.2,0.005673117200785782,0.959766685962677,-0.02243959254701622,-42.6562020778656,0.2269287109375,0.0004092704424510632,-0.021154584363102913,1257.0,-2.466796892857143
139,71168,54,1305,2208,0.022623839,2.8908252716064453e-05,0.2,0.2929238355718553,0.9583223462104797,-0.028495442093117163,-42.60111320018768,0.274658203125,0.0004092704424510632,0.09390944242477417,1257.0,-2.466796892857143
140,71680,54,1305,2224,0.02970412,-0.00020802021026611328,0.2,0.005582312085607555,0.9564782977104187,-0.026592976806568913,-42.54306352138519,0.2974853515625,0.0004092704424510632,-0.035985007882118225,1257.0,-2.4674397719298247
141,72192,55,1304,2240,0.016106017,4.4286251068115234e-05,0.2,0.2841405887156725,0.954691469669342,-0.019350497430423275,-42.48477506637573,0.2174072265625,0.0004092704424510632,0.13192680478096008,1257.0,-2.4674397719298247
142,72704,55,1304,2256,0.015270209,-0.0003904104232788086,0.2,0.007397719818982296,0.9535523056983948,-0.02163264199043624,-42.430627942085266,0.2393798828125,0.0004092704424510632,-0.028692105785012245,1257.0,-2.4674397719298247
143,73216,56,1304,2272,0.015828084,-9.262561798095703e-05,0.2,0.003933842283004196,0.9534062743186951,-0.022165303642395884,-42.41531252861023,0.225830078125,0.0004092704424510632,-0.02457858994603157,1257.0,-2.466628172413793
144,73728,56,1304,2288,0.024735283,2.574920654296875e-05,0.2,0.30028572119772434,0.9527392983436584,-0.028160538990050554,-42.40844714641571,0.264892578125,0.0004092704424510632,0.10695949196815491,1257.0,-2.466628172413793
145,74240,56,1304,2304,0.016282793,-0.0005897283554077148,0.2,0.002656466869666474,0.9505250453948975,-0.02811970768379979,-42.36263453960419,0.2303466796875,0.0004092704424510632,-0.036476098001003265,1257.0,-2.4666494237288137
146,74752,57,1304,2320,0.02233946,5.251169204711914e-05,0.2,0.27482670079916716,0.9493928551673889,-0.026207637565676123,-42.30491280555725,0.264892578125,0.0004092704424510632,0.08537843823432922,1257.0,-2.4666494237288137
147,75264,57,1304,2336,0.025325753,-0.0005453824996948242,0.2,0.006985258121858351,0.9502447843551636,-0.02884286132757552,-42.29286074638367,0.3050537109375,0.0004092704424510632,-0.0429726280272007,1257.0,-2.4666494237288137
1,75776,0,4184,2352,0.023760991,9.119510650634766e-06,0.2,0.005653979715134483,0.9518483281135559,-0.029899254761403427,-42.33651101589203,0.279052734375,0.0004092704424510632,-0.04513123631477356,1257.0,-2.4656924833333336
2,76288,0,1955,2368,0.020125717,4.035234451293945e-05,0.2,0.28552656061947346,0.9504573941230774,-0.024031597276916727,-42.35296297073364,0.24755859375,0.0004092704424510632,0.1269800364971161,1257.0,-2.4656924833333336
3,76800,0,1668,2384,0.018970534,0.0004398822784423828,0.2,0.00438300785026513,0.949661135673523,-0.032411346619483083,-42.29497027397156,0.2650146484375,0.0004092704424510632,-0.04122322425246239,1257.0,-2.463324393442623
4,77312,1,1553,2400,0.02190284,6.663799285888672e-05,0.2,0.26776968128979206,0.9492958784103394,-0.02426267675764393,-42.28076672554016,0.2364501953125,0.0004092704424510632,0.11304719001054764,1257.0,-2.463324393442623
5,77824,1,1490,2416,0.027608644,-0.0010145902633666992,0.2,0.0062510378047591075,0.9487029314041138,-0.030406537494855,-42.264066100120544,0.271728515625,0.0004092704424510632,-0.04842408001422882,1257.0,-2.463324393442623
6,78336,2,1449,2432,0.01391966,6.175041198730469e-05,0.2,0.007086035082465969,0.9500865340232849,-0.023449580010492355,-42.26523470878601,0.2066650390625,0.0004092704424510632,-0.01949107088148594,1257.0,-2.462295193548387
7,78848,2,1426,2448,0.015291304,8.0108642578125e-05,0.2,0.28638861840590835,0.951748251914978,-0.01979907535132952,-42.31830382347107,0.1942138671875,0.0004092704424510632,0.09008201211690903,1257.0,-2.462295193548387
8,79360,2,1408,2464,0.020501377,-0.0014778375625610352,0.2,0.004472037748200819,0.9525337219238281,-0.029840844610589556,-42.35858428478241,0.279541015625,0.0004092704424510632,-0.03930748254060745,1257.0,-2.461359984126984
9,79872,3,1395,2480,0.016699629,0.00033742189407348633,0.2,0.2577168606221676,0.952467679977417,-0.02448950165126007,-42.368971943855286,0.2347412109375,0.0004092704424510632,0.07951553165912628,1257.0,-2.461359984126984
10,80384,3,1388,2496,0.017021153,-0.0031855106353759766,0.2,0.0054670608005835675,0.9508523344993591,-0.02653029511566274,-42.3413907289505,0.2493896484375,0.0004092704424510632,-0.03155292943120003,1257.0,-2.461359984126984
11,80896,4,1381,2512,0.013584787,2.2113323211669922e-05,0.2,0.004859219072386622,0.9504652619361877,-0.02305383386556059,-42.309898138046265,0.2110595703125,0.0004092704424510632,-0.032136112451553345,1257.0,-2.4614404375000003
12,81408,4,1375,2528,0.02011685,2.777576446533203e-05,0.2,0.27267398638650775,0.9493469595909119,-0.027400791848776862,-42.289283871650696,0.2589111328125,0.0004092704424510632,0.0913681611418724,1257.0,-2.4614404375000003
13,81920,4,1368,2544,0.015738051,1.9073486328125e-06,0.2,0.005149073476786725,0.9493089914321899,-0.024422221671557054,-42.267550110816956,0.218505859375,0.0004092704424510632,-0.03615093603730202,1257.0,-2.4579102615384616
14,82432,5,1362,2560,0.018633252,3.1828880310058594e-05,0.2,0.26093759201467037,0.9500405192375183,-0.024506183399353176,-42.27282989025116,0.2208251953125,0.0004092704424510632,0.07295574247837067,1257.0,-2.4579102615384616
15,82944,5,1357,2576,0.01932787,-0.00029981136322021484,0.2,0.005659899936290458,0.9504644274711609,-0.023778346687322482,-42.296889781951904,0.1947021484375,0.0004092704424510632,-0.03993026167154312,1257.0,-2.4579102615384616
16,83456,6,1354,2592,0.0142014045,3.6656856536865234e-05,0.2,0.005630546154861804,0.9507777094841003,-0.02171655630809255,-42.29557168483734,0.166015625,0.0004092704424510632,-0.03093656338751316,1257.0,-2.4551801969696974
17,83968,6,1351,2608,0.029566258,1.6033649444580078e-05,0.2,0.1635660515166819,0.9510802030563354,-0.028492503566667438,-42.297441363334656,0.30712890625,0.0004092704424510632,0.03941076248884201,1257.0,-2.4551801969696974
18,84480,6,1349,2624,0.018015504,-1.1444091796875e-05,0.2,0.0045720484922640026,0.9506527185440063,-0.027368768918677233,-42.30260694026947,0.2520751953125,0.0004092704424510632,-0.04027934744954109,1257.0,-2.4554908955223884
19,84992,7,1346,2640,0.021408865,1.430511474609375e-05,0.2,0.28394303284585476,0.9508481621742249,-0.025889718119287863,-42.29179787635803,0.26611328125,0.0004092704424510632,0.10403881967067719,1257.0,-2.4554908955223884
20,85504,7,1342,2656,0.017544294,-0.0002459287643432617,0.2,0.0059397145378170535,0.9515844583511353,-0.0213933680934133,-42.312289357185364,0.21728515625,0.0004092704424510632,-0.009276581928133965,1257.0,-2.454597411764706
21,86016,8,1340,2672,0.020548005,2.8967857360839844e-05,0.2,0.2812146074138582,0.9521178007125854,-0.027740335339331068,-42.33275878429413,0.2506103515625,0.0004092704424510632,0.10158371180295944,1257.0,-2.454597411764706
22,86528,8,1339,2688,0.015772466,-0.00948941707611084,0.2,0.00838535514776595,0.9518742561340332,-0.021070500020869076,-42.33939826488495,0.209228515625,0.0004092704424510632,-0.029126480221748352,1257.0,-2.454597411764706
23,87040,8,1339,2704,0.013398689,5.805492401123047e-05,0.2,0.005511249502887949,0.9509267210960388,-0.025501535637886263,-42.32428002357483,0.19921875,0.0004092704424510632,-0.0240798257291317,1257.0,-2.4583676666666667
24,87552,9,1339,2720,0.02227239,1.9073486328125e-05,0.2,0.30991660291329026,0.9512405395507812,-0.024665390723384917,-42.302685618400574,0.23681640625,0.0004092704424510632,0.09185989201068878,1257.0,-2.4583676666666667
25,88064,9,1338,2736,0.018776866,-0.01849806308746338,0.2,0.0022319405179587193,0.9514238834381104,-0.028292551985941827,-42.317142724990845,0.2578125,0.0004092704424510632,-0.032230671495199203,1257.0,-2.4581340857142857
26,88576,9,1337,2752,0.01688753,2.199411392211914e-05,0.2,0.2682828698307276,0.9513229131698608,-0.022478911734651774,-42.31554663181305,0.2119140625,0.0004092704424510632,0.09183527529239655,1257.0,-2.4581340857142857
27,89088,10,1336,2768,0.017678402,-0.00029480457305908203,0.2,0.006764897290850058,0.9503745436668396,-0.02367320316261612,-42.303959131240845,0.21630859375,0.0004092704424510632,-0.03515123575925827,1257.0,-2.4581340857142857
28,89600,10,1336,2784,0.01685594,-2.1457672119140625e-05,0.2,0.007441416120855138,0.9488692879676819,-0.019451663043582812,-42.25959551334381,0.1993408203125,0.0004092704424510632,-0.033542752265930176,1257.0,-2.4586625211267608
29,90112,11,1336,2800,0.02239293,2.092123031616211e-05,0.2,0.2855133656412363,0.9479917883872986,-0.026935208472423255,-42.218793749809265,0.2515869140625,0.0004092704424510632,0.0877072662115097,1257.0,-2.4586625211267608
30,90624,11,1336,2816,0.023668569,-0.0003211498260498047,0.2,0.0036719548370456323,0.9461953043937683,-0.03180623531807214,-42.18089973926544,0.2589111328125,0.0004092704424510632,-0.04467441514134407,1257.0,-2.458201597222222
31,91136,11,1335,2832,0.020105906,4.220008850097656e-05,0.2,0.25663726637139916,0.9469279646873474,-0.025763134952285327,-42.15631294250488,0.2535400390625,0.0004092704424510632,0.12186843156814575,1257.0,-2.458201597222222
32,91648,12,1334,2848,0.017108997,-0.0202254056930542,0.2,0.0044150210451334715,0.9474246501922607,-0.022846685751574114,-42.18190109729767,0.211669921875,0.0004092704424510632,-0.04523227736353874,1257.0,-2.458201597222222
33,92160,12,1333,2864,0.012945475,-4.5299530029296875e-05,0.2,0.005675539228832349,0.9473196864128113,-0.023395944299409166,-42.18674099445343,0.1832275390625,0.0004092704424510632,-0.033098939806222916,1257.0,-2.4563005890410956
34,92672,13,1333,2880,0.01645884,2.193450927734375e-05,0.2,0.27546149166300893,0.9472317099571228,-0.023158512158261146,-42.17688286304474,0.211181640625,0.0004092704424510632,0.08596532046794891,1257.0,-2.4563005890410956
35,93184,13,1331,2896,0.015381904,-0.00015091896057128906,0.2,0.005772618256742135,0.9467641115188599,-0.02789626862067962,-42.16508913040161,0.2596435546875,0.0004092704424510632,-0.04772371053695679,1257.0,-2.455674513513513
36,93696,13,1331,2912,0.01657828,3.0040740966796875e-05,0.2,0.2571439784951508,0.9460614323616028,-0.019092992413789034,-42.14737904071808,0.2142333984375,0.0004092704424510632,0.10811098664999008,1257.0,-2.455674513513513
37,94208,14,1331,2928,0.028304506,-0.00035381317138671875,0.2,0.006985597021412104,0.9463040828704834,-0.027533784668776207,-42.13107919692993,0.2802734375,0.0004092704424510632,-0.03431243821978569,1257.0,-2.455674513513513
38,94720,14,1330,2944,0.01875997,-2.849102020263672e-05,0.2,0.005421141278930008,0.9440457224845886,-0.02940408227732405,-42.11063325405121,0.2403564453125,0.0004092704424510632,-0.03255390003323555,1257.0,-2.459122373333333
39,95232,15,1329,2960,0.022396434,2.2113323211669922e-05,0.2,0.27357355784624815,0.9440363645553589,-0.03136802406515926,-42.056615591049194,0.29931640625,0.0004092704424510632,0.07022330164909363,1257.0,-2.459122373333333
40,95744,15,1328,2976,0.017623931,-0.00018346309661865234,0.2,0.005923188109591138,0.9429847598075867,-0.026126964105060324,-42.05506634712219,0.2501220703125,0.0004092704424510632,-0.031825460493564606,1257.0,-2.4608216710526314
41,96256,15,1328,2992,0.024186265,2.008676528930664e-05,0.2,0.2677416377700865,0.942058801651001,-0.025479932373855263,-42.01450216770172,0.24169921875,0.0004092704424510632,0.0952872484922409,1257.0,-2.4608216710526314
42,96768,16,1328,3008,0.017097741,-0.00029850006103515625,0.2,0.005464375259180088,0.9426915645599365,-0.029171902511734515,-42.00400960445404,0.25048828125,0.0004092704424510632,-0.028140267357230186,1257.0,-2.4608216710526314
43,97280,16,1327,3024,0.012840176,-4.1961669921875e-05,0.2,0.004672997536545154,0.9421683549880981,-0.019492670777253807,-42.018120646476746,0.1766357421875,0.0004092704424510632,-0.03858853131532669,1257.0,-2.460920506493506
44,97792,16,1327,3040,0.026999772,1.6629695892333984e-05,0.2,0.1852448252029717,0.9411285519599915,-0.025453716269112192,-41.99240469932556,0.2833251953125,0.0004092704424510632,0.0767885148525238,1257.0,-2.460920506493506
45,98304,17,1326,3056,0.013388049,-6.222724914550781e-05,0.2,0.0048192006652243435,0.939212441444397,-0.022586885024793446,-41.948039054870605,0.1912841796875,0.0004092704424510632,-0.022541867569088936,1257.0,-2.460747641025641
46,98816,17,1326,3072,0.015962603,1.919269561767578e-05,0.2,0.29185634898021817,0.9380605220794678,-0.02332658764498774,-41.89031684398651,0.2095947265625,0.0004092704424510632,0.08945665508508682,1257.0,-2.460747641025641
47,99328,18,1326,3088,0.036697872,-0.00038492679595947266,0.2,0.00507585187733639,0.9364034533500671,-0.03455694554577349,-41.84759497642517,0.3485107421875,0.0004092704424510632,-0.03975921496748924,1257.0,-2.4587387848101265
48,99840,18,1326,3104,0.023274664,3.8623809814453125e-05,0.2,0.2885169726796448,0.934181809425354,-0.029899953748099506,-41.781248450279236,0.28173828125,0.0004092704424510632,0.1277761459350586,1257.0,-2.4587387848101265
49,100352,18,1326,3120,0.019243347,-0.05337822437286377,0.2,0.00585051417874638,0.9336032271385193,-0.02596815679135034,-41.727381229400635,0.249755859375,0.0004092704424510632,-0.0246342271566391,1257.0,-2.4587387848101265
50,100864,19,1325,3136,0.019375945,3.11732292175293e-05,0.2,0.005811984447063878,0.9339654445648193,-0.026930974650895223,-41.72920644283295,0.2623291015625,0.0004092704424510632,-0.03867395222187042,1257.0,-2.46003945
51,101376,19,1325,3152,0.020183988,9.47713851928711e-06,0.2,0.30864882888272405,0.9328101873397827,-0.025190990592818707,-41.72023856639862,0.2611083984375,0.0004092704424510632,0.15338195860385895,1257.0,-2.46003945
52,101888,20,1325,3168,0.018045764,-0.0005050897598266602,0.2,0.002403994953056099,0.9308227896690369,-0.026530987335718237,-41.66683757305145,0.263916015625,0.0004092704424510632,-0.026059571653604507,1257.0,-2.458424049382716
53,102400,20,1325,3184,0.018012447,1.901388168334961e-05,0.2,0.267424947116524,0.9308567047119141,-0.021290398261044174,-41.621514320373535,0.209228515625,0.0004092704424510632,0.08658467233181,1257.0,-2.458424049382716
54,102912,20,1325,3200,0.020340398,-0.0002880096435546875,0.2,0.006381602644978557,0.9312505125999451,-0.02657118639763212,-41.631078600883484,0.2486572265625,0.0004092704424510632,-0.03373581916093826,1257.0,-2.458424049382716
55,103424,21,1325,3216,0.013186565,-2.193450927734375e-05,0.2,0.004699446195445489,0.9320173859596252,-0.024782680324278772,-41.64278471469879,0.2025146484375,0.0004092704424510632,-0.024764331057667732,1257.0,-2.45580306097561
56,103936,21,1325,3232,0.028539227,1.1563301086425781e-05,0.2,0.2836508257314563,0.9328703880310059,-0.03316274734970648,-41.67327618598938,0.2847900390625,0.0004092704424510632,0.09249915927648544,1257.0,-2.45580306097561
57,104448,22,1324,3248,0.01687135,-8.52346420288086e-05,0.2,0.0029347495328693185,0.933906614780426,-0.020664241252234206,-41.70409095287323,0.202880859375,0.0004092704424510632,-0.03745703399181366,1257.0,-2.4540317710843373
58,104960,22,1325,3264,0.0181577,2.1338462829589844e-05,0.2,0.262542977463454,0.9320296049118042,-0.01954021076380741,-41.69883477687836,0.19091796875,0.0004092704424510632,0.12577888369560242,1257.0,-2.4540317710843373
59,105472,22,1325,3280,0.022520889,-0.0002466440200805664,0.2,0.007646625061170198,0.9325209856033325,-0.02582721336511895,-41.65778863430023,0.2457275390625,0.0004092704424510632,-0.04377332329750061,1257.0,-2.4540317710843373
60,105984,23,1325,3296,0.015698425,1.9669532775878906e-05,0.2,0.006140438053989783,0.9336645603179932,-0.02493690262781456,-41.7006870508194,0.2138671875,0.0004092704424510632,-0.026026256382465363,1257.0,-2.456244773809524
61,106496,23,1325,3312,0.018409284,9.119510650634766e-06,0.2,0.27591409534215927,0.9337127804756165,-0.01768528064712882,-41.72174608707428,0.1871337890625,0.0004092704424510632,0.10100299119949341,1257.0,-2.456244773809524
62,107008,23,1325,3328,0.020490319,-1.4781951904296875e-05,0.2,0.005214943150349427,0.9343506693840027,-0.02763231354765594,-41.72089743614197,0.2452392578125,0.0004092704424510632,-0.03440284729003906,1257.0,-2.454236847058824
63,107520,24,1325,3344,0.014445236,1.4066696166992188e-05,0.2,0.25276718894019723,0.9334972500801086,-0.022772179145249538,-41.72773635387421,0.202880859375,0.0004092704424510632,0.08220212161540985,1257.0,-2.454236847058824
64,108032,24,1325,3360,0.021689888,-0.00016486644744873047,0.2,0.0053093882743269205,0.9332287907600403,-0.02825588937412249,-41.69401037693024,0.2884521484375,0.0004092704424510632,-0.04983164370059967,1257.0,-2.454236847058824
65,108544,25,1325,3376,0.022615377,1.5735626220703125e-05,0.2,0.004033737175632268,0.9338271617889404,-0.024045865604421124,-41.706796407699585,0.2392578125,0.0004092704424510632,-0.034850142896175385,1257.0,-2.4508732325581395
66,109056,25,1325,3392,0.026968502,1.6987323760986328e-05,0.2,0.2709130453877151,0.934764564037323,-0.03071955508494284,-41.73700296878815,0.297607421875,0.0004092704424510632,0.06755855679512024,1257.0,-2.4508732325581395
67,109568,25,1325,3408,0.014035858,2.6404857635498047e-05,0.2,0.005481682266690768,0.9341486096382141,-0.02454422843584325,-41.748735547065735,0.22509765625,0.0004092704424510632,-0.03954997658729553,1257.0,-2.4475498965517244
68,110080,26,1325,3424,0.038005717,6.139278411865234e-06,0.2,0.25134294712916017,0.9345519542694092,-0.032386325678089634,-41.73297715187073,0.3070068359375,0.0004092704424510632,0.07708770036697388,1257.0,-2.4475498965517244
69,110592,26,1324,3440,0.030523404,-5.710124969482422e-05,0.2,0.005021150704124011,0.933895468711853,-0.03366216309950687,-41.73835563659668,0.3131103515625,0.0004092704424510632,-0.04726158827543259,1257.0,-2.4475498965517244
70,111104,27,1324,3456,0.016271684,-7.62939453125e-06,0.2,0.004622146254405379,0.9344674944877625,-0.024065581004833803,-41.72843301296234,0.230224609375,0.0004092704424510632,-0.0401686355471611,1257.0,-2.446214840909091
71,111616,27,1324,3472,0.039365284,6.556510925292969e-06,0.2,0.19077637419104576,0.9354596138000488,-0.027296228741761297,-41.75588870048523,0.308349609375,0.0004092704424510632,0.07391868531703949,1257.0,-2.446214840909091
72,112128,27,1324,3488,0.024480294,1.3887882232666016e-05,0.2,0.006303218055109028,0.9356764554977417,-0.02865972984000109,-41.77903640270233,0.271240234375,0.0004092704424510632,-0.03562087565660477,1257.0,-2.4459054606741573
73,112640,28,1323,3504,0.020636685,4.112720489501953e-06,0.2,0.2817605468444526,0.9355278015136719,-0.025763969373656437,-41.77709603309631,0.2244873046875,0.0004092704424510632,0.11179706454277039,1257.0,-2.4459054606741573
74,113152,28,1323,3520,0.032601394,-0.00011336803436279297,0.2,0.004651109622500371,0.935204029083252,-0.02898867760086432,-41.76943635940552,0.2998046875,0.0004092704424510632,-0.035390812903642654,1257.0,-2.4449481444444445
75,113664,29,1323,3536,0.018197156,1.3470649719238281e-05,0.2,0.2671711980365217,0.9352403879165649,-0.027725375082809478,-41.769699931144714,0.2376708984375,0.0004092704424510632,0.10611869394779205,1257.0,-2.4449481444444445
76,114176,29,1323,3552,0.01562179,-3.814697265625e-06,0.2,0.0059092080482514575,0.9347431063652039,-0.02741075769881718,-41.768510580062866,0.227294921875,0.0004092704424510632,-0.04148303344845772,1257.0,-2.4449481444444445
77,114688,29,1323,3568,0.016918402,1.0371208190917969e-05,0.2,0.0056626009827596135,0.933139443397522,-0.02083618796314113,-41.739850759506226,0.2117919921875,0.0004092704424510632,-0.03450465947389603,1257.0,-2.4427986813186813
78,115200,30,1323,3584,0.013941506,4.947185516357422e-06,0.2,0.27646608743816614,0.932613730430603,-0.0194822046905756,-41.69679808616638,0.177490234375,0.0004092704424510632,0.11527251452207565,1257.0,-2.4427986813186813
79,115712,30,1323,3600,0.016337171,-0.0002008676528930664,0.2,0.0035092914768029004,0.9314747452735901,-0.026441803071065806,-41.67611467838287,0.26220703125,0.0004092704424510632,-0.0281392689794302,1257.0,-2.4386210760869567
80,116224,30,1322,3616,0.020739853,1.2636184692382812e-05,0.2,0.2529647406190634,0.9309384822845459,-0.024834617506712675,-41.641658306121826,0.2655029296875,0.0004092704424510632,0.09881865978240967,1257.0,-2.4386210760869567
81,116736,31,1322,3632,0.020715117,5.781650543212891e-06,0.2,0.005014114161895122,0.9322496652603149,-0.019885716661519837,-41.652782917022705,0.218017578125,0.0004092704424510632,-0.02574460208415985,1257.0,-2.4386210760869567
82,117248,31,1322,3648,0.015690353,-3.2186508178710938e-06,0.2,0.006522423565911595,0.9315920472145081,-0.020769784023286775,-41.67718732357025,0.187255859375,0.0004092704424510632,-0.02142750658094883,1257.0,-2.4402213440860216
83,117760,32,1322,3664,0.018122345,-3.5762786865234375e-07,0.2,0.27446125261485577,0.9316408634185791,-0.02404706417291891,-41.65640699863434,0.2291259765625,0.0004092704424510632,0.10579909384250641,1257.0,-2.4402213440860216
84,118272,32,1322,3680,0.027709521,-7.736682891845703e-05,0.2,0.0031968731273082085,0.9320409893989563,-0.03496280193212442,-41.66724216938019,0.3028564453125,0.0004092704424510632,-0.03989144042134285,1257.0,-2.4402240425531914
85,118784,32,1322,3696,0.022869378,6.973743438720703e-06,0.2,0.2503778454847634,0.9309095144271851,-0.024163227033568546,-41.656944155693054,0.26220703125,0.0004092704424510632,0.11540286988019943,1257.0,-2.4402240425531914
86,119296,33,1322,3712,0.019297171,-1.8835067749023438e-05,0.2,0.005846018248121254,0.9287057518959045,-0.022468268522061408,-41.59189426898956,0.209716796875,0.0004092704424510632,-0.024138396605849266,1257.0,-2.4402240425531914
87,119808,33,1322,3728,0.01357598,-7.510185241699219e-06,0.2,0.005082966163172387,0.9265679121017456,-0.02239766629645601,-41.51479780673981,0.1993408203125,0.0004092704424510632,-0.02686188369989395,1257.0,-2.4404594
88,120320,34,1322,3744,0.022029232,1.1920928955078125e-06,0.2,0.27224625926464796,0.9264471530914307,-0.03195845173468115,-41.47192132472992,0.2843017578125,0.0004092704424510632,0.07806134223937988,1257.0,-2.4404594
89,120832,34,1322,3760,0.014580244,-2.3603439331054688e-05,0.2,0.0035412717479630373,0.9259806871414185,-0.01586605262127705,-41.469998836517334,0.1761474609375,0.0004092704424510632,-0.03375217691063881,1257.0,-2.4399131041666666
90,121344,34,1322,3776,0.019765668,7.212162017822266e-06,0.2,0.2496928023174405,0.9269781708717346,-0.0250670968380291,-41.46806359291077,0.2098388671875,0.0004092704424510632,0.08572728931903839,1257.0,-2.4399131041666666
91,121856,35,1322,3792,0.027320642,-5.6624412536621094e-05,0.2,0.006473120418377221,0.9281511902809143,-0.030692115251440555,-41.51047241687775,0.2945556640625,0.0004092704424510632,-0.033516548573970795,1257.0,-2.4399131041666666
92,122368,35,1319,3808,0.011810291,9.5367431640625e-07,0.2,0.005286251303914469,0.9293468594551086,-0.01814523752545938,-41.54173159599304,0.1561279296875,0.0004092704424510632,-0.027668075636029243,1257.0,-2.436893917525773
93,122880,36,1319,3824,0.01581804,6.973743438720703e-06,0.2,0.2662801234982908,0.9283798933029175,-0.02145572086010361,-41.55663871765137,0.2222900390625,0.0004092704424510632,0.11741534620523453,1257.0,-2.436893917525773
94,123392,36,1319,3840,0.019043313,1.2099742889404297e-05,0.2,0.005413937702542171,0.927880585193634,-0.033546261096489616,-41.52486741542816,0.260986328125,0.0004092704424510632,-0.0520770363509655,1257.0,-2.4370929285714285
95,123904,36,1319,3856,0.024457153,7.808208465576172e-06,0.2,0.25108364783227444,0.9279323816299438,-0.02584479088545777,-41.52540898323059,0.259033203125,0.0004092704424510632,0.08748888224363327,1257.0,-2.4370929285714285
96,124416,37,1319,3872,0.017329171,-0.0002999305725097656,0.2,0.004610304153175093,0.9296525716781616,-0.023955011158250272,-41.549322962760925,0.2294921875,0.0004092704424510632,-0.03759520500898361,1257.0,-2.4370929285714285
97,124928,37,1319,3888,0.019904234,2.0205974578857422e-05,0.2,0.005504768101673108,0.9295846819877625,-0.026534110234933905,-41.58746337890625,0.2393798828125,0.0004092704424510632,-0.023602211847901344,1257.0,-2.4352510303030304
98,125440,38,1318,3904,0.025601972,1.0073184967041016e-05,0.2,0.19958698423579335,0.928750216960907,-0.02462052076589316,-41.5607351064682,0.27587890625,0.0004092704424510632,0.04793413355946541,1257.0,-2.4352510303030304
99,125952,38,1318,3920,0.020374361,3.516674041748047e-06,0.2,0.005321894866938237,0.9289126396179199,-0.026014258997747675,-41.544975996017456,0.2359619140625,0.0004092704424510632,-0.025820313021540642,1257.0,-2.43682514
100,126464,38,1318,3936,0.021512737,1.0251998901367188e-05,0.2,0.26839426066726446,0.9302772879600525,-0.02624298659793567,-41.572230219841,0.2415771484375,0.0004092704424510632,0.11261837184429169,1257.0,-2.43682514
101,126976,39,1317,3952,0.03198803,-0.0002739429473876953,0.2,0.005858003358298447,0.9298555254936218,-0.03177127757226117,-41.60299730300903,0.332275390625,0.0004092704424510632,-0.03933120518922806,1257.0,-2.4344331699999997
102,127488,39,1317,3968,0.02102999,1.811981201171875e-05,0.2,0.2678102576173842,0.9301676750183105,-0.026214360143058002,-41.58428609371185,0.265869140625,0.0004092704424510632,0.08545651286840439,1257.0,-2.4344331699999997
103,128000,40,1317,3984,0.0195832,-0.0010374784469604492,0.2,0.00537195543438429,0.9307185411453247,-0.025901336484821513,-41.59895360469818,0.2498779296875,0.0004092704424510632,-0.02926618605852127,1257.0,-2.4344331699999997
104,128512,40,1317,4000,0.0150862085,5.2869319915771484e-05,0.2,0.007678818816202693,0.9305119514465332,-0.021335621291655116,-41.605459809303284,0.198486328125,0.0004092704424510632,-0.02152308262884617,1257.0,-2.4351128999999996
105,129024,40,1317,4016,0.016553186,1.4066696166992188e-05,0.2,0.26991238445043564,0.9292272329330444,-0.019192435676814057,-41.58488571643829,0.190185546875,0.0004092704424510632,0.11483125388622284,1257.0,-2.4351128999999996
106,129536,41,1317,4032,0.020424593,-0.0038832426071166992,0.2,0.0026054816189571284,0.9269779324531555,-0.023847642121836543,-41.526106119155884,0.237060546875,0.0004092704424510632,-0.03306789696216583,1257.0,-2.4326715899999996
107,130048,41,1316,4048,0.017703582,3.93986701965332e-05,0.2,0.2540571689605713,0.9262258410453796,-0.024209966126363724,-41.474350571632385,0.2325439453125,0.0004092704424510632,0.09014743566513062,1257.0,-2.4326715899999996
108,130560,41,1316,4064,0.018547986,-0.026766180992126465,0.2,0.005668561643688008,0.9271965622901917,-0.02545240375911817,-41.468122601509094,0.248779296875,0.0004092704424510632,-0.02832168899476528,1257.0,-2.4326715899999996
109,131072,42,1316,4080,0.018174926,1.0788440704345703e-05,0.2,0.005314240850566421,0.9266864061355591,-0.0288846234761877,-41.49198603630066,0.2513427734375,0.0004092704424510632,-0.04139772802591324,1257.0,-2.4305972999999996
110,131584,42,1316,4096,0.02485374,4.708766937255859e-06,0.2,0.2635569856502116,0.9256411790847778,-0.029254181936266832,-41.46504199504852,0.2659912109375,0.0004092704424510632,0.07797306030988693,1257.0,-2.4305972999999996
111,132096,43,1315,4112,0.017255666,-6.079673767089844e-05,0.2,0.002687838725250913,0.9243655204772949,-0.029468272055964917,-41.424086689949036,0.248291015625,0.0004092704424510632,-0.04786239564418793,1257.0,-2.4282622299999996
112,132608,43,1315,4128,0.02226355,4.5299530029296875e-06,0.2,0.2406182000413537,0.9241907596588135,-0.024245782318757847,-41.39822053909302,0.2327880859375,0.0004092704424510632,0.06428449600934982,1257.0,-2.4282622299999996
113,133120,43,1315,4144,0.023098981,5.364418029785156e-07,0.2,0.00649276003241539,0.9229437708854675,-0.025150475368718617,-41.3811194896698,0.2509765625,0.0004092704424510632,-0.03964594379067421,1257.0,-2.4282622299999996
114,133632,44,1314,4160,0.01400989,-7.510185241699219e-06,0.2,0.0052026006451342255,0.9227729439735413,-0.01994581058534095,-41.34218978881836,0.1920166015625,0.0004092704424510632,-0.01601944863796234,1257.0,-2.4257716899999995
115,134144,44,1314,4176,0.016899798,-1.0728836059570312e-06,0.2,0.2616007090546191,0.9226489067077637,-0.0189798760402482,-41.348530411720276,0.2080078125,0.0004092704424510632,0.10565002262592316,1257.0,-2.4257716899999995
116,134656,45,1314,4192,0.019780945,-7.152557373046875e-06,0.2,0.004251919199305121,0.9239107966423035,-0.030433845444349572,-41.359947681427,0.261962890625,0.0004092704424510632,-0.04228843003511429,1257.0,-2.4237675999999997
117,135168,45,1314,4208,0.0164374,4.112720489501953e-06,0.2,0.23921638075262308,0.9244346618652344,-0.02082156368123833,-41.391379594802856,0.2108154296875,0.0004092704424510632,0.058565184473991394,1257.0,-2.4237675999999997
118,135680,45,1314,4224,0.023148403,-2.1219253540039062e-05,0.2,0.005892512606806122,0.9247271418571472,-0.031058267661137506,-41.40066730976105,0.2786865234375,0.0004092704424510632,-0.04259583726525307,1257.0,-2.4237675999999997
119,136192,46,1314,4240,0.013980165,5.0067901611328125e-06,0.2,0.006111217560828663,0.9239175915718079,-0.024141427275026217,-41.39183008670807,0.22216796875,0.0004092704424510632,-0.02834841050207615,1257.0,-2.4228447299999996
120,136704,46,1314,4256,0.022434458,1.0728836059570312e-06,0.2,0.2581908064894378,0.9229042530059814,-0.0271441068907734,-41.35469031333923,0.2677001953125,0.0004092704424510632,0.06819570809602737,1257.0,-2.4228447299999996
121,137216,47,1314,4272,0.01545093,-7.033348083496094e-06,0.2,0.005802190149552189,0.9220008850097656,-0.022708159318426624,-41.320666551589966,0.2069091796875,0.0004092704424510632,-0.03134806826710701,1257.0,-2.42227005
122,137728,47,1313,4288,0.015887382,4.947185516357422e-06,0.2,0.24103227397426963,0.9225876331329346,-0.018202474166173488,-41.30938458442688,0.1644287109375,0.0004092704424510632,0.08938838541507721,1257.0,-2.42227005
123,138240,47,1313,4304,0.028520368,-4.076957702636719e-05,0.2,0.007324020218220539,0.9236554503440857,-0.027618747248197906,-41.34026265144348,0.33251953125,0.0004092704424510632,-0.030348803848028183,1257.0,-2.42227005
124,138752,48,1313,4320,0.014624117,-1.0728836059570312e-06,0.2,0.006140725890873,0.9249008893966675,-0.025067325768759474,-41.37653851509094,0.2239990234375,0.0004092704424510632,-0.04522823914885521,1257.0,-2.42085123
125,139264,48,1313,4336,0.041485727,6.318092346191406e-06,0.2,0.20487620448693633,0.9263181090354919,-0.032219280663412064,-41.422778487205505,0.361083984375,0.0004092704424510632,0.0419122651219368,1257.0,-2.42085123
126,139776,49,1313,4352,0.025074255,1.8358230590820312e-05,0.2,0.004475835892662872,0.9249939918518066,-0.02652937898528762,-41.439287424087524,0.2752685546875,0.0004092704424510632,-0.03348656743764877,1257.0,-2.4195509599999996
127,140288,49,1313,4368,0.014722236,1.1086463928222656e-05,0.2,0.2589857750572264,0.9221926331520081,-0.02620368821953889,-41.36110723018646,0.2244873046875,0.0004092704424510632,0.09630483388900757,1257.0,-2.4195509599999996
128,140800,49,1313,4384,0.031797063,-9.202957153320312e-05,0.2,0.005617501767119393,0.9219936728477478,-0.029908177457400598,-41.3015398979187,0.32275390625,0.0004092704424510632,-0.04740060120820999,1257.0,-2.41872483
129,141312,50,1313,4400,0.021404825,2.5033950805664062e-06,0.2,0.25308877415955067,0.9230473637580872,-0.024561993777751923,-41.321574330329895,0.258544921875,0.0004092704424510632,0.11152327060699463,1257.0,-2.41872483
130,141824,50,1313,4416,0.017727079,-0.00011515617370605469,0.2,0.00713373399048578,0.9247320890426636,-0.02237331088690553,-41.35954678058624,0.2366943359375,0.0004092704424510632,-0.028232021257281303,1257.0,-2.41872483
131,142336,51,1313,4432,0.02203011,1.0907649993896484e-05,0.2,0.005271015164908022,0.9252451658248901,-0.02672195149352774,-41.40499472618103,0.2481689453125,0.0004092704424510632,-0.03317449614405632,1257.0,-2.4175901699999995
132,142848,51,1313,4448,0.022956915,1.7881393432617188e-06,0.2,0.2517979694530368,0.9261475205421448,-0.023530922626378015,-41.422285318374634,0.239990234375,0.0004092704424510632,0.07417500764131546,1257.0,-2.4175901699999995
133,143360,51,1313,4464,0.024218347,-2.276897430419922e-05,0.2,0.0025267088021792006,0.9252126216888428,-0.027986244414933026,-41.424036622047424,0.2694091796875,0.0004092704424510632,-0.04498674347996712,1257.0,-2.4143676599999995
134,143872,52,1312,4480,0.018194545,3.933906555175781e-06,0.2,0.24355808552354574,0.9234507083892822,-0.024755319202085957,-41.37448179721832,0.224853515625,0.0004092704424510632,0.0702880471944809,1257.0,-2.4143676599999995
135,144384,52,1312,4496,0.018311502,-0.0005892515182495117,0.2,0.005728150958020706,0.9230571389198303,-0.024608506573713385,-41.33391261100769,0.2484130859375,0.0004092704424510632,-0.027198201045393944,1257.0,-2.4143676599999995
136,144896,53,1312,4512,0.01633976,-1.3113021850585938e-06,0.2,0.006836130400188267,0.9213047623634338,-0.02495427746907808,-41.31367743015289,0.2119140625,0.0004092704424510632,-0.04732285812497139,1257.0,-2.4161116899999997
137,145408,53,1312,4528,0.021730285,3.516674041748047e-06,0.2,0.24934308137744665,0.9212825298309326,-0.027935509686358273,-41.26542913913727,0.2593994140625,0.0004092704424510632,0.0835002213716507,1257.0,-2.4161116899999997
138,145920,53,1312,4544,0.02199721,1.3709068298339844e-06,0.2,0.003444606056291377,0.9216238260269165,-0.028690935403574258,-41.26937806606293,0.268798828125,0.0004092704424510632,-0.02110864594578743,1257.0,-2.41175427
139,146432,54,1312,4560,0.030242112,-4.0531158447265625e-06,0.2,0.23228881834074855,0.9217250347137451,-0.035155987163307145,-41.27022981643677,0.336669921875,0.0004092704424510632,0.04822519049048424,1257.0,-2.41175427
140,146944,54,1312,4576,0.014154173,-1.1205673217773438e-05,0.2,0.005887977313250303,0.9231186509132385,-0.02283809481014032,-41.28702366352081,0.2098388671875,0.0004092704424510632,-0.03556523472070694,1257.0,-2.41175427
141,147456,55,1312,4592,0.020317586,3.3974647521972656e-06,0.2,0.005855014409462456,0.9231787919998169,-0.02660450445546303,-41.318557024002075,0.2535400390625,0.0004092704424510632,-0.03170415014028549,1257.0,-2.41007837
142,147968,55,1312,4608,0.014660796,5.960464477539063e-08,0.2,0.24714343715459108,0.9236137270927429,-0.02108963960199617,-41.31752812862396,0.1929931640625,0.0004092704424510632,0.099103644490242,1257.0,-2.41007837
143,148480,55,1312,4624,0.013094214,7.152557373046875e-07,0.2,0.00524693127226783,0.9230020046234131,-0.019792814797256142,-41.323731422424316,0.1846923828125,0.0004092704424510632,-0.033058442175388336,1257.0,-2.4084043100000003
144,148992,56,1312,4640,0.019737585,5.364418029785156e-07,0.2,0.2337121651507914,0.9219948053359985,-0.022307480991003104,-41.28546369075775,0.2265625,0.0004092704424510632,0.07758442312479019,1257.0,-2.4084043100000003
145,149504,56,1312,4656,0.025307462,-2.5033950805664062e-06,0.2,0.005416808955487795,0.9211260080337524,-0.026838365389266983,-41.249932646751404,0.2760009765625,0.0004092704424510632,-0.03247373551130295,1257.0,-2.4084043100000003
146,150016,56,1311,4672,0.016222158,-4.172325134277344e-06,0.2,0.005100341120851226,0.9198652505874634,-0.025538062676787376,-41.21455109119415,0.226318359375,0.0004092704424510632,-0.03418846055865288,1257.0,-2.40492301
147,150528,57,1311,4688,0.017033832,8.940696716308594e-07,0.2,0.2480066968128085,0.9201757311820984,-0.02230311896710191,-41.19172382354736,0.2313232421875,0.0004092704424510632,0.060705140233039856,1257.0,-2.40492301
1,151040,0,4055,4704,0.017587118,-2.2649765014648438e-06,0.2,0.005421405752713326,0.919300377368927,-0.026661908312235028,-41.19172418117523,0.2322998046875,0.0004092704424510632,-0.039989545941352844,1257.0,-2.4030777600000004
2,151552,0,1946,4720,0.017794497,1.1920928955078125e-07,0.2,0.2364017115905881,0.917931854724884,-0.02320069618144771,-41.14478921890259,0.2249755859375,0.0004092704424510632,0.08480634540319443,1257.0,-2.4030777600000004
3,152064,0,1654,4736,0.03094442,-8.463859558105469e-06,0.2,0.0046577066532336175,0.9168087840080261,-0.03214374594972469,-41.10035955905914,0.29052734375,0.0004092704424510632,-0.046327318996191025,1257.0,-2.4030777600000004
4,152576,1,1548,4752,0.015225699,1.430511474609375e-06,0.2,0.006063898777938448,0.9152224063873291,-0.024747177798417397,-41.058884024620056,0.204833984375,0.0004092704424510632,-0.030629539862275124,1257.0,-2.39840612
5,153088,1,1489,4768,0.03693541,5.960464477539062e-07,0.2,0.2001351141370833,0.9148661494255066,-0.03372025632415898,-41.02049779891968,0.3336181640625,0.0004092704424510632,0.0611308291554451,1257.0,-2.39840612
6,153600,2,1448,4784,0.017399779,1.2516975402832031e-06,0.2,0.004437780429725535,0.9149927496910095,-0.02595052440301515,-41.02008521556854,0.225341796875,0.0004092704424510632,-0.038248512893915176,1257.0,-2.3946207100000003
7,154112,2,1419,4800,0.020948477,6.556510925292969e-07,0.2,0.2433107467368245,0.9143949747085571,-0.02417578938184306,-41.01314198970795,0.243896484375,0.0004092704424510632,0.06641651690006256,1257.0,-2.3946207100000003
8,154624,2,1401,4816,0.028468616,1.3709068298339844e-06,0.2,0.004355319084424991,0.9137555956840515,-0.031405071436893195,-40.98537874221802,0.3089599609375,0.0004092704424510632,-0.04115327075123787,1257.0,-2.3900949600000003
9,155136,3,1388,4832,0.015510358,1.7881393432617188e-07,0.2,0.2354313051328063,0.9146806001663208,-0.01885772372770589,-40.98674559593201,0.20361328125,0.0004092704424510632,0.08141960203647614,1257.0,-2.3900949600000003
10,155648,3,1376,4848,0.018689875,-8.225440979003906e-06,0.2,0.004636313955415972,0.9142267107963562,-0.02474201893346617,-41.00534498691559,0.22607421875,0.0004092704424510632,-0.044173769652843475,1257.0,-2.3900949600000003
11,156160,4,1367,4864,0.012064125,1.6093254089355469e-06,0.2,0.005524269276065752,0.9139963984489441,-0.01974944627727382,-40.98554706573486,0.1885986328125,0.0004092704424510632,-0.0177411288022995,1257.0,-2.38571008
12,156672,4,1358,4880,0.020192897,2.980232238769531e-07,0.2,0.23471914697438478,0.9142718315124512,-0.029508002568036318,-40.981375336647034,0.260498046875,0.0004092704424510632,0.08124227821826935,1257.0,-2.38571008
13,157184,4,1351,4896,0.01533973,-5.9604644775390625e-06,0.2,0.003062919589865487,0.9137052893638611,-0.021725959348259494,-40.980437994003296,0.2198486328125,0.0004092704424510632,-0.03247581794857979,1257.0,-2.38299458
14,157696,5,1346,4912,0.017063025,1.3709068298339844e-06,0.2,0.2231002082116902,0.9138718843460083,-0.022824191575637087,-40.966426849365234,0.205078125,0.0004092704424510632,0.08269517123699188,1257.0,-2.38299458
15,158208,5,1343,4928,0.018469546,-1.1920928955078125e-06,0.2,0.004052793337905314,0.914624035358429,-0.023721517267404124,-40.979636549949646,0.230712890625,0.0004092704424510632,-0.046229083091020584,1257.0,-2.38299458
16,158720,6,1340,4944,0.014622336,-2.5033950805664062e-06,0.2,0.004534457380941603,0.9142212271690369,-0.022423391055781394,-40.9891003370285,0.212158203125,0.0004092704424510632,-0.031773846596479416,1257.0,-2.37889268
17,159232,6,1336,4960,0.020479348,1.2516975402832031e-06,0.2,0.2272020666860044,0.9128692150115967,-0.027251977764535695,-40.95492660999298,0.2418212890625,0.0004092704424510632,0.07492870092391968,1257.0,-2.37889268
18,159744,6,1332,4976,0.015094046,-2.86102294921875e-06,0.2,0.003216443059500307,0.9128158092498779,-0.021525177755393088,-40.91846966743469,0.2021484375,0.0004092704424510632,-0.028608201071619987,1257.0,-2.37368588
19,160256,7,1330,4992,0.01657414,1.1920928955078125e-07,0.2,0.21105589624494314,0.9127604365348816,-0.022717098821885884,-40.923941016197205,0.2174072265625,0.0004092704424510632,0.06369218230247498,1257.0,-2.37368588
20,160768,7,1327,5008,0.016673692,-2.3484230041503906e-05,0.2,0.004496322711929679,0.9118193984031677,-0.01860716557712294,-40.90834903717041,0.199462890625,0.0004092704424510632,-0.02289152517914772,1257.0,-2.37368588
21,161280,8,1325,5024,0.023563288,-9.5367431640625e-07,0.2,0.005030807697039563,0.9106740355491638,-0.028449422417907044,-40.87187421321869,0.263671875,0.0004092704424510632,-0.03828974440693855,1257.0,-2.3704316000000003
22,161792,8,1324,5040,0.01667817,2.980232238769531e-07,0.2,0.22367165656760335,0.910943329334259,-0.023407027634675615,-40.86419749259949,0.2200927734375,0.0004092704424510632,0.050954341888427734,1257.0,-2.3704316000000003
23,162304,8,1323,5056,0.028565146,-5.960464477539062e-07,0.2,0.003975207946496084,0.9115902781486511,-0.03112820290698437,-40.88902020454407,0.2965087890625,0.0004092704424510632,-0.051578644663095474,1257.0,-2.36858099
24,162816,9,1323,5072,0.022426981,1.6093254089355469e-06,0.2,0.2056894162669778,0.9114540219306946,-0.02364759058400523,-40.90145766735077,0.2265625,0.0004092704424510632,0.06594903022050858,1257.0,-2.36858099
25,163328,9,1322,5088,0.027345799,1.6629695892333984e-05,0.2,0.005185522881220095,0.9115240573883057,-0.025704056257382035,-40.89616513252258,0.2733154296875,0.0004092704424510632,-0.04306161776185036,1257.0,-2.36858099
26,163840,10,1320,5104,0.016713649,-2.2649765014648438e-06,0.2,0.004556993742880877,0.9098953604698181,-0.02925703152141068,-40.87253034114838,0.247802734375,0.0004092704424510632,-0.04405869171023369,1257.0,-2.3629472800000006
27,164352,10,1319,5120,0.021485705,9.5367431640625e-07,0.2,0.21646317094564438,0.9096828103065491,-0.02632066438673064,-40.82273626327515,0.257080078125,0.0004092704424510632,0.04524382948875427,1257.0,-2.3629472800000006
28,164864,10,1317,5136,0.01908736,-2.86102294921875e-06,0.2,0.0038493719621328637,0.9110335111618042,-0.025632623495766893,-40.83927023410797,0.2313232421875,0.0004092704424510632,-0.031850703060626984,1257.0,-2.35897593
29,165376,11,1317,5152,0.018935572,9.5367431640625e-07,0.2,0.19734629895538092,0.9108625054359436,-0.025447207153774798,-40.87262415885925,0.2335205078125,0.0004092704424510632,0.055253516882658005,1257.0,-2.35897593
30,165888,11,1315,5168,0.020473301,-6.318092346191406e-05,0.2,0.004457931485376321,0.9104443788528442,-0.02382971680344781,-40.854820251464844,0.2354736328125,0.0004092704424510632,-0.022014282643795013,1257.0,-2.35897593
31,166400,12,1314,5184,0.019988311,-1.0013580322265625e-05,0.2,0.004368198577139992,0.9092250466346741,-0.03210697422036901,-40.833375453948975,0.294189453125,0.0004092704424510632,-0.04443300515413284,1257.0,-2.3529664200000004
32,166912,12,1314,5200,0.028306527,0.0,0.2,0.17667277809232473,0.9076935052871704,-0.023413659364450723,-40.78500974178314,0.2838134765625,0.0004092704424510632,0.047547951340675354,1257.0,-2.3529664200000004
33,167424,12,1312,5216,0.012961427,2.1457672119140625e-06,0.2,0.005099114496260881,0.9075238704681396,-0.0237147966545308,-40.74989938735962,0.2039794921875,0.0004092704424510632,-0.037421878427267075,1257.0,-2.3504705599999998
34,167936,13,1312,5232,0.018884405,5.364418029785156e-07,0.2,0.20707624917849898,0.9068164229393005,-0.019147017228533514,-40.72939097881317,0.1951904296875,0.0004092704424510632,0.04437137022614479,1257.0,-2.3504705599999998
35,168448,13,1311,5248,0.023221904,-2.4318695068359375e-05,0.2,0.0050487464177422225,0.906292736530304,-0.02908308754558675,-40.6953889131546,0.31640625,0.0004092704424510632,-0.03453725576400757,1257.0,-2.34666616
36,168960,14,1310,5264,0.01821143,0.0,0.2,0.20869289338588715,0.9056823253631592,-0.02273431033245288,-40.67167556285858,0.24365234375,0.0004092704424510632,0.06510716676712036,1257.0,-2.34666616
37,169472,14,1309,5280,0.021019584,-1.5854835510253906e-05,0.2,0.004838088578253519,0.9041864275932312,-0.024545770284021273,-40.64341485500336,0.2484130859375,0.0004092704424510632,-0.030385615304112434,1257.0,-2.34666616
38,169984,14,1308,5296,0.014616712,1.1324882507324219e-06,0.2,0.005159689077117946,0.9028146862983704,-0.023332169541390613,-40.58586609363556,0.1826171875,0.0004092704424510632,-0.029006997123360634,1257.0,-2.34287886
39,170496,15,1309,5312,0.016437206,8.344650268554688e-07,0.2,0.20542181143537164,0.9037236571311951,-0.02430595285841264,-40.57841169834137,0.22607421875,0.0004092704424510632,0.05012770742177963,1257.0,-2.34287886
40,171008,15,1309,5328,0.018547649,8.344650268554688e-07,0.2,0.003068379701289814,0.9040428400039673,-0.026660242263460532,-40.614481925964355,0.255859375,0.0004092704424510632,-0.0372808612883091,1257.0,-2.33706907
41,171520,16,1309,5344,0.020376187,8.344650268554688e-07,0.2,0.1884915130212903,0.9032822847366333,-0.029669693496543914,-40.60831332206726,0.256591796875,0.0004092704424510632,0.04485958814620972,1257.0,-2.33706907
42,172032,16,1309,5360,0.021777853,-2.491474151611328e-05,0.2,0.004147035884670913,0.9039109349250793,-0.02403953837347217,-40.59622097015381,0.2659912109375,0.0004092704424510632,-0.029316173866391182,1257.0,-2.33706907
43,172544,16,1309,5376,0.013176899,1.1920928955078125e-07,0.2,0.00534390629036352,0.9045699834823608,-0.023798358481144533,-40.625805020332336,0.1937255859375,0.0004092704424510632,-0.030948858708143234,1257.0,-2.33256703
44,173056,17,1309,5392,0.0160848,2.384185791015625e-07,0.2,0.2039016899652779,0.9038841724395752,-0.021293308142048772,-40.629167795181274,0.1937255859375,0.0004092704424510632,0.08444367349147797,1257.0,-2.33256703
45,173568,17,1308,5408,0.019924436,-7.867813110351562e-06,0.2,0.0033320544280286413,0.9038450121879578,-0.028395405621267855,-40.610753774642944,0.275390625,0.0004092704424510632,-0.03791014105081558,1257.0,-2.33292916
46,174080,18,1307,5424,0.015634708,9.5367431640625e-07,0.2,0.1901860423386097,0.9031168818473816,-0.026748038158984855,-40.60894227027893,0.2236328125,0.0004092704424510632,0.04389594495296478,1257.0,-2.33292916
47,174592,18,1306,5440,0.019054042,-1.3709068298339844e-05,0.2,0.005916207126574591,0.9022756218910217,-0.023393808194668964,-40.58160161972046,0.2210693359375,0.0004092704424510632,-0.034319814294576645,1257.0,-2.33292916
48,175104,18,1306,5456,0.012986891,-2.0265579223632812e-06,0.2,0.004512199535383843,0.9030145406723022,-0.02273161828634329,-40.573490619659424,0.1796875,0.0004092704424510632,-0.028667129576206207,1257.0,-2.32947122
49,175616,19,1305,5472,0.01988228,8.940696716308594e-07,0.2,0.20260108495131135,0.9026394486427307,-0.031512362154899165,-40.57976961135864,0.2796630859375,0.0004092704424510632,0.06885314732789993,1257.0,-2.32947122
50,176128,19,1305,5488,0.018739257,-9.5367431640625e-06,0.2,0.0036771326122106984,0.9011911153793335,-0.024599053955171257,-40.550530195236206,0.21484375,0.0004092704424510632,-0.0457284078001976,1257.0,-2.3254721899999997
51,176640,20,1305,5504,0.016846651,8.940696716308594e-07,0.2,0.18183397129178047,0.9009386897087097,-0.02126018315902911,-40.51183366775513,0.21826171875,0.0004092704424510632,0.0386848971247673,1257.0,-2.3254721899999997
52,177152,20,1305,5520,0.014254268,-1.4066696166992188e-05,0.2,0.005915442030527629,0.9015758633613586,-0.02385715491254814,-40.508586406707764,0.233154296875,0.0004092704424510632,-0.02330401912331581,1257.0,-2.3254721899999997
53,177664,20,1305,5536,0.013800538,3.337860107421875e-06,0.2,0.005790891838842072,0.900437593460083,-0.023571470694150776,-40.50254440307617,0.18310546875,0.0004092704424510632,-0.029513448476791382,1257.0,-2.3207739800000002
54,178176,21,1306,5552,0.027688306,2.0265579223632812e-06,0.2,0.20008146716281772,0.900036633014679,-0.02655323565704748,-40.47221529483795,0.2845458984375,0.0004092704424510632,0.06404688209295273,1257.0,-2.3207739800000002
55,178688,21,1306,5568,0.01944244,-4.172325134277344e-06,0.2,0.004021088832814712,0.8978717923164368,-0.024798956757877022,-40.43372702598572,0.2523193359375,0.0004092704424510632,-0.02857503481209278,1257.0,-2.3165315900000003
56,179200,21,1306,5584,0.020613987,-1.3113021850585938e-06,0.2,0.18039561389014125,0.8964827060699463,-0.029252791398903355,-40.36087441444397,0.2716064453125,0.0004092704424510632,0.051458001136779785,1257.0,-2.3165315900000003
57,179712,22,1304,5600,0.027419655,-1.9550323486328125e-05,0.2,0.0062332195084309205,0.8973473310470581,-0.026774600701173767,-40.34864866733551,0.2608642578125,0.0004092704424510632,-0.03068212792277336,1257.0,-2.3165315900000003
58,180224,22,1304,5616,0.015111239,1.8477439880371094e-06,0.2,0.004325902184064034,0.8991495966911316,-0.024996147949423175,-40.396819949150085,0.2020263671875,0.0004092704424510632,-0.03627162054181099,1257.0,-2.3155484399999997
59,180736,23,1304,5632,0.026990324,3.337860107421875e-06,0.2,0.17118371347896755,0.8988516330718994,-0.02693768149765674,-40.42703628540039,0.283935546875,0.0004092704424510632,0.04374603554606438,1257.0,-2.3155484399999997
60,181248,23,1304,5648,0.014929347,-1.0728836059570312e-06,0.2,0.004243870578648057,0.8979443311691284,-0.024642156771733426,-40.40346312522888,0.210205078125,0.0004092704424510632,-0.036305978894233704,1257.0,-2.3096241500000003
61,181760,23,1304,5664,0.023205617,-2.384185791015625e-06,0.2,0.1956586097367108,0.8968921899795532,-0.022473830336821266,-40.3653302192688,0.2406005859375,0.0004092704424510632,0.08284225314855576,1257.0,-2.3096241500000003
62,182272,24,1304,5680,0.02690494,-7.62939453125e-06,0.2,0.007107607612852007,0.8957498669624329,-0.03441138018388301,-40.326703667640686,0.313720703125,0.0004092704424510632,-0.0494636707007885,1257.0,-2.3066715600000003
63,182784,24,1304,5696,0.02067129,2.7418136596679688e-06,0.2,0.19313150085508823,0.8947086334228516,-0.02124374796403572,-40.28433299064636,0.2315673828125,0.0004092704424510632,0.04961516335606575,1257.0,-2.3066715600000003
64,183296,25,1304,5712,0.015861068,-5.9604644775390625e-06,0.2,0.0053672061549150385,0.8958595991134644,-0.02210662745346781,-40.275633692741394,0.1868896484375,0.0004092704424510632,-0.02461409382522106,1257.0,-2.3066715600000003
65,183808,25,1304,5728,0.016813396,-1.3113021850585938e-06,0.2,0.005221358202106785,0.8970863223075867,-0.02634801485692151,-40.32140231132507,0.2537841796875,0.0004092704424510632,-0.02776738628745079,1257.0,-2.30057613
66,184320,25,1304,5744,0.019305687,7.748603820800781e-07,0.2,0.19069510884582996,0.8974210023880005,-0.025698922836454585,-40.34847366809845,0.2578125,0.0004092704424510632,0.022496484220027924,1257.0,-2.30057613
67,184832,26,1304,5760,0.022193342,-3.4570693969726562e-06,0.2,0.0023064139095367864,0.8971379995346069,-0.02682830218691379,-40.345447063446045,0.2530517578125,0.0004092704424510632,-0.03422887995839119,1257.0,-2.2976904200000003
68,185344,26,1304,5776,0.019250432,1.3113021850585938e-06,0.2,0.18768280930817127,0.8980445861816406,-0.02170936472248286,-40.35448241233826,0.2486572265625,0.0004092704424510632,0.08919447660446167,1257.0,-2.2976904200000003
69,185856,27,1304,5792,0.017705902,-9.179115295410156e-06,0.2,0.004738805459055584,0.900196373462677,-0.026386551675386727,-40.40991926193237,0.2442626953125,0.0004092704424510632,-0.040550392121076584,1257.0,-2.2976904200000003
70,186368,27,1304,5808,0.02174665,-1.0728836059570312e-06,0.2,0.005583068217674736,0.8994652032852173,-0.02673376908933278,-40.4415842294693,0.24560546875,0.0004092704424510632,-0.04182090610265732,1257.0,-2.29519912
71,186880,27,1304,5824,0.01569641,7.152557373046875e-07,0.2,0.1939761135727167,0.8980188965797424,-0.02128194345277734,-40.39418935775757,0.2020263671875,0.0004092704424510632,0.06528550386428833,1257.0,-2.29519912
72,187392,28,1304,5840,0.019050395,-5.841255187988281e-06,0.2,0.0027768489126174245,0.896855890750885,-0.02298624670947902,-40.349854588508606,0.2342529296875,0.0004092704424510632,-0.02580147236585617,1257.0,-2.29189615
73,187904,28,1304,5856,0.022806302,2.1457672119140625e-06,0.2,0.18470863485708833,0.8952865600585938,-0.03091649158159271,-40.31003427505493,0.2701416015625,0.0004092704424510632,0.04357864707708359,1257.0,-2.29189615
74,188416,29,1304,5872,0.020745546,1.1324882507324219e-06,0.2,0.00530159447225742,0.8953289985656738,-0.030025323561858386,-40.27355659008026,0.2620849609375,0.0004092704424510632,-0.04330053552985191,1257.0,-2.29189615
75,188928,29,1304,5888,0.013383729,9.5367431640625e-07,0.2,0.005116227737744339,0.8949457406997681,-0.023649428367207292,-40.28010308742523,0.1937255859375,0.0004092704424510632,-0.0259082093834877,1257.0,-2.28796957
76,189440,29,1303,5904,0.023637481,1.7881393432617188e-07,0.2,0.19842478912323713,0.8948171734809875,-0.023976562384632416,-40.270124197006226,0.2333984375,0.0004092704424510632,0.048988163471221924,1257.0,-2.28796957
77,189952,30,1303,5920,0.016294878,-5.364418029785156e-06,0.2,0.003688485361635685,0.8945590257644653,-0.021005495538702235,-40.27323293685913,0.183837890625,0.0004092704424510632,-0.029206661507487297,1257.0,-2.2834461100000003
78,190464,30,1303,5936,0.016991654,-2.384185791015625e-07,0.2,0.18283772189170122,0.8944753408432007,-0.021155932132387534,-40.269445061683655,0.2161865234375,0.0004092704424510632,0.0571514368057251,1257.0,-2.2834461100000003
79,190976,31,1303,5952,0.022028578,-1.1205673217773438e-05,0.2,0.004625247805961408,0.895751953125,-0.028865903295809403,-40.28224456310272,0.2684326171875,0.0004092704424510632,-0.0394739992916584,1257.0,-2.2834461100000003
80,191488,31,1302,5968,0.0125166625,2.3245811462402344e-06,0.2,0.004500122224271763,0.894368052482605,-0.022165958886034787,-40.293766379356384,0.1773681640625,0.0004092704424510632,-0.029313690960407257,1257.0,-2.27807737
81,192000,31,1302,5984,0.02474372,-8.344650268554688e-07,0.2,0.18858323199674487,0.8928322792053223,-0.02681115150335245,-40.231348514556885,0.2607421875,0.0004092704424510632,0.06719173491001129,1257.0,-2.27807737
82,192512,32,1302,6000,0.011846213,-4.291534423828125e-06,0.2,0.003974072620621882,0.8928829431533813,-0.018146189802791923,-40.19801306724548,0.1632080078125,0.0004092704424510632,-0.02857230231165886,1257.0,-2.2718356500000003
83,193024,32,1302,6016,0.013781876,8.940696716308594e-07,0.2,0.1707544068340212,0.8940895795822144,-0.02300468026078306,-40.216717004776,0.1954345703125,0.0004092704424510632,0.04398609325289726,1257.0,-2.2718356500000003
84,193536,33,1302,6032,0.02249232,-1.3828277587890625e-05,0.2,0.004550903053313959,0.8939769864082336,-0.025971014983952045,-40.23895525932312,0.2637939453125,0.0004092704424510632,-0.027369936928153038,1257.0,-2.2718356500000003
85,194048,33,1302,6048,0.01596002,-2.9802322387695312e-06,0.2,0.00482002960779937,0.8939972519874573,-0.021066646033432335,-40.233354330062866,0.189697265625,0.0004092704424510632,-0.023245228454470634,1257.0,-2.2713092599999998
86,194560,33,1301,6064,0.019036725,2.0265579223632812e-06,0.2,0.17144552106037736,0.8951748609542847,-0.022064699878683314,-40.239192605018616,0.231201171875,0.0004092704424510632,0.06505429744720459,1257.0,-2.2713092599999998
87,195072,34,1301,6080,0.01568529,1.6689300537109375e-06,0.2,0.0042354524121037684,0.8945172429084778,-0.022011376335285604,-40.25130534172058,0.2076416015625,0.0004092704424510632,-0.031424280256032944,1257.0,-2.26853946
88,195584,34,1300,6096,0.013503211,-1.9073486328125e-06,0.2,0.1879726282786578,0.8939087390899658,-0.021133943970198743,-40.21447050571442,0.2047119140625,0.0004092704424510632,0.050303250551223755,1257.0,-2.26853946
89,196096,35,1300,6112,0.021466928,-8.392333984375e-05,0.2,0.00521081782062538,0.894440233707428,-0.022258113807765767,-40.20858085155487,0.246826171875,0.0004092704424510632,-0.032771702855825424,1257.0,-2.263029
90,196608,35,1300,6128,0.021231584,-3.814697265625e-06,0.2,0.19349843403324485,0.8943054676055908,-0.030744130781386048,-40.22078204154968,0.2694091796875,0.0004092704424510632,0.045788027346134186,1257.0,-2.263029
91,197120,35,1300,6144,0.018361406,-3.2782554626464844e-05,0.2,0.004421819787239656,0.894382894039154,-0.027330656099366024,-40.22073698043823,0.244384765625,0.0004092704424510632,-0.03533774986863136,1257.0,-2.263029
92,197632,36,1300,6160,0.014235317,7.152557373046875e-07,0.2,0.00416904879239155,0.894716203212738,-0.0238550250796834,-40.23443305492401,0.21728515625,0.0004092704424510632,-0.039205942302942276,1257.0,-2.25819837
93,198144,36,1300,6176,0.017883047,2.384185791015625e-07,0.2,0.18560848897323012,0.894157350063324,-0.02597836501081474,-40.23869776725769,0.2523193359375,0.0004092704424510632,0.047806963324546814,1257.0,-2.25819837
94,198656,37,1300,6192,0.021593709,-9.417533874511719e-06,0.2,0.002892058404540876,0.8941283822059631,-0.026230475545162335,-40.22598612308502,0.2802734375,0.0004092704424510632,-0.033269140869379044,1257.0,-2.25299653
95,199168,37,1299,6208,0.018281136,8.940696716308594e-07,0.2,0.17264906596392393,0.8964276313781738,-0.026257156845531426,-40.262256264686584,0.2479248046875,0.0004092704424510632,0.039450690150260925,1257.0,-2.25299653
96,199680,37,1299,6224,0.0196173,4.76837158203125e-07,0.2,0.005742817680584267,0.8954826593399048,-0.018922334231319837,-40.3023157119751,0.2144775390625,0.0004092704424510632,-0.0074541205540299416,1257.0,-2.25299653
97,200192,38,1299,6240,0.020363383,-9.5367431640625e-07,0.2,0.005300243268720806,0.8952624201774597,-0.02926158031914383,-40.25588285923004,0.259765625,0.0004092704424510632,-0.031439125537872314,1257.0,-2.24837074
98,200704,38,1299,6256,0.023454618,4.76837158203125e-07,0.2,0.18974468717351556,0.8941633701324463,-0.02034523105248809,-40.24258863925934,0.220458984375,0.0004092704424510632,0.060175929218530655,1257.0,-2.24837074
99,201216,39,1299,6272,0.018179037,-8.821487426757812e-06,0.2,0.0022000381832185667,0.8917620182037354,-0.025951430667191744,-40.181103110313416,0.227294921875,0.0004092704424510632,-0.03495671600103378,1257.0,-2.24414856
100,201728,39,1298,6288,0.023020802,3.5762786865234375e-07,0.2,0.17320221615955234,0.8907293081283569,-0.02680388736189343,-40.10995924472809,0.274658203125,0.0004092704424510632,0.04075898230075836,1257.0,-2.24414856
101,202240,39,1298,6304,0.016866304,-2.6226043701171875e-06,0.2,0.005966005614027381,0.8908542990684509,-0.0228877414483577,-40.10400676727295,0.2025146484375,0.0004092704424510632,-0.03184656426310539,1257.0,-2.24414856
102,202752,40,1298,6320,0.013433464,-5.960464477539062e-07,0.2,0.005194749552174471,0.8902051448822021,-0.022505086308228783,-40.09143078327179,0.2056884765625,0.0004092704424510632,-0.04199396073818207,1257.0,-2.24059992
103,203264,40,1298,6336,0.013836481,4.172325134277344e-07,0.2,0.18299702485091984,0.8887999653816223,-0.01673828889033757,-40.06319570541382,0.1744384765625,0.0004092704424510632,0.06570111215114594,1257.0,-2.24059992
104,203776,41,1298,6352,0.02011044,-6.9141387939453125e-06,0.2,0.003504855205392232,0.8894760012626648,-0.025343715358758345,-40.04422855377197,0.2498779296875,0.0004092704424510632,-0.03172098472714424,1257.0,-2.2391499900000005
105,204288,41,1298,6368,0.01826365,1.7881393432617188e-07,0.2,0.17476179543882608,0.8906189799308777,-0.021557384432526305,-40.082956075668335,0.2073974609375,0.0004092704424510632,0.05112535133957863,1257.0,-2.2391499900000005
106,204800,41,1298,6384,0.015757212,-9.059906005859375e-06,0.2,0.00507149328768719,0.8902149796485901,-0.021929978247499093,-40.101205587387085,0.2037353515625,0.0004092704424510632,-0.032093025743961334,1257.0,-2.2391499900000005
107,205312,42,1298,6400,0.014071716,-7.152557373046875e-07,0.2,0.005400846785050817,0.8899720311164856,-0.021974718241835944,-40.08764183521271,0.2205810546875,0.0004092704424510632,-0.032668326050043106,1257.0,-2.2354645500000005
108,205824,42,1298,6416,0.021003254,6.556510925292969e-07,0.2,0.18590195383876562,0.8892266750335693,-0.02455019991612062,-40.07495081424713,0.259765625,0.0004092704424510632,0.07748159766197205,1257.0,-2.2354645500000005
109,206336,42,1298,6432,0.012752991,-3.5762786865234375e-07,0.2,0.005197382204642054,0.890814483165741,-0.019794987951172516,-40.074310183525085,0.1693115234375,0.0004092704424510632,-0.019807418808341026,1257.0,-2.2311809
110,206848,43,1298,6448,0.018003296,2.7418136596679688e-06,0.2,0.17610707553103566,0.890835702419281,-0.024013629445107654,-40.10942363739014,0.2325439453125,0.0004092704424510632,0.054302774369716644,1257.0,-2.2311809
111,207360,43,1298,6464,0.017070357,7.092952728271484e-05,0.2,0.0047319257573690265,0.889677107334137,-0.024162452726159245,-40.08511507511139,0.213623046875,0.0004092704424510632,-0.03617250919342041,1257.0,-2.2311809
112,207872,44,1297,6480,0.017502852,-2.7418136596679688e-06,0.2,0.005507494053745177,0.8896160125732422,-0.029145284453989007,-40.053200364112854,0.240478515625,0.0004092704424510632,-0.0445428229868412,1257.0,-2.22920138
113,208384,44,1297,6496,0.02524918,-4.76837158203125e-07,0.2,0.1697416938841343,0.888607919216156,-0.028578203491633758,-40.041637778282166,0.288818359375,0.0004092704424510632,0.03104875236749649,1257.0,-2.22920138
114,208896,44,1297,6512,0.02102486,2.980232238769531e-07,0.2,0.0051867432848666795,0.887986421585083,-0.025147132138954476,-40.007773995399475,0.240234375,0.0004092704424510632,-0.04098459333181381,1257.0,-2.22478884
115,209408,45,1297,6528,0.017811805,4.76837158203125e-07,0.2,0.181936158798635,0.8873122334480286,-0.022229814814636484,-39.98043978214264,0.231201171875,0.0004092704424510632,0.056132540106773376,1257.0,-2.22478884
116,209920,45,1297,6544,0.035243228,1.2516975402832031e-06,0.2,0.00569925347372191,0.8886331915855408,-0.030771408484724816,-39.979655027389526,0.3392333984375,0.0004092704424510632,-0.05062917619943619,1257.0,-2.22290741
117,210432,46,1297,6560,0.018106747,1.5497207641601562e-06,0.2,0.1851990483701229,0.8904411196708679,-0.021641965315211564,-40.047351241111755,0.198974609375,0.0004092704424510632,0.07196389138698578,1257.0,-2.22290741
118,210944,46,1297,6576,0.02212031,-2.9802322387695312e-06,0.2,0.00424566106084967,0.8906916379928589,-0.027772737375926226,-40.09888827800751,0.2750244140625,0.0004092704424510632,-0.023194868117570877,1257.0,-2.22290741
119,211456,46,1297,6592,0.019176831,-1.7881393432617188e-06,0.2,0.004603684770700056,0.8902518153190613,-0.028751786376233213,-40.098064661026,0.2581787109375,0.0004092704424510632,-0.044259630143642426,1257.0,-2.2200415700000002
120,211968,47,1297,6608,0.01769555,2.384185791015625e-07,0.2,0.17595646204426885,0.8898806571960449,-0.025718159289681353,-40.0736038684845,0.256103515625,0.0004092704424510632,0.046263907104730606,1257.0,-2.2200415700000002
121,212480,47,1296,6624,0.017447183,4.708766937255859e-06,0.2,0.004421221718075685,0.889992356300354,-0.026506851223530248,-40.063127398490906,0.227783203125,0.0004092704424510632,-0.03434399142861366,1257.0,-2.21302416
122,212992,48,1297,6640,0.017614456,3.5762786865234375e-07,0.2,0.17485592234879732,0.8903311491012573,-0.026208167197182775,-40.064650654792786,0.2333984375,0.0004092704424510632,0.05411919578909874,1257.0,-2.21302416
123,213504,48,1297,6656,0.016619433,-4.76837158203125e-06,0.2,0.004222209732688498,0.8921910524368286,-0.021709300795919262,-40.10381281375885,0.22998046875,0.0004092704424510632,-0.04036456346511841,1257.0,-2.21302416
124,214016,48,1297,6672,0.016356822,-2.2649765014648438e-06,0.2,0.005208241811487824,0.8938488364219666,-0.029355950449826196,-40.17041015625,0.2279052734375,0.0004092704424510632,-0.04046043008565903,1257.0,-2.20739404
125,214528,49,1296,6688,0.016674718,2.980232238769531e-07,0.2,0.18596965353935957,0.8945378661155701,-0.0242621966463048,-40.21676218509674,0.21630859375,0.0004092704424510632,0.05832601338624954,1257.0,-2.20739404
126,215040,49,1296,6704,0.01971373,-5.4836273193359375e-06,0.2,0.003069595702982042,0.8963494896888733,-0.024604586564237252,-40.25480568408966,0.22900390625,0.0004092704424510632,-0.03705165535211563,1257.0,-2.20167569
127,215552,50,1296,6720,0.01871451,5.364418029785156e-07,0.2,0.17188628669828176,0.8978049755096436,-0.024793295160634443,-40.310547828674316,0.21728515625,0.0004092704424510632,0.0436280257999897,1257.0,-2.20167569
128,216064,50,1296,6736,0.01721169,-5.4836273193359375e-06,0.2,0.003566621606296394,0.8991138339042664,-0.019623702624812722,-40.35128307342529,0.20068359375,0.0004092704424510632,-0.02473260462284088,1257.0,-2.20167569
129,216576,50,1296,6752,0.014389714,-1.9073486328125e-06,0.2,0.004956964614393655,0.8978930711746216,-0.02453365983819822,-40.35525608062744,0.1962890625,0.0004092704424510632,-0.03676341101527214,1257.0,-2.1960994100000004
130,217088,51,1296,6768,0.016778667,5.364418029785156e-07,0.2,0.1774184857495129,0.8961546421051025,-0.02123929193476215,-40.29911971092224,0.227294921875,0.0004092704424510632,0.06083595007658005,1257.0,-2.1960994100000004
131,217600,51,1296,6784,0.018139651,-7.62939453125e-06,0.2,0.0029164917905291077,0.8969767093658447,-0.026984927390003577,-40.27887713909149,0.259033203125,0.0004092704424510632,-0.03498375043272972,1257.0,-2.19212189
132,218112,52,1296,6800,0.01858326,1.7881393432617188e-07,0.2,0.1608506718184799,0.8973434567451477,-0.026957516267430037,-40.31417655944824,0.24169921875,0.0004092704424510632,0.044538021087646484,1257.0,-2.19212189
133,218624,52,1296,6816,0.020504344,-5.602836608886719e-06,0.2,0.004650733848393429,0.8975380063056946,-0.029195043141953647,-40.31318938732147,0.254150390625,0.0004092704424510632,-0.040284864604473114,1257.0,-2.19212189
134,219136,52,1296,6832,0.013543407,6.556510925292969e-07,0.2,0.005791770905489102,0.8969143033027649,-0.022845483443234116,-40.30305004119873,0.211669921875,0.0004092704424510632,-0.027583545073866844,1257.0,-2.1875769700000003
135,219648,53,1296,6848,0.012945339,5.960464477539063e-08,0.2,0.1858648438937962,0.8969305753707886,-0.018865653226384893,-40.283952951431274,0.1522216796875,0.0004092704424510632,0.0478864349424839,1257.0,-2.1875769700000003
136,220160,53,1296,6864,0.018035108,-3.2186508178710938e-06,0.2,0.0045176951753092,0.8971377611160278,-0.027529906947165728,-40.2932550907135,0.2542724609375,0.0004092704424510632,-0.039524685591459274,1257.0,-2.18260765
137,220672,54,1296,6880,0.01765687,-4.76837158203125e-07,0.2,0.16529250727035105,0.8956865072250366,-0.026498411869397387,-40.283835768699646,0.242919921875,0.0004092704424510632,0.05224226042628288,1257.0,-2.18260765
138,221184,54,1296,6896,0.020379059,-2.3603439331054688e-05,0.2,0.0060156893014209345,0.8941419124603271,-0.027461256089736708,-40.23513472080231,0.2550048828125,0.0004092704424510632,-0.036094654351472855,1257.0,-2.18260765
139,221696,54,1296,6912,0.015169182,0.0,0.2,0.005374152620788664,0.8957633972167969,-0.02619914774550125,-40.21519911289215,0.23388671875,0.0004092704424510632,-0.0366915725171566,1257.0,-2.17871902
140,222208,55,1296,6928,0.018751789,-7.152557373046875e-07,0.2,0.1765028815716505,0.8960503935813904,-0.023405921703670174,-40.25694501399994,0.2457275390625,0.0004092704424510632,0.03664284199476242,1257.0,-2.17871902
141,222720,55,1294,6944,0.021538526,-1.5497207641601562e-06,0.2,0.0044172887719469145,0.8948999643325806,-0.03211811959045008,-40.24242103099823,0.2821044921875,0.0004092704424510632,-0.04576289281249046,1257.0,-2.17640492
142,223232,56,1294,6960,0.019375842,-1.1920928955078125e-07,0.2,0.18338232347741723,0.8932884931564331,-0.022101382084656507,-40.195122480392456,0.236083984375,0.0004092704424510632,0.06191477179527283,1257.0,-2.17640492
143,223744,56,1294,6976,0.015929755,-1.633167266845703e-05,0.2,0.005594479953288101,0.8934641480445862,-0.02335622084501665,-40.159780502319336,0.2269287109375,0.0004092704424510632,-0.029666922986507416,1257.0,-2.17640492
144,224256,56,1294,6992,0.011631837,-6.198883056640625e-06,0.2,0.005773059761850163,0.8939109444618225,-0.019148236664477736,-40.18572771549225,0.1754150390625,0.0004092704424510632,-0.02447071485221386,1257.0,-2.17502582
145,224768,57,1294,7008,0.028357321,-3.0994415283203125e-06,0.2,0.02299908149871044,0.8934112787246704,-0.02573151774413418,-40.18340790271759,0.3138427734375,0.0004092704424510632,-0.017751900479197502,1257.0,-2.17502582
146,225280,57,1293,7024,0.01679844,-8.344650268554688e-07,0.2,0.006489163948572241,0.8913366794586182,-0.027378228987799957,-40.14406073093414,0.2447509765625,0.0004092704424510632,-0.02888253889977932,1257.0,-2.1723516400000005
147,225792,58,1293,7040,0.0193583,1.3113021850585938e-06,0.2,0.21422924753278494,0.8898441195487976,-0.019221149443183094,-40.07760846614838,0.2177734375,0.0004092704424510632,0.0961519107222557,1257.0,-2.1723516400000005
1,226304,0,4205,7056,0.02015749,4.851818084716797e-05,0.2,0.0033045083582692314,0.887735903263092,-0.02684324203437427,-40.02429115772247,0.2467041015625,0.0004092704424510632,-0.03151533752679825,1257.0,-2.1672463500000005
2,226816,0,1970,7072,0.018623132,-2.0265579223632812e-06,0.2,0.20652666641399264,0.8859783411026001,-0.02433435874991119,-39.963175892829895,0.2467041015625,0.0004092704424510632,0.07951726019382477,1257.0,-2.1672463500000005
3,227328,0,1672,7088,0.025156815,-4.410743713378906e-06,0.2,0.00535348823905224,0.8844334483146667,-0.025410691741853952,-39.90552604198456,0.279541015625,0.0004092704424510632,-0.03071996197104454,1257.0,-2.1672463500000005
4,227840,1,1559,7104,0.017910026,1.1324882507324219e-06,0.2,0.005970511032501236,0.8835771679878235,-0.02757504061446525,-39.86924421787262,0.237548828125,0.0004092704424510632,-0.040686026215553284,1257.0,-2.1655831200000004
5,228352,1,1498,7120,0.020335115,-1.1920928955078125e-07,0.2,0.21154170390218496,0.8841344118118286,-0.031026001583086327,-39.870439887046814,0.26806640625,0.0004092704424510632,0.05938461422920227,1257.0,-2.1655831200000004
6,228864,2,1453,7136,0.013576897,-4.0531158447265625e-06,0.2,0.003209587790479418,0.8857449293136597,-0.023766917147440836,-39.90974152088165,0.2037353515625,0.0004092704424510632,-0.03381328284740448,1257.0,-2.1622183300000004
7,229376,2,1419,7152,0.017128423,0.0,0.2,0.19347885297611356,0.8856754899024963,-0.023746036982629448,-39.94891095161438,0.2379150390625,0.0004092704424510632,0.0680655762553215,1257.0,-2.1622183300000004
8,229888,3,1363,7168,0.020679511,-1.52587890625e-05,0.2,0.00344620828400366,0.8851264715194702,-0.02083204223890789,-39.9288467168808,0.226318359375,0.0004092704424510632,-0.017143480479717255,1257.0,-2.1622183300000004
9,230400,3,1335,7184,0.01643063,-9.5367431640625e-07,0.2,0.005203799642913509,0.8853499889373779,-0.028076552611310035,-39.90829801559448,0.2410888671875,0.0004092704424510632,-0.032417554408311844,1257.0,-2.1582312200000002
10,230912,3,1330,7200,0.023704601,0.0,0.2,0.20717972656711936,0.8867848515510559,-0.025352293479954824,-39.932186126708984,0.2535400390625,0.0004092704424510632,0.06414538621902466,1257.0,-2.1582312200000002
11,231424,4,1326,7216,0.020192953,-3.5762786865234375e-07,0.2,0.0038469549326691777,0.8872865438461304,-0.02795525052351877,-39.967618346214294,0.2681884765625,0.0004092704424510632,-0.03674248978495598,1257.0,-2.1537004600000005
12,231936,4,1321,7232,0.016888749,5.960464477539063e-08,0.2,0.19134414196014404,0.8863140940666199,-0.022348702827002853,-39.968425154685974,0.22021484375,0.0004092704424510632,0.06909998506307602,1257.0,-2.1537004600000005
13,232448,5,1318,7248,0.022091925,-9.298324584960938e-06,0.2,0.0059506447141757235,0.8846207857131958,-0.0308711422549095,-39.92099571228027,0.279296875,0.0004092704424510632,-0.03075127862393856,1257.0,-2.1537004600000005
14,232960,5,1317,7264,0.019949855,-2.0265579223632812e-06,0.2,0.005164220463484526,0.8846325874328613,-0.026729030621936545,-39.888805985450745,0.2298583984375,0.0004092704424510632,-0.029175344854593277,1257.0,-2.1524763800000004
15,233472,5,1313,7280,0.020296926,8.344650268554688e-07,0.2,0.20591741567477584,0.8835349678993225,-0.02417416954995133,-39.87796473503113,0.241455078125,0.0004092704424510632,0.0551939457654953,1257.0,-2.1524763800000004
16,233984,6,1311,7296,0.011694696,6.556510925292969e-07,0.2,0.004424537131853867,0.8844283819198608,-0.023574472113978118,-39.86486792564392,0.1971435546875,0.0004092704424510632,-0.033513184636831284,1257.0,-2.14974346
17,234496,6,1310,7312,0.019931126,5.960464477539062e-07,0.2,0.18883273494429886,0.8839525580406189,-0.023596963423187844,-39.89812386035919,0.2464599609375,0.0004092704424510632,0.05978132784366608,1257.0,-2.14974346
18,235008,7,1303,7328,0.02823396,5.781650543212891e-06,0.2,0.0053835066355532035,0.8841779828071594,-0.028690862563962582,-39.88313925266266,0.2969970703125,0.0004092704424510632,-0.04871325567364693,1257.0,-2.14974346
19,235520,7,1303,7344,0.018783465,2.384185791015625e-07,0.2,0.00344165600836277,0.8826950192451477,-0.030604255218349863,-39.88479220867157,0.2784423828125,0.0004092704424510632,-0.03378136456012726,1257.0,-2.14669686
20,236032,7,1303,7360,0.021044273,4.76837158203125e-07,0.2,0.1967616300098598,0.8813421726226807,-0.02157691796310246,-39.822542905807495,0.2327880859375,0.0004092704424510632,0.06909751892089844,1257.0,-2.14669686
21,236544,8,1303,7376,0.017888539,5.364418029785156e-07,0.2,0.005506842651811894,0.8806018233299255,-0.02665951184462756,-39.7889449596405,0.25244140625,0.0004092704424510632,-0.03129861503839493,1257.0,-2.14623
22,237056,8,1303,7392,0.021755414,1.7881393432617188e-07,0.2,0.19976117461919785,0.8787346482276917,-0.02447680562909227,-39.744526505470276,0.2415771484375,0.0004092704424510632,0.05791114643216133,1257.0,-2.14623
23,237568,9,1302,7408,0.026450101,-8.344650268554688e-07,0.2,0.005623415898298845,0.8784412145614624,-0.028590400994289666,-39.692869901657104,0.309326171875,0.0004092704424510632,-0.04262370988726616,1257.0,-2.14623
24,238080,9,1300,7424,0.011401525,1.0728836059570312e-06,0.2,0.005001480960345361,0.8769034147262573,-0.022155934100737795,-39.671523094177246,0.176513671875,0.0004092704424510632,-0.03283875808119774,1257.0,-2.1437303099999996
25,238592,9,1300,7440,0.021300137,2.980232238769531e-07,0.2,0.047589320165570825,0.8776108622550964,-0.01764987978094723,-39.63867962360382,0.20751953125,0.0004092704424510632,0.007852420210838318,1257.0,-2.1437303099999996
26,239104,10,1300,7456,0.018879775,-3.5762786865234375e-07,0.2,0.006124463878222741,0.8783663511276245,-0.02984598772309255,-39.664342641830444,0.2662353515625,0.0004092704424510632,-0.030938770622015,1257.0,-2.14246636
27,239616,10,1299,7472,0.020175919,0.0,0.2,0.2287334925495088,0.8775302171707153,-0.019181585281330626,-39.668567061424255,0.2181396484375,0.0004092704424510632,0.07386031746864319,1257.0,-2.14246636
28,240128,11,1299,7488,0.016791891,-2.09808349609375e-05,0.2,0.0038194612789084204,0.8778252005577087,-0.026956220710417256,-39.64287006855011,0.2271728515625,0.0004092704424510632,-0.03966088220477104,1257.0,-2.1379586899999996
29,240640,11,1298,7504,0.028338134,1.1920928955078125e-06,0.2,0.21779177151620388,0.8778964877128601,-0.02906363978399895,-39.650232791900635,0.2847900390625,0.0004092704424510632,0.07200796157121658,1257.0,-2.1379586899999996
30,241152,11,1297,7520,0.018115085,-8.106231689453125e-06,0.2,0.004952739633154124,0.8769572377204895,-0.026756100356578827,-39.630072474479675,0.2435302734375,0.0004092704424510632,-0.039450325071811676,1257.0,-2.1379586899999996
31,241664,12,1297,7536,0.019702725,-1.6689300537109375e-06,0.2,0.005321183976775501,0.876055121421814,-0.026471825927728787,-39.59383535385132,0.2254638671875,0.0004092704424510632,-0.02033357322216034,1257.0,-2.1379565
32,242176,12,1296,7552,0.01888957,5.364418029785156e-07,0.2,0.2296554259955883,0.8765076398849487,-0.0257557950244518,-39.59438908100128,0.2452392578125,0.0004092704424510632,0.06868920475244522,1257.0,-2.1379565
33,242688,13,1296,7568,0.017930856,1.1265277862548828e-05,0.2,0.002262578491354361,0.8780672550201416,-0.029956042155390605,-39.62444317340851,0.26171875,0.0004092704424510632,-0.044288355857133865,1257.0,-2.1332452199999996
34,243200,13,1295,7584,0.019391209,4.172325134277344e-07,0.2,0.20570734655484557,0.8789693713188171,-0.023927660353365354,-39.67200291156769,0.2158203125,0.0004092704424510632,0.06759384274482727,1257.0,-2.1332452199999996
35,243712,13,1295,7600,0.03251565,-2.5033950805664062e-06,0.2,0.00569837696821196,0.8788329362869263,-0.03297854840639047,-39.685749530792236,0.3385009765625,0.0004092704424510632,-0.04357962682843208,1257.0,-2.1332452199999996
36,244224,14,1295,7616,0.013947379,1.1920928955078125e-07,0.2,0.005785122237284668,0.8793671131134033,-0.025494241723208688,-39.69180226325989,0.2093505859375,0.0004092704424510632,-0.03796321153640747,1257.0,-2.12950739
37,244736,14,1295,7632,0.01626896,-1.1920928955078125e-07,0.2,0.21637127734720707,0.8788454532623291,-0.024104232055833563,-39.68608057498932,0.2464599609375,0.0004092704424510632,0.07876487076282501,1257.0,-2.12950739
38,245248,15,1294,7648,0.016072713,-4.649162292480469e-06,0.2,0.004238716923282482,0.87883061170578,-0.025868030279525556,-39.669235706329346,0.2408447265625,0.0004092704424510632,-0.030888574197888374,1257.0,-2.12552225
39,245760,15,1293,7664,0.02132836,-4.76837158203125e-07,0.2,0.19933943869546056,0.8790799379348755,-0.020525184241705574,-39.679197669029236,0.2086181640625,0.0004092704424510632,0.09938160330057144,1257.0,-2.12552225
40,246272,15,1293,7680,0.019815724,-1.2159347534179688e-05,0.2,0.0048394829136668704,0.8783391714096069,-0.029732060444075614,-39.67908251285553,0.266357421875,0.0004092704424510632,-0.04606328532099724,1257.0,-2.12552225
41,246784,16,1293,7696,0.01653469,4.231929779052734e-06,0.2,0.0051961418212158605,0.8776814341545105,-0.030879112833645195,-39.657615661621094,0.2354736328125,0.0004092704424510632,-0.05100829526782036,1257.0,-2.1213774699999997
42,247296,16,1293,7712,0.016681373,-3.5762786865234375e-07,0.2,0.20985607849434018,0.8776352405548096,-0.023938501544762403,-39.63310921192169,0.2276611328125,0.0004092704424510632,0.07848076522350311,1257.0,-2.1213774699999997
43,247808,17,1293,7728,0.016107213,-2.6226043701171875e-06,0.2,0.005139430606504902,0.8782988786697388,-0.03011300473008305,-39.64733815193176,0.239501953125,0.0004092704424510632,-0.036679092794656754,1257.0,-2.11957213
44,248320,17,1293,7744,0.02137928,5.960464477539062e-07,0.2,0.19844711758196354,0.8775819540023804,-0.02559195259527769,-39.65265762805939,0.248046875,0.0004092704424510632,0.07186765968799591,1257.0,-2.11957213
45,248832,17,1292,7760,0.015844315,-1.5497207641601562e-06,0.2,0.005602280056336895,0.8771160840988159,-0.02006235199223738,-39.62654507160187,0.2117919921875,0.0004092704424510632,-0.019231002777814865,1257.0,-2.11957213
46,249344,18,1292,7776,0.018568315,-2.384185791015625e-07,0.2,0.004602773849910591,0.8762925863265991,-0.03128034601104446,-39.60842669010162,0.2669677734375,0.0004092704424510632,-0.03183920681476593,1257.0,-2.11422832
47,249856,18,1292,7792,0.02020482,8.940696716308594e-07,0.2,0.19989827554672956,0.8755343556404114,-0.02115456616593292,-39.57810425758362,0.2352294921875,0.0004092704424510632,0.05469579994678497,1257.0,-2.11422832
48,250368,19,1293,7808,0.015964609,1.1920928955078125e-06,0.2,0.005443213471153285,0.873492419719696,-0.027385419045458548,-39.534751892089844,0.213623046875,0.0004092704424510632,-0.03856483846902847,1257.0,-2.11051219
49,250880,19,1292,7824,0.019645035,0.0,0.2,0.19511763285845518,0.8725289106369019,-0.023493586166296154,-39.47014033794403,0.23486328125,0.0004092704424510632,0.06633578985929489,1257.0,-2.11051219
50,251392,19,1292,7840,0.024798298,-1.5974044799804688e-05,0.2,0.005181556320167147,0.8715284466743469,-0.030815999998594634,-39.443498849868774,0.2835693359375,0.0004092704424510632,-0.036259014159440994,1257.0,-2.11051219
51,251904,20,1292,7856,0.016031884,2.205371856689453e-06,0.2,0.004418665856064763,0.8714126348495483,-0.02712005822104402,-39.42070519924164,0.23095703125,0.0004092704424510632,-0.03723425418138504,1257.0,-2.1035909700000004
52,252416,20,1291,7872,0.041780725,-4.76837158203125e-07,0.2,0.0677923240000382,0.870978832244873,-0.01931638283713255,-39.39862394332886,0.2899169921875,0.0004092704424510632,0.004249095916748047,1257.0,-2.1035909700000004
53,252928,21,1291,7888,0.012417508,2.980232238769531e-07,0.2,0.004684935302066151,0.871847927570343,-0.02215209335554391,-39.400739908218384,0.2020263671875,0.0004092704424510632,-0.04339330270886421,1257.0,-2.0999661599999997
54,253440,21,1291,7904,0.023044085,3.5762786865234375e-07,0.2,0.21437031170353293,0.8717547059059143,-0.027850424958160147,-39.41369140148163,0.2828369140625,0.0004092704424510632,0.07755351066589355,1257.0,-2.0999661599999997
55,253952,21,1291,7920,0.021313697,-4.410743713378906e-06,0.2,0.004495589833823033,0.8722174167633057,-0.029934969439636916,-39.40643632411957,0.287353515625,0.0004092704424510632,-0.03761274367570877,1257.0,-2.09528112
56,254464,22,1290,7936,0.018772496,3.5762786865234375e-07,0.2,0.20294486125931144,0.8715032339096069,-0.024914208814152516,-39.41122579574585,0.2352294921875,0.0004092704424510632,0.05810507386922836,1257.0,-2.09528112
57,254976,22,1290,7952,0.01792477,-8.106231689453125e-06,0.2,0.003899632931279484,0.8698397874832153,-0.02614875795552507,-39.35703504085541,0.25,0.0004092704424510632,-0.04208977147936821,1257.0,-2.09528112
58,255488,23,1290,7968,0.015212787,-2.384185791015625e-07,0.2,0.005288802713039331,0.8688807487487793,-0.022400305824703537,-39.30194437503815,0.1964111328125,0.0004092704424510632,-0.028873639181256294,1257.0,-2.0905037199999996
59,256000,23,1289,7984,0.023250286,1.1920928955078125e-07,0.2,0.21045659948140383,0.8681633472442627,-0.02748391538625583,-39.267587304115295,0.2523193359375,0.0004092704424510632,0.06592695415019989,1257.0,-2.0905037199999996
60,256512,23,1289,8000,0.019792253,1.6689300537109375e-06,0.2,0.002673477094504051,0.8690605163574219,-0.02659549785312265,-39.26091265678406,0.248046875,0.0004092704424510632,-0.04001851752400398,1257.0,-2.0869362
61,257024,24,1289,8016,0.019599956,6.556510925292969e-07,0.2,0.19155048811808228,0.8688098192214966,-0.025353474462463055,-39.27649545669556,0.2659912109375,0.0004092704424510632,0.0416649729013443,1257.0,-2.0869362
62,257536,24,1288,8032,0.02649948,8.165836334228516e-06,0.2,0.0043852524540852755,0.8680742383003235,-0.030270257295342162,-39.24791872501373,0.2791748046875,0.0004092704424510632,-0.04734812304377556,1257.0,-2.0869362
63,258048,25,1288,8048,0.014956465,0.0,0.2,0.006287178315687925,0.8679478764533997,-0.027427380031440407,-39.21908247470856,0.2296142578125,0.0004092704424510632,-0.027912408113479614,1257.0,-2.0825242299999998
64,258560,25,1288,8064,0.018663192,7.748603820800781e-07,0.2,0.19321854738518596,0.8676775693893433,-0.021869497642910574,-39.210426926612854,0.2313232421875,0.0004092704424510632,0.0590628907084465,1257.0,-2.0825242299999998
65,259072,25,1287,8080,0.0177438,-1.1920928955078125e-07,0.2,0.004533994346274994,0.867236852645874,-0.030028918175958097,-39.195873737335205,0.25,0.0004092704424510632,-0.046493880450725555,1257.0,-2.0789217499999997
66,259584,26,1287,8096,0.022910435,5.960464477539063e-08,0.2,0.18079994712024927,0.867056667804718,-0.02833982472657226,-39.18511354923248,0.2542724609375,0.0004092704424510632,0.048594579100608826,1257.0,-2.0789217499999997
67,260096,26,1287,8112,0.020945534,2.2649765014648438e-06,0.2,0.004461048942175694,0.8668504953384399,-0.02992661969619803,-39.17259883880615,0.2821044921875,0.0004092704424510632,-0.03450604900717735,1257.0,-2.0789217499999997
68,260608,27,1287,8128,0.017633438,1.0728836059570312e-06,0.2,0.004219035668938886,0.866410493850708,-0.027624465088592842,-39.16162180900574,0.224365234375,0.0004092704424510632,-0.027424095198512077,1257.0,-2.0726450099999996
69,261120,27,1287,8144,0.02695048,-4.76837158203125e-07,0.2,0.19302145997062325,0.8655984997749329,-0.026339262913097627,-39.14109909534454,0.2862548828125,0.0004092704424510632,0.055932559072971344,1257.0,-2.0726450099999996
70,261632,27,1287,8160,0.017493855,-4.76837158203125e-07,0.2,0.004425643011927605,0.8654441833496094,-0.025356008351081982,-39.11725175380707,0.2330322265625,0.0004092704424510632,-0.026263762265443802,1257.0,-2.0678573
71,262144,28,1287,8176,0.017876163,-4.76837158203125e-07,0.2,0.17309734458103776,0.8636699318885803,-0.023509535269113258,-39.09692335128784,0.204345703125,0.0004092704424510632,0.04547613486647606,1257.0,-2.0678573
72,262656,28,1287,8192,0.020341862,-3.063678741455078e-05,0.2,0.0045952999498695135,0.8625404834747314,-0.019728005820070393,-39.04065668582916,0.2386474609375,0.0004092704424510632,-0.03198050707578659,1257.0,-2.0678573
73,263168,29,1287,8208,0.017904293,4.708766937255859e-06,0.2,0.006170163207571022,0.861762523651123,-0.028525653498945758,-39.013389468193054,0.25048828125,0.0004092704424510632,-0.03894481062889099,1257.0,-2.06373531
74,263680,29,1287,8224,0.029701442,0.0,0.2,0.1716476697474718,0.8621833324432373,-0.025800555769819766,-39.00887846946716,0.280029296875,0.0004092704424510632,0.04234221950173378,1257.0,-2.06373531
75,264192,29,1287,8240,0.01751808,-2.384185791015625e-07,0.2,0.0048277573951054364,0.8628484606742859,-0.02618805672682356,-39.02707350254059,0.2403564453125,0.0004092704424510632,-0.0459015890955925,1257.0,-2.05622494
76,264704,30,1287,8256,0.02305022,4.172325134277344e-07,0.2,0.17196360952220857,0.8619408011436462,-0.02604016216355376,-39.02821183204651,0.262939453125,0.0004092704424510632,0.03859919309616089,1257.0,-2.05622494
77,265216,30,1286,8272,0.024711758,6.258487701416016e-06,0.2,0.005088386824354529,0.8616799712181091,-0.021568387288425583,-39.00269639492035,0.2728271484375,0.0004092704424510632,-0.034071605652570724,1257.0,-2.05622494
78,265728,31,1286,8288,0.015821127,1.7881393432617188e-07,0.2,0.005715969673474319,0.8605667948722839,-0.02657948332489468,-38.99488377571106,0.2520751953125,0.0004092704424510632,-0.045105740427970886,1257.0,-2.05326853
79,266240,31,1286,8304,0.023851596,2.980232238769531e-07,0.2,0.07587148458696902,0.8608229160308838,-0.024971041711978614,-38.97060680389404,0.2723388671875,0.0004092704424510632,0.0004222355782985687,1257.0,-2.05326853
80,266752,31,1286,8320,0.02122812,1.7881393432617188e-07,0.2,0.004297920851968229,0.8611255884170532,-0.03296784125268459,-38.992863178253174,0.265869140625,0.0004092704424510632,-0.052168939262628555,1257.0,-2.04873238
81,267264,32,1286,8336,0.023701519,2.384185791015625e-07,0.2,0.1922768778167665,0.8618825078010559,-0.028287888620980084,-38.99785935878754,0.2662353515625,0.0004092704424510632,0.060558516532182693,1257.0,-2.04873238
82,267776,32,1286,8352,0.02570923,-1.1682510375976562e-05,0.2,0.004549204961222131,0.8612217903137207,-0.030457660177489743,-39.00462079048157,0.30078125,0.0004092704424510632,-0.03567696362733841,1257.0,-2.04738808
83,268288,33,1286,8368,0.020813774,6.556510925292969e-07,0.2,0.18802615627646446,0.8604245185852051,-0.028443483446608298,-38.973562836647034,0.28125,0.0004092704424510632,0.0419202521443367,1257.0,-2.04738808
84,268800,33,1285,8384,0.012717053,-6.9141387939453125e-06,0.2,0.0050639073888305575,0.859773576259613,-0.01777518235030584,-38.946892976760864,0.1622314453125,0.0004092704424510632,-0.030556347221136093,1257.0,-2.04738808
85,269312,33,1285,8400,0.017282546,-2.384185791015625e-07,0.2,0.004901641659671441,0.8602679967880249,-0.022592956986045465,-38.94847786426544,0.2232666015625,0.0004092704424510632,-0.032309532165527344,1257.0,-2.04429439
86,269824,34,1285,8416,0.016242681,8.940696716308594e-07,0.2,0.19834964582696557,0.8599275946617126,-0.02480999391991645,-38.951499819755554,0.2000732421875,0.0004092704424510632,0.05873427540063858,1257.0,-2.04429439
87,270336,34,1285,8432,0.0149650015,5.066394805908203e-06,0.2,0.0020526642038021237,0.8604228496551514,-0.02293057006318122,-38.93731343746185,0.210205078125,0.0004092704424510632,-0.03455014154314995,1257.0,-2.0357813
88,270848,35,1285,8448,0.02251533,2.384185791015625e-07,0.2,0.1795405726879835,0.8613426089286804,-0.027676910598529503,-38.96780228614807,0.280029296875,0.0004092704424510632,0.058561354875564575,1257.0,-2.0357813
89,271360,35,1285,8464,0.018879805,-8.821487426757812e-06,0.2,0.004700512530689593,0.8626691102981567,-0.027471749985124916,-39.00989305973053,0.2403564453125,0.0004092704424510632,-0.038644518703222275,1257.0,-2.0357813
90,271872,35,1285,8480,0.014827149,-2.384185791015625e-06,0.2,0.0029924701811978593,0.8621395230293274,-0.026803552100318484,-39.029534101486206,0.2208251953125,0.0004092704424510632,-0.02673773281276226,1257.0,-2.0318173799999997
91,272384,36,1284,8496,0.019807115,2.980232238769531e-07,0.2,0.18764533940702677,0.8626490831375122,-0.0262146033346653,-39.02313423156738,0.24609375,0.0004092704424510632,0.04216528683900833,1257.0,-2.0318173799999997
92,272896,36,1284,8512,0.016726352,2.562999725341797e-06,0.2,0.004017612423922401,0.8612122535705566,-0.029693133634282276,-39.019562125205994,0.2451171875,0.0004092704424510632,-0.02699502557516098,1257.0,-2.0271104999999996
93,273408,37,1284,8528,0.025068711,1.7881393432617188e-07,0.2,0.16823953669518232,0.8593647480010986,-0.02887100091902539,-38.94921386241913,0.29443359375,0.0004092704424510632,0.04695278778672218,1257.0,-2.0271104999999996
94,273920,37,1284,8544,0.01915859,-2.288818359375e-05,0.2,0.004589626507367939,0.8583869338035583,-0.024245258333394304,-38.89437770843506,0.2288818359375,0.0004092704424510632,-0.03271346166729927,1257.0,-2.0271104999999996
95,274432,37,1284,8560,0.015760066,1.3113021850585938e-06,0.2,0.005375002830987796,0.8574773669242859,-0.029702810861635953,-38.85737323760986,0.2669677734375,0.0004092704424510632,-0.04084679111838341,1257.0,-2.0211417599999995
96,274944,38,1284,8576,0.013137786,4.172325134277344e-07,0.2,0.1741754210088402,0.856439471244812,-0.019865039859723765,-38.820152759552,0.2178955078125,0.0004092704424510632,0.05057874321937561,1257.0,-2.0211417599999995
97,275456,38,1283,8592,0.01884718,9.5367431640625e-07,0.2,0.00393243515281938,0.8552339673042297,-0.027748725056881085,-38.77575612068176,0.247314453125,0.0004092704424510632,-0.03202705830335617,1257.0,-2.0153750899999996
98,275968,39,1283,8608,0.022801885,5.960464477539062e-07,0.2,0.15721715264953673,0.8544473052024841,-0.026850435155211017,-38.74306535720825,0.262939453125,0.0004092704424510632,0.04199422895908356,1257.0,-2.0153750899999996
99,276480,39,1283,8624,0.025062632,-1.239776611328125e-05,0.2,0.004485682271479163,0.8547502160072327,-0.03026458076783456,-38.72389113903046,0.30419921875,0.0004092704424510632,-0.040303509682416916,1257.0,-2.0153750899999996
100,276992,39,1283,8640,0.014360011,-5.960464477539062e-07,0.2,0.004500630959228147,0.8532434105873108,-0.022454909689258784,-38.71088790893555,0.1983642578125,0.0004092704424510632,-0.032258231192827225,1257.0,-2.0085142399999993
101,277504,40,1282,8656,0.023830105,8.940696716308594e-07,0.2,0.17041184566915035,0.8535234332084656,-0.026305776602384867,-38.67200267314911,0.25634765625,0.0004092704424510632,0.041867680847644806,1257.0,-2.0085142399999993
102,278016,40,1282,8672,0.011930854,1.7881393432617188e-07,0.2,0.005253784460364841,0.8520733714103699,-0.01420919387601316,-38.66106462478638,0.14599609375,0.0004092704424510632,-0.017496246844530106,1257.0,-2.0044642899999996
103,278528,41,1282,8688,0.023803195,8.344650268554688e-07,0.2,0.16025548288598657,0.8503432869911194,-0.02742851770744892,-38.598480463027954,0.2730712890625,0.0004092704424510632,0.06049271672964096,1257.0,-2.0044642899999996
104,279040,41,1282,8704,0.024200346,1.3530254364013672e-05,0.2,0.004292914927646052,0.8495398163795471,-0.02261631093278993,-38.54826462268829,0.2476806640625,0.0004092704424510632,-0.03071586973965168,1257.0,-2.0044642899999996
105,279552,41,1282,8720,0.0155386245,2.980232238769531e-07,0.2,0.005617392744170502,0.8498253226280212,-0.024445050657959655,-38.537325382232666,0.21875,0.0004092704424510632,-0.029698209837079048,1257.0,-2.0010573399999996
106,280064,42,1282,8736,0.050625924,5.364418029785156e-07,0.2,0.0860243288334459,0.8507537245750427,-0.024619066432933323,-38.55833864212036,0.2813720703125,0.0004092704424510632,0.0020898915827274323,1257.0,-2.0010573399999996
107,280576,42,1282,8752,0.012669041,2.8014183044433594e-06,0.2,0.004895594604022335,0.8507261872291565,-0.017720463016303256,-38.57852602005005,0.1622314453125,0.0004092704424510632,-0.02010459266602993,1257.0,-2.00065944
108,281088,43,1282,8768,0.01876305,5.960464477539062e-07,0.2,0.17972968192771077,0.8494513630867004,-0.028443676186725497,-38.55495321750641,0.271484375,0.0004092704424510632,0.03822031617164612,1257.0,-2.00065944
109,281600,43,1282,8784,0.023877494,-6.67572021484375e-06,0.2,0.004559261949907523,0.8493782877922058,-0.03090537022217177,-38.51164472103119,0.2884521484375,0.0004092704424510632,-0.04125416651368141,1257.0,-1.9984117099999998
110,282112,43,1282,8800,0.024299258,8.344650268554688e-07,0.2,0.17634218628518283,0.850174069404602,-0.027033969323383644,-38.530282616615295,0.2713623046875,0.0004092704424510632,0.0632665753364563,1257.0,-1.9984117099999998
111,282624,44,1282,8816,0.022045534,-3.2067298889160156e-05,0.2,0.003309473417175468,0.8498222827911377,-0.025751159875653684,-38.53923296928406,0.2586669921875,0.0004092704424510632,-0.030774207785725594,1257.0,-1.9984117099999998
112,283136,44,1282,8832,0.019668762,-8.344650268554688e-07,0.2,0.0039461306150769815,0.8493022322654724,-0.03148108269670047,-38.53105354309082,0.25732421875,0.0004092704424510632,-0.0487930104136467,1257.0,-1.9930026600000001
113,283648,45,1282,8848,0.019730454,8.344650268554688e-07,0.2,0.1784700439311564,0.8488296270370483,-0.025343878951389343,-38.51471662521362,0.251953125,0.0004092704424510632,0.057350777089595795,1257.0,-1.9930026600000001
114,284160,45,1282,8864,0.014152375,-3.123283386230469e-05,0.2,0.001876691163488431,0.8488202095031738,-0.02049789109150879,-38.50680899620056,0.1968994140625,0.0004092704424510632,-0.03433556854724884,1257.0,-1.99006557
115,284672,45,1282,8880,0.015133817,1.3709068298339844e-06,0.2,0.15534362429752946,0.8484078645706177,-0.025848930061329156,-38.49689817428589,0.2373046875,0.0004092704424510632,0.04499809443950653,1257.0,-1.99006557
116,285184,46,1282,8896,0.023566043,-1.4185905456542969e-05,0.2,0.004619106897735037,0.8475479483604431,-0.02957709031761624,-38.47989845275879,0.299072265625,0.0004092704424510632,-0.03605738654732704,1257.0,-1.99006557
117,285696,46,1282,8912,0.015334666,2.384185791015625e-07,0.2,0.005686527088982984,0.8474895358085632,-0.02673345747462008,-38.46047103404999,0.244140625,0.0004092704424510632,-0.03648264706134796,1257.0,-1.9880773100000002
118,286208,47,1282,8928,0.01409951,1.8477439880371094e-06,0.2,0.173678376711905,0.8459355235099792,-0.02113637008005753,-38.43931245803833,0.203857421875,0.0004092704424510632,0.06812651455402374,1257.0,-1.9880773100000002
119,286720,47,1282,8944,0.01354913,-1.1920928955078125e-07,0.2,0.0038882860317244194,0.8463865518569946,-0.024475702935887966,-38.40460729598999,0.2181396484375,0.0004092704424510632,-0.02407914772629738,1257.0,-1.9848053300000001
120,287232,47,1282,8960,0.016658552,6.735324859619141e-06,0.2,0.1536586347501725,0.8468860387802124,-0.02747359660861548,-38.42772328853607,0.2562255859375,0.0004092704424510632,0.031788259744644165,1257.0,-1.9848053300000001
121,287744,48,1282,8976,0.022692353,1.919269561767578e-05,0.2,0.00583881710190326,0.8462426066398621,-0.03287776105571538,-38.42128109931946,0.3048095703125,0.0004092704424510632,-0.0396881178021431,1257.0,-1.9848053300000001
122,288256,48,1282,8992,0.012006078,-8.702278137207031e-06,0.2,0.005799266873509623,0.845535159111023,-0.02304492815164849,-38.3936231136322,0.1943359375,0.0004092704424510632,-0.026712143793702126,1257.0,-1.9830135500000003
123,288768,49,1282,9008,0.030643519,1.3172626495361328e-05,0.2,0.16720363195054233,0.8450023531913757,-0.0279126286477549,-38.36258018016815,0.2681884765625,0.0004092704424510632,0.04102320969104767,1257.0,-1.9830135500000003
124,289280,49,1282,9024,0.01722681,4.225969314575195e-05,0.2,0.005708020355086774,0.8429929614067078,-0.0233799845300382,-38.332435965538025,0.223876953125,0.0004092704424510632,-0.03463127836585045,1257.0,-1.98124907
125,289792,49,1282,9040,0.017963635,2.980232238769531e-07,0.2,0.1539197089150548,0.8421949744224548,-0.026022861537057906,-38.266651034355164,0.244140625,0.0004092704424510632,0.029393382370471954,1257.0,-1.98124907
126,290304,50,1282,9056,0.029317377,2.1457672119140625e-06,0.2,0.005038381103076972,0.8419233560562134,-0.029265549863339402,-38.24913775920868,0.306640625,0.0004092704424510632,-0.05039414390921593,1257.0,-1.98124907
127,290816,50,1282,9072,0.015529224,1.9669532775878906e-06,0.2,0.004817318775167223,0.8427561521530151,-0.023560488072689623,-38.248621582984924,0.219482421875,0.0004092704424510632,-0.03385458141565323,1257.0,-1.9790166200000001
128,291328,51,1282,9088,0.018169759,1.1920928955078125e-07,0.2,0.15666612423956394,0.8420414328575134,-0.01891108977724798,-38.26605486869812,0.2117919921875,0.0004092704424510632,0.037052761763334274,1257.0,-1.9790166200000001
129,291840,51,1282,9104,0.022977702,-7.152557373046875e-07,0.2,0.005160767861525528,0.8425955772399902,-0.029643007277627476,-38.25768220424652,0.2708740234375,0.0004092704424510632,-0.04769694432616234,1257.0,-1.9781242
130,292352,51,1282,9120,0.023685005,0.0,0.2,0.15210661222226918,0.8432820439338684,-0.032805299168103375,-38.28581762313843,0.3017578125,0.0004092704424510632,0.03186400234699249,1257.0,-1.9781242
131,292864,52,1282,9136,0.019204898,-4.5299530029296875e-06,0.2,0.004496849971474148,0.8438243865966797,-0.02175370832264889,-38.31173813343048,0.248291015625,0.0004092704424510632,-0.020645489916205406,1257.0,-1.9781242
132,293376,52,1282,9152,0.017113468,-2.384185791015625e-07,0.2,0.005505781969986856,0.8433094024658203,-0.025869003002298996,-38.30865931510925,0.24462890625,0.0004092704424510632,-0.037010323256254196,1257.0,-1.9731228700000003
133,293888,53,1282,9168,0.04235579,0.0,0.2,0.09210741380229592,0.8431848883628845,-0.026130669371923432,-38.29623520374298,0.3138427734375,0.0004092704424510632,0.0058193206787109375,1257.0,-1.9731228700000003
134,294400,53,1282,9184,0.020107057,-4.76837158203125e-07,0.2,0.004852402380493004,0.842367947101593,-0.028022631187923253,-38.279680490493774,0.2750244140625,0.0004092704424510632,-0.0270297322422266,1257.0,-1.9686168600000005
135,294912,53,1281,9200,0.02159363,0.0,0.2,0.1696132463403046,0.8421949744224548,-0.027605665556620806,-38.25813579559326,0.2677001953125,0.0004092704424510632,0.03037141263484955,1257.0,-1.9686168600000005
136,295424,54,1276,9216,0.024495855,3.3974647521972656e-06,0.2,0.004546610602119472,0.8429626822471619,-0.03094676262116991,-38.26774728298187,0.318603515625,0.0004092704424510632,-0.03929516300559044,1257.0,-1.9657569500000003
137,295936,54,1276,9232,0.019444324,1.7881393432617188e-07,0.2,0.16490618884563446,0.8448155522346497,-0.021982354068313725,-38.31715631484985,0.2396240234375,0.0004092704424510632,0.070770762860775,1257.0,-1.9657569500000003
138,296448,55,1276,9248,0.022228524,-2.384185791015625e-07,0.2,0.005371629289584234,0.8429486751556396,-0.03083767439238727,-38.31996428966522,0.2891845703125,0.0004092704424510632,-0.042698442935943604,1257.0,-1.9657569500000003
139,296960,55,1277,9264,0.01646648,-3.5762786865234375e-07,0.2,0.004883585155766923,0.8441753387451172,-0.026703027833718807,-38.28659272193909,0.252685546875,0.0004092704424510632,-0.04659907892346382,1257.0,-1.9637618300000002
140,297472,56,1277,9280,0.026317272,0.0,0.2,0.1731198034249246,0.8457337617874146,-0.025169651897158474,-38.357428669929504,0.25048828125,0.0004092704424510632,0.053145308047533035,1257.0,-1.9637618300000002
141,297984,56,1277,9296,0.016081028,1.6689300537109375e-06,0.2,0.0025787743761611637,0.8453963398933411,-0.023692373935773503,-38.37410533428192,0.2197265625,0.0004092704424510632,-0.024999134242534637,1257.0,-1.9633729500000003
142,298496,56,1277,9312,0.031387486,1.1920928955078125e-07,0.2,0.15036862040869892,0.8453581929206848,-0.02991253783693537,-38.363247990608215,0.2623291015625,0.0004092704424510632,0.027727853506803513,1257.0,-1.9633729500000003
143,299008,57,1278,9328,0.019790396,2.384185791015625e-07,0.2,0.004809440295503009,0.8452395796775818,-0.019418471842072904,-38.363277196884155,0.1962890625,0.0004092704424510632,-0.0350213348865509,1257.0,-1.9633729500000003
144,299520,57,1278,9344,0.016367935,-8.344650268554688e-07,0.2,0.004269057142664678,0.8444008231163025,-0.023783873606589623,-38.3535441160202,0.2169189453125,0.0004092704424510632,-0.02467109076678753,1257.0,-1.95645215
145,300032,58,1278,9360,0.021710139,-1.1920928955078125e-07,0.2,0.1626030346378684,0.8444036841392517,-0.02819306311721448,-38.32355976104736,0.2666015625,0.0004092704424510632,0.04250026494264603,1257.0,-1.95645215
146,300544,58,1278,9376,0.019911954,-7.152557373046875e-07,0.2,0.0032406727332272567,0.8447896242141724,-0.024303754122229293,-38.33942914009094,0.25537109375,0.0004092704424510632,-0.02786789834499359,1257.0,-1.95336014
147,301056,58,1279,9392,0.022542708,2.384185791015625e-07,0.2,0.1449586865492165,0.8449215292930603,-0.026532826595939696,-38.34934449195862,0.26513671875,0.0004092704424510632,0.04118920862674713,1257.0,-1.95336014
