time/iterations,time/time_elapsed,time/fps,time/total_timesteps,train/explained_variance,train/learning_rate,train/clip_range,train/approx_kl,train/n_updates,train/entropy_loss,train/std,train/clip_fraction,train/policy_gradient_loss,train/value_loss,train/loss,rollout/ep_len_mean,rollout/ep_rew_mean
1,0,3992,512,,,,,,,,,,,,,
2,0,2777,1024,-1.2986536026000977,0.0004092704424510632,0.2,0.015683606,16,-43.9884774684906,1.0002706050872803,0.217041015625,-0.029408856004010886,0.08655321698097396,-0.04486726224422455,,
3,0,2521,1536,0.03532522916793823,0.0004092704424510632,0.2,0.020527065,32,-43.96851086616516,0.9980345964431763,0.2650146484375,-0.02958664603647776,0.0024281907790282276,-0.03287147358059883,1223.0,-2.225419
4,0,2419,2048,-0.0045354366302490234,0.0004092704424510632,0.2,0.01794932,48,-43.8893164396286,0.9960179924964905,0.272216796875,-0.027743634505895898,0.06705453456379473,-0.0014540180563926697,1223.0,-2.225419
5,1,2328,2560,0.03899848461151123,0.0004092704424510632,0.2,0.019601285,64,-43.8255717754364,0.9934859275817871,0.3040771484375,-0.03300203834078275,0.0015268835559254512,-0.045995909720659256,1223.0,-2.2366960000000002
6,1,2195,3072,0.0017881393432617188,0.0004092704424510632,0.2,0.013154862,80,-43.74857831001282,0.9913899302482605,0.2176513671875,-0.02000423973368015,0.06938179617282003,0.010158490389585495,1223.0,-2.2366960000000002
7,1,2166,3584,0.015713036060333252,0.0004092704424510632,0.2,0.017967328,96,-43.68806290626526,0.9897041320800781,0.282958984375,-0.026621693337801844,0.00181536809031968,-0.0474572591483593,1223.0,-2.2366960000000002
8,1,2114,4096,0.0071533918380737305,0.0004092704424510632,0.2,0.018880432,112,-43.644169211387634,0.9886128306388855,0.2735595703125,-0.023241727642016485,0.0019684332710312447,-0.035744018852710724,1223.0,-2.210300666666667
9,2,2068,4608,0.0014430880546569824,0.0004092704424510632,0.2,0.020757359,128,-43.61151719093323,0.9874413013458252,0.323974609375,-0.029563985648564994,0.09000286436639726,0.007808994501829147,1223.0,-2.210300666666667
10,2,2044,5120,0.05743891000747681,0.0004092704424510632,0.2,0.019949872,144,-43.592219948768616,0.987981379032135,0.280517578125,-0.028873676201328635,0.0012417615016602213,-0.044456999748945236,1223.0,-2.1806455000000002
11,2,2029,5632,0.0043419599533081055,0.0004092704424510632,0.2,0.019770712,160,-43.62575852870941,0.9894446730613708,0.2474365234375,-0.021614595934806857,0.09382380731403828,0.017997529357671738,1223.0,-2.1806455000000002
12,3,2006,6144,0.057876408100128174,0.0004092704424510632,0.2,0.015868789,176,-43.661338210105896,0.9901514649391174,0.234375,-0.0277609012555331,0.0018529410772316623,-0.04149447754025459,1223.0,-2.1696936
13,3,1979,6656,0.0035327672958374023,0.0004092704424510632,0.2,0.016914142,192,-43.668901443481445,0.9899635314941406,0.266357421875,-0.028306175576290116,0.08916528383269906,-0.008370257914066315,1223.0,-2.1696936
14,3,1956,7168,0.019007503986358643,0.0004092704424510632,0.2,0.01843319,208,-43.67806136608124,0.9914286136627197,0.2615966796875,-0.026811888528754935,0.0024387457051489037,-0.03348705172538757,1223.0,-2.1696936
15,3,1949,7680,0.0033621788024902344,0.0004092704424510632,0.2,0.014540829,224,-43.722323536872864,0.9922822713851929,0.24951171875,-0.02610536121937912,0.0023063684020598885,-0.032902106642723083,1223.0,-2.153795166666667
16,4,1934,8192,0.00508350133895874,0.0004092704424510632,0.2,0.023298094,240,-43.71689021587372,0.9910340309143066,0.272705078125,-0.026207248243736103,0.10595804802142084,0.013048369437456131,1223.0,-2.153795166666667
17,4,1920,8704,0.10188490152359009,0.0004092704424510632,0.2,0.012969238,256,-43.677424907684326,0.9903733134269714,0.23974609375,-0.030744946969207376,0.0016761799870437244,-0.0409511998295784,1223.0,-2.1427525714285713
18,4,1942,9216,0.03927791118621826,0.0004092704424510632,0.2,0.022914637,272,-43.64155924320221,0.9881241917610168,0.2593994140625,-0.025692325303680263,0.10368100344203413,0.016008809208869934,1223.0,-2.1427525714285713
19,4,1962,9728,-0.033251404762268066,0.0004092704424510632,0.2,0.014960833,288,-43.563923835754395,0.9858816862106323,0.1966552734375,-0.021826244599651545,0.002712013003474567,-0.0406809039413929,1223.0,-2.1427525714285713
20,5,1979,10240,0.1441238522529602,0.0004092704424510632,0.2,0.015172485,304,-43.53551936149597,0.9867254495620728,0.182861328125,-0.023039799718389986,0.0026382201940577943,-0.04089716821908951,1223.0,-2.1315311250000004
21,5,1975,10752,0.05539584159851074,0.0004092704424510632,0.2,0.03202081,320,-43.57183873653412,0.987394392490387,0.2548828125,-0.02721358949202113,0.09748964046593755,0.0025939680635929108,1223.0,-2.1315311250000004
22,5,1970,11264,-1.8244214057922363,0.0004092704424510632,0.2,0.014832422,336,-43.56057560443878,0.9864658117294312,0.205078125,-0.02602785563794896,0.008658967264636885,-0.04136451706290245,1223.0,-2.1269932222222225
23,5,1965,11776,0.001882314682006836,0.0004092704424510632,0.2,0.014329413,352,-43.52469980716705,0.9849874377250671,0.18701171875,-0.024209551222156733,0.1438231321517378,0.028670158237218857,1223.0,-2.1269932222222225
24,6,1961,12288,0.020728886127471924,0.0004092704424510632,0.2,0.015972171,368,-43.48057961463928,0.9842678904533386,0.22216796875,-0.024241524763056077,0.0015021503531897906,-0.02528594247996807,1223.0,-2.1403903000000004
25,6,1957,12800,0.07315856218338013,0.0004092704424510632,0.2,0.019211128,384,-43.454113364219666,0.9828764200210571,0.2281494140625,-0.02477909010485746,0.11188948270864785,0.0067470744252204895,1223.0,-2.1403903000000004
26,6,1955,13312,-0.18080973625183105,0.0004092704424510632,0.2,0.014058011,400,-43.38349092006683,0.9797658324241638,0.1646728515625,-0.018589996179798618,0.004400132536829915,-0.03194955736398697,1223.0,-2.1403903000000004
27,7,1952,13824,-0.10801184177398682,0.0004092704424510632,0.2,0.016336378,416,-43.30285620689392,0.9785025715827942,0.2030029296875,-0.0208076121925842,0.002384388422797201,-0.028876477852463722,1223.0,-2.1504584545454546
28,7,1950,14336,0.0465582013130188,0.0004092704424510632,0.2,0.019884817,432,-43.291924238204956,0.9788009524345398,0.2127685546875,-0.02610170960542746,0.09287867532111704,0.0011770334094762802,1223.0,-2.1504584545454546
29,7,1945,14848,-0.9973995685577393,0.0004092704424510632,0.2,0.0167449,448,-43.29626214504242,0.9785027503967285,0.209716796875,-0.022960747126489878,0.007555417301773559,-0.035266149789094925,1223.0,-2.148169666666667
30,7,1940,15360,0.23784983158111572,0.0004092704424510632,0.2,0.022088245,464,-43.283583879470825,0.9784213900566101,0.245361328125,-0.02567422707215883,0.075584820471704,-0.004370400682091713,1223.0,-2.148169666666667
31,8,1938,15872,-0.3644857406616211,0.0004092704424510632,0.2,0.017389022,480,-43.2921998500824,0.979225754737854,0.262451171875,-0.03141824304475449,0.0024800980463624,-0.04021989926695824,1223.0,-2.148169666666667
32,8,1934,16384,0.42235857248306274,0.0004092704424510632,0.2,0.018298697,496,-43.33182227611542,0.9809398055076599,0.2645263671875,-0.03193876122531947,0.002969041859614663,-0.048687174916267395,1223.0,-2.1513433846153847
33,8,1929,16896,0.25360429286956787,0.0004092704424510632,0.2,0.027957987,512,-43.34742856025696,0.9796395301818848,0.2371826171875,-0.020729670795844868,0.05913549708202481,-0.009452328085899353,1223.0,-2.1513433846153847
34,9,1922,17408,-3.448746681213379,0.0004092704424510632,0.2,0.01688375,528,-43.31031787395477,0.9796237945556641,0.2042236328125,-0.021751741267507896,0.007907365688879509,-0.020305272191762924,1223.0,-2.1567220000000002
35,9,1928,17920,0.04078000783920288,0.0004092704424510632,0.2,0.028783433,544,-43.31374669075012,0.9791146516799927,0.2935791015625,-0.02646573620950221,0.09841743297874928,-0.0028106942772865295,1223.0,-2.1567220000000002
36,9,1935,18432,-1.0024714469909668,0.0004092704424510632,0.2,0.010737343,560,-43.28420925140381,0.9780985116958618,0.156005859375,-0.019411411354667507,0.0022648929443676025,-0.025962434709072113,1223.0,-2.1425260000000006
37,9,1939,18944,0.1862388253211975,0.0004092704424510632,0.2,0.017952148,576,-43.24871623516083,0.9772450923919678,0.21630859375,-0.02279027817712631,0.09267297992482781,-0.002945590764284134,1223.0,-2.1425260000000006
38,10,1934,19456,-0.7617499828338623,0.0004092704424510632,0.2,0.025631204,592,-43.249961256980896,0.9783177971839905,0.2841796875,-0.029385639078100212,0.003337793292303104,-0.032836779952049255,1223.0,-2.1425260000000006
39,10,1931,19968,0.010488748550415039,0.0004092704424510632,0.2,0.01685414,608,-43.259573340415955,0.9774971008300781,0.2518310546875,-0.02849562937626615,0.002341037710721139,-0.04072218015789986,1223.0,-2.1484685
40,10,1929,20480,0.02164226770401001,0.0004092704424510632,0.2,0.020662162,624,-43.245365858078,0.9778267741203308,0.21533203125,-0.02151892979600234,0.1332031129859388,0.009087208658456802,1223.0,-2.1484685
41,10,1922,20992,-2.7903754711151123,0.0004092704424510632,0.2,0.014887691,640,-43.25493848323822,0.978036642074585,0.2066650390625,-0.020312492022640072,0.0071977554471232,-0.022689903154969215,1223.0,-2.1535842941176466
42,11,1918,21504,0.0450434684753418,0.0004092704424510632,0.2,0.024182744,656,-43.243452072143555,0.9773932695388794,0.2681884765625,-0.027022471229429357,0.12912472151219845,-0.002521175891160965,1223.0,-2.1535842941176466
43,11,1913,22016,-0.19005119800567627,0.0004092704424510632,0.2,0.018868413,672,-43.220911622047424,0.9763333797454834,0.2501220703125,-0.02767052575654816,0.005193742224946618,-0.04977218434214592,1223.0,-2.1549182777777776
44,11,1912,22528,0.19710487127304077,0.0004092704424510632,0.2,0.022896625,688,-43.192328095436096,0.9759266972541809,0.135986328125,-0.020583078512572683,0.15732246241532266,0.03439534455537796,1223.0,-2.1549182777777776
45,12,1908,23040,-0.6951074600219727,0.0004092704424510632,0.2,0.01790655,704,-43.20408260822296,0.9770197868347168,0.2408447265625,-0.027601435023825616,0.00909687631065026,-0.041235633194446564,1223.0,-2.1549182777777776
46,12,1905,23552,0.02905130386352539,0.0004092704424510632,0.2,0.021844927,720,-43.2581250667572,0.9792870283126831,0.237060546875,-0.02564025588799268,0.004436173192516435,-0.03919962793588638,1223.0,-2.161736263157895
47,12,1903,24064,0.2118140459060669,0.0004092704424510632,0.2,0.015194548,736,-43.318678975105286,0.9802659749984741,0.1756591796875,-0.019126241008052602,0.1409916402772069,0.01680561527609825,1223.0,-2.161736263157895
48,12,1902,24576,-0.5862181186676025,0.0004092704424510632,0.2,0.018376224,752,-43.3399772644043,0.9807421565055847,0.2432861328125,-0.02712661745317746,0.007389935621176846,-0.0391874797642231,1223.0,-2.1636212
49,13,1899,25088,0.45033955574035645,0.0004092704424510632,0.2,0.015605445,768,-43.330026388168335,0.9792619943618774,0.147216796875,-0.020493563570198603,0.12100611068308353,0.009464580565690994,1223.0,-2.1636212
50,13,1898,25600,-1.381901502609253,0.0004092704424510632,0.2,0.020485315,784,-43.28452825546265,0.9788027405738831,0.2451171875,-0.026071585627505556,0.005024390477046836,-0.04015068709850311,1223.0,-2.1636212
51,13,1895,26112,-0.014850020408630371,0.0004092704424510632,0.2,0.014523368,800,-43.30630326271057,0.9804774522781372,0.2186279296875,-0.02287132100900635,0.0028343386366032064,-0.01932838372886181,1223.0,-2.1617809523809526
52,14,1893,26624,0.18120461702346802,0.0004092704424510632,0.2,0.017349385,816,-43.35137224197388,0.9809225797653198,0.1337890625,-0.019670918394695036,0.1307292856508866,-0.016401836648583412,1223.0,-2.1617809523809526
53,14,1891,27136,-4.680935859680176,0.0004092704424510632,0.2,0.016520057,832,-43.347312927246094,0.9806393980979919,0.2039794921875,-0.022742929751984775,0.010858536654268391,-0.03395283594727516,1223.0,-2.160343181818182
54,14,1889,27648,0.06378424167633057,0.0004092704424510632,0.2,0.015709221,848,-43.33683431148529,0.9801661372184753,0.160400390625,-0.019803338174824603,0.14629608124960214,-0.011033318936824799,1223.0,-2.160343181818182
55,14,1886,28160,-0.8070802688598633,0.0004092704424510632,0.2,0.01657863,864,-43.28625202178955,0.9771247506141663,0.2205810546875,-0.031579427035467234,0.0032841002612258308,-0.036956045776605606,1223.0,-2.156431391304348
56,15,1885,28672,0.2033115029335022,0.0004092704424510632,0.2,0.01582608,880,-43.20519816875458,0.9764203429222107,0.130859375,-0.02171615014958661,0.1795712902676314,0.03590621054172516,1223.0,-2.156431391304348
57,15,1885,29184,-0.7463092803955078,0.0004092704424510632,0.2,0.014352721,896,-43.20821416378021,0.9769893884658813,0.1929931640625,-0.023292571946512908,0.0054537971736863256,-0.037105489522218704,1223.0,-2.156431391304348
58,15,1885,29696,-0.06670475006103516,0.0004092704424510632,0.2,0.02757569,912,-43.24426889419556,0.9785328507423401,0.2845458984375,-0.030461861184448935,0.0026816742210939992,-0.03633124753832817,1223.0,-2.15624725
59,16,1885,30208,0.17740005254745483,0.0004092704424510632,0.2,0.01815663,928,-43.27784442901611,0.9790737628936768,0.1087646484375,-0.01969137084961403,0.15278408443555236,-0.014391684904694557,1223.0,-2.15624725
60,16,1884,30720,-3.3349428176879883,0.0004092704424510632,0.2,0.016351145,944,-43.27978336811066,0.9784451723098755,0.1611328125,-0.01802977963234298,0.018292004999238998,-0.01819939911365509,1223.0,-2.1574153199999997
61,16,1882,31232,0.09886080026626587,0.0004092704424510632,0.2,0.02057529,960,-43.24663174152374,0.9773935079574585,0.158447265625,-0.023043696826789528,0.17476248741149902,0.03178434446454048,1223.0,-2.1574153199999997
62,16,1881,31744,-0.34414196014404297,0.0004092704424510632,0.2,0.016625475,976,-43.23057019710541,0.977790117263794,0.24853515625,-0.027230764826526865,0.004400822319439612,-0.041243571788072586,1223.0,-2.1574153199999997
63,17,1880,32256,0.36820918321609497,0.0004092704424510632,0.2,0.021852363,992,-43.25759029388428,0.9786334037780762,0.2530517578125,-0.028240918880328536,0.006070353076211177,-0.037680886685848236,1223.0,-2.1533731538461534
64,17,1878,32768,0.45329123735427856,0.0004092704424510632,0.2,0.027533732,1008,-43.27513408660889,0.978802502155304,0.186767578125,-0.020929491278366186,0.09791818936355412,-0.02066005766391754,1223.0,-2.1533731538461534
65,17,1876,33280,-4.80436372756958,0.0004092704424510632,0.2,0.01795981,1024,-43.270776987075806,0.9780982732772827,0.2197265625,-0.020799876598175615,0.013292456336785108,-0.02888280525803566,1223.0,-2.150877185185185
66,18,1874,33792,0.03562521934509277,0.0004092704424510632,0.2,0.019787025,1040,-43.252254247665405,0.9780373573303223,0.2021484375,-0.018028728576609865,0.20670916698873043,0.019860509783029556,1223.0,-2.150877185185185
67,18,1872,34304,-1.7999441623687744,0.0004092704424510632,0.2,0.0231461,1056,-43.24771225452423,0.9776335954666138,0.2994384765625,-0.033247889718040824,0.006545784461195581,-0.04390744864940643,1223.0,-2.1457225714285713
68,18,1872,34816,0.1469631791114807,0.0004092704424510632,0.2,0.0155452825,1072,-43.23372042179108,0.9773521423339844,0.1070556640625,-0.021377909040893428,0.20932292356155813,0.04586397856473923,1223.0,-2.1457225714285713
69,18,1870,35328,-1.4504151344299316,0.0004092704424510632,0.2,0.017191645,1088,-43.22003448009491,0.9769443869590759,0.2247314453125,-0.025049075622519013,0.0056027320606517605,-0.04533701390028,1223.0,-2.1457225714285713
70,19,1868,35840,0.013153135776519775,0.0004092704424510632,0.2,0.019202031,1104,-43.205750584602356,0.9767355918884277,0.2587890625,-0.02535000559873879,0.0021718055540986825,-0.03965232893824577,1223.0,-2.142522448275862
71,19,1866,36352,0.09444540739059448,0.0004092704424510632,0.2,0.016046219,1120,-43.19994032382965,0.976560652256012,0.1341552734375,-0.02000402141129598,0.20710781763773412,0.0010355375707149506,1223.0,-2.142522448275862
72,19,1864,36864,-2.4661576747894287,0.0004092704424510632,0.2,0.024462733,1136,-43.195831537246704,0.9769176244735718,0.2880859375,-0.027231957195908763,0.013131237647030503,-0.024702537804841995,1223.0,-2.1383861666666664
73,20,1863,37376,0.16368460655212402,0.0004092704424510632,0.2,0.01847745,1152,-43.21147978305817,0.9770810604095459,0.1383056640625,-0.019478764588711783,0.208310931106098,0.003162011504173279,1223.0,-2.1383861666666664
74,20,1861,37888,-1.5742535591125488,0.0004092704424510632,0.2,0.024274597,1168,-43.20657300949097,0.9771392345428467,0.3177490234375,-0.03435698786051944,0.0034850100710173137,-0.055426210165023804,1223.0,-2.1383861666666664
75,20,1859,38400,0.49501657485961914,0.0004092704424510632,0.2,0.01836894,1184,-43.19348919391632,0.9758378267288208,0.22314453125,-0.023686469794483855,0.005128631368279457,-0.038112469017505646,1223.0,-2.135167741935484
76,20,1856,38912,0.32421863079071045,0.0004092704424510632,0.2,0.02604989,1200,-43.146249532699585,0.9746558666229248,0.207763671875,-0.02451406474574469,0.08165699895471334,-0.013063516467809677,1223.0,-2.135167741935484
77,21,1855,39424,-6.24678897857666,0.0004092704424510632,0.2,0.018457342,1216,-43.131198048591614,0.9752852320671082,0.237548828125,-0.023684858293563593,0.012347621013759635,-0.0521521121263504,1223.0,-2.13661903125
78,21,1855,39936,0.07206690311431885,0.0004092704424510632,0.2,0.019487433,1232,-43.143699288368225,0.9749104976654053,0.1981201171875,-0.023408728127833456,0.20878328010439873,0.0027211233973503113,1223.0,-2.13661903125
79,21,1853,40448,-1.9595651626586914,0.0004092704424510632,0.2,0.02074176,1248,-43.1386935710907,0.9759303331375122,0.2593994140625,-0.022766331225284375,0.005064177050371654,-0.027511131018400192,1223.0,-2.133602424242424
80,22,1853,40960,0.3001919388771057,0.0004092704424510632,0.2,0.014201641,1264,-43.173959732055664,0.9766477346420288,0.080322265625,-0.012837288755690679,0.19174142042174935,0.030671965330839157,1223.0,-2.133602424242424
81,22,1856,41472,-1.9009368419647217,0.0004092704424510632,0.2,0.021315001,1280,-43.18594264984131,0.9765098690986633,0.24755859375,-0.026685362186981365,0.003686997100885492,-0.03944677859544754,1223.0,-2.133602424242424
82,22,1855,41984,-0.013568639755249023,0.0004092704424510632,0.2,0.018789515,1296,-43.15838074684143,0.9750040173530579,0.2269287109375,-0.028446925731259398,0.0029850443024770357,-0.04161294177174568,1223.0,-2.1344222058823528
83,22,1858,42496,0.20492511987686157,0.0004092704424510632,0.2,0.012500461,1312,-43.11366784572601,0.9742722511291504,0.071533203125,-0.01446845843383926,0.21989636588841677,-0.0037276167422533035,1223.0,-2.1344222058823528
84,23,1857,43008,-5.090388298034668,0.0004092704424510632,0.2,0.017797485,1328,-43.09639823436737,0.9739977121353149,0.2174072265625,-0.022161738481372595,0.010941432643448934,-0.030843080952763557,1223.0,-2.1352270285714283
85,23,1856,43520,0.12630337476730347,0.0004092704424510632,0.2,0.0135212885,1344,-43.084492683410645,0.9736319780349731,0.08056640625,-0.018190218223026022,0.25359721831046045,0.06207988038659096,1223.0,-2.1352270285714283
86,23,1854,44032,-0.3768528699874878,0.0004092704424510632,0.2,0.023185324,1360,-43.074392914772034,0.9734011292457581,0.2989501953125,-0.029132530573406257,0.01580517043475993,-0.039190880954265594,1223.0,-2.1369419166666663
87,24,1854,44544,0.728753924369812,0.0004092704424510632,0.2,0.01564248,1376,-43.07314193248749,0.9735429286956787,0.1064453125,-0.010546041507041082,0.20879423525184393,0.05273018777370453,1223.0,-2.1369419166666663
88,24,1853,45056,-1.0807154178619385,0.0004092704424510632,0.2,0.022748858,1392,-43.08759796619415,0.9738510847091675,0.2926025390625,-0.029626953008119017,0.005524400301510468,-0.044544219970703125,1223.0,-2.1369419166666663
89,24,1852,45568,0.033487141132354736,0.0004092704424510632,0.2,0.015450418,1408,-43.095465302467346,0.9738511443138123,0.218017578125,-0.026258267083903775,0.0030152725412335712,-0.0408056378364563,1223.0,-2.134980918918919
90,24,1852,46080,0.26752352714538574,0.0004092704424510632,0.2,0.013598525,1424,-43.09726929664612,0.9740892052650452,0.0841064453125,-0.014870294864522293,0.19712371681816876,0.006951712071895599,1223.0,-2.134980918918919
91,25,1851,46592,-1.83620285987854,0.0004092704424510632,0.2,0.020500414,1440,-43.10444259643555,0.974484384059906,0.306396484375,-0.035398506035562605,0.004103954212041572,-0.033056292682886124,1223.0,-2.134452736842105
92,25,1850,47104,0.2725560665130615,0.0004092704424510632,0.2,0.009012781,1456,-43.111865520477295,0.974487841129303,0.0263671875,-0.008156166280969046,0.24063777038827538,0.030893951654434204,1223.0,-2.134452736842105
93,25,1849,47616,-0.4134030342102051,0.0004092704424510632,0.2,0.021206032,1472,-43.131704330444336,0.9765805006027222,0.278564453125,-0.03196228492015507,0.003103670918790158,-0.03820478171110153,1223.0,-2.134452736842105
94,26,1848,48128,0.20677554607391357,0.0004092704424510632,0.2,0.014542393,1488,-43.17916691303253,0.9763855934143066,0.201171875,-0.02072049060370773,0.004184338416962419,-0.033379893749952316,1223.0,-2.1322301538461534
95,26,1847,48640,0.37874001264572144,0.0004092704424510632,0.2,0.017017992,1504,-43.16005718708038,0.9761014580726624,0.0933837890625,-0.01240369162405841,0.14986671425867826,0.00021415948867797852,1223.0,-2.1322301538461534
96,26,1848,49152,-5.320235729217529,0.0004092704424510632,0.2,0.020498669,1520,-43.14022254943848,0.974672794342041,0.2349853515625,-0.022201888990821317,0.014512758527416736,-0.029305212199687958,1223.0,-2.1288438
97,26,1846,49664,0.09308922290802002,0.0004092704424510632,0.2,0.009761954,1536,-43.10075604915619,0.9743529558181763,0.038330078125,-0.011513834338984452,0.4285891668405384,0.06012330576777458,1223.0,-2.1288438
98,27,1845,50176,-1.4349429607391357,0.0004092704424510632,0.2,0.019991,1552,-43.1044979095459,0.9747940301895142,0.239013671875,-0.025827781253610738,0.005268579661787953,-0.03594910353422165,1223.0,-2.123400243902439
99,27,1846,50688,0.3076285719871521,0.0004092704424510632,0.2,0.0069702324,1568,-43.123656034469604,0.975114643573761,0.0283203125,-0.008082332809863146,0.2858219030313194,0.04058939963579178,1223.0,-2.123400243902439
100,27,1845,51200,-0.976516842842102,0.0004092704424510632,0.2,0.01911539,1584,-43.134145736694336,0.9756561517715454,0.2373046875,-0.022768450260628015,0.004015979269752279,-0.033656034618616104,1223.0,-2.123400243902439
101,27,1847,51712,0.07924395799636841,0.0004092704424510632,0.2,0.015312595,1600,-43.17417120933533,0.9772123098373413,0.19970703125,-0.022239702419028617,0.0031554933375446126,-0.022320052608847618,1223.0,-2.121566904761905
102,28,1850,52224,0.3153942823410034,0.0004092704424510632,0.2,0.013696125,1616,-43.201592326164246,0.9772006273269653,0.059814453125,-0.013142943091224879,0.23839090601541102,0.012712985277175903,1223.0,-2.121566904761905
103,28,1850,52736,-3.73040771484375,0.0004092704424510632,0.2,0.021774797,1632,-43.19896411895752,0.9776440262794495,0.26513671875,-0.02394874625315424,0.009445433373912238,-0.0367102287709713,1223.0,-2.1189123023255814
104,28,1849,53248,0.07440578937530518,0.0004092704424510632,0.2,0.012288151,1648,-43.21764898300171,0.9779168367385864,0.1002197265625,-0.01717356032168027,0.4627949346322566,0.09311362355947495,1223.0,-2.1189123023255814
105,29,1851,53760,0.11693131923675537,0.0004092704424510632,0.2,0.016488891,1664,-43.20465266704559,0.9767280220985413,0.1846923828125,-0.01635103784792591,0.010969511524308473,-0.01847105845808983,1223.0,-2.1189123023255814
106,29,1854,54272,0.4993864893913269,0.0004092704424510632,0.2,0.020315537,1680,-43.169246673583984,0.9758122563362122,0.236083984375,-0.022048089784220792,0.020744194684084505,-0.011029871180653572,1223.0,-2.1182163181818185
107,29,1852,54784,0.692714273929596,0.0004092704424510632,0.2,0.02533828,1696,-43.14608013629913,0.9751968383789062,0.107177734375,-0.018562381621450186,0.15056770492810756,-0.0033154599368572235,1223.0,-2.1182163181818185
108,29,1854,55296,-3.7589473724365234,0.0004092704424510632,0.2,0.018140085,1712,-43.1378231048584,0.9752574563026428,0.205078125,-0.018275387948960997,0.03736744640627876,-0.03043428063392639,1223.0,-2.1191984222222224
109,30,1854,55808,0.030155181884765625,0.0004092704424510632,0.2,0.014547075,1728,-43.1472829580307,0.9755485653877258,0.1414794921875,-0.015157053479924798,0.47168244351632893,0.01684265211224556,1223.0,-2.1191984222222224
110,30,1856,56320,-1.7967989444732666,0.0004092704424510632,0.2,0.023447603,1744,-43.1527281999588,0.9758087992668152,0.2457275390625,-0.027061808039434254,0.01000395200389903,-0.03507014736533165,1223.0,-2.117429630434783
111,30,1859,56832,0.34281259775161743,0.0004092704424510632,0.2,0.008531913,1760,-43.16400694847107,0.9758044481277466,0.0277099609375,-0.009682317249826156,0.32175489282235503,0.05104910582304001,1223.0,-2.117429630434783
112,30,1862,57344,-1.0829572677612305,0.0004092704424510632,0.2,0.018947836,1776,-43.16745173931122,0.9764740467071533,0.245849609375,-0.026171983248787,0.0035497821154422127,-0.03633018955588341,1223.0,-2.117429630434783
113,31,1861,57856,-0.450311541557312,0.0004092704424510632,0.2,0.021254193,1792,-43.19182336330414,0.9773344397544861,0.275634765625,-0.025944661552784964,0.0022600149750360288,-0.0344872809946537,1223.0,-2.11424070212766
114,31,1861,58368,0.23049992322921753,0.0004092704424510632,0.2,0.010910421,1808,-43.21289598941803,0.9773380160331726,0.068115234375,-0.009286754415370524,0.3750567401293665,0.04531541094183922,1223.0,-2.11424070212766
115,31,1860,58880,-3.2220873832702637,0.0004092704424510632,0.2,0.018268023,1824,-43.19577443599701,0.9762797355651855,0.2041015625,-0.02072782878531143,0.019957497104769573,-0.03145274519920349,1223.0,-2.113892541666667
116,31,1859,59392,0.24692559242248535,0.0004092704424510632,0.2,0.009616753,1840,-43.154242515563965,0.9752275347709656,0.0364990234375,-0.011174194165505469,0.36088339891284704,0.08993344753980637,1223.0,-2.113892541666667
117,32,1858,59904,-2.5353457927703857,0.0004092704424510632,0.2,0.03183602,1856,-43.12319886684418,0.9745827913284302,0.3004150390625,-0.030797978120972402,0.008619786021881737,-0.03822629153728485,1223.0,-2.113892541666667
118,32,1856,60416,0.61689293384552,0.0004092704424510632,0.2,0.019613806,1872,-43.12800967693329,0.9755228757858276,0.2242431640625,-0.027362747023289558,0.02942365501075983,-0.012757929041981697,1223.0,-2.1164856734693878
119,32,1855,60928,0.6724240779876709,0.0004092704424510632,0.2,0.04062998,1888,-43.13188910484314,0.9748122096061707,0.2252197265625,-0.02272147874464281,0.07565679645631462,-0.023616814985871315,1223.0,-2.1164856734693878
120,33,1854,61440,-6.697659969329834,0.0004092704424510632,0.2,0.0154510755,1904,-43.12748885154724,0.9761204123497009,0.2529296875,-0.023531777318567038,0.012357334155240096,-0.02167549915611744,1223.0,-2.1169846000000003
121,33,1853,61952,0.1626858115196228,0.0004092704424510632,0.2,0.013644847,1920,-43.166983008384705,0.9764474630355835,0.0888671875,-0.01110752992099151,0.33817865746095777,0.013576829805970192,1223.0,-2.1169846000000003
122,33,1856,62464,-1.3754596710205078,0.0004092704424510632,0.2,0.018672302,1936,-43.15924525260925,0.9760875105857849,0.264892578125,-0.027135613665450364,0.004673370880482253,-0.050468701869249344,1223.0,-2.1143638823529414
123,33,1859,62976,0.373940646648407,0.0004092704424510632,0.2,0.014068241,1952,-43.15098059177399,0.9759212136268616,0.05224609375,-0.01322753369458951,0.3228077159728855,0.03222622722387314,1223.0,-2.1143638823529414
124,34,1862,63488,-1.9599549770355225,0.0004092704424510632,0.2,0.017023133,1968,-43.13242256641388,0.9750765562057495,0.28466796875,-0.03055867613875307,0.0031182084821921308,-0.048280201852321625,1223.0,-2.1143638823529414
125,34,1861,64000,0.08940237760543823,0.0004092704424510632,0.2,0.016124707,1984,-43.14307618141174,0.9776116609573364,0.2138671875,-0.0194131922617089,0.0033833108755061403,-0.022901181131601334,1223.0,-2.113853480769231
126,34,1860,64512,0.33542126417160034,0.0004092704424510632,0.2,0.011700516,2000,-43.213189005851746,0.9785726070404053,0.0460205078125,-0.011893242713995278,0.28466642927378416,0.009896857663989067,1223.0,-2.113853480769231
127,34,1860,65024,-6.8774261474609375,0.0004092704424510632,0.2,0.025910398,2016,-43.22473871707916,0.9787591099739075,0.2408447265625,-0.02284681488526985,0.0069859800569247454,-0.0295034721493721,1223.0,-2.111063490566038
128,35,1860,65536,0.12763631343841553,0.0004092704424510632,0.2,0.008996479,2032,-43.23345732688904,0.9786502718925476,0.0430908203125,-0.012849996681325138,0.5414397038985044,0.09622567147016525,1223.0,-2.111063490566038
129,35,1860,66048,-0.7800838947296143,0.0004092704424510632,0.2,0.02359143,2048,-43.219194173812866,0.9779025316238403,0.291015625,-0.027372428332455456,0.004357842328317929,-0.045877132564783096,1223.0,-2.1118761111111115
130,35,1858,66560,0.40618884563446045,0.0004092704424510632,0.2,0.010018221,2064,-43.19672214984894,0.9775210618972778,0.051025390625,-0.010955563353491016,0.390272147487849,0.05039738118648529,1223.0,-2.1118761111111115
131,36,1857,67072,-1.2538137435913086,0.0004092704424510632,0.2,0.01647269,2080,-43.17168653011322,0.9759116768836975,0.2508544921875,-0.027549598074983805,0.0032856619654921815,-0.028299832716584206,1223.0,-2.1118761111111115
132,36,1857,67584,0.07099229097366333,0.0004092704424510632,0.2,0.0163165,2096,-43.12334668636322,0.975443422794342,0.2042236328125,-0.025647366695920937,0.0024025713428272866,-0.0388464629650116,1223.0,-2.1101792363636362
133,36,1855,68096,0.1271924376487732,0.0004092704424510632,0.2,0.010262437,2112,-43.11667001247406,0.9753500819206238,0.0465087890625,-0.01036894740536809,0.6504099667072296,0.10094079375267029,1223.0,-2.1101792363636362
134,36,1854,68608,-3.404500961303711,0.0004092704424510632,0.2,0.021740407,2128,-43.123361468315125,0.976213276386261,0.314208984375,-0.029031550628133118,0.004714396156487055,-0.03451167792081833,1223.0,-2.107529767857143
135,37,1853,69120,0.2821757197380066,0.0004092704424510632,0.2,0.009164723,2144,-43.141435623168945,0.9764382243156433,0.0791015625,-0.010240366522339173,0.5922643975354731,0.07217800617218018,1223.0,-2.107529767857143
136,37,1854,69632,-0.7962679862976074,0.0004092704424510632,0.2,0.020100474,2160,-43.15931749343872,0.9779576659202576,0.2457275390625,-0.026453116297489032,0.010240637668175623,-0.042720042169094086,1223.0,-2.107529767857143
137,37,1855,70144,0.26957499980926514,0.0004092704424510632,0.2,0.023256272,2176,-43.2005455493927,0.9780067801475525,0.283935546875,-0.02940556514658965,0.004055009630974382,-0.045118119567632675,1223.0,-2.107553105263158
138,38,1854,70656,0.43435895442962646,0.0004092704424510632,0.2,0.008577141,2192,-43.183175802230835,0.9775657653808594,0.0389404296875,-0.009432524733711034,0.26323222648352385,0.015438538044691086,1223.0,-2.107553105263158
139,38,1853,71168,-6.470745086669922,0.0004092704424510632,0.2,0.021892225,2208,-43.163697719573975,0.9765973687171936,0.2703857421875,-0.02618966973386705,0.014711531373905018,-0.0449625626206398,1223.0,-2.105846172413793
140,38,1851,71680,0.10829275846481323,0.0004092704424510632,0.2,0.008810164,2224,-43.149009704589844,0.9762550592422485,0.0404052734375,-0.008891878002032172,0.6195550840348005,0.034806717187166214,1223.0,-2.105846172413793
141,39,1851,72192,-2.25648832321167,0.0004092704424510632,0.2,0.019736227,2240,-43.14899921417236,0.9764754772186279,0.2574462890625,-0.025800221745157614,0.007940825147670694,-0.032111264765262604,1223.0,-2.1048671186440675
142,39,1850,72704,0.4611744284629822,0.0004092704424510632,0.2,0.0069510536,2256,-43.14917016029358,0.9764020442962646,0.0179443359375,-0.007434855331666768,0.4397114864550531,0.07341837882995605,1223.0,-2.1048671186440675
143,39,1849,73216,-0.8427109718322754,0.0004092704424510632,0.2,0.019823305,2272,-43.13716244697571,0.9753058552742004,0.242919921875,-0.026436146508785896,0.005561081328778528,-0.034806989133358,1223.0,-2.1048671186440675
144,39,1848,73728,-0.22693490982055664,0.0004092704424510632,0.2,0.015413272,2288,-43.09944224357605,0.9745542407035828,0.2281494140625,-0.02199338737409562,0.0030204123177099973,-0.037716977298259735,1223.0,-2.104235783333333
145,40,1848,74240,0.30044251680374146,0.0004092704424510632,0.2,0.005540575,2304,-43.07986521720886,0.9741147756576538,0.0120849609375,-0.0032987236918415874,0.47765245102345943,0.029355304315686226,1223.0,-2.104235783333333
146,40,1848,74752,-5.006028175354004,0.0004092704424510632,0.2,0.019935329,2320,-43.0696359872818,0.9741021990776062,0.2174072265625,-0.020468982562306337,0.02450478496029973,-0.02716759219765663,1223.0,-2.103723672131147
147,40,1847,75264,0.21942877769470215,0.0004092704424510632,0.2,0.011329765,2336,-43.07470166683197,0.97421795129776,0.0452880859375,-0.008722835234948434,0.485137082869187,0.07747470587491989,1223.0,-2.103723672131147
1,0,3978,75776,0.21314281225204468,0.0004092704424510632,0.2,0.022196064,2352,-43.04064631462097,0.9716492891311646,0.2628173828125,-0.029168005523388274,0.03287087951321155,-0.021400896832346916,1223.0,-2.103723672131147
2,0,2466,76288,0.593748927116394,0.0004092704424510632,0.2,0.019773979,2368,-42.97264862060547,0.9707695841789246,0.148681640625,-0.020130725599301513,0.250749085098505,0.078382208943367,1223.0,-2.103424516129032
3,0,2160,76800,0.9333619475364685,0.0004092704424510632,0.2,0.024766061,2384,-42.95711052417755,0.9703220129013062,0.2169189453125,-0.022751317781512626,0.08674495731247589,-0.023264016956090927,1223.0,-2.103424516129032
4,0,2116,77312,-8.628698348999023,0.0004092704424510632,0.2,0.016563052,2400,-42.94302845001221,0.9703289270401001,0.1796875,-0.02027020246896427,0.043663714663125575,-0.024784252047538757,1223.0,-2.1017102539682537
5,1,2073,77824,0.06897753477096558,0.0004092704424510632,0.2,0.010083328,2416,-42.95252299308777,0.9704979658126831,0.0576171875,-0.01349680422572419,0.6514187306165695,0.06062471121549606,1223.0,-2.1017102539682537
6,1,2013,78336,-1.1154427528381348,0.0004092704424510632,0.2,0.015412899,2432,-42.93001461029053,0.9687413573265076,0.2139892578125,-0.021879308769712225,0.004797419995156815,-0.029709966853260994,1223.0,-2.10143225
7,1,1973,78848,0.49366945028305054,0.0004092704424510632,0.2,0.009005258,2448,-42.882641434669495,0.9681133031845093,0.0340576171875,-0.008674944227095693,0.42455365182831883,0.04775569587945938,1223.0,-2.10143225
8,2,1942,79360,-0.8007791042327881,0.0004092704424510632,0.2,0.018367603,2464,-42.881593465805054,0.96849125623703,0.3072509765625,-0.029799276613630354,0.004646948589652311,-0.04231911525130272,1223.0,-2.10143225
9,2,1910,79872,0.04366034269332886,0.0004092704424510632,0.2,0.014674855,2480,-42.905800223350525,0.9703158736228943,0.205810546875,-0.02358616009587422,0.0032250509757432155,-0.03066466748714447,1223.0,-2.099117276923077
10,2,1893,80384,0.3829571604728699,0.0004092704424510632,0.2,0.012682639,2496,-42.94715225696564,0.9708271026611328,0.0687255859375,-0.013917446878622286,0.32188885333016515,0.022689949721097946,1223.0,-2.099117276923077
11,3,1875,80896,-4.015396595001221,0.0004092704424510632,0.2,0.019958414,2512,-42.9403657913208,0.9702287316322327,0.2371826171875,-0.02280944972881116,0.01674141627154313,-0.026021234691143036,1223.0,-2.0987634393939394
12,3,1889,81408,0.22876578569412231,0.0004092704424510632,0.2,0.0068034995,2528,-42.91958487033844,0.969968855381012,0.0157470703125,-0.008332370591233484,0.553370916750282,0.04760932922363281,1223.0,-2.0987634393939394
13,3,1878,81920,-1.8404395580291748,0.0004092704424510632,0.2,0.022335436,2544,-42.90323984622955,0.9691458940505981,0.2469482421875,-0.024819590369588695,0.0072905418201116845,-0.030296500772237778,1223.0,-2.0987634393939394
14,3,1859,82432,0.5910643935203552,0.0004092704424510632,0.2,0.019476794,2560,-42.868794322013855,0.9677912592887878,0.227783203125,-0.023443539947038516,0.03535512869711965,-0.027262400835752487,1223.0,-2.096794671641791
15,4,1873,82944,0.7195938229560852,0.0004092704424510632,0.2,0.034639206,2576,-42.83414685726166,0.967401921749115,0.2286376953125,-0.023633892502402887,0.07294268065015785,-0.02904701419174671,1223.0,-2.096794671641791
16,4,1865,83456,-8.288485527038574,0.0004092704424510632,0.2,0.022789776,2592,-42.83739447593689,0.9680567979812622,0.278076171875,-0.027152969370945357,0.012163104373030365,-0.04021874815225601,1223.0,-2.0961196323529414
17,4,1863,83968,0.12845557928085327,0.0004092704424510632,0.2,0.012928154,2608,-42.851171374320984,0.967971682548523,0.080078125,-0.016290211031446233,0.8609369762707502,0.07240654528141022,1223.0,-2.0961196323529414
18,4,1853,84480,-0.4980524778366089,0.0004092704424510632,0.2,0.015545146,2624,-42.845749378204346,0.9678978323936462,0.27392578125,-0.03180994960712269,0.0024338637085747905,-0.04435352608561516,1223.0,-2.0930735652173915
19,5,1846,84992,0.13843190670013428,0.0004092704424510632,0.2,0.007097082,2640,-42.841097354888916,0.9676303267478943,0.01806640625,-0.00720371374336537,0.830577066168189,0.03482164442539215,1223.0,-2.0930735652173915
20,5,1839,85504,-0.47291433811187744,0.0004092704424510632,0.2,0.018652707,2656,-42.84150052070618,0.9680805206298828,0.2550048828125,-0.023944464192027226,0.008443700906354934,-0.015859531238675117,1223.0,-2.0930735652173915
21,5,1834,86016,0.1819731593132019,0.0004092704424510632,0.2,0.019000292,2672,-42.8381404876709,0.9668177366256714,0.2686767578125,-0.02732949735946022,0.004264039263944142,-0.03493044152855873,1223.0,-2.090659742857143
22,6,1829,86528,0.44109439849853516,0.0004092704424510632,0.2,0.014219056,2688,-42.79231929779053,0.9658393859863281,0.111083984375,-0.016650786179525312,0.38164926087483764,0.019694950431585312,1223.0,-2.090659742857143
23,6,1826,87040,-6.18581485748291,0.0004092704424510632,0.2,0.029567316,2704,-42.7645001411438,0.964733362197876,0.25,-0.02228638288215734,0.00703228400379885,-0.0211237333714962,1223.0,-2.0884381690140845
24,6,1834,87552,0.16967535018920898,0.0004092704424510632,0.2,0.011759244,2720,-42.74221575260162,0.9644041657447815,0.0601806640625,-0.01436065101006534,0.8598236697725952,0.029774952679872513,1223.0,-2.0884381690140845
25,6,1842,88064,-0.9267435073852539,0.0004092704424510632,0.2,0.02151629,2736,-42.74134349822998,0.9646731019020081,0.2454833984375,-0.024415230567683466,0.006856364125269465,-0.031124599277973175,1223.0,-2.086947138888889
26,7,1842,88576,0.5175440907478333,0.0004092704424510632,0.2,0.007163981,2752,-42.74029552936554,0.9648622274398804,0.017578125,-0.008257179681095295,0.4853307856246829,0.07789617776870728,1223.0,-2.086947138888889
27,7,1838,89088,-1.326517105102539,0.0004092704424510632,0.2,0.01613209,2768,-42.74922728538513,0.9654879570007324,0.2274169921875,-0.022074369626352564,0.004316576989367604,-0.031246216967701912,1223.0,-2.086947138888889
28,7,1834,89600,0.17336505651474,0.0004092704424510632,0.2,0.01709461,2784,-42.773860573768616,0.9663074016571045,0.23876953125,-0.02428193317609839,0.006053704957594164,-0.028835628181695938,1223.0,-2.085861849315069
29,8,1832,90112,0.5429295301437378,0.0004092704424510632,0.2,0.007295605,2800,-42.79115557670593,0.9663829803466797,0.0174560546875,-0.010645186390320305,0.4116443081293255,0.03903764486312866,1223.0,-2.085861849315069
30,8,1824,90624,-4.7422051429748535,0.0004092704424510632,0.2,0.024864644,2816,-42.78987419605255,0.9661733508110046,0.3045654296875,-0.028134183201473206,0.011536159916431643,-0.03122944012284279,1223.0,-2.0858547162162164
31,8,1822,91136,0.23217260837554932,0.0004092704424510632,0.2,0.0075665233,2832,-42.777512550354004,0.9657578468322754,0.02880859375,-0.004270731056749355,0.5627242759801447,0.06542158126831055,1223.0,-2.0858547162162164
32,8,1821,91648,-0.8722856044769287,0.0004092704424510632,0.2,0.01649553,2848,-42.78401744365692,0.9669772982597351,0.2227783203125,-0.02181893406668678,0.0037056877044960856,-0.028070399537682533,1223.0,-2.0858547162162164
33,9,1823,92160,0.3776930570602417,0.0004092704424510632,0.2,0.016396178,2864,-42.78959393501282,0.9651996493339539,0.22998046875,-0.020915170549415052,0.003170603966282215,-0.02708500064909458,1223.0,-2.08468988
34,9,1832,92672,0.4830026626586914,0.0004092704424510632,0.2,0.009973005,2880,-42.735992312431335,0.9641187787055969,0.0352783203125,-0.009794493962544948,0.35103538096882403,0.009977750480175018,1223.0,-2.08468988
35,9,1828,93184,-6.294014930725098,0.0004092704424510632,0.2,0.017055862,2896,-42.702794790267944,0.9632036089897156,0.2542724609375,-0.0240742454334395,0.006845887590316124,-0.025201253592967987,1223.0,-2.083145157894737
36,10,1827,93696,0.10432231426239014,0.0004092704424510632,0.2,0.009782347,2912,-42.683523654937744,0.9629344344139099,0.03271484375,-0.01015667246247176,0.7380937384441495,0.06809022277593613,1223.0,-2.083145157894737
37,10,1835,94208,-2.326178550720215,0.0004092704424510632,0.2,0.020391364,2928,-42.67074966430664,0.9621276259422302,0.2838134765625,-0.027245736069744453,0.005369026177504566,-0.03886823728680611,1223.0,-2.082795506493506
38,10,1834,94720,0.3217090964317322,0.0004092704424510632,0.2,0.0067008333,2944,-42.653048515319824,0.9618443846702576,0.03955078125,-0.0052699392108479515,0.7595139327459037,0.08511142432689667,1223.0,-2.082795506493506
39,10,1834,95232,-0.9441287517547607,0.0004092704424510632,0.2,0.020380247,2960,-42.639997720718384,0.961220383644104,0.229248046875,-0.027105730259791017,0.007951897576276679,-0.02319570630788803,1223.0,-2.082795506493506
40,11,1831,95744,-0.04506504535675049,0.0004092704424510632,0.2,0.017372118,2976,-42.61561334133148,0.9609842896461487,0.249755859375,-0.028505712427431718,0.0026770748663693666,-0.03366468474268913,1223.0,-2.0822893076923075
41,11,1828,96256,0.3082982897758484,0.0004092704424510632,0.2,0.011337621,2992,-42.609739661216736,0.9606487154960632,0.027587890625,-0.010372667238698341,0.4822514746338129,0.025944523513317108,1223.0,-2.0822893076923075
42,11,1826,96768,-4.172499656677246,0.0004092704424510632,0.2,0.020644067,3008,-42.59163987636566,0.9605965614318848,0.259765625,-0.02493788188439794,0.011048310625483282,-0.027854910120368004,1223.0,-2.081745240506329
43,12,1833,97280,0.27528703212738037,0.0004092704424510632,0.2,0.0069978465,3024,-42.595067858695984,0.9607561230659485,0.0223388671875,-0.005843435530550778,0.7089728978462517,0.06647133827209473,1223.0,-2.081745240506329
44,12,1833,97792,0.08700096607208252,0.0004092704424510632,0.2,0.023784816,3040,-42.57052528858185,0.9590960144996643,0.257080078125,-0.028530538402264938,0.016529187763808295,-0.03430628776550293,1223.0,-2.081745240506329
45,12,1835,98304,0.6270867586135864,0.0004092704424510632,0.2,0.020678412,3056,-42.54050040245056,0.960050642490387,0.1787109375,-0.01958547737740446,0.15903272153809667,0.04861144348978996,1223.0,-2.0806579125
46,12,1838,98816,0.9157555103302002,0.0004092704424510632,0.2,0.022838375,3072,-42.58601665496826,0.9610071778297424,0.157470703125,-0.016769012101576664,0.12151685985736549,-0.014272656291723251,1223.0,-2.0806579125
47,13,1835,99328,-6.513848781585693,0.0004092704424510632,0.2,0.02210584,3088,-42.60990810394287,0.961703360080719,0.23583984375,-0.023653443000512198,0.03594266402069479,-0.02103421837091446,1223.0,-2.080781382716049
48,13,1833,99840,0.20729303359985352,0.0004092704424510632,0.2,0.010254433,3104,-42.625871539115906,0.9618344306945801,0.042236328125,-0.008612828220066149,0.6459204368293285,0.0499882772564888,1223.0,-2.080781382716049
49,13,1830,100352,-1.4026479721069336,0.0004092704424510632,0.2,0.017220024,3120,-42.594958901405334,0.9595420360565186,0.28466796875,-0.0307329435745487,0.0025999472272815183,-0.03522394970059395,1223.0,-2.0804813292682924
50,14,1828,100864,0.20010864734649658,0.0004092704424510632,0.2,0.012415752,3136,-42.526761174201965,0.9583510160446167,0.0758056640625,-0.014381090441020206,0.5854877433739603,0.04791078343987465,1223.0,-2.0804813292682924
51,14,1825,101376,-0.2900536060333252,0.0004092704424510632,0.2,0.015210539,3152,-42.50625836849213,0.9580456018447876,0.23046875,-0.024600721546448767,0.0057953270224970765,-0.025303935632109642,1223.0,-2.0804813292682924
52,14,1823,101888,0.2019648551940918,0.0004092704424510632,0.2,0.02258902,3168,-42.509594798088074,0.9589011073112488,0.3309326171875,-0.03442867158446461,0.0044632713761529885,-0.046933919191360474,1223.0,-2.0807492771084335
53,14,1827,102400,0.5253959894180298,0.0004092704424510632,0.2,0.008382865,3184,-42.53285253047943,0.9592376351356506,0.0535888671875,-0.008202603261452168,0.44301212998107076,0.04566974565386772,1223.0,-2.0807492771084335
54,15,1831,102912,-4.713468551635742,0.0004092704424510632,0.2,0.016815756,3200,-42.53028225898743,0.9587789177894592,0.268798828125,-0.025568954646587372,0.011376994429156184,-0.04269152507185936,1223.0,-2.081107821428571
55,15,1829,103424,0.2622327208518982,0.0004092704424510632,0.2,0.010552803,3216,-42.52438795566559,0.9588912129402161,0.0433349609375,-0.0076941791630815715,0.7372476363088936,0.051217224448919296,1223.0,-2.081107821428571
56,15,1832,103936,-0.36335015296936035,0.0004092704424510632,0.2,0.015712224,3232,-42.51760292053223,0.9580476880073547,0.2119140625,-0.02397557022050023,0.009684920383733697,-0.0252697691321373,1223.0,-2.081107821428571
57,15,1830,104448,0.5961945056915283,0.0004092704424510632,0.2,0.011369204,3248,-42.497421622276306,0.9579500555992126,0.05859375,-0.00912930880440399,0.26285009691491723,0.06182226538658142,1223.0,-2.0797199058823526
58,16,1828,104960,0.9419935345649719,0.0004092704424510632,0.2,0.047134034,3264,-42.495864033699036,0.9578206539154053,0.3145751953125,-0.023450466818758287,0.05425275271409191,-0.01904156245291233,1223.0,-2.0797199058823526
59,16,1827,105472,-6.650388717651367,0.0004092704424510632,0.2,0.021091664,3280,-42.48100388050079,0.9570576548576355,0.251708984375,-0.019318823382491246,0.013963465171400458,-0.017527204006910324,1223.0,-2.079073116279069
60,16,1827,105984,0.14454925060272217,0.0004092704424510632,0.2,0.016251467,3296,-42.44438111782074,0.9564095139503479,0.1246337890625,-0.0205879507411737,0.5300533862318844,0.02516019530594349,1223.0,-2.079073116279069
61,17,1825,106496,-0.6009049415588379,0.0004092704424510632,0.2,0.021743197,3312,-42.399503231048584,0.9542192816734314,0.2808837890625,-0.02579034137306735,0.003784304870350752,-0.043763481080532074,1223.0,-2.0773604597701145
62,17,1827,107008,0.5233904123306274,0.0004092704424510632,0.2,0.008727402,3328,-42.34701061248779,0.9535420536994934,0.0791015625,-0.005120733971125446,0.5876386505551636,0.06280938535928726,1223.0,-2.0773604597701145
63,17,1825,107520,-0.33705997467041016,0.0004092704424510632,0.2,0.021873549,3344,-42.35423290729523,0.9547803401947021,0.2720947265625,-0.02734679661807604,0.008042640605708584,-0.03304551914334297,1223.0,-2.0773604597701145
64,17,1826,108032,0.28771358728408813,0.0004092704424510632,0.2,0.021054368,3360,-42.38811385631561,0.9552448987960815,0.2877197265625,-0.026710794831160456,0.009934441157383844,-0.02343534678220749,1223.0,-2.076346238636364
65,18,1827,108544,0.6324163675308228,0.0004092704424510632,0.2,0.0069034537,3376,-42.39087510108948,0.9551650881767273,0.0440673828125,-0.004820571819436736,0.4524622387252748,0.023358209058642387,1223.0,-2.076346238636364
66,18,1831,109056,-4.784696102142334,0.0004092704424510632,0.2,0.026148885,3392,-42.41611039638519,0.9576526880264282,0.297119140625,-0.03103039410780184,0.010286104617989622,-0.042331382632255554,1223.0,-2.075285202247191
67,18,1830,109568,0.20556074380874634,0.0004092704424510632,0.2,0.010945907,3408,-42.48570227622986,0.9587067365646362,0.1068115234375,-0.0033445186127210036,0.9512281846255064,0.12930205464363098,1223.0,-2.075285202247191
68,19,1829,110080,-0.2686268091201782,0.0004092704424510632,0.2,0.02020526,3424,-42.46410667896271,0.9561652541160583,0.2601318359375,-0.026997435721568763,0.003767203990719281,-0.0355587862432003,1223.0,-2.0743445444444446
69,19,1828,110592,0.5323482751846313,0.0004092704424510632,0.2,0.007196347,3440,-42.40160048007965,0.9553356170654297,0.0274658203125,-0.004418889831868,0.6064839451573789,0.09600146859884262,1223.0,-2.0743445444444446
70,19,1827,111104,-1.8123550415039062,0.0004092704424510632,0.2,0.017779589,3456,-42.35814356803894,0.9524691700935364,0.2730712890625,-0.029355703853070736,0.004472203174373135,-0.04196809604763985,1223.0,-2.0743445444444446
71,19,1825,111616,0.17636221647262573,0.0004092704424510632,0.2,0.023974773,3472,-42.300140380859375,0.9524757266044617,0.275146484375,-0.027756861309171654,0.003092480888881255,-0.035667937248945236,1223.0,-2.0746992087912086
72,20,1827,112128,0.4663163423538208,0.0004092704424510632,0.2,0.013301388,3488,-42.31389272212982,0.9525654911994934,0.080322265625,-0.008846595766954124,0.4601026165764779,0.06656156480312347,1223.0,-2.0746992087912086
73,20,1827,112640,-3.863161087036133,0.0004092704424510632,0.2,0.019399248,3504,-42.329888582229614,0.9537997245788574,0.259765625,-0.023259941110154614,0.007721495741861872,-0.035532910376787186,1223.0,-2.074429119565217
74,20,1826,113152,0.18845003843307495,0.0004092704424510632,0.2,0.0065590134,3520,-42.371875166893005,0.9544216394424438,0.02294921875,-0.003952903774916194,1.2711665246170014,0.17620092630386353,1223.0,-2.074429119565217
75,21,1827,113664,-0.3278028964996338,0.0004092704424510632,0.2,0.016695537,3536,-42.358131527900696,0.9530001282691956,0.234130859375,-0.02499768786947243,0.0029298219342308585,-0.04417318105697632,1223.0,-2.074429119565217
76,21,1824,114176,0.5083494186401367,0.0004092704424510632,0.2,0.0136756385,3552,-42.31968533992767,0.9524683356285095,0.210693359375,-0.023201062067528255,0.010724427294917405,-0.025492234155535698,1223.0,-2.0737976666666667
77,21,1822,114688,0.6695092916488647,0.0004092704424510632,0.2,0.009597879,3568,-42.30921256542206,0.9522209167480469,0.0360107421875,-0.006073036922316533,0.3657055494841188,0.03530191257596016,1223.0,-2.0737976666666667
78,21,1820,115200,-7.03253173828125,0.0004092704424510632,0.2,0.017170066,3584,-42.27474248409271,0.9497342705726624,0.2298583984375,-0.022149128766614012,0.0075649766804417595,-0.028936613351106644,1223.0,-2.0719305531914896
79,22,1819,115712,0.12261319160461426,0.0004092704424510632,0.2,0.007770546,3600,-42.20006716251373,0.9487665295600891,0.0518798828125,-0.0037819003919139504,1.1275346637703478,0.23678436875343323,1223.0,-2.0719305531914896
80,22,1818,116224,-0.8106486797332764,0.0004092704424510632,0.2,0.015975548,3616,-42.22963774204254,0.9517294764518738,0.205810546875,-0.0205164946091827,0.0033286627476627473,-0.02373078279197216,1223.0,-2.070636284210526
81,22,1817,116736,0.4261166453361511,0.0004092704424510632,0.2,0.005898282,3632,-42.309842109680176,0.952555239200592,0.0103759765625,-0.006767231461708434,0.9745577052235603,0.12018772959709167,1223.0,-2.070636284210526
82,23,1816,117248,-1.5179533958435059,0.0004092704424510632,0.2,0.015509395,3648,-42.3417284488678,0.9548507332801819,0.227783203125,-0.02283958636689931,0.0030737174492969643,-0.03457224369049072,1223.0,-2.070636284210526
83,23,1815,117760,-0.01886582374572754,0.0004092704424510632,0.2,0.021058902,3664,-42.37955152988434,0.9537144303321838,0.26318359375,-0.023250428203027695,0.0019175881207047496,-0.031594932079315186,1223.0,-2.06838540625
84,23,1814,118272,0.3463454842567444,0.0004092704424510632,0.2,0.0077707483,3680,-42.33304250240326,0.9530825614929199,0.0311279296875,-0.008339362815604545,0.8592936117202044,0.05446571484208107,1223.0,-2.06838540625
85,23,1813,118784,-3.1106038093566895,0.0004092704424510632,0.2,0.019429196,3696,-42.35452687740326,0.955678403377533,0.2525634765625,-0.025297946034697816,0.019831731129670516,-0.03110816702246666,1223.0,-2.069235257731959
86,24,1812,119296,0.3142412304878235,0.0004092704424510632,0.2,0.011119198,3712,-42.43409180641174,0.9568054676055908,0.0301513671875,-0.008770199827267788,0.9731063107028604,0.16892893612384796,1223.0,-2.069235257731959
87,24,1811,119808,0.037034451961517334,0.0004092704424510632,0.2,0.023503993,3728,-42.450905561447144,0.9572417140007019,0.2757568359375,-0.029841079813195392,0.006874113154481165,-0.04559530317783356,1223.0,-2.069235257731959
88,24,1812,120320,0.629812479019165,0.0004092704424510632,0.2,0.018568102,3744,-42.470486640930176,0.9578312039375305,0.25732421875,-0.024447322881314903,0.04452995955944061,-0.032624293118715286,1223.0,-2.0691998163265306
89,25,1811,120832,0.7840284109115601,0.0004092704424510632,0.2,0.021732561,3760,-42.48636269569397,0.9580821394920349,0.1671142578125,-0.01649035517766606,0.1866283817216754,-0.01521352306008339,1223.0,-2.0691998163265306
90,25,1811,121344,-8.678407669067383,0.0004092704424510632,0.2,0.016363248,3776,-42.51399385929108,0.959976077079773,0.2030029296875,-0.017633512354223058,0.017012244352372363,-0.03044520691037178,1223.0,-2.0694213333333336
91,25,1812,121856,0.05226945877075195,0.0004092704424510632,0.2,0.008962379,3792,-42.56713843345642,0.9606631994247437,0.029052734375,-0.009007999207824469,1.3997972414363176,0.08754810690879822,1223.0,-2.0694213333333336
92,26,1811,122368,-1.9368040561676025,0.0004092704424510632,0.2,0.032609265,3808,-42.552279353141785,0.9591233730316162,0.29931640625,-0.028102111507905647,0.0069845351681578904,-0.051640670746564865,1223.0,-2.06941934
93,26,1811,122880,0.49127197265625,0.0004092704424510632,0.2,0.007860088,3824,-42.51154136657715,0.958602786064148,0.024169921875,-0.007549880465376191,1.1936720665544271,0.19654607772827148,1223.0,-2.06941934
94,26,1810,123392,-1.3173339366912842,0.0004092704424510632,0.2,0.022673506,3840,-42.520758390426636,0.9597632884979248,0.3116455078125,-0.03060022859426681,0.004905658472125651,-0.035841137170791626,1223.0,-2.06941934
95,26,1809,123904,0.04199337959289551,0.0004092704424510632,0.2,0.018343367,3856,-42.53720796108246,0.9588721394538879,0.2415771484375,-0.024118783097947016,0.002951512797153555,-0.03276680409908295,1223.0,-2.06737561
96,27,1809,124416,0.35770219564437866,0.0004092704424510632,0.2,0.00562635,3872,-42.50218486785889,0.9584202170372009,0.0140380859375,-0.003661153379653115,0.9143522037193179,0.06783027201890945,1223.0,-2.06737561
97,27,1808,124928,-5.101663589477539,0.0004092704424510632,0.2,0.024838997,3888,-42.480969071388245,0.9571127891540527,0.2435302734375,-0.023262241535121575,0.018175669596530497,-0.030221836641430855,1223.0,-2.0658439599999996
98,27,1808,125440,0.21316921710968018,0.0004092704424510632,0.2,0.011104704,3904,-42.44341254234314,0.9568092226982117,0.092529296875,-0.01302918520377716,1.338493864517659,0.0685301199555397,1223.0,-2.0658439599999996
99,28,1807,125952,-0.13508212566375732,0.0004092704424510632,0.2,0.020852618,3920,-42.44858908653259,0.9574882984161377,0.24853515625,-0.026582718070130795,0.007932225533295423,-0.018461445346474648,1223.0,-2.0658439599999996
100,28,1807,126464,0.6415460705757141,0.0004092704424510632,0.2,0.019263059,3936,-42.45918619632721,0.9571781754493713,0.1385498046875,-0.01620756890042685,0.2712509944103658,0.06105262041091919,1223.0,-2.0653675
101,28,1809,126976,0.9042501449584961,0.0004092704424510632,0.2,0.02560386,3952,-42.43573975563049,0.9564461708068848,0.2349853515625,-0.022602481389185414,0.11139669895055704,-0.022071827203035355,1223.0,-2.0653675
102,28,1811,127488,-2.266788959503174,0.0004092704424510632,0.2,0.017794376,3968,-42.42012894153595,0.9564972519874573,0.24267578125,-0.021047310132416897,0.025189821841195226,-0.026680633425712585,1223.0,-2.06567504
103,29,1811,128000,0.2124207615852356,0.0004092704424510632,0.2,0.0071832454,3984,-42.427499413490295,0.9565209150314331,0.0234375,-0.007728463984676637,1.0955246798694134,0.0922432392835617,1223.0,-2.06567504
104,29,1810,128512,-1.2075223922729492,0.0004092704424510632,0.2,0.022256196,4000,-42.4145644903183,0.9555999636650085,0.2689208984375,-0.025956353842047974,0.007039789095870219,-0.029422465711832047,1223.0,-2.0650038599999996
105,29,1809,129024,0.5475818514823914,0.0004092704424510632,0.2,0.007415259,4016,-42.39387536048889,0.9553477168083191,0.025146484375,-0.00913797987595899,0.8251259876415133,0.08642053604125977,1223.0,-2.0650038599999996
106,29,1812,129536,-0.9511705636978149,0.0004092704424510632,0.2,0.015309222,4032,-42.389129996299744,0.9549483060836792,0.2340087890625,-0.023109322821255773,0.005160072752914857,-0.0284880418330431,1223.0,-2.0650038599999996
107,30,1810,130048,0.34522634744644165,0.0004092704424510632,0.2,0.020812899,4048,-42.39360225200653,0.9555584192276001,0.2838134765625,-0.024539068341255188,0.009902743535349146,-0.027368362993001938,1223.0,-2.0662957699999995
108,30,1811,130560,0.6224985122680664,0.0004092704424510632,0.2,0.009104877,4064,-42.3969030380249,0.9554736018180847,0.0828857421875,-0.011055026610847563,0.5895489021204412,0.12302318960428238,1223.0,-2.0662957699999995
109,30,1811,131072,-6.740728855133057,0.0004092704424510632,0.2,0.021046745,4080,-42.368807673454285,0.953410267829895,0.281494140625,-0.027107705594971776,0.004762826305523049,-0.041485998779535294,1223.0,-2.06692967
110,31,1811,131584,0.160086989402771,0.0004092704424510632,0.2,0.0057452335,4096,-42.32038080692291,0.9530342221260071,0.021728515625,-0.0030506007897201926,1.4638814688660204,0.20217937231063843,1223.0,-2.06692967
111,31,1811,132096,0.056427955627441406,0.0004092704424510632,0.2,0.019426197,4112,-42.31205940246582,0.9525331854820251,0.2716064453125,-0.02785177857731469,0.003420349763473496,-0.033122990280389786,1223.0,-2.0665212599999996
112,31,1811,132608,0.6049034595489502,0.0004092704424510632,0.2,0.003822451,4128,-42.29135990142822,0.9523360729217529,0.0050048828125,-0.0036582079992513172,0.930491921491921,0.1811400204896927,1223.0,-2.0665212599999996
113,31,1810,133120,-1.4920251369476318,0.0004092704424510632,0.2,0.021716904,4144,-42.261114835739136,0.9506916999816895,0.3167724609375,-0.03408941754605621,0.003321735523059033,-0.055220939218997955,1223.0,-2.0665212599999996
114,32,1809,133632,0.12324106693267822,0.0004092704424510632,0.2,0.023778763,4160,-42.22437381744385,0.9514330625534058,0.322998046875,-0.031591917300829664,0.003032339762285119,-0.042740728706121445,1223.0,-2.06587891
115,32,1808,134144,0.48699772357940674,0.0004092704424510632,0.2,0.010594817,4176,-42.24396777153015,0.9514880776405334,0.0302734375,-0.008168604908860289,1.0996207217685878,0.11575666069984436,1223.0,-2.06587891
116,32,1808,134656,-2.9525644779205322,0.0004092704424510632,0.2,0.019550914,4192,-42.228630781173706,0.9508388638496399,0.2381591796875,-0.02061625535134226,0.004167733794020023,-0.025201810523867607,1223.0,-2.0636784499999994
117,33,1808,135168,0.30104976892471313,0.0004092704424510632,0.2,0.007782389,4208,-42.2120920419693,0.9506525993347168,0.025390625,-0.008285574011097196,1.0449833339080215,0.1003301590681076,1223.0,-2.0636784499999994
118,33,1807,135680,-0.5469812154769897,0.0004092704424510632,0.2,0.020496506,4224,-42.1712840795517,0.9476798176765442,0.267578125,-0.027583399874856696,0.003672751350677572,-0.040338799357414246,1223.0,-2.0636784499999994
119,33,1807,136192,0.535987138748169,0.0004092704424510632,0.2,0.014411172,4240,-42.085474491119385,0.946303129196167,0.2027587890625,-0.02196675732557196,0.0031817379713174887,-0.03704080730676651,1223.0,-2.06116342
120,34,1806,136704,0.49181967973709106,0.0004092704424510632,0.2,0.009048287,4256,-42.06573235988617,0.9462198615074158,0.031982421875,-0.010298845518263988,0.762947402196005,0.038327816873788834,1223.0,-2.06116342
121,34,1808,137216,-8.999085426330566,0.0004092704424510632,0.2,0.041743867,4272,-42.05116081237793,0.9448685646057129,0.29736328125,-0.02574969556008,0.02608538202184718,-0.030021972954273224,1223.0,-2.06047875
122,34,1810,137728,0.13091403245925903,0.0004092704424510632,0.2,0.00855484,4288,-42.00469732284546,0.9441030621528625,0.04833984375,-0.005148647076566704,1.2416067998856306,0.12220718711614609,1223.0,-2.06047875
123,34,1810,138240,-2.6118297576904297,0.0004092704424510632,0.2,0.027488602,4304,-41.98171019554138,0.9432492852210999,0.3056640625,-0.02943146815232467,0.0060772597207687795,-0.040164172649383545,1223.0,-2.05943421
124,35,1809,138752,0.5133498311042786,0.0004092704424510632,0.2,0.004027253,4320,-41.95994162559509,0.9430345296859741,0.004150390625,-0.0032915049232542515,1.4254286792129278,0.36835798621177673,1223.0,-2.05943421
125,35,1809,139264,-3.881040096282959,0.0004092704424510632,0.2,0.025888074,4336,-41.957276701927185,0.9430193305015564,0.304931640625,-0.030982616954133846,0.005364094125980046,-0.04719924554228783,1223.0,-2.05943421
126,35,1808,139776,-0.1569153070449829,0.0004092704424510632,0.2,0.012197357,4352,-41.95693492889404,0.9429808855056763,0.25732421875,-0.027302362155751325,0.00202871648434666,-0.036816202104091644,1223.0,-2.05735145
127,35,1807,140288,0.3924633860588074,0.0004092704424510632,0.2,0.004562903,4368,-41.95110249519348,0.9428817629814148,0.0086669921875,-0.004792313011421356,1.0903357188217342,0.09437354654073715,1223.0,-2.05735145
128,36,1807,140800,-3.986928939819336,0.0004092704424510632,0.2,0.021974925,4384,-41.92450976371765,0.9406688809394836,0.244384765625,-0.023765010395436548,0.015521704088314436,-0.03239321708679199,1223.0,-2.05747017
129,36,1806,141312,0.2980635166168213,0.0004092704424510632,0.2,0.009508605,4400,-41.86018371582031,0.9400618076324463,0.0540771484375,-0.009616184783226345,1.8776510315947235,0.13075117766857147,1223.0,-2.05747017
130,36,1806,141824,-0.34994053840637207,0.0004092704424510632,0.2,0.017485587,4416,-41.85105800628662,0.9398521184921265,0.2392578125,-0.02514066627190914,0.0025413004877918866,-0.02647792547941208,1223.0,-2.05747017
131,37,1805,142336,0.3990759253501892,0.0004092704424510632,0.2,0.014906941,4432,-41.83476793766022,0.9389125108718872,0.249267578125,-0.025961982988519594,0.004400981117214542,-0.030218763276934624,1223.0,-2.05680753
132,37,1804,142848,0.3620344400405884,0.0004092704424510632,0.2,0.01564772,4448,-41.81223797798157,0.9384768605232239,0.1146240234375,-0.011781921406509355,0.5757934658322483,0.011035360395908356,1223.0,-2.05680753
133,37,1807,143360,-2.8707711696624756,0.0004092704424510632,0.2,0.017995529,4464,-41.82381355762482,0.9398457407951355,0.272705078125,-0.02571826880739536,0.020945608848705888,-0.027286604046821594,1223.0,-2.0540499299999997
134,37,1809,143872,0.29870468378067017,0.0004092704424510632,0.2,0.007455295,4480,-41.86274302005768,0.9405201077461243,0.022216796875,-0.009094077002373524,1.7311960798688233,0.1530900001525879,1223.0,-2.0540499299999997
135,38,1811,144384,-1.4283020496368408,0.0004092704424510632,0.2,0.018667415,4496,-41.852782249450684,0.9394972920417786,0.263916015625,-0.02260531512729358,0.003962462713388959,-0.024776648730039597,1223.0,-2.05371935
136,38,1810,144896,0.5287952423095703,0.0004092704424510632,0.2,0.009713432,4512,-41.81049621105194,0.9390960335731506,0.068359375,-0.009907705287332647,1.3781489413231611,0.1305517852306366,1223.0,-2.05371935
137,38,1812,145408,-2.9469220638275146,0.0004092704424510632,0.2,0.0146266,4528,-41.83339834213257,0.9411264061927795,0.1986083984375,-0.022450533222581726,0.004205687095236499,-0.03246220201253891,1223.0,-2.05371935
138,39,1811,145920,0.10092532634735107,0.0004092704424510632,0.2,0.017579492,4544,-41.87067723274231,0.9406331777572632,0.2591552734375,-0.02312800484651234,0.0027438527467893437,-0.023669516667723656,1223.0,-2.0518607600000003
139,39,1811,146432,0.4354919195175171,0.0004092704424510632,0.2,0.0071824365,4560,-41.83894634246826,0.940197229385376,0.0283203125,-0.008825974684441462,1.1133948215283453,0.06470534205436707,1223.0,-2.0518607600000003
140,39,1810,146944,-6.815613269805908,0.0004092704424510632,0.2,0.02360988,4576,-41.80794823169708,0.9378305077552795,0.231689453125,-0.022871130306157283,0.019411722343647853,-0.02910710498690605,1223.0,-2.0503638
141,39,1812,147456,0.2206518054008484,0.0004092704424510632,0.2,0.0067237034,4592,-41.74087107181549,0.9369326829910278,0.0316162109375,-0.006083463958930224,1.7298594312742352,0.24627667665481567,1223.0,-2.0503638
142,40,1812,147968,0.14295005798339844,0.0004092704424510632,0.2,0.015762625,4608,-41.68842399120331,0.9332695007324219,0.26513671875,-0.028231681790202856,0.003554177856130991,-0.03642325848340988,1223.0,-2.0503638
143,40,1811,148480,0.4522131085395813,0.0004092704424510632,0.2,0.01699977,4624,-41.58772826194763,0.932146430015564,0.2911376953125,-0.027292652113828808,0.023232933424878865,-0.02071784809231758,1223.0,-2.0489130099999997
144,40,1810,148992,0.40181779861450195,0.0004092704424510632,0.2,0.027526185,4640,-41.575937151908875,0.9325442314147949,0.1539306640625,-0.01481011619034689,0.23444179332000203,-0.019379310309886932,1223.0,-2.0489130099999997
145,41,1810,149504,-0.7073619365692139,0.0004092704424510632,0.2,0.01747246,4656,-41.598161697387695,0.9332081079483032,0.2525634765625,-0.02317786234198138,0.06218831881415099,-0.01361803524196148,1223.0,-2.0482017399999997
146,41,1809,150016,0.6326766014099121,0.0004092704424510632,0.2,0.0029398887,4672,-41.61975836753845,0.933465301990509,0.0013427734375,-0.0019084994928562082,1.4745510779321194,0.129095196723938,1223.0,-2.0482017399999997
147,41,1808,150528,-0.1334681510925293,0.0004092704424510632,0.2,0.016656067,4688,-41.63711190223694,0.933918833732605,0.2568359375,-0.02255002284073271,0.06473841064143926,-0.0023547839373350143,1223.0,-2.0472885599999997
1,0,4010,151040,0.7939847707748413,0.0004092704424510632,0.2,0.005356661,4704,-41.650484800338745,0.9340026378631592,0.0322265625,-0.004102719613001682,1.5147291999310255,0.3884178400039673,1223.0,-2.0472885599999997
2,0,2336,151552,-0.7182451486587524,0.0004092704424510632,0.2,0.027284175,4720,-41.6442711353302,0.9332212209701538,0.3026123046875,-0.028195291153679136,0.019644477171823382,-0.03663282096385956,1223.0,-2.0472885599999997
3,0,2080,152064,0.35355162620544434,0.0004092704424510632,0.2,0.020597417,4736,-41.59965693950653,0.9319928288459778,0.26708984375,-0.023999911747523583,0.006312473982688971,-0.03677475452423096,1223.0,-2.0452628699999997
4,1,1980,152576,0.6258509159088135,0.0004092704424510632,0.2,0.008108295,4752,-41.56297993659973,0.9315108060836792,0.03564453125,-0.007859029443352483,0.6958525769878179,0.061116769909858704,1223.0,-2.0452628699999997
5,1,1931,153088,-5.5086750984191895,0.0004092704424510632,0.2,0.020265378,4768,-41.5466423034668,0.9308730959892273,0.2789306640625,-0.025942179825506173,0.010673408149159513,-0.03981221467256546,1223.0,-2.04356303
6,1,1886,153600,0.2692742347717285,0.0004092704424510632,0.2,0.009019876,4784,-41.527066349983215,0.930615246295929,0.0308837890625,-0.011387460210244171,0.9892806960269809,0.14267012476921082,1223.0,-2.04356303
7,1,1888,154112,-0.04671001434326172,0.0004092704424510632,0.2,0.019396977,4800,-41.53357458114624,0.9313302636146545,0.254150390625,-0.025982594903325662,0.0030204103750293143,-0.02366899512708187,1223.0,-2.04273336
8,2,1862,154624,0.6730961799621582,0.0004092704424510632,0.2,0.008765411,4816,-41.5590842962265,0.9317043423652649,0.058837890625,-0.01186047718510963,1.2540046125650406,0.5353496074676514,1223.0,-2.04273336
9,2,1848,155136,-6.570418357849121,0.0004092704424510632,0.2,0.019844327,4832,-41.59548282623291,0.9341987371444702,0.230224609375,-0.02317454411968356,0.008430729314568453,-0.030173450708389282,1223.0,-2.04273336
10,2,1855,155648,0.1784611940383911,0.0004092704424510632,0.2,0.019685406,4848,-41.65863013267517,0.9347599744796753,0.2589111328125,-0.024367010861169547,0.0024904433703341056,-0.04117767512798309,1223.0,-2.04185069
11,3,1847,156160,0.45764774084091187,0.0004092704424510632,0.2,0.008517418,4864,-41.66507697105408,0.9346364140510559,0.0533447265625,-0.008355693251360208,1.1564784422516823,0.12805752456188202,1223.0,-2.04185069
12,3,1839,156672,-2.530773878097534,0.0004092704424510632,0.2,0.024170019,4880,-41.672048807144165,0.9355246424674988,0.318359375,-0.027783133162301965,0.004327920629293658,-0.03373594582080841,1223.0,-2.04278604
13,3,1832,157184,0.4527662992477417,0.0004092704424510632,0.2,0.008193081,4896,-41.69893169403076,0.9360038042068481,0.0111083984375,-0.004468775528948754,1.2746362276375294,0.08992858976125717,1223.0,-2.04278604
14,3,1826,157696,-0.769832968711853,0.0004092704424510632,0.2,0.016509727,4912,-41.69318604469299,0.9351632595062256,0.2279052734375,-0.026552030351012945,0.0031987734473659657,-0.03555065020918846,1223.0,-2.04278604
15,4,1830,158208,0.5738673210144043,0.0004092704424510632,0.2,0.017289035,4928,-41.67775321006775,0.9354541301727295,0.256103515625,-0.024401973190833814,0.01567538481322117,-0.026212986558675766,1223.0,-2.04127826
16,4,1839,158720,0.685309886932373,0.0004092704424510632,0.2,0.009432682,4944,-41.67082452774048,0.9350205659866333,0.029541015625,-0.007389254707959481,0.4597695032134652,0.02013348415493965,1223.0,-2.04127826
17,4,1861,159232,-8.07323932647705,0.0004092704424510632,0.2,0.017937679,4960,-41.67027735710144,0.9364259839057922,0.2279052734375,-0.020475828845519572,0.009332396628451534,-0.023501839488744736,1223.0,-2.0413387100000002
18,4,1878,159744,0.2070867419242859,0.0004092704424510632,0.2,0.00593004,4976,-41.724902391433716,0.9371466636657715,0.0247802734375,0.00023289739328902215,1.7736054491251707,0.08745624870061874,1223.0,-2.0413387100000002
19,5,1891,160256,-1.3296306133270264,0.0004092704424510632,0.2,0.017072497,4992,-41.72091567516327,0.9363939762115479,0.267333984375,-0.026729789926321246,0.005700908172002528,-0.04318222030997276,1223.0,-2.0416766400000004
20,5,1904,160768,0.4651126265525818,0.0004092704424510632,0.2,0.0074181003,5008,-41.69529116153717,0.9360288977622986,0.0281982421875,-0.00811000750400126,1.4113413328304887,0.09655072540044785,1223.0,-2.0416766400000004
21,5,1900,161280,-1.8410675525665283,0.0004092704424510632,0.2,0.013139876,5024,-41.69671452045441,0.9364569187164307,0.166015625,-0.016751190734794363,0.005579623411904322,-0.024184593930840492,1223.0,-2.0416766400000004
22,5,1902,161792,0.032150983810424805,0.0004092704424510632,0.2,0.018393543,5040,-41.72256517410278,0.9370346069335938,0.296875,-0.03003266264568083,0.0018591094703879207,-0.03734538331627846,1223.0,-2.03849853
23,6,1910,162304,0.42358648777008057,0.0004092704424510632,0.2,0.00897541,5056,-41.72694253921509,0.9371324777603149,0.0289306640625,-0.006596338789677247,1.1518207462504506,0.12956936657428741,1223.0,-2.03849853
24,6,1904,162816,-5.328029632568359,0.0004092704424510632,0.2,0.023122443,5072,-41.71853744983673,0.9365941882133484,0.2969970703125,-0.024636710877530277,0.015222644637105986,-0.031022483482956886,1223.0,-2.03691291
25,6,1895,163328,0.34281855821609497,0.0004092704424510632,0.2,0.0133924335,5088,-41.70548760890961,0.9362375140190125,0.0894775390625,-0.010198322721407749,1.2558809276670218,0.093808613717556,1223.0,-2.03691291
26,7,1890,163840,-0.8487746715545654,0.0004092704424510632,0.2,0.014823118,5104,-41.67006576061249,0.9339610934257507,0.2479248046875,-0.030613472627010196,0.007174638063588645,-0.04326384514570236,1223.0,-2.03691291
27,7,1883,164352,0.6244232058525085,0.0004092704424510632,0.2,0.016012799,5120,-41.60725510120392,0.9337669014930725,0.2479248046875,-0.02290205200552009,0.028784171445295215,-0.013379691168665886,1223.0,-2.03566571
28,7,1877,164864,0.6612597703933716,0.0004092704424510632,0.2,0.019612856,5136,-41.61591279506683,0.9338228106498718,0.108154296875,-0.013267113637994044,0.26340503722894937,0.006341647356748581,1223.0,-2.03566571
29,7,1871,165376,-6.696227550506592,0.0004092704424510632,0.2,0.01757513,5152,-41.6103515625,0.9336177706718445,0.2667236328125,-0.026443071918038186,0.006329396725050174,-0.03271447494626045,1223.0,-2.0341645799999997
30,8,1866,165888,0.3309115171432495,0.0004092704424510632,0.2,0.01221945,5168,-41.60741913318634,0.9336792826652527,0.030029296875,-0.007486304093617946,1.0019175899215043,0.09741631150245667,1223.0,-2.0341645799999997
31,8,1861,166400,-2.3155927658081055,0.0004092704424510632,0.2,0.019428825,5184,-41.57682418823242,0.9314634203910828,0.2689208984375,-0.03026479649997782,0.004315446814871393,-0.04664835333824158,1223.0,-2.0330337999999997
32,8,1856,166912,0.5778043270111084,0.0004092704424510632,0.2,0.009813817,5200,-41.517234683036804,0.9308745861053467,0.0460205078125,-0.007772310666041449,0.8460675361566246,0.12856322526931763,1223.0,-2.0330337999999997
33,9,1852,167424,-4.23370361328125,0.0004092704424510632,0.2,0.018635262,5216,-41.4711776971817,0.9279618263244629,0.2745361328125,-0.029865264397813007,0.006158364263683325,-0.04830123856663704,1223.0,-2.0330337999999997
34,9,1849,167936,0.26898717880249023,0.0004092704424510632,0.2,0.015764637,5232,-41.39334845542908,0.9272139668464661,0.277587890625,-0.02889095175487455,0.003089422680204734,-0.03524773195385933,1223.0,-2.03234288
35,9,1845,168448,0.5301556587219238,0.0004092704424510632,0.2,0.0071498044,5248,-41.38411569595337,0.9271079897880554,0.028564453125,-0.009683619573479518,0.9246343425475061,0.3647226393222809,1223.0,-2.03234288
36,10,1842,168960,-7.541536331176758,0.0004092704424510632,0.2,0.023063337,5264,-41.384018421173096,0.9272226095199585,0.2747802734375,-0.026149557830649428,0.03503807354718447,-0.023513585329055786,1223.0,-2.03103037
37,10,1839,169472,0.2975519895553589,0.0004092704424510632,0.2,0.011162597,5280,-41.375000953674316,0.9269350171089172,0.0714111328125,-0.0125721754739061,1.7784894430078566,0.3454068601131439,1223.0,-2.03103037
38,10,1835,169984,0.1323140263557434,0.0004092704424510632,0.2,0.015929855,5296,-41.358965158462524,0.9261272549629211,0.252197265625,-0.026789894502144307,0.003351476429088507,-0.03798849135637283,1223.0,-2.03103037
39,10,1832,170496,0.6991958022117615,0.0004092704424510632,0.2,0.010178296,5312,-41.34704101085663,0.9260076880455017,0.044677734375,-0.012990368399186991,0.6585817513987422,0.16324321925640106,1223.0,-2.0312781300000005
40,11,1830,171008,0.9678959846496582,0.0004092704424510632,0.2,0.025794445,5328,-41.35656201839447,0.9267691373825073,0.3094482421875,-0.02751327183796093,0.04213861050084233,-0.026081271469593048,1223.0,-2.0312781300000005
41,11,1827,171520,-2.073928117752075,0.0004092704424510632,0.2,0.018173574,5344,-41.369019508361816,0.9265255928039551,0.2799072265625,-0.024620390831842087,0.010940203748759814,-0.026984810829162598,1223.0,-2.0314611200000003
42,11,1825,172032,0.4418041706085205,0.0004092704424510632,0.2,0.01651258,5360,-41.35685348510742,0.9265555739402771,0.0911865234375,-0.019655388197861612,0.8210725211538374,0.13763877749443054,1223.0,-2.0314611200000003
43,12,1820,172544,-0.019137859344482422,0.0004092704424510632,0.2,0.01630101,5376,-41.36291790008545,0.9270459413528442,0.2738037109375,-0.022770401905290782,0.010883825802011415,-0.022469019517302513,1223.0,-2.03232558
44,12,1816,173056,0.6436930894851685,0.0004092704424510632,0.2,0.013614328,5392,-41.37318730354309,0.9269717931747437,0.0478515625,-0.009157663909718394,1.120326972566545,0.12346898764371872,1223.0,-2.03232558
45,12,1818,173568,-0.19929003715515137,0.0004092704424510632,0.2,0.01846722,5408,-41.357521176338196,0.9262022376060486,0.262451171875,-0.0245597964967601,0.006562767695868388,-0.03431197255849838,1223.0,-2.03232558
46,12,1816,174080,-0.07642936706542969,0.0004092704424510632,0.2,0.020377163,5424,-41.335012555122375,0.9263078570365906,0.29443359375,-0.02921061631059274,0.002339394988666754,-0.036005083471536636,1223.0,-2.03136396
47,13,1813,174592,0.3737823963165283,0.0004092704424510632,0.2,0.0063623176,5440,-41.34666407108307,0.926474928855896,0.0118408203125,-0.0039059759219526313,1.1845290928613394,0.07983599603176117,1223.0,-2.03136396
48,13,1812,175104,-7.434832572937012,0.0004092704424510632,0.2,0.016664237,5456,-41.35282301902771,0.9271507859230042,0.2320556640625,-0.021071238472359255,0.0035794186187558807,-0.024158332496881485,1223.0,-2.03079943
49,13,1810,175616,0.20120912790298462,0.0004092704424510632,0.2,0.005559006,5472,-41.375879883766174,0.9274212121963501,0.01171875,-0.004631290619727224,2.0477581582963467,0.08706528693437576,1223.0,-2.03079943
50,14,1808,176128,-0.3071463108062744,0.0004092704424510632,0.2,0.017995873,5488,-41.39484119415283,0.9285141825675964,0.246826171875,-0.027135488810017705,0.005392576742451638,-0.03999624773859978,1223.0,-2.02941515
51,14,1807,176640,0.4966791272163391,0.0004092704424510632,0.2,0.007404821,5504,-41.42538106441498,0.9288945198059082,0.01953125,-0.007108534671715461,1.5107101243920624,0.07405858486890793,1223.0,-2.02941515
52,14,1804,177152,-1.4204015731811523,0.0004092704424510632,0.2,0.012494697,5520,-41.42812728881836,0.9288630485534668,0.211669921875,-0.02170051686698571,0.0028977679030504078,-0.03252000734210014,1223.0,-2.02941515
53,15,1802,177664,0.2404434084892273,0.0004092704424510632,0.2,0.023517065,5536,-41.41583287715912,0.9281172752380371,0.3114013671875,-0.03114767490478698,0.003015958129253704,-0.04189978539943695,1223.0,-2.02768191
54,15,1800,178176,0.5672694444656372,0.0004092704424510632,0.2,0.015049882,5552,-41.40002882480621,0.9278939366340637,0.0770263671875,-0.011287935529253446,0.7723103808239102,0.12162281572818756,1223.0,-2.02768191
55,15,1798,178688,-4.613320350646973,0.0004092704424510632,0.2,0.025242157,5568,-41.402995467185974,0.928314208984375,0.3143310546875,-0.031239710267982446,0.003539549321430968,-0.03866206854581833,1223.0,-2.0278664
56,15,1797,179200,0.3618202805519104,0.0004092704424510632,0.2,0.005428088,5584,-41.405447363853455,0.9283933043479919,0.0152587890625,-0.005909983301535249,1.5238474481739104,0.1292589157819748,1223.0,-2.0278664
57,16,1796,179712,-2.364936113357544,0.0004092704424510632,0.2,0.015965069,5600,-41.43204724788666,0.930522620677948,0.258056640625,-0.025566131167579442,0.005691432099411031,-0.033636391162872314,1223.0,-2.0278664
58,16,1794,180224,0.5401864051818848,0.0004092704424510632,0.2,0.01807487,5616,-41.484766721725464,0.9306017756462097,0.230712890625,-0.021282661298755556,0.004472391490708105,-0.024276601150631905,1223.0,-2.02784752
59,16,1794,180736,0.4983777403831482,0.0004092704424510632,0.2,0.008274451,5632,-41.4677392244339,0.930339515209198,0.0338134765625,-0.011990525832516141,0.8757925978861749,0.02714267373085022,1223.0,-2.02784752
60,17,1794,181248,-7.999314308166504,0.0004092704424510632,0.2,0.020175565,5648,-41.48421084880829,0.9319726228713989,0.2176513671875,-0.020528676541289315,0.020147097602603026,-0.028349092230200768,1223.0,-2.0268726700000004
61,17,1794,181760,0.15304380655288696,0.0004092704424510632,0.2,0.007957274,5664,-41.53860342502594,0.9325812458992004,0.04052734375,-0.0047405831865035,1.5798391862772405,0.15212193131446838,1223.0,-2.0268726700000004
62,17,1794,182272,-1.9446985721588135,0.0004092704424510632,0.2,0.020720018,5680,-41.51228141784668,0.9304083585739136,0.270263671875,-0.02653352325432934,0.006285656687396113,-0.033995866775512695,1223.0,-2.02562689
63,17,1794,182784,0.5664291977882385,0.0004092704424510632,0.2,0.010895669,5696,-41.450319051742554,0.9297787547111511,0.07421875,-0.013275111123220995,1.2266641049645841,0.12631778419017792,1223.0,-2.02562689
64,18,1793,183296,-1.243579626083374,0.0004092704424510632,0.2,0.018795071,5712,-41.44928050041199,0.9305282235145569,0.2666015625,-0.02456451306352392,0.0037177341655478813,-0.023511718958616257,1223.0,-2.02562689
65,18,1793,183808,0.019772589206695557,0.0004092704424510632,0.2,0.018607419,5728,-41.48419141769409,0.9324730634689331,0.267333984375,-0.03166274121031165,0.0029046853669569828,-0.04995725303888321,1223.0,-2.02336482
66,18,1793,184320,0.5096375942230225,0.0004092704424510632,0.2,0.0040132543,5744,-41.531121373176575,0.9331194758415222,0.0064697265625,-0.0032288639195030555,1.3548434036783874,0.37269797921180725,1223.0,-2.02336482
67,19,1795,184832,-5.575323581695557,0.0004092704424510632,0.2,0.020419624,5760,-41.538265109062195,0.9335422515869141,0.25048828125,-0.02676270587835461,0.019801447255304083,-0.03430383279919624,1223.0,-2.02575008
68,19,1798,185344,0.3964746594429016,0.0004092704424510632,0.2,0.006589161,5776,-41.55439233779907,0.9337201714515686,0.0220947265625,-0.0034458093432476744,1.3183575230650604,0.16324232518672943,1223.0,-2.02575008
69,19,1798,185856,-0.9235916137695312,0.0004092704424510632,0.2,0.017867273,5792,-41.550594449043274,0.9332137703895569,0.2816162109375,-0.02926647666026838,0.003202537634933833,-0.03350403532385826,1223.0,-2.02575008
70,19,1797,186368,0.6459547281265259,0.0004092704424510632,0.2,0.014605911,5808,-41.526124000549316,0.9327071905136108,0.2152099609375,-0.02185364338220097,0.07447410479653627,-0.0016107261180877686,1223.0,-2.02585641
71,20,1797,186880,0.8125633001327515,0.0004092704424510632,0.2,0.025210723,5824,-41.505144476890564,0.9321241974830627,0.1776123046875,-0.01943697512615472,0.22089805599534884,-0.019938234239816666,1223.0,-2.02585641
72,20,1798,187392,-2.3517727851867676,0.0004092704424510632,0.2,0.021522388,5840,-41.4894495010376,0.9320732951164246,0.2730712890625,-0.02241519595554564,0.022306483559077606,-0.02993708662688732,1223.0,-2.0267512599999997
73,20,1801,187904,0.493012011051178,0.0004092704424510632,0.2,0.012695877,5856,-41.48656761646271,0.9320778250694275,0.07421875,-0.011955140878853854,1.2503154957666993,0.09133763611316681,1223.0,-2.0267512599999997
74,21,1800,188416,-2.049626588821411,0.0004092704424510632,0.2,0.021728128,5872,-41.49831414222717,0.9332070350646973,0.294189453125,-0.026614869537297636,0.0029941279099148232,-0.04515095427632332,1223.0,-2.02555326
75,21,1799,188928,0.6068809032440186,0.0004092704424510632,0.2,0.012966939,5888,-41.521623969078064,0.9335664510726929,0.0677490234375,-0.01324859716987703,1.0409592427313328,0.19889208674430847,1223.0,-2.02555326
76,21,1799,189440,-1.2074816226959229,0.0004092704424510632,0.2,0.019390864,5904,-41.51500582695007,0.9329307675361633,0.281005859375,-0.027739758341340348,0.0023507532459916547,-0.03234757483005524,1223.0,-2.02555326
77,21,1799,189952,0.2360384464263916,0.0004092704424510632,0.2,0.01573877,5920,-41.47680473327637,0.9315378069877625,0.25341796875,-0.029418463353067636,0.004024848843982909,-0.03849399834871292,1223.0,-2.02665711
78,22,1797,190464,0.557671070098877,0.0004092704424510632,0.2,0.00711516,5936,-41.442049503326416,0.9310299754142761,0.0272216796875,-0.006218692928086966,0.9435486071743071,0.07479823380708694,1223.0,-2.02665711
79,22,1796,190976,-4.200507640838623,0.0004092704424510632,0.2,0.022695571,5952,-41.44010770320892,0.9316204190254211,0.2796630859375,-0.02661168298800476,0.009323037971626036,-0.033451490104198456,1223.0,-2.02755751
80,22,1795,191488,0.41288769245147705,0.0004092704424510632,0.2,0.007403721,5968,-41.45275664329529,0.931816577911377,0.0311279296875,-0.008171394692908507,1.6177916154265404,0.08665047585964203,1223.0,-2.02755751
81,23,1798,192000,-0.026365995407104492,0.0004092704424510632,0.2,0.016543481,5984,-41.450058460235596,0.9317015409469604,0.2562255859375,-0.027593011094722897,0.01286826969590038,-0.030328787863254547,1223.0,-2.02755751
82,23,1797,192512,0.6830458045005798,0.0004092704424510632,0.2,0.01550963,6000,-41.433106780052185,0.9314991235733032,0.057861328125,-0.00779850273829652,0.6816608607769012,0.15172241628170013,1223.0,-2.0264641
83,23,1796,193024,0.9699193239212036,0.0004092704424510632,0.2,0.03671035,6016,-41.41565454006195,0.9301795959472656,0.3475341796875,-0.024908605992095545,0.035418424420640804,-0.03133954852819443,1223.0,-2.0264641
84,23,1795,193536,-0.5986202955245972,0.0004092704424510632,0.2,0.016289562,6032,-41.36738157272339,0.9294925928115845,0.2689208984375,-0.025930350835551508,0.012441619153833017,-0.025268429890275,1223.0,-2.02716824
85,24,1794,194048,0.6401071548461914,0.0004092704424510632,0.2,0.0043501183,6048,-41.35927736759186,0.9293085932731628,0.0091552734375,-0.006311940560408402,1.2763384729623795,0.15798500180244446,1223.0,-2.02716824
86,24,1793,194560,-1.2711143493652344,0.0004092704424510632,0.2,0.022786923,6064,-41.369354248046875,0.9302141666412354,0.31640625,-0.02822551964345621,0.009280163882067427,-0.037682849913835526,1223.0,-2.02806848
87,24,1792,195072,0.6263550519943237,0.0004092704424510632,0.2,0.008439153,6080,-41.40405511856079,0.9304078221321106,0.0482177734375,-0.006183037941809744,1.404353791847825,0.32995250821113586,1223.0,-2.02806848
88,25,1793,195584,-0.4389380216598511,0.0004092704424510632,0.2,0.019014377,6096,-41.3732488155365,0.9279582500457764,0.281005859375,-0.03015839503495954,0.008958133650594391,-0.04223410785198212,1223.0,-2.02806848
89,25,1792,196096,0.4364664554595947,0.0004092704424510632,0.2,0.018430926,6112,-41.30458962917328,0.9278491735458374,0.3009033203125,-0.03433509742899332,0.009689368220278993,-0.042472925037145615,1223.0,-2.0268874900000005
90,25,1790,196608,0.6673905849456787,0.0004092704424510632,0.2,0.0060070474,6128,-41.31052589416504,0.928097665309906,0.0240478515625,-0.003165040470776148,0.8673816930968314,0.13515214622020721,1223.0,-2.0268874900000005
91,26,1790,197120,-5.995106220245361,0.0004092704424510632,0.2,0.021571374,6144,-41.327974796295166,0.9296919703483582,0.331298828125,-0.03186366677982733,0.003653743740869686,-0.03569510206580162,1223.0,-2.0267355400000002
92,26,1790,197632,0.31486082077026367,0.0004092704424510632,0.2,0.009706281,6160,-41.374335289001465,0.9302149415016174,0.054443359375,-0.00651497466606088,1.277373735792935,0.12265676259994507,1223.0,-2.0267355400000002
93,26,1787,198144,-0.07425284385681152,0.0004092704424510632,0.2,0.015633225,6176,-41.37287485599518,0.9299480319023132,0.2509765625,-0.021141495541087352,0.003917128502507694,-0.0267658568918705,1223.0,-2.0262188500000002
94,26,1786,198656,0.6991904973983765,0.0004092704424510632,0.2,0.0075251865,6192,-41.36418676376343,0.9298568367958069,0.0185546875,-0.00395281397504732,1.4360285643488169,0.2123451977968216,1223.0,-2.0262188500000002
95,27,1787,199168,-2.8955276012420654,0.0004092704424510632,0.2,0.021017028,6208,-41.34487557411194,0.928348183631897,0.2745361328125,-0.03258108803856885,0.00490077372523956,-0.040717922151088715,1223.0,-2.0262188500000002
96,27,1786,199680,0.1535159945487976,0.0004092704424510632,0.2,0.014575945,6224,-41.306447863578796,0.9283461570739746,0.23046875,-0.019011462936759926,0.0020488911322900094,-0.02973841316998005,1223.0,-2.0264988600000002
97,27,1785,200192,0.5005233287811279,0.0004092704424510632,0.2,0.011232253,6240,-41.31182014942169,0.9282728433609009,0.0494384765625,-0.014054365834454075,1.2869330011308193,0.12857946753501892,1223.0,-2.0264988600000002
98,28,1784,200704,-3.0062222480773926,0.0004092704424510632,0.2,0.024748981,6256,-41.3307968378067,0.9301607608795166,0.3094482421875,-0.02755567221902311,0.00432663582614623,-0.0362718440592289,1223.0,-2.02559556
99,28,1784,201216,0.47794896364212036,0.0004092704424510632,0.2,0.007852446,6272,-41.38127827644348,0.930803656578064,0.0185546875,-0.006632590899243951,1.712851108983159,0.10285055637359619,1223.0,-2.02559556
100,28,1786,201728,-0.439034104347229,0.0004092704424510632,0.2,0.01980365,6288,-41.37904441356659,0.9300628900527954,0.27783203125,-0.030965631740400568,0.003572538851585705,-0.05165860429406166,1223.0,-2.02559556
101,28,1785,202240,0.6334868669509888,0.0004092704424510632,0.2,0.01730354,6304,-41.356322169303894,0.9295998811721802,0.2398681640625,-0.020822078266064636,0.04077792924363166,-0.008865755051374435,1223.0,-2.0258642
102,29,1784,202752,0.7821815609931946,0.0004092704424510632,0.2,0.016840316,6320,-41.34595715999603,0.9295051097869873,0.0570068359375,-0.011104938683274668,0.4315353056881577,0.10856533795595169,1223.0,-2.0258642
103,29,1785,203264,-8.175389289855957,0.0004092704424510632,0.2,0.02306531,6336,-41.34752154350281,0.9297923445701599,0.287109375,-0.02645967474381905,0.005423364251328167,-0.04181080311536789,1223.0,-2.02549042
104,29,1784,203776,0.317807674407959,0.0004092704424510632,0.2,0.01023088,6352,-41.34333944320679,0.9297629594802856,0.0594482421875,-0.01063327273732284,1.5730766747146845,0.10103000700473785,1223.0,-2.02549042
105,30,1784,204288,-3.2436866760253906,0.0004092704424510632,0.2,0.026696954,6368,-41.34565186500549,0.9303759932518005,0.2613525390625,-0.022520828380947933,0.012032865502987988,-0.017160635441541672,1223.0,-2.0246980299999997
106,30,1784,204800,0.5190404653549194,0.0004092704424510632,0.2,0.0065302234,6384,-41.368927121162415,0.9308667778968811,0.0126953125,-0.003286228806246072,1.8248631679452956,0.1368061900138855,1223.0,-2.0246980299999997
107,30,1783,205312,-1.4204752445220947,0.0004092704424510632,0.2,0.022701334,6400,-41.353577613830566,0.9290979504585266,0.3258056640625,-0.035870061357854865,0.0027026609423046466,-0.035800982266664505,1223.0,-2.0246980299999997
108,31,1782,205824,-0.016486525535583496,0.0004092704424510632,0.2,0.018299658,6416,-41.29166579246521,0.9279453754425049,0.25390625,-0.025679767975816503,0.002842402824171586,-0.04175221547484398,1223.0,-2.0258432600000003
109,31,1782,206336,0.5089706182479858,0.0004092704424510632,0.2,0.00588712,6432,-41.27414810657501,0.9280129075050354,0.0115966796875,-0.008886302617611364,1.6197370705194771,0.3580666184425354,1223.0,-2.0258432600000003
110,31,1781,206848,-3.755617618560791,0.0004092704424510632,0.2,0.016917571,6448,-41.2426483631134,0.9256119132041931,0.2510986328125,-0.026929115956590977,0.017475865577580407,-0.028447836637496948,1223.0,-2.02761335
111,31,1781,207360,0.4506964087486267,0.0004092704424510632,0.2,0.006826491,6464,-41.16645336151123,0.9248006939888,0.028076171875,-0.00542978843441233,1.6710724951699376,0.3355185091495514,1223.0,-2.02761335
112,32,1781,207872,-1.0288279056549072,0.0004092704424510632,0.2,0.016513087,6480,-41.19169223308563,0.9269010424613953,0.24658203125,-0.025323026231490076,0.008756641123909503,-0.03215911611914635,1223.0,-2.02761335
113,32,1780,208384,0.661258339881897,0.0004092704424510632,0.2,0.015974779,6496,-41.249654054641724,0.9272275567054749,0.1248779296875,-0.017176475754240528,0.22665833309292793,0.05827004462480545,1223.0,-2.02787921
114,32,1780,208896,0.8761316537857056,0.0004092704424510632,0.2,0.030660879,6512,-41.24262738227844,0.9270118474960327,0.1683349609375,-0.014871450432110578,0.1932274728314951,-0.004224369302392006,1223.0,-2.02787921
115,33,1779,209408,-3.969843864440918,0.0004092704424510632,0.2,0.02275898,6528,-41.25179922580719,0.927445650100708,0.291748046875,-0.02695143481832929,0.022056729561882094,-0.03912995755672455,1223.0,-2.0278992099999997
116,33,1780,209920,0.4245678186416626,0.0004092704424510632,0.2,0.006422811,6544,-41.26162338256836,0.9274095296859741,0.028564453125,-0.001962042078957893,1.8506072452291846,0.33489519357681274,1223.0,-2.0278992099999997
117,33,1779,210432,-3.1615681648254395,0.0004092704424510632,0.2,0.020807248,6560,-41.25584399700165,0.9267615079879761,0.2904052734375,-0.02955641271546483,0.00460769678466022,-0.030899280682206154,1223.0,-2.0286464300000002
118,33,1778,210944,0.5727909803390503,0.0004092704424510632,0.2,0.01342539,6576,-41.250667095184326,0.9265245199203491,0.0765380859375,-0.011682775089866482,1.017955563031137,0.2379079908132553,1223.0,-2.0286464300000002
119,34,1777,211456,-0.9555906057357788,0.0004092704424510632,0.2,0.016670927,6592,-41.24160623550415,0.9261515736579895,0.2496337890625,-0.02697171647741925,0.003071330072998535,-0.03362858295440674,1223.0,-2.0286464300000002
120,34,1776,211968,0.4437307119369507,0.0004092704424510632,0.2,0.015973024,6608,-41.216785192489624,0.924954354763031,0.2789306640625,-0.02651087004051078,0.008768521758611314,-0.024165460839867592,1223.0,-2.0290457500000003
121,34,1775,212480,0.685908317565918,0.0004092704424510632,0.2,0.010910988,6624,-41.185179591178894,0.9247756004333496,0.046142578125,-0.008091195108136162,1.0407340773381293,0.10082283616065979,1223.0,-2.0290457500000003
122,35,1773,212992,-7.780269622802734,0.0004092704424510632,0.2,0.021815434,6640,-41.185235142707825,0.9248208403587341,0.27685546875,-0.03068493420141749,0.009918555791955441,-0.039055995643138885,1223.0,-2.02733681
123,35,1773,213504,0.28461891412734985,0.0004092704424510632,0.2,0.006853938,6656,-41.191328167915344,0.9247797727584839,0.025146484375,-0.00658841164840851,1.2937004882842302,0.1796499490737915,1223.0,-2.02733681
124,35,1773,214016,-0.0692833662033081,0.0004092704424510632,0.2,0.016896324,6672,-41.17065346240997,0.9233492612838745,0.271728515625,-0.029729862581007183,0.0030102851596893743,-0.02920457534492016,1223.0,-2.02733681
125,36,1773,214528,0.6782939434051514,0.0004092704424510632,0.2,0.006340298,6688,-41.12070608139038,0.9227052330970764,0.01953125,-0.006574445971637033,1.1774848382920027,0.1965477168560028,1223.0,-2.02767044
126,36,1772,215040,0.9781941771507263,0.0004092704424510632,0.2,0.03242354,6704,-41.08615303039551,0.9210638403892517,0.353271484375,-0.025391950242919847,0.027843172414577566,-0.025404520332813263,1223.0,-2.02767044
127,36,1772,215552,-1.3303570747375488,0.0004092704424510632,0.2,0.019293606,6720,-41.02655053138733,0.9192124009132385,0.2626953125,-0.028664943878538907,0.00865196919767186,-0.02745329588651657,1223.0,-2.0277837799999996
128,36,1774,216064,0.5986147522926331,0.0004092704424510632,0.2,0.0076447525,6736,-40.983155727386475,0.9187594652175903,0.035400390625,-0.008390291768591851,1.4025787031278014,0.16769996285438538,1223.0,-2.0277837799999996
129,37,1774,216576,0.07210707664489746,0.0004092704424510632,0.2,0.029469606,6752,-40.981817841529846,0.9192742705345154,0.340087890625,-0.03607074424508028,0.021320671890862286,-0.03930343687534332,1223.0,-2.02574846
130,37,1776,217088,0.807774543762207,0.0004092704424510632,0.2,0.0073739467,6768,-41.001641273498535,0.9195464849472046,0.0382080078125,-0.004987924185115844,1.6334615647792816,0.4135540723800659,1223.0,-2.02574846
131,37,1775,217600,-3.3169732093811035,0.0004092704424510632,0.2,0.021666726,6784,-41.02143406867981,0.9206885099411011,0.2769775390625,-0.024556437114370055,0.007417266082484275,-0.02083548903465271,1223.0,-2.02574846
132,38,1775,218112,0.49699944257736206,0.0004092704424510632,0.2,0.021051276,6800,-41.038349986076355,0.9197761416435242,0.2918701171875,-0.02749946972471662,0.005732254983740859,-0.033469825983047485,1223.0,-2.02376715
133,38,1775,218624,0.6223427057266235,0.0004092704424510632,0.2,0.0029907273,6816,-41.00976741313934,0.9193906188011169,0.002197265625,-0.0003441869339440018,0.9905336752999574,0.07105385512113571,1223.0,-2.02376715
134,38,1774,219136,-5.193272113800049,0.0004092704424510632,0.2,0.017809983,6832,-41.01313066482544,0.9195975661277771,0.248046875,-0.023299599095480517,0.006302979927568231,-0.026720495894551277,1223.0,-2.0231285999999997
135,38,1774,219648,0.379263699054718,0.0004092704424510632,0.2,0.004891038,6848,-41.02508735656738,0.9195302724838257,0.008544921875,-0.0035297646245453507,1.7120772902853787,0.20684057474136353,1223.0,-2.0231285999999997
136,39,1775,220160,-0.16571509838104248,0.0004092704424510632,0.2,0.022627588,6864,-41.00211846828461,0.9180412888526917,0.269287109375,-0.026431349862832576,0.0030592011353292037,-0.0448991060256958,1223.0,-2.0246904499999996
137,39,1775,220672,0.6729264855384827,0.0004092704424510632,0.2,0.011978757,6880,-40.96871471405029,0.9178754687309265,0.0672607421875,-0.007536393459304236,1.5142382252961397,0.21457567811012268,1223.0,-2.0246904499999996
138,39,1774,221184,-1.4355015754699707,0.0004092704424510632,0.2,0.0138312,6896,-41.01248371601105,0.9209422469139099,0.2325439453125,-0.02141320014197845,0.003552651633071946,-0.0367828793823719,1223.0,-2.0246904499999996
139,40,1774,221696,0.17370688915252686,0.0004092704424510632,0.2,0.018662691,6912,-41.08182621002197,0.9212384819984436,0.26904296875,-0.027535342363989912,0.0019157414390065242,-0.04033353552222252,1223.0,-2.0237506499999998
140,40,1774,222208,0.34875190258026123,0.0004092704424510632,0.2,0.0036689425,6928,-41.063395500183105,0.9209765195846558,0.007080078125,-0.0012451894835976418,1.7974728788249195,0.11165524274110794,1223.0,-2.0237506499999998
141,40,1774,222720,-2.997347831726074,0.0004092704424510632,0.2,0.02144112,6944,-41.0744571685791,0.9221656322479248,0.275146484375,-0.03044552990468219,0.009879915502096992,-0.03180840238928795,1223.0,-2.02412709
142,40,1774,223232,0.41606396436691284,0.0004092704424510632,0.2,0.007045532,6960,-41.098532915115356,0.9225067496299744,0.047119140625,-0.0012548808590508997,1.8138844752684236,0.1322278082370758,1223.0,-2.02412709
143,41,1774,223744,-2.232353925704956,0.0004092704424510632,0.2,0.015307969,6976,-41.109999656677246,0.9232727885246277,0.2413330078125,-0.02522951462015044,0.005871015520824585,-0.03750039264559746,1223.0,-2.02412709
144,41,1774,224256,0.641411304473877,0.0004092704424510632,0.2,0.015742667,6992,-41.133830308914185,0.923628032207489,0.2288818359375,-0.02619823488930706,0.010232897708192468,-0.04312429204583168,1223.0,-2.0233747600000003
145,41,1774,224768,0.6433134078979492,0.0004092704424510632,0.2,0.010843597,7008,-41.11868906021118,0.923454999923706,0.0467529296875,-0.007926234058686532,0.6048523096833378,0.028404805809259415,1223.0,-2.0233747600000003
146,42,1774,225280,-7.7284040451049805,0.0004092704424510632,0.2,0.01716537,7024,-41.14073991775513,0.9253156185150146,0.227783203125,-0.021683773476979695,0.006597287552722264,-0.03439633175730705,1223.0,-2.02372513
147,42,1773,225792,0.29590481519699097,0.0004092704424510632,0.2,0.005223821,7040,-41.181668639183044,0.925751268863678,0.0234375,-0.005968902070890181,2.6098990431055427,0.08964329957962036,1223.0,-2.02372513
1,0,3967,226304,-2.8914732933044434,0.0004092704424510632,0.2,0.01601188,7056,-41.15181362628937,0.9235382676124573,0.2464599609375,-0.025422961625736207,0.005201715419389075,-0.03923843801021576,1223.0,-2.0256675599999996
2,0,2375,226816,0.5339230298995972,0.0004092704424510632,0.2,0.00713302,7072,-41.082627058029175,0.9228165149688721,0.0240478515625,-0.005430886893009301,1.8886773446574807,0.23438799381256104,1223.0,-2.0256675599999996
3,0,2135,227328,-1.2170419692993164,0.0004092704424510632,0.2,0.016059235,7088,-41.10898220539093,0.9258562326431274,0.257080078125,-0.02894618915161118,0.0031254308159986977,-0.04929526150226593,1223.0,-2.0256675599999996
4,1,1999,227840,-0.2735198736190796,0.0004092704424510632,0.2,0.019289706,7104,-41.17464280128479,0.92611163854599,0.287353515625,-0.029545364115620032,0.002798044490191387,-0.03170737251639366,1223.0,-2.0277999999999996
5,1,1966,228352,0.5030865669250488,0.0004092704424510632,0.2,0.005121869,7120,-41.16002893447876,0.9258080720901489,0.00537109375,-0.0021604011926683597,1.6730900355614722,0.0831446573138237,1223.0,-2.0277999999999996
6,1,1924,228864,-1.6338846683502197,0.0004092704424510632,0.2,0.01960596,7136,-41.105982303619385,0.9220308065414429,0.28759765625,-0.02873868416645564,0.011252107564359903,-0.03002779185771942,1223.0,-2.0291098499999998
7,1,1875,229376,0.505897581577301,0.0004092704424510632,0.2,0.004266865,7152,-41.01459312438965,0.9209125638008118,0.0064697265625,-0.003272798450780101,1.961546222679317,0.42975282669067383,1223.0,-2.0291098499999998
8,2,1846,229888,-1.050990343093872,0.0004092704424510632,0.2,0.018761303,7168,-40.98930883407593,0.9195319414138794,0.2562255859375,-0.024148762167897075,0.008053258221480064,-0.035619646310806274,1223.0,-2.0291098499999998
9,2,1858,230400,0.679088830947876,0.0004092704424510632,0.2,0.023291515,7184,-40.96701371669769,0.9191321134567261,0.2847900390625,-0.02338832034729421,0.21666126139461994,0.0752091109752655,1223.0,-2.02996456
10,2,1843,230912,0.8186036348342896,0.0004092704424510632,0.2,0.029736388,7200,-40.95943748950958,0.9190738201141357,0.1651611328125,-0.016005118312023114,0.18716024776222184,-0.01781928539276123,1223.0,-2.02996456
11,3,1832,231424,-1.8199124336242676,0.0004092704424510632,0.2,0.017954243,7216,-40.91543674468994,0.9156696796417236,0.244384765625,-0.02710401026706677,0.04691885027568787,-0.02178516611456871,1223.0,-2.03124058
12,3,1847,231936,0.7469632625579834,0.0004092704424510632,0.2,0.008650766,7232,-40.81566560268402,0.9142701625823975,0.0313720703125,-0.004707403357315343,1.6586394347250462,0.4302065372467041,1223.0,-2.03124058
13,3,1833,232448,-3.2422852516174316,0.0004092704424510632,0.2,0.015205823,7248,-40.79172325134277,0.9135192632675171,0.2330322265625,-0.026008490094682202,0.006019573105731979,-0.03215298801660538,1223.0,-2.0318024500000003
14,3,1828,232960,0.40018051862716675,0.0004092704424510632,0.2,0.0044866237,7264,-40.77819085121155,0.9133085012435913,0.0101318359375,0.002129055545083247,1.9637938337400556,0.15357370674610138,1223.0,-2.0318024500000003
15,4,1817,233472,-1.416830062866211,0.0004092704424510632,0.2,0.016457926,7280,-40.75230526924133,0.9116259813308716,0.2353515625,-0.024319631862454116,0.005825918418850051,-0.03053342178463936,1223.0,-2.0318024500000003
16,4,1823,233984,0.3156268000602722,0.0004092704424510632,0.2,0.016090488,7296,-40.67871153354645,0.9092799425125122,0.2646484375,-0.025411201204406098,0.0022236450386117212,-0.03628957271575928,1223.0,-2.03072814
17,4,1815,234496,0.4721601605415344,0.0004092704424510632,0.2,0.005135811,7312,-40.61496686935425,0.9085067510604858,0.013671875,-0.0023862830130383372,1.611730558797717,0.13700337707996368,1223.0,-2.03072814
18,5,1820,235008,-5.633687973022461,0.0004092704424510632,0.2,0.020617086,7328,-40.58132994174957,0.9070168733596802,0.292236328125,-0.026516488200286403,0.004581769870128483,-0.03835247457027435,1223.0,-2.0296403499999998
19,5,1813,235520,0.41440850496292114,0.0004092704424510632,0.2,0.0036119777,7344,-40.53541076183319,0.9065515995025635,0.0032958984375,-0.00123818564316025,1.7085082335397601,0.16385357081890106,1223.0,-2.0296403499999998
20,5,1806,236032,-1.0205202102661133,0.0004092704424510632,0.2,0.021927387,7360,-40.50686752796173,0.9049965143203735,0.2791748046875,-0.02692286195815541,0.003129982520476915,-0.049147430807352066,1223.0,-2.0296403499999998
21,5,1800,236544,0.577908456325531,0.0004092704424510632,0.2,0.007111056,7376,-40.463112235069275,0.9046084880828857,0.0296630859375,-0.0038690572255291045,1.014933536760509,0.1719375103712082,1223.0,-2.0296698299999996
22,6,1811,237056,0.9531974792480469,0.0004092704424510632,0.2,0.03163621,7392,-40.46521461009979,0.9049145579338074,0.3194580078125,-0.022088113677455112,0.0396894300065469,-0.023032259196043015,1223.0,-2.0296698299999996
23,6,1806,237568,-0.5835973024368286,0.0004092704424510632,0.2,0.018062573,7408,-40.48902094364166,0.9057890176773071,0.2861328125,-0.026436800661031157,0.011419485847000033,-0.041930489242076874,1223.0,-2.02955323
24,6,1803,238080,0.6966761350631714,0.0004092704424510632,0.2,0.0071890582,7424,-40.513187766075134,0.9059866070747375,0.0113525390625,-0.0009750743338372558,1.1147278808057308,0.3060833215713501,1223.0,-2.02955323
25,7,1800,238592,-0.28306782245635986,0.0004092704424510632,0.2,0.022817172,7440,-40.51325798034668,0.9056971669197083,0.321533203125,-0.03011795586644439,0.008982191793620586,-0.04811062663793564,1223.0,-2.03053766
26,7,1798,239104,0.7336652278900146,0.0004092704424510632,0.2,0.008238687,7456,-40.50786590576172,0.9054173231124878,0.02978515625,-0.007159086082538124,1.1632587229833007,0.4001290500164032,1223.0,-2.03053766
27,7,1801,239616,-2.35089373588562,0.0004092704424510632,0.2,0.015308002,7472,-40.49425482749939,0.9050066471099854,0.243896484375,-0.024938294111052528,0.005397247754444834,-0.031569089740514755,1223.0,-2.03053766
28,7,1798,240128,0.50865238904953,0.0004092704424510632,0.2,0.02191513,7488,-40.47620642185211,0.9044464826583862,0.2677001953125,-0.026112959581951145,0.006471549975685775,-0.027990270406007767,1223.0,-2.0315424199999996
29,8,1796,240640,0.6112461090087891,0.0004092704424510632,0.2,0.0038480146,7504,-40.45613408088684,0.9041675329208374,0.004638671875,-0.0044602562848012894,1.06695079873316,0.14364859461784363,1223.0,-2.0315424199999996
30,8,1801,241152,-3.3076939582824707,0.0004092704424510632,0.2,0.020925932,7520,-40.43098199367523,0.9024760127067566,0.259765625,-0.024625748628750443,0.004318897423218004,-0.03566942363977432,1223.0,-2.03049548
31,8,1800,241664,0.4307260513305664,0.0004092704424510632,0.2,0.0052702874,7536,-40.38049328327179,0.9018928408622742,0.0257568359375,0.002450435044011101,1.9585903622210026,0.17918245494365692,1223.0,-2.03049548
32,9,1798,242176,-0.5826388597488403,0.0004092704424510632,0.2,0.017511286,7552,-40.37611389160156,0.9023183584213257,0.310791015625,-0.03231236251303926,0.0024968002289824653,-0.04521116241812706,1223.0,-2.0290165599999996
33,9,1797,242688,0.6537230014801025,0.0004092704424510632,0.2,0.0026558812,7568,-40.37367820739746,0.9023939967155457,0.0013427734375,-0.0019982175435870886,1.5480407048016787,0.2565150260925293,1223.0,-2.0290165599999996
34,9,1796,243200,-1.1325623989105225,0.0004092704424510632,0.2,0.01854248,7584,-40.360244393348694,0.9017856121063232,0.2838134765625,-0.028600844132597558,0.003272122634371044,-0.0378606878221035,1223.0,-2.0290165599999996
35,9,1796,243712,0.31942152976989746,0.0004092704424510632,0.2,0.017300993,7600,-40.31470215320587,0.90071702003479,0.24609375,-0.025088649505050853,0.003959207424486522,-0.030553406104445457,1223.0,-2.02951929
36,10,1796,244224,0.6448606252670288,0.0004092704424510632,0.2,0.0046145148,7616,-40.2890465259552,0.9005928039550781,0.01220703125,-0.0020096833613933995,1.432504028081894,0.3318619132041931,1223.0,-2.02951929
37,10,1797,244736,-2.088313341140747,0.0004092704424510632,0.2,0.01785326,7632,-40.30610799789429,0.9023865461349487,0.2431640625,-0.024884747457690537,0.0033810446184361354,-0.032436639070510864,1223.0,-2.02750112
38,10,1798,245248,0.46209198236465454,0.0004092704424510632,0.2,0.005630191,7648,-40.34796488285065,0.9029521942138672,0.02099609375,-0.0020120915141887963,2.1330016162246466,0.42677077651023865,1223.0,-2.02750112
39,11,1798,245760,-2.4381253719329834,0.0004092704424510632,0.2,0.018728472,7664,-40.34606754779816,0.9026175737380981,0.2578125,-0.027619118336588144,0.003854465678159613,-0.03312138468027115,1223.0,-2.02750112
40,11,1798,246272,0.6416816711425781,0.0004092704424510632,0.2,0.018785989,7680,-40.31399714946747,0.9002231359481812,0.3048095703125,-0.03107816615374759,0.02525207749567926,-0.026151932775974274,1223.0,-2.02671448
41,11,1798,246784,0.7043418884277344,0.0004092704424510632,0.2,0.014443895,7696,-40.252015709877014,0.8993452191352844,0.10009765625,-0.01285875283065252,0.5908169806934893,0.03327310085296631,1223.0,-2.02671448
42,11,1798,247296,-5.685128688812256,0.0004092704424510632,0.2,0.018927915,7712,-40.23320817947388,0.8983379602432251,0.2864990234375,-0.025581026027793996,0.007845166372135282,-0.021464228630065918,1223.0,-2.02514312
43,12,1798,247808,0.14685207605361938,0.0004092704424510632,0.2,0.005545622,7728,-40.21390688419342,0.89812833070755,0.0140380859375,-0.008058549705310725,2.3031238466501236,0.17320133745670319,1223.0,-2.02514312
44,12,1799,248320,-3.253795623779297,0.0004092704424510632,0.2,0.016970582,7744,-40.217357754707336,0.8985266089439392,0.2332763671875,-0.02395228116074577,0.004530614489340223,-0.03895936533808708,1223.0,-2.02420236
45,12,1800,248832,0.5379639863967896,0.0004092704424510632,0.2,0.0047874018,7760,-40.224138259887695,0.8987205028533936,0.0089111328125,-0.0016796392883406952,2.057479977607727,0.16391922533512115,1223.0,-2.02420236
46,13,1800,249344,-1.604679822921753,0.0004092704424510632,0.2,0.014547337,7776,-40.196107387542725,0.8964528441429138,0.23193359375,-0.02549654879840091,0.0033339197652821895,-0.03400428593158722,1223.0,-2.02420236
47,13,1801,249856,-0.20437097549438477,0.0004092704424510632,0.2,0.01783252,7792,-40.150116324424744,0.8967075943946838,0.23876953125,-0.026042118697660044,0.0025697716300783213,-0.03252968192100525,1223.0,-2.0231154
48,13,1799,250368,0.5008559823036194,0.0004092704424510632,0.2,0.007801085,7808,-40.17506170272827,0.8970218300819397,0.0316162109375,-0.00799880902923178,1.8655646997503936,0.13783659040927887,1223.0,-2.0231154
49,13,1799,250880,-0.13927686214447021,0.0004092704424510632,0.2,0.018806025,7824,-40.169042468070984,0.8962817192077637,0.26025390625,-0.02648960312944837,0.025963407824747264,-0.01871880143880844,1223.0,-2.0231900499999997
50,14,1797,251392,0.7152578830718994,0.0004092704424510632,0.2,0.0032718934,7840,-40.150609612464905,0.8960508704185486,0.0081787109375,-0.00151587955042487,2.4249087534844875,0.2663617730140686,1223.0,-2.0231900499999997
51,14,1797,251904,-1.973682165145874,0.0004092704424510632,0.2,0.022979029,7856,-40.14397943019867,0.8956291675567627,0.302978515625,-0.028717753622913733,0.010377475729910657,-0.02406356669962406,1223.0,-2.0231900499999997
52,14,1798,252416,0.5508133172988892,0.0004092704424510632,0.2,0.017059315,7872,-40.11797106266022,0.8953605890274048,0.0736083984375,-0.01221672137035057,0.5359293236397207,0.10848945379257202,1223.0,-2.0210764299999995
53,15,1797,252928,0.9380307793617249,0.0004092704424510632,0.2,0.031314563,7888,-40.10784339904785,0.8948251008987427,0.2166748046875,-0.020469852006499423,0.10232461945270188,-0.022684939205646515,1223.0,-2.0210764299999995
54,15,1797,253440,-2.7887284755706787,0.0004092704424510632,0.2,0.022682544,7904,-40.062448501586914,0.8930066227912903,0.2940673828125,-0.029164741892600432,0.018347272649407387,-0.030361628159880638,1223.0,-2.02032943
55,15,1803,253952,0.5473698377609253,0.0004092704424510632,0.2,0.0046585253,7920,-40.019855260849,0.8927010893821716,0.02099609375,0.0010627467563608661,1.4501418136060238,0.17695246636867523,1223.0,-2.02032943
56,15,1808,254464,-1.112351894378662,0.0004092704424510632,0.2,0.016937712,7936,-40.03408432006836,0.8938066959381104,0.2398681640625,-0.025763630197616294,0.004566750765661709,-0.013368774205446243,1223.0,-2.02062297
57,16,1813,254976,0.6267586350440979,0.0004092704424510632,0.2,0.0032013087,7952,-40.05697762966156,0.8940339088439941,0.0025634765625,-0.003944500800571404,1.5395080726593733,0.2592160105705261,1223.0,-2.02062297
58,16,1813,255488,-2.2847578525543213,0.0004092704424510632,0.2,0.018373447,7968,-40.03531551361084,0.8927286863327026,0.2760009765625,-0.03461253004934406,0.003606890903029125,-0.046492110937833786,1223.0,-2.02062297
59,16,1813,256000,-0.06634211540222168,0.0004092704424510632,0.2,0.017861208,7984,-40.00652086734772,0.8933916687965393,0.2432861328125,-0.021717871393775567,0.003971236903453246,-0.01710919477045536,1223.0,-2.02124335
60,16,1813,256512,0.4846115708351135,0.0004092704424510632,0.2,0.0040386543,8000,-40.03344178199768,0.8939324021339417,0.0076904296875,-0.0016401263274019584,1.9750544559210539,0.5216821432113647,1223.0,-2.02124335
61,17,1813,257024,-6.179254055023193,0.0004092704424510632,0.2,0.017532567,8016,-40.023462533950806,0.8927543759346008,0.262939453125,-0.02392553666504682,0.01054822446894832,-0.02413945458829403,1223.0,-2.0213244
62,17,1813,257536,0.3708384037017822,0.0004092704424510632,0.2,0.0057636043,8032,-39.97780191898346,0.8921757936477661,0.0196533203125,-0.003532135917339474,2.103447618894279,0.1254836916923523,1223.0,-2.0213244
63,17,1813,258048,-1.536837100982666,0.0004092704424510632,0.2,0.019785745,8048,-39.947189927101135,0.8905373811721802,0.25732421875,-0.025334589881822467,0.006200034789799247,-0.036472663283348083,1223.0,-2.0213244
64,18,1813,258560,0.5895783305168152,0.0004092704424510632,0.2,0.010550549,8064,-39.90326237678528,0.8901623487472534,0.0552978515625,-0.011039343386073597,1.0772720901295543,0.46889328956604004,1223.0,-2.0204082600000004
65,18,1813,259072,0.9477458596229553,0.0004092704424510632,0.2,0.02710341,8080,-39.897130370140076,0.8899911046028137,0.235595703125,-0.017427333717932925,0.03330475314578507,-0.018542831763625145,1223.0,-2.0204082600000004
66,18,1814,259584,0.20307159423828125,0.0004092704424510632,0.2,0.025524732,8096,-39.902873516082764,0.8905436396598816,0.3336181640625,-0.03082470289518824,0.03593722189543769,-0.020706934854388237,1223.0,-2.0200631600000003
67,18,1813,260096,0.7983813285827637,0.0004092704424510632,0.2,0.0062624216,8112,-39.92416298389435,0.890687882900238,0.0277099609375,-0.007095138462318573,1.3559855241328478,0.45863211154937744,1223.0,-2.0200631600000003
68,19,1812,260608,0.13141345977783203,0.0004092704424510632,0.2,0.016704913,8128,-39.93286859989166,0.8910537958145142,0.237548828125,-0.022940541253774427,0.07425029203295708,-0.010512083768844604,1223.0,-2.0202477599999997
69,19,1816,261120,0.8621875047683716,0.0004092704424510632,0.2,0.008834649,8144,-39.943912744522095,0.8911015391349792,0.0301513671875,-0.002740240379353054,2.1250393725931644,0.9789717197418213,1223.0,-2.0202477599999997
70,19,1817,261632,-6.598695755004883,0.0004092704424510632,0.2,0.014170465,8160,-39.93332862854004,0.890617847442627,0.23583984375,-0.024836062570102513,0.006584633250895422,-0.03651507571339607,1223.0,-2.0202477599999997
71,20,1816,262144,0.5107412934303284,0.0004092704424510632,0.2,0.014600662,8176,-39.90922558307648,0.890706479549408,0.265625,-0.024347787140868604,0.005298373071127571,-0.030201390385627747,1223.0,-2.01811736
72,20,1815,262656,0.5830233693122864,0.0004092704424510632,0.2,0.0036093753,8192,-39.920390367507935,0.8908342719078064,0.005126953125,-0.0036556541308527812,1.1284946920350194,0.0699184238910675,1223.0,-2.01811736
73,20,1816,263168,-1.6039035320281982,0.0004092704424510632,0.2,0.013845939,8208,-39.90936768054962,0.8898828029632568,0.2039794921875,-0.019864128946210258,0.006903983929078095,-0.024224285036325455,1223.0,-2.0179518599999997
74,20,1815,263680,0.5399794578552246,0.0004092704424510632,0.2,0.005854491,8224,-39.88199019432068,0.889578640460968,0.02294921875,-0.006369558075675741,1.3991168141365051,0.12648910284042358,1223.0,-2.0179518599999997
75,21,1820,264192,-0.5440076589584351,0.0004092704424510632,0.2,0.019462343,8240,-39.88372337818146,0.8901922702789307,0.279296875,-0.027618313164566644,0.0036088632041355595,-0.033299557864665985,1223.0,-2.01606614
76,21,1821,264704,0.6756426095962524,0.0004092704424510632,0.2,0.0075940564,8256,-39.900439620018005,0.8905845284461975,0.0166015625,-0.002830052610079292,1.708003155887127,0.5067814588546753,1223.0,-2.01606614
77,21,1820,265216,-1.3753504753112793,0.0004092704424510632,0.2,0.021298192,8272,-39.912601470947266,0.8913751840591431,0.265625,-0.02558388889883645,0.005124880553921685,-0.027073850855231285,1223.0,-2.01606614
78,21,1820,265728,0.312658429145813,0.0004092704424510632,0.2,0.017449342,8288,-39.93046438694,0.8920504450798035,0.2392578125,-0.0283584205317311,0.0024013671900320332,-0.042783938348293304,1223.0,-2.0153947
79,22,1821,266240,0.5903480052947998,0.0004092704424510632,0.2,0.0043734964,8304,-39.954907178878784,0.8923659920692444,0.009033203125,-0.004262157701305114,1.3830567514523864,0.24936603009700775,1223.0,-2.0153947
80,22,1821,266752,-1.1540164947509766,0.0004092704424510632,0.2,0.016279198,8320,-39.96722328662872,0.893234133720398,0.275390625,-0.02948346413904801,0.0029688717950193677,-0.039815593510866165,1223.0,-2.0143136999999998
81,22,1820,267264,0.518047571182251,0.0004092704424510632,0.2,0.014517814,8336,-39.98833882808685,0.8937432169914246,0.0587158203125,-0.013694491688511334,1.0746561656706035,0.11566856503486633,1223.0,-2.0143136999999998
82,23,1819,267776,-1.3707826137542725,0.0004092704424510632,0.2,0.020881997,8352,-39.99726665019989,0.893767774105072,0.306884765625,-0.029639931432029698,0.002277633895573672,-0.03900681063532829,1223.0,-2.0143136999999998
83,23,1818,268288,0.6977059245109558,0.0004092704424510632,0.2,0.013642576,8368,-39.991971015930176,0.8935628533363342,0.217041015625,-0.020637380323023535,0.027316909632645547,-0.014230537228286266,1223.0,-2.0135125499999997
84,23,1816,268800,0.7119271159172058,0.0004092704424510632,0.2,0.013485318,8384,-39.983805418014526,0.8932235240936279,0.046630859375,-0.008794878493063152,0.5813009680714458,0.028791815042495728,1223.0,-2.0135125499999997
85,23,1816,269312,-4.0571746826171875,0.0004092704424510632,0.2,0.016026625,8400,-39.96454977989197,0.8925416469573975,0.2064208984375,-0.015610044676577672,0.005581013057962991,-0.02805909514427185,1223.0,-2.01446622
86,24,1817,269824,0.23818498849868774,0.0004092704424510632,0.2,0.0070092725,8416,-39.94053244590759,0.8923182487487793,0.033203125,-0.00495660949673038,2.8921995852142572,0.11227697134017944,1223.0,-2.01446622
87,24,1818,270336,-2.3728585243225098,0.0004092704424510632,0.2,0.018695466,8432,-39.91750955581665,0.8906848430633545,0.248046875,-0.020805308187846094,0.00410134827325237,-0.028223475441336632,1223.0,-2.01477614
88,24,1817,270848,0.5284053087234497,0.0004092704424510632,0.2,0.010147236,8448,-39.87612593173981,0.8902667760848999,0.037353515625,-0.006571234865987208,2.2229629615321755,0.4351952373981476,1223.0,-2.01477614
89,25,1817,271360,-2.2026278972625732,0.0004092704424510632,0.2,0.016867287,8464,-39.8792427778244,0.8908571004867554,0.253662109375,-0.028881646372610703,0.003400714700546814,-0.04455406218767166,1223.0,-2.01477614
90,25,1817,271872,0.20656365156173706,0.0004092704424510632,0.2,0.014903937,8480,-39.8850656747818,0.8905277252197266,0.2366943359375,-0.024344313918845728,0.002073583182209404,-0.04504362493753433,1223.0,-2.0141817399999997
91,25,1815,272384,0.5228670835494995,0.0004092704424510632,0.2,0.00601455,8496,-39.86083149909973,0.8902018070220947,0.0184326171875,-0.006934357064892538,1.4992794077843428,0.7098519206047058,1223.0,-2.0141817399999997
92,25,1815,272896,-2.525890350341797,0.0004092704424510632,0.2,0.025866365,8512,-39.85228216648102,0.8899375200271606,0.2686767578125,-0.022558710843441077,0.02685228263726458,-0.01774648018181324,1223.0,-2.0146801599999997
93,26,1813,273408,0.5324603915214539,0.0004092704424510632,0.2,0.010975106,8528,-39.85208582878113,0.8898568749427795,0.075927734375,-0.010925818191026337,1.3570704613812268,0.10552377998828888,1223.0,-2.0146801599999997
94,26,1811,273920,-1.8483762741088867,0.0004092704424510632,0.2,0.018605001,8544,-39.85381603240967,0.8898003101348877,0.269287109375,-0.03503621605341323,0.0033368247386533767,-0.03882301226258278,1223.0,-2.0146801599999997
95,26,1811,274432,0.6696832776069641,0.0004092704424510632,0.2,0.022941288,8560,-39.85246229171753,0.8896974325180054,0.24267578125,-0.02250270974036539,0.20918167242780328,0.04522741585969925,1223.0,-2.0134760399999996
96,27,1810,274944,0.7422453165054321,0.0004092704424510632,0.2,0.035472564,8576,-39.8469363451004,0.8895359635353088,0.1832275390625,-0.0204127694159979,0.47926525614457205,-0.005134006962180138,1223.0,-2.0134760399999996
97,27,1808,275456,-3.7277297973632812,0.0004092704424510632,0.2,0.020777637,8592,-39.83111274242401,0.889198362827301,0.293212890625,-0.02484450681367889,0.008176462943083607,-0.028962763026356697,1223.0,-2.01293064
98,27,1810,275968,0.3193175196647644,0.0004092704424510632,0.2,0.005627349,8608,-39.82168638706207,0.8892002105712891,0.0255126953125,-0.0021523400864680298,2.1062511522322893,0.15210780501365662,1223.0,-2.01293064
99,28,1809,276480,-0.19752204418182373,0.0004092704424510632,0.2,0.02112354,8624,-39.81799376010895,0.8890194296836853,0.286376953125,-0.029595107160275802,0.011336272771586664,-0.043355997651815414,1223.0,-2.01244049
100,28,1809,276992,0.5069964528083801,0.0004092704424510632,0.2,0.0043462086,8640,-39.8065927028656,0.8887742757797241,0.018310546875,0.00033420119143556803,2.1212409543804824,0.1973796784877777,1223.0,-2.01244049
101,28,1813,277504,-1.288888931274414,0.0004092704424510632,0.2,0.016773965,8656,-39.80343019962311,0.8889272212982178,0.218505859375,-0.025371022667968646,0.0026655572473828215,-0.04598208889365196,1223.0,-2.01244049
102,28,1813,278016,0.13787585496902466,0.0004092704424510632,0.2,0.020477716,8672,-39.79832708835602,0.8887064456939697,0.3115234375,-0.028175774408737198,0.007235097087686881,-0.03710159286856651,1223.0,-2.0110336899999997
103,29,1812,278528,0.6325794458389282,0.0004092704424510632,0.2,0.003881434,8688,-39.793251276016235,0.8887358903884888,0.008056640625,0.0008006143252714537,1.4711133781820536,0.44284746050834656,1223.0,-2.0110336899999997
104,29,1812,279040,-5.757925987243652,0.0004092704424510632,0.2,0.01791755,8704,-39.7992000579834,0.8897022604942322,0.2655029296875,-0.02553808684751857,0.024868983979104087,-0.027654491364955902,1223.0,-2.0103525700000002
105,29,1810,279552,0.41190648078918457,0.0004092704424510632,0.2,0.004674974,8720,-39.8294016122818,0.8902032971382141,0.009521484375,-0.0011750235134968534,2.0089820297434926,0.17983928322792053,1223.0,-2.0103525700000002
106,29,1811,280064,-0.4464954137802124,0.0004092704424510632,0.2,0.016899392,8736,-39.840890407562256,0.8911471366882324,0.241455078125,-0.028208031581016257,0.0030526249211106915,-0.03672012314200401,1223.0,-2.0103525700000002
107,30,1813,280576,0.7082222700119019,0.0004092704424510632,0.2,0.007916611,8752,-39.859506249427795,0.8914962410926819,0.045654296875,-0.008829610989778303,1.1530987620353699,0.5783944129943848,1223.0,-2.01080896
108,30,1815,281088,0.9484436511993408,0.0004092704424510632,0.2,0.028102275,8768,-39.871310114860535,0.8919525742530823,0.3052978515625,-0.02068031676026294,0.03732004349876661,-0.03164663910865784,1223.0,-2.01080896
109,30,1815,281600,0.30210286378860474,0.0004092704424510632,0.2,0.019106623,8784,-39.887277483940125,0.8921412825584412,0.261474609375,-0.023319080413784832,0.2729274374432862,0.07814902067184448,1223.0,-2.00996003
110,31,1815,282112,0.8755227327346802,0.0004092704424510632,0.2,0.010189155,8800,-39.8905246257782,0.8921368718147278,0.060791015625,-0.010769521730253473,1.988840077072382,0.9401702880859375,1223.0,-2.00996003
111,31,1813,282624,0.27475690841674805,0.0004092704424510632,0.2,0.02841942,8816,-39.8934360742569,0.8924328684806824,0.24169921875,-0.024964387121144682,0.8842238429933786,0.38951534032821655,1223.0,-2.0089458999999996
112,31,1811,283136,0.8682652711868286,0.0004092704424510632,0.2,0.0045673917,8832,-39.904356956481934,0.8925357460975647,0.01416015625,-0.005094034924695734,3.248562552034855,1.537251591682434,1223.0,-2.0089458999999996
113,31,1813,283648,-14.107612609863281,0.0004092704424510632,0.2,0.015040001,8848,-39.91373383998871,0.8934706449508667,0.231689453125,-0.020662294700741768,0.012531313710496761,-0.01328407134860754,1223.0,-2.0089458999999996
114,32,1814,284160,0.5506954193115234,0.0004092704424510632,0.2,0.016739918,8864,-39.92075228691101,0.8927313089370728,0.2578125,-0.026186270377365872,0.003583445242838934,-0.03779921680688858,1223.0,-2.0112812399999997
115,32,1813,284672,0.49203169345855713,0.0004092704424510632,0.2,0.011825176,8880,-39.87996959686279,0.8922944068908691,0.047119140625,-0.010340393200749531,1.5707686343230307,0.16562020778656006,1223.0,-2.0112812399999997
116,32,1815,285184,0.01443636417388916,0.0004092704424510632,0.2,0.024176989,8896,-39.87861943244934,0.8925508260726929,0.3153076171875,-0.02837967360392213,0.007998261295142584,-0.043689899146556854,1223.0,-2.0117059099999994
117,32,1818,285696,0.702051043510437,0.0004092704424510632,0.2,0.00376381,8912,-39.87818443775177,0.892504870891571,0.012451171875,0.00417567444674205,2.273683836683631,0.22899240255355835,1223.0,-2.0117059099999994
118,33,1819,286208,-1.7738051414489746,0.0004092704424510632,0.2,0.015497254,8928,-39.867424726486206,0.89217609167099,0.2283935546875,-0.024951687548309565,0.012043477159750182,-0.03258207067847252,1223.0,-2.0088186899999996
119,33,1821,286720,0.5518993735313416,0.0004092704424510632,0.2,0.009861335,8944,-39.85161602497101,0.8921986818313599,0.0390625,-0.008516218076692894,1.07551066018641,0.11784554272890091,1223.0,-2.0088186899999996
120,33,1820,287232,-0.6999958753585815,0.0004092704424510632,0.2,0.018057713,8960,-39.87065625190735,0.8933756947517395,0.2628173828125,-0.02750299870967865,0.0034617082492331974,-0.0388791486620903,1223.0,-2.0088186899999996
121,34,1820,287744,0.22261154651641846,0.0004092704424510632,0.2,0.022232158,8976,-39.91200530529022,0.8939797282218933,0.2987060546875,-0.029065602167975157,0.003557613141310867,-0.04741984233260155,1223.0,-2.0068610099999997
122,34,1820,288256,0.6500454545021057,0.0004092704424510632,0.2,0.008248886,8992,-39.909037470817566,0.8940373063087463,0.0341796875,-0.0025023200796567835,1.4032013919204473,0.16105270385742188,1223.0,-2.0068610099999997
123,34,1819,288768,-1.5119242668151855,0.0004092704424510632,0.2,0.027904738,9008,-39.93317437171936,0.895460307598114,0.3377685546875,-0.031975715115549974,0.0073285748876514845,-0.035406868904829025,1223.0,-2.0060417399999997
124,34,1819,289280,0.6116593480110168,0.0004092704424510632,0.2,0.0087534,9024,-39.98449528217316,0.8959590196609497,0.0499267578125,0.000913477735593915,1.3775916555896401,0.3420518934726715,1223.0,-2.0060417399999997
125,35,1821,289792,-0.7463767528533936,0.0004092704424510632,0.2,0.024115656,9040,-39.97239005565643,0.8949957489967346,0.3336181640625,-0.034871137992013246,0.0023947061454236973,-0.04146480932831764,1223.0,-2.0060417399999997
126,35,1824,290304,0.6213437914848328,0.0004092704424510632,0.2,0.014990201,9056,-39.93910455703735,0.8948360681533813,0.086181640625,-0.010895598577917553,0.2898952793329954,0.08624507486820221,1223.0,-2.0053666399999996
127,35,1827,290816,0.8863731026649475,0.0004092704424510632,0.2,0.02473723,9072,-39.93937611579895,0.8948848843574524,0.141845703125,-0.016492749287863262,0.17158751806709915,-0.0019969139248132706,1223.0,-2.0053666399999996
128,35,1827,291328,-1.3083019256591797,0.0004092704424510632,0.2,0.017560635,9088,-39.901756048202515,0.8921453356742859,0.23291015625,-0.021969843859551474,0.041711711906827986,-0.006502058357000351,1223.0,-2.0050167900000004
129,36,1829,291840,0.79458087682724,0.0004092704424510632,0.2,0.005151717,9104,-39.82134926319122,0.8913115859031677,0.0333251953125,-0.0019454059802228585,2.030791581608355,1.0240819454193115,1223.0,-2.0050167900000004
130,36,1829,292352,-5.950034141540527,0.0004092704424510632,0.2,0.016703332,9120,-39.79175674915314,0.8897651433944702,0.2108154296875,-0.020986745395930484,0.009296956268372014,-0.031714096665382385,1223.0,-2.00435671
131,36,1827,292864,0.5675821304321289,0.0004092704424510632,0.2,0.006322933,9136,-39.74203610420227,0.8891904950141907,0.017333984375,-0.007094082575349603,1.3386467704549432,0.22938838601112366,1223.0,-2.00435671
132,36,1829,293376,-0.6792302131652832,0.0004092704424510632,0.2,0.02319493,9152,-39.75197744369507,0.8903514742851257,0.3226318359375,-0.03231798065826297,0.0023289095297513995,-0.037530701607465744,1223.0,-2.00435671
133,37,1832,293888,0.3020283579826355,0.0004092704424510632,0.2,0.017376285,9168,-39.77546179294586,0.8911360502243042,0.259521484375,-0.02554563622106798,0.0032096401919261552,-0.031081318855285645,1223.0,-2.00430996
134,37,1835,294400,0.5950402021408081,0.0004092704424510632,0.2,0.0045562284,9184,-39.787561893463135,0.8914420008659363,0.0118408203125,-0.0056350593658862635,1.2983675203286111,0.10726431012153625,1223.0,-2.00430996
135,37,1837,294912,-0.7775177955627441,0.0004092704424510632,0.2,0.030623019,9200,-39.81075358390808,0.8925613760948181,0.3555908203125,-0.02979186802986078,0.007358396105701104,-0.03611140698194504,1223.0,-2.00389847
136,37,1840,295424,0.6728384494781494,0.0004092704424510632,0.2,0.005955505,9216,-39.84298837184906,0.8928958773612976,0.0250244140625,-0.007549762551207095,1.483387490734458,0.27796244621276855,1223.0,-2.00389847
137,38,1843,295936,-2.4347636699676514,0.0004092704424510632,0.2,0.019216666,9232,-39.83606231212616,0.8924968838691711,0.283203125,-0.028978388872928917,0.003393089209566824,-0.03897291049361229,1223.0,-2.00389847
138,38,1845,296448,0.697028636932373,0.0004092704424510632,0.2,0.021970041,9248,-39.82149660587311,0.8929819464683533,0.1895751953125,-0.019554816026357003,0.21910345554351807,0.05851389467716217,1223.0,-2.00429597
139,38,1848,296960,0.8828949928283691,0.0004092704424510632,0.2,0.03386897,9264,-39.842491030693054,0.8933944702148438,0.2623291015625,-0.023052812030073255,0.13958632919820957,-0.030170628800988197,1223.0,-2.00429597
140,38,1851,297472,-0.5894482135772705,0.0004092704424510632,0.2,0.020489736,9280,-39.81520915031433,0.8906028866767883,0.265869140625,-0.026289010973414406,0.04060043685603887,-0.019413627684116364,1223.0,-2.0054632100000003
141,38,1854,297984,0.8283218145370483,0.0004092704424510632,0.2,0.011478167,9296,-39.72895276546478,0.8895642757415771,0.070068359375,-0.010639789477863815,1.9758006054908037,0.759447455406189,1223.0,-2.0054632100000003
142,39,1857,298496,-0.4184361696243286,0.0004092704424510632,0.2,0.02196457,9312,-39.69462847709656,0.8875623345375061,0.301513671875,-0.025374698161613196,0.030987280362751335,-0.009147746488451958,1223.0,-2.0060613399999996
143,39,1859,299008,0.7216457724571228,0.0004092704424510632,0.2,0.008744015,9328,-39.64185357093811,0.8870365619659424,0.073486328125,-0.007894448914157692,1.110264353454113,0.17486292123794556,1223.0,-2.0060613399999996
144,39,1861,299520,-1.0641262531280518,0.0004092704424510632,0.2,0.019282945,9344,-39.632144927978516,0.886490523815155,0.2701416015625,-0.028827692542108707,0.0027838803434860893,-0.03940987586975098,1223.0,-2.0060613399999996
145,39,1863,300032,0.25897449254989624,0.0004092704424510632,0.2,0.01958242,9360,-39.649423718452454,0.8878771662712097,0.2760009765625,-0.02716402363148518,0.0018560990720288828,-0.041540730744600296,1223.0,-2.00605942
146,40,1865,300544,0.27284878492355347,0.0004092704424510632,0.2,0.008093382,9376,-39.692941308021545,0.8882732391357422,0.0557861328125,-0.009255971821403364,1.9459790433757007,0.044861800968647,1223.0,-2.00605942
147,40,1868,301056,-1.024897813796997,0.0004092704424510632,0.2,0.018968977,9392,-39.71012473106384,0.8891264796257019,0.277099609375,-0.024910518317483366,0.004088339555892162,-0.03582809492945671,1223.0,-2.00510299
