time/fps,time/total_timesteps,time/iterations,time/time_elapsed,train/value_loss,train/std,train/n_updates,train/policy_gradient_loss,train/approx_kl,train/entropy_loss,train/clip_range,train/clip_fraction,train/learning_rate,train/loss,train/explained_variance,rollout/ep_rew_mean,rollout/ep_len_mean
3891,512,1,0,,,,,,,,,,,,,
2259,1024,2,0,0.07498423931247089,0.9999264478683472,16,-0.03625979705248028,0.018415935,-43.98433756828308,0.2,0.2789306640625,0.0004092704424510632,-0.03825598210096359,-0.16642403602600098,,
2010,1536,3,0,0.003140963592159096,1.0002158880233765,32,-0.026176710132858716,0.015040534,-43.9888356924057,0.2,0.2449951171875,0.0004092704424510632,-0.024140406399965286,0.014470815658569336,-2.568908,1223.0
1883,2048,4,1,0.010214373527560383,0.998003363609314,48,-0.025318704691017047,0.012819812,-43.9643337726593,0.2,0.2117919921875,0.0004092704424510632,-0.03576091676950455,0.003342866897583008,-2.568908,1223.0
1831,2560,5,1,0.0016907041372178355,0.997504472732544,64,-0.027370985713787377,0.014469024,-43.90836250782013,0.2,0.2474365234375,0.0004092704424510632,-0.03133168816566467,0.012816011905670166,-2.5669255,1223.0
1784,3072,6,1,0.013785774732241407,0.9980403780937195,80,-0.023340075829764828,0.01508254,-43.91408836841583,0.2,0.2686767578125,0.0004092704424510632,-0.017461305484175682,0.0005972981452941895,-2.5669255,1223.0
1757,3584,7,2,0.0022471960983239114,0.9970532655715942,96,-0.023801892399205826,0.015006572,-43.91030716896057,0.2,0.221923828125,0.0004092704424510632,-0.02375733107328415,0.027084052562713623,-2.5669255,1223.0
1736,4096,8,2,0.0030440704576903954,0.9971315860748291,112,-0.026410125276015606,0.016648147,-43.8878014087677,0.2,0.241455078125,0.0004092704424510632,-0.02887142263352871,0.013958394527435303,-2.540618333333333,1223.0
1725,4608,9,2,0.029067269526422024,0.9980490803718567,128,-0.02959367519360967,0.021601245,-43.903584122657776,0.2,0.2735595703125,0.0004092704424510632,-0.02056203968822956,0.002542734146118164,-2.540618333333333,1223.0
1717,5120,10,2,0.002213081696027075,0.9981833100318909,144,-0.026571844791760668,0.028320398,-43.92308270931244,0.2,0.2781982421875,0.0004092704424510632,-0.030727704986929893,0.02035200595855713,-2.54936225,1223.0
1708,5632,11,3,0.0375997603405267,0.9976871609687805,160,-0.02443039885838516,0.016115796,-43.91625952720642,0.2,0.2149658203125,0.0004092704424510632,-0.009735403582453728,0.004673302173614502,-2.54936225,1223.0
1700,6144,12,3,0.0017047227047441993,0.9964883923530579,176,-0.021995846618665382,0.012735348,-43.88935971260071,0.2,0.185546875,0.0004092704424510632,-0.04003322869539261,-0.01896512508392334,-2.5419922,1223.0
1692,6656,13,3,0.04404229286592454,0.9973087906837463,192,-0.0231169794278685,0.017544148,-43.877371191978455,0.2,0.2403564453125,0.0004092704424510632,-0.015946924686431885,0.007536351680755615,-2.5419922,1223.0
1686,7168,14,4,0.0034364258099230938,0.9971675276756287,208,-0.02391438523773104,0.01805469,-43.892181277275085,0.2,0.21484375,0.0004092704424510632,-0.027436675503849983,0.10473054647445679,-2.5419922,1223.0
1694,7680,15,4,0.003367968776728958,0.9958472847938538,224,-0.023491257161367685,0.017154738,-43.870824098587036,0.2,0.2352294921875,0.0004092704424510632,-0.0345357209444046,-0.0048444271087646484,-2.528878666666667,1223.0
1699,8192,16,4,0.0565941440872848,0.995042085647583,240,-0.024219108250690624,0.017717669,-43.832128405570984,0.2,0.220703125,0.0004092704424510632,-0.012709060683846474,0.005958974361419678,-2.528878666666667,1223.0
1703,8704,17,5,0.0016437240392406238,0.9944602847099304,256,-0.027715781870938372,0.020990917,-43.80998635292053,0.2,0.2720947265625,0.0004092704424510632,-0.03078838251531124,-0.14658117294311523,-2.5232678571428573,1223.0
1708,9216,18,5,0.060612079687416553,0.9952031970024109,272,-0.02779056946747005,0.022300947,-43.80795228481293,0.2,0.255859375,0.0004092704424510632,-0.01219506748020649,0.037663400173187256,-2.5232678571428573,1223.0
1726,9728,19,5,0.003368650232005166,0.9949434399604797,288,-0.022439866137574427,0.016386988,-43.822362661361694,0.2,0.2169189453125,0.0004092704424510632,-0.02875613421201706,0.11964696645736694,-2.5232678571428573,1223.0
1740,10240,20,5,0.003337498361361213,0.99656081199646,304,-0.02435931155923754,0.025917334,-43.83207178115845,0.2,0.24169921875,0.0004092704424510632,-0.035075124353170395,0.022351980209350586,-2.5243168750000002,1223.0
1748,10752,21,6,0.0711180663201958,0.9945042729377747,320,-0.02617891161935404,0.02804902,-43.84193968772888,0.2,0.2840576171875,0.0004092704424510632,-0.0021135248243808746,0.01258772611618042,-2.5243168750000002,1223.0
1751,11264,22,6,0.0035125276444887277,0.9950741529464722,336,-0.02548722384381108,0.015556232,-43.792015075683594,0.2,0.2069091796875,0.0004092704424510632,-0.03836118057370186,-0.00014257431030273438,-2.5197922222222227,1223.0
1753,11776,23,6,0.0759190246462822,0.995004415512085,352,-0.02949566532333847,0.022673313,-43.81989777088165,0.2,0.25,0.0004092704424510632,0.0029917247593402863,0.023845314979553223,-2.5197922222222227,1223.0
1751,12288,24,7,0.0027200349086342612,0.9949513077735901,368,-0.02377087200875394,0.016905714,-43.804399371147156,0.2,0.2254638671875,0.0004092704424510632,-0.03163566812872887,-2.223816156387329,-2.5236860000000005,1223.0
1749,12800,25,7,0.07255165197420865,0.995927631855011,384,-0.027581527072470635,0.017431816,-43.82122564315796,0.2,0.2376708984375,0.0004092704424510632,-0.0009675733745098114,0.08065599203109741,-2.5236860000000005,1223.0
1751,13312,26,7,0.004507636651396751,0.9955307841300964,400,-0.02311913057928905,0.019204602,-43.83639979362488,0.2,0.2091064453125,0.0004092704424510632,-0.02559664100408554,0.2931644320487976,-2.5236860000000005,1223.0
1753,13824,27,7,0.004604418099916074,0.9970664978027344,416,-0.029191800858825445,0.020548992,-43.83949589729309,0.2,0.2606201171875,0.0004092704424510632,-0.030007675290107727,-0.4096829891204834,-2.516450181818182,1223.0
1756,14336,28,8,0.06580408499576151,0.998068630695343,432,-0.029724309482844546,0.024753649,-43.890851974487305,0.2,0.276611328125,0.0004092704424510632,-0.01667368784546852,0.05597442388534546,-2.516450181818182,1223.0
1762,14848,29,8,0.0047494541213382035,0.9983458518981934,448,-0.026707177064963616,0.01998682,-43.903446435928345,0.2,0.24462890625,0.0004092704424510632,-0.038346391171216965,-0.6960583925247192,-2.5169546666666673,1223.0
1768,15360,30,8,0.06831381761003286,0.9977262020111084,464,-0.017682779172901064,0.01914645,-43.89992892742157,0.2,0.2000732421875,0.0004092704424510632,-0.0011780355125665665,0.2755083441734314,-2.5169546666666673,1223.0
1771,15872,31,8,0.0072503874762333,0.9967830181121826,480,-0.0243368321825983,0.020175612,-43.87152421474457,0.2,0.2034912109375,0.0004092704424510632,-0.030942389741539955,-0.4994608163833618,-2.5169546666666673,1223.0
1773,16384,32,9,0.0048771338842925616,0.9966550469398499,496,-0.027284390846034512,0.017819878,-43.852405309677124,0.2,0.2335205078125,0.0004092704424510632,-0.033999815583229065,0.24243223667144775,-2.5159527692307697,1223.0
1775,16896,33,9,0.04402066650800407,0.995809018611908,512,-0.02763557029538788,0.029953007,-43.83443069458008,0.2,0.282470703125,0.0004092704424510632,-0.0047113001346588135,0.13490265607833862,-2.5159527692307697,1223.0
1776,17408,34,9,0.005105682081193663,0.9934139251708984,528,-0.022687577511533163,0.013790319,-43.79152309894562,0.2,0.1766357421875,0.0004092704424510632,-0.026854543015360832,-0.7934011220932007,-2.511938928571429,1223.0
1778,17920,35,10,0.06793994235340506,0.992887556552887,544,-0.021657670753484126,0.021128979,-43.73024797439575,0.2,0.2235107421875,0.0004092704424510632,-0.01321600005030632,0.07098913192749023,-2.511938928571429,1223.0
1782,18432,36,10,0.008848303914419375,0.9919901490211487,560,-0.021045588480774313,0.016730987,-43.71853148937225,0.2,0.188720703125,0.0004092704424510632,-0.03334523364901543,-2.090045928955078,-2.5168990000000004,1223.0
1789,18944,37,10,0.06511436472646892,0.9913297295570374,576,-0.023900610700366087,0.021458644,-43.69541835784912,0.2,0.2454833984375,0.0004092704424510632,-0.008772455155849457,0.19768458604812622,-2.5168990000000004,1223.0
1791,19456,38,10,0.006103547129896469,0.9918068051338196,592,-0.02780357381561771,0.02054255,-43.68391561508179,0.2,0.2415771484375,0.0004092704424510632,-0.03605657070875168,0.038961827754974365,-2.5168990000000004,1223.0
1793,19968,39,11,0.004646670458896551,0.9921776056289673,608,-0.03137736482312903,0.023388103,-43.703025698661804,0.2,0.2845458984375,0.0004092704424510632,-0.04850657656788826,-0.23681044578552246,-2.5079780625,1223.0
1795,20480,40,11,0.06246117630507797,0.9920435547828674,624,-0.02295764962764224,0.016343197,-43.70995604991913,0.2,0.230712890625,0.0004092704424510632,-0.0038989856839179993,0.09176880121231079,-2.5079780625,1223.0
1797,20992,41,11,0.005755420934292488,0.9932538270950317,640,-0.017230892422958277,0.013343396,-43.718050837516785,0.2,0.164306640625,0.0004092704424510632,-0.02140432596206665,-3.863438129425049,-2.50980894117647,1223.0
1800,21504,42,11,0.053926882334053516,0.9925469160079956,656,-0.023230283361044712,0.019271549,-43.73625075817108,0.2,0.2381591796875,0.0004092704424510632,-0.014382626861333847,0.08572393655776978,-2.50980894117647,1223.0
1802,22016,43,12,0.015389359788969159,0.9933645725250244,672,-0.017098452197387815,0.013333324,-43.72412884235382,0.2,0.1533203125,0.0004092704424510632,-0.019309356808662415,-3.847806453704834,-2.5088748888888883,1223.0
1804,22528,44,12,0.060814673313871026,0.9936164021492004,688,-0.028264652311918326,0.022153595,-43.75257337093353,0.2,0.2369384765625,0.0004092704424510632,-0.024820668622851372,0.5280032157897949,-2.5088748888888883,1223.0
1805,23040,45,12,0.010254120483295992,0.9924871325492859,704,-0.019274530917755328,0.016483694,-43.739105105400085,0.2,0.1605224609375,0.0004092704424510632,-0.027381492778658867,0.08707833290100098,-2.5088748888888883,1223.0
1805,23552,46,13,0.005566362902754918,0.9911519289016724,720,-0.02456365796388127,0.018534042,-43.688340187072754,0.2,0.2222900390625,0.0004092704424510632,-0.03516067564487457,-0.4516490697860718,-2.5073107894736837,1223.0
1804,24064,47,13,0.046723857638426125,0.9895710349082947,736,-0.028114364307839423,0.024648573,-43.64384853839874,0.2,0.27099609375,0.0004092704424510632,-0.01797567866742611,0.11780399084091187,-2.5073107894736837,1223.0
1804,24576,48,13,0.012192123991553672,0.991827666759491,752,-0.031005573022412136,0.025304403,-43.641093611717224,0.2,0.2420654296875,0.0004092704424510632,-0.04701828584074974,-1.8748557567596436,-2.5033670999999997,1223.0
1805,25088,49,13,0.05443939031101763,0.9923005700111389,768,-0.02615348866675049,0.018956076,-43.70696401596069,0.2,0.257568359375,0.0004092704424510632,-0.011095738038420677,0.3774068355560303,-2.5033670999999997,1223.0
1805,25600,50,14,0.007846299762604758,0.9931952357292175,784,-0.023011591627437156,0.019745534,-43.71453022956848,0.2,0.1998291015625,0.0004092704424510632,-0.03523749113082886,-0.9847095012664795,-2.5033670999999997,1223.0
1805,26112,51,14,0.0052504349005175754,0.9926460981369019,800,-0.032364511251216754,0.019707436,-43.72610890865326,0.2,0.2830810546875,0.0004092704424510632,-0.037208955734968185,-0.03710281848907471,-2.4995345714285713,1223.0
1807,26624,52,14,0.05786129750777036,0.9921092391014099,816,-0.02364534925436601,0.025197173,-43.700557827949524,0.2,0.2445068359375,0.0004092704424510632,-0.018951764330267906,0.104439377784729,-2.4995345714285713,1223.0
1808,27136,53,15,0.014248306571971625,0.9923371076583862,832,-0.020942512943292968,0.02029186,-43.688207149505615,0.2,0.192138671875,0.0004092704424510632,-0.037699732929468155,-2.6889264583587646,-2.4952205454545453,1223.0
1806,27648,54,15,0.05632745136972517,0.9930726885795593,848,-0.024340485819266178,0.016995888,-43.70383930206299,0.2,0.2236328125,0.0004092704424510632,-0.02019876427948475,0.31958937644958496,-2.4952205454545453,1223.0
1806,28160,55,15,0.012981931588001316,0.9921523332595825,864,-0.020755612626089714,0.017275102,-43.69903004169464,0.2,0.158935546875,0.0004092704424510632,-0.03313755989074707,-9.539543151855469,-2.486099869565217,1223.0
1805,28672,56,15,0.07016858516726643,0.9929267168045044,880,-0.026679393282392994,0.020675413,-43.684024810791016,0.2,0.2642822265625,0.0004092704424510632,-0.011529047042131424,0.13829439878463745,-2.486099869565217,1223.0
1805,29184,57,16,0.012760595040163025,0.9941518902778625,896,-0.026480726461159065,0.022079142,-43.71573781967163,0.2,0.2540283203125,0.0004092704424510632,-0.03868778422474861,-0.2073725461959839,-2.486099869565217,1223.0
1805,29696,58,16,0.004840868277824484,0.9956958889961243,912,-0.020740533043863252,0.016110376,-43.75628161430359,0.2,0.2132568359375,0.0004092704424510632,-0.037629351019859314,-0.9936610460281372,-2.4852928750000003,1223.0
1806,30208,59,16,0.08408943703398108,0.9967581033706665,928,-0.03040708317712415,0.026945315,-43.79975783824921,0.2,0.2977294921875,0.0004092704424510632,0.013235710561275482,0.07656484842300415,-2.4852928750000003,1223.0
1808,30720,60,16,0.017920041020261124,0.9986901879310608,944,-0.0175476777512813,0.013488067,-43.83987629413605,0.2,0.156005859375,0.0004092704424510632,-0.0286423210054636,-2.296002149581909,-2.48245664,1223.0
1810,31232,61,17,0.07111329515464604,0.9998183846473694,960,-0.026107241195859388,0.017900629,-43.89142978191376,0.2,0.2374267578125,0.0004092704424510632,-0.012495730072259903,0.4169827699661255,-2.48245664,1223.0
1812,31744,62,17,0.006451612665841822,0.9996706247329712,976,-0.021673911483958364,0.012591272,-43.9071831703186,0.2,0.174072265625,0.0004092704424510632,-0.035517316311597824,-2.196406602859497,-2.48245664,1223.0
1814,32256,63,17,0.003658292567706667,1.000835657119751,992,-0.02407947852043435,0.014207054,-43.90917360782623,0.2,0.2113037109375,0.0004092704424510632,-0.02474386990070343,0.20929986238479614,-2.4786093846153845,1223.0
1815,32768,64,18,0.06580663612112403,1.0013350248336792,1008,-0.03214999727788381,0.033449374,-43.94207751750946,0.2,0.31201171875,0.0004092704424510632,-0.02125629223883152,0.1412622332572937,-2.4786093846153845,1223.0
1815,33280,65,18,0.010056399230961688,1.0010555982589722,1024,-0.027074918572907336,0.020025287,-43.94617223739624,0.2,0.2364501953125,0.0004092704424510632,-0.03694554418325424,-2.463165283203125,-2.4795453333333333,1223.0
1815,33792,66,18,0.08988279721233994,1.0007365942001343,1040,-0.0220519147842424,0.021868862,-43.93730974197388,0.2,0.2183837890625,0.0004092704424510632,0.014703206717967987,0.13416779041290283,-2.4795453333333333,1223.0
1814,34304,67,18,0.023966755863511935,1.001401424407959,1056,-0.019254354352597147,0.015754532,-43.940900683403015,0.2,0.1644287109375,0.0004092704424510632,-0.02242979034781456,-8.50934886932373,-2.481280714285714,1223.0
1813,34816,68,19,0.09731026110239327,1.002522349357605,1072,-0.019711621571332216,0.014970144,-43.97414779663086,0.2,0.19091796875,0.0004092704424510632,0.007665339857339859,0.6041865348815918,-2.481280714285714,1223.0
1812,35328,69,19,0.01342052174732089,1.0032926797866821,1088,-0.02472798607777804,0.014309301,-43.999242067337036,0.2,0.2205810546875,0.0004092704424510632,-0.03757505863904953,-0.29331743717193604,-2.481280714285714,1223.0
1814,35840,70,19,0.006596741848625243,1.003067970275879,1104,-0.026074072433402762,0.016932495,-44.01305866241455,0.2,0.2359619140625,0.0004092704424510632,-0.02301676571369171,-0.38496100902557373,-2.4857069655172412,1223.0
1814,36352,71,20,0.06929650786332786,1.0039403438568115,1120,-0.031500132696237415,0.031476904,-44.01356256008148,0.2,0.29638671875,0.0004092704424510632,-0.025149378925561905,0.09987401962280273,-2.4857069655172412,1223.0
1815,36864,72,20,0.019088515880866908,1.0042362213134766,1136,-0.019763706768571865,0.018256556,-44.036351799964905,0.2,0.1866455078125,0.0004092704424510632,-0.04112570732831955,-3.0391016006469727,-2.4853940999999997,1223.0
1817,37376,73,20,0.07189455372281373,1.004252314567566,1152,-0.021665264066541567,0.021596469,-44.04496395587921,0.2,0.1767578125,0.0004092704424510632,-0.0032384060323238373,0.5551823377609253,-2.4853940999999997,1223.0
1817,37888,74,20,0.008595673061790876,1.0044840574264526,1168,-0.02618340603657998,0.019668888,-44.043490409851074,0.2,0.20703125,0.0004092704424510632,-0.04003385454416275,-2.940722942352295,-2.4853940999999997,1223.0
1815,38400,75,21,0.003529454712406732,1.005089282989502,1184,-0.032415852561825886,0.021399405,-44.0444792509079,0.2,0.2640380859375,0.0004092704424510632,-0.041351739317178726,0.43087005615234375,-2.4782057741935484,1223.0
1814,38912,76,21,0.05904889211524278,1.003936529159546,1200,-0.02675346238538623,0.048454687,-44.044575333595276,0.2,0.31787109375,0.0004092704424510632,-0.008226688951253891,0.22102278470993042,-2.4782057741935484,1223.0
1811,39424,77,21,0.011174036291777156,1.0026882886886597,1216,-0.02534007778740488,0.017075796,-44.004966259002686,0.2,0.2210693359375,0.0004092704424510632,-0.032897211611270905,-3.616215705871582,-2.4768025,1223.0
1810,39936,78,22,0.09605509310495108,1.0016587972640991,1232,-0.02930374972493155,0.033637356,-43.96363162994385,0.2,0.286865234375,0.0004092704424510632,-0.02187129110097885,0.11883139610290527,-2.4768025,1223.0
1810,40448,79,22,0.01748507982119918,1.002832293510437,1248,-0.02480586966703413,0.017764455,-43.96284008026123,0.2,0.217529296875,0.0004092704424510632,-0.04269811511039734,-5.875387668609619,-2.4777268787878786,1223.0
1810,40960,80,22,0.09732277016155422,1.003616213798523,1264,-0.019337466888828203,0.021204479,-44.00196588039398,0.2,0.2005615234375,0.0004092704424510632,0.004475921392440796,0.34343743324279785,-2.4777268787878786,1223.0
1810,41472,81,22,0.013461886803270318,1.0034644603729248,1280,-0.01572665208368562,0.0119887665,-44.008243560791016,0.2,0.137451171875,0.0004092704424510632,-0.02268791012465954,-1.2200665473937988,-2.4777268787878786,1223.0
1810,41984,82,23,0.004309252355596982,1.004456639289856,1296,-0.029723797255428508,0.023126077,-44.01297843456268,0.2,0.293212890625,0.0004092704424510632,-0.04173657298088074,-0.1496506929397583,-2.4736005588235295,1223.0
1812,42496,83,23,0.1057249364675954,1.0057289600372314,1312,-0.025452113710343838,0.022718742,-44.05395328998566,0.2,0.284912109375,0.0004092704424510632,0.00842636451125145,0.10678690671920776,-2.4736005588235295,1223.0
1814,43008,84,23,0.026588569424347952,1.0059921741485596,1328,-0.01801580273604486,0.016263206,-44.07613563537598,0.2,0.176513671875,0.0004092704424510632,-0.007682749070227146,-6.698298454284668,-2.4744512857142857,1223.0
1815,43520,85,23,0.0841301055625081,1.0064438581466675,1344,-0.0221482852648478,0.019291267,-44.080716013908386,0.2,0.196533203125,0.0004092704424510632,0.013856194913387299,0.652111291885376,-2.4744512857142857,1223.0
1816,44032,86,24,0.011594184543355368,1.0080493688583374,1360,-0.023018007195787504,0.014467398,-44.10308849811554,0.2,0.21142578125,0.0004092704424510632,-0.03933297470211983,-5.127419471740723,-2.471211388888889,1223.0
1817,44544,87,24,0.08840364590287209,1.0093238353729248,1376,-0.02511856469209306,0.024972746,-44.1578072309494,0.2,0.2283935546875,0.0004092704424510632,0.00043294578790664673,0.19730794429779053,-2.471211388888889,1223.0
1818,45056,88,24,0.01855940034147352,1.0098782777786255,1392,-0.02104131276428234,0.016258623,-44.180824398994446,0.2,0.191650390625,0.0004092704424510632,-0.026539169251918793,-0.3177952766418457,-2.471211388888889,1223.0
1818,45568,89,25,0.003451327338552801,1.0110276937484741,1408,-0.025211647065589204,0.01505065,-44.2061128616333,0.2,0.23193359375,0.0004092704424510632,-0.03563402593135834,-1.069068193435669,-2.4691828378378378,1223.0
1819,46080,90,25,0.09264306607656181,1.010163426399231,1424,-0.019679228629684076,0.020231118,-44.21614694595337,0.2,0.1884765625,0.0004092704424510632,0.0022643059492111206,0.103793203830719,-2.4691828378378378,1223.0
1819,46592,91,25,0.013462101196637377,1.009647011756897,1440,-0.028892140660900623,0.019321395,-44.18669140338898,0.2,0.2568359375,0.0004092704424510632,-0.04638050124049187,-4.4467854499816895,-2.4689315,1223.0
1821,47104,92,25,0.11899481154978275,1.0085232257843018,1456,-0.01998424989869818,0.020947305,-44.16459941864014,0.2,0.208251953125,0.0004092704424510632,0.04902755096554756,0.1946360468864441,-2.4689315,1223.0
1822,47616,93,26,0.017665500636212528,1.0085091590881348,1472,-0.024293462178320624,0.017854165,-44.139796018600464,0.2,0.2183837890625,0.0004092704424510632,-0.03408044949173927,-2.122640609741211,-2.4689315,1223.0
1823,48128,94,26,0.004746723949210718,1.0089088678359985,1488,-0.02662562736077234,0.015649248,-44.14773404598236,0.2,0.2427978515625,0.0004092704424510632,-0.04077627509832382,-0.22906160354614258,-2.4671104871794873,1223.0
1823,48640,95,26,0.10176161851268262,1.0076935291290283,1504,-0.018740372004685923,0.021991998,-44.13436412811279,0.2,0.2322998046875,0.0004092704424510632,0.019866153597831726,0.09056603908538818,-2.4671104871794873,1223.0
1822,49152,96,26,0.02497529092943296,1.006967544555664,1520,-0.023826336080674082,0.019888824,-44.10380828380585,0.2,0.2413330078125,0.0004092704424510632,-0.03433677554130554,-6.688754558563232,-2.464596725,1223.0
1821,49664,97,27,0.0734176894184202,1.0070693492889404,1536,-0.025093767457292415,0.023737112,-44.088423371315,0.2,0.21875,0.0004092704424510632,0.0003337487578392029,0.5056414008140564,-2.464596725,1223.0
1820,50176,98,27,0.014892963532474823,1.0070955753326416,1552,-0.02899033372523263,0.023395944,-44.09368026256561,0.2,0.2550048828125,0.0004092704424510632,-0.051243457943201065,-2.083289861679077,-2.462248707317073,1223.0
1820,50688,99,27,0.08713149453978986,1.0068329572677612,1568,-0.02335499119362794,0.026925404,-44.090232133865356,0.2,0.2384033203125,0.0004092704424510632,-0.00221879780292511,0.2727004885673523,-2.462248707317073,1223.0
1820,51200,100,28,0.011356996896211058,1.0052871704101562,1584,-0.02355131039803382,0.017886776,-44.06978750228882,0.2,0.2235107421875,0.0004092704424510632,-0.027778703719377518,-0.915937066078186,-2.462248707317073,1223.0
1821,51712,101,28,0.0045702012575929984,1.0035542249679565,1600,-0.025978871650295332,0.016143676,-44.0090765953064,0.2,0.235595703125,0.0004092704424510632,-0.02974911965429783,-0.2678678035736084,-2.4619639523809522,1223.0
1822,52224,102,28,0.09859545761719346,1.0036554336547852,1616,-0.02333540638210252,0.02130111,-43.97675108909607,0.2,0.2119140625,0.0004092704424510632,-0.011644337326288223,0.13112205266952515,-2.4619639523809522,1223.0
1823,52736,103,28,0.009180901317449752,1.0050079822540283,1632,-0.027832375635625795,0.018497929,-43.99812972545624,0.2,0.2730712890625,0.0004092704424510632,-0.030027970671653748,-5.746345043182373,-2.458855558139535,1223.0
1823,53248,104,29,0.11946450045797974,1.005789041519165,1648,-0.022851843503303826,0.022634514,-44.0394926071167,0.2,0.2196044921875,0.0004092704424510632,0.004263885319232941,0.1653139591217041,-2.458855558139535,1223.0
1823,53760,105,29,0.015494998035137542,1.004677414894104,1664,-0.026826294313650578,0.021651987,-44.03152358531952,0.2,0.22705078125,0.0004092704424510632,-0.02717096544802189,-3.7802352905273438,-2.458855558139535,1223.0
1823,54272,106,29,0.005227130284765735,1.003541350364685,1680,-0.02414699010842014,0.015911693,-43.98773980140686,0.2,0.255126953125,0.0004092704424510632,-0.030105972662568092,0.2918279767036438,-2.4544899772727273,1223.0
1823,54784,107,30,0.08223113289568573,1.0032395124435425,1696,-0.023449662141501904,0.021783728,-43.963913440704346,0.2,0.2186279296875,0.0004092704424510632,-0.011286364868283272,0.2112467885017395,-2.4544899772727273,1223.0
1823,55296,108,30,0.012891388323623687,1.0035613775253296,1712,-0.029192539252107963,0.021689367,-43.95672380924225,0.2,0.2454833984375,0.0004092704424510632,-0.0473131462931633,-4.554259777069092,-2.452949688888889,1223.0
1823,55808,109,30,0.10052082990296185,1.0046169757843018,1728,-0.017333327879896387,0.015177416,-43.97971451282501,0.2,0.1697998046875,0.0004092704424510632,0.014455605298280716,0.11773449182510376,-2.452949688888889,1223.0
1824,56320,110,30,0.009782488727068994,1.0026943683624268,1744,-0.022104007890447974,0.017722148,-43.98040997982025,0.2,0.2049560546875,0.0004092704424510632,-0.022095371037721634,-8.059661865234375,-2.454026608695652,1223.0
1825,56832,111,31,0.12946117436513305,1.001246452331543,1760,-0.01726558373775333,0.015088363,-43.90791201591492,0.2,0.1807861328125,0.0004092704424510632,0.019221507012844086,0.13312876224517822,-2.454026608695652,1223.0
1826,57344,112,31,0.01180353737436235,1.0006659030914307,1776,-0.020286370956455357,0.012801604,-43.8817572593689,0.2,0.1793212890625,0.0004092704424510632,-0.02909010276198387,-0.7784966230392456,-2.454026608695652,1223.0
1826,57856,113,31,0.005526016240764875,1.0004156827926636,1792,-0.03231220814632252,0.022917697,-43.86351954936981,0.2,0.291259765625,0.0004092704424510632,-0.03476743400096893,-0.21282315254211426,-2.454316978723404,1223.0
1826,58368,114,31,0.1357811102643609,1.000142216682434,1808,-0.025565162621205673,0.019196752,-43.86016130447388,0.2,0.2159423828125,0.0004092704424510632,0.0029832664877176285,0.12816625833511353,-2.454316978723404,1223.0
1826,58880,115,32,0.013169168800232,1.0002411603927612,1824,-0.023457221119315363,0.013609779,-43.85350465774536,0.2,0.18408203125,0.0004092704424510632,-0.02007029391825199,-4.259838581085205,-2.4527300208333336,1223.0
1827,59392,116,32,0.14575234020594507,1.0009709596633911,1840,-0.01990580809797393,0.019557867,-43.86924469470978,0.2,0.1715087890625,0.0004092704424510632,0.01982608251273632,0.1511363983154297,-2.4527300208333336,1223.0
1827,59904,117,32,0.008666214467666578,1.0006861686706543,1856,-0.02152938751169131,0.017516082,-43.87816405296326,0.2,0.19921875,0.0004092704424510632,-0.03629978001117706,-2.9316811561584473,-2.4527300208333336,1223.0
1828,60416,118,33,0.006430872861528769,0.9992057681083679,1872,-0.029133889198419638,0.017019723,-43.84978795051575,0.2,0.2510986328125,0.0004092704424510632,-0.041146017611026764,0.40374720096588135,-2.4510754897959184,1223.0
1830,60928,119,33,0.08358671318273991,0.9998615980148315,1888,-0.029086203692713752,0.047353886,-43.82998335361481,0.2,0.2950439453125,0.0004092704424510632,-0.006662305444478989,0.34499645233154297,-2.4510754897959184,1223.0
1831,61440,120,33,0.006318234933132771,0.9995618462562561,1904,-0.026176708153798245,0.01662096,-43.84804666042328,0.2,0.2396240234375,0.0004092704424510632,-0.033182140439748764,-3.4194507598876953,-2.4502165199999997,1223.0
1832,61952,121,33,0.18377552251331508,0.9992524981498718,1920,-0.024586289713624865,0.01782448,-43.83311927318573,0.2,0.285888671875,0.0004092704424510632,0.008268605917692184,0.06799072027206421,-2.4502165199999997,1223.0
1833,62464,122,34,0.021051308125606738,0.999580979347229,1936,-0.021932159987045452,0.020955,-43.83196663856506,0.2,0.1932373046875,0.0004092704424510632,-0.03756580129265785,-4.097564220428467,-2.452804862745098,1223.0
1834,62976,123,34,0.17141367867588997,0.9998884797096252,1952,-0.01996867754496634,0.016875282,-43.84704566001892,0.2,0.185791015625,0.0004092704424510632,0.023105837404727936,0.14715564250946045,-2.452804862745098,1223.0
1834,63488,124,34,0.011960257135797292,1.0009739398956299,1968,-0.02172767635784112,0.016156482,-43.86344766616821,0.2,0.2113037109375,0.0004092704424510632,-0.030249547213315964,-1.824465036392212,-2.452804862745098,1223.0
1834,64000,125,34,0.0038413423098973,1.0016692876815796,1984,-0.027658489620080218,0.026512504,-43.8961683511734,0.2,0.2860107421875,0.0004092704424510632,-0.03410778194665909,-0.03522229194641113,-2.4512381538461536,1223.0
1835,64512,126,35,0.17404768988490105,1.0018287897109985,2000,-0.02041142182861222,0.017069802,-43.911404967308044,0.2,0.150146484375,0.0004092704424510632,0.0353129617869854,0.14850902557373047,-2.4512381538461536,1223.0
1836,65024,127,35,0.01022758996259654,1.0029280185699463,2016,-0.03396797001187224,0.022789165,-43.925955057144165,0.2,0.2783203125,0.0004092704424510632,-0.04836789891123772,-5.907949924468994,-2.4493841509433962,1223.0
1836,65536,128,35,0.24419585173018277,1.0035347938537598,2032,-0.02007780270650983,0.019351117,-43.96413195133209,0.2,0.1666259765625,0.0004092704424510632,0.01681257039308548,0.08432286977767944,-2.4493841509433962,1223.0
1836,66048,129,35,0.01342636653862428,1.0029820203781128,2048,-0.021593905781628564,0.014577688,-43.964256286621094,0.2,0.1900634765625,0.0004092704424510632,-0.03916999325156212,-3.185825824737549,-2.4495839444444445,1223.0
1837,66560,130,36,0.22767557459883392,1.0024341344833374,2064,-0.022147288182168268,0.015878307,-43.94407880306244,0.2,0.14892578125,0.0004092704424510632,0.03381175920367241,0.1611766815185547,-2.4495839444444445,1223.0
1836,67072,131,36,0.008674867785884999,1.0026843547821045,2080,-0.02441024406289216,0.018653136,-43.936891317367554,0.2,0.2249755859375,0.0004092704424510632,-0.02812793478369713,-0.5855046510696411,-2.4495839444444445,1223.0
1836,67584,132,36,0.003473002027021721,1.0002825260162354,2096,-0.024288836197229102,0.014894087,-43.91056787967682,0.2,0.2249755859375,0.0004092704424510632,-0.03729138523340225,-0.6274770498275757,-2.4475692181818185,1223.0
1836,68096,133,37,0.29028185456991196,0.9996299743652344,2112,-0.017258459352888167,0.014514308,-43.85276770591736,0.2,0.13330078125,0.0004092704424510632,0.022757526487112045,0.11123919486999512,-2.4475692181818185,1223.0
1836,68608,134,37,0.01052336842258228,1.0002162456512451,2128,-0.022444185844506137,0.01918916,-43.855226159095764,0.2,0.187255859375,0.0004092704424510632,-0.03858012333512306,-5.0951924324035645,-2.449113696428572,1223.0
1835,69120,135,37,0.3154121143743396,1.0004518032073975,2144,-0.015927004074910656,0.011450928,-43.873669385910034,0.2,0.1593017578125,0.0004092704424510632,0.08752503991127014,0.11557155847549438,-2.449113696428572,1223.0
1836,69632,136,37,0.010975277269608341,1.0000391006469727,2160,-0.023353631986537948,0.014169123,-43.87111139297485,0.2,0.1844482421875,0.0004092704424510632,-0.03911712393164635,-3.265787124633789,-2.449113696428572,1223.0
1836,70144,137,38,0.003289857293566456,0.998619556427002,2176,-0.02457051926467102,0.018027473,-43.83476185798645,0.2,0.2628173828125,0.0004092704424510632,-0.03479135408997536,-0.033172011375427246,-2.447576894736842,1223.0
1837,70656,138,38,0.39624496828764677,0.9977933764457703,2192,-0.014000321796629578,0.013113294,-43.79352009296417,0.2,0.0675048828125,0.0004092704424510632,0.07157324254512787,0.06859642267227173,-2.447576894736842,1223.0
1837,71168,139,38,0.03240020757948514,0.998528778553009,2208,-0.03103178048331756,0.02303622,-43.78661036491394,0.2,0.2669677734375,0.0004092704424510632,-0.03403719142079353,-7.181698799133301,-2.446043155172414,1223.0
1838,71680,140,38,0.31507496116682887,0.9990594387054443,2224,-0.02211534341040533,0.01724226,-43.81209695339203,0.2,0.2001953125,0.0004092704424510632,0.0910455733537674,0.10366630554199219,-2.446043155172414,1223.0
1838,72192,141,39,0.043631589360302314,0.999004602432251,2240,-0.023671711489441805,0.014803046,-43.81822121143341,0.2,0.2017822265625,0.0004092704424510632,-0.02788722515106201,-3.1638689041137695,-2.4437882203389836,1223.0
1836,72704,142,39,0.22922135656699538,0.9984695911407471,2256,-0.014255450500058942,0.014389876,-43.811018109321594,0.2,0.102294921875,0.0004092704424510632,0.06374518573284149,0.462194561958313,-2.4437882203389836,1223.0
1836,73216,143,39,0.027269096754025668,0.9970285296440125,2272,-0.01884621664066799,0.017066946,-43.78486466407776,0.2,0.17041015625,0.0004092704424510632,-0.01807001419365406,-1.448674201965332,-2.4437882203389836,1223.0
1835,73728,144,40,0.00331749148608651,0.9972987771034241,2288,-0.033204405510332435,0.01925512,-43.75433921813965,0.2,0.2880859375,0.0004092704424510632,-0.04503975808620453,-0.8008395433425903,-2.4457761500000004,1223.0
1835,74240,145,40,0.20460556913167238,0.9967490434646606,2304,-0.01610945852007717,0.013016678,-43.76120483875275,0.2,0.1153564453125,0.0004092704424510632,0.030818138271570206,0.13159000873565674,-2.4457761500000004,1223.0
1835,74752,146,40,0.014779327349970117,0.9955880641937256,2320,-0.02597095342935063,0.018233368,-43.73613440990448,0.2,0.2220458984375,0.0004092704424510632,-0.03687774017453194,-3.025505542755127,-2.4452984098360657,1223.0
1835,75264,147,41,0.2990140353795141,0.995471715927124,2336,-0.023327938353759237,0.018716086,-43.715298891067505,0.2,0.1522216796875,0.0004092704424510632,0.019312772899866104,0.09636247158050537,-2.4452984098360657,1223.0
4213,75776,1,0,0.013867672678316012,0.9948331713676453,2352,-0.02211683952191379,0.014791682,-43.709219455718994,0.2,0.1846923828125,0.0004092704424510632,-0.022890765219926834,-3.255648612976074,-2.4452984098360657,1223.0
2687,76288,2,0,0.0040961780832731165,0.9970445036888123,2368,-0.028092474065488204,0.018855391,-43.717676281929016,0.2,0.2744140625,0.0004092704424510632,-0.04015667364001274,0.23813766241073608,-2.446095870967742,1223.0
2376,76800,3,0,0.17549914517439902,0.9980112314224243,2384,-0.022407526012102608,0.030302705,-43.777750968933105,0.2,0.221435546875,0.0004092704424510632,0.016007009893655777,0.16929316520690918,-2.446095870967742,1223.0
2258,77312,4,0,0.01950713634141721,0.9979897737503052,2400,-0.023672732160775922,0.016367774,-43.78521490097046,0.2,0.22021484375,0.0004092704424510632,-0.01989365927875042,-3.81192684173584,-2.4478569682539684,1223.0
2197,77824,5,1,0.25524212908931077,0.997893214225769,2416,-0.023138265911256894,0.02065659,-43.78463327884674,0.2,0.1697998046875,0.0004092704424510632,0.09700895845890045,0.09200352430343628,-2.4478569682539684,1223.0
2154,78336,6,1,0.036579035164322704,0.9971731305122375,2432,-0.02178404005826451,0.016580142,-43.77543902397156,0.2,0.199462890625,0.0004092704424510632,-0.01814553514122963,-5.6163859367370605,-2.44716740625,1223.0
2137,78848,7,1,0.19436736963689327,0.9971884489059448,2448,-0.021742159238783643,0.01832805,-43.75469350814819,0.2,0.1878662109375,0.0004092704424510632,0.036225397139787674,0.16121679544448853,-2.44716740625,1223.0
2108,79360,8,1,0.012759836681652814,0.9955787062644958,2464,-0.02342436573235318,0.016982589,-43.73543870449066,0.2,0.23046875,0.0004092704424510632,-0.024086691439151764,-0.8199411630630493,-2.44716740625,1223.0
2082,79872,9,2,0.0058089745143661276,0.9948065876960754,2480,-0.03255764505593106,0.020696245,-43.685068011283875,0.2,0.29931640625,0.0004092704424510632,-0.03237506002187729,-0.03829813003540039,-2.4472942615384614,1223.0
2071,80384,10,2,0.20928211300633848,0.9953699707984924,2496,-0.022348008751578163,0.018062133,-43.68119513988495,0.2,0.1505126953125,0.0004092704424510632,0.03927633911371231,0.16619223356246948,-2.4472942615384614,1223.0
2060,80896,11,2,0.019468999846139923,0.9953784942626953,2512,-0.02011666817998048,0.015563549,-43.694183230400085,0.2,0.185546875,0.0004092704424510632,-0.0386587455868721,-5.462935447692871,-2.4496714545454545,1223.0
2054,81408,12,2,0.1708058277145028,0.9958920478820801,2528,-0.02497246564598754,0.019001324,-43.69900941848755,0.2,0.2296142578125,0.0004092704424510632,0.013122087344527245,0.12887603044509888,-2.4496714545454545,1223.0
2042,81920,13,3,0.00892808663775213,0.9948468804359436,2544,-0.0236016699927859,0.016537251,-43.69911777973175,0.2,0.220703125,0.0004092704424510632,-0.03791290521621704,-3.596524715423584,-2.4496714545454545,1223.0
2033,82432,14,3,0.004966598775354214,0.9928123950958252,2560,-0.022912281507160515,0.01449688,-43.645556926727295,0.2,0.214599609375,0.0004092704424510632,-0.030312510207295418,0.3539600372314453,-2.450538029850746,1223.0
2024,82944,15,3,0.08678152912762016,0.9926210641860962,2576,-0.023684364758082666,0.027151402,-43.59939646720886,0.2,0.2601318359375,0.0004092704424510632,-0.014970596879720688,0.2736981511116028,-2.450538029850746,1223.0
2017,83456,16,4,0.0069689302472397685,0.9944412112236023,2592,-0.023802071576938033,0.01852254,-43.62792682647705,0.2,0.2496337890625,0.0004092704424510632,-0.020958900451660156,-4.803751468658447,-2.4497854705882354,1223.0
2010,83968,17,4,0.22264232416637242,0.994477391242981,2608,-0.02309972365037538,0.018077536,-43.66013503074646,0.2,0.1873779296875,0.0004092704424510632,0.01582237333059311,0.09572595357894897,-2.4497854705882354,1223.0
2004,84480,18,4,0.009823905595112592,0.9943965673446655,2624,-0.028403409538441338,0.018006414,-43.65532720088959,0.2,0.2435302734375,0.0004092704424510632,-0.03945581614971161,-4.591249942779541,-2.4497542753623187,1223.0
1999,84992,19,4,0.25495152338407934,0.9938875436782837,2640,-0.021372041752329096,0.01902663,-43.658957958221436,0.2,0.1756591796875,0.0004092704424510632,0.020865559577941895,0.11294400691986084,-2.4497542753623187,1223.0
1993,85504,20,5,0.013528327224776149,0.9937450885772705,2656,-0.03027836832916364,0.016896319,-43.647727370262146,0.2,0.268798828125,0.0004092704424510632,-0.0446845106780529,-0.6857469081878662,-2.4497542753623187,1223.0
1988,86016,21,5,0.00373817773652263,0.9966015815734863,2672,-0.026069581246702,0.016255673,-43.67532730102539,0.2,0.24853515625,0.0004092704424510632,-0.03503398224711418,0.045514464378356934,-2.449239128571428,1223.0
1984,86528,22,5,0.28275084192864597,0.9982048273086548,2688,-0.024729850760195404,0.016528096,-43.76076078414917,0.2,0.1329345703125,0.0004092704424510632,0.05676181614398956,0.1578843593597412,-2.449239128571428,1223.0
1981,87040,23,5,0.03284089488442987,0.9971457123756409,2704,-0.03047039933153428,0.02077663,-43.7773163318634,0.2,0.2320556640625,0.0004092704424510632,-0.036967191845178604,-7.892866134643555,-2.447836690140845,1223.0
1980,87552,24,6,0.27499896567314863,0.9965890049934387,2720,-0.0179053173342254,0.020420354,-43.737727642059326,0.2,0.187744140625,0.0004092704424510632,0.00964098609983921,0.054121196269989014,-2.447836690140845,1223.0
1975,88064,25,6,0.01811866194475442,0.9969920516014099,2736,-0.018476485172868706,0.014732517,-43.7433522939682,0.2,0.1590576171875,0.0004092704424510632,-0.025894075632095337,-4.084415912628174,-2.450011625,1223.0
1971,88576,26,6,0.2588685811497271,0.9968833923339844,2752,-0.016544848011108115,0.015152699,-43.756412506103516,0.2,0.1036376953125,0.0004092704424510632,0.03733460232615471,0.1409040093421936,-2.450011625,1223.0
1970,89088,27,7,0.0189681155316066,0.9981337785720825,2768,-0.030601831909734756,0.02135804,-43.763876080513,0.2,0.2781982421875,0.0004092704424510632,-0.030902523547410965,-0.1665436029434204,-2.450011625,1223.0
1969,89600,28,7,0.0045894519571447745,0.9970774054527283,2784,-0.02788448432693258,0.027205976,-43.780449628829956,0.2,0.2769775390625,0.0004092704424510632,-0.03572651743888855,-1.659712553024292,-2.451767643835617,1223.0
1967,90112,29,7,0.2911990652792156,0.9967014789581299,2800,-0.0194017133617308,0.014789026,-43.74896252155304,0.2,0.235595703125,0.0004092704424510632,0.04929358512163162,0.12726902961730957,-2.451767643835617,1223.0
1964,90624,30,7,0.030936551716877148,0.9954894185066223,2816,-0.023014982201857492,0.019282192,-43.734230518341064,0.2,0.1798095703125,0.0004092704424510632,-0.022311631590127945,-5.951122283935547,-2.45351972972973,1223.0
1962,91136,31,8,0.2252471160609275,0.9949886202812195,2832,-0.013096666865749285,0.014076602,-43.693703293800354,0.2,0.0938720703125,0.0004092704424510632,0.027124524116516113,0.1418803334236145,-2.45351972972973,1223.0
1962,91648,32,8,0.010885487703490071,0.99619060754776,2848,-0.019476765955914743,0.01460569,-43.699926137924194,0.2,0.1864013671875,0.0004092704424510632,-0.03387419134378433,-2.260427474975586,-2.45351972972973,1223.0
1963,92160,33,8,0.0036166378631605767,0.9958068132400513,2864,-0.026151139347348362,0.018753342,-43.723212242126465,0.2,0.2587890625,0.0004092704424510632,-0.0412614531815052,-0.040990233421325684,-2.4533882400000007,1223.0
1960,92672,34,8,0.2190856747329235,0.99590665102005,2880,-0.019790598307736218,0.018376289,-43.707550048828125,0.2,0.1380615234375,0.0004092704424510632,0.015050850808620453,0.11912167072296143,-2.4533882400000007,1223.0
1960,93184,35,9,0.012575540444231592,0.994384229183197,2896,-0.021224497410003096,0.013301689,-43.69606614112854,0.2,0.1651611328125,0.0004092704424510632,-0.036766842007637024,-7.716076850891113,-2.4535310394736847,1223.0
1959,93696,36,9,0.29040883854031563,0.9935520887374878,2912,-0.01935402701201383,0.017033136,-43.64400887489319,0.2,0.123046875,0.0004092704424510632,0.006316252052783966,0.06655740737915039,-2.4535310394736847,1223.0
1958,94208,37,9,0.015079981531016529,0.9921349883079529,2928,-0.023799435555702075,0.01408406,-43.62104892730713,0.2,0.18310546875,0.0004092704424510632,-0.030709292739629745,-3.296816825866699,-2.4540621168831174,1223.0
1957,94720,38,9,0.2850063450168818,0.9915422201156616,2944,-0.020652119812439196,0.019686008,-43.58217942714691,0.2,0.1083984375,0.0004092704424510632,0.01784549281001091,0.1626901626586914,-2.4540621168831174,1223.0
1955,95232,39,10,0.01273212450905703,0.9911378026008606,2960,-0.01888236864033388,0.014356342,-43.56206452846527,0.2,0.15283203125,0.0004092704424510632,-0.014743708074092865,-1.154798984527588,-2.4540621168831174,1223.0
1953,95744,40,10,0.003496908819215605,0.990268886089325,2976,-0.027975117991445586,0.015405376,-43.548526763916016,0.2,0.2381591796875,0.0004092704424510632,-0.03352044150233269,-0.28093433380126953,-2.4542397820512822,1223.0
1951,96256,41,10,0.26744559733197093,0.9899467825889587,2992,-0.02322380422265269,0.019457016,-43.523756980895996,0.2,0.12353515625,0.0004092704424510632,0.032769035547971725,0.15275317430496216,-2.4542397820512822,1223.0
1949,96768,42,11,0.014034607273060828,0.9886805415153503,3008,-0.020470004601520486,0.01513901,-43.5033313035965,0.2,0.1837158203125,0.0004092704424510632,-0.01828756183385849,-3.7239322662353516,-2.4536304683544308,1223.0
1947,97280,43,11,0.4069884615018964,0.9885262250900269,3024,-0.019768984479014762,0.015893556,-43.46929979324341,0.2,0.0966796875,0.0004092704424510632,0.021077338606119156,0.11071974039077759,-2.4536304683544308,1223.0
1945,97792,44,11,0.016663629590766504,0.9897992610931396,3040,-0.020162055880064145,0.018312197,-43.48689687252045,0.2,0.1905517578125,0.0004092704424510632,-0.023783927783370018,-4.649283409118652,-2.4536304683544308,1223.0
1943,98304,45,11,0.0038683795064571314,0.990568220615387,3056,-0.03415272581332829,0.022459358,-43.525930404663086,0.2,0.2938232421875,0.0004092704424510632,-0.04056602343916893,0.18592536449432373,-2.4531023000000003,1223.0
1943,98816,46,12,0.24491353356279433,0.9901665449142456,3072,-0.017573324948898517,0.017041072,-43.525503635406494,0.2,0.1236572265625,0.0004092704424510632,0.016040276736021042,0.11486434936523438,-2.4531023000000003,1223.0
1942,99328,47,12,0.020444751280592754,0.9907137155532837,3088,-0.02455412017297931,0.021171218,-43.52177846431732,0.2,0.2398681640625,0.0004092704424510632,-0.02364516258239746,-2.8026468753814697,-2.452529987654321,1223.0
1941,99840,48,12,0.3116319989785552,0.9914610385894775,3104,-0.020272529873182066,0.015721679,-43.548213958740234,0.2,0.1337890625,0.0004092704424510632,0.038828201591968536,0.06720834970474243,-2.452529987654321,1223.0
1941,100352,49,12,0.02189167679171078,0.990149736404419,3120,-0.018706989620113745,0.0132073015,-43.54436445236206,0.2,0.1654052734375,0.0004092704424510632,-0.01757044345140457,-4.027677536010742,-2.4523343902439025,1223.0
1940,100864,50,13,0.30897087091580033,0.9897799491882324,3136,-0.018950222030980512,0.012972891,-43.50508093833923,0.2,0.1478271484375,0.0004092704424510632,0.10447601974010468,0.1445719599723816,-2.4523343902439025,1223.0
1940,101376,51,13,0.020694085862487555,0.9905095100402832,3152,-0.022006474842783064,0.018732814,-43.51243042945862,0.2,0.2086181640625,0.0004092704424510632,-0.016449380666017532,-1.9851090908050537,-2.4523343902439025,1223.0
1940,101888,52,13,0.004634019947843626,0.9874610900878906,3168,-0.031888470861304086,0.026078403,-43.492610812187195,0.2,0.303955078125,0.0004092704424510632,-0.031813230365514755,-0.19165098667144775,-2.453112265060241,1223.0
1940,102400,53,13,0.29477835609577596,0.9865104556083679,3184,-0.02255532584968023,0.01659746,-43.409310698509216,0.2,0.1435546875,0.0004092704424510632,0.029639042913913727,0.15406280755996704,-2.453112265060241,1223.0
1939,102912,54,14,0.04674323869403452,0.987601101398468,3200,-0.022723262722138315,0.016490784,-43.41677367687225,0.2,0.17919921875,0.0004092704424510632,-0.027455441653728485,-7.317071914672852,-2.4529276785714287,1223.0
1938,103424,55,14,0.2908180532976985,0.9877685904502869,3216,-0.026480406275368296,0.024647713,-43.44219243526459,0.2,0.2083740234375,0.0004092704424510632,0.016962993890047073,0.09350395202636719,-2.4529276785714287,1223.0
1937,103936,56,14,0.020888338622171432,0.988983154296875,3232,-0.023919065395602956,0.022530727,-43.45503056049347,0.2,0.223388671875,0.0004092704424510632,-0.03397846966981888,-3.4999337196350098,-2.4529276785714287,1223.0
1937,104448,57,15,0.005056865782535169,0.9906243085861206,3248,-0.02609013789333403,0.016705336,-43.50116014480591,0.2,0.2679443359375,0.0004092704424510632,-0.02497377246618271,0.40141844749450684,-2.4538308705882352,1223.0
1935,104960,58,15,0.10786023270338774,0.9908924698829651,3264,-0.023087115274393,0.02878008,-43.52850353717804,0.2,0.2513427734375,0.0004092704424510632,-0.004288213327527046,0.2874433994293213,-2.4538308705882352,1223.0
1937,105472,59,15,0.0060569372290046886,0.98954838514328,3280,-0.03122145141242072,0.017973043,-43.51326072216034,0.2,0.2705078125,0.0004092704424510632,-0.040738631039857864,-5.675265312194824,-2.45257526744186,1223.0
1938,105984,60,15,0.35500159580260515,0.9886296391487122,3296,-0.02140881444211118,0.019816052,-43.47138273715973,0.2,0.1669921875,0.0004092704424510632,0.08476254343986511,0.043699681758880615,-2.45257526744186,1223.0
1938,106496,61,16,0.004427118896273896,0.9878912568092346,3312,-0.028135133004980162,0.015947897,-43.44456374645233,0.2,0.2373046875,0.0004092704424510632,-0.037438079714775085,-3.801866054534912,-2.4536839310344827,1223.0
1938,107008,62,16,0.3313689520582557,0.9879441261291504,3328,-0.01868821906100493,0.017424777,-43.420724749565125,0.2,0.1463623046875,0.0004092704424510632,0.0921114981174469,0.14685988426208496,-2.4536839310344827,1223.0
1938,107520,63,16,0.025212191801983863,0.9897087812423706,3344,-0.0231679698190419,0.018998355,-43.43906021118164,0.2,0.2178955078125,0.0004092704424510632,-0.022545550018548965,-1.355315923690796,-2.4536839310344827,1223.0
1938,108032,64,16,0.0037124292575754225,0.9886677861213684,3360,-0.03333947042119689,0.025486162,-43.45844638347626,0.2,0.3013916015625,0.0004092704424510632,-0.040086254477500916,-0.24220037460327148,-2.454652147727273,1223.0
1939,108544,65,17,0.26551229623146355,0.9882470369338989,3376,-0.014594666121411137,0.014266386,-43.426902174949646,0.2,0.0833740234375,0.0004092704424510632,0.03500271588563919,0.16365236043930054,-2.454652147727273,1223.0
1939,109056,66,17,0.011373696659575216,0.9887745976448059,3392,-0.02094103896524757,0.018989045,-43.425296783447266,0.2,0.2127685546875,0.0004092704424510632,-0.027491124346852303,-6.08009147644043,-2.4545694831460674,1223.0
1940,109568,67,17,0.4299556026235223,0.989104151725769,3408,-0.014418227263377048,0.010468626,-43.4449325799942,0.2,0.08642578125,0.0004092704424510632,0.02914796769618988,0.06314957141876221,-2.4545694831460674,1223.0
1940,110080,68,17,0.017392739770002663,0.989339292049408,3424,-0.020941958588082343,0.016815562,-43.44727659225464,0.2,0.20703125,0.0004092704424510632,-0.02292756922543049,-4.58976936340332,-2.4547369666666663,1223.0
1940,110592,69,18,0.3580356822349131,0.9891100525856018,3440,-0.011071099404944107,0.0110014845,-43.44723868370056,0.2,0.1041259765625,0.0004092704424510632,0.07263392210006714,0.15349465608596802,-2.4547369666666663,1223.0
1940,111104,70,18,0.019013028679182753,0.9895123243331909,3456,-0.02256164297432406,0.017535925,-43.44659996032715,0.2,0.2030029296875,0.0004092704424510632,-0.031044218689203262,-0.19565808773040771,-2.4547369666666663,1223.0
1940,111616,71,18,0.004392800063214963,0.9910812377929688,3472,-0.03088168774411315,0.020437721,-43.475467562675476,0.2,0.2620849609375,0.0004092704424510632,-0.04220885410904884,-2.3357510566711426,-2.454671835164835,1223.0
1940,112128,72,18,0.3973002270795405,0.9915387630462646,3488,-0.01728182184160687,0.015694384,-43.51246476173401,0.2,0.1290283203125,0.0004092704424510632,0.06795372068881989,0.14604216814041138,-2.454671835164835,1223.0
1940,112640,73,19,0.011665339057799429,0.9922307729721069,3504,-0.023547713790321723,0.015943043,-43.52334463596344,0.2,0.2230224609375,0.0004092704424510632,-0.029735378921031952,-3.0113511085510254,-2.4525758586956523,1223.0
1940,113152,74,19,0.33872430631890893,0.9928522706031799,3520,-0.01641777210170403,0.015005035,-43.550925612449646,0.2,0.1097412109375,0.0004092704424510632,0.05167841166257858,0.12145429849624634,-2.4525758586956523,1223.0
1939,113664,75,19,0.011326651016133837,0.991017758846283,3536,-0.029925083654234186,0.018818194,-43.540730714797974,0.2,0.249267578125,0.0004092704424510632,-0.03866354003548622,-3.5204825401306152,-2.4525758586956523,1223.0
1938,114176,76,20,0.004033593657368328,0.9905609488487244,3552,-0.026796928825206123,0.021550924,-43.48890542984009,0.2,0.2799072265625,0.0004092704424510632,-0.03464946150779724,-0.02190399169921875,-2.4516788602150537,1223.0
1938,114688,77,20,0.37988418713212013,0.9898856282234192,3568,-0.018040640934486873,0.013746416,-43.476526975631714,0.2,0.1033935546875,0.0004092704424510632,0.031716011464595795,0.0976988673210144,-2.4516788602150537,1223.0
1937,115200,78,20,0.03910010974504985,0.9885839819908142,3584,-0.022677392465993762,0.018069584,-43.4482057094574,0.2,0.204345703125,0.0004092704424510632,-0.035858094692230225,-8.450277328491211,-2.4513636276595743,1223.0
1937,115712,79,20,0.4218782929237932,0.9882558584213257,3600,-0.010473466347320937,0.010251322,-43.414193868637085,0.2,0.107666015625,0.0004092704424510632,0.03855133056640625,0.07304495573043823,-2.4513636276595743,1223.0
1937,116224,80,21,0.01873033746960573,0.9888080954551697,3616,-0.022526547487359494,0.022336837,-43.41460084915161,0.2,0.2091064453125,0.0004092704424510632,-0.028444498777389526,-3.787797451019287,-2.4508973894736843,1223.0
1936,116736,81,21,0.30566978454589844,0.9892414212226868,3632,-0.017621512146433815,0.012908341,-43.419121980667114,0.2,0.116943359375,0.0004092704424510632,0.05471685156226158,0.14218777418136597,-2.4508973894736843,1223.0
1936,117248,82,21,0.012926742376293987,0.9900592565536499,3648,-0.026675963221350685,0.021168757,-43.439932465553284,0.2,0.256591796875,0.0004092704424510632,-0.020673487335443497,-0.683395504951477,-2.4508973894736843,1223.0
1936,117760,83,21,0.0037223650615487713,0.9893958568572998,3664,-0.02055137108254712,0.013101398,-43.445860862731934,0.2,0.211669921875,0.0004092704424510632,-0.034362003207206726,-0.8469723463058472,-2.4502209791666667,1223.0
1937,118272,84,22,0.2842167131602764,0.9889767169952393,3680,-0.01647330900595989,0.015211845,-43.42262101173401,0.2,0.0938720703125,0.0004092704424510632,0.028116684406995773,0.16987508535385132,-2.4502209791666667,1223.0
1936,118784,85,22,0.02897224441403523,0.9872949719429016,3696,-0.01935025265265722,0.012255207,-43.39601767063141,0.2,0.1815185546875,0.0004092704424510632,-0.003134719096124172,-0.8751041889190674,-2.4498153402061855,1223.0
1936,119296,86,22,0.3119164251256734,0.9861893057823181,3712,-0.015689670108258724,0.01411139,-43.34282350540161,0.2,0.12646484375,0.0004092704424510632,0.10410131514072418,0.2408754825592041,-2.4498153402061855,1223.0
1936,119808,87,22,0.028373900655424222,0.9880547523498535,3728,-0.023744105172227137,0.024659118,-43.34483098983765,0.2,0.2060546875,0.0004092704424510632,-0.02306005358695984,-5.082003593444824,-2.4498153402061855,1223.0
1936,120320,88,23,0.004770311286847573,0.987702488899231,3744,-0.02748463883472141,0.015129045,-43.39105761051178,0.2,0.2423095703125,0.0004092704424510632,-0.03583110496401787,0.1839277744293213,-2.450114387755102,1223.0
1936,120832,89,23,0.20876129530370235,0.9867798089981079,3760,-0.021835458392160945,0.022775223,-43.36171638965607,0.2,0.1541748046875,0.0004092704424510632,0.006408941000699997,0.15486371517181396,-2.450114387755102,1223.0
1936,121344,90,23,0.01982740158564411,0.9864100217819214,3776,-0.022663691386696883,0.018021151,-43.33997070789337,0.2,0.2354736328125,0.0004092704424510632,-0.0383073054254055,-5.768383026123047,-2.448867808080808,1223.0
1937,121856,91,24,0.3329712962731719,0.9863961935043335,3792,-0.017939916404429823,0.015195955,-43.33956801891327,0.2,0.0797119140625,0.0004092704424510632,0.034688323736190796,0.09707069396972656,-2.448867808080808,1223.0
1938,122368,92,24,0.014823368997895159,0.9861307740211487,3808,-0.028672425425611436,0.019821431,-43.33191633224487,0.2,0.2413330078125,0.0004092704424510632,-0.04324473440647125,-7.519684791564941,-2.44746372,1223.0
1939,122880,93,24,0.3786169458180666,0.9864323735237122,3824,-0.02369176418869756,0.019276105,-43.331275939941406,0.2,0.2012939453125,0.0004092704424510632,0.07651826739311218,0.098380446434021,-2.44746372,1223.0
1940,123392,94,24,0.007209439863800071,0.9867346286773682,3840,-0.020988554882933386,0.01658158,-43.34103608131409,0.2,0.2249755859375,0.0004092704424510632,-0.029615383595228195,-0.9520922899246216,-2.44746372,1223.0
1941,123904,95,25,0.0041235124444938265,0.9876155853271484,3856,-0.0208932892564917,0.017477743,-43.3570214509964,0.2,0.234375,0.0004092704424510632,-0.018083464354276657,-0.058609843254089355,-2.4466748,1223.0
1942,124416,96,25,0.291726928204298,0.987702488899231,3872,-0.01576589880278334,0.013258956,-43.382975697517395,0.2,0.10498046875,0.0004092704424510632,0.06113491952419281,0.1653866171836853,-2.4466748,1223.0
1943,124928,97,25,0.03751296250266023,0.9869153499603271,3888,-0.019565613969461992,0.012482634,-43.371426463127136,0.2,0.1331787109375,0.0004092704424510632,-0.025225114077329636,-8.18173885345459,-2.44417998,1223.0
1944,125440,98,25,0.3411313525866717,0.9867773652076721,3904,-0.019969466971815564,0.014477788,-43.34785556793213,0.2,0.09814453125,0.0004092704424510632,0.06751050800085068,0.0946853756904602,-2.44417998,1223.0
1944,125952,99,26,0.006168594019982265,0.9868685007095337,3920,-0.02825180400395766,0.023699509,-43.346202969551086,0.2,0.2559814453125,0.0004092704424510632,-0.04200230538845062,-4.032748222351074,-2.44417998,1223.0
1945,126464,100,26,0.004933732561767101,0.9879482388496399,3936,-0.027636106737190858,0.01685695,-43.3585342168808,0.2,0.2684326171875,0.0004092704424510632,-0.036672443151474,0.36808478832244873,-2.44095936,1223.0
1946,126976,101,26,0.10974172275746241,0.9884566068649292,3952,-0.013046805281192064,0.020195562,-43.38067436218262,0.2,0.1806640625,0.0004092704424510632,-0.0013288185000419617,0.2698665261268616,-2.44095936,1223.0
1946,127488,102,26,0.006184679223224521,0.9886810183525085,3968,-0.02213565337297041,0.01806239,-43.38841772079468,0.2,0.2393798828125,0.0004092704424510632,-0.029678665101528168,-4.733977794647217,-2.4391772,1223.0
1946,128000,103,27,0.44962428673170507,0.9886533617973328,3984,-0.01559319655643776,0.013816143,-43.390053033828735,0.2,0.10302734375,0.0004092704424510632,0.021035512909293175,0.06454664468765259,-2.4391772,1223.0
1946,128512,104,27,0.015337865188485011,0.9886202216148376,4000,-0.02894053270574659,0.019803194,-43.38645017147064,0.2,0.2401123046875,0.0004092704424510632,-0.042380690574645996,-5.5907368659973145,-2.4390456,1223.0
1946,129024,105,27,0.41478843009099364,0.9889180064201355,4016,-0.01865115901455283,0.0162183,-43.394962191581726,0.2,0.114990234375,0.0004092704424510632,0.05192103981971741,0.0975499153137207,-2.4390456,1223.0
1947,129536,106,27,0.021393357019405812,0.9876319169998169,4032,-0.028084149962523952,0.019988608,-43.38589894771576,0.2,0.2606201171875,0.0004092704424510632,-0.03980932757258415,-1.0743765830993652,-2.4390456,1223.0
1947,130048,107,28,0.003252049813454505,0.9867924451828003,4048,-0.02898881846340373,0.016465709,-43.34764003753662,0.2,0.24365234375,0.0004092704424510632,-0.03064827062189579,-0.03217935562133789,-2.43815815,1223.0
1947,130560,108,28,0.2818999805022031,0.986770510673523,4064,-0.018955346487928182,0.016604763,-43.33490550518036,0.2,0.093994140625,0.0004092704424510632,0.04635041579604149,0.1696174144744873,-2.43815815,1223.0
1947,131072,109,28,0.04387700220104307,0.9865717887878418,4080,-0.024954131091362797,0.019934565,-43.330577969551086,0.2,0.2093505859375,0.0004092704424510632,-0.03359070047736168,-8.281075477600098,-2.4375807999999997,1223.0
1947,131584,110,28,0.302231571637094,0.9859477281570435,4096,-0.019239843619288877,0.018667322,-43.31020438671112,0.2,0.175537109375,0.0004092704424510632,0.042280856519937515,0.10221505165100098,-2.4375807999999997,1223.0
1947,132096,111,29,0.0260933093377389,0.9840074181556702,4112,-0.021783969874377362,0.014614236,-43.2714900970459,0.2,0.209716796875,0.0004092704424510632,-0.018400736153125763,-4.290440559387207,-2.4355494699999998,1223.0
1947,132608,112,29,0.2934684467036277,0.9834047555923462,4128,-0.015499560206080787,0.015167831,-43.21789753437042,0.2,0.1046142578125,0.0004092704424510632,0.03290393576025963,0.20507687330245972,-2.4355494699999998,1223.0
1947,133120,113,29,0.010927202354650944,0.9835987091064453,4144,-0.025333713798318058,0.022777453,-43.214317321777344,0.2,0.254638671875,0.0004092704424510632,-0.032974403351545334,-0.30789661407470703,-2.4355494699999998,1223.0
1947,133632,114,29,0.003999799118901137,0.98370361328125,4160,-0.026224702582112513,0.019045748,-43.220020055770874,0.2,0.2489013671875,0.0004092704424510632,-0.032819733023643494,-0.4538712501525879,-2.4349371100000003,1223.0
1947,134144,115,30,0.27315155719406903,0.983318567276001,4176,-0.022484830566099845,0.02069458,-43.214767813682556,0.2,0.1610107421875,0.0004092704424510632,0.02624455839395523,0.20980024337768555,-2.4349371100000003,1223.0
1947,134656,116,30,0.013348932028748095,0.9822642207145691,4192,-0.029436527576763183,0.019679874,-43.187459111213684,0.2,0.2584228515625,0.0004092704424510632,-0.03736628219485283,-3.3155875205993652,-2.4330847500000004,1223.0
1947,135168,117,30,0.30465238355100155,0.9820197820663452,4208,-0.021504889155039564,0.016737279,-43.160362243652344,0.2,0.1712646484375,0.0004092704424510632,0.03514578938484192,0.14666742086410522,-2.4330847500000004,1223.0
1947,135680,118,31,0.011087167673395015,0.9816803336143494,4224,-0.02678618489881046,0.017869981,-43.150766015052795,0.2,0.24853515625,0.0004092704424510632,-0.040602706372737885,-2.141252279281616,-2.4330847500000004,1223.0
1947,136192,119,31,0.004540989320958033,0.979518711566925,4240,-0.03269140829797834,0.023594363,-43.11698663234711,0.2,0.3065185546875,0.0004092704424510632,-0.0346263162791729,0.013647139072418213,-2.4335087200000003,1223.0
1947,136704,120,31,0.2497878826688975,0.9781395792961121,4256,-0.015255172344041057,0.015024484,-43.05091643333435,0.2,0.10595703125,0.0004092704424510632,0.009670853614807129,0.16708743572235107,-2.4335087200000003,1223.0
1946,137216,121,31,0.012032943748636171,0.9775211811065674,4272,-0.020849532331340015,0.012343074,-43.018943428993225,0.2,0.1934814453125,0.0004092704424510632,-0.02796361781656742,-8.140236854553223,-2.43195175,1223.0
1947,137728,122,32,0.3364561360795051,0.977127194404602,4288,-0.012473067225073464,0.013617484,-43.00219488143921,0.2,0.05419921875,0.0004092704424510632,0.027813740074634552,0.108165442943573,-2.43195175,1223.0
1946,138240,123,32,0.011577828001463786,0.9767693281173706,4304,-0.020501740611507557,0.015511781,-42.987088441848755,0.2,0.1898193359375,0.0004092704424510632,-0.031996339559555054,-4.669414520263672,-2.43172167,1223.0
1947,138752,124,32,0.3384705660864711,0.97686368227005,4320,-0.017375697614625096,0.017859835,-42.982858300209045,0.2,0.116943359375,0.0004092704424510632,0.05056487023830414,0.1353875994682312,-2.43172167,1223.0
1947,139264,125,32,0.01113318839634303,0.9781496524810791,4336,-0.019602044572820887,0.0147377215,-42.998679757118225,0.2,0.1768798828125,0.0004092704424510632,-0.022763503715395927,-1.0164237022399902,-2.43172167,1223.0
1947,139776,126,33,0.004697309464972932,0.9774817824363708,4352,-0.03479289016104303,0.022995286,-43.00531506538391,0.2,0.294921875,0.0004092704424510632,-0.042041003704071045,-0.35686254501342773,-2.43145201,1223.0
1947,140288,127,33,0.3116899710148573,0.9772388339042664,4368,-0.02252419498108793,0.0151855815,-42.979774594306946,0.2,0.1484375,0.0004092704424510632,0.037850964814424515,0.19423902034759521,-2.43145201,1223.0
1947,140800,128,33,0.08340115926694125,0.9767494797706604,4384,-0.02393124924856238,0.01845939,-42.96829009056091,0.2,0.2080078125,0.0004092704424510632,-0.003087952733039856,-0.6125468015670776,-2.42874071,1223.0
1948,141312,129,33,0.3000195680651814,0.9763586521148682,4400,-0.017844017216702923,0.014240344,-42.950581431388855,0.2,0.108154296875,0.0004092704424510632,0.048686683177948,0.4055521488189697,-2.42874071,1223.0
1948,141824,130,34,0.005342222888430115,0.9751459956169128,4416,-0.02704684821947012,0.016516699,-42.929648995399475,0.2,0.230224609375,0.0004092704424510632,-0.048114459961652756,-4.0048136711120605,-2.42874071,1223.0
1949,142336,131,34,0.004725122948002536,0.9735298156738281,4432,-0.030010361864697188,0.022761423,-42.877333760261536,0.2,0.279296875,0.0004092704424510632,-0.03828573226928711,0.26719480752944946,-2.42851022,1223.0
1949,142848,132,34,0.22564968862570822,0.9728187322616577,4448,-0.014905111194821075,0.017391238,-42.82789373397827,0.2,0.0916748046875,0.0004092704424510632,0.0032992474734783173,0.2805808186531067,-2.42851022,1223.0
1950,143360,133,34,0.01171376247657463,0.9744794964790344,4464,-0.026158517968724482,0.01914319,-42.83595955371857,0.2,0.2601318359375,0.0004092704424510632,-0.02929019182920456,-5.006350040435791,-2.4266864,1223.0
1950,143872,134,35,0.34772462118417025,0.9744526147842407,4480,-0.00969288730993867,0.011321355,-42.88230919837952,0.2,0.0887451171875,0.0004092704424510632,0.05144890770316124,0.09411412477493286,-2.4266864,1223.0
1951,144384,135,35,0.015306435379898176,0.9752978682518005,4496,-0.029871576378354803,0.023473898,-42.880565881729126,0.2,0.28564453125,0.0004092704424510632,-0.03689263388514519,-4.066432476043701,-2.42487047,1223.0
1951,144896,136,35,0.37175676971673965,0.9754481911659241,4512,-0.02217839476361405,0.014659356,-42.90557849407196,0.2,0.1326904296875,0.0004092704424510632,0.0588674321770668,0.1471530795097351,-2.42487047,1223.0
1951,145408,137,35,0.014554773311829194,0.9740462303161621,4528,-0.027576141379540786,0.021115199,-42.886616468429565,0.2,0.255126953125,0.0004092704424510632,-0.028563594445586205,-2.482893943786621,-2.42487047,1223.0
1951,145920,138,36,0.002751224921667017,0.9727058410644531,4544,-0.029207839441369288,0.017471943,-42.84531927108765,0.2,0.268310546875,0.0004092704424510632,-0.040466707199811935,-0.1214979887008667,-2.4230427700000003,1223.0
1951,146432,139,36,0.31372882844880223,0.9724482297897339,4560,-0.01843487482983619,0.018164743,-42.827476978302,0.2,0.1463623046875,0.0004092704424510632,0.03883928433060646,0.20397025346755981,-2.4230427700000003,1223.0
1952,146944,140,36,0.03504577651619911,0.9718274474143982,4576,-0.018466609355527908,0.02030136,-42.81667172908783,0.2,0.1978759765625,0.0004092704424510632,-0.016040703281760216,-5.129669189453125,-2.42232293,1223.0
1952,147456,141,36,0.3450474466662854,0.9717987775802612,4592,-0.015989705992978998,0.014389489,-42.80303657054901,0.2,0.111083984375,0.0004092704424510632,0.02707623317837715,0.09437358379364014,-2.42232293,1223.0
1952,147968,142,37,0.017419541094568558,0.9708026647567749,4608,-0.022907586477231234,0.017673511,-42.791704177856445,0.2,0.2174072265625,0.0004092704424510632,-0.02928592637181282,-4.572264671325684,-2.42232293,1223.0
1953,148480,143,37,0.013040324614848942,0.9696619510650635,4624,-0.03146761786774732,0.028356113,-42.75154757499695,0.2,0.333740234375,0.0004092704424510632,-0.03966778889298439,0.32899272441864014,-2.4233556600000004,1223.0
1953,148992,144,37,0.07599748717620969,0.968165934085846,4640,-0.01740084648190532,0.027460959,-42.7192667722702,0.2,0.19482421875,0.0004092704424510632,-0.009460171684622765,0.49157631397247314,-2.4233556600000004,1223.0
1954,149504,145,37,0.0066397187183611095,0.9704760313034058,4656,-0.022615159410634078,0.017071867,-42.71771478652954,0.2,0.2276611328125,0.0004092704424510632,-0.03660545125603676,-4.242503643035889,-2.42370759,1223.0
1954,150016,146,38,0.43225712049752474,0.9713854193687439,4672,-0.01657495975086931,0.016527444,-42.792909264564514,0.2,0.0809326171875,0.0004092704424510632,0.03325401246547699,0.1354929804801941,-2.42370759,1223.0
1954,150528,147,38,0.020995418148231693,0.9729950428009033,4688,-0.023055279190884903,0.018432958,-42.81635320186615,0.2,0.2236328125,0.0004092704424510632,-0.029217176139354706,-7.168792724609375,-2.42411381,1223.0
4184,151040,1,0,0.39855013275519013,0.9730164408683777,4704,-0.01743102746695513,0.015465316,-42.84886407852173,0.2,0.0936279296875,0.0004092704424510632,0.09766346216201782,0.09033739566802979,-2.42411381,1223.0
2773,151552,2,0,0.007087697202223353,0.9744912981987,4720,-0.029738189023191808,0.023911996,-42.85717225074768,0.2,0.291259765625,0.0004092704424510632,-0.038684722036123276,-0.7495819330215454,-2.42411381,1223.0
2438,152064,3,0,0.0030682991091453005,0.9750160574913025,4736,-0.02774847950786352,0.022677008,-42.894697189331055,0.2,0.2928466796875,0.0004092704424510632,-0.03891905024647713,-0.07672059535980225,-2.42173507,1223.0
2331,152576,4,0,0.28177949762903154,0.9750428199768066,4752,-0.020726036746054888,0.020302184,-42.89267337322235,0.2,0.11376953125,0.0004092704424510632,0.006413009017705917,0.18508285284042358,-2.42173507,1223.0
2275,153088,5,1,0.02198142113047652,0.9739843606948853,4768,-0.02892610726848943,0.02655006,-42.88673937320709,0.2,0.2855224609375,0.0004092704424510632,-0.0367470346391201,-7.300783157348633,-2.42236429,1223.0
2217,153600,6,1,0.38318607909604907,0.9734693765640259,4784,-0.010885782437981106,0.009675125,-42.85666632652283,0.2,0.0765380859375,0.0004092704424510632,0.09372440725564957,0.11996883153915405,-2.42236429,1223.0
2186,154112,7,1,0.005483886860019993,0.9729548692703247,4800,-0.02327533123025205,0.019383479,-42.84517848491669,0.2,0.2247314453125,0.0004092704424510632,-0.03939036652445793,-8.071295738220215,-2.42186756,1223.0
2162,154624,8,1,0.3629215070977807,0.9730645418167114,4816,-0.02528840213199146,0.018812057,-42.82708215713501,0.2,0.1298828125,0.0004092704424510632,0.05295349657535553,0.20149832963943481,-2.42186756,1223.0
2143,155136,9,2,0.016618729976471514,0.9753251671791077,4832,-0.02758820501912851,0.022358723,-42.856592893600464,0.2,0.275634765625,0.0004092704424510632,-0.03249568119645119,-1.5007519721984863,-2.42186756,1223.0
2127,155648,10,2,0.0038172848435351625,0.9752084016799927,4848,-0.02723811262694653,0.019878395,-42.90482831001282,0.2,0.261474609375,0.0004092704424510632,-0.02593366988003254,-0.5430046319961548,-2.42142196,1223.0
2108,156160,11,2,0.34467246872372925,0.9747077822685242,4864,-0.020155693076958414,0.019164694,-42.88293814659119,0.2,0.12744140625,0.0004092704424510632,0.02406400442123413,0.21207010746002197,-2.42142196,1223.0
2093,156672,12,2,0.010558533496805467,0.974215567111969,4880,-0.02573088847566396,0.018065685,-42.866347908973694,0.2,0.2386474609375,0.0004092704424510632,-0.030427103862166405,-7.656197547912598,-2.419409,1223.0
2083,157184,13,3,0.34271340584382415,0.9740489721298218,4896,-0.014054934861633228,0.015521742,-42.85506522655487,0.2,0.087890625,0.0004092704424510632,0.08170665800571442,0.18894994258880615,-2.419409,1223.0
2075,157696,14,3,0.01836823928169906,0.9735957384109497,4912,-0.0239541638729861,0.017486071,-42.84484648704529,0.2,0.246826171875,0.0004092704424510632,-0.037676870822906494,-2.8010287284851074,-2.419409,1223.0
2068,158208,15,3,0.003429150012379978,0.972995400428772,4928,-0.02424709443585016,0.021172497,-42.82342839241028,0.2,0.2352294921875,0.0004092704424510632,-0.02520248107612133,0.004374384880065918,-2.416915,1223.0
2061,158720,16,3,0.4466832419857383,0.9726149439811707,4944,-0.020557406300213188,0.014832611,-42.79771113395691,0.2,0.093994140625,0.0004092704424510632,0.04438235983252525,0.12284106016159058,-2.416915,1223.0
2057,159232,17,4,0.006272715676459484,0.9726390838623047,4960,-0.02693066993379034,0.019306626,-42.79225158691406,0.2,0.2520751953125,0.0004092704424510632,-0.032188091427087784,-7.127880096435547,-2.41570373,1223.0
2050,159744,18,4,0.3509225584566593,0.9729780554771423,4976,-0.01723842138744658,0.015452239,-42.80471634864807,0.2,0.128662109375,0.0004092704424510632,0.038975365459918976,0.1664983630180359,-2.41570373,1223.0
2047,160256,19,4,0.011050339337089099,0.9742415547370911,4992,-0.03250235170708038,0.019396387,-42.821895122528076,0.2,0.256591796875,0.0004092704424510632,-0.048207491636276245,-6.418163299560547,-2.41555994,1223.0
2045,160768,20,5,0.40404253359884024,0.974419355392456,5008,-0.015390160595416091,0.013704512,-42.85684370994568,0.2,0.1099853515625,0.0004092704424510632,0.06596885621547699,0.1862747073173523,-2.41555994,1223.0
2044,161280,21,5,0.01935878788935952,0.9750038981437683,5024,-0.020336538713308983,0.017133344,-42.859283685684204,0.2,0.2064208984375,0.0004092704424510632,-0.030247069895267487,-1.4118661880493164,-2.41555994,1223.0
2041,161792,22,5,0.0038234135681705084,0.9750677943229675,5040,-0.03095204825513065,0.019558027,-42.87357985973358,0.2,0.2784423828125,0.0004092704424510632,-0.046121880412101746,-1.0939645767211914,-2.41595019,1223.0
2038,162304,23,5,0.32640908984467387,0.9753537774085999,5056,-0.01632436504587531,0.017426621,-42.87751615047455,0.2,0.0872802734375,0.0004092704424510632,0.08087345212697983,0.20938926935195923,-2.41595019,1223.0
2034,162816,24,6,0.1632756656035781,0.9761650562286377,5072,-0.024386081437114626,0.019602451,-42.89348232746124,0.2,0.2418212890625,0.0004092704424510632,0.03417203947901726,-0.2532515525817871,-2.4150327300000005,1223.0
2029,163328,25,6,0.4325439487583935,0.9762181639671326,5088,-0.01655479111650493,0.015630804,-42.907724142074585,0.2,0.1326904296875,0.0004092704424510632,0.09210274368524551,0.6944097280502319,-2.4150327300000005,1223.0
2026,163840,26,6,0.013565307133831084,0.9769478440284729,5104,-0.026371145198936574,0.018384513,-42.91501224040985,0.2,0.247314453125,0.0004092704424510632,-0.01971331797540188,-6.390705108642578,-2.4150327300000005,1223.0
2018,164352,27,6,0.0030155128843034618,0.9776090383529663,5120,-0.02783779104356654,0.01856731,-42.9375776052475,0.2,0.2730712890625,0.0004092704424510632,-0.04217556491494179,0.25407010316848755,-2.41368638,1223.0
2015,164864,28,7,0.21883399924263358,0.9777128100395203,5136,-0.020538014825433493,0.022009904,-42.95404779911041,0.2,0.145751953125,0.0004092704424510632,0.0023789256811141968,0.19101375341415405,-2.41368638,1223.0
2012,165376,29,7,0.024234713200712577,0.9753285050392151,5152,-0.02638167387340218,0.019392665,-42.92310953140259,0.2,0.2481689453125,0.0004092704424510632,-0.026616733521223068,-4.856272220611572,-2.4140110100000003,1223.0
2011,165888,30,7,0.34144798293709755,0.9741734862327576,5168,-0.016712075943360105,0.015077205,-42.8584086894989,0.2,0.1165771484375,0.0004092704424510632,0.026939626783132553,0.18225449323654175,-2.4140110100000003,1223.0
2009,166400,31,7,0.01310890069726156,0.9746816754341125,5184,-0.023797455622116104,0.020048829,-42.85339105129242,0.2,0.22998046875,0.0004092704424510632,-0.027818795293569565,-6.002073764801025,-2.41385892,1223.0
2007,166912,32,8,0.3735701711848378,0.9745409488677979,5200,-0.010791052991407923,0.014754469,-42.86582386493683,0.2,0.0938720703125,0.0004092704424510632,0.06044604629278183,0.24743711948394775,-2.41385892,1223.0
2005,167424,33,8,0.010613635880872607,0.9742141962051392,5216,-0.021083890489535406,0.016650116,-42.85394871234894,0.2,0.220947265625,0.0004092704424510632,-0.027122069150209427,-2.0207536220550537,-2.41385892,1223.0
2002,167936,34,8,0.006485646299552172,0.9716903567314148,5232,-0.02491803544398863,0.015586601,-42.819615602493286,0.2,0.235107421875,0.0004092704424510632,-0.03692026808857918,-0.0411301851272583,-2.41425005,1223.0
2002,168448,35,8,0.3344252815004438,0.9710355401039124,5248,-0.018589383791550063,0.01540485,-42.753196358680725,0.2,0.096435546875,0.0004092704424510632,0.006764143705368042,0.28127527236938477,-2.41425005,1223.0
2000,168960,36,9,0.02019899754668586,0.970146894454956,5264,-0.023709516535745934,0.027824529,-42.73707711696625,0.2,0.2794189453125,0.0004092704424510632,-0.02778071165084839,-7.548961639404297,-2.41402424,1223.0
1998,169472,37,9,0.3382845751475543,0.9697333574295044,5280,-0.019989938766229898,0.016137969,-42.704983711242676,0.2,0.12744140625,0.0004092704424510632,0.03861965984106064,0.11787688732147217,-2.41402424,1223.0
1997,169984,38,9,0.012349163123872131,0.9705461859703064,5296,-0.024559134268201888,0.022707764,-42.70145618915558,0.2,0.253662109375,0.0004092704424510632,-0.033582963049411774,-7.150501251220703,-2.41402424,1223.0
1996,170496,39,10,0.006388396970578469,0.9703982472419739,5312,-0.02363191264157649,0.014590645,-42.72181522846222,0.2,0.236083984375,0.0004092704424510632,-0.03525524213910103,0.373874306678772,-2.41321108,1223.0
1996,171008,40,10,0.08501822029938921,0.9695120453834534,5328,-0.018710506876232103,0.033308998,-42.69747352600098,0.2,0.219482421875,0.0004092704424510632,-0.010684974491596222,0.27034318447113037,-2.41321108,1223.0
1996,171520,41,10,0.005805330023576971,0.9694386124610901,5344,-0.02819722957792692,0.022100614,-42.67536818981171,0.2,0.305908203125,0.0004092704424510632,-0.028974266722798347,-4.63956880569458,-2.41298791,1223.0
1997,172032,42,10,0.40784768271259964,0.9691397547721863,5360,-0.01871702318021562,0.014841231,-42.68241322040558,0.2,0.12548828125,0.0004092704424510632,0.04098298400640488,0.12924981117248535,-2.41298791,1223.0
1998,172544,43,11,0.009445346076972783,0.9671586155891418,5376,-0.02193891778915713,0.01712393,-42.650431394577026,0.2,0.2281494140625,0.0004092704424510632,-0.021321861073374748,-8.54894733428955,-2.41254457,1223.0
1999,173056,44,11,0.34794125566259027,0.9663216471672058,5392,-0.015498167056648526,0.023053516,-42.59520375728607,0.2,0.1199951171875,0.0004092704424510632,0.07351064682006836,0.20994728803634644,-2.41254457,1223.0
2000,173568,45,11,0.02249276323709637,0.9674490690231323,5408,-0.03357282545766793,0.020896714,-42.59543573856354,0.2,0.2821044921875,0.0004092704424510632,-0.03287800773978233,-1.4898734092712402,-2.41254457,1223.0
2001,174080,46,11,0.003343329812196316,0.9682019948959351,5424,-0.03052334501990117,0.01905803,-42.62467420101166,0.2,0.264404296875,0.0004092704424510632,-0.043697986751794815,-0.2607663869857788,-2.41117146,1223.0
2002,174592,47,12,0.2891218501608819,0.9680452942848206,5440,-0.01622163389401976,0.013951749,-42.62825345993042,0.2,0.13330078125,0.0004092704424510632,0.06781148910522461,0.1883973479270935,-2.41117146,1223.0
2003,175104,48,12,0.0397018194780685,0.9676076173782349,5456,-0.019311142110382207,0.015790619,-42.61737382411957,0.2,0.199462890625,0.0004092704424510632,-0.01121865026652813,-6.363879680633545,-2.41098767,1223.0
2003,175616,49,12,0.41072061099112034,0.9678713083267212,5472,-0.015000212973973248,0.014023359,-42.61537730693817,0.2,0.10888671875,0.0004092704424510632,0.048016346991062164,0.07741385698318481,-2.41098767,1223.0
2004,176128,50,12,0.008172682886652183,0.9670549631118774,5488,-0.027627306466456503,0.020883419,-42.6090852022171,0.2,0.2589111328125,0.0004092704424510632,-0.03443330526351929,-7.312111854553223,-2.41117627,1223.0
2004,176640,51,13,0.3391365921124816,0.9672498106956482,5504,-0.021364650485338643,0.01850281,-42.58528280258179,0.2,0.1593017578125,0.0004092704424510632,0.03955534100532532,0.2321702241897583,-2.41117627,1223.0
2004,177152,52,13,0.007978042514878325,0.9656248688697815,5520,-0.0222088174050441,0.016709168,-42.574496388435364,0.2,0.21044921875,0.0004092704424510632,-0.024945920333266258,-0.9198601245880127,-2.41117627,1223.0
2004,177664,53,13,0.0031269213068298995,0.9651359915733337,5536,-0.028891161957290024,0.016461454,-42.52949297428131,0.2,0.2620849609375,0.0004092704424510632,-0.048602040857076645,-0.03508484363555908,-2.41128808,1223.0
2005,178176,54,13,0.4334769262932241,0.9647318720817566,5552,-0.010959322331473231,0.012209325,-42.523796916007996,0.2,0.065185546875,0.0004092704424510632,0.03919883444905281,0.13002490997314453,-2.41128808,1223.0
2005,178688,55,14,0.015913546143565327,0.9657189249992371,5568,-0.024193106444727164,0.018091867,-42.526456117630005,0.2,0.2110595703125,0.0004092704424510632,-0.030700942501425743,-8.887290954589844,-2.4092216,1223.0
2006,179200,56,14,0.32190166926011443,0.9662648439407349,5584,-0.018769597591017373,0.018784951,-42.563101172447205,0.2,0.12255859375,0.0004092704424510632,0.04744153469800949,0.1920204758644104,-2.4092216,1223.0
2006,179712,57,14,0.00647729874617653,0.9661346077919006,5600,-0.023158585536293685,0.01696517,-42.567299485206604,0.2,0.239501953125,0.0004092704424510632,-0.03585834801197052,-4.709328651428223,-2.4092216,1223.0
2006,180224,58,14,0.004334393321187235,0.9658783078193665,5616,-0.02554351309663616,0.017827708,-42.567030906677246,0.2,0.25146484375,0.0004092704424510632,-0.031721081584692,0.09087604284286499,-2.40689333,1223.0
2006,180736,59,15,0.29164506564848125,0.9652503132820129,5632,-0.017295052501140162,0.02038151,-42.558337688446045,0.2,0.1158447265625,0.0004092704424510632,0.020870763808488846,0.24095356464385986,-2.40689333,1223.0
2003,181248,60,15,0.014118693390628323,0.9645569324493408,5648,-0.01977414144494105,0.01968672,-42.53849124908447,0.2,0.22265625,0.0004092704424510632,-0.024479925632476807,-8.25394344329834,-2.4064326499999997,1223.0
2002,181760,61,15,0.39448818494565785,0.9644343852996826,5664,-0.018784628715366125,0.01476603,-42.52427613735199,0.2,0.1187744140625,0.0004092704424510632,0.0466814786195755,0.16347897052764893,-2.4064326499999997,1223.0
2001,182272,62,15,0.010630220676830504,0.9623112678527832,5680,-0.02769176513538696,0.024910659,-42.494670033454895,0.2,0.2667236328125,0.0004092704424510632,-0.03623725101351738,-5.031579494476318,-2.40595525,1223.0
2001,182784,63,16,0.36174078565090895,0.9608833193778992,5696,-0.021290862729074433,0.015447734,-42.41715741157532,0.2,0.13916015625,0.0004092704424510632,0.04270092770457268,0.29822099208831787,-2.40595525,1223.0
2000,183296,64,16,0.008501368633005768,0.9617579579353333,5712,-0.03678905946435407,0.027959922,-42.407387495040894,0.2,0.3367919921875,0.0004092704424510632,-0.04545791819691658,-0.7412015199661255,-2.40595525,1223.0
2000,183808,65,16,0.0031425810702785384,0.9625505208969116,5728,-0.016270875261398032,0.010360199,-42.44463384151459,0.2,0.153564453125,0.0004092704424510632,-0.0185809675604105,-0.1071007251739502,-2.4060823499999997,1223.0
1999,184320,66,16,0.3385896082036197,0.9626783728599548,5744,-0.014872329149511643,0.015907574,-42.44849336147308,0.2,0.12841796875,0.0004092704424510632,0.04524802416563034,0.2168918251991272,-2.4060823499999997,1223.0
1999,184832,67,17,0.11977470060810447,0.9609948992729187,5760,-0.030587716813897714,0.02661284,-42.428887248039246,0.2,0.2958984375,0.0004092704424510632,0.014602608978748322,-0.2582632303237915,-2.4043973800000003,1223.0
1998,185344,68,17,0.30685891304165125,0.9605554938316345,5776,-0.01874562013836112,0.018849824,-42.37810671329498,0.2,0.142333984375,0.0004092704424510632,0.09766481816768646,0.7054381370544434,-2.4043973800000003,1223.0
1996,185856,69,17,0.023779635812388733,0.9617945551872253,5792,-0.027611562007223256,0.023287782,-42.397398710250854,0.2,0.282958984375,0.0004092704424510632,-0.03304951637983322,-5.550013542175293,-2.4043973800000003,1223.0
1996,186368,70,17,0.005231990639003925,0.9622809886932373,5808,-0.026937212969642133,0.01894002,-42.42075753211975,0.2,0.2830810546875,0.0004092704424510632,-0.03987337648868561,0.19630104303359985,-2.4026221499999996,1223.0
1996,186880,71,18,0.14819469256326556,0.9616119265556335,5824,-0.013768629243713804,0.02108064,-42.42925155162811,0.2,0.1220703125,0.0004092704424510632,-0.00066329725086689,0.2611772418022156,-2.4026221499999996,1223.0
1995,187392,72,18,0.00980869060731493,0.9614555239677429,5840,-0.02568248356692493,0.02469231,-42.4032769203186,0.2,0.2872314453125,0.0004092704424510632,-0.03137983754277229,-6.677809238433838,-2.40344079,1223.0
1995,187904,73,18,0.46785041969269514,0.9615680575370789,5856,-0.01784042688086629,0.015124081,-42.407044768333435,0.2,0.1480712890625,0.0004092704424510632,0.030418172478675842,0.07607269287109375,-2.40344079,1223.0
1994,188416,74,18,0.004819566653168295,0.9612341523170471,5872,-0.023408608496538363,0.014760092,-42.40520989894867,0.2,0.2314453125,0.0004092704424510632,-0.018423954024910927,-8.604333877563477,-2.4014795899999997,1223.0
1993,188928,75,19,0.4074456295929849,0.9613053798675537,5888,-0.014377144674654119,0.012736629,-42.398120045661926,0.2,0.0660400390625,0.0004092704424510632,0.08041245490312576,0.24121326208114624,-2.4014795899999997,1223.0
1993,189440,76,19,0.009971879197109956,0.9603811502456665,5904,-0.03474431624636054,0.028864212,-42.38944625854492,0.2,0.3214111328125,0.0004092704424510632,-0.042480167001485825,-2.5462372303009033,-2.4014795899999997,1223.0
1992,189952,77,19,0.005321642340277322,0.9609993100166321,5920,-0.029834287081030197,0.03403257,-42.369662165641785,0.2,0.3212890625,0.0004092704424510632,-0.04664312303066254,0.03825598955154419,-2.4011436899999996,1223.0
1992,190464,78,20,0.3319245814345777,0.9616047143936157,5936,-0.012710848342976533,0.012461168,-42.39148139953613,0.2,0.073486328125,0.0004092704424510632,0.019737109541893005,0.26979076862335205,-2.4011436899999996,1223.0
1992,190976,79,20,0.043032586749177426,0.960761308670044,5952,-0.02090944311930798,0.02056345,-42.392064571380615,0.2,0.2210693359375,0.0004092704424510632,-0.02376667968928814,-8.229464530944824,-2.3999299099999996,1223.0
1992,191488,80,20,0.3995682743843645,0.960364580154419,5968,-0.01783078064909205,0.014735274,-42.3618038892746,0.2,0.148193359375,0.0004092704424510632,0.0321001298725605,0.07639104127883911,-2.3999299099999996,1223.0
1992,192000,81,20,0.009605106963135768,0.9612086415290833,5984,-0.023054767822031863,0.016999273,-42.366249680519104,0.2,0.2403564453125,0.0004092704424510632,-0.029973430559039116,-6.24611759185791,-2.3999299099999996,1223.0
1992,192512,82,21,0.012581641727592796,0.9617862105369568,6000,-0.022071019222494215,0.015138667,-42.399596095085144,0.2,0.218017578125,0.0004092704424510632,-0.023227373138070107,0.454692006111145,-2.3995040599999995,1223.0
1992,193024,83,21,0.06849433918250725,0.9614627361297607,6016,-0.02064336473995354,0.022704592,-42.40318441390991,0.2,0.203369140625,0.0004092704424510632,-0.018868623301386833,0.3853105902671814,-2.3995040599999995,1223.0
1992,193536,84,21,0.006143306047306396,0.9613308310508728,6032,-0.02803241738001816,0.020888146,-42.384636759757996,0.2,0.279296875,0.0004092704424510632,-0.022427983582019806,-2.6160876750946045,-2.3986130899999996,1223.0
1993,194048,85,21,0.3651003334671259,0.9616715312004089,6048,-0.014015778389875777,0.014730703,-42.37837469577789,0.2,0.0816650390625,0.0004092704424510632,0.057360924780368805,0.095192551612854,-2.3986130899999996,1223.0
1993,194560,86,22,0.017849445663159713,0.9609894156455994,6064,-0.026784167741425335,0.023805398,-42.37341022491455,0.2,0.2630615234375,0.0004092704424510632,-0.03796727955341339,-7.134206771850586,-2.39848239,1223.0
1993,195072,87,22,0.4276825664564967,0.9603952169418335,6080,-0.01590212343580788,0.016835388,-42.34547555446625,0.2,0.11865234375,0.0004092704424510632,0.013734739273786545,0.1518668532371521,-2.39848239,1223.0
1993,195584,88,22,0.012220528413308784,0.9594308137893677,6096,-0.03063279493653681,0.018427234,-42.32775175571442,0.2,0.2781982421875,0.0004092704424510632,-0.04564405232667923,-1.1307451725006104,-2.39848239,1223.0
1994,196096,89,22,0.003570181132090511,0.9584555625915527,6112,-0.026412589038955048,0.017226383,-42.30071532726288,0.2,0.241455078125,0.0004092704424510632,-0.03706849366426468,-0.777672290802002,-2.39604334,1223.0
1994,196608,90,23,0.2798325845506042,0.9581726789474487,6128,-0.01670427992939949,0.01663264,-42.280027985572815,0.2,0.113525390625,0.0004092704424510632,0.02186458371579647,0.18930083513259888,-2.39604334,1223.0
1994,197120,91,23,0.016634415107546374,0.9585681557655334,6144,-0.023201004180009477,0.017519157,-42.283474802970886,0.2,0.25048828125,0.0004092704424510632,-0.023675601929426193,-7.914831161499023,-2.39582557,1223.0
1994,197632,92,23,0.3557786999735981,0.9583595395088196,6160,-0.0169978439953411,0.014411401,-42.29396975040436,0.2,0.1063232421875,0.0004092704424510632,0.030287643894553185,0.1262163519859314,-2.39582557,1223.0
1994,198144,93,23,0.005447871779324487,0.9566816687583923,6176,-0.026741166424471885,0.019277744,-42.25854992866516,0.2,0.29541015625,0.0004092704424510632,-0.035726696252822876,-8.040388107299805,-2.3930773,1223.0
1994,198656,94,24,0.34857579274103045,0.955974817276001,6192,-0.022966329444898292,0.021263,-42.21284544467926,0.2,0.1490478515625,0.0004092704424510632,0.05951225385069847,0.17541760206222534,-2.3930773,1223.0
1995,199168,95,24,0.016061553440522403,0.9553648829460144,6208,-0.025554612511768937,0.018807897,-42.194007396698,0.2,0.2615966796875,0.0004092704424510632,-0.03443685173988342,-1.5275006294250488,-2.3930773,1223.0
1995,199680,96,24,0.003953829233068973,0.9544971585273743,6224,-0.02691000916820485,0.020087752,-42.174508690834045,0.2,0.2786865234375,0.0004092704424510632,-0.030276617035269737,-1.0956668853759766,-2.3901501300000003,1223.0
1995,200192,97,24,0.3019719859585166,0.9537955522537231,6240,-0.017219265988387633,0.013151046,-42.147313475608826,0.2,0.1090087890625,0.0004092704424510632,0.028698444366455078,0.22886961698532104,-2.3901501300000003,1223.0
1996,200704,98,25,0.01092561800032854,0.9514654874801636,6256,-0.027718731100321747,0.022061387,-42.09553253650665,0.2,0.2799072265625,0.0004092704424510632,-0.04950032755732536,-9.603513717651367,-2.3887085099999994,1223.0
1995,201216,99,25,0.31576011423021555,0.9508231282234192,6272,-0.018691279692575336,0.016733406,-42.03133928775787,0.2,0.1151123046875,0.0004092704424510632,0.043611086905002594,0.203774094581604,-2.3887085099999994,1223.0
1996,201728,100,25,0.00630914337671129,0.9510947465896606,6288,-0.030545051413355395,0.019437674,-42.02508985996246,0.2,0.2960205078125,0.0004092704424510632,-0.03961673006415367,-3.367875099182129,-2.3887085099999994,1223.0
1996,202240,101,25,0.0030579118720197584,0.9506822824478149,6304,-0.02882021668483503,0.019791264,-42.029120564460754,0.2,0.259033203125,0.0004092704424510632,-0.040259670466184616,0.018375813961029053,-2.38712619,1223.0
1996,202752,102,26,0.34768423484638333,0.9503607153892517,6320,-0.010584552481304854,0.012443703,-42.016518235206604,0.2,0.0601806640625,0.0004092704424510632,0.04445875808596611,0.17099064588546753,-2.38712619,1223.0
1995,203264,103,26,0.010341830908146221,0.9513774514198303,6336,-0.024018818978220224,0.021083541,-42.01846647262573,0.2,0.2664794921875,0.0004092704424510632,-0.02377384342253208,-6.52531623840332,-2.38353848,1223.0
1995,203776,104,26,0.38674217998050153,0.9517173767089844,6352,-0.019710337393917143,0.017954653,-42.05158615112305,0.2,0.107666015625,0.0004092704424510632,0.024259265512228012,0.13870316743850708,-2.38353848,1223.0
1995,204288,105,26,0.006221257637662347,0.9528517723083496,6368,-0.023785412588040344,0.017710723,-42.062968254089355,0.2,0.2384033203125,0.0004092704424510632,-0.031276389956474304,-9.40831184387207,-2.38091914,1223.0
1995,204800,106,27,0.3589369961991906,0.9536117315292358,6384,-0.015450605016667396,0.015342922,-42.09637713432312,0.2,0.091552734375,0.0004092704424510632,0.06259717047214508,0.20403146743774414,-2.38091914,1223.0
1994,205312,107,27,0.01078228812548332,0.9540491700172424,6400,-0.024402881565038115,0.017187616,-42.12000858783722,0.2,0.2552490234375,0.0004092704424510632,-0.01639997772872448,-0.7644056081771851,-2.38091914,1223.0
1994,205824,108,27,0.0032082469333545305,0.9551947116851807,6416,-0.02779364347225055,0.018809527,-42.14326882362366,0.2,0.2913818359375,0.0004092704424510632,-0.0351417250931263,-0.3211904764175415,-2.3799347899999996,1223.0
1994,206336,109,27,0.31267142784781754,0.9550329446792603,6432,-0.021546868403675035,0.01639351,-42.16132175922394,0.2,0.1318359375,0.0004092704424510632,0.025624975562095642,0.24079936742782593,-2.3799347899999996,1223.0
1993,206848,110,28,0.02779533978900872,0.9533237218856812,6448,-0.02156332270533312,0.015926033,-42.12243390083313,0.2,0.2403564453125,0.0004092704424510632,-0.035670943558216095,-3.438788414001465,-2.37795225,1223.0
1992,207360,111,28,0.3790713627822697,0.9526294469833374,6464,-0.01624553362489678,0.014146246,-42.07989037036896,0.2,0.1177978515625,0.0004092704424510632,0.06808706372976303,0.341766893863678,-2.37795225,1223.0
1992,207872,112,28,0.01104020448110532,0.9530290365219116,6480,-0.023724769474938512,0.01939145,-42.07613170146942,0.2,0.2376708984375,0.0004092704424510632,-0.03463852405548096,-5.036293029785156,-2.37795225,1223.0
1992,208384,113,29,0.005017599571147002,0.9541556239128113,6496,-0.02898711785383057,0.020337516,-42.100414752960205,0.2,0.27099609375,0.0004092704424510632,-0.03831932321190834,0.3839462399482727,-2.37674166,1223.0
1991,208896,114,29,0.16528043767903,0.9541212320327759,6512,-0.02254694049770478,0.028285779,-42.11551249027252,0.2,0.203125,0.0004092704424510632,0.014696002006530762,0.3860654830932617,-2.37674166,1223.0
1991,209408,115,29,0.007170002412749454,0.9533200263977051,6528,-0.028629801323404536,0.023379134,-42.09160757064819,0.2,0.304931640625,0.0004092704424510632,-0.02770809270441532,-4.610968589782715,-2.37819644,1223.0
1991,209920,116,29,0.4007961619645357,0.9530407786369324,6544,-0.019205700024031103,0.015971871,-42.072163343429565,0.2,0.1591796875,0.0004092704424510632,0.04402442276477814,0.09693962335586548,-2.37819644,1223.0
1989,210432,117,30,0.031874861218966544,0.9545820355415344,6560,-0.02746336611744482,0.028326727,-42.07864701747894,0.2,0.284912109375,0.0004092704424510632,-0.01758679375052452,-2.2931761741638184,-2.37546035,1223.0
1987,210944,118,30,0.5141410259529948,0.9553665518760681,6576,-0.012930595374200493,0.014543338,-42.12346875667572,0.2,0.0897216796875,0.0004092704424510632,0.05508938431739807,0.16122311353683472,-2.37546035,1223.0
1986,211456,119,30,0.012896887783426791,0.9549996256828308,6592,-0.02090147335547954,0.018877193,-42.12859106063843,0.2,0.23828125,0.0004092704424510632,-0.030785411596298218,-1.6775553226470947,-2.37546035,1223.0
1985,211968,120,30,0.006477349685155787,0.951923131942749,6608,-0.023539096728200093,0.01844371,-42.084030747413635,0.2,0.2509765625,0.0004092704424510632,-0.022748515009880066,-0.04147505760192871,-2.37296827,1223.0
1984,212480,121,31,0.33589762612245977,0.9512338042259216,6624,-0.011475695413537323,0.009892886,-42.00210988521576,0.2,0.0660400390625,0.0004092704424510632,0.04903331398963928,0.33921074867248535,-2.37296827,1223.0
1981,212992,122,31,0.028273280593566597,0.9512344002723694,6640,-0.02029431662231218,0.018034918,-42.000030398368835,0.2,0.2369384765625,0.0004092704424510632,-0.025611774995923042,-8.953017234802246,-2.3697381,1223.0
1979,213504,123,31,0.3187052246648818,0.9510676860809326,6656,-0.015930709967506118,0.015422059,-41.99290955066681,0.2,0.0953369140625,0.0004092704424510632,0.018289119005203247,0.24203360080718994,-2.3697381,1223.0
1976,214016,124,32,0.006135675845143851,0.9526560306549072,6672,-0.03039124330098275,0.020922072,-42.00817906856537,0.2,0.2677001953125,0.0004092704424510632,-0.052740391343832016,-7.064327239990234,-2.3697381,1223.0
1974,214528,125,32,0.05076152156107128,0.9536842703819275,6688,-0.02382095839129761,0.017949332,-42.062477469444275,0.2,0.2293701171875,0.0004092704424510632,0.0049639418721199036,0.44504135847091675,-2.3669724399999996,1223.0
1972,215040,126,32,0.04690950905205682,0.9536125659942627,6704,-0.021167405546293594,0.022788573,-42.08109712600708,0.2,0.2310791015625,0.0004092704424510632,-0.01403871364891529,0.631319522857666,-2.3669724399999996,1223.0
1969,215552,127,33,0.007991682752617635,0.9516310095787048,6720,-0.024385439523030072,0.01361477,-42.05844008922577,0.2,0.244384765625,0.0004092704424510632,-0.017737379297614098,-5.433227062225342,-2.36502393,1223.0
1966,216064,128,33,0.45402622735127807,0.9508944153785706,6736,-0.013786306517431512,0.013278791,-42.00079894065857,0.2,0.0823974609375,0.0004092704424510632,0.049217600375413895,0.11182302236557007,-2.36502393,1223.0
1964,216576,129,33,0.01851389478542842,0.9507014155387878,6752,-0.024040159303694963,0.020880425,-41.98520302772522,0.2,0.2384033203125,0.0004092704424510632,-0.02900896593928337,-7.896719932556152,-2.36329328,1223.0
1961,217088,130,33,0.38899788982234895,0.9509741067886353,6768,-0.010655747530108783,0.012658926,-41.980270743370056,0.2,0.0736083984375,0.0004092704424510632,0.054447371512651443,0.2550015449523926,-2.36329328,1223.0
1959,217600,131,34,0.007644207944395021,0.9507541656494141,6784,-0.030013986644917168,0.024570625,-41.98500645160675,0.2,0.28857421875,0.0004092704424510632,-0.034432604908943176,-1.9308979511260986,-2.36329328,1223.0
1957,218112,132,34,0.0032460135444125626,0.9500306844711304,6800,-0.02648299268912524,0.01711017,-41.96804356575012,0.2,0.2650146484375,0.0004092704424510632,-0.03764347359538078,-0.07326245307922363,-2.36183586,1223.0
1955,218624,133,34,0.3100782874971628,0.9499789476394653,6816,-0.01847788385930471,0.018612836,-41.95655131340027,0.2,0.1099853515625,0.0004092704424510632,0.05238291621208191,0.2026768922805786,-2.36183586,1223.0
1953,219136,134,35,0.019087224849499762,0.9496079087257385,6832,-0.02403365686768666,0.016002065,-41.94499099254608,0.2,0.209716796875,0.0004092704424510632,-0.03654612973332405,-8.89610481262207,-2.3609388,1223.0
1951,219648,135,35,0.4643076197244227,0.9493454694747925,6848,-0.013262468070024624,0.013402437,-41.925750851631165,0.2,0.0830078125,0.0004092704424510632,0.05018531531095505,0.1472569704055786,-2.3609388,1223.0
1949,220160,136,35,0.003957623648602748,0.9476171731948853,6864,-0.026440474117407575,0.024519477,-41.89515542984009,0.2,0.3048095703125,0.0004092704424510632,-0.03246809542179108,-9.024296760559082,-2.3593590300000002,1223.0
1946,220672,137,36,0.40519840037450194,0.9467699527740479,6880,-0.010836119326995686,0.013488974,-41.846288442611694,0.2,0.0797119140625,0.0004092704424510632,0.0644395500421524,0.2514776587486267,-2.3593590300000002,1223.0
1943,221184,138,36,0.007825061518815346,0.9464240074157715,6896,-0.025418183533474803,0.019855995,-41.82676136493683,0.2,0.2435302734375,0.0004092704424510632,-0.04487025737762451,-1.1763880252838135,-2.3593590300000002,1223.0
1940,221696,139,36,0.0033469676054664887,0.9496566653251648,6912,-0.025464337253652047,0.019273885,-41.869808316230774,0.2,0.2550048828125,0.0004092704424510632,-0.03449816256761551,-0.14115500450134277,-2.35860963,1223.0
1938,222208,140,36,0.34468683786690235,0.9509950876235962,6928,-0.01359960695845075,0.015731055,-41.93921983242035,0.2,0.0843505859375,0.0004092704424510632,0.06593695282936096,0.24187380075454712,-2.35860963,1223.0
1935,222720,141,37,0.021554732200456783,0.9511433839797974,6944,-0.02590371499536559,0.019122526,-41.96504199504852,0.2,0.25390625,0.0004092704424510632,-0.029326122254133224,-9.457676887512207,-2.3573134000000002,1223.0
1933,223232,142,37,0.38687589718028903,0.9514108896255493,6960,-0.021118521552125458,0.020201232,-41.97597098350525,0.2,0.1141357421875,0.0004092704424510632,0.07470345497131348,0.2526366710662842,-2.3573134000000002,1223.0
1930,223744,143,37,0.017033566226018593,0.9506874680519104,6976,-0.025391123090230394,0.025083734,-41.972397685050964,0.2,0.28515625,0.0004092704424510632,-0.03722444176673889,-5.418367862701416,-2.3573134000000002,1223.0
1929,224256,144,38,0.0034006513633357827,0.9495072364807129,6992,-0.02810971369035542,0.01846168,-41.92482817173004,0.2,0.2777099609375,0.0004092704424510632,-0.02694738283753395,-0.019755005836486816,-2.3557122099999996,1223.0
1927,224768,145,38,0.27386746800038964,0.9496122598648071,7008,-0.016242992525803857,0.016361982,-41.91071557998657,0.2,0.1424560546875,0.0004092704424510632,0.028547871857881546,0.21537786722183228,-2.3557122099999996,1223.0
1925,225280,146,38,0.014278013695729896,0.9496726393699646,7024,-0.022347000834997743,0.019467834,-41.9111031293869,0.2,0.261474609375,0.0004092704424510632,-0.01638149470090866,-8.25888442993164,-2.35376866,1223.0
1923,225792,147,39,0.5169976712204516,0.9492990374565125,7040,-0.01989284904266242,0.015876308,-41.90729510784149,0.2,0.115234375,0.0004092704424510632,0.0431327261030674,0.07769089937210083,-2.35376866,1223.0
4081,226304,1,0,0.0028800923810194945,0.949364185333252,7056,-0.02638728087185882,0.01950976,-41.9070805311203,0.2,0.26513671875,0.0004092704424510632,-0.040963053703308105,-4.976571559906006,-2.35074309,1223.0
2394,226816,2,0,0.4789753961376846,0.9494763016700745,7072,-0.011109285405837,0.013285825,-41.91055929660797,0.2,0.0595703125,0.0004092704424510632,0.08326307684183121,0.32837778329849243,-2.35074309,1223.0
2095,227328,3,0,0.013762414775555953,0.9495378136634827,7088,-0.026879554061451927,0.016544616,-41.91342580318451,0.2,0.23876953125,0.0004092704424510632,-0.04158608987927437,-1.0368356704711914,-2.35074309,1223.0
1959,227840,4,1,0.0038537564178113826,0.9496573209762573,7104,-0.016376334300730377,0.012488663,-41.926085114479065,0.2,0.1868896484375,0.0004092704424510632,-0.01917353831231594,-0.24827051162719727,-2.3513636399999998,1223.0
1898,228352,5,1,0.2999267294071615,0.9498611688613892,7120,-0.01659332594135776,0.019643415,-41.9348349571228,0.2,0.1246337890625,0.0004092704424510632,0.03330621123313904,0.24793881177902222,-2.3513636399999998,1223.0
1858,228864,6,1,0.012201942037791014,0.9491647481918335,7136,-0.023718669166555628,0.018704522,-41.93099629878998,0.2,0.23681640625,0.0004092704424510632,-0.03256230056285858,-3.833369731903076,-2.3493895399999998,1223.0
1829,229376,7,1,0.36125201219692826,0.9488349556922913,7152,-0.017234334445674904,0.017346427,-41.90902137756348,0.2,0.1175537109375,0.0004092704424510632,0.044594310224056244,0.23005813360214233,-2.3493895399999998,1223.0
1805,229888,8,2,0.01312079450872261,0.9491152167320251,7168,-0.021263646107399836,0.018825695,-41.905296087265015,0.2,0.22021484375,0.0004092704424510632,-0.025806017220020294,-6.199467658996582,-2.3493895399999998,1223.0
1787,230400,9,2,0.005375421642384026,0.9471915364265442,7184,-0.031249363557435572,0.022217881,-41.892924308776855,0.2,0.3048095703125,0.0004092704424510632,-0.03911294788122177,0.34466278553009033,-2.3477093399999998,1223.0
1772,230912,10,2,0.23444063682109118,0.946608304977417,7200,-0.0171155499847373,0.018964112,-41.842450737953186,0.2,0.1322021484375,0.0004092704424510632,0.00862225890159607,0.3567752242088318,-2.3477093399999998,1223.0
1763,231424,11,3,0.033028928213752806,0.9461888074874878,7216,-0.021128373286046553,0.026559275,-41.82883584499359,0.2,0.2288818359375,0.0004092704424510632,-0.02143057994544506,-6.426551818847656,-2.34648721,1223.0
1752,231936,12,3,0.5512996232137084,0.9458149671554565,7232,-0.017068250686861575,0.016165059,-41.79945254325867,0.2,0.158203125,0.0004092704424510632,0.047133669257164,0.07106280326843262,-2.34648721,1223.0
1743,232448,13,3,0.007558455763501115,0.9461421966552734,7248,-0.0283190775080584,0.022597017,-41.78826975822449,0.2,0.2706298828125,0.0004092704424510632,-0.03506603464484215,-3.6607890129089355,-2.3458364499999997,1223.0
1736,232960,14,4,0.4025635761208832,0.9461760520935059,7264,-0.015144372318900423,0.014331664,-41.79584181308746,0.2,0.08056640625,0.0004092704424510632,0.06620857119560242,0.28035545349121094,-2.3458364499999997,1223.0
1730,233472,15,4,0.014311204402474687,0.9458968639373779,7280,-0.0233396226685727,0.017157856,-41.79064345359802,0.2,0.2271728515625,0.0004092704424510632,-0.03440964221954346,-2.3940203189849854,-2.3458364499999997,1223.0
1721,233984,16,4,0.005406637348642107,0.9461008906364441,7296,-0.01997186045628041,0.017763894,-41.802451968193054,0.2,0.2442626953125,0.0004092704424510632,-0.0275239460170269,-0.04726457595825195,-2.34643584,1223.0
1715,234496,17,5,0.3485657870769501,0.9462290406227112,7312,-0.01890189596451819,0.01425896,-41.80630552768707,0.2,0.1390380859375,0.0004092704424510632,0.03928247466683388,0.3177860975265503,-2.34643584,1223.0
1710,235008,18,5,0.033934996085008606,0.9465605020523071,7328,-0.02154185860126745,0.022810323,-41.81360077857971,0.2,0.23291015625,0.0004092704424510632,-0.030487071722745895,-9.528279304504395,-2.34512825,1223.0
1705,235520,19,5,0.3271763236261904,0.9468874335289001,7344,-0.01290942075138446,0.020845244,-41.82175171375275,0.2,0.109130859375,0.0004092704424510632,0.04898608475923538,0.21315962076187134,-2.34512825,1223.0
1699,236032,20,6,0.0056578931616968475,0.9463195204734802,7360,-0.02840909866790753,0.018979285,-41.82856070995331,0.2,0.2767333984375,0.0004092704424510632,-0.029866496101021767,-6.765639781951904,-2.34512825,1223.0
1695,236544,21,6,0.021863394416868687,0.9457632303237915,7376,-0.026913696026895195,0.01847037,-41.811920166015625,0.2,0.282470703125,0.0004092704424510632,-0.029177863150835037,0.44038790464401245,-2.3452646699999997,1223.0
1691,237056,22,6,0.057560095854569227,0.9460033178329468,7392,-0.0188918438507244,0.022131372,-41.8059104681015,0.2,0.2564697265625,0.0004092704424510632,-0.02276299148797989,0.363807737827301,-2.3452646699999997,1223.0
1689,237568,23,6,0.004830671605304815,0.9492760300636292,7408,-0.01970474753761664,0.020070698,-41.85642087459564,0.2,0.2371826171875,0.0004092704424510632,-0.021453609690070152,-4.0795392990112305,-2.34326696,1223.0
1685,238080,24,7,0.46727627399377525,0.950447678565979,7424,-0.016977528372080997,0.0189604,-41.93899607658386,0.2,0.114013671875,0.0004092704424510632,0.0863904356956482,0.12434285879135132,-2.34326696,1223.0
1683,238592,25,7,0.0040648668218636885,0.9513484835624695,7440,-0.024355046945856884,0.019000467,-41.96523940563202,0.2,0.2625732421875,0.0004092704424510632,-0.025547822937369347,-3.9021544456481934,-2.34135304,1223.0
1682,239104,26,7,0.4759624316357076,0.9517417550086975,7456,-0.019301476451801136,0.01481473,-41.990949392318726,0.2,0.095703125,0.0004092704424510632,0.058951485902071,0.2990211248397827,-2.34135304,1223.0
1681,239616,27,8,0.011069555737776682,0.9516417384147644,7472,-0.024399063986493275,0.021584578,-41.99517869949341,0.2,0.2486572265625,0.0004092704424510632,-0.030826061964035034,-3.389923572540283,-2.34135304,1223.0
1681,240128,28,8,0.0034307328423892614,0.9513546824455261,7488,-0.029287312063388526,0.018675178,-41.98782467842102,0.2,0.2791748046875,0.0004092704424510632,-0.04092555493116379,-0.08264434337615967,-2.3404335400000003,1223.0
1680,240640,29,8,0.3814624941442162,0.9516028761863708,7504,-0.01666374054912012,0.018079143,-41.989036560058594,0.2,0.12890625,0.0004092704424510632,0.034907255321741104,0.19390887022018433,-2.3404335400000003,1223.0
1678,241152,30,9,0.038483736308990046,0.9495288133621216,7520,-0.021976568692480214,0.020490758,-41.96939671039581,0.2,0.22900390625,0.0004092704424510632,-0.027110742405056953,-8.815688133239746,-2.34003008,1223.0
1677,241664,31,9,0.4397561210207641,0.947993814945221,7536,-0.010404726082924753,0.009186303,-41.88204061985016,0.2,0.069580078125,0.0004092704424510632,0.05590086430311203,0.12200385332107544,-2.34003008,1223.0
1680,242176,32,9,0.014199280463799369,0.9486073851585388,7552,-0.027470732311485335,0.024266168,-41.866472244262695,0.2,0.2669677734375,0.0004092704424510632,-0.028047960251569748,-10.45335865020752,-2.3388799700000003,1223.0
1680,242688,33,10,0.44833823340013623,0.9491562843322754,7568,-0.010775791117339395,0.014388509,-41.89558672904968,0.2,0.0777587890625,0.0004092704424510632,0.08526971191167831,0.27413469552993774,-2.3388799700000003,1223.0
1679,243200,34,10,0.011284680949756876,0.9506092667579651,7584,-0.025026338087627664,0.016114775,-41.91766440868378,0.2,0.2567138671875,0.0004092704424510632,-0.03197319433093071,-1.9359185695648193,-2.3388799700000003,1223.0
1679,243712,35,10,0.004424292877956759,0.9500167965888977,7600,-0.03108828740369063,0.024338558,-41.95064067840576,0.2,0.306396484375,0.0004092704424510632,-0.0435149185359478,-0.4159669876098633,-2.3391476500000006,1223.0
1679,244224,36,10,0.3686938746832311,0.9494709372520447,7616,-0.015635718271369115,0.016286105,-41.925128698349,0.2,0.10107421875,0.0004092704424510632,0.043988827615976334,0.2601875066757202,-2.3391476500000006,1223.0
1679,244736,37,11,0.006901909328007605,0.9494056105613708,7632,-0.025990053516579792,0.019758392,-41.91403293609619,0.2,0.28466796875,0.0004092704424510632,-0.030442293733358383,-12.20406723022461,-2.34037122,1223.0
1679,245248,38,11,0.42831227416172624,0.9489331841468811,7648,-0.01692200695106294,0.015917929,-41.91469693183899,0.2,0.1307373046875,0.0004092704424510632,0.03478166088461876,0.11355924606323242,-2.34037122,1223.0
1679,245760,39,11,0.0047413907159352675,0.9480280876159668,7664,-0.02751736546633765,0.018227618,-41.89327418804169,0.2,0.2808837890625,0.0004092704424510632,-0.034066442400217056,-4.101937770843506,-2.34037122,1223.0
1678,246272,40,12,0.003610994837799808,0.9482671618461609,7680,-0.022270120884058997,0.01673296,-41.874364614486694,0.2,0.2230224609375,0.0004092704424510632,-0.034324388951063156,0.006723940372467041,-2.33973663,1223.0
1679,246784,41,12,0.39103718963451684,0.9486892223358154,7696,-0.015280507475836203,0.018805165,-41.88605260848999,0.2,0.1046142578125,0.0004092704424510632,0.03216000273823738,0.15530550479888916,-2.33973663,1223.0
1679,247296,42,12,0.0186411113536451,0.9487493634223938,7712,-0.02769900935527403,0.029435297,-41.893524527549744,0.2,0.2889404296875,0.0004092704424510632,-0.029878411442041397,-7.825564384460449,-2.3407096000000003,1223.0
1683,247808,43,13,0.48832264682278037,0.9486739635467529,7728,-0.013806813018163666,0.011712622,-41.888036608695984,0.2,0.06884765625,0.0004092704424510632,0.0739222913980484,0.1384449601173401,-2.3407096000000003,1223.0
1687,248320,44,13,0.00332868933219288,0.9480386972427368,7744,-0.02589597788755782,0.01755885,-41.87408626079559,0.2,0.2447509765625,0.0004092704424510632,-0.03979375585913658,-8.664182662963867,-2.3431200999999997,1223.0
1690,248832,45,13,0.4950914899818599,0.9476547241210938,7760,-0.015331516740843654,0.019289635,-41.84617626667023,0.2,0.1138916015625,0.0004092704424510632,0.09091990441083908,0.32347244024276733,-2.3431200999999997,1223.0
1695,249344,46,13,0.00913955677242484,0.9484286308288574,7776,-0.029144649830413982,0.018977687,-41.848400712013245,0.2,0.282470703125,0.0004092704424510632,-0.031215118244290352,-2.0346906185150146,-2.3431200999999997,1223.0
1699,249856,47,14,0.0037473871707334183,0.9487470984458923,7792,-0.0249706747563323,0.013245868,-41.867762327194214,0.2,0.2152099609375,0.0004092704424510632,-0.03202207013964653,-0.23169386386871338,-2.34105845,1223.0
1703,250368,48,14,0.3845294388011098,0.9482114315032959,7808,-0.019974263006588444,0.017390803,-41.85904395580292,0.2,0.129638671875,0.0004092704424510632,0.0761415883898735,0.2926860451698303,-2.34105845,1223.0
1708,250880,49,14,0.054476338205859065,0.9477518200874329,7824,-0.02364554608357139,0.02536399,-41.8370167016983,0.2,0.28662109375,0.0004092704424510632,-0.007732992991805077,-1.990896224975586,-2.34031987,1223.0
1712,251392,50,14,0.29045409453101456,0.9471136331558228,7840,-0.015490443969611079,0.016632996,-41.824613094329834,0.2,0.1563720703125,0.0004092704424510632,0.06125064566731453,0.37602388858795166,-2.34031987,1223.0
1717,251904,51,15,0.011529447758221067,0.9473568201065063,7856,-0.024668653786648065,0.0245337,-41.81343460083008,0.2,0.2459716796875,0.0004092704424510632,-0.030577436089515686,-6.819634914398193,-2.34031987,1223.0
1721,252416,52,15,0.007163484347984195,0.9488107562065125,7872,-0.03582570131402463,0.030129902,-41.84551990032196,0.2,0.3504638671875,0.0004092704424510632,-0.04962298646569252,0.35532599687576294,-2.33920308,1223.0
1725,252928,53,15,0.18437274650204927,0.9486578106880188,7888,-0.011725300486432388,0.017495666,-41.87401854991913,0.2,0.1082763671875,0.0004092704424510632,0.01708119735121727,0.43321532011032104,-2.33920308,1223.0
1728,253440,54,15,0.016799250355688855,0.9481279253959656,7904,-0.018279749114299193,0.017865945,-41.853439688682556,0.2,0.23974609375,0.0004092704424510632,-0.02324773371219635,-6.293278217315674,-2.33789376,1223.0
1730,253952,55,16,0.5690601146779954,0.9475225806236267,7920,-0.020577195449732244,0.019401088,-41.82183241844177,0.2,0.1971435546875,0.0004092704424510632,0.044789522886276245,0.038153111934661865,-2.33789376,1223.0
1733,254464,56,16,0.010863798030186445,0.9467284679412842,7936,-0.026561497987131588,0.028718349,-41.79791438579559,0.2,0.341552734375,0.0004092704424510632,-0.04273586720228195,-0.6529140472412109,-2.33774923,1223.0
1737,254976,57,16,0.4399800947867334,0.9461826086044312,7952,-0.017261484928894788,0.016328065,-41.77322316169739,0.2,0.122314453125,0.0004092704424510632,0.05736272782087326,0.31136554479599,-2.33774923,1223.0
1741,255488,58,17,0.005999393542879261,0.9469141960144043,7968,-0.02630518755177036,0.018348496,-41.77417767047882,0.2,0.301513671875,0.0004092704424510632,-0.03489047661423683,-2.149312734603882,-2.33774923,1223.0
1745,256000,59,17,0.003858237287204247,0.9472334980964661,7984,-0.024640912102768198,0.015821502,-41.7995263338089,0.2,0.2523193359375,0.0004092704424510632,-0.02915903739631176,0.029352664947509766,-2.3376201400000003,1223.0
1748,256512,60,17,0.36027201171964407,0.9469608664512634,8000,-0.017343740561045706,0.015898248,-41.79175651073456,0.2,0.1597900390625,0.0004092704424510632,0.07266232371330261,0.20621365308761597,-2.3376201400000003,1223.0
1750,257024,61,17,0.04813167831161991,0.9473339915275574,8016,-0.02689201955217868,0.025915451,-41.791595339775085,0.2,0.2579345703125,0.0004092704424510632,-0.024036511778831482,-10.323246955871582,-2.3383547300000003,1223.0
1753,257536,62,18,0.4055545828305185,0.947134256362915,8032,-0.01904627416661242,0.012583804,-41.802189230918884,0.2,0.08740234375,0.0004092704424510632,0.064939945936203,0.3089553713798523,-2.3383547300000003,1223.0
1756,258048,63,18,0.009853686322458088,0.9448116421699524,8048,-0.021906273774220608,0.019220505,-41.764551401138306,0.2,0.2264404296875,0.0004092704424510632,-0.01931355893611908,-6.048338413238525,-2.3383547300000003,1223.0
1760,258560,64,18,0.06913697067648172,0.9423412680625916,8064,-0.02456842831452377,0.0132744005,-41.6859769821167,0.2,0.233154296875,0.0004092704424510632,-0.011130185797810555,0.40294408798217773,-2.33685832,1223.0
1763,259072,65,18,0.03705061391519848,0.9428733587265015,8080,-0.01854994034511037,0.022851193,-41.639516949653625,0.2,0.223388671875,0.0004092704424510632,-0.017496323212981224,0.6283154487609863,-2.33685832,1223.0
1766,259584,66,19,0.004927631183818448,0.9423425793647766,8096,-0.024194834404625,0.016306937,-41.647786140441895,0.2,0.2342529296875,0.0004092704424510632,-0.03219090402126312,-3.445143699645996,-2.33755319,1223.0
1768,260096,67,19,0.4844249146990478,0.9422785043716431,8112,-0.01710555824683979,0.019599378,-41.61840569972992,0.2,0.0887451171875,0.0004092704424510632,0.0410015732049942,0.10953056812286377,-2.33755319,1223.0
1770,260608,68,19,0.005976097643724643,0.9417122006416321,8128,-0.02137020397640299,0.018809363,-41.60630404949188,0.2,0.2530517578125,0.0004092704424510632,-0.028898030519485474,-4.263509273529053,-2.33441704,1223.0
1772,261120,69,19,0.4956629080697894,0.9417325854301453,8144,-0.013216646984801628,0.010800626,-41.58140504360199,0.2,0.1015625,0.0004092704424510632,0.06945191323757172,0.27291661500930786,-2.33441704,1223.0
1775,261632,70,20,0.010050690339994617,0.9405451416969299,8160,-0.021028656396083534,0.01637872,-41.56306350231171,0.2,0.204345703125,0.0004092704424510632,-0.03066813200712204,-2.829549551010132,-2.33441704,1223.0
1778,262144,71,20,0.003978884131356608,0.9391274452209473,8176,-0.03473080022376962,0.02648905,-41.50678062438965,0.2,0.3267822265625,0.0004092704424510632,-0.030018093064427376,-0.02599012851715088,-2.3331284300000004,1223.0
1781,262656,72,20,0.3421788960695267,0.9388449788093567,8192,-0.02125903184787603,0.017131716,-41.47515833377838,0.2,0.126220703125,0.0004092704424510632,0.07033663243055344,0.22812360525131226,-2.3331284300000004,1223.0
1783,263168,73,20,0.045635343878529966,0.941270649433136,8208,-0.023809541671653278,0.020437317,-41.500436544418335,0.2,0.2415771484375,0.0004092704424510632,-0.022598611190915108,-9.5886812210083,-2.33365016,1223.0
1784,263680,74,21,0.37964828312397003,0.9418593049049377,8224,-0.013248979856143706,0.013934128,-41.56890344619751,0.2,0.0966796875,0.0004092704424510632,0.07029520720243454,0.23292440176010132,-2.33365016,1223.0
1785,264192,75,21,0.01205576780193951,0.9452747106552124,8240,-0.025319678185041994,0.018180788,-41.60390019416809,0.2,0.263671875,0.0004092704424510632,-0.03951974958181381,-10.89857006072998,-2.33381973,1223.0
1788,264704,76,21,0.492986767552793,0.9469285607337952,8256,-0.013177605374949053,0.014363583,-41.71112632751465,0.2,0.0823974609375,0.0004092704424510632,0.0806853398680687,0.3111531734466553,-2.33381973,1223.0
1790,265216,77,22,0.012871769242337905,0.945589542388916,8272,-0.026639755989890546,0.019980986,-41.715354681015015,0.2,0.2718505859375,0.0004092704424510632,-0.03379582613706589,-2.77323317527771,-2.33381973,1223.0
1793,265728,78,22,0.004014285615994595,0.9486162662506104,8288,-0.023541936941910535,0.01635754,-41.723421931266785,0.2,0.2415771484375,0.0004092704424510632,-0.032600853592157364,-0.19780480861663818,-2.33370192,1223.0
1795,266240,79,22,0.3395973867736757,0.9493927359580994,8304,-0.010308938639354892,0.016078906,-41.81195294857025,0.2,0.0743408203125,0.0004092704424510632,0.043799176812171936,0.28832924365997314,-2.33370192,1223.0
1796,266752,80,22,0.008316918378113769,0.9487308263778687,8320,-0.024666391138453037,0.019703794,-41.802143573760986,0.2,0.228515625,0.0004092704424510632,-0.02938273921608925,-3.492858409881592,-2.33518907,1223.0
1798,267264,81,23,0.4599675447680056,0.9484865665435791,8336,-0.013907959240896162,0.014511034,-41.78961884975433,0.2,0.1490478515625,0.0004092704424510632,0.08382359892129898,0.1860255002975464,-2.33518907,1223.0
1799,267776,82,23,0.005465088062919676,0.9459712505340576,8352,-0.02542254179570591,0.018763628,-41.75057339668274,0.2,0.23291015625,0.0004092704424510632,-0.028916284441947937,-2.8700153827667236,-2.33518907,1223.0
1800,268288,83,23,0.004123912425711751,0.9463035464286804,8368,-0.027005154624930583,0.018185973,-41.69609558582306,0.2,0.2647705078125,0.0004092704424510632,-0.0372200645506382,-0.006967425346374512,-2.33711611,1223.0
1803,268800,84,23,0.3717462207423523,0.9468606114387512,8384,-0.011800693770055659,0.014181817,-41.71292269229889,0.2,0.0924072265625,0.0004092704424510632,0.05700717121362686,0.21816802024841309,-2.33711611,1223.0
1805,269312,85,24,0.011533425975358114,0.9480708241462708,8400,-0.03209618461551145,0.020635597,-41.742332339286804,0.2,0.2979736328125,0.0004092704424510632,-0.04722214490175247,-6.571783065795898,-2.33793384,1223.0
1807,269824,86,24,0.4446779249701649,0.948387622833252,8416,-0.0168502881861059,0.017882874,-41.767134308815,0.2,0.1207275390625,0.0004092704424510632,0.07008378207683563,0.10777443647384644,-2.33793384,1223.0
1808,270336,87,24,0.008988830515590962,0.9477614164352417,8432,-0.025574521321686916,0.019629179,-41.7654048204422,0.2,0.2674560546875,0.0004092704424510632,-0.0359952375292778,-8.162772178649902,-2.3382263699999997,1223.0
1809,270848,88,24,0.5288705290295184,0.9475651383399963,8448,-0.011528761780937202,0.015262759,-41.748640179634094,0.2,0.07763671875,0.0004092704424510632,0.07944333553314209,0.2973070740699768,-2.3382263699999997,1223.0
1810,271360,89,25,0.01024141555535607,0.9470095634460449,8464,-0.021691436515538953,0.01571035,-41.73711705207825,0.2,0.19140625,0.0004092704424510632,-0.03146066516637802,-0.9898415803909302,-2.3382263699999997,1223.0
1811,271872,90,25,0.004420826960995328,0.9459559321403503,8480,-0.0291329098836286,0.01391856,-41.714460134506226,0.2,0.2637939453125,0.0004092704424510632,-0.03473414480686188,-0.0573345422744751,-2.33719674,1223.0
1812,272384,91,25,0.3994962307624519,0.9455744624137878,8496,-0.023227013894938864,0.023242686,-41.68782019615173,0.2,0.1256103515625,0.0004092704424510632,0.06617417931556702,0.28100812435150146,-2.33719674,1223.0
1813,272896,92,25,0.05259742942871526,0.94406658411026,8512,-0.021916010722634383,0.020446189,-41.665069699287415,0.2,0.2080078125,0.0004092704424510632,-0.019163023680448532,-8.449003219604492,-2.33850265,1223.0
1813,273408,93,26,0.4014239045791328,0.9434472322463989,8528,-0.01506422740931157,0.012095621,-41.61923313140869,0.2,0.0963134765625,0.0004092704424510632,0.07328123599290848,0.3134886622428894,-2.33850265,1223.0
1813,273920,94,26,0.00858673312177416,0.9440788626670837,8544,-0.022156689199618995,0.023565138,-41.61912715435028,0.2,0.2476806640625,0.0004092704424510632,-0.027836626395583153,-5.334338188171387,-2.33850265,1223.0
1813,274432,95,26,0.005128961100126617,0.9423376321792603,8560,-0.01935573086666409,0.014131246,-41.60607409477234,0.2,0.1845703125,0.0004092704424510632,-0.037074942141771317,0.3078463673591614,-2.33916456,1223.0
1813,274944,96,27,0.2080762601690367,0.941940426826477,8576,-0.012285017728572711,0.01935285,-41.55657076835632,0.2,0.111083984375,0.0004092704424510632,0.0035555902868509293,0.2932472229003906,-2.33916456,1223.0
1814,275456,97,27,0.024481286498485133,0.940451443195343,8592,-0.027691885487001855,0.030041732,-41.53292393684387,0.2,0.3193359375,0.0004092704424510632,-0.04276810958981514,-6.823359489440918,-2.3387165800000007,1223.0
1815,275968,98,27,0.6325674469117075,0.939795196056366,8608,-0.016219417739193887,0.015684472,-41.496076345443726,0.2,0.0943603515625,0.0004092704424510632,0.10763918608427048,0.08571702241897583,-2.3387165800000007,1223.0
1816,276480,99,27,0.00275633558339905,0.9382644891738892,8624,-0.02969888612278737,0.018455062,-41.462095499038696,0.2,0.291748046875,0.0004092704424510632,-0.04048050940036774,-1.1763184070587158,-2.3391580500000004,1223.0
1817,276992,100,28,0.46266178088262677,0.9375244379043579,8640,-0.009480843888013624,0.010688059,-41.40941822528839,0.2,0.0850830078125,0.0004092704424510632,0.10085572302341461,0.2967309355735779,-2.3391580500000004,1223.0
1819,277504,101,28,0.006511231753393076,0.9376484155654907,8656,-0.022122165275504813,0.025075939,-41.39921462535858,0.2,0.2808837890625,0.0004092704424510632,-0.00926393736153841,-1.6795847415924072,-2.3391580500000004,1223.0
1820,278016,102,28,0.0033510922148707323,0.9377487897872925,8672,-0.022159973887028173,0.017032545,-41.41391623020172,0.2,0.255615234375,0.0004092704424510632,-0.014876263216137886,0.02693772315979004,-2.3392897100000005,1223.0
1821,278528,103,28,0.43898847978562117,0.9379042387008667,8688,-0.015374964772490785,0.014590576,-41.4153288602829,0.2,0.1114501953125,0.0004092704424510632,0.05045685917139053,0.13419729471206665,-2.3392897100000005,1223.0
1822,279040,104,29,0.03497283108299598,0.9381637573242188,8704,-0.02202512497024145,0.017342605,-41.422404766082764,0.2,0.222900390625,0.0004092704424510632,-0.027667883783578873,-9.80750846862793,-2.3405408000000003,1223.0
1822,279552,105,29,0.3807928548194468,0.9383503198623657,8720,-0.016719935614673886,0.015937487,-41.43083620071411,0.2,0.12060546875,0.0004092704424510632,0.05694667994976044,0.22018998861312866,-2.3405408000000003,1223.0
1823,280064,106,29,0.009405487653566524,0.938373327255249,8736,-0.029076729872031137,0.019485496,-41.43411159515381,0.2,0.2762451171875,0.0004092704424510632,-0.038980308920145035,-7.1470842361450195,-2.3405408000000003,1223.0
1824,280576,107,30,0.06731136958114803,0.938336193561554,8752,-0.022187632494024,0.017941078,-41.42616128921509,0.2,0.2276611328125,0.0004092704424510632,0.007234163582324982,0.4733005166053772,-2.34193717,1223.0
1825,281088,108,30,0.04028108544298448,0.9381414651870728,8768,-0.015061861195135862,0.024038594,-41.427783846855164,0.2,0.227783203125,0.0004092704424510632,-0.013599203899502754,0.30155014991760254,-2.34193717,1223.0
1826,281600,109,30,0.011166055308422074,0.9386575818061829,8784,-0.02975874175899662,0.030605782,-41.42806351184845,0.2,0.3193359375,0.0004092704424510632,-0.039982832968235016,-1.4102051258087158,-2.34325382,1223.0
1827,282112,110,30,0.5452475848142058,0.9389992952346802,8800,-0.012410302239004523,0.014370961,-41.439157605171204,0.2,0.0994873046875,0.0004092704424510632,0.08424650132656097,0.12990546226501465,-2.34325382,1223.0
1828,282624,111,31,0.05575681908521801,0.938538670539856,8816,-0.03180030902149156,0.028277542,-41.438939571380615,0.2,0.323486328125,0.0004092704424510632,-0.01303531602025032,-0.34927618503570557,-2.3431296600000007,1223.0
1829,283136,112,31,0.43966000294312835,0.9384320378303528,8832,-0.01735854170692619,0.018215807,-41.42925202846527,0.2,0.1195068359375,0.0004092704424510632,0.11001452058553696,0.4690154790878296,-2.3431296600000007,1223.0
1830,283648,113,31,0.005291644840326626,0.9383466839790344,8848,-0.027811366191599518,0.028485782,-41.42371690273285,0.2,0.2933349609375,0.0004092704424510632,-0.03584485501050949,-4.678531169891357,-2.3431296600000007,1223.0
1831,284160,114,31,0.0033479559897386935,0.9383714199066162,8864,-0.027833189102238975,0.018465936,-41.415191292762756,0.2,0.2578125,0.0004092704424510632,-0.03075927495956421,-0.0018215179443359375,-2.3416783100000003,1223.0
1832,284672,115,32,0.5220383834093809,0.9382951855659485,8880,-0.019652307048090734,0.015015862,-41.41626799106598,0.2,0.146728515625,0.0004092704424510632,0.015788767486810684,0.04892963171005249,-2.3416783100000003,1223.0
1833,285184,116,32,0.015302264408092014,0.9381126165390015,8896,-0.023767393635353073,0.023909807,-41.41022205352783,0.2,0.2613525390625,0.0004092704424510632,-0.026121146976947784,-10.096992492675781,-2.3412213300000007,1223.0
1835,285696,117,32,0.48035197192803025,0.938258945941925,8912,-0.014166546156047843,0.020402912,-41.402822971343994,0.2,0.094970703125,0.0004092704424510632,0.04309651255607605,0.1360081434249878,-2.3412213300000007,1223.0
1837,286208,118,32,0.011255170073127374,0.9380642175674438,8928,-0.02226488577434793,0.022305198,-41.39936864376068,0.2,0.248291015625,0.0004092704424510632,-0.0457758828997612,-8.331928253173828,-2.3438980000000003,1223.0
1838,286720,119,33,0.4364632498472929,0.9380724430084229,8944,-0.015926563428365625,0.016748726,-41.38104999065399,0.2,0.1165771484375,0.0004092704424510632,0.09163344651460648,0.20572149753570557,-2.3438980000000003,1223.0
1839,287232,120,33,0.007701381167862564,0.9404700398445129,8960,-0.03121373504109215,0.021332838,-41.413153409957886,0.2,0.2977294921875,0.0004092704424510632,-0.03587416559457779,-1.225550651550293,-2.3438980000000003,1223.0
1840,287744,121,33,0.002943391507869819,0.9419507384300232,8976,-0.02390934937284328,0.01748937,-41.481154799461365,0.2,0.2440185546875,0.0004092704424510632,-0.029381783679127693,-0.02020418643951416,-2.3432336400000002,1223.0
1841,288256,122,33,0.55555300693959,0.9422279596328735,8992,-0.012108631199225783,0.010777584,-41.50101363658905,0.2,0.0496826171875,0.0004092704424510632,0.03375673666596413,0.19261610507965088,-2.3432336400000002,1223.0
1842,288768,123,34,0.02034874926903285,0.9420520663261414,9008,-0.02169499835872557,0.022788366,-41.50007688999176,0.2,0.2613525390625,0.0004092704424510632,-0.03158086538314819,-3.4714856147766113,-2.3446618000000004,1223.0
1843,289280,124,34,0.4781601261347532,0.9416671395301819,9024,-0.014624602539697662,0.016122116,-41.4868026971817,0.2,0.088623046875,0.0004092704424510632,0.11387042701244354,0.25844359397888184,-2.3446618000000004,1223.0
1844,289792,125,34,0.009538943522784393,0.9417007565498352,9040,-0.03070512315025553,0.02660208,-41.47350716590881,0.2,0.3087158203125,0.0004092704424510632,-0.03655736893415451,-7.44123649597168,-2.3446618000000004,1223.0
1844,290304,126,34,0.004210412866086699,0.9418064951896667,9056,-0.026933270070003346,0.015531227,-41.47219729423523,0.2,0.247802734375,0.0004092704424510632,-0.032820042222738266,0.0870785117149353,-2.34580275,1223.0
1845,290816,127,35,0.4348208620212972,0.9416710734367371,9072,-0.015484926945646293,0.016018368,-41.45849633216858,0.2,0.1007080078125,0.0004092704424510632,0.07427523285150528,0.16883856058120728,-2.34580275,1223.0
1846,291328,128,35,0.006175153233925812,0.9401120543479919,9088,-0.01874968946867739,0.019050963,-41.43279564380646,0.2,0.2283935546875,0.0004092704424510632,-0.026803500950336456,-4.673829078674316,-2.3431704100000004,1223.0
1846,291840,129,35,0.5728214948903769,0.9401307106018066,9104,-0.018231527152238414,0.014497343,-41.394593358039856,0.2,0.151611328125,0.0004092704424510632,0.05143580958247185,0.10192352533340454,-2.3431704100000004,1223.0
1847,292352,130,36,0.007603265876241494,0.9394774436950684,9120,-0.02403220784617588,0.01713392,-41.396504640579224,0.2,0.2203369140625,0.0004092704424510632,-0.04465798661112785,-7.147980690002441,-2.34360803,1223.0
1848,292864,131,36,0.5515169529244304,0.9390794634819031,9136,-0.009312106645666063,0.013413373,-41.3747695684433,0.2,0.0936279296875,0.0004092704424510632,0.12135259807109833,0.2826758623123169,-2.34360803,1223.0
1848,293376,132,36,0.010598702137940563,0.9404374957084656,9152,-0.02090337369736517,0.023488147,-41.38255274295807,0.2,0.2640380859375,0.0004092704424510632,-0.022731635719537735,-2.391885280609131,-2.34360803,1223.0
1849,293888,133,36,0.004256764616002329,0.938848614692688,9168,-0.024947207333752885,0.015270259,-41.40663683414459,0.2,0.244873046875,0.0004092704424510632,-0.027403095737099648,-0.03999757766723633,-2.34469541,1223.0
1849,294400,134,37,0.5129687637090683,0.9382079839706421,9184,-0.021184234617976472,0.021888983,-41.34760558605194,0.2,0.1322021484375,0.0004092704424510632,0.033391520380973816,0.16981124877929688,-2.34469541,1223.0
1850,294912,135,37,0.02725200419081375,0.9378778338432312,9200,-0.02556814398849383,0.019965276,-41.342042446136475,0.2,0.26220703125,0.0004092704424510632,-0.03656849265098572,-9.841601371765137,-2.34367606,1223.0
1850,295424,136,37,0.558721003588289,0.9374154806137085,9216,-0.012193040536658373,0.012648727,-41.32635676860809,0.2,0.093994140625,0.0004092704424510632,0.03428635001182556,0.15376132726669312,-2.34367606,1223.0
1850,295936,137,37,0.008316276500409003,0.9380472302436829,9232,-0.022360404298524372,0.026458379,-41.32540512084961,0.2,0.285888671875,0.0004092704424510632,-0.025677738711237907,-5.29041051864624,-2.34367606,1223.0
1851,296448,138,38,0.006442845726269297,0.9389381408691406,9248,-0.025951887258997886,0.015123266,-41.35656189918518,0.2,0.259521484375,0.0004092704424510632,-0.0309547521173954,0.38950175046920776,-2.3439972499999997,1223.0
1851,296960,139,38,0.20837266254238784,0.9383765459060669,9264,-0.017842200497398153,0.019334733,-41.368574380874634,0.2,0.138671875,0.0004092704424510632,0.001506127417087555,0.38095003366470337,-2.3439972499999997,1223.0
1852,297472,140,38,0.014234707181458361,0.9394614696502686,9280,-0.024234287404397037,0.02259244,-41.36028516292572,0.2,0.2735595703125,0.0004092704424510632,-0.03031110018491745,-7.998236656188965,-2.3447721099999996,1223.0
1852,297984,141,38,0.695915911346674,0.9403157234191895,9296,-0.018289385334355757,0.013354909,-41.402021169662476,0.2,0.102294921875,0.0004092704424510632,0.10895783454179764,0.06535607576370239,-2.3447721099999996,1223.0
1853,298496,142,39,0.0041632763532106765,0.9402238130569458,9312,-0.023002294430625625,0.019785699,-41.406968116760254,0.2,0.2655029296875,0.0004092704424510632,-0.02864833176136017,-5.719473838806152,-2.3456904599999997,1223.0
1853,299008,143,39,0.5857880404219031,0.9402879476547241,9328,-0.012226110324263573,0.014862422,-41.400132060050964,0.2,0.0816650390625,0.0004092704424510632,0.11652682721614838,0.3585652709007263,-2.3456904599999997,1223.0
1854,299520,144,39,0.0077083430587663315,0.9401039481163025,9344,-0.024224509237683378,0.02074534,-41.401387214660645,0.2,0.264892578125,0.0004092704424510632,-0.030841900035738945,-2.9295592308044434,-2.3456904599999997,1223.0
1855,300032,145,40,0.00446209291840205,0.9389609098434448,9360,-0.02480530233879108,0.019161364,-41.38420796394348,0.2,0.260498046875,0.0004092704424510632,-0.03950051590800285,0.011295855045318604,-2.34536275,1223.0
1855,300544,146,40,0.5412003477104008,0.9383683800697327,9376,-0.01356286862574052,0.014009563,-41.34584712982178,0.2,0.0716552734375,0.0004092704424510632,0.10517100989818573,0.20879411697387695,-2.34536275,1223.0
1855,301056,147,40,0.01579841534839943,0.9396583437919617,9392,-0.023309054828132503,0.027501587,-41.3527637720108,0.2,0.291748046875,0.0004092704424510632,-0.027814259752631187,-2.0258710384368896,-2.3459668599999994,1223.0
