time/fps,time/total_timesteps,time/iterations,time/time_elapsed,train/n_updates,train/policy_gradient_loss,train/value_loss,train/learning_rate,train/approx_kl,train/std,train/clip_range,train/clip_fraction,train/entropy_loss,train/loss,train/explained_variance,rollout/ep_len_mean,rollout/ep_rew_mean
4256,512,1,0,,,,,,,,,,,,,
2562,1024,2,0,16,-0.033595079788938165,0.18269369367772015,0.0004092704424510632,0.018407555,1.0003514289855957,0.2,0.2620849609375,-43.98675835132599,-0.03886943310499191,-0.7584482431411743,,
2256,1536,3,0,32,-0.0339861954562366,0.003129601522232406,0.0004092704424510632,0.024294142,0.9999194145202637,0.2,0.2900390625,-43.99406039714813,-0.044483382254838943,-0.0710148811340332,1223.0,-2.203454
2128,2048,4,0,48,-0.026778458573971875,0.01604591653449461,0.0004092704424510632,0.017481744,0.9985806345939636,0.2,0.30078125,-43.96207797527313,-0.029301326721906662,0.003376603126525879,1223.0,-2.203454
2058,2560,5,1,64,-0.02305904353124788,0.0014748327848792542,0.0004092704424510632,0.015313407,0.9996839761734009,0.2,0.2227783203125,-43.9507759809494,-0.03129607439041138,-0.014028549194335938,1223.0,-2.277739
2015,3072,6,1,80,-0.029047922005702276,0.021375765441916883,0.0004092704424510632,0.018942215,0.9998401403427124,0.2,0.2930908203125,-43.97943830490112,-0.020237265154719353,0.005604088306427002,1223.0,-2.277739
1962,3584,7,1,96,-0.023233404601342045,0.002279083852045005,0.0004092704424510632,0.016090067,0.9996778964996338,0.2,0.233642578125,-43.97543525695801,-0.023013584315776825,-0.02175319194793701,1223.0,-2.277739
1918,4096,8,2,112,-0.02901533432304859,0.002330743987840833,0.0004092704424510632,0.017851317,1.000827431678772,0.2,0.2689208984375,-43.98852479457855,-0.040313273668289185,-0.01990675926208496,1223.0,-2.2329223333333332
1898,4608,9,2,128,-0.024248556510428898,0.029682267806492746,0.0004092704424510632,0.018977271,1.0012733936309814,0.2,0.2508544921875,-44.01497793197632,-0.019672460854053497,0.0070154666900634766,1223.0,-2.2329223333333332
1884,5120,10,2,144,-0.024863325234036893,0.0012002742805634625,0.0004092704424510632,0.016724747,1.0011837482452393,0.2,0.242431640625,-44.020918011665344,-0.02363451197743416,0.19261080026626587,1223.0,-2.1749285
1881,5632,11,2,160,-0.02443589540780522,0.03490962501382455,0.0004092704424510632,0.018225767,1.0023616552352905,0.2,0.2490234375,-44.03548848628998,-0.016922999173402786,0.053537845611572266,1223.0,-2.1749285
1879,6144,12,3,176,-0.023344140863628127,0.0013824903853674186,0.0004092704424510632,0.015077512,1.0022486448287964,0.2,0.2532958984375,-44.058539032936096,-0.03557228296995163,-0.3400174379348755,1223.0,-2.1625204
1869,6656,13,3,192,-0.02905658434610814,0.0395949924713932,0.0004092704424510632,0.017873159,1.0002951622009277,0.2,0.262451171875,-44.024269700050354,-0.019735807552933693,0.09475982189178467,1223.0,-2.1625204
1867,7168,14,3,208,-0.02567674044985324,0.003289410989964381,0.0004092704424510632,0.015248469,1.0013779401779175,0.2,0.216796875,-43.99335300922394,-0.03795348480343819,-0.1557164192199707,1223.0,-2.1625204
1863,7680,15,4,224,-0.032470385456690565,0.002099601722875377,0.0004092704424510632,0.024381548,1.0022472143173218,0.2,0.301025390625,-44.040398478507996,-0.04224913567304611,0.06430643796920776,1223.0,-2.147422166666667
1855,8192,16,4,240,-0.02372426616784651,0.04565712565090507,0.0004092704424510632,0.015226664,1.0041913986206055,0.2,0.243408203125,-44.07700324058533,-0.020002568140625954,0.05687135457992554,1223.0,-2.147422166666667
1851,8704,17,4,256,-0.027977984660537913,0.0037089316065248568,0.0004092704424510632,0.024026472,1.0054532289505005,0.2,0.28759765625,-44.12928533554077,-0.02931959368288517,-1.12823486328125,1223.0,-2.184101
1841,9216,18,5,272,-0.02940660137392115,0.051704336889088154,0.0004092704424510632,0.023493558,1.0048662424087524,0.2,0.30859375,-44.13921844959259,-0.009130362421274185,0.08535110950469971,1223.0,-2.184101
1833,9728,19,5,288,-0.02555694882175885,0.003828348962997552,0.0004092704424510632,0.01610652,1.0042707920074463,0.2,0.2235107421875,-44.11936390399933,-0.018338389694690704,-0.0028187036514282227,1223.0,-2.184101
1829,10240,20,5,304,-0.02199051817297004,0.0033055382664315403,0.0004092704424510632,0.012410937,1.0046911239624023,0.2,0.2027587890625,-44.11665761470795,-0.04317285493016243,0.009574174880981445,1223.0,-2.17301075
1823,10752,21,5,320,-0.027691217299434356,0.054632428160402924,0.0004092704424510632,0.018688284,1.004551887512207,0.2,0.259765625,-44.1245242357254,-0.01945585384964943,0.07657724618911743,1223.0,-2.17301075
1819,11264,22,6,336,-0.02818630034380476,0.005248170957202092,0.0004092704424510632,0.018459057,1.0048763751983643,0.2,0.2569580078125,-44.11986696720123,-0.04442513361573219,-3.518305778503418,1223.0,-2.1787787777777776
1813,11776,23,6,352,-0.029324870614800602,0.04996858711820096,0.0004092704424510632,0.023913357,1.0044958591461182,0.2,0.292724609375,-44.12511217594147,-0.0052101463079452515,0.031769514083862305,1223.0,-2.1787787777777776
1808,12288,24,6,368,-0.024042458564508706,0.006123058890807442,0.0004092704424510632,0.016769199,1.0035299062728882,0.2,0.21435546875,-44.10724723339081,-0.04292914643883705,-1.564556360244751,1223.0,-2.168062
1808,12800,25,7,384,-0.03635325504728826,0.06205388065427542,0.0004092704424510632,0.036639176,1.0028417110443115,0.2,0.3138427734375,-44.06850969791412,-0.02211068943142891,0.08804517984390259,1223.0,-2.168062
1806,13312,26,7,400,-0.026941423857351765,0.006865996532724239,0.0004092704424510632,0.023204876,1.0015813112258911,0.2,0.25146484375,-44.04605031013489,-0.04674890264868736,-0.24060213565826416,1223.0,-2.168062
1806,13824,27,7,416,-0.026594013470457867,0.00316970460335142,0.0004092704424510632,0.020397708,1.00089693069458,0.2,0.27294921875,-44.01099443435669,-0.03980096057057381,-0.5709823369979858,1223.0,-2.193534090909091
1809,14336,28,7,432,-0.022104878880782053,0.07914400170557201,0.0004092704424510632,0.017860161,0.9989298582077026,0.2,0.2216796875,-43.97421360015869,-0.01081058382987976,0.046033620834350586,1223.0,-2.193534090909091
1808,14848,29,8,448,-0.02461511113506276,0.005534468466066755,0.0004092704424510632,0.016966585,0.9979041218757629,0.2,0.2158203125,-43.919846057891846,-0.03641393408179283,-2.7625861167907715,1223.0,-2.192294
1809,15360,30,8,464,-0.023069080023560673,0.07178962719626725,0.0004092704424510632,0.0193565,0.9973039031028748,0.2,0.22607421875,-43.89828681945801,-0.004463741555809975,0.11215794086456299,1223.0,-2.192294
1811,15872,31,8,480,-0.026229943629004993,0.006781409087125212,0.0004092704424510632,0.016409151,0.9970696568489075,0.2,0.223388671875,-43.882452607154846,-0.03931056708097458,-0.17606127262115479,1223.0,-2.192294
1814,16384,32,9,496,-0.025472448265645653,0.004768988357682247,0.0004092704424510632,0.016588887,0.9979690313339233,0.2,0.2142333984375,-43.884909987449646,-0.03775721415877342,0.41010451316833496,1223.0,-2.1954646923076924
1816,16896,33,9,512,-0.02272837280179374,0.05989117862191051,0.0004092704424510632,0.030944193,0.9988684058189392,0.2,0.273193359375,-43.91906714439392,0.008704857900738716,0.20466768741607666,1223.0,-2.1954646923076924
1814,17408,34,9,528,-0.022180317413585726,0.021931040071649477,0.0004092704424510632,0.015766501,0.9986460208892822,0.2,0.1873779296875,-43.927717208862305,-0.02825895883142948,-3.0602850914001465,1223.0,-2.199316857142857
1812,17920,35,9,544,-0.02293495985213667,0.10014935454819351,0.0004092704424510632,0.018478911,0.9975119829177856,0.2,0.1944580078125,-43.902992844581604,0.007059045135974884,0.05817115306854248,1223.0,-2.199316857142857
1813,18432,36,10,560,-0.027520454314071685,0.004122512189496774,0.0004092704424510632,0.0193434,0.9966391324996948,0.2,0.236328125,-43.87069082260132,-0.037037283182144165,-1.1421611309051514,1223.0,-2.2025564666666666
1812,18944,37,10,576,-0.025230555183952674,0.09281923528760672,0.0004092704424510632,0.023112431,0.9961223602294922,0.2,0.26904296875,-43.84797561168671,0.011281177401542664,0.14499425888061523,1223.0,-2.2025564666666666
1809,19456,38,10,592,-0.018147925948142074,0.00395034523535287,0.0004092704424510632,0.012578404,0.9962099194526672,0.2,0.155029296875,-43.835776805877686,-0.023762479424476624,-0.824001669883728,1223.0,-2.2025564666666666
1809,19968,39,11,608,-0.02488361064752098,0.002683199731109198,0.0004092704424510632,0.022028506,0.9962212443351746,0.2,0.2430419921875,-43.84058392047882,-0.03590100631117821,-0.05952489376068115,1223.0,-2.1991719375
1809,20480,40,11,624,-0.02523389449925162,0.1022085944423452,0.0004092704424510632,0.020541001,0.9969449639320374,0.2,0.234130859375,-43.849323987960815,-0.012602481991052628,0.07543939352035522,1223.0,-2.1991719375
1807,20992,41,11,640,-0.024138969194609672,0.011855412696604617,0.0004092704424510632,0.018216554,0.9971976280212402,0.2,0.2166748046875,-43.87424063682556,-0.02371397241950035,-4.606838703155518,1223.0,-2.203640823529412
1808,21504,42,11,656,-0.019438179617282003,0.13201738614588976,0.0004092704424510632,0.015677128,0.9965492486953735,0.2,0.2000732421875,-43.85837137699127,0.02041374146938324,0.035619139671325684,1223.0,-2.203640823529412
1808,22016,43,12,672,-0.021810272883158177,0.011842486521345563,0.0004092704424510632,0.015652206,0.9976599216461182,0.2,0.2041015625,-43.85967814922333,-0.027967099100351334,-0.8042614459991455,1223.0,-2.208422666666667
1805,22528,44,12,688,-0.018059848458506167,0.13116886443458498,0.0004092704424510632,0.01678839,0.9965599179267883,0.2,0.169921875,-43.877928137779236,0.013743512332439423,0.32106882333755493,1223.0,-2.208422666666667
1802,23040,45,12,704,-0.03004304220667109,0.0099428072135197,0.0004092704424510632,0.019368969,0.9956970810890198,0.2,0.262939453125,-43.83007073402405,-0.03479333221912384,-0.6352304220199585,1223.0,-2.208422666666667
1801,23552,46,13,720,-0.02892467810306698,0.004519007561611943,0.0004092704424510632,0.024143625,0.9975841641426086,0.2,0.291015625,-43.84585523605347,-0.035116005688905716,-0.5782293081283569,1223.0,-2.2086877368421054
1800,24064,47,13,736,-0.028018451645039022,0.12559873261488974,0.0004092704424510632,0.027166488,0.9984769225120544,0.2,0.2158203125,-43.89676606655121,-0.0101860873401165,0.06741231679916382,1223.0,-2.2086877368421054
1797,24576,48,13,752,-0.023195739995571785,0.019408077059779316,0.0004092704424510632,0.019268706,0.9992629885673523,0.2,0.2081298828125,-43.92042088508606,-0.03338705375790596,-1.9761180877685547,1223.0,-2.20919895
1794,25088,49,13,768,-0.023882811961811967,0.13040978135541081,0.0004092704424510632,0.017162664,0.9986230731010437,0.2,0.192138671875,-43.92279505729675,0.026880929246544838,0.14219719171524048,1223.0,-2.20919895
1790,25600,50,14,784,-0.025222297350410372,0.013239165273262188,0.0004092704424510632,0.015386241,0.9993202090263367,0.2,0.20849609375,-43.913193225860596,-0.04100440442562103,-0.7463700771331787,1223.0,-2.20919895
1787,26112,51,14,800,-0.02283867506776005,0.004006434552138671,0.0004092704424510632,0.01741587,1.0000977516174316,0.2,0.2061767578125,-43.93933582305908,-0.025508396327495575,-0.5409938097000122,1223.0,-2.208210047619048
1783,26624,52,14,816,-0.023551361773570534,0.1305131377885118,0.0004092704424510632,0.021182923,1.0006277561187744,0.2,0.1903076171875,-43.958338260650635,0.00953616201877594,0.08128982782363892,1223.0,-2.208210047619048
1780,27136,53,15,832,-0.01841057361161802,0.0478391247743275,0.0004092704424510632,0.01686583,1.0004295110702515,0.2,0.1416015625,-43.96524786949158,-0.0237409807741642,-5.0639214515686035,1223.0,-2.213599863636364
1777,27648,54,15,848,-0.02595164558442775,0.1539106930140406,0.0004092704424510632,0.023922522,1.0012049674987793,0.2,0.2264404296875,-43.96933114528656,0.0005186200141906738,0.4110838770866394,1223.0,-2.213599863636364
1776,28160,55,15,864,-0.02482933271676302,0.01616128085879609,0.0004092704424510632,0.01720412,0.9994438290596008,0.2,0.2193603515625,-43.969743847846985,-0.036049965769052505,-1.9758679866790771,1223.0,-2.217611782608696
1774,28672,56,16,880,-0.022096064858487807,0.18777546007186174,0.0004092704424510632,0.02239437,0.9973983764648438,0.2,0.206298828125,-43.8932820558548,0.031320538371801376,0.17182159423828125,1223.0,-2.217611782608696
1772,29184,57,16,896,-0.021369483438320458,0.010580065762042068,0.0004092704424510632,0.013670794,0.9973403215408325,0.2,0.183837890625,-43.86434984207153,-0.03301986679434776,-0.5010685920715332,1223.0,-2.217611782608696
1769,29696,58,16,912,-0.02465852355817333,0.002732665805524448,0.0004092704424510632,0.014455054,0.996267557144165,0.2,0.231201171875,-43.85256552696228,-0.03752456605434418,-0.33943021297454834,1223.0,-2.2198278333333334
1768,30208,59,17,928,-0.016579576797084883,0.13034742302261293,0.0004092704424510632,0.0122937355,0.9962019324302673,0.2,0.138916015625,-43.82868432998657,0.021103255450725555,0.10123544931411743,1223.0,-2.2198278333333334
1766,30720,60,17,944,-0.022061547126213554,0.02699265061528422,0.0004092704424510632,0.019725759,0.9953449964523315,0.2,0.1795654296875,-43.82378923892975,-0.029320307075977325,-3.8012657165527344,1223.0,-2.22211828
1765,31232,61,17,960,-0.021677256445400417,0.1508091774303466,0.0004092704424510632,0.018378146,0.9955005645751953,0.2,0.231689453125,-43.80740284919739,0.036033160984516144,0.09042882919311523,1223.0,-2.22211828
1764,31744,62,17,976,-0.025119991652900353,0.01255537879478652,0.0004092704424510632,0.019466545,0.9948249459266663,0.2,0.2467041015625,-43.802120089530945,-0.023495320230722427,-0.23016774654388428,1223.0,-2.22211828
1763,32256,63,18,992,-0.02732968353666365,0.0062927370890975,0.0004092704424510632,0.018652909,0.995277464389801,0.2,0.2471923828125,-43.79616153240204,-0.034897226840257645,-0.05547678470611572,1223.0,-2.217854307692308
1761,32768,64,18,1008,-0.024797952195513062,0.11415973538532853,0.0004092704424510632,0.023401905,0.9961539506912231,0.2,0.2117919921875,-43.82418620586395,0.00027881190180778503,0.12271463871002197,1223.0,-2.217854307692308
1759,33280,65,18,1024,-0.024893527617678046,0.009559811762301251,0.0004092704424510632,0.01663868,0.9954186677932739,0.2,0.2103271484375,-43.830695271492004,-0.030149592086672783,-3.474173069000244,1223.0,-2.2182412962962963
1757,33792,66,19,1040,-0.02754232044389937,0.10219713754486293,0.0004092704424510632,0.021880731,0.9949695467948914,0.2,0.2103271484375,-43.80546152591705,-0.01473681628704071,0.09337884187698364,1223.0,-2.2182412962962963
1750,34304,67,19,1056,-0.029737933014985174,0.007391995823127218,0.0004092704424510632,0.020075591,0.9934849739074707,0.2,0.267578125,-43.779128193855286,-0.04762950539588928,-1.1242568492889404,1223.0,-2.21788725
1747,34816,68,19,1072,-0.02481487437034957,0.12248236313462257,0.0004092704424510632,0.019714236,0.992359459400177,0.2,0.18310546875,-43.73131585121155,0.0024654120206832886,0.1766851544380188,1223.0,-2.21788725
1745,35328,69,20,1088,-0.029751373498584144,0.005169994925381616,0.0004092704424510632,0.01814487,0.991712212562561,0.2,0.236572265625,-43.70247030258179,-0.03342010825872421,-1.1732940673828125,1223.0,-2.21788725
1744,35840,70,20,1104,-0.026975623361067846,0.0025008301927300636,0.0004092704424510632,0.019542312,0.9922928810119629,0.2,0.252197265625,-43.70226061344147,-0.03586823120713234,-0.346038818359375,1223.0,-2.211394862068966
1743,36352,71,20,1120,-0.02145561037468724,0.11511481471825391,0.0004092704424510632,0.01968038,0.9937156438827515,0.2,0.159423828125,-43.73371767997742,-0.009159866720438004,0.09772425889968872,1223.0,-2.211394862068966
1741,36864,72,21,1136,-0.021186332713114098,0.02236560292658396,0.0004092704424510632,0.014258647,0.9952808022499084,0.2,0.17431640625,-43.77911448478699,-0.03695023059844971,-5.101557731628418,1223.0,-2.2137939666666666
1740,37376,73,21,1152,-0.022458872364950366,0.1564878688659519,0.0004092704424510632,0.03353537,0.9951837062835693,0.2,0.2598876953125,-43.803080558776855,0.04758559167385101,0.05191206932067871,1223.0,-2.2137939666666666
1739,37888,74,21,1168,-0.0254768512386363,0.02132196439197287,0.0004092704424510632,0.02034548,0.993711531162262,0.2,0.218994140625,-43.78403317928314,-0.016488978639245033,-1.290515661239624,1223.0,-2.2137939666666666
1737,38400,75,22,1184,-0.023908223825856112,0.014851753745460883,0.0004092704424510632,0.017253565,0.9911126494407654,0.2,0.2247314453125,-43.710386753082275,-0.01781463623046875,0.4641481041908264,1223.0,-2.2128246451612905
1736,38912,76,22,1200,-0.020511172246187925,0.07948946370743215,0.0004092704424510632,0.022195905,0.9891495704650879,0.2,0.213134765625,-43.642112135887146,-0.007551101967692375,0.37183862924575806,1223.0,-2.2128246451612905
1734,39424,77,22,1216,-0.030287062632851303,0.029834772634785622,0.0004092704424510632,0.021508288,0.988701343536377,0.2,0.2353515625,-43.59823942184448,-0.038268886506557465,-4.105510711669922,1223.0,-2.2150381875000003
1733,39936,78,23,1232,-0.023941071282024495,0.1598568232730031,0.0004092704424510632,0.025138142,0.9880773425102234,0.2,0.2822265625,-43.58542609214783,0.03940732777118683,0.039550602436065674,1223.0,-2.2150381875000003
1733,40448,79,23,1248,-0.029109864350175485,0.030661670141853392,0.0004092704424510632,0.02436382,0.9890726804733276,0.2,0.252197265625,-43.58418869972229,-0.04166620969772339,-1.903874158859253,1223.0,-2.213796121212121
1732,40960,80,23,1264,-0.02358491135237273,0.12338182027451694,0.0004092704424510632,0.018186305,0.9898852109909058,0.2,0.2359619140625,-43.622395396232605,0.013625085353851318,0.42175930738449097,1223.0,-2.213796121212121
1732,41472,81,23,1280,-0.02873210675898008,0.00804347314988263,0.0004092704424510632,0.022189246,0.991232693195343,0.2,0.2509765625,-43.64288628101349,-0.040641795843839645,-1.4491710662841797,1223.0,-2.213796121212121
1731,41984,82,24,1296,-0.020692615376901813,0.0028207754621689674,0.0004092704424510632,0.01499339,0.9911481738090515,0.2,0.1942138671875,-43.673046946525574,-0.025148682296276093,-0.5453077554702759,1223.0,-2.2105619705882353
1731,42496,83,24,1312,-0.020305659927544184,0.10278636438306421,0.0004092704424510632,0.013435649,0.9909902811050415,0.2,0.167236328125,-43.66631805896759,-0.006279563531279564,0.10640043020248413,1223.0,-2.2105619705882353
1730,43008,84,24,1328,-0.017686984087049495,0.020400400215294212,0.0004092704424510632,0.016722454,0.9910540580749512,0.2,0.18310546875,-43.654359340667725,-0.022831257432699203,-5.1190972328186035,1223.0,-2.2126002571428574
1730,43520,85,25,1344,-0.023159879638114944,0.15069533314090222,0.0004092704424510632,0.02242297,0.9908894300460815,0.2,0.2618408203125,-43.6626273393631,0.0026740990579128265,0.03755885362625122,1223.0,-2.2126002571428574
1730,44032,86,25,1360,-0.028316644951701164,0.015509841643506661,0.0004092704424510632,0.015716756,0.9901070594787598,0.2,0.22119140625,-43.6491779088974,-0.04573686793446541,-0.25598156452178955,1223.0,-2.2162538611111113
1729,44544,87,25,1376,-0.0217855704104295,0.11370891029946506,0.0004092704424510632,0.017087482,0.9890668392181396,0.2,0.2255859375,-43.615518450737,0.018735330551862717,0.44260454177856445,1223.0,-2.2162538611111113
1728,45056,88,26,1392,-0.026519397157244384,0.006800225688493811,0.0004092704424510632,0.018343007,0.9914682507514954,0.2,0.233154296875,-43.62712347507477,-0.0391763411462307,-0.8101327419281006,1223.0,-2.2162538611111113
1728,45568,89,26,1408,-0.022834117291495204,0.002918840302299941,0.0004092704424510632,0.018002653,0.9915027022361755,0.2,0.2301025390625,-43.67859375476837,-0.019419359043240547,-0.1836397647857666,1223.0,-2.2196338108108113
1726,46080,90,26,1424,-0.03146092695533298,0.13636715058237314,0.0004092704424510632,0.030120106,0.9910007119178772,0.2,0.2694091796875,-43.66282892227173,-0.0032615922391414642,0.12695163488388062,1223.0,-2.2196338108108113
1726,46592,91,26,1440,-0.020054089662153274,0.0373815405764617,0.0004092704424510632,0.014097001,0.9896174669265747,0.2,0.17333984375,-43.6372195482254,-0.02404656447470188,-3.058183193206787,1223.0,-2.2174566842105268
1726,47104,92,27,1456,-0.023369175207335502,0.13542098132893443,0.0004092704424510632,0.022851609,0.9897494316101074,0.2,0.21875,-43.606387972831726,0.019293207675218582,0.2590528130531311,1223.0,-2.2174566842105268
1726,47616,93,27,1472,-0.02088491345057264,0.010564957949100062,0.0004092704424510632,0.016174916,0.9896377325057983,0.2,0.19873046875,-43.614439606666565,-0.018177438527345657,-0.08009660243988037,1223.0,-2.2174566842105268
1725,48128,94,27,1488,-0.030973832137533464,0.0048669741954654455,0.0004092704424510632,0.025036253,0.9895307421684265,0.2,0.2784423828125,-43.60832214355469,-0.04295172914862633,-1.0114176273345947,1223.0,-2.2147068205128213
1725,48640,95,28,1504,-0.023954667383804917,0.13027340779080987,0.0004092704424510632,0.021713413,0.9898508191108704,0.2,0.1968994140625,-43.61302042007446,0.014051765203475952,0.09430629014968872,1223.0,-2.2147068205128213
1724,49152,96,28,1520,-0.024763218447333202,0.020948310106177814,0.0004092704424510632,0.017231306,0.9894124269485474,0.2,0.18310546875,-43.613990902900696,-0.023526625707745552,-3.7419114112854004,1223.0,-2.213185075
1723,49664,97,28,1536,-0.024391310900682583,0.10558005806524307,0.0004092704424510632,0.024269767,0.9889615774154663,0.2,0.248779296875,-43.59999430179596,-0.007466059178113937,0.07637739181518555,1223.0,-2.213185075
1722,50176,98,29,1552,-0.02587060135556385,0.011602027982007712,0.0004092704424510632,0.01882682,0.9885311722755432,0.2,0.2373046875,-43.590755462646484,-0.02960619144141674,-1.2132048606872559,1223.0,-2.2153466585365855
1721,50688,99,29,1568,-0.022775146615458652,0.12093349755741656,0.0004092704424510632,0.015462609,0.9881272315979004,0.2,0.1778564453125,-43.573307156562805,-0.0020268261432647705,0.22401583194732666,1223.0,-2.2153466585365855
1721,51200,100,29,1584,-0.03161138837458566,0.004679986137489323,0.0004092704424510632,0.02580852,0.989902913570404,0.2,0.3076171875,-43.58464050292969,-0.045968376100063324,-1.3750176429748535,1223.0,-2.2153466585365855
1720,51712,101,30,1600,-0.028557705198181793,0.0026250010887451936,0.0004092704424510632,0.019397449,0.9896277785301208,0.2,0.2757568359375,-43.62156581878662,-0.042323336005210876,-0.05095410346984863,1223.0,-2.210878666666667
1719,52224,102,30,1616,-0.020527716289507225,0.13128046749625355,0.0004092704424510632,0.019182295,0.9896832704544067,0.2,0.1943359375,-43.607534408569336,-6.422959268093109e-05,0.1266242265701294,1223.0,-2.210878666666667
1718,52736,103,30,1632,-0.02480728560476564,0.01943702850257978,0.0004092704424510632,0.015219023,0.9902536869049072,0.2,0.228759765625,-43.61780345439911,-0.033785130828619,-2.7141594886779785,1223.0,-2.214797162790698
1717,53248,104,30,1648,-0.023774039844283834,0.16150104138068855,0.0004092704424510632,0.018076073,0.9905573129653931,0.2,0.299072265625,-43.6323082447052,0.01877526566386223,0.1258041262626648,1223.0,-2.214797162790698
1716,53760,105,31,1664,-0.028903926111524925,0.026368806895334274,0.0004092704424510632,0.020695645,0.9909351468086243,0.2,0.3013916015625,-43.641528606414795,-0.01969209499657154,0.2415236234664917,1223.0,-2.214797162790698
1716,54272,106,31,1680,-0.0262218116549775,0.015658945980248973,0.0004092704424510632,0.01571655,0.9896772503852844,0.2,0.221435546875,-43.62771558761597,-0.025067614391446114,-0.9458985328674316,1223.0,-2.2160382272727275
1715,54784,107,31,1696,-0.028044501756085083,0.10858042346080765,0.0004092704424510632,0.024379821,0.9886900186538696,0.2,0.2357177734375,-43.58776152133942,-0.02116784080862999,0.18854540586471558,1223.0,-2.2160382272727275
1714,55296,108,32,1712,-0.020938422792823985,0.017430824518669397,0.0004092704424510632,0.012793591,0.9879559874534607,0.2,0.1817626953125,-43.5655654668808,-0.034518346190452576,-3.7180871963500977,1223.0,-2.216192888888889
1714,55808,109,32,1728,-0.01786061641178094,0.19066570373252034,0.0004092704424510632,0.018295318,0.9860953688621521,0.2,0.192138671875,-43.52028489112854,0.037150681018829346,0.07910096645355225,1223.0,-2.216192888888889
1713,56320,110,32,1744,-0.027456594587420113,0.03301063925027847,0.0004092704424510632,0.017496083,0.9860696196556091,0.2,0.220458984375,-43.48780345916748,-0.032387398183345795,-1.226670503616333,1223.0,-2.217438804347826
1712,56832,111,33,1760,-0.01958504981303122,0.17540607368573546,0.0004092704424510632,0.021729924,0.9851396679878235,0.2,0.188232421875,-43.481473445892334,0.024800807237625122,0.3733505606651306,1223.0,-2.217438804347826
1711,57344,112,33,1776,-0.025250743463402614,0.00982500244572293,0.0004092704424510632,0.018339489,0.9844425320625305,0.2,0.24609375,-43.44955778121948,-0.025507193058729172,-1.333648443222046,1223.0,-2.217438804347826
1710,57856,113,33,1792,-0.0330127100169193,0.002951319816929754,0.0004092704424510632,0.017540403,0.9817107915878296,0.2,0.286865234375,-43.401302218437195,-0.04314465820789337,-0.2418452501296997,1223.0,-2.2143270425531916
1707,58368,114,34,1808,-0.026993781386408955,0.1676911114482209,0.0004092704424510632,0.02364779,0.980370283126831,0.2,0.211181640625,-43.32583034038544,0.005662273615598679,0.1071963906288147,1223.0,-2.2143270425531916
1706,58880,115,34,1824,-0.02681526132801082,0.021118488046340644,0.0004092704424510632,0.02306125,0.9783632755279541,0.2,0.22900390625,-43.28297746181488,-0.03496706113219261,-3.7638611793518066,1223.0,-2.2159073125
1705,59392,116,34,1840,-0.01669850287726149,0.21023277065251023,0.0004092704424510632,0.012894467,0.9780662655830383,0.2,0.158203125,-43.2298287153244,0.023230459541082382,0.08441084623336792,1223.0,-2.2159073125
1704,59904,117,35,1856,-0.02640926330786897,0.014548812090652063,0.0004092704424510632,0.021576721,0.9780221581459045,0.2,0.2608642578125,-43.23079836368561,-0.02859514020383358,-1.0274667739868164,1223.0,-2.2159073125
1702,60416,118,35,1872,-0.027983499661786482,0.010789176129037514,0.0004092704424510632,0.018501628,0.979378879070282,0.2,0.2652587890625,-43.23745548725128,-0.040796201676130295,0.505003035068512,1223.0,-2.215616918367347
1702,60928,119,35,1888,-0.02324740291805938,0.08690167556051165,0.0004092704424510632,0.035499115,0.9807192087173462,0.2,0.245361328125,-43.28692615032196,-0.005452638491988182,0.3321412205696106,1223.0,-2.215616918367347
1701,61440,120,36,1904,-0.022719822212820873,0.033930464182049036,0.0004092704424510632,0.016366957,0.9813838005065918,0.2,0.196044921875,-43.31562089920044,-0.02750663459300995,-3.6391682624816895,1223.0,-2.21464148
1700,61952,121,36,1920,-0.023111184942536056,0.17835710663348436,0.0004092704424510632,0.026184106,0.981401264667511,0.2,0.2005615234375,-43.32483232021332,0.025576693937182426,0.13157641887664795,1223.0,-2.21464148
1700,62464,122,36,1936,-0.029645607588463463,0.009626479979488067,0.0004092704424510632,0.018031482,0.9829980134963989,0.2,0.257080078125,-43.33961057662964,-0.045146506279706955,-1.463256597518921,1223.0,-2.2138306078431373
1699,62976,123,37,1952,-0.01740983792115003,0.20242500212043524,0.0004092704424510632,0.016846806,0.9837657809257507,0.2,0.129638671875,-43.38379693031311,0.031000252813100815,0.2213141918182373,1223.0,-2.2138306078431373
1699,63488,124,37,1968,-0.026318842647015117,0.008923202607547864,0.0004092704424510632,0.014309395,0.9838814735412598,0.2,0.2110595703125,-43.396280169487,-0.032833244651556015,-1.2981016635894775,1223.0,-2.2138306078431373
1698,64000,125,37,1984,-0.022123139788163826,0.0023672828210692387,0.0004092704424510632,0.01215891,0.9840793609619141,0.2,0.1834716796875,-43.40085971355438,-0.028885986655950546,-0.382235050201416,1223.0,-2.211423423076923
1698,64512,126,37,2000,-0.01715596133726649,0.2564208849798888,0.0004092704424510632,0.019071091,0.9834930896759033,0.2,0.252685546875,-43.39053952693939,0.037513814866542816,0.1029394268989563,1223.0,-2.211423423076923
1698,65024,127,38,2016,-0.026204272275208496,0.07478414592333138,0.0004092704424510632,0.02156308,0.9840424060821533,0.2,0.2711181640625,-43.387205481529236,-0.016591433435678482,-4.478842258453369,1223.0,-2.2126980377358487
1697,65536,128,38,2032,-0.020159915919066407,0.2356852563098073,0.0004092704424510632,0.012075599,0.9849947690963745,0.2,0.186767578125,-43.4177451133728,0.05830693244934082,0.48754703998565674,1223.0,-2.2126980377358487
1697,66048,129,38,2048,-0.027528939623152837,0.020272063789889216,0.0004092704424510632,0.018569974,0.9838985204696655,0.2,0.261962890625,-43.41873276233673,-0.03250107541680336,-0.9426915645599365,1223.0,-2.2071535925925923
1697,66560,130,39,2064,-0.021857801140868105,0.1696395706385374,0.0004092704424510632,0.01972845,0.9839019775390625,0.2,0.2142333984375,-43.390313148498535,0.04685770347714424,0.5018018484115601,1223.0,-2.2071535925925923
1697,67072,131,39,2080,-0.022142604779219255,0.010722676655859686,0.0004092704424510632,0.013009447,0.9846824407577515,0.2,0.19287109375,-43.39991593360901,-0.026135021820664406,-1.8693296909332275,1223.0,-2.2071535925925923
1697,67584,132,39,2096,-0.024882947494916152,0.002471752493875101,0.0004092704424510632,0.01787129,0.9875285029411316,0.2,0.2274169921875,-43.44644474983215,-0.03995542600750923,0.0167197585105896,1223.0,-2.2067454727272726
1697,68096,133,40,2112,-0.0253973578219302,0.17055644607171416,0.0004092704424510632,0.020783916,0.9884997606277466,0.2,0.191650390625,-43.51541566848755,-0.0015707165002822876,0.0971192717552185,1223.0,-2.2067454727272726
1697,68608,134,40,2128,-0.018888023842009716,0.02171973360236734,0.0004092704424510632,0.017549166,0.9864019751548767,0.2,0.1990966796875,-43.50281310081482,-0.025693237781524658,-2.2733631134033203,1223.0,-2.2099058035714285
1697,69120,135,40,2144,-0.025856633423245512,0.1622630599886179,0.0004092704424510632,0.025473066,0.98412024974823,0.2,0.25732421875,-43.41830921173096,-0.005154963582754135,0.08846253156661987,1223.0,-2.2099058035714285
1697,69632,136,41,2160,-0.031295441498514265,0.013853107811883092,0.0004092704424510632,0.02271474,0.98154217004776,0.2,0.286376953125,-43.34362840652466,-0.027013123035430908,-0.11842381954193115,1223.0,-2.2099058035714285
1697,70144,137,41,2176,-0.026681932213250548,0.0060843173050670885,0.0004092704424510632,0.020488046,0.9819113612174988,0.2,0.2733154296875,-43.294228315353394,-0.03239690884947777,-1.4374616146087646,1223.0,-2.207190596491228
1697,70656,138,41,2192,-0.021049030212452635,0.15659936924930662,0.0004092704424510632,0.017589811,0.982282817363739,0.2,0.1546630859375,-43.317537903785706,-0.0035774055868387222,0.14237713813781738,1223.0,-2.207190596491228
1696,71168,139,41,2208,-0.018721682034083642,0.026614402886480093,0.0004092704424510632,0.011182225,0.9805954098701477,0.2,0.155029296875,-43.299086928367615,-0.020546991378068924,-3.388582229614258,1223.0,-2.2062520689655174
1696,71680,140,42,2224,-0.020659587025875226,0.18357196485158056,0.0004092704424510632,0.01905571,0.980212390422821,0.2,0.169189453125,-43.25534975528717,0.013461016118526459,0.08331412076950073,1223.0,-2.2062520689655174
1696,72192,141,42,2240,-0.0326521607930772,0.01678525601164438,0.0004092704424510632,0.022566639,0.9808976650238037,0.2,0.2813720703125,-43.2588255405426,-0.047795504331588745,-1.1749744415283203,1223.0,-2.205065101694915
1696,72704,142,42,2256,-0.023761383432429284,0.14830080466344953,0.0004092704424510632,0.025518065,0.9802863001823425,0.2,0.18701171875,-43.263500452041626,0.022175807505846024,0.3763073682785034,1223.0,-2.205065101694915
1696,73216,143,43,2272,-0.02109697926789522,0.014784663158934563,0.0004092704424510632,0.017412111,0.981999933719635,0.2,0.219970703125,-43.26516580581665,-0.011816846206784248,-0.6812984943389893,1223.0,-2.205065101694915
1696,73728,144,43,2288,-0.02287866923143156,0.0026410761565784924,0.0004092704424510632,0.016705431,0.9818313121795654,0.2,0.242431640625,-43.3090044260025,-0.03443509340286255,-0.5184588432312012,1223.0,-2.204089483333333
1696,74240,145,43,2304,-0.028673395281657577,0.1506013359175995,0.0004092704424510632,0.02122457,0.9816019535064697,0.2,0.243896484375,-43.28742325305939,-0.007857445627450943,0.1316806674003601,1223.0,-2.204089483333333
1696,74752,146,44,2320,-0.024649532278999686,0.01302273027249612,0.0004092704424510632,0.024422143,0.9806107878684998,0.2,0.2703857421875,-43.272894620895386,-0.03492017835378647,-2.64143443107605,1223.0,-2.2048376557377045
1695,75264,147,44,2336,-0.021447809995152056,0.19929268048144877,0.0004092704424510632,0.023023013,0.9804062843322754,0.2,0.174072265625,-43.251293301582336,0.021788455545902252,0.1417258381843567,1223.0,-2.2048376557377045
4277,75776,1,0,2352,-0.02405800840642769,0.02333635406102985,0.0004092704424510632,0.016319266,0.9813849925994873,0.2,0.23388671875,-43.262917160987854,-0.029622789472341537,0.3966408967971802,1223.0,-2.2048376557377045
2362,76288,2,0,2368,-0.028643354860832915,0.05825623823329806,0.0004092704424510632,0.019948535,0.9806616306304932,0.2,0.2938232421875,-43.2804719209671,-0.013031896203756332,0.06441432237625122,1223.0,-2.207027629032258
2066,76800,3,0,2384,-0.02243704402644653,0.09362856310326606,0.0004092704424510632,0.020616697,0.9804597496986389,0.2,0.2484130859375,-43.256556153297424,0.015074867755174637,0.619756817817688,1223.0,-2.207027629032258
1930,77312,4,1,2400,-0.026531323346716817,0.04496044950792566,0.0004092704424510632,0.020305362,0.9794130921363831,0.2,0.2257080078125,-43.24357509613037,-0.041296057403087616,-3.6092114448547363,1223.0,-2.2056529206349205
1863,77824,5,1,2416,-0.02437221472064266,0.20263643749058247,0.0004092704424510632,0.025026593,0.9785410761833191,0.2,0.2470703125,-43.21405565738678,-0.00915611907839775,0.06011456251144409,1223.0,-2.2056529206349205
1818,78336,6,1,2432,-0.0281852380867349,0.010894027480389923,0.0004092704424510632,0.02443114,0.9776848554611206,0.2,0.2772216796875,-43.19033098220825,-0.03938433527946472,-1.5877752304077148,1223.0,-2.20582671875
1784,78848,7,2,2448,-0.01831081378622912,0.27499651559628546,0.0004092704424510632,0.015834795,0.977275013923645,0.2,0.169677734375,-43.16626787185669,0.03846673667430878,0.12525850534439087,1223.0,-2.20582671875
1764,79360,8,2,2464,-0.021573703648755327,0.007995348874828778,0.0004092704424510632,0.015672205,0.9771498441696167,0.2,0.227294921875,-43.154919385910034,-0.031193973496556282,-1.5378692150115967,1223.0,-2.20582671875
1745,79872,9,2,2480,-0.029068288931739517,0.00289409105971572,0.0004092704424510632,0.022779655,0.976669192314148,0.2,0.274169921875,-43.14367616176605,-0.04135192930698395,-0.18138563632965088,1223.0,-2.2069138153846155
1735,80384,10,2,2496,-0.022007104649674147,0.22120685828849673,0.0004092704424510632,0.020921087,0.9765713810920715,0.2,0.18798828125,-43.13340497016907,0.0344257615506649,0.11560982465744019,1223.0,-2.2069138153846155
1726,80896,11,3,2512,-0.024197558203013614,0.02426049782661721,0.0004092704424510632,0.02017343,0.9779589772224426,0.2,0.2255859375,-43.14270830154419,-0.0184943787753582,-3.918367385864258,1223.0,-2.208357196969697
1718,81408,12,3,2528,-0.022313936075079255,0.29698978504166007,0.0004092704424510632,0.019930568,0.9791026711463928,0.2,0.204833984375,-43.18732762336731,0.007964394986629486,0.06806814670562744,1223.0,-2.208357196969697
1712,81920,13,3,2544,-0.024191021075239405,0.026721006783191115,0.0004092704424510632,0.021782074,0.9798830151557922,0.2,0.2572021484375,-43.213167786598206,-0.028243158012628555,-0.4175509214401245,1223.0,-2.208357196969697
1707,82432,14,4,2560,-0.024788369410089217,0.04567400610540062,0.0004092704424510632,0.016397301,0.9773449301719666,0.2,0.24365234375,-43.198017835617065,-0.0035476330667734146,0.5768432021141052,1223.0,-2.2086983731343284
1702,82944,15,4,2576,-0.021055907520349137,0.119036067975685,0.0004092704424510632,0.036936186,0.9764191508293152,0.2,0.262451171875,-43.126564621925354,0.012052148580551147,0.5144187808036804,1223.0,-2.2086983731343284
1699,83456,16,4,2592,-0.024639350944198668,0.05595332570374012,0.0004092704424510632,0.02029648,0.9741727709770203,0.2,0.2098388671875,-43.089107632637024,-0.02566118724644184,-2.7581069469451904,1223.0,-2.210101955882353
1697,83968,17,5,2608,-0.022973638187977485,0.2534964813385159,0.0004092704424510632,0.020510968,0.9731907844543457,0.2,0.1417236328125,-43.02351915836334,0.06860010325908661,0.17822080850601196,1223.0,-2.210101955882353
1696,84480,18,5,2624,-0.0314702654723078,0.012136662611737847,0.0004092704424510632,0.02205953,0.9726594686508179,0.2,0.267333984375,-43.00116503238678,-0.03246701508760452,-1.3149936199188232,1223.0,-2.211372304347826
1693,84992,19,5,2640,-0.016477438271977007,0.2199389550369233,0.0004092704424510632,0.01650627,0.9732803702354431,0.2,0.096923828125,-43.000417590141296,0.032813459634780884,0.2655690312385559,1223.0,-2.211372304347826
1692,85504,20,6,2656,-0.028637565614189953,0.030298341007437557,0.0004092704424510632,0.020727653,0.9738597869873047,0.2,0.2908935546875,-43.025208950042725,-0.022521385923027992,-0.1265643835067749,1223.0,-2.211372304347826
1691,86016,21,6,2672,-0.023829387413570657,0.006549152254592627,0.0004092704424510632,0.018680485,0.9757092595100403,0.2,0.2554931640625,-43.04960584640503,-0.017927568405866623,-0.4303978681564331,1223.0,-2.2119204
1690,86528,22,6,2688,-0.020605395737220533,0.2979353037662804,0.0004092704424510632,0.017068315,0.9757314920425415,0.2,0.1427001953125,-43.091036438941956,0.019455870613455772,0.09946900606155396,1223.0,-2.2119204
1690,87040,23,6,2704,-0.025506026344373822,0.03242191462777555,0.0004092704424510632,0.022839235,0.9765691161155701,0.2,0.24462890625,-43.090800404548645,-0.02372734434902668,-3.639401912689209,1223.0,-2.210775563380282
1690,87552,24,7,2720,-0.02155165415024385,0.30622330377809703,0.0004092704424510632,0.015952367,0.9772952795028687,0.2,0.179931640625,-43.136038064956665,0.034800052642822266,0.06894445419311523,1223.0,-2.210775563380282
1694,88064,25,7,2736,-0.0211249995372782,0.03269797348184511,0.0004092704424510632,0.018840997,0.9762604236602783,0.2,0.188720703125,-43.130319714546204,-0.021348685026168823,-0.9559351205825806,1223.0,-2.2090595694444444
1698,88576,26,7,2752,-0.015686407321481965,0.261013388633728,0.0004092704424510632,0.016488217,0.9755726456642151,0.2,0.108154296875,-43.09269595146179,0.06102222204208374,0.5189629793167114,1223.0,-2.2090595694444444
1701,89088,27,8,2768,-0.02768711349926889,0.006986538806813769,0.0004092704424510632,0.020779049,0.9756171107292175,0.2,0.2728271484375,-43.073954820632935,-0.04337991029024124,-2.381948471069336,1223.0,-2.2090595694444444
1706,89600,28,8,2784,-0.027967267407802865,0.003121768015262205,0.0004092704424510632,0.019537134,0.9730602502822876,0.2,0.2672119140625,-43.04068195819855,-0.040166452527046204,-0.05046546459197998,1223.0,-2.2083661095890412
1714,90112,29,8,2800,-0.020033207067172043,0.2663698778487742,0.0004092704424510632,0.021335874,0.9726582765579224,0.2,0.1451416015625,-42.980040073394775,0.013709597289562225,0.11269259452819824,1223.0,-2.2083661095890412
1721,90624,30,8,2816,-0.024602341145509854,0.0339676589355804,0.0004092704424510632,0.025315003,0.971463143825531,0.2,0.272216796875,-42.96823799610138,-0.022093966603279114,-2.849015712738037,1223.0,-2.2086470135135134
1727,91136,31,9,2832,-0.015686011131037958,0.26596076507121325,0.0004092704424510632,0.013869703,0.9715217351913452,0.2,0.1527099609375,-42.93866837024689,0.03190762922167778,0.16028839349746704,1223.0,-2.2086470135135134
1733,91648,32,9,2848,-0.031731160765048116,0.013865752727724612,0.0004092704424510632,0.029889882,0.9706434011459351,0.2,0.311279296875,-42.93580603599548,-0.04596317559480667,-0.011314034461975098,1223.0,-2.2086470135135134
1737,92160,33,9,2864,-0.029472789421561174,0.012604859104612842,0.0004092704424510632,0.017902777,0.9686227440834045,0.2,0.24072265625,-42.88851797580719,-0.03453454747796059,-0.7744060754776001,1223.0,-2.20680972
1743,92672,34,9,2880,-0.01851503581565339,0.2553654736839235,0.0004092704424510632,0.015427456,0.9680690169334412,0.2,0.1353759765625,-42.83797097206116,0.01798170804977417,0.16574901342391968,1223.0,-2.20680972
1749,93184,35,10,2896,-0.022256598123931326,0.03598673484520987,0.0004092704424510632,0.019720668,0.9676581621170044,0.2,0.1976318359375,-42.82367408275604,-0.02214003913104534,-2.788536310195923,1223.0,-2.2055328026315792
1755,93696,36,10,2912,-0.01819817839714233,0.36510973214171827,0.0004092704424510632,0.016175201,0.9675328135490417,0.2,0.1099853515625,-42.811748027801514,0.02704089879989624,0.0894002914428711,1223.0,-2.2055328026315792
1761,94208,37,10,2928,-0.01818241427099565,0.0659051884431392,0.0004092704424510632,0.014574414,0.9653645157814026,0.2,0.1668701171875,-42.790220499038696,-0.017624380066990852,-1.4597532749176025,1223.0,-2.2056219740259744
1769,94720,38,10,2944,-0.01446172661962919,0.2614048928953707,0.0004092704424510632,0.016809296,0.9628742933273315,0.2,0.1373291015625,-42.70222282409668,0.0647311732172966,0.4477968215942383,1223.0,-2.2056219740259744
1776,95232,39,11,2960,-0.024734704988077283,0.009981592651456594,0.0004092704424510632,0.01678928,0.9634015560150146,0.2,0.255859375,-42.65725934505463,-0.03303129971027374,-0.6154870986938477,1223.0,-2.2056219740259744
1780,95744,40,11,2976,-0.024482707638526335,0.003164700923662167,0.0004092704424510632,0.0151622705,0.9614188075065613,0.2,0.23779296875,-42.64550054073334,-0.03348111733794212,-0.022947311401367188,1223.0,-2.203977217948718
1784,96256,41,11,2992,-0.026077885937411338,0.2731852780561894,0.0004092704424510632,0.022083916,0.9611191749572754,0.2,0.1805419921875,-42.596062898635864,0.07010138779878616,0.14973413944244385,1223.0,-2.203977217948718
1789,96768,42,12,3008,-0.023480085073970258,0.08501415653154254,0.0004092704424510632,0.023041233,0.959812343120575,0.2,0.2127685546875,-42.589320063591,-0.003442099317908287,-2.72127366065979,1223.0,-2.2027657974683543
1792,97280,43,12,3024,-0.019349259382579476,0.23172251973301172,0.0004092704424510632,0.016074628,0.9590317010879517,0.2,0.1488037109375,-42.549134254455566,0.024934206157922745,0.198774516582489,1223.0,-2.2027657974683543
1796,97792,44,12,3040,-0.02170533766184235,0.020504441461525857,0.0004092704424510632,0.016926683,0.9586498737335205,0.2,0.2288818359375,-42.535510778427124,-0.022208452224731445,0.3506127595901489,1223.0,-2.2027657974683543
1797,98304,45,12,3056,-0.02400131335889455,0.07140555663499981,0.0004092704424510632,0.02023314,0.9570310115814209,0.2,0.254150390625,-42.500930070877075,0.004318462684750557,0.23570477962493896,1223.0,-2.20324025
1799,98816,46,13,3072,-0.018984261852892814,0.09448537963908166,0.0004092704424510632,0.021451171,0.9565485119819641,0.2,0.177490234375,-42.45868265628815,-0.0026437416672706604,0.6873272657394409,1223.0,-2.20324025
1799,99328,47,13,3088,-0.02299229655181989,0.044697873236145824,0.0004092704424510632,0.012398306,0.9574589729309082,0.2,0.2020263671875,-42.45850431919098,-0.020167019218206406,-3.5677404403686523,1223.0,-2.2022823209876545
1802,99840,48,13,3104,-0.018512121780076995,0.21688178810290992,0.0004092704424510632,0.0186473,0.9574590921401978,0.2,0.1844482421875,-42.48189353942871,0.023118138313293457,0.09542858600616455,1223.0,-2.2022823209876545
1806,100352,49,13,3120,-0.028274258453166112,0.023402279417496175,0.0004092704424510632,0.020103041,0.9583443999290466,0.2,0.2598876953125,-42.49122381210327,-0.03245450556278229,-0.918535590171814,1223.0,-2.202252536585366
1810,100864,50,14,3136,-0.016940790359512903,0.19052380183711648,0.0004092704424510632,0.019160394,0.9587069153785706,0.2,0.1533203125,-42.52326703071594,0.032938551157712936,0.5182508826255798,1223.0,-2.202252536585366
1814,101376,51,14,3152,-0.030653449153760448,0.013480795489158481,0.0004092704424510632,0.01889617,0.9588093161582947,0.2,0.2801513671875,-42.52925896644592,-0.03388568013906479,-0.6092064380645752,1223.0,-2.202252536585366
1818,101888,52,14,3168,-0.019661334255943075,0.003551229732693173,0.0004092704424510632,0.01587322,0.9598590135574341,0.2,0.19482421875,-42.5427086353302,-0.028198473155498505,-0.46165990829467773,1223.0,-2.20105234939759
1822,102400,53,14,3184,-0.018562643934274092,0.19465902668889612,0.0004092704424510632,0.018123463,0.9590132832527161,0.2,0.1138916015625,-42.55485391616821,-0.0024132393300533295,0.1522238850593567,1223.0,-2.20105234939759
1826,102912,54,15,3200,-0.02528090256964788,0.03709801199147478,0.0004092704424510632,0.014424521,0.9598390460014343,0.2,0.228515625,-42.53397810459137,-0.022040637210011482,-3.347691059112549,1223.0,-2.1995820238095236
1829,103424,55,15,3216,-0.02332234542700462,0.23004917288199067,0.0004092704424510632,0.019846298,0.9604612588882446,0.2,0.1961669921875,-42.575592398643494,0.01656089350581169,0.0958634614944458,1223.0,-2.1995820238095236
1832,103936,56,15,3232,-0.024248309986433014,0.034471210557967424,0.0004092704424510632,0.017306045,0.9612496495246887,0.2,0.22119140625,-42.590386390686035,-0.017977869138121605,0.20746946334838867,1223.0,-2.1995820238095236
1834,104448,57,15,3248,-0.027465802762890235,0.0992683689109981,0.0004092704424510632,0.019623306,0.9622496366500854,0.2,0.2567138671875,-42.618019104003906,0.004570167511701584,0.6085177063941956,1223.0,-2.200670376470588
1835,104960,58,16,3264,-0.0245636256004218,0.07344681746326387,0.0004092704424510632,0.026373068,0.9618653655052185,0.2,0.2701416015625,-42.627585887908936,-0.014233889058232307,0.6815627813339233,1223.0,-2.200670376470588
1836,105472,59,16,3280,-0.024030742533796,0.04851449665147811,0.0004092704424510632,0.023253199,0.9591047763824463,0.2,0.2352294921875,-42.58605873584747,-0.019608331844210625,-2.798424005508423,1223.0,-2.201391302325581
1837,105984,60,16,3296,-0.022679539251839742,0.18714162474498153,0.0004092704424510632,0.018554492,0.957999050617218,0.2,0.1458740234375,-42.50511074066162,0.01853158324956894,0.14823204278945923,1223.0,-2.201391302325581
1838,106496,61,16,3312,-0.0283736907877028,0.017647552798734978,0.0004092704424510632,0.018246122,0.9582101106643677,0.2,0.2559814453125,-42.4935188293457,-0.03293416276574135,-1.0634920597076416,1223.0,-2.199893229885057
1837,107008,62,17,3328,-0.01841747251455672,0.197627704590559,0.0004092704424510632,0.01738089,0.9577681422233582,0.2,0.141357421875,-42.49587798118591,0.03309478238224983,0.501957893371582,1223.0,-2.199893229885057
1832,107520,63,17,3344,-0.02564635733142495,0.041526253102347255,0.0004092704424510632,0.023330703,0.9555663466453552,0.2,0.27197265625,-42.44676077365875,-0.009694714099168777,-0.06964313983917236,1223.0,-2.199893229885057
1827,108032,64,17,3360,-0.0312873097427655,0.0074427414510864764,0.0004092704424510632,0.017668616,0.9551252126693726,0.2,0.2705078125,-42.40082561969757,-0.03182918205857277,-0.45209801197052,1223.0,-2.200194806818182
1822,108544,65,18,3376,-0.021004023496061563,0.19999918271787465,0.0004092704424510632,0.017943434,0.9546487927436829,0.2,0.14306640625,-42.3918194770813,0.031518734991550446,0.15214353799819946,1223.0,-2.200194806818182
1819,109056,66,18,3392,-0.023466279773856513,0.057551792764570564,0.0004092704424510632,0.02027696,0.953165590763092,0.2,0.20556640625,-42.369431495666504,-0.00961635448038578,-3.5923380851745605,1223.0,-2.197466808988764
1814,109568,67,18,3408,-0.021989236411172897,0.18696301721502095,0.0004092704424510632,0.019211251,0.9520167112350464,0.2,0.2191162109375,-42.321178793907166,-0.011619925498962402,0.06428658962249756,1223.0,-2.197466808988764
1810,110080,68,19,3424,-0.024604659629403614,0.016208005719818175,0.0004092704424510632,0.021174628,0.9507477879524231,0.2,0.2705078125,-42.28711760044098,-0.0409512035548687,-0.8501262664794922,1223.0,-2.1973718777777775
1806,110592,69,19,3440,-0.02387433231342584,0.14420967060141265,0.0004092704424510632,0.020696385,0.949700117111206,0.2,0.2010498046875,-42.258338928222656,0.020863205194473267,0.4769294857978821,1223.0,-2.1973718777777775
1802,111104,70,19,3456,-0.029780431679682806,0.004890306852757931,0.0004092704424510632,0.01947049,0.9507453441619873,0.2,0.298828125,-42.24929618835449,-0.03799183666706085,-1.2464523315429688,1223.0,-2.1973718777777775
1796,111616,71,20,3472,-0.02569332768325694,0.0027555657325137872,0.0004092704424510632,0.018910274,0.9512791633605957,0.2,0.275390625,-42.28321015834808,-0.028006454929709435,-0.2334737777709961,1223.0,-2.196064912087912
1792,112128,72,20,3488,-0.022077379137044773,0.20081286947242916,0.0004092704424510632,0.014413841,0.9505499601364136,0.2,0.1715087890625,-42.28324544429779,-0.0018083956092596054,0.15561127662658691,1223.0,-2.196064912087912
1788,112640,73,20,3504,-0.02137246220081579,0.018720219319220632,0.0004092704424510632,0.019616567,0.9508514404296875,0.2,0.2364501953125,-42.26641571521759,-0.022851992398500443,-2.6372854709625244,1223.0,-2.195358956521739
1785,113152,74,21,3520,-0.019429070845944807,0.22143496200442314,0.0004092704424510632,0.017610088,0.9517255425453186,0.2,0.1395263671875,-42.292587876319885,0.014801248908042908,0.21765989065170288,1223.0,-2.195358956521739
1782,113664,75,21,3536,-0.02873051111237146,0.02164632617495954,0.0004092704424510632,0.024596531,0.9508532285690308,0.2,0.2952880859375,-42.2935311794281,-0.0344734787940979,0.1380414366722107,1223.0,-2.195358956521739
1779,114176,76,21,3552,-0.02194233296904713,0.023731572495307773,0.0004092704424510632,0.016383424,0.9503189325332642,0.2,0.2158203125,-42.26389014720917,-0.01740156300365925,-0.6921708583831787,1223.0,-2.196019946236559
1777,114688,77,22,3568,-0.02122187901113648,0.16318826307542622,0.0004092704424510632,0.019525606,0.9500467777252197,0.2,0.1495361328125,-42.242754220962524,0.01083396002650261,0.337571918964386,1223.0,-2.196019946236559
1775,115200,78,22,3584,-0.018593953078379855,0.03754261456197128,0.0004092704424510632,0.016572108,0.9501351118087769,0.2,0.196533203125,-42.24045705795288,-0.0219234898686409,-2.8974416255950928,1223.0,-2.195212521276596
1773,115712,79,22,3600,-0.023641565334401093,0.24909101543016732,0.0004092704424510632,0.021713987,0.9503186345100403,0.2,0.1771240234375,-42.246445178985596,0.02021002769470215,0.11912208795547485,1223.0,-2.195212521276596
1770,116224,80,23,3616,-0.024466134782414883,0.027489855943713337,0.0004092704424510632,0.016490553,0.9506086707115173,0.2,0.255615234375,-42.25516617298126,-0.025381293147802353,-1.7592535018920898,1223.0,-2.194403610526316
1768,116736,81,23,3632,-0.022515156655572355,0.18962604319676757,0.0004092704424510632,0.018877737,0.9501475691795349,0.2,0.1981201171875,-42.2505966424942,0.03058965504169464,0.5017157196998596,1223.0,-2.194403610526316
1766,117248,82,23,3648,-0.023258070519659668,0.010379350002040155,0.0004092704424510632,0.016870998,0.9497001767158508,0.2,0.2281494140625,-42.23347270488739,-0.02038608491420746,-1.558748722076416,1223.0,-2.194403610526316
1764,117760,83,24,3664,-0.0255135070765391,0.0032591721464996226,0.0004092704424510632,0.017040303,0.9490533471107483,0.2,0.2349853515625,-42.214354515075684,-0.03768433630466461,-0.22526133060455322,1223.0,-2.1940974166666667
1762,118272,84,24,3680,-0.020313810440711677,0.1997137616854161,0.0004092704424510632,0.017879665,0.9494878649711609,0.2,0.1728515625,-42.19861125946045,0.00263083353638649,0.15764206647872925,1223.0,-2.1940974166666667
1760,118784,85,24,3696,-0.02607814670773223,0.025037079874891788,0.0004092704424510632,0.019221392,0.9501393437385559,0.2,0.25634765625,-42.216068744659424,-0.026417162269353867,-2.629856586456299,1223.0,-2.193204237113402
1758,119296,86,25,3712,-0.02498114327318035,0.23341695126146078,0.0004092704424510632,0.020632446,0.9505751729011536,0.2,0.1614990234375,-42.229093074798584,0.004620719701051712,0.3244060277938843,1223.0,-2.193204237113402
1757,119808,87,25,3728,-0.026087787322467193,0.03514968598028645,0.0004092704424510632,0.016822029,0.9502785801887512,0.2,0.249755859375,-42.231125831604004,-0.009968358092010021,0.4277641773223877,1223.0,-2.193204237113402
1755,120320,88,25,3744,-0.021396064359578304,0.12507813167758286,0.0004092704424510632,0.0144005865,0.949961245059967,0.2,0.2100830078125,-42.2251113653183,0.028848199173808098,0.361825168132782,1223.0,-2.1924342653061224
1754,120832,89,25,3760,-0.021608383860439062,0.08707904577022418,0.0004092704424510632,0.020788781,0.950082004070282,0.2,0.210693359375,-42.223843455314636,-0.010930266231298447,0.778552770614624,1223.0,-2.1924342653061224
1752,121344,90,26,3776,-0.0227433952386491,0.03937396529363468,0.0004092704424510632,0.016448852,0.9490956664085388,0.2,0.2060546875,-42.209644079208374,-0.014225582592189312,-2.7153890132904053,1223.0,-2.1919484545454546
1750,121856,91,26,3792,-0.01766541664255783,0.2236240804195404,0.0004092704424510632,0.015314587,0.9479285478591919,0.2,0.1097412109375,-42.17232859134674,0.027114281430840492,0.2610105276107788,1223.0,-2.1919484545454546
1749,122368,92,26,3808,-0.029191756912041456,0.02009142385213636,0.0004092704424510632,0.023573453,0.9472025036811829,0.2,0.2894287109375,-42.13862729072571,-0.033063799142837524,-1.0769519805908203,1223.0,-2.18985847
1746,122880,93,27,3824,-0.019116919676889665,0.20545117976143956,0.0004092704424510632,0.020967133,0.9458211064338684,0.2,0.171630859375,-42.113054156303406,0.04500951990485191,0.5468533635139465,1223.0,-2.18985847
1745,123392,94,27,3840,-0.022578812873689458,0.0057747360988287255,0.0004092704424510632,0.013831463,0.9443526864051819,0.2,0.2431640625,-42.06188726425171,-0.032120127230882645,-2.002979278564453,1223.0,-2.18985847
1743,123904,95,27,3856,-0.020653319254051894,0.002904778069932945,0.0004092704424510632,0.016519915,0.944469690322876,0.2,0.2039794921875,-42.03693437576294,-0.03678610548377037,0.02591317892074585,1223.0,-2.18853852
1742,124416,96,28,3872,-0.017001236166834133,0.23538959911093116,0.0004092704424510632,0.013855193,0.9445825219154358,0.2,0.11669921875,-42.050047278404236,0.03149406611919403,0.14950108528137207,1223.0,-2.18853852
1740,124928,97,28,3888,-0.027660048712277785,0.022518338810186833,0.0004092704424510632,0.024549028,0.9459474086761475,0.2,0.2867431640625,-42.06983768939972,-0.03194529935717583,-3.082153797149658,1223.0,-2.1876780499999997
1739,125440,98,28,3904,-0.016414368874393404,0.2537092270795256,0.0004092704424510632,0.014861771,0.9460813403129578,0.2,0.09814453125,-42.1022047996521,0.02971976436674595,0.2241632342338562,1223.0,-2.1876780499999997
1737,125952,99,29,3920,-0.03308762627420947,0.03974645328707993,0.0004092704424510632,0.022908393,0.9475845694541931,0.2,0.3004150390625,-42.12009298801422,-0.03312099352478981,0.30012571811676025,1223.0,-2.1876780499999997
1735,126464,100,29,3936,-0.026966295816237107,0.09712754306383431,0.0004092704424510632,0.014785837,0.9466150999069214,0.2,0.2388916015625,-42.145899057388306,0.003049660474061966,0.560318112373352,1223.0,-2.1875290599999997
1734,126976,101,29,3952,-0.024616030015749857,0.08588355162646621,0.0004092704424510632,0.026278604,0.9465410709381104,0.2,0.2750244140625,-42.119593381881714,-0.005725927650928497,0.6996222734451294,1223.0,-2.1875290599999997
1733,127488,102,30,3968,-0.02577783996821381,0.04471189028117806,0.0004092704424510632,0.016548349,0.9450902342796326,0.2,0.2188720703125,-42.09801638126373,-0.026605132967233658,-2.525040626525879,1223.0,-2.18925662
1731,128000,103,30,3984,-0.021516631342819892,0.24237416661344469,0.0004092704424510632,0.02164064,0.9451391696929932,0.2,0.1334228515625,-42.06541466712952,0.01404505968093872,0.24438822269439697,1223.0,-2.18925662
1729,128512,104,30,4000,-0.02665593582787551,0.017877105914521962,0.0004092704424510632,0.02143567,0.9430207014083862,0.2,0.281494140625,-42.04290008544922,-0.030003778636455536,-1.635575532913208,1223.0,-2.18976868
1728,129024,105,31,4016,-0.012660364191106055,0.2903026924468577,0.0004092704424510632,0.0140353525,0.9415952563285828,0.2,0.084228515625,-41.967792987823486,0.05287543684244156,0.48826760053634644,1223.0,-2.18976868
1726,129536,106,31,4032,-0.021568136748101097,0.011701119947247207,0.0004092704424510632,0.01972653,0.9430575966835022,0.2,0.2352294921875,-41.96082317829132,-0.03380438685417175,-0.7409675121307373,1223.0,-2.18976868
1724,130048,107,31,4048,-0.026798521750606596,0.0026488177172723226,0.0004092704424510632,0.018664684,0.9475257396697998,0.2,0.27734375,-42.05188524723053,-0.042662207037210464,0.15177780389785767,1223.0,-2.1903875299999997
1722,130560,108,32,4064,-0.020901196767226793,0.22889316291548312,0.0004092704424510632,0.019474998,0.9490630030632019,0.2,0.1417236328125,-42.15929651260376,0.003908008337020874,0.1537300944328308,1223.0,-2.1903875299999997
1721,131072,109,32,4080,-0.021591188560705632,0.04807980911573395,0.0004092704424510632,0.01644827,0.94883793592453,0.2,0.203369140625,-42.17525279521942,-0.012954872101545334,-3.2611289024353027,1223.0,-2.1874551199999996
1719,131584,110,32,4096,-0.017521309171570465,0.2237383706960827,0.0004092704424510632,0.016711375,0.9489718675613403,0.2,0.1026611328125,-42.17053210735321,0.04303205758333206,0.24416261911392212,1223.0,-2.1874551199999996
1716,132096,111,33,4112,-0.02626815639086999,0.012223277153680101,0.0004092704424510632,0.020998772,0.9504250884056091,0.2,0.2730712890625,-42.19025385379791,-0.03270009160041809,-0.8208149671554565,1223.0,-2.18670391
1714,132608,112,33,4128,-0.01978462490660604,0.24255508789792657,0.0004092704424510632,0.019965418,0.9501506090164185,0.2,0.1280517578125,-42.2159423828125,0.05626429244875908,0.49857115745544434,1223.0,-2.18670391
1712,133120,113,33,4144,-0.029801934288116172,0.006094501724874135,0.0004092704424510632,0.022741737,0.9508098363876343,0.2,0.288818359375,-42.202064037323,-0.03961111232638359,-3.6032838821411133,1223.0,-2.18670391
1711,133632,114,34,4160,-0.022332258966343943,0.0029475172923412174,0.0004092704424510632,0.014188619,0.9509467482566833,0.2,0.218994140625,-42.222466468811035,-0.028305737301707268,0.05758166313171387,1223.0,-2.18435767
1710,134144,115,34,4176,-0.015935627263388596,0.28698580944910645,0.0004092704424510632,0.0143350195,0.9505435228347778,0.2,0.09033203125,-42.21828007698059,0.03533293306827545,0.16543662548065186,1223.0,-2.18435767
1708,134656,116,34,4192,-0.023205697303637862,0.03753156750462949,0.0004092704424510632,0.016960455,0.9503986835479736,0.2,0.218505859375,-42.205968499183655,-0.015655159950256348,-2.1123428344726562,1223.0,-2.1855837
1707,135168,117,35,4208,-0.012320412875851616,0.2771110269241035,0.0004092704424510632,0.018018726,0.9505350589752197,0.2,0.08837890625,-42.20882558822632,0.028499245643615723,0.4202229380607605,1223.0,-2.1855837
1706,135680,118,35,4224,-0.026505666552111506,0.04369805951137096,0.0004092704424510632,0.022270866,0.9507870674133301,0.2,0.275390625,-42.21714746952057,-0.017711155116558075,0.20913612842559814,1223.0,-2.1855837
1705,136192,119,35,4240,-0.024244982283562422,0.022803150583058596,0.0004092704424510632,0.01571347,0.9520518779754639,0.2,0.2061767578125,-42.235785603523254,-0.031181704252958298,-1.9507102966308594,1223.0,-2.1829986399999997
1703,136704,120,36,4256,-0.020878142575384118,0.1675767475971952,0.0004092704424510632,0.022193145,0.9522878527641296,0.2,0.1544189453125,-42.269020318984985,0.002922993153333664,0.3067219853401184,1223.0,-2.1829986399999997
1702,137216,121,36,4272,-0.030506586452247575,0.036578654195182025,0.0004092704424510632,0.034789063,0.9520754814147949,0.2,0.3199462890625,-42.26229190826416,-0.027493588626384735,-2.5270538330078125,1223.0,-2.18103763
1701,137728,122,36,4288,-0.016951491066720337,0.2501311074011028,0.0004092704424510632,0.014491495,0.9521597027778625,0.2,0.1163330078125,-42.25563859939575,0.026286527514457703,0.4055865406990051,1223.0,-2.18103763
1699,138240,123,37,4304,-0.02566048201697413,0.025835198757704347,0.0004092704424510632,0.02159551,0.953745424747467,0.2,0.2606201171875,-42.281654953956604,-0.03666220232844353,-1.4747116565704346,1223.0,-2.17903734
1698,138752,124,37,4320,-0.012815113761462271,0.26814908208325505,0.0004092704424510632,0.018202394,0.9539264440536499,0.2,0.1060791015625,-42.32049787044525,0.04835722967982292,0.5181025862693787,1223.0,-2.17903734
1696,139264,125,37,4336,-0.026211165473796427,0.005837157717905939,0.0004092704424510632,0.014987188,0.9524689316749573,0.2,0.234619140625,-42.299442410469055,-0.03046729788184166,-2.613335132598877,1223.0,-2.17903734
1695,139776,126,38,4352,-0.030845065281027928,0.0023867303098086268,0.0004092704424510632,0.019897394,0.9526392221450806,0.2,0.2818603515625,-42.26884186267853,-0.052450209856033325,0.07070332765579224,1223.0,-2.1770144399999998
1694,140288,127,38,4368,-0.01688153740542475,0.37590632657520473,0.0004092704424510632,0.016313924,0.9526572227478027,0.2,0.102783203125,-42.27277183532715,0.008398264646530151,0.10000801086425781,1223.0,-2.1770144399999998
1693,140800,128,38,4384,-0.026619073614710942,0.08266025828197598,0.0004092704424510632,0.022024898,0.9520882368087769,0.2,0.21484375,-42.26944184303284,-0.016517268493771553,-2.417654037475586,1223.0,-2.1766578999999995
1692,141312,129,39,4400,-0.02042465005069971,0.3311101240105927,0.0004092704424510632,0.017090954,0.9518824815750122,0.2,0.1253662109375,-42.25198984146118,0.05202170088887215,0.15152180194854736,1223.0,-2.1766578999999995
1691,141824,130,39,4416,-0.024920363634009846,0.03470777138136327,0.0004092704424510632,0.020729136,0.9527984857559204,0.2,0.2572021484375,-42.26106071472168,-0.02456199750304222,0.1795167326927185,1223.0,-2.1766578999999995
1691,142336,131,39,4432,-0.02211354629980633,0.15637679444625974,0.0004092704424510632,0.017168183,0.9531764984130859,0.2,0.2130126953125,-42.28032410144806,0.023249942809343338,0.42344415187835693,1223.0,-2.1776588899999996
1690,142848,132,39,4448,-0.021033156008343212,0.10705520398914814,0.0004092704424510632,0.021956138,0.9536569118499756,0.2,0.1715087890625,-42.28652048110962,0.0012461058795452118,0.8384768962860107,1223.0,-2.1776588899999996
1689,143360,133,40,4464,-0.021926669447566383,0.06351861078292131,0.0004092704424510632,0.01802801,0.9547849893569946,0.2,0.232421875,-42.30703854560852,-0.009490342810750008,-3.445438861846924,1223.0,-2.1762274999999995
1689,143872,134,40,4480,-0.015067163447383791,0.21532756322994828,0.0004092704424510632,0.010863608,0.9551219344139099,0.2,0.093017578125,-42.33413016796112,0.01758633367717266,0.21086210012435913,1223.0,-2.1762274999999995
1688,144384,135,40,4496,-0.021695033865398727,0.014557682996382937,0.0004092704424510632,0.021799497,0.9566028118133545,0.2,0.2735595703125,-42.35262215137482,-0.0208818931132555,-1.176785945892334,1223.0,-2.17425929
1688,144896,136,41,4512,-0.013360780067159794,0.26549529703333974,0.0004092704424510632,0.014260599,0.9567162394523621,0.2,0.0791015625,-42.38989567756653,0.03754036873579025,0.2911618947982788,1223.0,-2.17425929
1687,145408,137,41,4528,-0.02456401800736785,0.0045707665994996205,0.0004092704424510632,0.016966507,0.9575092196464539,0.2,0.25,-42.39196801185608,-0.034618619829416275,-1.2808008193969727,1223.0,-2.17425929
1687,145920,138,41,4544,-0.023281811918423045,0.003149718246277189,0.0004092704424510632,0.018859189,0.9577410817146301,0.2,0.251953125,-42.41126990318298,-0.03652026504278183,0.06765860319137573,1223.0,-2.17394068
1686,146432,139,42,4560,-0.017564577341545373,0.2393599720671773,0.0004092704424510632,0.01828925,0.957933783531189,0.2,0.112548828125,-42.415318608284,0.03207013010978699,0.15378713607788086,1223.0,-2.17394068
1686,146944,140,42,4576,-0.024191538541344926,0.012382561777485535,0.0004092704424510632,0.017542746,0.9599156975746155,0.2,0.248291015625,-42.44841206073761,-0.037854958325624466,-3.052687168121338,1223.0,-2.17321226
1685,147456,141,42,4592,-0.013266864341858309,0.3483576385769993,0.0004092704424510632,0.013924528,0.959586501121521,0.2,0.0745849609375,-42.48600375652313,0.04763133078813553,0.07316583395004272,1223.0,-2.17321226
1685,147968,142,43,4608,-0.01953147759195417,0.048331620055250823,0.0004092704424510632,0.01625901,0.9618315100669861,0.2,0.20703125,-42.49566161632538,-0.0027865897864103317,0.10208016633987427,1223.0,-2.17321226
1684,148480,143,43,4624,-0.01949140155556961,0.15719081042334437,0.0004092704424510632,0.016072892,0.962489664554596,0.2,0.190185546875,-42.567681550979614,0.04991636797785759,0.6733913421630859,1223.0,-2.17317049
1684,148992,144,43,4640,-0.027627192088402808,0.061750920373015106,0.0004092704424510632,0.03471093,0.9622538089752197,0.2,0.3121337890625,-42.571675181388855,-0.010814595967531204,0.8235113620758057,1223.0,-2.17317049
1683,149504,145,44,4656,-0.026588904511299916,0.03968490788247436,0.0004092704424510632,0.021573575,0.961373507976532,0.2,0.25537109375,-42.55307590961456,-0.015762846916913986,-3.294769763946533,1223.0,-2.1713644600000004
1683,150016,146,44,4672,-0.013951419430668466,0.22456866200082004,0.0004092704424510632,0.0124579035,0.9612204432487488,0.2,0.0804443359375,-42.527907729148865,0.044360678642988205,0.4754311442375183,1223.0,-2.1713644600000004
1683,150528,147,44,4688,-0.027489189262269065,0.035374271508771926,0.0004092704424510632,0.021559041,0.9599444270133972,0.2,0.284912109375,-42.51224195957184,-0.02352188527584076,-1.023371696472168,1223.0,-2.16926978
4268,151040,1,0,4704,-0.01028059984673746,0.24953682557679713,0.0004092704424510632,0.01285743,0.9594501256942749,0.2,0.0572509765625,-42.47367739677429,0.06594045460224152,0.44438624382019043,1223.0,-2.16926978
2309,151552,2,0,4720,-0.02528916488518007,0.022405805299058557,0.0004092704424510632,0.0199175,0.9601708054542542,0.2,0.2598876953125,-42.484821796417236,-0.027996696531772614,0.01614058017730713,1223.0,-2.16926978
2025,152064,3,0,4736,-0.023428760439855978,0.00681749866635073,0.0004092704424510632,0.019826598,0.9596058130264282,0.2,0.254638671875,-42.49847948551178,-0.03629658371210098,-1.1754217147827148,1223.0,-2.16866612
1902,152576,4,1,4752,-0.01884654801688157,0.27442547981627285,0.0004092704424510632,0.017177677,0.9590798616409302,0.2,0.1331787109375,-42.47393000125885,0.009113144129514694,0.1985887885093689,1223.0,-2.16866612
1829,153088,5,1,4768,-0.02705998081364669,0.03597777133109048,0.0004092704424510632,0.017144948,0.9585018754005432,0.2,0.268310546875,-42.458213090896606,-0.033176347613334656,-3.478728771209717,1223.0,-2.16672789
1777,153600,6,1,4784,-0.015851289623242337,0.2434674254618585,0.0004092704424510632,0.015473107,0.9578930735588074,0.2,0.1138916015625,-42.44301700592041,0.020030133426189423,0.34062063694000244,1223.0,-2.16672789
1745,154112,7,2,4800,-0.026457611922523938,0.024834511685185134,0.0004092704424510632,0.020575935,0.9577482342720032,0.2,0.2562255859375,-42.43197774887085,-0.027173854410648346,-0.9651811122894287,1223.0,-2.16719953
1721,154624,8,2,4816,-0.020038614195073023,0.271642480045557,0.0004092704424510632,0.016984496,0.9577879309654236,0.2,0.1456298828125,-42.43460023403168,0.12795819342136383,0.6093167066574097,1223.0,-2.16719953
1708,155136,9,2,4832,-0.03573088164557703,0.0053788439254276454,0.0004092704424510632,0.020443313,0.9595110416412354,0.2,0.331298828125,-42.459163546562195,-0.047727152705192566,-1.755225658416748,1223.0,-2.16719953
1700,155648,10,3,4848,-0.02767214406048879,0.0032085534621728584,0.0004092704424510632,0.015719462,0.9582021236419678,0.2,0.2392578125,-42.48230838775635,-0.02059553563594818,-0.11993217468261719,1223.0,-2.16598506
1676,156160,11,3,4864,-0.02321969468903262,0.25272629968822,0.0004092704424510632,0.019405939,0.9576376676559448,0.2,0.1627197265625,-42.44101643562317,0.00036508217453956604,0.16029506921768188,1223.0,-2.16598506
1663,156672,12,3,4880,-0.021747520309872925,0.030802334600593895,0.0004092704424510632,0.015456805,0.9594430327415466,0.2,0.2037353515625,-42.45484924316406,-0.018223490566015244,-2.7017009258270264,1223.0,-2.16655218
1654,157184,13,4,4896,-0.014000934141222388,0.21762960846535861,0.0004092704424510632,0.014832527,0.9599522948265076,0.2,0.09912109375,-42.506142258644104,0.04948660731315613,0.45788276195526123,1223.0,-2.16655218
1644,157696,14,4,4912,-0.024864917773811612,0.03882304619764909,0.0004092704424510632,0.020867439,0.9590178728103638,0.2,0.2662353515625,-42.49921941757202,-0.025212273001670837,-0.29685962200164795,1223.0,-2.16655218
1619,158208,15,4,4928,-0.026676603767555207,0.015261123131494969,0.0004092704424510632,0.020357773,0.9580472111701965,0.2,0.2513427734375,-42.46320164203644,-0.03402185067534447,-1.5699231624603271,1223.0,-2.16733792
1617,158720,16,5,4944,-0.01634787823422812,0.2123874599346891,0.0004092704424510632,0.0217554,0.9582260847091675,0.2,0.1102294921875,-42.44877314567566,0.002007279545068741,0.22088366746902466,1223.0,-2.16733792
1615,159232,17,5,4960,-0.02204263082239777,0.040163150639273226,0.0004092704424510632,0.01925715,0.9563939571380615,0.2,0.234375,-42.42923831939697,-0.017617251724004745,-2.5823092460632324,1223.0,-2.16698365
1613,159744,18,5,4976,-0.018310815416043624,0.19158279383555055,0.0004092704424510632,0.020303993,0.9559271931648254,0.2,0.1524658203125,-42.38375186920166,0.04567447304725647,0.4794192314147949,1223.0,-2.16698365
1612,160256,19,6,4992,-0.019976326249889098,0.0731853935867548,0.0004092704424510632,0.016503777,0.9560320377349854,0.2,0.184326171875,-42.38683021068573,-0.007528815418481827,-1.4166226387023926,1223.0,-2.16692638
1610,160768,20,6,5008,-0.01514928659889847,0.25942057045176625,0.0004092704424510632,0.01818496,0.9553897976875305,0.2,0.132568359375,-42.382102966308594,0.09366165846586227,0.6833696961402893,1223.0,-2.16692638
1609,161280,21,6,5024,-0.02861011250934098,0.006496794609120116,0.0004092704424510632,0.023730692,0.9562875032424927,0.2,0.2672119140625,-42.37478148937225,-0.03405781090259552,-2.653076171875,1223.0,-2.16692638
1607,161792,22,7,5040,-0.02617882887716405,0.0024529592774342746,0.0004092704424510632,0.017580736,0.9550959467887878,0.2,0.2293701171875,-42.381107807159424,-0.034401651471853256,-0.05917620658874512,1223.0,-2.16471945
1605,162304,23,7,5056,-0.016150402021594346,0.27005468332208693,0.0004092704424510632,0.01267395,0.954068660736084,0.2,0.0958251953125,-42.32366096973419,0.029801735654473305,0.1440352201461792,1223.0,-2.16471945
1605,162816,24,7,5072,-0.02548389311414212,0.027180697303265333,0.0004092704424510632,0.023541225,0.9527066349983215,0.2,0.2645263671875,-42.29215657711029,-0.02663719467818737,-2.7899792194366455,1223.0,-2.16585153
1605,163328,25,7,5088,-0.014458475809078664,0.2546972203999758,0.0004092704424510632,0.010146499,0.9519914388656616,0.2,0.1356201171875,-42.251927733421326,0.07118748128414154,0.41156601905822754,1223.0,-2.16585153
1604,163840,26,8,5104,-0.02488826832268387,0.08477269345894456,0.0004092704424510632,0.01620178,0.9522902965545654,0.2,0.237060546875,-42.24907672405243,-0.0011471882462501526,0.32648879289627075,1223.0,-2.16585153
1604,164352,27,8,5120,-0.020745160611113533,0.12256263918243349,0.0004092704424510632,0.017703995,0.9518476724624634,0.2,0.199951171875,-42.25214076042175,0.036110930144786835,0.2987779974937439,1223.0,-2.1688935600000003
1604,164864,28,8,5136,-0.020922278352372814,0.0680442851735279,0.0004092704424510632,0.022184666,0.9524601697921753,0.2,0.1802978515625,-42.24180865287781,-0.01301112025976181,0.7854475975036621,1223.0,-2.1688935600000003
1603,165376,29,9,5152,-0.02376605114841368,0.05061910836957395,0.0004092704424510632,0.019046841,0.9544289708137512,0.2,0.24072265625,-42.29088819026947,-0.0202551931142807,-2.5310475826263428,1223.0,-2.16789528
1602,165888,30,9,5168,-0.01687647519429447,0.20430230093188584,0.0004092704424510632,0.016658146,0.9549741148948669,0.2,0.11767578125,-42.34401762485504,0.017556939274072647,0.5969641804695129,1223.0,-2.16789528
1601,166400,31,9,5184,-0.022325934027321637,0.027259850525297225,0.0004092704424510632,0.018635128,0.9558297395706177,0.2,0.2276611328125,-42.35696589946747,-0.026017023250460625,-1.240722894668579,1223.0,-2.1655547900000003
1601,166912,32,10,5200,-0.015375964183476754,0.2337895603850484,0.0004092704424510632,0.016331647,0.955742597579956,0.2,0.1048583984375,-42.3783745765686,0.06660507619380951,0.604651689529419,1223.0,-2.1655547900000003
1600,167424,33,10,5216,-0.020779726561158895,0.009042337362188846,0.0004092704424510632,0.017407676,0.9546365141868591,0.2,0.21923828125,-42.35475206375122,-0.041491519659757614,-5.43790864944458,1223.0,-2.1655547900000003
1599,167936,34,10,5232,-0.02058973244857043,0.003958007873734459,0.0004092704424510632,0.014049391,0.9542412161827087,0.2,0.200439453125,-42.32465195655823,-0.016964545473456383,0.07034063339233398,1223.0,-2.16513181
1599,168448,35,11,5248,-0.011777781590353698,0.24600263708271086,0.0004092704424510632,0.0125633925,0.9544872045516968,0.2,0.0657958984375,-42.324830412864685,0.015415949746966362,0.16380435228347778,1223.0,-2.16513181
1598,168960,36,11,5264,-0.023255219304701313,0.02781479270197451,0.0004092704424510632,0.017338268,0.9549688100814819,0.2,0.25048828125,-42.33457946777344,-0.021638009697198868,-2.9975080490112305,1223.0,-2.165952
1599,169472,37,11,5280,-0.01072711129381787,0.2900404278188944,0.0004092704424510632,0.012837907,0.9550280570983887,0.2,0.072265625,-42.342151165008545,0.028692947700619698,0.35742872953414917,1223.0,-2.165952
1599,169984,38,12,5296,-0.024801848514471203,0.08395808527711779,0.0004092704424510632,0.026563969,0.9552333950996399,0.2,0.2381591796875,-42.34073209762573,-0.017434392124414444,-0.09772789478302002,1223.0,-2.165952
1598,170496,39,12,5312,-0.029610844794660807,0.14463560259900987,0.0004092704424510632,0.02623612,0.9538576006889343,0.2,0.2811279296875,-42.327170610427856,0.031215514987707138,0.6451077461242676,1223.0,-2.1656505800000003
1597,171008,40,12,5328,-0.021430182507174322,0.04433978075394407,0.0004092704424510632,0.029365957,0.9537942409515381,0.2,0.27783203125,-42.295525789260864,-0.016286369413137436,0.8544669151306152,1223.0,-2.1656505800000003
1597,171520,41,13,5344,-0.02441451424965635,0.03854204493109137,0.0004092704424510632,0.01995702,0.9533148407936096,0.2,0.24267578125,-42.299784898757935,-0.014095136895775795,-2.4112091064453125,1223.0,-2.16688651
1597,172032,42,13,5360,-0.011025482366676442,0.2221076802816242,0.0004092704424510632,0.013261486,0.9526988863945007,0.2,0.0611572265625,-42.27363443374634,0.039794921875,0.45001232624053955,1223.0,-2.16688651
1596,172544,43,13,5376,-0.022903410950675607,0.05480902246199548,0.0004092704424510632,0.020122893,0.9547483921051025,0.2,0.263427734375,-42.28535079956055,-0.009703066200017929,-0.9927381277084351,1223.0,-2.16351217
1595,173056,44,14,5392,-0.01717042876407504,0.19431314803659916,0.0004092704424510632,0.014707655,0.9559730291366577,0.2,0.1090087890625,-42.35629212856293,0.028392046689987183,0.5692912340164185,1223.0,-2.16351217
1595,173568,45,14,5408,-0.024433868020423688,0.1333099133335054,0.0004092704424510632,0.01646256,0.9562593102455139,0.2,0.226318359375,-42.378570437431335,0.03785703331232071,0.1526535153388977,1223.0,-2.16351217
1592,174080,46,14,5424,-0.02440704859327525,0.01957328524440527,0.0004092704424510632,0.023309411,0.9580903053283691,0.2,0.2640380859375,-42.39562511444092,-0.02737290784716606,-3.7285780906677246,1223.0,-2.16435189
1593,174592,47,15,5440,-0.017465043616539333,0.19310180027969182,0.0004092704424510632,0.016169962,0.9587094783782959,0.2,0.1251220703125,-42.44617581367493,0.016587093472480774,0.19534027576446533,1223.0,-2.16435189
1595,175104,48,15,5456,-0.0261697779133101,0.01959340166649781,0.0004092704424510632,0.02181587,0.9599416851997375,0.2,0.28125,-42.460925459861755,-0.030218541622161865,-2.030927896499634,1223.0,-2.16282016
1596,175616,49,15,5472,-0.018077587650623173,0.27214419608935714,0.0004092704424510632,0.015157675,0.9599565863609314,0.2,0.0987548828125,-42.49361729621887,0.007633063942193985,0.19133782386779785,1223.0,-2.16282016
1597,176128,50,16,5488,-0.02826200981508009,0.046741247293539345,0.0004092704424510632,0.025417961,0.9605066180229187,0.2,0.2685546875,-42.491629004478455,-0.02284339815378189,-1.0416018962860107,1223.0,-2.1625125499999998
1600,176640,51,16,5504,-0.017941201978828758,0.20594187919050455,0.0004092704424510632,0.020581143,0.9611054062843323,0.2,0.1051025390625,-42.51311719417572,0.032017212361097336,0.5731478929519653,1223.0,-2.1625125499999998
1605,177152,52,16,5520,-0.02654609238379635,0.004831343358091544,0.0004092704424510632,0.021265917,0.959502637386322,0.2,0.270751953125,-42.50889599323273,-0.029333990067243576,-3.362880229949951,1223.0,-2.1625125499999998
1610,177664,53,16,5536,-0.02460751062608324,0.0028623212929232977,0.0004092704424510632,0.015243253,0.9585984945297241,0.2,0.2088623046875,-42.44986057281494,-0.0382138155400753,0.055181264877319336,1223.0,-2.16203902
1614,178176,54,17,5552,-0.01636157436587382,0.2954029890242964,0.0004092704424510632,0.016946364,0.9585011601448059,0.2,0.1318359375,-42.43073129653931,0.0187356099486351,0.09494787454605103,1223.0,-2.16203902
1617,178688,55,17,5568,-0.019722124430700205,0.06054647988639772,0.0004092704424510632,0.021253021,0.9589338898658752,0.2,0.214111328125,-42.43278896808624,-0.01375042274594307,-2.016083240509033,1223.0,-2.16114484
1621,179200,56,17,5584,-0.01723635471716989,0.16414089407771826,0.0004092704424510632,0.015404879,0.9593018293380737,0.2,0.1693115234375,-42.449939131736755,0.02053539827466011,0.5526238679885864,1223.0,-2.16114484
1625,179712,57,17,5600,-0.025360805506352335,0.019538764317985624,0.0004092704424510632,0.019770296,0.9590684771537781,0.2,0.2845458984375,-42.447267055511475,-0.020560448989272118,-1.833709955215454,1223.0,-2.16114484
1630,180224,58,18,5616,-0.02969755738740787,0.006038198422174901,0.0004092704424510632,0.019287594,0.9592494964599609,0.2,0.2943115234375,-42.43582355976105,-0.034938160330057144,-0.061281442642211914,1223.0,-2.1639358300000002
1633,180736,59,18,5632,-0.017313611664576456,0.19205276342108846,0.0004092704424510632,0.02384369,0.9590122103691101,0.2,0.14404296875,-42.44590771198273,-0.0019228458404541016,0.2697761654853821,1223.0,-2.1639358300000002
1636,181248,60,18,5648,-0.02234215625503566,0.056082169990986586,0.0004092704424510632,0.022842756,0.9576557874679565,0.2,0.2373046875,-42.4156653881073,-0.019419830292463303,-1.9650213718414307,1223.0,-2.1642137700000004
1639,181760,61,19,5664,-0.017644852210651152,0.18219393049366772,0.0004092704424510632,0.019141631,0.9567318558692932,0.2,0.1141357421875,-42.37327480316162,0.02870870940387249,0.5525966882705688,1223.0,-2.1642137700000004
1642,182272,62,19,5680,-0.03131507856596727,0.04889657604508102,0.0004092704424510632,0.023811754,0.9561992883682251,0.2,0.3111572265625,-42.34932720661163,-0.028479598462581635,-1.5475525856018066,1223.0,-2.16438224
1645,182784,63,19,5696,-0.02000261002103798,0.20915659610182047,0.0004092704424510632,0.019332273,0.9561013579368591,0.2,0.1507568359375,-42.332504630088806,0.046865493059158325,0.6318833827972412,1223.0,-2.16438224
1648,183296,64,19,5712,-0.024771794574917294,0.009908551204716787,0.0004092704424510632,0.017481305,0.9565971493721008,0.2,0.2762451171875,-42.332868814468384,-0.037379249930381775,-1.1808581352233887,1223.0,-2.16438224
1652,183808,65,20,5728,-0.02757504946202971,0.0024624825855426025,0.0004092704424510632,0.014164181,0.9552609920501709,0.2,0.2484130859375,-42.319835901260376,-0.04320662468671799,-0.36447370052337646,1223.0,-2.16467089
1655,184320,66,20,5744,-0.017550649572513066,0.30408152798190713,0.0004092704424510632,0.01634958,0.9543241262435913,0.2,0.1348876953125,-42.27738857269287,0.014498971402645111,0.15540212392807007,1223.0,-2.16467089
1658,184832,67,20,5760,-0.02522362332092598,0.03503753343829885,0.0004092704424510632,0.026104324,0.9528399109840393,0.2,0.2589111328125,-42.244301438331604,-0.01959451287984848,-2.9616358280181885,1223.0,-2.16543865
1661,185344,68,20,5776,-0.018721393003943376,0.2203985236119479,0.0004092704424510632,0.019393314,0.9521342515945435,0.2,0.14453125,-42.20767319202423,0.031140165403485298,0.4198877215385437,1223.0,-2.16543865
1663,185856,69,21,5792,-0.03094428262556903,0.025116454518865794,0.0004092704424510632,0.027167631,0.9537979960441589,0.2,0.3388671875,-42.21922850608826,-0.03469730168581009,-0.13118624687194824,1223.0,-2.16543865
1666,186368,70,21,5808,-0.030767800839385018,0.06430537742562592,0.0004092704424510632,0.01696316,0.9542198181152344,0.2,0.299072265625,-42.2646461725235,-0.008694127202033997,0.48782604932785034,1223.0,-2.1668349
1669,186880,71,21,5824,-0.018973927275510505,0.08129950903821737,0.0004092704424510632,0.023844624,0.953689694404602,0.2,0.1949462890625,-42.267512917518616,-0.01834617182612419,0.7740119099617004,1223.0,-2.1668349
1671,187392,72,22,5840,-0.02551046438748017,0.05158710340037942,0.0004092704424510632,0.01965249,0.9520120024681091,0.2,0.266357421875,-42.23012137413025,-0.0023587215691804886,-2.612635612487793,1223.0,-2.16547179
1674,187904,73,22,5856,-0.015595608594594523,0.15678918175399303,0.0004092704424510632,0.014709607,0.9515819549560547,0.2,0.096435546875,-42.17946231365204,0.014771809801459312,0.40322351455688477,1223.0,-2.16547179
1676,188416,74,22,5872,-0.021495103952474892,0.03992816811660305,0.0004092704424510632,0.021095071,0.9512467980384827,0.2,0.2431640625,-42.17294991016388,-0.018158994615077972,-1.4717154502868652,1223.0,-2.16885824
1679,188928,75,22,5888,-0.0220811398467049,0.2031304850243032,0.0004092704424510632,0.015991237,0.950937032699585,0.2,0.157470703125,-42.16256594657898,0.06491072475910187,0.6561563014984131,1223.0,-2.16885824
1681,189440,76,23,5904,-0.02724242946715094,0.007619932992383838,0.0004092704424510632,0.019484784,0.9489684104919434,0.2,0.25830078125,-42.13096344470978,-0.031024610623717308,-3.200319290161133,1223.0,-2.16885824
1682,189952,77,23,5920,-0.028761622786987573,0.0027269114179944154,0.0004092704424510632,0.016188905,0.9485949873924255,0.2,0.3028564453125,-42.084742307662964,-0.035116374492645264,-0.029056668281555176,1223.0,-2.16867414
1684,190464,78,23,5936,-0.018444141394866165,0.21456142561510205,0.0004092704424510632,0.01746082,0.9476848244667053,0.2,0.1461181640625,-42.06851530075073,0.005511593073606491,0.157568097114563,1223.0,-2.16867414
1686,190976,79,23,5952,-0.024091613187920302,0.016837869334267452,0.0004092704424510632,0.021830795,0.9471592307090759,0.2,0.276611328125,-42.03699827194214,-0.03622819483280182,-3.055026054382324,1223.0,-2.1671650799999997
1689,191488,80,24,5968,-0.02213495018077083,0.3468759320676327,0.0004092704424510632,0.015766311,0.9476068019866943,0.2,0.17724609375,-42.0357631444931,0.07194233685731888,0.07321077585220337,1223.0,-2.1671650799999997
1691,192000,81,24,5984,-0.02808070194441825,0.010949957824777812,0.0004092704424510632,0.021252196,0.9467177987098694,0.2,0.2923583984375,-42.03457057476044,-0.02040717378258705,-0.32370805740356445,1223.0,-2.1671650799999997
1693,192512,82,24,6000,-0.024355528585147113,0.046643555513583124,0.0004092704424510632,0.016851628,0.946062445640564,0.2,0.229736328125,-42.00186884403229,-0.012757405638694763,0.6633601188659668,1223.0,-2.16847393
1695,193024,83,25,6016,-0.023258982080733404,0.045049230015138164,0.0004092704424510632,0.033064656,0.9460067749023438,0.2,0.2891845703125,-41.98864758014679,-0.010325856506824493,0.7425471544265747,1223.0,-2.16847393
1697,193536,84,25,6032,-0.02897180318541359,0.020229688001563773,0.0004092704424510632,0.025934493,0.947983980178833,0.2,0.283447265625,-42.016950249671936,-0.03118213266134262,-2.5291309356689453,1223.0,-2.1683800600000005
1698,194048,85,25,6048,-0.01981639105360955,0.2306092439685017,0.0004092704424510632,0.015721586,0.9490124583244324,0.2,0.109375,-42.08491051197052,0.04960617423057556,0.2415245771408081,1223.0,-2.1683800600000005
1700,194560,86,25,6064,-0.023843573893827852,0.03314192336983979,0.0004092704424510632,0.021178138,0.9493036866188049,0.2,0.2724609375,-42.10184168815613,-0.014631032943725586,-2.35162353515625,1223.0,-2.1684142200000003
1702,195072,87,26,6080,-0.01637127881986089,0.21528715221211314,0.0004092704424510632,0.013933613,0.9500587582588196,0.2,0.1041259765625,-42.123674273490906,0.033726952970027924,0.5422420501708984,1223.0,-2.1684142200000003
1703,195584,88,26,6096,-0.030540705745806918,0.07788648700807244,0.0004092704424510632,0.024248263,0.9473607540130615,0.2,0.3240966796875,-42.10145306587219,0.007563479244709015,0.1779831051826477,1223.0,-2.1684142200000003
1705,196096,89,26,6112,-0.033082316687796265,0.010519036382902414,0.0004092704424510632,0.02595698,0.9443792700767517,0.2,0.322998046875,-41.98711848258972,-0.03683238849043846,-3.878706455230713,1223.0,-2.16897587
1708,196608,90,26,6128,-0.01416214976052288,0.25401983549818397,0.0004092704424510632,0.013355123,0.9437764286994934,0.2,0.1104736328125,-41.92221689224243,0.0040059275925159454,0.12818920612335205,1223.0,-2.16897587
1709,197120,91,27,6144,-0.0261968391132541,0.03092601749813184,0.0004092704424510632,0.020271912,0.9454580545425415,0.2,0.2774658203125,-41.93304169178009,-0.02480524405837059,-2.525524377822876,1223.0,-2.1678433800000003
1710,197632,92,27,6160,-0.022054390672565205,0.19862377690151334,0.0004092704424510632,0.02006425,0.9455632567405701,0.2,0.141357421875,-41.979663014411926,0.013047486543655396,0.27990037202835083,1223.0,-2.1678433800000003
1711,198144,93,27,6176,-0.028558677906403318,0.040428156906273216,0.0004092704424510632,0.022522166,0.9453467130661011,0.2,0.2967529296875,-41.9663280248642,-0.02661004289984703,-1.2464568614959717,1223.0,-2.16729929
1711,198656,94,28,6192,-0.01291600169497542,0.25381026370450854,0.0004092704424510632,0.016894164,0.9459065794944763,0.2,0.093505859375,-41.97665464878082,0.07141625881195068,0.6027178764343262,1223.0,-2.16729929
1711,199168,95,28,6208,-0.022520974882354494,0.008604065340477973,0.0004092704424510632,0.018062068,0.9463227391242981,0.2,0.238037109375,-41.99608099460602,-0.029416130855679512,-2.7377610206604004,1223.0,-2.16729929
1712,199680,96,28,6224,-0.024318396928720176,0.0034129697378375567,0.0004092704424510632,0.017462645,0.9480911493301392,0.2,0.2371826171875,-42.023680448532104,-0.03133544325828552,-0.03952062129974365,1223.0,-2.1686517600000004
1714,200192,97,28,6240,-0.018851351516786963,0.2364929256727919,0.0004092704424510632,0.020237857,0.9488007426261902,0.2,0.1201171875,-42.0809268951416,0.012080803513526917,0.19113075733184814,1223.0,-2.1686517600000004
1715,200704,98,29,6256,-0.02310727235453669,0.030742995848413557,0.0004092704424510632,0.021504205,0.9492505788803101,0.2,0.24951171875,-42.088340401649475,-0.025499992072582245,-2.8944380283355713,1223.0,-2.1678857700000003
1717,201216,99,29,6272,-0.01471301497076638,0.2295816985424608,0.0004092704424510632,0.013104652,0.9490534067153931,0.2,0.097412109375,-42.0912401676178,0.03238656744360924,0.3322935700416565,1223.0,-2.1678857700000003
1718,201728,100,29,6288,-0.024455531776766293,0.024021067074500024,0.0004092704424510632,0.018974485,0.9473100900650024,0.2,0.2861328125,-42.05619978904724,-0.022144708782434464,-0.05051398277282715,1223.0,-2.1678857700000003
1719,202240,101,30,6304,-0.028463041177019477,0.007262250597705133,0.0004092704424510632,0.02254665,0.945773184299469,0.2,0.3079833984375,-41.99721419811249,-0.034941304475069046,-0.9153639078140259,1223.0,-2.1657798500000003
1720,202752,102,30,6320,-0.015551925913314335,0.22409411682747304,0.0004092704424510632,0.015721401,0.9459016919136047,0.2,0.1053466796875,-41.97397172451019,0.004789978265762329,0.2211371660232544,1223.0,-2.1657798500000003
1721,203264,103,30,6336,-0.02336064208066091,0.048006047611124814,0.0004092704424510632,0.01654214,0.9462255835533142,0.2,0.2325439453125,-41.98553013801575,0.0002914946526288986,-2.2455010414123535,1223.0,-2.1627975999999998
1722,203776,104,30,6352,-0.015050575806526467,0.1965480672661215,0.0004092704424510632,0.019237597,0.9454338550567627,0.2,0.118408203125,-41.98226261138916,0.021141570061445236,0.5025330781936646,1223.0,-2.1627975999999998
1723,204288,105,31,6368,-0.03256894170772284,0.04968250496312976,0.0004092704424510632,0.026912518,0.9466052651405334,0.2,0.3408203125,-41.96602535247803,-0.01693703606724739,-1.699000358581543,1223.0,-2.16304553
1724,204800,106,31,6384,-0.013301321159815416,0.24795486126095057,0.0004092704424510632,0.018345274,0.9465905427932739,0.2,0.0948486328125,-42.00014400482178,0.058934565633535385,0.5752130746841431,1223.0,-2.16304553
1726,205312,107,31,6400,-0.023507451798650436,0.014376152044860646,0.0004092704424510632,0.021490786,0.9454631209373474,0.2,0.260986328125,-41.97673308849335,-0.01643165573477745,-1.288668155670166,1223.0,-2.16304553
1727,205824,108,32,6416,-0.028530457755550742,0.0027577675064094365,0.0004092704424510632,0.015804756,0.9464453458786011,0.2,0.2437744140625,-41.97020351886749,-0.028655782341957092,-0.3181741237640381,1223.0,-2.16155637
1728,206336,109,32,6432,-0.015301064646337181,0.244104681070894,0.0004092704424510632,0.015152913,0.9469144344329834,0.2,0.102294921875,-41.99928843975067,0.022088799625635147,0.17446547746658325,1223.0,-2.16155637
1727,206848,110,32,6448,-0.018434559082379565,0.06026539520826191,0.0004092704424510632,0.015058076,0.9469227194786072,0.2,0.1910400390625,-42.009974002838135,-0.0019098911434412003,-2.976066827774048,1223.0,-2.1594734900000003
1729,207360,111,32,6464,-0.012415696575772017,0.2446604964789003,0.0004092704424510632,0.018450573,0.9469348788261414,0.2,0.1014404296875,-42.012513875961304,0.0122960414737463,0.23227453231811523,1223.0,-2.1594734900000003
1730,207872,112,33,6480,-0.025596145365852863,0.06346403749193996,0.0004092704424510632,0.019535538,0.9482543468475342,0.2,0.2779541015625,-42.02848732471466,-0.005353672429919243,0.428011417388916,1223.0,-2.1594734900000003
1731,208384,113,33,6496,-0.022815218952018768,0.12206475739367306,0.0004092704424510632,0.020557975,0.948316752910614,0.2,0.2705078125,-42.06164765357971,0.025100789964199066,0.4578956961631775,1223.0,-2.1580898200000003
1733,208896,114,33,6512,-0.01929307608952513,0.08145320019684732,0.0004092704424510632,0.02395424,0.9477843046188354,0.2,0.208984375,-42.05289363861084,0.009484659880399704,0.7945404648780823,1223.0,-2.1580898200000003
1734,209408,115,33,6528,-0.02999159911996685,0.04175510146887973,0.0004092704424510632,0.031658255,0.9473926424980164,0.2,0.31298828125,-42.042041063308716,-0.03406517952680588,-2.0948779582977295,1223.0,-2.15878454
1735,209920,116,34,6544,-0.018870698972023092,0.17986025987192988,0.0004092704424510632,0.018995816,0.9465922117233276,0.2,0.1650390625,-42.02303910255432,-0.0006573498249053955,0.5605908632278442,1223.0,-2.15878454
1736,210432,117,34,6560,-0.03150280413683504,0.030403426673728973,0.0004092704424510632,0.02826618,0.9467245936393738,0.2,0.3206787109375,-42.0039826631546,-0.026017921045422554,-1.6645185947418213,1223.0,-2.1596609900000003
1737,210944,118,34,6576,-0.01851250938489102,0.21502135042101145,0.0004092704424510632,0.014864204,0.9470826387405396,0.2,0.1514892578125,-42.01961052417755,0.04135705530643463,0.5559890270233154,1223.0,-2.1596609900000003
1738,211456,119,35,6592,-0.02812841534614563,0.005057209680671804,0.0004092704424510632,0.015572739,0.9488731622695923,0.2,0.2408447265625,-42.04274344444275,-0.03160064294934273,-3.0634818077087402,1223.0,-2.1596609900000003
1739,211968,120,35,6608,-0.027612245379714295,0.0029934340964246076,0.0004092704424510632,0.019534744,0.9527178406715393,0.2,0.2464599609375,-42.127320885658264,-0.04125577583909035,-0.009369492530822754,1223.0,-2.15963017
1740,212480,121,35,6624,-0.016510283574461937,0.2484807837754488,0.0004092704424510632,0.016367644,0.9537577629089355,0.2,0.1312255859375,-42.21371126174927,0.03435482084751129,0.16248667240142822,1223.0,-2.15963017
1741,212992,122,35,6640,-0.022427052550483495,0.04671023436821997,0.0004092704424510632,0.018018566,0.9539303183555603,0.2,0.2445068359375,-42.22408390045166,-0.016110148280858994,-3.054819107055664,1223.0,-2.1598915499999998
1743,213504,123,36,6656,-0.010596794076263905,0.22325092228129506,0.0004092704424510632,0.013472819,0.9537514448165894,0.2,0.07275390625,-42.22918522357941,0.030157271772623062,0.5276286602020264,1223.0,-2.1598915499999998
1744,214016,124,36,6672,-0.027722591476049274,0.03450468380469829,0.0004092704424510632,0.020054428,0.9529232382774353,0.2,0.2755126953125,-42.21435618400574,-0.025742463767528534,-0.8373777866363525,1223.0,-2.1598915499999998
1745,214528,125,36,6688,-0.01869629544671625,0.12828523456119,0.0004092704424510632,0.018790126,0.952038049697876,0.2,0.1551513671875,-42.18712627887726,0.011533137410879135,0.6609355807304382,1223.0,-2.16049578
1746,215040,126,36,6704,-0.02258238366630394,0.028626611456274986,0.0004092704424510632,0.033825383,0.9495137333869934,0.2,0.310546875,-42.14507460594177,-0.017293790355324745,0.8901735544204712,1223.0,-2.16049578
1747,215552,127,37,6720,-0.020536847645416856,0.03412391140591353,0.0004092704424510632,0.014240192,0.948169469833374,0.2,0.2093505859375,-42.08337914943695,-0.027072399854660034,-2.3150711059570312,1223.0,-2.1601495999999996
1748,216064,128,37,6736,-0.016369484190363437,0.22927789483219385,0.0004092704424510632,0.015222662,0.9472569823265076,0.2,0.1075439453125,-42.043867230415344,0.021782420575618744,0.5154305100440979,1223.0,-2.1601495999999996
1748,216576,129,37,6752,-0.01748979781405069,0.03908709064126015,0.0004092704424510632,0.012793459,0.9478527307510376,0.2,0.20703125,-42.037622570991516,-0.00630938820540905,-1.3292768001556396,1223.0,-2.1585364999999994
1749,217088,130,38,6768,-0.017779100307961926,0.18806643527932465,0.0004092704424510632,0.01813006,0.947550892829895,0.2,0.1260986328125,-42.05507266521454,0.039406608790159225,0.5446764230728149,1223.0,-2.1585364999999994
1751,217600,131,38,6784,-0.02986596801201813,0.041304975748062134,0.0004092704424510632,0.019116603,0.9479367136955261,0.2,0.28173828125,-42.04337811470032,-0.017019696533679962,-0.006378173828125,1223.0,-2.1585364999999994
1751,218112,132,38,6800,-0.033005052944645286,0.00783035228960216,0.0004092704424510632,0.022244975,0.9467519521713257,0.2,0.302001953125,-42.03786063194275,-0.03660464286804199,-1.6172168254852295,1223.0,-2.1597449699999998
1752,218624,133,38,6816,-0.01794125141168479,0.21715191763360053,0.0004092704424510632,0.018727869,0.9459832906723022,0.2,0.1439208984375,-42.00480902194977,-0.008333982899785042,0.15737783908843994,1223.0,-2.1597449699999998
1752,219136,134,39,6832,-0.023190335094113834,0.040562913403846323,0.0004092704424510632,0.021403601,0.9474030137062073,0.2,0.24951171875,-42.00599467754364,-0.013280453160405159,-3.181518077850342,1223.0,-2.15953926
1753,219648,135,39,6848,-0.01785549210035242,0.20370772248134017,0.0004092704424510632,0.017311893,0.9482192397117615,0.2,0.1090087890625,-42.05355966091156,0.02368241548538208,0.5339369773864746,1223.0,-2.15953926
1754,220160,136,39,6864,-0.020573465968482196,0.022809714020695537,0.0004092704424510632,0.022086032,0.9485584497451782,0.2,0.2723388671875,-42.06794500350952,-0.01733655482530594,-1.2731573581695557,1223.0,-2.1588980200000005
1755,220672,137,39,6880,-0.01768640789669007,0.22774333786219358,0.0004092704424510632,0.020949826,0.9481009840965271,0.2,0.1397705078125,-42.06052577495575,0.06886334717273712,0.5541998147964478,1223.0,-2.1588980200000005
1756,221184,138,40,6896,-0.024262067265226506,0.006714349125104491,0.0004092704424510632,0.016096856,0.9489939212799072,0.2,0.22216796875,-42.066277623176575,-0.032114364206790924,-1.4352142810821533,1223.0,-2.1588980200000005
1757,221696,139,40,6912,-0.026272703951690346,0.003014481993886875,0.0004092704424510632,0.018653221,0.948727548122406,0.2,0.27490234375,-42.09159862995148,-0.03540675714612007,-0.3312116861343384,1223.0,-2.1590392300000003
1758,222208,140,40,6928,-0.020020159732666798,0.2557619435247034,0.0004092704424510632,0.015995257,0.9484407305717468,0.2,0.124267578125,-42.06681847572327,0.008082795888185501,0.17177796363830566,1223.0,-2.1590392300000003
1758,222720,141,41,6944,-0.024280119461764116,0.033048866025637835,0.0004092704424510632,0.020014519,0.9474912881851196,0.2,0.22119140625,-42.04925453662872,-0.019149402156472206,-2.624616861343384,1223.0,-2.15803322
1759,223232,142,41,6960,-0.017164999691885896,0.1955414768308401,0.0004092704424510632,0.020661462,0.9473788142204285,0.2,0.1219482421875,-42.02201294898987,0.024114036932587624,0.5434268712997437,1223.0,-2.15803322
1760,223744,143,41,6976,-0.02174537503742613,0.036694992624688894,0.0004092704424510632,0.02001787,0.9483787417411804,0.2,0.2578125,-42.03760051727295,-0.011092295870184898,-0.8483043909072876,1223.0,-2.15803322
1760,224256,144,41,6992,-0.027393799085984938,0.010205207625404,0.0004092704424510632,0.021715071,0.9491791725158691,0.2,0.279052734375,-42.06269073486328,-0.03322680667042732,-0.30698204040527344,1223.0,-2.15710988
1761,224768,145,42,7008,-0.016945280105574057,0.1471528997644782,0.0004092704424510632,0.017165646,0.9484959840774536,0.2,0.1240234375,-42.0631742477417,-0.006705518811941147,0.3853362798690796,1223.0,-2.15710988
1762,225280,146,42,7024,-0.02754203139920719,0.04701466206461191,0.0004092704424510632,0.020906199,0.9463736414909363,0.2,0.2734375,-42.012080907821655,-0.023942580446600914,-2.0468099117279053,1223.0,-2.15758122
1763,225792,147,42,7040,-0.016296125861117616,0.17138128215447068,0.0004092704424510632,0.014919421,0.9457117915153503,0.2,0.1473388671875,-41.94437527656555,0.03043472208082676,0.5795950889587402,1223.0,-2.15758122
4222,226304,1,0,7056,-0.026819556253030896,0.07390270347241312,0.0004092704424510632,0.024837151,0.9456259608268738,0.2,0.2781982421875,-41.93809974193573,-0.0024777110666036606,-1.5909547805786133,1223.0,-2.1563522899999996
2561,226816,2,0,7072,-0.02163201486109756,0.2697821296751499,0.0004092704424510632,0.023991827,0.945415735244751,0.2,0.1600341796875,-41.92962718009949,0.04035007208585739,0.6593507528305054,1223.0,-2.1563522899999996
2270,227328,3,0,7088,-0.03385764748963993,0.007001346777542494,0.0004092704424510632,0.021672932,0.9481654763221741,0.2,0.3011474609375,-41.96015667915344,-0.04563473165035248,-1.134535789489746,1223.0,-2.1563522899999996
2146,227840,4,0,7104,-0.03489188432286028,0.0023478113325836603,0.0004092704424510632,0.028317481,0.9480713605880737,0.2,0.33544921875,-42.014105558395386,-0.04119361937046051,0.04038196802139282,1223.0,-2.15431875
2086,228352,5,1,7120,-0.021550378733081743,0.2739123797509819,0.0004092704424510632,0.017797504,0.947589635848999,0.2,0.15966796875,-41.99527728557587,0.008158989250659943,0.08527791500091553,1223.0,-2.15431875
2046,228864,6,1,7136,-0.02234794755349867,0.026438856264576316,0.0004092704424510632,0.015864499,0.947075605392456,0.2,0.2298583984375,-41.982205629348755,-0.016399206593632698,-3.070521354675293,1223.0,-2.1557998299999994
2019,229376,7,1,7152,-0.016285605874145404,0.2019465381745249,0.0004092704424510632,0.015165516,0.9469261765480042,0.2,0.11328125,-41.962019085884094,0.012888237833976746,0.40479177236557007,1223.0,-2.1557998299999994
1999,229888,8,2,7168,-0.029943317087600008,0.07203918427694589,0.0004092704424510632,0.021746263,0.9483752846717834,0.2,0.2740478515625,-41.97335231304169,-0.007571864873170853,0.47053104639053345,1223.0,-2.1557998299999994
1984,230400,9,2,7184,-0.02181521218153648,0.13601001212373376,0.0004092704424510632,0.023680395,0.9485844373703003,0.2,0.2462158203125,-42.00799381732941,0.03995954245328903,0.48087096214294434,1223.0,-2.15409974
1968,230912,10,2,7200,-0.022236039716517553,0.05302697664592415,0.0004092704424510632,0.027546901,0.947708249092102,0.2,0.244873046875,-41.998706579208374,-0.013327514752745628,0.8787082433700562,1223.0,-2.15409974
1956,231424,11,2,7216,-0.027998500198009424,0.051955456961877644,0.0004092704424510632,0.019186392,0.9458023905754089,0.2,0.24951171875,-41.961487770080566,-0.017528556287288666,-3.2190723419189453,1223.0,-2.15509856
1946,231936,12,3,7232,-0.022767472080886364,0.16363756591454148,0.0004092704424510632,0.017448828,0.945227324962616,0.2,0.1427001953125,-41.91948664188385,0.029142294079065323,0.5479400753974915,1223.0,-2.15509856
1941,232448,13,3,7248,-0.026321668570744805,0.054023979348130524,0.0004092704424510632,0.023428345,0.9449690580368042,0.2,0.269775390625,-41.91482722759247,-0.028828797861933708,-1.6130082607269287,1223.0,-2.15422687
1935,232960,14,3,7264,-0.01997977972496301,0.21865477180108428,0.0004092704424510632,0.016477993,0.9446754455566406,0.2,0.152099609375,-41.91484045982361,0.05591893941164017,0.6304582953453064,1223.0,-2.15422687
1930,233472,15,3,7280,-0.022990974117419682,0.005883503930817824,0.0004092704424510632,0.017233206,0.9459603428840637,0.2,0.22265625,-41.92354464530945,-0.029243819415569305,-4.239538192749023,1223.0,-2.15422687
1928,233984,16,4,7296,-0.03309141595673282,0.0028669358216575347,0.0004092704424510632,0.01940292,0.9459179043769836,0.2,0.300537109375,-41.94651901721954,-0.04557976871728897,-0.039060354232788086,1223.0,-2.15530701
1926,234496,17,4,7312,-0.02114058387815021,0.20800262270495296,0.0004092704424510632,0.0205136,0.9459832906723022,0.2,0.1434326171875,-41.929187178611755,0.008621569722890854,0.177814781665802,1223.0,-2.15530701
1922,235008,18,4,7328,-0.0258368789072847,0.015153156185988337,0.0004092704424510632,0.020352107,0.9464485049247742,0.2,0.278076171875,-41.94174039363861,-0.02931789681315422,-3.1038451194763184,1223.0,-2.1555029000000006
1919,235520,19,5,7344,-0.01971639139810577,0.22420403454452753,0.0004092704424510632,0.016995002,0.9462074041366577,0.2,0.156005859375,-41.942582845687866,0.005693104118108749,0.14224165678024292,1223.0,-2.1555029000000006
1915,236032,20,5,7360,-0.03088409146585036,0.023749261104967445,0.0004092704424510632,0.02946911,0.9443337321281433,0.2,0.296142578125,-41.90908706188202,-0.03691506013274193,-1.7547717094421387,1223.0,-2.1555029000000006
1912,236544,21,5,7376,-0.015342168670031242,0.1299444364849478,0.0004092704424510632,0.013096297,0.9440974593162537,0.2,0.140625,-41.86441969871521,0.019322924315929413,0.6099371910095215,1223.0,-2.15507351
1909,237056,22,5,7392,-0.0312985832861159,0.025153208785923198,0.0004092704424510632,0.021322902,0.9458122849464417,0.2,0.3031005859375,-41.886128067970276,-0.040793001651763916,0.8700593113899231,1223.0,-2.15507351
1907,237568,23,6,7408,-0.023703525643213652,0.03003853786503896,0.0004092704424510632,0.022057686,0.9465155005455017,0.2,0.248046875,-41.938185811042786,-0.03360394760966301,-2.35662841796875,1223.0,-2.15350727
1907,238080,24,6,7424,-0.015791348643688252,0.2081116664921865,0.0004092704424510632,0.019132782,0.9471759796142578,0.2,0.1036376953125,-41.957083344459534,0.020893339067697525,0.44251054525375366,1223.0,-2.15350727
1906,238592,25,6,7440,-0.0339421120879706,0.027485384081956,0.0004092704424510632,0.02475933,0.947542130947113,0.2,0.2991943359375,-41.97859799861908,-0.031313084065914154,-2.54329252243042,1223.0,-2.1537403299999998
1903,239104,26,6,7456,-0.015160633105551824,0.2620200072415173,0.0004092704424510632,0.015829384,0.9467833042144775,0.2,0.104248046875,-41.960182309150696,0.03954372555017471,0.5629306435585022,1223.0,-2.1537403299999998
1902,239616,27,7,7472,-0.02805029321461916,0.07359357853420079,0.0004092704424510632,0.018057192,0.9458283185958862,0.2,0.275146484375,-41.930217266082764,-0.0014653392136096954,-0.012739777565002441,1223.0,-2.1537403299999998
1900,240128,28,7,7488,-0.0238099237321876,0.01611904046148993,0.0004092704424510632,0.023940044,0.9480404853820801,0.2,0.2587890625,-41.940709471702576,-0.030437175184488297,-2.2912793159484863,1223.0,-2.15287481
1896,240640,29,7,7504,-0.01859532206435688,0.2021376914344728,0.0004092704424510632,0.014421556,0.9485241174697876,0.2,0.1318359375,-42.00144410133362,0.012609206140041351,0.1418251395225525,1223.0,-2.15287481
1894,241152,30,8,7520,-0.01902567085926421,0.04334936890518293,0.0004092704424510632,0.014697401,0.9481144547462463,0.2,0.184326171875,-41.99723029136658,-0.017303528264164925,-2.8852834701538086,1223.0,-2.15372712
1894,241664,31,8,7536,-0.01581239861843642,0.16022772784344852,0.0004092704424510632,0.017608788,0.9484041333198547,0.2,0.12353515625,-41.99122762680054,0.02453577145934105,0.5865335464477539,1223.0,-2.15372712
1894,242176,32,8,7552,-0.025676697856397368,0.027679549006279558,0.0004092704424510632,0.024932437,0.9501481652259827,0.2,0.279541015625,-42.01505732536316,-0.02443881146609783,-1.4782419204711914,1223.0,-2.1533248
1893,242688,33,8,7568,-0.01345721961115487,0.1922721576411277,0.0004092704424510632,0.0139661,0.9504652619361877,0.2,0.11328125,-42.051573753356934,0.04797666519880295,0.6061569452285767,1223.0,-2.1533248
1891,243200,34,9,7584,-0.026874729490373284,0.005772408447228372,0.0004092704424510632,0.016869556,0.9494843482971191,0.2,0.25634765625,-42.03935217857361,-0.027622366324067116,-3.0242719650268555,1223.0,-2.1533248
1891,243712,35,9,7600,-0.029166876993258484,0.0028342712503217626,0.0004092704424510632,0.016617399,0.9506354928016663,0.2,0.26123046875,-42.03794848918915,-0.04488011822104454,-0.11497330665588379,1223.0,-2.1529903200000002
1890,244224,36,9,7616,-0.01838414848316461,0.19155137613415718,0.0004092704424510632,0.016244145,0.9508819580078125,0.2,0.1234130859375,-42.075079798698425,-0.0026065409183502197,0.20084810256958008,1223.0,-2.1529903200000002
1889,244736,37,10,7632,-0.02719658412388526,0.023026977461995557,0.0004092704424510632,0.02274847,0.9525913596153259,0.2,0.3018798828125,-42.096333026885986,-0.029729671776294708,-2.5371627807617188,1223.0,-2.15527926
1887,245248,38,10,7648,-0.01659663203463424,0.26277311728335917,0.0004092704424510632,0.016596794,0.953022837638855,0.2,0.1141357421875,-42.14401078224182,0.009469311684370041,0.27324384450912476,1223.0,-2.15527926
1886,245760,39,10,7664,-0.026828694390133023,0.030794994556345046,0.0004092704424510632,0.022149485,0.9522715210914612,0.2,0.2640380859375,-42.136847734451294,-0.0267430879175663,-0.35016143321990967,1223.0,-2.15527926
1885,246272,40,10,7680,-0.027491736560477875,0.013489269855199382,0.0004092704424510632,0.018335082,0.9513819217681885,0.2,0.278564453125,-42.117297887802124,-0.0331486351788044,-0.3624849319458008,1223.0,-2.1549367100000003
1884,246784,41,11,7696,-0.018732373166130856,0.09846552996896207,0.0004092704424510632,0.019510321,0.9500950574874878,0.2,0.2000732421875,-42.078288435935974,-0.022310545668005943,0.545525312423706,1223.0,-2.1549367100000003
1883,247296,42,11,7712,-0.024073360829788726,0.032687069615349174,0.0004092704424510632,0.02416804,0.9485796093940735,0.2,0.2740478515625,-42.02509951591492,-0.01981065794825554,-2.2075328826904297,1223.0,-2.1525996600000004
1883,247808,43,11,7728,-0.023361576444585808,0.15960131608881056,0.0004092704424510632,0.019710723,0.9481856226921082,0.2,0.1788330078125,-41.98330998420715,0.015157278627157211,0.5630984902381897,1223.0,-2.1525996600000004
1882,248320,44,11,7744,-0.027528384525794536,0.04832199972588569,0.0004092704424510632,0.019476503,0.9493752717971802,0.2,0.2454833984375,-41.99013149738312,-0.022865651175379753,-1.5827124118804932,1223.0,-2.1527901700000003
1881,248832,45,12,7760,-0.01685367661411874,0.23408388067036867,0.0004092704424510632,0.015436538,0.9498803615570068,0.2,0.106201171875,-42.01769018173218,0.04923444986343384,0.5982141494750977,1223.0,-2.1527901700000003
1881,249344,46,12,7776,-0.023622907407116145,0.0050056941181537695,0.0004092704424510632,0.022979964,0.9507323503494263,0.2,0.2733154296875,-42.03600060939789,-0.04019088298082352,-1.5100054740905762,1223.0,-2.1527901700000003
1881,249856,47,12,7792,-0.02874432280077599,0.003101560901995981,0.0004092704424510632,0.01734392,0.9492962956428528,0.2,0.2598876953125,-42.03964066505432,-0.04200403019785881,-0.07366776466369629,1223.0,-2.1527956799999997
1881,250368,48,13,7808,-0.026026583698694594,0.21822278550826013,0.0004092704424510632,0.025219187,0.9488011002540588,0.2,0.177490234375,-41.99576008319855,0.0026019997894763947,0.2050803303718567,1223.0,-2.1527956799999997
1881,250880,49,13,7824,-0.021408220447483473,0.1110018219333142,0.0004092704424510632,0.022232788,0.9479659795761108,0.2,0.2293701171875,-41.98715007305145,0.010845966637134552,-1.66168212890625,1223.0,-2.1520014599999997
1881,251392,50,13,7840,-0.016900631329917815,0.19547294499352574,0.0004092704424510632,0.016517365,0.9470145106315613,0.2,0.140625,-41.964943289756775,-0.003287792205810547,0.15527623891830444,1223.0,-2.1520014599999997
1881,251904,51,13,7856,-0.024892032888601534,0.032804753514938056,0.0004092704424510632,0.022155114,0.9465638995170593,0.2,0.270751953125,-41.93671095371246,-0.019007161259651184,0.21166789531707764,1223.0,-2.1520014599999997
1880,252416,52,14,7872,-0.026306900224881247,0.11544268694706261,0.0004092704424510632,0.025628187,0.9477047920227051,0.2,0.2601318359375,-41.95072519779205,0.018204204738140106,0.5724314451217651,1223.0,-2.15174634
1879,252928,53,14,7888,-0.022500944352941588,0.038049497990868986,0.0004092704424510632,0.031605244,0.9495729207992554,0.2,0.31640625,-41.997711539268494,-0.022281194105744362,0.910037636756897,1223.0,-2.15174634
1878,253440,54,14,7904,-0.027766015802626498,0.05117530812276527,0.0004092704424510632,0.02495104,0.951163649559021,0.2,0.2603759765625,-42.04438400268555,-0.013456625863909721,-2.570885181427002,1223.0,-2.15080462
1877,253952,55,14,7920,-0.020992738485801965,0.1382811653893441,0.0004092704424510632,0.019355163,0.9514486789703369,0.2,0.1383056640625,-42.08017432689667,0.006640985608100891,0.5841918587684631,1223.0,-2.15080462
1876,254464,56,15,7936,-0.025309170683613047,0.024410054029431194,0.0004092704424510632,0.020102272,0.9509460926055908,0.2,0.28271484375,-42.07487678527832,-0.02141086384654045,-1.8922851085662842,1223.0,-2.1513666400000004
1876,254976,57,15,7952,-0.015815971681149676,0.17051254189573228,0.0004092704424510632,0.014546199,0.951434850692749,0.2,0.123291015625,-42.07082903385162,0.025462210178375244,0.5978090167045593,1223.0,-2.1513666400000004
1876,255488,58,15,7968,-0.02764347290212754,0.007219197410449851,0.0004092704424510632,0.022105906,0.9543353319168091,0.2,0.25927734375,-42.12386965751648,-0.04240633174777031,-3.2517452239990234,1223.0,-2.1513666400000004
1876,256000,59,16,7984,-0.03126785081985872,0.0035001968280994333,0.0004092704424510632,0.017001815,0.9542092084884644,0.2,0.2642822265625,-42.19407057762146,-0.04291651397943497,0.052731871604919434,1223.0,-2.1531072499999997
1876,256512,60,16,8000,-0.014369874144904315,0.222119486075826,0.0004092704424510632,0.016910197,0.953840970993042,0.2,0.11181640625,-42.17751169204712,0.00981367751955986,0.21598470211029053,1223.0,-2.1531072499999997
1875,257024,61,16,8016,-0.02388363372301683,0.037150257208850235,0.0004092704424510632,0.030302215,0.9546102285385132,0.2,0.2752685546875,-42.18431866168976,-0.019257334992289543,-3.065552234649658,1223.0,-2.15439115
1874,257536,62,16,8032,-0.014589345926651731,0.18333194078877568,0.0004092704424510632,0.015783492,0.9548750519752502,0.2,0.132080078125,-42.20807945728302,0.024454455822706223,0.2558748126029968,1223.0,-2.15439115
1874,258048,63,17,8048,-0.027592014623223804,0.02990469930227846,0.0004092704424510632,0.020362213,0.9537774324417114,0.2,0.279296875,-42.196882128715515,-0.029532551765441895,-1.6544935703277588,1223.0,-2.15439115
1873,258560,64,17,8064,-0.024020856959396042,0.11432931292802095,0.0004092704424510632,0.020071544,0.9533922672271729,0.2,0.216552734375,-42.16843938827515,0.019258886575698853,0.683071494102478,1223.0,-2.15398517
1872,259072,65,17,8080,-0.02134325518272817,0.026525439170654863,0.0004092704424510632,0.01907722,0.9530320763587952,0.2,0.248046875,-42.159250378608704,-0.014211948961019516,0.8077970743179321,1223.0,-2.15398517
1869,259584,66,18,8096,-0.025920376865542494,0.024261143582407385,0.0004092704424510632,0.025755566,0.9518191814422607,0.2,0.2772216796875,-42.13035023212433,-0.02398792654275894,-2.5379552841186523,1223.0,-2.15723813
1868,260096,67,18,8112,-0.01991558093141066,0.1704533954616636,0.0004092704424510632,0.021760713,0.9523169994354248,0.2,0.14013671875,-42.113600850105286,-0.0014486387372016907,0.33724886178970337,1223.0,-2.15723813
1867,260608,68,18,8128,-0.031109696807106957,0.03050752019044012,0.0004092704424510632,0.02661788,0.9509135484695435,0.2,0.2913818359375,-42.11242961883545,-0.03822581470012665,-1.6606860160827637,1223.0,-2.1580884399999998
1867,261120,69,18,8144,-0.01733298259205185,0.181482857093215,0.0004092704424510632,0.01608209,0.9499102830886841,0.2,0.1346435546875,-42.0587158203125,0.017615560442209244,0.48344331979751587,1223.0,-2.1580884399999998
1866,261632,70,19,8160,-0.027964213077211753,0.04006773896981031,0.0004092704424510632,0.02196681,0.9507781863212585,0.2,0.2872314453125,-42.054343938827515,-0.014390205964446068,0.21905064582824707,1223.0,-2.1580884399999998
1865,262144,71,19,8176,-0.02791457442799583,0.012044340372085571,0.0004092704424510632,0.020887807,0.9495274424552917,0.2,0.281494140625,-42.064210295677185,-0.03493055701255798,-1.1822400093078613,1223.0,-2.16092676
1865,262656,72,19,8192,-0.02306669545941986,0.18213193013798445,0.0004092704424510632,0.018400613,0.9490959048271179,0.2,0.1885986328125,-42.013134479522705,-0.016814839094877243,0.1753823161125183,1223.0,-2.16092676
1865,263168,73,20,8208,-0.02222190736210905,0.05550426110858098,0.0004092704424510632,0.022854518,0.9500457048416138,0.2,0.25830078125,-42.022289633750916,-0.017350828275084496,-3.0871477127075195,1223.0,-2.16036983
1864,263680,74,20,8224,-0.01916305437043775,0.1672610656823963,0.0004092704424510632,0.018902171,0.9500812888145447,0.2,0.1383056640625,-42.045942068099976,0.006080925464630127,0.6037282943725586,1223.0,-2.16036983
1864,264192,75,20,8240,-0.03389070770936087,0.024976953049190342,0.0004092704424510632,0.02108932,0.9497145414352417,0.2,0.30615234375,-42.03507399559021,-0.034585364162921906,-1.8216657638549805,1223.0,-2.1601508799999998
1864,264704,76,20,8256,-0.014818464216659777,0.2004299759864807,0.0004092704424510632,0.014418468,0.9490150809288025,0.2,0.0977783203125,-42.018306732177734,0.029720740392804146,0.34924906492233276,1223.0,-2.1601508799999998
1864,265216,77,21,8272,-0.03156599542853655,0.00527417676494224,0.0004092704424510632,0.016975006,0.9471542239189148,0.2,0.297607421875,-41.97871649265289,-0.046852558851242065,-1.7100462913513184,1223.0,-2.1601508799999998
1864,265728,78,21,8288,-0.029036557243671268,0.002669390945811756,0.0004092704424510632,0.026086694,0.947380781173706,0.2,0.308349609375,-41.94995105266571,-0.0452117957174778,-0.03969991207122803,1223.0,-2.16052262
1862,266240,79,21,8304,-0.021595370169961825,0.21872818272095174,0.0004092704424510632,0.021319788,0.9472847580909729,0.2,0.1536865234375,-41.95115518569946,0.000577785074710846,0.1712491512298584,1223.0,-2.16052262
1862,266752,80,21,8320,-0.01536832473357208,0.04705145675688982,0.0004092704424510632,0.014386461,0.949607789516449,0.2,0.1514892578125,-41.97584009170532,-0.002276487648487091,-2.831997871398926,1223.0,-2.16185095
1861,267264,81,22,8336,-0.018670416924578603,0.18218360049650073,0.0004092704424510632,0.018515764,0.9501641988754272,0.2,0.141845703125,-42.051204562187195,0.021946821361780167,0.5831997990608215,1223.0,-2.16185095
1861,267776,82,22,8352,-0.02584255516558187,0.019654309668112546,0.0004092704424510632,0.021144073,0.9502941370010376,0.2,0.2969970703125,-42.052337884902954,-0.03573967516422272,-2.061002254486084,1223.0,-2.16185095
1861,268288,83,22,8368,-0.02652242995100096,0.014250257780076936,0.0004092704424510632,0.022096232,0.9510934352874756,0.2,0.2633056640625,-42.060566782951355,-0.02871956117451191,0.1854175329208374,1223.0,-2.1622440899999997
1861,268800,84,23,8384,-0.02303715277230367,0.07464552408782765,0.0004092704424510632,0.02289953,0.9512086510658264,0.2,0.2044677734375,-42.07692039012909,-0.02119690552353859,0.6092400550842285,1223.0,-2.1622440899999997
1860,269312,85,23,8400,-0.023884173366241157,0.029343272501137108,0.0004092704424510632,0.024484072,0.9531216025352478,0.2,0.277099609375,-42.10401129722595,-0.020575467497110367,-2.586794376373291,1223.0,-2.16194294
1860,269824,86,23,8416,-0.01785267365630716,0.15976626123301685,0.0004092704424510632,0.015436583,0.9543677568435669,0.2,0.1165771484375,-42.16996240615845,-0.01017819344997406,0.3184237480163574,1223.0,-2.16194294
1860,270336,87,23,8432,-0.029503967656637542,0.014214569790055975,0.0004092704424510632,0.028660476,0.9524995684623718,0.2,0.2991943359375,-42.171542286872864,-0.03555314615368843,-2.0627946853637695,1223.0,-2.16235225
1860,270848,88,24,8448,-0.016976215789327398,0.1877507772296667,0.0004092704424510632,0.016564324,0.951731264591217,0.2,0.1356201171875,-42.11219108104706,-0.007460460066795349,0.3367989659309387,1223.0,-2.16235225
1860,271360,89,24,8464,-0.02653875044779852,0.003769491333514452,0.0004092704424510632,0.014715893,0.9503637552261353,0.2,0.23974609375,-42.085368633270264,-0.030396761372685432,-0.8634622097015381,1223.0,-2.16235225
1859,271872,90,24,8480,-0.024645255238283426,0.002428515253996011,0.0004092704424510632,0.0132930875,0.9508033990859985,0.2,0.2279052734375,-42.05652570724487,-0.037622977048158646,-0.012386918067932129,1223.0,-2.16357417
1859,272384,91,25,8496,-0.015261508233379573,0.1911151559324935,0.0004092704424510632,0.019410808,0.9520702958106995,0.2,0.1539306640625,-42.09857630729675,0.014709945768117905,0.18868166208267212,1223.0,-2.16357417
1859,272896,92,25,8512,-0.024555911586503498,0.019474670611089095,0.0004092704424510632,0.023428272,0.9544672966003418,0.2,0.3074951171875,-42.16002655029297,-0.03155135363340378,-3.2813920974731445,1223.0,-2.16581988
1859,273408,93,25,8528,-0.01867011742433533,0.2105729386676103,0.0004092704424510632,0.014897838,0.9548212885856628,0.2,0.12451171875,-42.20803475379944,0.010112088173627853,0.18288391828536987,1223.0,-2.16581988
1859,273920,94,25,8544,-0.0287881630792981,0.025696456199511886,0.0004092704424510632,0.026743352,0.9551709890365601,0.2,0.3037109375,-42.214738845825195,-0.037223152816295624,-0.7284142971038818,1223.0,-2.16581988
1859,274432,95,26,8560,-0.026532666583079845,0.034750357270240784,0.0004092704424510632,0.014430234,0.9561995267868042,0.2,0.2542724609375,-42.237642884254456,-0.024110065773129463,0.468269944190979,1223.0,-2.1672507899999998
1859,274944,96,26,8576,-0.01987963173451135,0.06373168533900753,0.0004092704424510632,0.025890393,0.9566623568534851,0.2,0.2176513671875,-42.25915002822876,-0.023748066276311874,0.7060216069221497,1223.0,-2.1672507899999998
1859,275456,97,26,8592,-0.02659046025655698,0.05075941083487123,0.0004092704424510632,0.020487765,0.9561027884483337,0.2,0.26708984375,-42.254849910736084,-0.023666787892580032,-3.0861239433288574,1223.0,-2.16780767
1859,275968,98,26,8608,-0.010393065647804178,0.16318804235197604,0.0004092704424510632,0.014674442,0.9556307792663574,0.2,0.072021484375,-42.238338589668274,0.026524562388658524,0.599672257900238,1223.0,-2.16780767
1859,276480,99,27,8624,-0.030048245505895466,0.08055192953906953,0.0004092704424510632,0.02741696,0.9564828276634216,0.2,0.31103515625,-42.24026882648468,-0.012699063867330551,-1.378713846206665,1223.0,-2.16895909
1859,276992,100,27,8640,-0.018146627386158798,0.1941988687030971,0.0004092704424510632,0.021673368,0.9565929174423218,0.2,0.138916015625,-42.262022614479065,0.04762232303619385,0.635057806968689,1223.0,-2.16895909
1859,277504,101,27,8656,-0.03123833698919043,0.007090063794748858,0.0004092704424510632,0.017663043,0.9556438326835632,0.2,0.25244140625,-42.2370822429657,-0.03925955668091774,-3.5789456367492676,1223.0,-2.16895909
1859,278016,102,28,8672,-0.020325032724940684,0.002854155158274807,0.0004092704424510632,0.014399816,0.9582456946372986,0.2,0.208251953125,-42.24076282978058,-0.04165254533290863,-0.010248064994812012,1223.0,-2.16935697
1859,278528,103,28,8688,-0.017744529934134334,0.20529669697862118,0.0004092704424510632,0.016545475,0.9595322012901306,0.2,0.119140625,-42.316197514534,-0.0025114137679338455,0.22644472122192383,1223.0,-2.16935697
1858,279040,104,28,8704,-0.023966451743035577,0.02176375623093918,0.0004092704424510632,0.030125707,0.9602692723274231,0.2,0.292724609375,-42.340266942977905,-0.028591547161340714,-3.357621192932129,1223.0,-2.16788868
1858,279552,105,28,8720,-0.019311353738885373,0.2116482510464266,0.0004092704424510632,0.020007875,0.9601308703422546,0.2,0.1439208984375,-42.349645018577576,0.005739003419876099,0.16218048334121704,1223.0,-2.16788868
1858,280064,106,29,8736,-0.02311507912236266,0.022337349830195308,0.0004092704424510632,0.023950387,0.9596315026283264,0.2,0.2889404296875,-42.332277059555054,-0.017919126898050308,-1.528592824935913,1223.0,-2.16788868
1858,280576,107,29,8752,-0.027456209441879764,0.09162335586734116,0.0004092704424510632,0.023259934,0.9593891501426697,0.2,0.24755859375,-42.32750940322876,-0.004669997841119766,0.6830067038536072,1223.0,-2.16833564
1857,281088,108,29,8768,-0.022612051747273654,0.02942436485318467,0.0004092704424510632,0.020900533,0.959014356136322,0.2,0.248779296875,-42.32598924636841,-0.018468663096427917,0.6671944856643677,1223.0,-2.16833564
1858,281600,109,30,8784,-0.021374589239712805,0.02192799426848069,0.0004092704424510632,0.017309856,0.958448588848114,0.2,0.229736328125,-42.314587473869324,-0.02883385494351387,-2.968231678009033,1223.0,-2.1662654900000002
1858,282112,110,30,8800,-0.012243927281815559,0.2413612351519987,0.0004092704424510632,0.014629971,0.9581906199455261,0.2,0.1103515625,-42.29140019416809,0.008248945698142052,0.12897175550460815,1223.0,-2.1662654900000002
1857,282624,111,30,8816,-0.02564643489313312,0.06337249651551247,0.0004092704424510632,0.020482548,0.9565309882164001,0.2,0.255615234375,-42.27470636367798,-0.004112366586923599,-0.8653362989425659,1223.0,-2.16534265
1857,283136,112,30,8832,-0.017712023851345293,0.16915463097393513,0.0004092704424510632,0.01867127,0.9557174444198608,0.2,0.13232421875,-42.223552107810974,0.028516802936792374,0.6670869588851929,1223.0,-2.16534265
1857,283648,113,31,8848,-0.028993517866183538,0.022771278891013935,0.0004092704424510632,0.026702363,0.9538711905479431,0.2,0.325439453125,-42.19646596908569,-0.03222303092479706,-1.8825466632843018,1223.0,-2.16534265
1857,284160,114,31,8864,-0.02364574906823691,0.0025819007387326565,0.0004092704424510632,0.01269234,0.951831579208374,0.2,0.1962890625,-42.12210965156555,-0.024814113974571228,-0.07010555267333984,1223.0,-2.16703901
1857,284672,115,31,8880,-0.01738338040013332,0.15306206606328487,0.0004092704424510632,0.018130774,0.9505982995033264,0.2,0.140380859375,-42.06688094139099,-0.008586745709180832,0.29980021715164185,1223.0,-2.16703901
1857,285184,116,31,8896,-0.03142867908172775,0.024274864757899195,0.0004092704424510632,0.025246724,0.9498370885848999,0.2,0.30224609375,-42.03339684009552,-0.029642103239893913,-3.4837546348571777,1223.0,-2.16504391
1857,285696,117,32,8912,-0.02189261536113918,0.21511331584770232,0.0004092704424510632,0.015166705,0.9496195316314697,0.2,0.1451416015625,-42.02393341064453,-0.004411857575178146,0.12998944520950317,1223.0,-2.16504391
1857,286208,118,32,8928,-0.022669662022963166,0.028219476458616555,0.0004092704424510632,0.022743419,0.9480748772621155,0.2,0.263671875,-42.0066522359848,-0.02262694388628006,-1.995603084564209,1223.0,-2.16194775
1857,286720,119,32,8944,-0.016719076651497744,0.1924893914256245,0.0004092704424510632,0.015814608,0.9471440315246582,0.2,0.1588134765625,-41.954407811164856,0.036625392735004425,0.6689401865005493,1223.0,-2.16194775
1857,287232,120,33,8960,-0.02841980326047633,0.00462274270830676,0.0004092704424510632,0.023877747,0.9462378621101379,0.2,0.2720947265625,-41.929641366004944,-0.04648863896727562,-3.157942771911621,1223.0,-2.16194775
1857,287744,121,33,8976,-0.03464316909230547,0.0028382571690599434,0.0004092704424510632,0.018426914,0.943844199180603,0.2,0.2847900390625,-41.883541226387024,-0.040021225810050964,-0.10349166393280029,1223.0,-2.1633245399999996
1857,288256,122,33,8992,-0.019795268031884916,0.18667845346499234,0.0004092704424510632,0.016396102,0.9432961344718933,0.2,0.14111328125,-41.8292270898819,-0.003571435809135437,0.19895923137664795,1223.0,-2.1633245399999996
1857,288768,123,33,9008,-0.02361401214147918,0.02337150531820953,0.0004092704424510632,0.030246327,0.9443407654762268,0.2,0.297119140625,-41.83350169658661,-0.03716152533888817,-2.9985315799713135,1223.0,-2.16298433
1857,289280,124,34,9024,-0.022334266133839265,0.17238759924657643,0.0004092704424510632,0.019704057,0.9437730312347412,0.2,0.169921875,-41.848098158836365,0.008846528828144073,0.443239688873291,1223.0,-2.16298433
1857,289792,125,34,9040,-0.024447472678730264,0.011474324070150033,0.0004092704424510632,0.018004758,0.9442858695983887,0.2,0.2572021484375,-41.831305146217346,-0.024557743221521378,-0.6470973491668701,1223.0,-2.16298433
1857,290304,126,34,9056,-0.02204513133619912,0.031133595388382673,0.0004092704424510632,0.017242707,0.9435942769050598,0.2,0.241455078125,-41.84647274017334,-0.0219401977956295,0.2586144208908081,1223.0,-2.1614081499999998
1857,290816,127,35,9072,-0.022392504222807474,0.07410991378128529,0.0004092704424510632,0.024478164,0.9433552026748657,0.2,0.207275390625,-41.82004737854004,-0.01144661195576191,0.6939400434494019,1223.0,-2.1614081499999998
1857,291328,128,35,9088,-0.027664788663969375,0.05388759751804173,0.0004092704424510632,0.020561859,0.9430623054504395,0.2,0.275390625,-41.809788942337036,-0.021212948486208916,-3.884185791015625,1223.0,-2.16134351
1857,291840,129,35,9104,-0.012497292467742227,0.12333498930092901,0.0004092704424510632,0.013264458,0.9419019818305969,0.2,0.1160888671875,-41.784756898880005,0.007764264941215515,0.5029972195625305,1223.0,-2.16134351
1857,292352,130,35,9120,-0.023710513589321636,0.029193597321864218,0.0004092704424510632,0.024323802,0.9440377950668335,0.2,0.25048828125,-41.78154766559601,-0.031925998628139496,-2.2267611026763916,1223.0,-2.16246945
1857,292864,131,36,9136,-0.019745609126402996,0.1551276915706694,0.0004092704424510632,0.022088269,0.9450106620788574,0.2,0.154296875,-41.8440306186676,0.004962645471096039,0.576275646686554,1223.0,-2.16246945
1857,293376,132,36,9152,-0.02916287592961453,0.004369668735307641,0.0004092704424510632,0.01792516,0.9459674954414368,0.2,0.2554931640625,-41.86013650894165,-0.045816972851753235,-2.0426254272460938,1223.0,-2.16246945
1857,293888,133,36,9168,-0.022900153868249618,0.003424841728701722,0.0004092704424510632,0.020073993,0.9456889033317566,0.2,0.23876953125,-41.889134645462036,-0.03864021971821785,-0.20742011070251465,1223.0,-2.1618904800000003
1858,294400,134,36,9184,-0.017062030296074226,0.2091747645754367,0.0004092704424510632,0.017908785,0.9454246759414673,0.2,0.1082763671875,-41.87808954715729,-0.013377683237195015,0.22252780199050903,1223.0,-2.1618904800000003
1858,294912,135,37,9200,-0.022758963008527644,0.03139238164294511,0.0004092704424510632,0.015586672,0.9477062821388245,0.2,0.2198486328125,-41.90084648132324,-0.029102040454745293,-3.4894232749938965,1223.0,-2.1634982
1857,295424,136,37,9216,-0.021409221837529913,0.14282008283771574,0.0004092704424510632,0.020201404,0.9484251737594604,0.2,0.15234375,-41.960920095443726,0.00031594932079315186,0.5025696158409119,1223.0,-2.1634982
1857,295936,137,37,9232,-0.02701279714528937,0.01994676369940862,0.0004092704424510632,0.018080903,0.9462816715240479,0.2,0.272216796875,-41.94071865081787,-0.03032408282160759,-1.23591947555542,1223.0,-2.1634982
1857,296448,138,38,9248,-0.023019750195089728,0.0033008002283168025,0.0004092704424510632,0.014455494,0.9447514414787292,0.2,0.2369384765625,-41.87112641334534,-0.028797779232263565,0.29942095279693604,1223.0,-2.16488325
1857,296960,139,38,9264,-0.024929908715421334,0.08845725207356736,0.0004092704424510632,0.027380079,0.9443987011909485,0.2,0.2047119140625,-41.840832591056824,-0.02732596918940544,0.32037240266799927,1223.0,-2.16488325
1857,297472,140,38,9280,-0.02736427349736914,0.03785937116481364,0.0004092704424510632,0.024499238,0.9445527195930481,0.2,0.286865234375,-41.833391547203064,-0.02601628378033638,-3.015411853790283,1223.0,-2.16376631
1857,297984,141,38,9296,-0.017775544300093316,0.13627910322975367,0.0004092704424510632,0.018284552,0.9453797936439514,0.2,0.140380859375,-41.84377145767212,0.011346440762281418,0.4805079698562622,1223.0,-2.16376631
1857,298496,142,39,9312,-0.026551289192866534,0.014401331514818594,0.0004092704424510632,0.023985982,0.9478840827941895,0.2,0.280517578125,-41.88901948928833,-0.046236708760261536,-2.2005627155303955,1223.0,-2.16170095
1857,299008,143,39,9328,-0.017961006669793278,0.18588792346417904,0.0004092704424510632,0.018610947,0.9484886527061462,0.2,0.1468505859375,-41.950648188591,0.02967766672372818,0.36336463689804077,1223.0,-2.16170095
1857,299520,144,39,9344,-0.024838566954713315,0.0037172369193285704,0.0004092704424510632,0.022465229,0.9470601677894592,0.2,0.296142578125,-41.93553555011749,-0.0324820801615715,-1.9797654151916504,1223.0,-2.16170095
1857,300032,145,39,9360,-0.023052188946167007,0.002641003349708626,0.0004092704424510632,0.015784424,0.9467839002609253,0.2,0.2386474609375,-41.91342318058014,-0.0303853377699852,0.034072160720825195,1223.0,-2.1589428799999997
1857,300544,146,40,9376,-0.019085951847955585,0.21840526652522385,0.0004092704424510632,0.018162552,0.9466065764427185,0.2,0.1251220703125,-41.90559279918671,0.0011310651898384094,0.10534888505935669,1223.0,-2.1589428799999997
1857,301056,147,40,9392,-0.020907203579554334,0.03413379564881325,0.0004092704424510632,0.018800907,0.9478422999382019,0.2,0.228515625,-41.91492831707001,-0.015227151103317738,-3.6661972999572754,1223.0,-2.1585811099999996
