time/fps,time/total_timesteps,time/iterations,time/time_elapsed,train/n_updates,train/policy_gradient_loss,train/value_loss,train/learning_rate,train/approx_kl,train/std,train/clip_range,train/clip_fraction,train/entropy_loss,train/loss,train/explained_variance,rollout/ep_len_mean,rollout/ep_rew_mean
4232,512,1,0,,,,,,,,,,,,,
2567,1024,2,0,16,-0.03359023292432539,0.10059589155207505,0.0004092704424510632,0.021182314,1.0014039278030396,0.2,0.2589111328125,-44.00624346733093,-0.0279293991625309,-0.2457277774810791,,
2273,1536,3,0,32,-0.0341923228406813,0.0030394207424251363,0.0004092704424510632,0.02107518,1.0014132261276245,0.2,0.30224609375,-44.034343004226685,-0.04076278582215309,0.015198051929473877,1223.0,-2.299539
2157,2048,4,0,48,-0.02238307785592042,0.007350016356213018,0.0004092704424510632,0.016263701,1.0018097162246704,0.2,0.23974609375,-44.032464027404785,-0.03128534182906151,-0.0026406049728393555,1223.0,-2.299539
2088,2560,5,1,64,-0.027525397250428796,0.001297953975154087,0.0004092704424510632,0.01868473,1.0020239353179932,0.2,0.2823486328125,-44.04397773742676,-0.03242376819252968,-0.013317704200744629,1223.0,-2.2640695
2048,3072,6,1,80,-0.02544524215045385,0.010963363063638099,0.0004092704424510632,0.022720423,1.0004514455795288,0.2,0.3065185546875,-44.027265548706055,-0.007993822917342186,0.0016564130783081055,1223.0,-2.2640695
2024,3584,7,1,96,-0.027132867166073993,0.0019256308005424216,0.0004092704424510632,0.015941024,1.0017950534820557,0.2,0.2437744140625,-44.00401735305786,-0.03270178288221359,0.018598198890686035,1223.0,-2.2640695
2007,4096,8,2,112,-0.03051637948374264,0.002189196544350125,0.0004092704424510632,0.020689692,1.0018482208251953,0.2,0.2906494140625,-44.04330348968506,-0.04427426680922508,-0.0034923553466796875,1223.0,-2.2589503333333334
1993,4608,9,2,128,-0.03020565680344589,0.02325806865701452,0.0004092704424510632,0.031017665,1.0011910200119019,0.2,0.3282470703125,-44.03035247325897,-0.03138136491179466,0.0015352368354797363,1223.0,-2.2589503333333334
1982,5120,10,2,144,-0.024963478674180806,0.0014586639663320966,0.0004092704424510632,0.018462345,0.9995179772377014,0.2,0.2406005859375,-43.99625515937805,-0.028759723529219627,0.007365286350250244,1223.0,-2.23749
1971,5632,11,2,160,-0.02811252978426637,0.03093224245822057,0.0004092704424510632,0.021552695,0.998990535736084,0.2,0.285888671875,-43.95265555381775,-0.019414810463786125,0.010195434093475342,1223.0,-2.23749
1962,6144,12,3,176,-0.028113616121117957,0.001708503445115639,0.0004092704424510632,0.017611723,0.9995977282524109,0.2,0.214599609375,-43.954864501953125,-0.03607175126671791,0.010933339595794678,1223.0,-2.2248002
1943,6656,13,3,192,-0.024987300334032625,0.031162567669525743,0.0004092704424510632,0.02187441,1.000367522239685,0.2,0.2373046875,-43.97739923000336,-0.021743347868323326,0.030011355876922607,1223.0,-2.2248002
1937,7168,14,3,208,-0.02454446750925854,0.002377452183282003,0.0004092704424510632,0.0165951,1.0017017126083374,0.2,0.232177734375,-44.007158279418945,-0.03166140615940094,0.1155768632888794,1223.0,-2.2248002
1929,7680,15,3,224,-0.03193811225355603,0.0022836885873402935,0.0004092704424510632,0.02478879,1.0025995969772339,0.2,0.2540283203125,-44.04583156108856,-0.049057748168706894,0.011615574359893799,1223.0,-2.2154231666666666
1923,8192,16,4,240,-0.026625844067893922,0.045101040159352124,0.0004092704424510632,0.021527233,1.0007023811340332,0.2,0.2747802734375,-44.03147518634796,-0.01499573327600956,0.024502575397491455,1223.0,-2.2154231666666666
1917,8704,17,4,256,-0.02226025881827809,0.002456810001604026,0.0004092704424510632,0.018001793,0.9988672137260437,0.2,0.216064453125,-43.96703290939331,-0.022497138008475304,-0.8517309427261353,1223.0,-2.2140864285714286
1913,9216,18,4,272,-0.022261981539486442,0.04914343566633761,0.0004092704424510632,0.018916093,0.9981419444084167,0.2,0.207275390625,-43.92458927631378,-0.020084507763385773,0.08620589971542358,1223.0,-2.2140864285714286
1912,9728,19,5,288,-0.02160588453989476,0.0035446841902739834,0.0004092704424510632,0.013907746,0.9979514479637146,0.2,0.20703125,-43.910592675209045,-0.03312839940190315,0.2031092643737793,1223.0,-2.2140864285714286
1907,10240,20,5,304,-0.020303776902437676,0.00204757007304579,0.0004092704424510632,0.018202312,0.9984968900680542,0.2,0.2080078125,-43.918187499046326,-0.02433553896844387,0.03579455614089966,1223.0,-2.2198995
1904,10752,21,5,320,-0.02788033826800529,0.05937919614370912,0.0004092704424510632,0.023451373,0.9977219104766846,0.2,0.2645263671875,-43.91821026802063,-0.010452792048454285,0.024507641792297363,1223.0,-2.2198995
1902,11264,22,5,336,-0.02407494823273737,0.0065412480289523955,0.0004092704424510632,0.018672377,0.9965116381645203,0.2,0.2139892578125,-43.88033473491669,-0.026760950684547424,-1.7855560779571533,1223.0,-2.2132207777777775
1899,11776,23,6,352,-0.032662696874467656,0.06803412362933159,0.0004092704424510632,0.026824303,0.9984983801841736,0.2,0.2734375,-43.88453245162964,-0.01754702627658844,0.03874260187149048,1223.0,-2.2132207777777775
1897,12288,24,6,368,-0.028066415936336853,0.004670108071877621,0.0004092704424510632,0.015090536,0.9985712170600891,0.2,0.228759765625,-43.93010330200195,-0.04652472957968712,-0.9588589668273926,1223.0,-2.2234743
1897,12800,25,6,384,-0.02979630749905482,0.0648814020678401,0.0004092704424510632,0.02450627,0.9973910450935364,0.2,0.2781982421875,-43.90670931339264,-0.01675855740904808,0.06626671552658081,1223.0,-2.2234743
1896,13312,26,7,400,-0.028923567704623565,0.0052842019067611545,0.0004092704424510632,0.018161062,0.9983899593353271,0.2,0.2376708984375,-43.89177370071411,-0.03407206013798714,-0.04048788547515869,1223.0,-2.2234743
1894,13824,27,7,416,-0.01924758401582949,0.002732401917455718,0.0004092704424510632,0.014046697,0.9976335167884827,0.2,0.1456298828125,-43.91338860988617,-0.0256218072026968,-0.36370527744293213,1223.0,-2.2133179999999997
1893,14336,28,7,432,-0.03348904640006367,0.06430198205634952,0.0004092704424510632,0.030704048,0.9952216148376465,0.2,0.2657470703125,-43.85710692405701,-0.02886790968477726,0.05283713340759277,1223.0,-2.2133179999999997
1891,14848,29,7,448,-0.027165561768924817,0.006033153236785438,0.0004092704424510632,0.019682292,0.995173990726471,0.2,0.2213134765625,-43.81013011932373,-0.04223504662513733,-3.6308751106262207,1223.0,-2.2105677499999996
1890,15360,30,8,464,-0.032339338271413,0.05946659983601421,0.0004092704424510632,0.021254627,0.9953564405441284,0.2,0.278564453125,-43.81827223300934,-0.024731019511818886,0.06338703632354736,1223.0,-2.2105677499999996
1888,15872,31,8,480,-0.030380079842871055,0.006948030422790907,0.0004092704424510632,0.019707132,0.9950730800628662,0.2,0.2467041015625,-43.81611442565918,-0.044918060302734375,-0.5859043598175049,1223.0,-2.2105677499999996
1887,16384,32,8,496,-0.020476107703871094,0.004834420025872532,0.0004092704424510632,0.01423175,0.9944866299629211,0.2,0.1820068359375,-43.80544865131378,-0.02709556743502617,0.1709458827972412,1223.0,-2.2048986153846153
1887,16896,33,8,512,-0.032242089801002294,0.052478302270174026,0.0004092704424510632,0.030892732,0.9953801035881042,0.2,0.2816162109375,-43.80586349964142,-0.021161463111639023,0.08240514993667603,1223.0,-2.2048986153846153
1886,17408,34,9,528,-0.028737096799886785,0.004887328432232607,0.0004092704424510632,0.021144722,0.9967957735061646,0.2,0.2476806640625,-43.836175322532654,-0.031558360904455185,-2.5168538093566895,1223.0,-2.2167056428571428
1886,17920,35,9,544,-0.020627985650207847,0.07176981819793582,0.0004092704424510632,0.018948253,0.9954889416694641,0.2,0.2056884765625,-43.85037422180176,-0.0015536919236183167,0.05008268356323242,1223.0,-2.2167056428571428
1885,18432,36,9,560,-0.020877609800663777,0.005543519029743038,0.0004092704424510632,0.01782075,0.9936562180519104,0.2,0.1904296875,-43.7914479970932,-0.024954156950116158,-1.988929271697998,1223.0,-2.219241
1886,18944,37,10,576,-0.021182518830755726,0.08492383977863938,0.0004092704424510632,0.02687445,0.9927824139595032,0.2,0.239501953125,-43.75269973278046,0.0022929050028324127,0.08808141946792603,1223.0,-2.219241
1885,19456,38,10,592,-0.020998670806875452,0.004761030009831302,0.0004092704424510632,0.01395368,0.9942559003829956,0.2,0.1873779296875,-43.75459611415863,-0.026954103261232376,-0.4498072862625122,1223.0,-2.219241
1887,19968,39,10,608,-0.02305431352579035,0.002623302018037066,0.0004092704424510632,0.017957356,0.9947251677513123,0.2,0.223388671875,-43.79548227787018,-0.05103102698922157,-0.6534193754196167,1223.0,-2.2191323124999998
1887,20480,40,10,624,-0.020341774841654114,0.08286146854516119,0.0004092704424510632,0.019598138,0.9944807291030884,0.2,0.212646484375,-43.79676866531372,0.008586492389440536,0.05605614185333252,1223.0,-2.2191323124999998
1885,20992,41,11,640,-0.024767929775407538,0.013190978876082227,0.0004092704424510632,0.020400632,0.9936607480049133,0.2,0.2313232421875,-43.77932846546173,-0.025463156402111053,-5.116057395935059,1223.0,-2.220364823529412
1884,21504,42,11,656,-0.02139375970000401,0.09744694549590349,0.0004092704424510632,0.017732102,0.9932344555854797,0.2,0.2030029296875,-43.755672335624695,-0.0032765716314315796,0.04847586154937744,1223.0,-2.220364823529412
1881,22016,43,11,672,-0.032944972277618945,0.005615603338810615,0.0004092704424510632,0.023155022,0.9934296011924744,0.2,0.2667236328125,-43.75792157649994,-0.05108150094747543,-0.04223179817199707,1223.0,-2.216072944444444
1883,22528,44,11,688,-0.024095176966511644,0.12782174721360207,0.0004092704424510632,0.020365022,0.9935106635093689,0.2,0.2113037109375,-43.757956981658936,0.010580901056528091,0.08514797687530518,1223.0,-2.216072944444444
1884,23040,45,12,704,-0.028380021642078646,0.007872177797253244,0.0004092704424510632,0.01850038,0.9924175143241882,0.2,0.236083984375,-43.74651527404785,-0.03668984770774841,-0.3168759346008301,1223.0,-2.216072944444444
1882,23552,46,12,720,-0.02790514298249036,0.005019825934141409,0.0004092704424510632,0.021347027,0.9922650456428528,0.2,0.2587890625,-43.718186140060425,-0.035911478102207184,-0.6755740642547607,1223.0,-2.2157498947368417
1881,24064,47,12,736,-0.028732781822327524,0.10101649665739387,0.0004092704424510632,0.021430258,0.9923188090324402,0.2,0.222412109375,-43.72544586658478,-0.002497594803571701,0.04904812574386597,1223.0,-2.2157498947368417
1880,24576,48,13,752,-0.016919482426601462,0.015734993387013674,0.0004092704424510632,0.0106577985,0.9928523302078247,0.2,0.13134765625,-43.73345899581909,-0.017059721052646637,-2.010378360748291,1223.0,-2.2251564
1881,25088,49,13,768,-0.026232342366711237,0.10861453576944768,0.0004092704424510632,0.021242505,0.992543637752533,0.2,0.2078857421875,-43.73437690734863,-0.012304741889238358,0.0801052451133728,1223.0,-2.2251564
1882,25600,50,13,784,-0.0235286831157282,0.014408370392629877,0.0004092704424510632,0.018263532,0.9914653301239014,0.2,0.1859130859375,-43.71876680850983,-0.028857296332716942,-0.7388250827789307,1223.0,-2.2251564
1882,26112,51,13,800,-0.027940472617046908,0.013628506480017677,0.0004092704424510632,0.01684028,0.9889779686927795,0.2,0.2281494140625,-43.661590933799744,-0.03543570637702942,-2.181117534637451,1223.0,-2.2188499999999998
1882,26624,52,14,816,-0.027169126202352345,0.10500260209664702,0.0004092704424510632,0.020329293,0.9891555905342102,0.2,0.2325439453125,-43.605332374572754,0.004824187606573105,0.11849558353424072,1223.0,-2.2188499999999998
1882,27136,53,14,832,-0.0246303132007597,0.005507538029632997,0.0004092704424510632,0.016835578,0.9890288710594177,0.2,0.1959228515625,-43.62116503715515,-0.033768363296985626,-3.851717472076416,1223.0,-2.2211452727272727
1883,27648,54,14,848,-0.02645969712466467,0.09052773530129343,0.0004092704424510632,0.023133542,0.987749457359314,0.2,0.2022705078125,-43.59359312057495,-0.0054892972111701965,0.06380099058151245,1223.0,-2.2211452727272727
1884,28160,55,14,864,-0.01900774854584597,0.015206375872367062,0.0004092704424510632,0.015792063,0.9870381951332092,0.2,0.1470947265625,-43.55601751804352,-0.025434408336877823,-2.1122262477874756,1223.0,-2.213270260869565
1884,28672,56,15,880,-0.02161289747164119,0.12054983340203762,0.0004092704424510632,0.020243844,0.985835611820221,0.2,0.173828125,-43.527909994125366,0.01601576805114746,0.3873869776725769,1223.0,-2.213270260869565
1884,29184,57,15,896,-0.03302351832098793,0.007803121523465961,0.0004092704424510632,0.020872056,0.9841046929359436,0.2,0.2752685546875,-43.48399519920349,-0.04154358059167862,-0.3776665925979614,1223.0,-2.213270260869565
1884,29696,58,15,912,-0.02520146587630734,0.0025593513091735076,0.0004092704424510632,0.019497246,0.9828839898109436,0.2,0.2406005859375,-43.43097376823425,-0.04836956411600113,0.013020038604736328,1223.0,-2.2062202916666664
1886,30208,59,16,928,-0.02490962465526536,0.1187952293548733,0.0004092704424510632,0.023064878,0.9836901426315308,0.2,0.238037109375,-43.42154836654663,0.017066847532987595,0.05295002460479736,1223.0,-2.2062202916666664
1886,30720,60,16,944,-0.018242755002574995,0.008474539543385617,0.0004092704424510632,0.014500929,0.9841278791427612,0.2,0.15771484375,-43.44459092617035,-0.023703664541244507,-2.9897074699401855,1223.0,-2.2018624
1886,31232,61,16,960,-0.024345398909645155,0.12093896558508277,0.0004092704424510632,0.02257476,0.9847623705863953,0.2,0.24853515625,-43.462276458740234,0.02258133701980114,0.06660622358322144,1223.0,-2.2018624
1886,31744,62,16,976,-0.01842884367215447,0.026222779182717204,0.0004092704424510632,0.013368549,0.9821935892105103,0.2,0.1666259765625,-43.439560532569885,-0.020258113741874695,-0.1428159475326538,1223.0,-2.2018624
1886,32256,63,17,992,-0.028507846989668906,0.01961603871313855,0.0004092704424510632,0.017975401,0.9822985529899597,0.2,0.278076171875,-43.383073925971985,-0.03146602213382721,-0.4475489854812622,1223.0,-2.199789730769231
1888,32768,64,17,1008,-0.027232634311076254,0.11220342852175236,0.0004092704424510632,0.02989003,0.981586217880249,0.2,0.2872314453125,-43.38891351222992,-0.006020732223987579,0.24486815929412842,1223.0,-2.199789730769231
1888,33280,65,17,1024,-0.02998132538050413,0.009647733677411452,0.0004092704424510632,0.019724533,0.9838767647743225,0.2,0.2576904296875,-43.39216661453247,-0.04062489792704582,-2.7804431915283203,1223.0,-2.190303851851852
1887,33792,66,17,1040,-0.02581577081582509,0.1124258004128933,0.0004092704424510632,0.0223018,0.9842166304588318,0.2,0.2679443359375,-43.458070158958435,-0.011348001658916473,0.060011982917785645,1223.0,-2.190303851851852
1887,34304,67,18,1056,-0.02785677049541846,0.030879467085469514,0.0004092704424510632,0.019432532,0.983705461025238,0.2,0.25146484375,-43.44273138046265,-0.030946705490350723,-1.378803014755249,1223.0,-2.183395285714286
1887,34816,68,18,1072,-0.02037497532000998,0.13546728598885238,0.0004092704424510632,0.015009459,0.9855310916900635,0.2,0.172119140625,-43.453826785087585,0.02534230798482895,0.47939467430114746,1223.0,-2.183395285714286
1888,35328,69,18,1088,-0.027889100594620686,0.006112084985943511,0.0004092704424510632,0.021367565,0.9855233430862427,0.2,0.249267578125,-43.494439482688904,-0.0322645828127861,-0.9032385349273682,1223.0,-2.183395285714286
1887,35840,70,18,1104,-0.02477508691663388,0.003140668781270506,0.0004092704424510632,0.018073447,0.9841989278793335,0.2,0.2193603515625,-43.47183573246002,-0.030069855973124504,-0.47569143772125244,1223.0,-2.183421827586207
1886,36352,71,19,1120,-0.02031848399201408,0.11145387159194797,0.0004092704424510632,0.016492192,0.9826653599739075,0.2,0.2001953125,-43.42254960536957,0.009988568723201752,0.07623010873794556,1223.0,-2.183421827586207
1886,36864,72,19,1136,-0.03090850988519378,0.013952425724710338,0.0004092704424510632,0.022670474,0.9837191700935364,0.2,0.2535400390625,-43.40449786186218,-0.05599290505051613,-3.734227180480957,1223.0,-2.1830457
1887,37376,73,19,1152,-0.027602606831351295,0.118376036407426,0.0004092704424510632,0.023158792,0.9847347736358643,0.2,0.2509765625,-43.45562434196472,0.0031118467450141907,0.0617063045501709,1223.0,-2.1830457
1888,37888,74,20,1168,-0.026787656257511117,0.016104263748275116,0.0004092704424510632,0.020572776,0.9840158224105835,0.2,0.223388671875,-43.463470101356506,-0.04650219902396202,-0.6770323514938354,1223.0,-2.1830457
1888,38400,75,20,1184,-0.026580769364954904,0.017176083638332784,0.0004092704424510632,0.017889958,0.9825097918510437,0.2,0.23828125,-43.42167866230011,-0.024091962724924088,0.48394930362701416,1223.0,-2.1781552580645163
1889,38912,76,20,1200,-0.026876466145040467,0.08151079015806317,0.0004092704424510632,0.04215384,0.9815127849578857,0.2,0.283935546875,-43.38151168823242,-0.008753802627325058,0.37391310930252075,1223.0,-2.1781552580645163
1888,39424,77,20,1216,-0.030369215819519013,0.025313367106718943,0.0004092704424510632,0.019351894,0.981941819190979,0.2,0.259033203125,-43.37167978286743,-0.03909459710121155,-2.1566531658172607,1223.0,-2.1833811875
1889,39936,78,21,1232,-0.018015995403402485,0.14367380924522877,0.0004092704424510632,0.0167141,0.9815570116043091,0.2,0.1754150390625,-43.37729632854462,0.027966994792222977,0.08313953876495361,1223.0,-2.1833811875
1890,40448,79,21,1248,-0.02226196540868841,0.011849962553242221,0.0004092704424510632,0.025919823,0.9798124432563782,0.2,0.2235107421875,-43.34575116634369,-0.02516099065542221,-1.5128612518310547,1223.0,-2.1811906363636364
1891,40960,80,21,1264,-0.020127793861320242,0.14995287940837443,0.0004092704424510632,0.018192863,0.9787573218345642,0.2,0.1595458984375,-43.289052963256836,0.01210855320096016,0.16821175813674927,1223.0,-2.1811906363636364
1891,41472,81,21,1280,-0.02480895227199653,0.006149468041257933,0.0004092704424510632,0.021601042,0.9802254438400269,0.2,0.2413330078125,-43.292230010032654,-0.022264519706368446,-1.650109052658081,1223.0,-2.1811906363636364
1891,41984,82,22,1296,-0.0339088813343551,0.0026112083869520575,0.0004092704424510632,0.02483894,0.9817390441894531,0.2,0.273681640625,-43.35076820850372,-0.045550450682640076,-0.12752509117126465,1223.0,-2.1816286764705883
1892,42496,83,22,1312,-0.0192008602025453,0.18844741978682578,0.0004092704424510632,0.015754636,0.9827806353569031,0.2,0.1695556640625,-43.38616967201233,0.008149877190589905,0.0815284252166748,1223.0,-2.1816286764705883
1893,43008,84,22,1328,-0.0268921940587461,0.027741898084059358,0.0004092704424510632,0.0205669,0.9851398468017578,0.2,0.2391357421875,-43.43296194076538,-0.025778891518712044,-5.100711822509766,1223.0,-2.1822268285714284
1892,43520,85,22,1344,-0.02252605461399071,0.2660192744806409,0.0004092704424510632,0.021563876,0.9851428270339966,0.2,0.219482421875,-43.48501193523407,0.06156026944518089,0.07062649726867676,1223.0,-2.1822268285714284
1892,44032,86,23,1360,-0.02311610670585651,0.02189159975387156,0.0004092704424510632,0.017195102,0.9847575426101685,0.2,0.2178955078125,-43.46623504161835,-0.021115131676197052,-0.3508942127227783,1223.0,-2.1845825555555556
1892,44544,87,23,1376,-0.023844689305406064,0.2059009785298258,0.0004092704424510632,0.021050755,0.9840508699417114,0.2,0.2625732421875,-43.45523166656494,0.027055200189352036,0.37216097116470337,1223.0,-2.1845825555555556
1893,45056,88,23,1392,-0.022756491884138086,0.011872271410538815,0.0004092704424510632,0.021082604,0.9842724800109863,0.2,0.214599609375,-43.440633893013,-0.03278372809290886,-0.9558218717575073,1223.0,-2.1845825555555556
1894,45568,89,24,1408,-0.027837920599267818,0.0036310664436314255,0.0004092704424510632,0.021196134,0.9842079877853394,0.2,0.251220703125,-43.44397151470184,-0.03760598599910736,-0.3099299669265747,1223.0,-2.185720189189189
1894,46080,90,24,1424,-0.01659558255050797,0.188955093966797,0.0004092704424510632,0.016446754,0.9838589429855347,0.2,0.171630859375,-43.438961029052734,0.015110861510038376,0.07610511779785156,1223.0,-2.185720189189189
1893,46592,91,24,1440,-0.030601458172895946,0.030259408958954737,0.0004092704424510632,0.032262575,0.9837592244148254,0.2,0.2744140625,-43.42642605304718,-0.03809138759970665,-3.029850959777832,1223.0,-2.1849438157894734
1893,47104,92,24,1456,-0.02733345025626477,0.15186376310884953,0.0004092704424510632,0.021662459,0.9834664463996887,0.2,0.2271728515625,-43.42299163341522,0.020524896681308746,0.06928414106369019,1223.0,-2.1849438157894734
1894,47616,93,25,1472,-0.027433942726929672,0.031219492782838643,0.0004092704424510632,0.01686424,0.9833074808120728,0.2,0.2418212890625,-43.41339409351349,-0.028196103870868683,-0.3180643320083618,1223.0,-2.1849438157894734
1894,48128,94,25,1488,-0.023080571001628414,0.005139826906088274,0.0004092704424510632,0.014899353,0.9821793437004089,0.2,0.218505859375,-43.40480351448059,-0.032108552753925323,-1.2293519973754883,1223.0,-2.1858348717948717
1894,48640,95,25,1504,-0.018980196939082816,0.12641942827031016,0.0004092704424510632,0.014759649,0.9805237650871277,0.2,0.1180419921875,-43.35312843322754,0.007252605631947517,0.12708818912506104,1223.0,-2.1858348717948717
1894,49152,96,25,1520,-0.02070468558667926,0.020184015622362494,0.0004092704424510632,0.016690914,0.9813781380653381,0.2,0.218017578125,-43.328590512275696,-0.022325310856103897,-4.393380641937256,1223.0,-2.186199775
1894,49664,97,26,1536,-0.025128886860329658,0.1767617566511035,0.0004092704424510632,0.023342326,0.981302797794342,0.2,0.31298828125,-43.35410785675049,0.03989876061677933,0.06444406509399414,1223.0,-2.186199775
1895,50176,98,26,1552,-0.020272408917662688,0.03188742132624611,0.0004092704424510632,0.0129048405,0.9810305833816528,0.2,0.1649169921875,-43.34515869617462,-0.030536625534296036,-1.8264389038085938,1223.0,-2.1864304878048784
1895,50688,99,26,1568,-0.01877553726080805,0.13640188658609986,0.0004092704424510632,0.019158708,0.9807547926902771,0.2,0.1575927734375,-43.33728098869324,0.023834288120269775,0.21563756465911865,1223.0,-2.1864304878048784
1895,51200,100,27,1584,-0.020643124473281205,0.009861210506642237,0.0004092704424510632,0.015096322,0.9796503186225891,0.2,0.1851806640625,-43.31866180896759,-0.026505006477236748,-1.0820317268371582,1223.0,-2.1864304878048784
1895,51712,101,27,1600,-0.02361384147661738,0.003418923464778345,0.0004092704424510632,0.015729472,0.9776230454444885,0.2,0.21484375,-43.262895345687866,-0.03339561074972153,-0.16387557983398438,1223.0,-2.1870299761904763
1895,52224,102,27,1616,-0.02193888879264705,0.1487477475311607,0.0004092704424510632,0.01908697,0.9776867032051086,0.2,0.167236328125,-43.226141571998596,0.004046328365802765,0.12541943788528442,1223.0,-2.1870299761904763
1896,52736,103,27,1632,-0.024426670104730874,0.020185463945381343,0.0004092704424510632,0.019881587,0.9770843386650085,0.2,0.252685546875,-43.22718274593353,-0.026200927793979645,-2.8836991786956787,1223.0,-2.184328023255814
1896,53248,104,28,1648,-0.02608996393973939,0.16957382671535015,0.0004092704424510632,0.02262441,0.9776419401168823,0.2,0.25439453125,-43.217971324920654,0.02099527418613434,0.1148531436920166,1223.0,-2.184328023255814
1896,53760,105,28,1664,-0.029651322387508117,0.03176949673797935,0.0004092704424510632,0.019423943,0.9792839288711548,0.2,0.2542724609375,-43.25161111354828,-0.03407011181116104,0.28969043493270874,1223.0,-2.184328023255814
1896,54272,106,28,1680,-0.02794226941477973,0.021732463676016778,0.0004092704424510632,0.022958348,0.9808779954910278,0.2,0.2437744140625,-43.30125379562378,-0.042540743947029114,-0.6696964502334595,1223.0,-2.1814585
1896,54784,107,28,1696,-0.023486631296691485,0.09322414919734001,0.0004092704424510632,0.027086642,0.9813857674598694,0.2,0.185791015625,-43.34091675281525,-0.015160564333200455,0.2936475872993469,1223.0,-2.1814585
1897,55296,108,29,1712,-0.02081827717483975,0.03595507511636242,0.0004092704424510632,0.016116383,0.9816152453422546,0.2,0.1749267578125,-43.347867250442505,-0.022208722308278084,-4.174797058105469,1223.0,-2.1809567555555556
1897,55808,109,29,1728,-0.01930339663522318,0.1523521349299699,0.0004092704424510632,0.015834358,0.9814561009407043,0.2,0.201904296875,-43.35096621513367,0.017968986183404922,0.11531579494476318,1223.0,-2.1809567555555556
1896,56320,110,29,1744,-0.028827942995121703,0.010495994574739598,0.0004092704424510632,0.022194764,0.9820244908332825,0.2,0.2535400390625,-43.34914016723633,-0.037227779626846313,-0.6740264892578125,1223.0,-2.1792963478260874
1894,56832,111,29,1760,-0.01881054852856323,0.1485839115921408,0.0004092704424510632,0.017074533,0.9823976755142212,0.2,0.1416015625,-43.36922991275787,0.03806439787149429,0.3126739263534546,1223.0,-2.1792963478260874
1893,57344,112,30,1776,-0.01838264483376406,0.007474971076590009,0.0004092704424510632,0.012333419,0.9823647141456604,0.2,0.16943359375,-43.37363839149475,-0.03236649930477142,-1.3198647499084473,1223.0,-2.1792963478260874
1893,57856,113,30,1792,-0.02442288516613189,0.0031501046614721417,0.0004092704424510632,0.01552386,0.9811615347862244,0.2,0.22021484375,-43.35684359073639,-0.028371628373861313,-0.35959672927856445,1223.0,-2.1783399361702127
1892,58368,114,30,1808,-0.01734883066092152,0.16762305900920182,0.0004092704424510632,0.013961336,0.9808571934700012,0.2,0.1514892578125,-43.32523238658905,0.005250923335552216,0.10235506296157837,1223.0,-2.1783399361702127
1891,58880,115,31,1824,-0.022656224289676175,0.018066460586851463,0.0004092704424510632,0.019677151,0.9798623323440552,0.2,0.225341796875,-43.307804226875305,-0.022515712305903435,-3.459967613220215,1223.0,-2.1788975833333333
1889,59392,116,31,1840,-0.014841020398307592,0.18928069609683007,0.0004092704424510632,0.016193718,0.9794261455535889,0.2,0.114013671875,-43.28337836265564,0.011749690398573875,0.09807777404785156,1223.0,-2.1788975833333333
1888,59904,117,31,1856,-0.024324500554939732,0.013141939707566053,0.0004092704424510632,0.014163574,0.9789953827857971,0.2,0.2210693359375,-43.26968789100647,-0.025887226685881615,-0.6694505214691162,1223.0,-2.1788975833333333
1884,60416,118,32,1872,-0.03198694111779332,0.02333964657736942,0.0004092704424510632,0.03061448,0.9787694811820984,0.2,0.2728271484375,-43.25519347190857,-0.015968378633260727,0.5255916714668274,1223.0,-2.1761560408163265
1881,60928,119,32,1888,-0.023344223693129607,0.08727108431048691,0.0004092704424510632,0.025396131,0.9778449535369873,0.2,0.2421875,-43.242427706718445,-0.005655178800225258,0.4256253242492676,1223.0,-2.1761560408163265
1878,61440,120,32,1904,-0.018088303855620325,0.03946562192868441,0.0004092704424510632,0.016987529,0.9789890646934509,0.2,0.168701171875,-43.23540115356445,-0.018874850124120712,-3.114320755004883,1223.0,-2.1766025
1875,61952,121,33,1920,-0.023385350359603763,0.219845311017707,0.0004092704424510632,0.026362674,0.9788416028022766,0.2,0.1768798828125,-43.26418495178223,0.005500536412000656,0.1682690978050232,1223.0,-2.1766025
1872,62464,122,33,1936,-0.021879575680941343,0.0374496276199352,0.0004092704424510632,0.020998348,0.9795779585838318,0.2,0.20849609375,-43.26161706447601,-0.03405647724866867,-1.9087681770324707,1223.0,-2.178851529411765
1869,62976,123,33,1952,-0.01581930798420217,0.15768910013139248,0.0004092704424510632,0.014998946,0.9792512655258179,0.2,0.131591796875,-43.2807891368866,0.04247961938381195,0.2677033543586731,1223.0,-2.178851529411765
1866,63488,124,34,1968,-0.023978680692380294,0.008319949120050296,0.0004092704424510632,0.023425788,0.9781639575958252,0.2,0.2340087890625,-43.25152266025543,-0.016811911016702652,-1.2600407600402832,1223.0,-2.178851529411765
1864,64000,125,34,1984,-0.029348022217163816,0.002480145216395613,0.0004092704424510632,0.021733064,0.9758625030517578,0.2,0.26123046875,-43.20726490020752,-0.04843535274267197,-0.37640416622161865,1223.0,-2.1770598653846154
1861,64512,126,34,2000,-0.0212355469702743,0.15792678156867623,0.0004092704424510632,0.019649852,0.974958062171936,0.2,0.2095947265625,-43.143099665641785,-0.0031381994485855103,0.1052168607711792,1223.0,-2.1770598653846154
1858,65024,127,34,2016,-0.026186391143710352,0.019789063779171556,0.0004092704424510632,0.0188739,0.9743529558181763,0.2,0.24951171875,-43.128082275390625,-0.0278216190636158,-3.681428909301758,1223.0,-2.174719283018868
1856,65536,128,35,2032,-0.019180574294296093,0.14230789267458022,0.0004092704424510632,0.019816061,0.974485456943512,0.2,0.1998291015625,-43.117802143096924,0.017324130982160568,0.07833296060562134,1223.0,-2.174719283018868
1854,66048,129,35,2048,-0.022114298117230646,0.013182834081817418,0.0004092704424510632,0.01516146,0.9755152463912964,0.2,0.22900390625,-43.13060188293457,-0.026262884959578514,-1.1418375968933105,1223.0,-2.1734465370370373
1851,66560,130,35,2064,-0.0193183324590791,0.14092060341499746,0.0004092704424510632,0.018946271,0.9748679399490356,0.2,0.16015625,-43.145251631736755,0.03398702293634415,0.41931402683258057,1223.0,-2.1734465370370373
1849,67072,131,36,2080,-0.03166227175097447,0.0063324892544187605,0.0004092704424510632,0.019918334,0.9729205965995789,0.2,0.2784423828125,-43.10093832015991,-0.02875034138560295,-1.4792978763580322,1223.0,-2.1734465370370373
1847,67584,132,36,2096,-0.02782778610708192,0.002347915698919678,0.0004092704424510632,0.016212229,0.9738744497299194,0.2,0.2371826171875,-43.07128357887268,-0.03290598466992378,-0.11079442501068115,1223.0,-2.1721802363636367
1845,68096,133,36,2112,-0.022699027496855706,0.14698884158860892,0.0004092704424510632,0.020003106,0.9749718308448792,0.2,0.1741943359375,-43.11301672458649,0.02446245774626732,0.13565415143966675,1223.0,-2.1721802363636367
1843,68608,134,37,2128,-0.02677156870777253,0.011738280794816092,0.0004092704424510632,0.022207972,0.9749873876571655,0.2,0.241943359375,-43.1266987323761,-0.031498510390520096,-2.8195223808288574,1223.0,-2.1705799642857144
1841,69120,135,37,2144,-0.018908841389929876,0.19332298869267106,0.0004092704424510632,0.019861735,0.9753558039665222,0.2,0.1614990234375,-43.127607345581055,0.004566352814435959,0.1253923773765564,1223.0,-2.1705799642857144
1838,69632,136,37,2160,-0.03070690293679945,0.012945372931426391,0.0004092704424510632,0.026817909,0.9714558720588684,0.2,0.287353515625,-43.081591963768005,-0.04362008720636368,-0.09885215759277344,1223.0,-2.1705799642857144
1836,70144,137,38,2176,-0.021220015885774046,0.005782572508906014,0.0004092704424510632,0.014385794,0.9728224277496338,0.2,0.2174072265625,-43.009705781936646,-0.01981976069509983,-1.2356152534484863,1223.0,-2.1699623333333333
1834,70656,138,38,2192,-0.021666809858288616,0.1754665260668844,0.0004092704424510632,0.01901158,0.9730543494224548,0.2,0.1409912109375,-43.05838346481323,0.005999717861413956,0.13180691003799438,1223.0,-2.1699623333333333
1832,71168,139,38,2208,-0.02187445416348055,0.036337291239760816,0.0004092704424510632,0.015343871,0.9721048474311829,0.2,0.207763671875,-43.03469467163086,-0.012617605738341808,-2.889329195022583,1223.0,-2.1694475862068967
1830,71680,140,39,2224,-0.025247785437386483,0.2067422743421048,0.0004092704424510632,0.020385746,0.9714349508285522,0.2,0.216796875,-43.00134038925171,0.012370612472295761,0.14628326892852783,1223.0,-2.1694475862068967
1828,72192,141,39,2240,-0.03208698035450652,0.014887033816194162,0.0004092704424510632,0.02265426,0.9734001159667969,0.2,0.2913818359375,-43.0132212638855,-0.041633956134319305,-1.7722985744476318,1223.0,-2.1687066440677967
1825,72704,142,39,2256,-0.01466608079499565,0.1903989112470299,0.0004092704424510632,0.019636227,0.9734057188034058,0.2,0.15673828125,-43.064562916755676,0.05926032364368439,0.25020772218704224,1223.0,-2.1687066440677967
1823,73216,143,40,2272,-0.027450055174995214,0.015722170675871894,0.0004092704424510632,0.015867129,0.9739933609962463,0.2,0.2554931640625,-43.060731410980225,-0.03296644985675812,-0.6138980388641357,1223.0,-2.1687066440677967
1821,73728,144,40,2288,-0.029492877540178597,0.002738788622082211,0.0004092704424510632,0.018567417,0.9740394353866577,0.2,0.25146484375,-43.07904756069183,-0.04201753810048103,-0.574842095375061,1223.0,-2.1660337666666667
1818,74240,145,40,2304,-0.014996114143286832,0.22456849203445017,0.0004092704424510632,0.013219634,0.97381991147995,0.2,0.1226806640625,-43.06992495059967,0.0574202835559845,0.12420076131820679,1223.0,-2.1660337666666667
1816,74752,146,41,2320,-0.023975173593498766,0.06905708811245859,0.0004092704424510632,0.023227945,0.9726319313049316,0.2,0.219970703125,-43.057162046432495,-0.017204323783516884,-2.856515407562256,1223.0,-2.164856918032787
1814,75264,147,41,2336,-0.02101122676685918,0.20416693901643157,0.0004092704424510632,0.019653909,0.9715065360069275,0.2,0.165283203125,-43.01579022407532,0.04626986384391785,0.36312323808670044,1223.0,-2.164856918032787
4197,75776,1,0,2352,-0.03097416416858323,0.027773150242865086,0.0004092704424510632,0.022678459,0.9710906744003296,0.2,0.2794189453125,-42.994725465774536,-0.03488769754767418,0.3970680832862854,1223.0,-2.164856918032787
2372,76288,2,0,2368,-0.02973883633967489,0.054441261920146644,0.0004092704424510632,0.028969392,0.9705802202224731,0.2,0.2979736328125,-42.979204297065735,-0.004937350749969482,0.06875616312026978,1223.0,-2.1662393870967747
2028,76800,3,0,2384,-0.016621320421108976,0.09631113475188613,0.0004092704424510632,0.022934627,0.9689893126487732,0.2,0.1798095703125,-42.94528031349182,0.006833795458078384,0.6127461194992065,1223.0,-2.1662393870967747
1888,77312,4,1,2400,-0.027056636434281245,0.021176098292926326,0.0004092704424510632,0.019838203,0.9687884449958801,0.2,0.2547607421875,-42.91371726989746,-0.025157857686281204,-2.574531078338623,1223.0,-2.1650406190476197
1817,77824,5,1,2416,-0.022452765915659256,0.17155925545375794,0.0004092704424510632,0.017633036,0.9681113362312317,0.2,0.184326171875,-42.90323519706726,0.000659748911857605,0.11547142267227173,1223.0,-2.1650406190476197
1773,78336,6,1,2432,-0.025494500645436347,0.016771651396993548,0.0004092704424510632,0.015904982,0.9666445255279541,0.2,0.223388671875,-42.866695165634155,-0.03245486319065094,-1.5580124855041504,1223.0,-2.166679375
1744,78848,7,2,2448,-0.019849698248435743,0.160334724932909,0.0004092704424510632,0.016347941,0.9664537906646729,0.2,0.15478515625,-42.835102796554565,0.004525516182184219,0.23616600036621094,1223.0,-2.166679375
1721,79360,8,2,2464,-0.02337469399208203,0.008047970724874176,0.0004092704424510632,0.016763052,0.9662811756134033,0.2,0.2454833984375,-42.833640336990356,-0.022078413516283035,-0.6975674629211426,1223.0,-2.166679375
1708,79872,9,2,2480,-0.021500220231246203,0.003740719133929815,0.0004092704424510632,0.015831582,0.9662184119224548,0.2,0.2037353515625,-42.82367825508118,-0.037591781467199326,-0.3764519691467285,1223.0,-2.1668936153846157
1698,80384,10,3,2496,-0.02851326175732538,0.17235873162280768,0.0004092704424510632,0.020416088,0.9664145112037659,0.2,0.1729736328125,-42.82858943939209,-0.006247673183679581,0.15095365047454834,1223.0,-2.1668936153846157
1687,80896,11,3,2512,-0.024969275487819687,0.022087746066972613,0.0004092704424510632,0.015561692,0.9665078520774841,0.2,0.2322998046875,-42.82737731933594,-0.03531694784760475,-3.4188947677612305,1223.0,-2.167666893939394
1680,81408,12,3,2528,-0.024084842152660713,0.22009241580963135,0.0004092704424510632,0.024513017,0.9666282534599304,0.2,0.264892578125,-42.8313273191452,0.03145337849855423,0.06452775001525879,1223.0,-2.167666893939394
1674,81920,13,3,2544,-0.020628940179449273,0.023994665767531842,0.0004092704424510632,0.0131642185,0.9663218259811401,0.2,0.225830078125,-42.826231837272644,-0.01882207579910755,-0.5113750696182251,1223.0,-2.167666893939394
1669,82432,14,4,2560,-0.033626808479311876,0.055431416374631226,0.0004092704424510632,0.024063211,0.9640167355537415,0.2,0.2784423828125,-42.788269996643066,-0.012068774551153183,0.5833661556243896,1223.0,-2.1649370149253735
1666,82944,15,4,2576,-0.023332088509050664,0.07700917834881693,0.0004092704424510632,0.0317532,0.9629687070846558,0.2,0.2626953125,-42.72154343128204,-0.016226375475525856,0.5886400938034058,1223.0,-2.1649370149253735
1662,83456,16,4,2592,-0.025958470825571567,0.03224061441142112,0.0004092704424510632,0.021700326,0.9636327624320984,0.2,0.2554931640625,-42.710649490356445,-0.00998353399336338,-3.0715160369873047,1223.0,-2.163358176470589
1658,83968,17,5,2608,-0.014218529628124088,0.17585321119986475,0.0004092704424510632,0.016247973,0.9638906717300415,0.2,0.104736328125,-42.73467576503754,0.004687037318944931,0.20616167783737183,1223.0,-2.163358176470589
1654,84480,18,5,2624,-0.030278670790721662,0.015239964879583567,0.0004092704424510632,0.021613233,0.9647848010063171,0.2,0.2607421875,-42.74502396583557,-0.026600925251841545,-1.4798262119293213,1223.0,-2.1626890434782613
1652,84992,19,5,2640,-0.020424948364961892,0.18443097220733762,0.0004092704424510632,0.023059405,0.9655084013938904,0.2,0.1656494140625,-42.773773550987244,0.02437150850892067,0.28426188230514526,1223.0,-2.1626890434782613
1651,85504,20,6,2656,-0.02944719055085443,0.035565992642659694,0.0004092704424510632,0.020664964,0.9670325517654419,0.2,0.2799072265625,-42.80811035633087,-0.0113888680934906,-0.12590062618255615,1223.0,-2.1626890434782613
1650,86016,21,6,2672,-0.0245529741368955,0.006940034538274631,0.0004092704424510632,0.01756588,0.9637987613677979,0.2,0.2353515625,-42.80869698524475,-0.0352715402841568,-0.5570818185806274,1223.0,-2.162271871428572
1648,86528,22,6,2688,-0.016302079806337133,0.1942520821467042,0.0004092704424510632,0.014364426,0.9625266790390015,0.2,0.177490234375,-42.70779085159302,0.01721268706023693,0.10128939151763916,1223.0,-2.162271871428572
1646,87040,23,7,2704,-0.024345545447431505,0.03235002810833976,0.0004092704424510632,0.023384966,0.9637264013290405,0.2,0.228515625,-42.71510112285614,-0.03334861993789673,-2.821718692779541,1223.0,-2.1616863239436626
1643,87552,24,7,2720,-0.014010766622959636,0.22354745399206877,0.0004092704424510632,0.014031132,0.9644958972930908,0.2,0.23095703125,-42.75736057758331,0.03040909580886364,0.054666996002197266,1223.0,-2.1616863239436626
1641,88064,25,7,2736,-0.021010549971833825,0.02044144200044684,0.0004092704424510632,0.018188402,0.9659205675125122,0.2,0.222412109375,-42.784096479415894,-0.026439951732754707,-0.8097389936447144,1223.0,-2.162082236111111
1638,88576,26,8,2752,-0.016271937580313534,0.19954876834526658,0.0004092704424510632,0.014982136,0.9662430882453918,0.2,0.129150390625,-42.82353186607361,0.040238190442323685,0.5492221117019653,1223.0,-2.162082236111111
1633,89088,27,8,2768,-0.02364331082208082,0.005494630015164148,0.0004092704424510632,0.015404191,0.9665462374687195,0.2,0.2291259765625,-42.82485330104828,-0.02694566547870636,-1.9638404846191406,1223.0,-2.162082236111111
1631,89600,28,8,2784,-0.028633891721256077,0.003496992889267858,0.0004092704424510632,0.01954987,0.9669594764709473,0.2,0.28076171875,-42.83551299571991,-0.036084990948438644,-0.10230827331542969,1223.0,-2.1614317808219177
1629,90112,29,9,2800,-0.020194889551930828,0.19340584322344512,0.0004092704424510632,0.017002378,0.9668368101119995,0.2,0.1712646484375,-42.84386217594147,0.013129204511642456,0.13457834720611572,1223.0,-2.1614317808219177
1628,90624,30,9,2816,-0.025842961345915683,0.027241467672865838,0.0004092704424510632,0.020460796,0.9673740267753601,0.2,0.2611083984375,-42.839083552360535,-0.020006271079182625,-2.7451260089874268,1223.0,-2.158987054054054
1625,91136,31,9,2832,-0.017925664578797296,0.21015189425088465,0.0004092704424510632,0.014662618,0.9679390788078308,0.2,0.1134033203125,-42.864129304885864,0.003992602229118347,0.11942088603973389,1223.0,-2.158987054054054
1622,91648,32,10,2848,-0.027654726054606726,0.019914307165890932,0.0004092704424510632,0.018192817,0.9688800573348999,0.2,0.2403564453125,-42.878573536872864,-0.036913879215717316,0.053521692752838135,1223.0,-2.158987054054054
1620,92160,33,10,2864,-0.030265955167124048,0.01660688442643732,0.0004092704424510632,0.02686434,0.969496488571167,0.2,0.309326171875,-42.90626120567322,-0.03724237158894539,-1.3869309425354004,1223.0,-2.1580201066666667
1619,92672,34,10,2880,-0.020555574563331902,0.1927065383642912,0.0004092704424510632,0.016744457,0.969377338886261,0.2,0.1409912109375,-42.91398894786835,0.010203979909420013,0.1679924726486206,1223.0,-2.1580201066666667
1617,93184,35,11,2896,-0.026231670461129397,0.04938122315797955,0.0004092704424510632,0.019211221,0.970696210861206,0.2,0.2349853515625,-42.92515826225281,-0.014334071427583694,-2.66902232170105,1223.0,-2.1582075789473683
1616,93696,36,11,2912,-0.018136595215764828,0.15928505500778556,0.0004092704424510632,0.020755503,0.9705681800842285,0.2,0.1319580078125,-42.95563852787018,0.006836898624897003,0.1930670142173767,1223.0,-2.1582075789473683
1614,94208,37,11,2928,-0.03252779597823974,0.016107317147543654,0.0004092704424510632,0.02570964,0.9693310260772705,0.2,0.298095703125,-42.929025173187256,-0.04420561343431473,-1.372206449508667,1223.0,-2.1566634155844158
1610,94720,38,12,2944,-0.014944320835638791,0.1776402483228594,0.0004092704424510632,0.014285851,0.9687113761901855,0.2,0.0933837890625,-42.892202973365784,0.04031958431005478,0.43594998121261597,1223.0,-2.1566634155844158
1609,95232,39,12,2960,-0.02733226295094937,0.010511134256375954,0.0004092704424510632,0.017217766,0.9687927961349487,0.2,0.2421875,-42.88079917430878,-0.02771926112473011,-0.5540077686309814,1223.0,-2.1566634155844158
1609,95744,40,12,2976,-0.02521546282514464,0.002624129549076315,0.0004092704424510632,0.024168346,0.9698401093482971,0.2,0.2445068359375,-42.88978719711304,-0.01795266382396221,-0.6044038534164429,1223.0,-2.1554871282051282
1608,96256,41,13,2992,-0.017748881931765936,0.18368089641444385,0.0004092704424510632,0.016186815,0.9700259566307068,0.2,0.13671875,-42.917922139167786,0.03144017979502678,0.1524137258529663,1223.0,-2.1554871282051282
1610,96768,42,13,3008,-0.027197679606615566,0.06173426134046167,0.0004092704424510632,0.02679713,0.9679263830184937,0.2,0.2281494140625,-42.88977599143982,-0.018193144351243973,-2.550281286239624,1223.0,-2.1557085316455695
1608,97280,43,13,3024,-0.016549143172596814,0.15477551775984466,0.0004092704424510632,0.01569011,0.9672347903251648,0.2,0.134765625,-42.827115058898926,0.01563091203570366,0.4411708116531372,1223.0,-2.1557085316455695
1607,97792,44,14,3040,-0.026743423426523805,0.023827534809242934,0.0004092704424510632,0.02184032,0.967905580997467,0.2,0.2847900390625,-42.832948088645935,-0.022282496094703674,0.33109521865844727,1223.0,-2.1557085316455695
1606,98304,45,14,3056,-0.020924271026160568,0.07242767722345889,0.0004092704424510632,0.014479586,0.9672238826751709,0.2,0.207275390625,-42.838858008384705,0.01165207102894783,0.21990489959716797,1223.0,-2.1559918
1604,98816,46,14,3072,-0.0252943956584204,0.06441069475840777,0.0004092704424510632,0.025830396,0.9660440683364868,0.2,0.19677734375,-42.80255210399628,-0.01141946017742157,0.7407571077346802,1223.0,-2.1559918
1604,99328,47,14,3088,-0.021760935414931737,0.045307423220947385,0.0004092704424510632,0.017764024,0.9668946862220764,0.2,0.2227783203125,-42.78193235397339,-0.012727154418826103,-2.9436416625976562,1223.0,-2.1547402962962963
1602,99840,48,15,3104,-0.025676054559880868,0.1297270596260205,0.0004092704424510632,0.022741543,0.9672564268112183,0.2,0.2052001953125,-42.81816589832306,0.0055126287043094635,0.21234625577926636,1223.0,-2.1547402962962963
1601,100352,49,15,3120,-0.021391713598859496,0.008817312089377083,0.0004092704424510632,0.014794718,0.9657583832740784,0.2,0.22509765625,-42.79616856575012,-0.02260483242571354,-1.175224781036377,1223.0,-2.1545328658536587
1601,100864,50,15,3136,-0.019655490264995024,0.13934023585170507,0.0004092704424510632,0.019427363,0.9641153216362,0.2,0.164794921875,-42.74835407733917,-0.002284955233335495,0.31681984663009644,1223.0,-2.1545328658536587
1600,101376,51,16,3152,-0.025660144790890627,0.013659378979355097,0.0004092704424510632,0.020496422,0.9631728529930115,0.2,0.269775390625,-42.70512819290161,-0.025204289704561234,-0.40964341163635254,1223.0,-2.1545328658536587
1599,101888,52,16,3168,-0.02651047328254208,0.0037611287043546326,0.0004092704424510632,0.017454892,0.9629722237586975,0.2,0.257080078125,-42.68311607837677,-0.02360481210052967,-0.5357503890991211,1223.0,-2.152807
1598,102400,53,16,3184,-0.0227097225288162,0.14980929484590888,0.0004092704424510632,0.017792873,0.9630712270736694,0.2,0.157958984375,-42.68250632286072,-0.007926693186163902,0.1561487913131714,1223.0,-2.152807
1597,102912,54,17,3200,-0.033518413139972836,0.016306259960401803,0.0004092704424510632,0.0194039,0.9638803601264954,0.2,0.2899169921875,-42.68897461891174,-0.033931437879800797,-3.307969570159912,1223.0,-2.1522856071428573
1597,103424,55,17,3216,-0.015722765150712803,0.1751440456137061,0.0004092704424510632,0.013336655,0.964500904083252,0.2,0.1395263671875,-42.72314369678497,0.021254368126392365,0.15420407056808472,1223.0,-2.1522856071428573
1597,103936,56,17,3232,-0.02718485456716735,0.02363002224592492,0.0004092704424510632,0.024143327,0.9644392728805542,0.2,0.2796630859375,-42.72882688045502,-0.027019891887903214,0.1824415922164917,1223.0,-2.1522856071428573
1596,104448,57,18,3248,-0.021869748190511018,0.07599771453533322,0.0004092704424510632,0.016405135,0.9628011584281921,0.2,0.2445068359375,-42.71429884433746,0.00734972208738327,0.6080019474029541,1223.0,-2.1512282705882355
1596,104960,58,18,3264,-0.02639198499673512,0.053260915097780526,0.0004092704424510632,0.028959405,0.9618338942527771,0.2,0.2811279296875,-42.66121590137482,-0.015147551894187927,0.7341161966323853,1223.0,-2.1512282705882355
1595,105472,59,18,3280,-0.02662584907375276,0.04979783797170967,0.0004092704424510632,0.024103235,0.9616843461990356,0.2,0.2459716796875,-42.644522309303284,-0.015180693939328194,-2.6574554443359375,1223.0,-2.1502683255813952
1595,105984,60,19,3296,-0.026785062364069745,0.13112439529504627,0.0004092704424510632,0.024499463,0.9614765644073486,0.2,0.2354736328125,-42.64201271533966,-0.003403645008802414,0.12052804231643677,1223.0,-2.1502683255813952
1596,106496,61,19,3312,-0.028073432302335277,0.009580511774402112,0.0004092704424510632,0.017744265,0.9608091711997986,0.2,0.268310546875,-42.629910707473755,-0.033609356731176376,-1.099647045135498,1223.0,-2.1495584367816094
1596,107008,62,19,3328,-0.016642618604237214,0.18054769025184214,0.0004092704424510632,0.01263919,0.9605609774589539,0.2,0.1629638671875,-42.61291325092316,0.005636746063828468,0.12918734550476074,1223.0,-2.1495584367816094
1596,107520,63,20,3344,-0.026156497493502684,0.01748619190766476,0.0004092704424510632,0.01901872,0.9617342948913574,0.2,0.286865234375,-42.62767970561981,-0.01808568835258484,-0.03680908679962158,1223.0,-2.1495584367816094
1596,108032,64,20,3360,-0.029212277491751593,0.004496338813623879,0.0004092704424510632,0.018396458,0.9643447399139404,0.2,0.2608642578125,-42.68246948719025,-0.043557822704315186,-0.03178119659423828,1223.0,-2.149829522727273
1596,108544,65,20,3376,-0.020992954494431615,0.15999688860028982,0.0004092704424510632,0.017980523,0.9648778438568115,0.2,0.154541015625,-42.73867225646973,-0.008456028997898102,0.18413949012756348,1223.0,-2.149829522727273
1597,109056,66,21,3392,-0.02071937796426937,0.023895406222436577,0.0004092704424510632,0.012967351,0.9653441905975342,0.2,0.1903076171875,-42.73830807209015,-0.0222280565649271,-3.739668846130371,1223.0,-2.1501286741573034
1597,109568,67,21,3408,-0.018670102523174137,0.18919522082433105,0.0004092704424510632,0.015920881,0.9650516510009766,0.2,0.166015625,-42.74774146080017,-0.001369435340166092,0.1464131474494934,1223.0,-2.1501286741573034
1597,110080,68,21,3424,-0.026030437686131336,0.01579482390661724,0.0004092704424510632,0.016286284,0.9664644002914429,0.2,0.2603759765625,-42.75173735618591,-0.0365084707736969,-1.0752241611480713,1223.0,-2.1511764777777778
1598,110592,69,22,3440,-0.022106743905169424,0.19995728018693626,0.0004092704424510632,0.01981264,0.9664742350578308,0.2,0.14697265625,-42.78487980365753,0.04755178093910217,0.48045849800109863,1223.0,-2.1511764777777778
1598,111104,70,22,3456,-0.027362340450054035,0.005502285130205564,0.0004092704424510632,0.016685683,0.9680467844009399,0.2,0.260498046875,-42.79228937625885,-0.03812699392437935,-1.8471143245697021,1223.0,-2.1511764777777778
1598,111616,71,22,3472,-0.02355642314068973,0.002791766844893573,0.0004092704424510632,0.014394098,0.9677428007125854,0.2,0.2091064453125,-42.82453787326813,-0.03302938491106033,-0.0013458728790283203,1223.0,-2.1532213626373626
1598,112128,72,23,3488,-0.018962441667099483,0.20440327713731676,0.0004092704424510632,0.013769792,0.9668481945991516,0.2,0.1134033203125,-42.799628019332886,0.02674935571849346,0.15722119808197021,1223.0,-2.1532213626373626
1598,112640,73,23,3504,-0.021726945822592825,0.04747389740077779,0.0004092704424510632,0.021401975,0.9686866402626038,0.2,0.217041015625,-42.80047249794006,-0.012933580204844475,-2.545727014541626,1223.0,-2.1528795
1598,113152,74,23,3520,-0.01955946598900482,0.19511988130398095,0.0004092704424510632,0.01813732,0.9694587588310242,0.2,0.1602783203125,-42.85616314411163,0.02022463269531727,0.1297122836112976,1223.0,-2.1528795
1598,113664,75,24,3536,-0.028094678360503167,0.018366187490755692,0.0004092704424510632,0.019619353,0.969484269618988,0.2,0.2777099609375,-42.86347985267639,-0.040251851081848145,0.00668179988861084,1223.0,-2.1528795
1596,114176,76,24,3552,-0.02990525116911158,0.011516555707203224,0.0004092704424510632,0.024373202,0.9695264101028442,0.2,0.3187255859375,-42.87325882911682,-0.039686642587184906,-0.8828052282333374,1223.0,-2.1526422150537634
1596,114688,77,24,3568,-0.019275713129900396,0.18214075453579426,0.0004092704424510632,0.017097542,0.9697039723396301,0.2,0.126708984375,-42.86969745159149,-0.004956766963005066,0.21131551265716553,1223.0,-2.1526422150537634
1596,115200,78,25,3584,-0.028181571440654807,0.037503684870898724,0.0004092704424510632,0.017783083,0.9688224196434021,0.2,0.2645263671875,-42.86691057682037,-0.02384496107697487,-2.755354642868042,1223.0,-2.1517510425531916
1595,115712,79,25,3600,-0.021106616826727986,0.19488433573860675,0.0004092704424510632,0.01901176,0.9686524868011475,0.2,0.1685791015625,-42.841065883636475,0.009663345292210579,0.12466949224472046,1223.0,-2.1517510425531916
1595,116224,80,25,3616,-0.02087759308051318,0.023269512224942446,0.0004092704424510632,0.017211426,0.9705943465232849,0.2,0.23779296875,-42.86350750923157,-0.02221464365720749,-1.3440141677856445,1223.0,-2.152703547368421
1595,116736,81,25,3632,-0.014340778361656703,0.19283361360430717,0.0004092704424510632,0.016610313,0.9711675047874451,0.2,0.1038818359375,-42.90699827671051,0.03180732578039169,0.4963178038597107,1223.0,-2.152703547368421
1594,117248,82,26,3648,-0.027067381335655227,0.005798064827104099,0.0004092704424510632,0.020515945,0.9703379273414612,0.2,0.265380859375,-42.90428137779236,-0.04747012257575989,-0.9869203567504883,1223.0,-2.152703547368421
1594,117760,83,26,3664,-0.027948860617470928,0.002617456968437182,0.0004092704424510632,0.016433775,0.9704492688179016,0.2,0.2567138671875,-42.887075662612915,-0.04362903907895088,0.051377177238464355,1223.0,-2.1536550416666667
1594,118272,84,26,3680,-0.022667538869427517,0.2269586157053709,0.0004092704424510632,0.019210376,0.9710301160812378,0.2,0.174560546875,-42.908655881881714,-0.0026688799262046814,0.13389629125595093,1223.0,-2.1536550416666667
1593,118784,85,27,3696,-0.028742592636262998,0.03338011621963233,0.0004092704424510632,0.02174695,0.9716635942459106,0.2,0.2406005859375,-42.92623519897461,-0.029385052621364594,-3.0822319984436035,1223.0,-2.1530715670103096
1593,119296,86,27,3712,-0.02404554006352555,0.28589349472895265,0.0004092704424510632,0.01959896,0.9709891080856323,0.2,0.2158203125,-42.92347037792206,0.028518076986074448,0.11649304628372192,1223.0,-2.1530715670103096
1593,119808,87,27,3728,-0.02772158238803968,0.022705900657456368,0.0004092704424510632,0.019428913,0.9706493616104126,0.2,0.2733154296875,-42.90074610710144,-0.03395939618349075,0.3957929015159607,1223.0,-2.1530715670103096
1594,120320,88,28,3744,-0.03180426865583286,0.105779480189085,0.0004092704424510632,0.030027151,0.970041036605835,0.2,0.2957763671875,-42.898529052734375,0.013337485492229462,0.298370897769928,1223.0,-2.153106918367347
1594,120832,89,28,3760,-0.02476981321524363,0.08476601680740714,0.0004092704424510632,0.029851876,0.9690788984298706,0.2,0.2413330078125,-42.868733525276184,0.0009355638176202774,0.714459240436554,1223.0,-2.153106918367347
1594,121344,90,28,3776,-0.022593261644942686,0.046746415027882904,0.0004092704424510632,0.018809238,0.9688114523887634,0.2,0.215087890625,-42.84249186515808,-0.02616899088025093,-2.685394048690796,1223.0,-2.1539500808080807
1594,121856,91,29,3792,-0.011666647449601442,0.16159852733835578,0.0004092704424510632,0.014101516,0.9688369631767273,0.2,0.0809326171875,-42.83942353725433,0.014007367193698883,0.25812095403671265,1223.0,-2.1539500808080807
1594,122368,92,29,3808,-0.027502390948939137,0.015065896732266992,0.0004092704424510632,0.018783256,0.9691908955574036,0.2,0.2769775390625,-42.843714118003845,-0.03268366679549217,-0.8939239978790283,1223.0,-2.15289076
1595,122880,93,29,3824,-0.020291040447773412,0.2671599492896348,0.0004092704424510632,0.023057472,0.9689897894859314,0.2,0.17724609375,-42.8423969745636,0.05564422905445099,0.1549014449119568,1223.0,-2.15289076
1595,123392,94,30,3840,-0.025864123832434416,0.007858711105654947,0.0004092704424510632,0.016736899,0.9686377644538879,0.2,0.232666015625,-42.83030152320862,-0.04380668327212334,-1.1899549961090088,1223.0,-2.15289076
1596,123904,95,30,3856,-0.028931663080584258,0.0030490581630147062,0.0004092704424510632,0.020256873,0.9679962992668152,0.2,0.285888671875,-42.81482768058777,-0.03611470013856888,-0.15060019493103027,1223.0,-2.15187177
1596,124416,96,30,3872,-0.027096992562292144,0.19105099991429597,0.0004092704424510632,0.022716587,0.9681950211524963,0.2,0.1826171875,-42.8059618473053,-0.0017595738172531128,0.16079574823379517,1223.0,-2.15187177
1597,124928,97,31,3888,-0.022192735370481387,0.03189302404643968,0.0004092704424510632,0.02094568,0.9704038500785828,0.2,0.238525390625,-42.84012818336487,-0.02264590933918953,-3.2063546180725098,1223.0,-2.15120578
1597,125440,98,31,3904,-0.015004745335318148,0.17899577342905104,0.0004092704424510632,0.0136666335,0.9717326760292053,0.2,0.0994873046875,-42.91177952289581,0.018810641020536423,0.28834348917007446,1223.0,-2.15120578
1597,125952,99,31,3920,-0.02943317218159791,0.02643536467803642,0.0004092704424510632,0.026556604,0.9715994000434875,0.2,0.302978515625,-42.92844486236572,-0.021208323538303375,0.2284218668937683,1223.0,-2.15120578
1598,126464,100,32,3936,-0.026317074851249345,0.08897122764028609,0.0004092704424510632,0.021944493,0.9709294438362122,0.2,0.2855224609375,-42.91972100734711,-0.0002163313329219818,0.5630514621734619,1223.0,-2.14997716
1596,126976,101,32,3952,-0.02061182531178929,0.052328457590192556,0.0004092704424510632,0.02858843,0.9701423048973083,0.2,0.240966796875,-42.89793157577515,-0.014816947281360626,0.750403642654419,1223.0,-2.14997716
1596,127488,102,32,3968,-0.025772507418878376,0.03061449300730601,0.0004092704424510632,0.02496382,0.9700073599815369,0.2,0.2899169921875,-42.87173676490784,-0.021614260971546173,-2.9575212001800537,1223.0,-2.15157216
1597,128000,103,33,3984,-0.018865691556129605,0.19086395273916423,0.0004092704424510632,0.01752378,0.9699348211288452,0.2,0.1220703125,-42.87243318557739,0.0076768659055233,0.3040730357170105,1223.0,-2.15157216
1599,128512,104,33,4000,-0.023069881950505078,0.020013997418573126,0.0004092704424510632,0.019427046,0.9714560508728027,0.2,0.2491455078125,-42.884950399398804,-0.0200931578874588,-1.7728173732757568,1223.0,-2.1514706999999995
1600,129024,105,33,4016,-0.023049760318826884,0.16888168430887163,0.0004092704424510632,0.02398995,0.971315324306488,0.2,0.1807861328125,-42.91428470611572,0.015170641243457794,0.366904616355896,1223.0,-2.1514706999999995
1601,129536,106,33,4032,-0.025675100012449548,0.007828654022887349,0.0004092704424510632,0.018579682,0.9713708162307739,0.2,0.2684326171875,-42.90583324432373,-0.044176943600177765,-0.8894339799880981,1223.0,-2.1514706999999995
1603,130048,107,34,4048,-0.02301035774871707,0.002900684248743346,0.0004092704424510632,0.016650505,0.9737753868103027,0.2,0.2313232421875,-42.940457820892334,-0.03990647569298744,0.012959539890289307,1223.0,-2.15199571
1605,130560,108,34,4064,-0.019803694609436207,0.1912225919077173,0.0004092704424510632,0.01579674,0.9745896458625793,0.2,0.1378173828125,-42.99819242954254,-0.008334100246429443,0.1839267611503601,1223.0,-2.15199571
1606,131072,109,34,4080,-0.029828967963112518,0.02746795682469383,0.0004092704424510632,0.024364436,0.9745211601257324,0.2,0.2498779296875,-43.00565814971924,-0.0377981960773468,-3.9336447715759277,1223.0,-2.1514740999999997
1608,131584,110,35,4096,-0.01756203632976394,0.1828194090630859,0.0004092704424510632,0.019608932,0.9735245704650879,0.2,0.1119384765625,-42.987518668174744,0.004812553524971008,0.27189499139785767,1223.0,-2.1514740999999997
1610,132096,111,35,4112,-0.029393718868959695,0.015103903628187254,0.0004092704424510632,0.022166045,0.9738096594810486,0.2,0.2645263671875,-42.96313512325287,-0.036084480583667755,-0.7481565475463867,1223.0,-2.15064202
1611,132608,112,35,4128,-0.02218565039220266,0.22994309570640326,0.0004092704424510632,0.023450056,0.9737221598625183,0.2,0.1748046875,-42.97940242290497,0.05440153926610947,0.5327596664428711,1223.0,-2.15064202
1613,133120,113,35,4144,-0.029365531518124044,0.007010304107097909,0.0004092704424510632,0.021668304,0.9727111458778381,0.2,0.29931640625,-42.95812106132507,-0.027115000411868095,-2.8817250728607178,1223.0,-2.15064202
1615,133632,114,36,4160,-0.027744451799662784,0.002762895241176011,0.0004092704424510632,0.020315133,0.9723122119903564,0.2,0.2969970703125,-42.92469871044159,-0.030032260343432426,-0.0939016342163086,1223.0,-2.15116096
1616,134144,115,36,4176,-0.018444794259266928,0.22534223715774715,0.0004092704424510632,0.016781196,0.9717132449150085,0.2,0.1220703125,-42.91693162918091,0.04802807793021202,0.15764451026916504,1223.0,-2.15116096
1618,134656,116,36,4192,-0.02131999097764492,0.0742020889883861,0.0004092704424510632,0.02012723,0.9711462259292603,0.2,0.1822509765625,-42.89199924468994,-0.016691546887159348,-2.5426723957061768,1223.0,-2.14907256
1619,135168,117,36,4208,-0.01751359440095257,0.21781807160004973,0.0004092704424510632,0.016362188,0.9712120294570923,0.2,0.1121826171875,-42.880993485450745,0.019946452230215073,0.27276140451431274,1223.0,-2.14907256
1621,135680,118,37,4224,-0.02855262442608364,0.013236340222647414,0.0004092704424510632,0.021221913,0.9708274006843567,0.2,0.275634765625,-42.87568175792694,-0.02966824546456337,0.17479252815246582,1223.0,-2.14907256
1622,136192,119,37,4240,-0.027190714288735762,0.006787125254049897,0.0004092704424510632,0.022523496,0.9705444574356079,0.2,0.2772216796875,-42.85997927188873,-0.03552024066448212,-1.8443942070007324,1223.0,-2.1515723899999997
1623,136704,120,37,4256,-0.01739980668935459,0.2562611475586891,0.0004092704424510632,0.017214568,0.9709263443946838,0.2,0.10595703125,-42.85529923439026,0.0038497447967529297,0.11402195692062378,1223.0,-2.1515723899999997
1625,137216,121,38,4272,-0.025605106886359863,0.06542316579725593,0.0004092704424510632,0.021343771,0.9712561964988708,0.2,0.227294921875,-42.8683135509491,-0.030249275267124176,-2.8581318855285645,1223.0,-2.14971178
1626,137728,122,38,4288,-0.009515776429907419,0.22327334340661764,0.0004092704424510632,0.010892331,0.9717928171157837,0.2,0.068603515625,-42.883124351501465,0.019754581153392792,0.18144285678863525,1223.0,-2.14971178
1627,138240,123,38,4304,-0.024756169324973598,0.024740915279835463,0.0004092704424510632,0.02174456,0.9733219146728516,0.2,0.268798828125,-42.916754484176636,-0.0360683873295784,-1.3159458637237549,1223.0,-2.15029637
1629,138752,124,38,4320,-0.014780402940232307,0.2076956145465374,0.0004092704424510632,0.013804771,0.9729334115982056,0.2,0.138671875,-42.93664860725403,0.04200679808855057,0.5563626885414124,1223.0,-2.15029637
1630,139264,125,39,4336,-0.029726774693699554,0.007861125559429638,0.0004092704424510632,0.02202995,0.975026547908783,0.2,0.2650146484375,-42.94889712333679,-0.043376754969358444,-4.860855579376221,1223.0,-2.15029637
1631,139776,126,39,4352,-0.024734982769587077,0.0021001644527132157,0.0004092704424510632,0.012525143,0.97890704870224,0.2,0.201171875,-43.05531930923462,-0.03536779433488846,-0.3370867967605591,1223.0,-2.14823284
1633,140288,127,39,4368,-0.01773201089235954,0.1905633881688118,0.0004092704424510632,0.015962254,0.9792625308036804,0.2,0.1240234375,-43.13065445423126,0.012814521789550781,0.1573846936225891,1223.0,-2.14823284
1634,140800,128,40,4384,-0.022554093942744657,0.021587537485174835,0.0004092704424510632,0.019067831,0.9792780876159668,0.2,0.2606201171875,-43.1264351606369,-0.02453402802348137,-2.9443750381469727,1223.0,-2.14772131
1636,141312,129,40,4400,-0.018972303485497832,0.19791736034676433,0.0004092704424510632,0.017852254,0.9793356657028198,0.2,0.12255859375,-43.13551127910614,0.019951436668634415,0.3338618278503418,1223.0,-2.14772131
1637,141824,130,40,4416,-0.026023856131359935,0.019887214322807267,0.0004092704424510632,0.021641735,0.9795243144035339,0.2,0.2816162109375,-43.135722041130066,-0.03788990154862404,0.048402607440948486,1223.0,-2.14772131
1638,142336,131,40,4432,-0.02344029617961496,0.08543655695393682,0.0004092704424510632,0.019224308,0.9786507487297058,0.2,0.2200927734375,-43.121949672698975,0.0031618699431419373,0.3689650893211365,1223.0,-2.1473394100000003
1640,142848,132,41,4448,-0.019842487381538376,0.07794081815518439,0.0004092704424510632,0.024935327,0.9778167009353638,0.2,0.1781005859375,-43.080875396728516,-0.02834385260939598,0.7589019536972046,1223.0,-2.1473394100000003
1641,143360,133,41,4464,-0.028339547585346736,0.040634449978824705,0.0004092704424510632,0.026070682,0.97747403383255,0.2,0.2525634765625,-43.06103050708771,-0.028724921867251396,-3.7218098640441895,1223.0,-2.1467384300000005
1641,143872,134,41,4480,-0.01574773224274395,0.19203277211636305,0.0004092704424510632,0.016601294,0.9774500131607056,0.2,0.122802734375,-43.05176532268524,0.0027342624962329865,0.25439053773880005,1223.0,-2.1467384300000005
1642,144384,135,42,4496,-0.03091048132046126,0.011434334533987567,0.0004092704424510632,0.023174196,0.9777843356132507,0.2,0.302734375,-43.05115747451782,-0.03815799951553345,-1.2209837436676025,1223.0,-2.14682413
1643,144896,136,42,4512,-0.02304172536241822,0.3007059146184474,0.0004092704424510632,0.01803594,0.9779616594314575,0.2,0.1439208984375,-43.065951108932495,0.021219171583652496,0.07346862554550171,1223.0,-2.14682413
1644,145408,137,42,4528,-0.023459585347154643,0.005580313045356888,0.0004092704424510632,0.013902114,0.9779670238494873,0.2,0.2425537109375,-43.06684613227844,-0.027815693989396095,-4.212733745574951,1223.0,-2.14682413
1645,145920,138,42,4544,-0.02535717107821256,0.0024226053174061235,0.0004092704424510632,0.012833376,0.9781674742698669,0.2,0.2193603515625,-43.07240903377533,-0.04028072953224182,-0.138189435005188,1223.0,-2.14498478
1646,146432,139,43,4560,-0.017257585714105517,0.25712982495315373,0.0004092704424510632,0.014897808,0.9781529307365417,0.2,0.118408203125,-43.07770597934723,0.015714682638645172,0.172130286693573,1223.0,-2.14498478
1647,146944,140,43,4576,-0.020676480358815752,0.045447732030879706,0.0004092704424510632,0.020480298,0.9779884815216064,0.2,0.221923828125,-43.07758402824402,-0.019206132739782333,-3.261226177215576,1223.0,-2.1436348400000003
1648,147456,141,43,4592,-0.013713314081542194,0.2205479966942221,0.0004092704424510632,0.013106691,0.9777593016624451,0.2,0.0986328125,-43.06616461277008,0.04192741587758064,0.34799736738204956,1223.0,-2.1436348400000003
1649,147968,142,44,4608,-0.026527328620431945,0.024421408656053245,0.0004092704424510632,0.02159154,0.9788163304328918,0.2,0.2635498046875,-43.07497680187225,-0.018995733931660652,-0.08069443702697754,1223.0,-2.1436348400000003
1650,148480,143,44,4624,-0.019247359363362193,0.10724426060914993,0.0004092704424510632,0.0136692375,0.9794591665267944,0.2,0.1861572265625,-43.110214591026306,0.029211223125457764,0.6303682327270508,1223.0,-2.14515957
1652,148992,144,44,4640,-0.026118389636394568,0.044633470999542624,0.0004092704424510632,0.03693431,0.9787865877151489,0.2,0.31640625,-43.11151707172394,-0.022855879738926888,0.8519652485847473,1223.0,-2.14515957
1653,149504,145,44,4656,-0.028091047861380503,0.050014471635222435,0.0004092704424510632,0.021497697,0.979437530040741,0.2,0.268798828125,-43.09909522533417,-0.01503642275929451,-3.314521312713623,1223.0,-2.1456260499999997
1654,150016,146,45,4672,-0.01891476073069498,0.16948873596265912,0.0004092704424510632,0.020560613,0.9798908829689026,0.2,0.1510009765625,-43.11946165561676,0.023578980937600136,0.41413968801498413,1223.0,-2.1456260499999997
1655,150528,147,45,4688,-0.020037803886225447,0.06350132450461388,0.0004092704424510632,0.01849018,0.9794800877571106,0.2,0.2044677734375,-43.113879561424255,-0.006111461669206619,-0.7645483016967773,1223.0,-2.1476153599999996
4073,151040,1,0,4704,-0.014683995919767767,0.196868940256536,0.0004092704424510632,0.015368542,0.9788078665733337,0.2,0.13232421875,-43.08686363697052,0.04085433483123779,0.6017632484436035,1223.0,-2.1476153599999996
2533,151552,2,0,4720,-0.022798980062361807,0.03395737922983244,0.0004092704424510632,0.014627969,0.9783374667167664,0.2,0.2490234375,-43.070210099220276,-0.010798031464219093,-0.12014591693878174,1223.0,-2.1476153599999996
2246,152064,3,0,4736,-0.03117981637478806,0.0073866992752300575,0.0004092704424510632,0.033002645,0.981672465801239,0.2,0.330322265625,-43.10665810108185,-0.0472898967564106,-1.940964937210083,1223.0,-2.1502423000000004
2125,152576,4,0,4752,-0.021852618141565472,0.19566362304612994,0.0004092704424510632,0.01841487,0.9828769564628601,0.2,0.1597900390625,-43.1988320350647,-0.007032599300146103,0.17245668172836304,1223.0,-2.1502423000000004
2053,153088,5,1,4768,-0.022977624874329194,0.018142302287742496,0.0004092704424510632,0.022661991,0.9841962456703186,0.2,0.2708740234375,-43.22804796695709,-0.0298917219042778,-3.859327793121338,1223.0,-2.15162086
2011,153600,6,1,4784,-0.01358251397323329,0.37032681331038475,0.0004092704424510632,0.011720212,0.9845136404037476,0.2,0.1436767578125,-43.25113344192505,0.02436649613082409,0.07612162828445435,1223.0,-2.15162086
1983,154112,7,1,4800,-0.029032439648290165,0.009913386820699088,0.0004092704424510632,0.02488042,0.9854031801223755,0.2,0.31396484375,-43.26373076438904,-0.020109739154577255,-0.7923069000244141,1223.0,-2.15248508
1959,154624,8,2,4816,-0.01413701146520907,0.18304990348406136,0.0004092704424510632,0.019258982,0.9848927855491638,0.2,0.1402587890625,-43.27877378463745,0.031211121007800102,0.47722142934799194,1223.0,-2.15248508
1946,155136,9,2,4832,-0.025117710763879586,0.004131029832933564,0.0004092704424510632,0.015016683,0.9833372831344604,0.2,0.2332763671875,-43.24795055389404,-0.03504828363656998,-2.4927690029144287,1223.0,-2.15248508
1933,155648,10,2,4848,-0.020120572073210496,0.002257994459796464,0.0004092704424510632,0.013902,0.9816794395446777,0.2,0.213623046875,-43.20924758911133,-0.03325968608260155,-0.09401333332061768,1223.0,-2.1549672200000005
1925,156160,11,2,4864,-0.017474610460340045,0.2468073545023799,0.0004092704424510632,0.017457286,0.9811669588088989,0.2,0.093994140625,-43.16716969013214,0.012982269749045372,0.14765316247940063,1223.0,-2.1549672200000005
1918,156672,12,3,4880,-0.01881763429264538,0.024241706589236856,0.0004092704424510632,0.01705667,0.9803887605667114,0.2,0.193603515625,-43.153624296188354,-0.01718335598707199,-2.462916851043701,1223.0,-2.15725443
1914,157184,13,3,4896,-0.01620772111346014,0.23941343906335533,0.0004092704424510632,0.019492967,0.9800671339035034,0.2,0.13623046875,-43.12380051612854,0.057929061353206635,0.3542361259460449,1223.0,-2.15725443
1911,157696,14,3,4912,-0.018801657468429767,0.022370079648680985,0.0004092704424510632,0.016519815,0.9799690842628479,0.2,0.2333984375,-43.11733424663544,-0.01867007091641426,-0.5255398750305176,1223.0,-2.15725443
1903,158208,15,4,4928,-0.019591646792832762,0.006646234774962068,0.0004092704424510632,0.017347742,0.9798896908760071,0.2,0.246826171875,-43.115317583084106,-0.031612150371074677,-2.662980318069458,1223.0,-2.1572126
1899,158720,16,4,4944,-0.02345186410821043,0.2418619964737445,0.0004092704424510632,0.021523502,0.979648232460022,0.2,0.1502685546875,-43.117159485816956,0.00012223049998283386,0.09627819061279297,1223.0,-2.1572126
1894,159232,17,4,4960,-0.0209274968074169,0.060327152837999165,0.0004092704424510632,0.022041008,0.9790813326835632,0.2,0.2308349609375,-43.099265813827515,-0.015468673780560493,-2.743967294692993,1223.0,-2.15726709
1890,159744,18,4,4976,-0.02076164720347151,0.27332351193763316,0.0004092704424510632,0.017182142,0.9790804982185364,0.2,0.1668701171875,-43.09103608131409,0.010726649314165115,0.20628559589385986,1223.0,-2.15726709
1886,160256,19,5,4992,-0.03113102080533281,0.0332501032971777,0.0004092704424510632,0.036213297,0.9799501299858093,0.2,0.3165283203125,-43.10539948940277,-0.036382172256708145,-1.5764386653900146,1223.0,-2.15800364
1882,160768,20,5,5008,-0.01666168413066771,0.2380542024038732,0.0004092704424510632,0.018976454,0.9801383018493652,0.2,0.1343994140625,-43.12088096141815,0.07522167265415192,0.6123450994491577,1223.0,-2.15800364
1879,161280,21,5,5024,-0.03169333594269119,0.010618111744406633,0.0004092704424510632,0.024029028,0.9802703857421875,0.2,0.31005859375,-43.118659138679504,-0.045028701424598694,-4.683035850524902,1223.0,-2.15800364
1876,161792,22,6,5040,-0.029452185131958686,0.0019076504140684847,0.0004092704424510632,0.018818114,0.981607973575592,0.2,0.2825927734375,-43.128294348716736,-0.04122895002365112,-0.2952617406845093,1223.0,-2.1543288499999997
1874,162304,23,6,5056,-0.019105386367300525,0.18914182332810014,0.0004092704424510632,0.019216266,0.9823084473609924,0.2,0.15771484375,-43.168572664260864,0.00197039358317852,0.1745462417602539,1223.0,-2.1543288499999997
1873,162816,24,6,5072,-0.026399320631753653,0.02060752216493711,0.0004092704424510632,0.022317871,0.9846272468566895,0.2,0.280517578125,-43.200653314590454,-0.030573680996894836,-2.7772955894470215,1223.0,-2.15363689
1873,163328,25,6,5088,-0.012469903667806648,0.20276962453499436,0.0004092704424510632,0.015039469,0.9854655265808105,0.2,0.0950927734375,-43.26490759849548,0.015326343476772308,0.34232205152511597,1223.0,-2.15363689
1872,163840,26,7,5104,-0.026681649032980204,0.03642286837566644,0.0004092704424510632,0.01647326,0.9862654209136963,0.2,0.2550048828125,-43.283774971961975,-0.020927486941218376,0.24443644285202026,1223.0,-2.15363689
1872,164352,27,7,5120,-0.026799181548994966,0.08829278382472694,0.0004092704424510632,0.024992116,0.9854439496994019,0.2,0.294189453125,-43.298943400382996,0.008917208760976791,0.2300838828086853,1223.0,-2.15455501
1870,164864,28,7,5136,-0.022247994143981487,0.06159908144036308,0.0004092704424510632,0.030070823,0.985023558139801,0.2,0.21240234375,-43.27345073223114,-0.010272296145558357,0.7822891473770142,1223.0,-2.15455501
1869,165376,29,7,5152,-0.024448088413919322,0.04588702559703961,0.0004092704424510632,0.021441571,0.9853077530860901,0.2,0.26025390625,-43.26888859272003,-0.019269119948148727,-2.871368885040283,1223.0,-2.15246799
1867,165888,30,8,5168,-0.013105880447255913,0.14249423029832542,0.0004092704424510632,0.012073828,0.9851048588752747,0.2,0.08544921875,-43.26816785335541,0.01360563188791275,0.5204784870147705,1223.0,-2.15246799
1866,166400,31,8,5184,-0.030378807976376265,0.04138962575234473,0.0004092704424510632,0.024131015,0.9836017489433289,0.2,0.2987060546875,-43.24796521663666,-0.03298552334308624,-1.5640044212341309,1223.0,-2.1514132800000003
1863,166912,32,8,5200,-0.015353514783782884,0.19842723640613258,0.0004092704424510632,0.02184626,0.9828441739082336,0.2,0.166015625,-43.207888007164,0.07415327429771423,0.5706708431243896,1223.0,-2.1514132800000003
1862,167424,33,9,5216,-0.022372467763489112,0.0035764956010098103,0.0004092704424510632,0.015671743,0.9819788932800293,0.2,0.228759765625,-43.191155314445496,-0.02607407420873642,-1.573288917541504,1223.0,-2.1514132800000003
1861,167936,34,9,5232,-0.02637331181904301,0.003916568573913537,0.0004092704424510632,0.016015863,0.9805485010147095,0.2,0.2421875,-43.15215504169464,-0.03212771937251091,-0.08696281909942627,1223.0,-2.14990907
1859,168448,35,9,5248,-0.020089786063181236,0.2186755877919495,0.0004092704424510632,0.019639883,0.9801024794578552,0.2,0.1522216796875,-43.114400029182434,-0.006189517676830292,0.1964266300201416,1223.0,-2.14990907
1858,168960,36,9,5264,-0.03113254639902152,0.038366601860616356,0.0004092704424510632,0.021026354,0.9787092804908752,0.2,0.2728271484375,-43.09193694591522,-0.031096721068024635,-3.1069393157958984,1223.0,-2.14973795
1858,169472,37,10,5280,-0.020941049500834197,0.1478209737688303,0.0004092704424510632,0.014193516,0.9780939221382141,0.2,0.150146484375,-43.04693388938904,0.013057203963398933,0.47171252965927124,1223.0,-2.14973795
1858,169984,38,10,5296,-0.023058936159941368,0.0480482738930732,0.0004092704424510632,0.013631403,0.9773189425468445,0.2,0.2039794921875,-43.02672636508942,-0.014262719079852104,-0.10558652877807617,1223.0,-2.14973795
1858,170496,39,10,5312,-0.021635502693243325,0.12286907038651407,0.0004092704424510632,0.018535893,0.9750714302062988,0.2,0.2445068359375,-42.975462675094604,0.02204056829214096,0.6380188465118408,1223.0,-2.1482775700000003
1857,171008,40,11,5328,-0.02433102097711526,0.02970451459987089,0.0004092704424510632,0.037464418,0.974291205406189,0.2,0.3165283203125,-42.92602264881134,-0.01993585377931595,0.871070146560669,1223.0,-2.1482775700000003
1856,171520,41,11,5344,-0.024877750867744908,0.029496419767383486,0.0004092704424510632,0.016809098,0.9755998849868774,0.2,0.250244140625,-42.93587350845337,-0.029959317296743393,-2.8744568824768066,1223.0,-2.14710288
1856,172032,42,11,5360,-0.021861220549908467,0.17712535080499947,0.0004092704424510632,0.022310782,0.9758726358413696,0.2,0.13427734375,-42.97105026245117,0.003957763314247131,0.4313979744911194,1223.0,-2.14710288
1854,172544,43,11,5376,-0.023221640756673878,0.03119060886092484,0.0004092704424510632,0.013903901,0.9754258394241333,0.2,0.209228515625,-42.961225271224976,-0.022658798843622208,-1.0020263195037842,1223.0,-2.1464441699999997
1853,173056,44,12,5392,-0.016951878991676494,0.15003641252405941,0.0004092704424510632,0.016328335,0.974933385848999,0.2,0.1058349609375,-42.955594062805176,0.012048739939928055,0.4831017851829529,1223.0,-2.1464441699999997
1851,173568,45,12,5408,-0.01880027973675169,0.1289045913144946,0.0004092704424510632,0.013869457,0.9743357300758362,0.2,0.181396484375,-42.9356153011322,0.019232481718063354,0.12087911367416382,1223.0,-2.1464441699999997
1851,174080,46,12,5424,-0.024344459830899723,0.02138928446220234,0.0004092704424510632,0.021201625,0.9717366695404053,0.2,0.2509765625,-42.88000190258026,-0.03563946858048439,-5.008420467376709,1223.0,-2.14595738
1851,174592,47,12,5440,-0.020416537852725014,0.15214560029562563,0.0004092704424510632,0.015923347,0.9708737730979919,0.2,0.1219482421875,-42.80958688259125,0.017799727618694305,0.20252859592437744,1223.0,-2.14595738
1851,175104,48,13,5456,-0.022569213891983964,0.03283260972239077,0.0004092704424510632,0.01652915,0.9672085642814636,0.2,0.214111328125,-42.75132369995117,-0.011757992208003998,-2.432286024093628,1223.0,-2.14548589
1851,175616,49,13,5472,-0.014981804866692983,0.1319907538127154,0.0004092704424510632,0.017583676,0.9658769965171814,0.2,0.1412353515625,-42.653878808021545,0.02818264253437519,0.4614560008049011,1223.0,-2.14548589
1851,176128,50,13,5488,-0.03428459682618268,0.01577454508515075,0.0004092704424510632,0.024916952,0.9650510549545288,0.2,0.360595703125,-42.62478721141815,-0.04226372763514519,-1.0232000350952148,1223.0,-2.1468583199999998
1852,176640,51,14,5504,-0.019748343096580356,0.15077307191677392,0.0004092704424510632,0.016271802,0.9644468426704407,0.2,0.1727294921875,-42.60218334197998,0.027358314022421837,0.5855429172515869,1223.0,-2.1468583199999998
1851,177152,52,14,5520,-0.026018965319963172,0.003938190537155606,0.0004092704424510632,0.019994244,0.962535560131073,0.2,0.2650146484375,-42.56185209751129,-0.02268729917705059,-1.8173742294311523,1223.0,-2.1468583199999998
1850,177664,53,14,5536,-0.0233594212695607,0.0023927497168187983,0.0004092704424510632,0.014239985,0.9642970561981201,0.2,0.240478515625,-42.54404938220978,-0.02715696394443512,0.04801696538925171,1223.0,-2.1467762799999996
1849,178176,54,14,5552,-0.01636357769893948,0.24316703900694847,0.0004092704424510632,0.012750823,0.964509904384613,0.2,0.1259765625,-42.59146738052368,-0.012060023844242096,0.11862194538116455,1223.0,-2.1467762799999996
1848,178688,55,15,5568,-0.02217024058336392,0.030065560364164412,0.0004092704424510632,0.021109441,0.9638375043869019,0.2,0.2525634765625,-42.574660301208496,-0.029511552304029465,-2.5000596046447754,1223.0,-2.1478536900000003
1847,179200,56,15,5584,-0.020653715851949528,0.14290257566608489,0.0004092704424510632,0.019756466,0.9633240103721619,0.2,0.212890625,-42.553486466407776,0.017760928720235825,0.4295910596847534,1223.0,-2.1478536900000003
1846,179712,57,15,5600,-0.02789403763017617,0.015606773609761149,0.0004092704424510632,0.025437266,0.9644249677658081,0.2,0.3167724609375,-42.55869388580322,-0.030712608247995377,-1.9864184856414795,1223.0,-2.1478536900000003
1846,180224,58,16,5616,-0.024343140539713204,0.003705316128616687,0.0004092704424510632,0.016998935,0.9641051888465881,0.2,0.2513427734375,-42.58205819129944,-0.03258415684103966,-0.11400806903839111,1223.0,-2.14709067
1846,180736,59,16,5632,-0.014576730649423553,0.15577190113253891,0.0004092704424510632,0.013071885,0.9635930061340332,0.2,0.1026611328125,-42.55717933177948,-0.00386938638985157,0.26101750135421753,1223.0,-2.14709067
1845,181248,60,16,5648,-0.024093969637760893,0.04395689093507826,0.0004092704424510632,0.017597407,0.9638819098472595,0.2,0.22705078125,-42.552509784698486,-0.02207917347550392,-2.600268840789795,1223.0,-2.14556041
1845,181760,61,16,5664,-0.022833687980892137,0.12931226310320199,0.0004092704424510632,0.017730828,0.9641419649124146,0.2,0.1806640625,-42.56268227100372,0.0024710260331630707,0.5708001852035522,1223.0,-2.14556041
1845,182272,62,17,5680,-0.025423183833481744,0.03331227134913206,0.0004092704424510632,0.022046346,0.9631158113479614,0.2,0.2625732421875,-42.559815883636475,-0.023564118891954422,-1.8757047653198242,1223.0,-2.14632131
1844,182784,63,17,5696,-0.021020560583565384,0.19155086553655565,0.0004092704424510632,0.020805212,0.9622980952262878,0.2,0.1478271484375,-42.52157962322235,0.03693648427724838,0.6019747257232666,1223.0,-2.14632131
1845,183296,64,17,5712,-0.022958439745707437,0.009194973012199625,0.0004092704424510632,0.015525676,0.9629653096199036,0.2,0.2265625,-42.51551425457001,-0.04194200783967972,-1.158381462097168,1223.0,-2.14632131
1845,183808,65,18,5728,-0.02518785811844282,0.0031756422140460927,0.0004092704424510632,0.019274732,0.963136613368988,0.2,0.2471923828125,-42.53540015220642,-0.037007760256528854,-0.4114372730255127,1223.0,-2.14691354
1845,184320,66,18,5744,-0.022578867778065614,0.1693878925871104,0.0004092704424510632,0.026113123,0.9628990888595581,0.2,0.1729736328125,-42.531829476356506,0.00326339527964592,0.18558496236801147,1223.0,-2.14691354
1845,184832,67,18,5760,-0.022770785610191524,0.020267002866603434,0.0004092704424510632,0.02361789,0.9628537893295288,0.2,0.276611328125,-42.527302265167236,-0.030895771458745003,-3.051361560821533,1223.0,-2.1446597499999998
1845,185344,68,18,5776,-0.024983253824757412,0.16338424279820174,0.0004092704424510632,0.019423816,0.9630544185638428,0.2,0.17578125,-42.52535331249237,-0.0024369247257709503,0.36561691761016846,1223.0,-2.1446597499999998
1845,185856,69,19,5792,-0.024126746837282553,0.028854370350018144,0.0004092704424510632,0.022306811,0.9624281525611877,0.2,0.2491455078125,-42.52003610134125,-0.028713298961520195,-0.17779159545898438,1223.0,-2.1446597499999998
1844,186368,70,19,5808,-0.030835164201562293,0.06544810871127993,0.0004092704424510632,0.02142044,0.9620660543441772,0.2,0.306640625,-42.50235342979431,-0.006044812500476837,0.44397616386413574,1223.0,-2.14453286
1841,186880,71,19,5824,-0.026746094634290785,0.053198065666947514,0.0004092704424510632,0.03098382,0.9614393711090088,0.2,0.23583984375,-42.489683628082275,-0.02644624561071396,0.7970869541168213,1223.0,-2.14453286
1840,187392,72,20,5840,-0.031053297279868275,0.03756339510437101,0.0004092704424510632,0.03480031,0.9609789848327637,0.2,0.326416015625,-42.46292293071747,-0.0261615552008152,-3.0571861267089844,1223.0,-2.1451499899999997
1840,187904,73,20,5856,-0.01821626453602221,0.12734641344286501,0.0004092704424510632,0.01611422,0.9608450531959534,0.2,0.1690673828125,-42.45434832572937,0.011824239045381546,0.47828322649002075,1223.0,-2.1451499899999997
1840,188416,74,20,5872,-0.020480997016420588,0.030042611935641617,0.0004092704424510632,0.016293716,0.9613398909568787,0.2,0.235595703125,-42.45814371109009,-0.016466425731778145,-1.563993215560913,1223.0,-2.1454695200000002
1840,188928,75,20,5888,-0.01773281786881853,0.15457389736548066,0.0004092704424510632,0.021332853,0.9611436724662781,0.2,0.1434326171875,-42.468575835227966,0.028765656054019928,0.6144710779190063,1223.0,-2.1454695200000002
1840,189440,76,21,5904,-0.028299040743149817,0.00554195969743887,0.0004092704424510632,0.014742127,0.9598235487937927,0.2,0.264404296875,-42.44660151004791,-0.04098128899931908,-2.5758938789367676,1223.0,-2.1454695200000002
1841,189952,77,21,5920,-0.024346554768271744,0.0030601719990954734,0.0004092704424510632,0.01710879,0.9583441615104675,0.2,0.226806640625,-42.40139126777649,-0.03129412233829498,-0.27789318561553955,1223.0,-2.14598045
1841,190464,78,21,5936,-0.015508768447034527,0.169177538016811,0.0004092704424510632,0.014790334,0.9577495455741882,0.2,0.11083984375,-42.36470055580139,0.003085961565375328,0.16211706399917603,1223.0,-2.14598045
1841,190976,79,21,5952,-0.0295958300557686,0.015529269119724631,0.0004092704424510632,0.02415762,0.9563836455345154,0.2,0.3101806640625,-42.32993400096893,-0.02744128182530403,-3.3390979766845703,1223.0,-2.14535276
1840,191488,80,22,5968,-0.02147603189223446,0.18451922561507672,0.0004092704424510632,0.017800331,0.9556905031204224,0.2,0.176025390625,-42.303386926651,-0.0088358074426651,0.22451001405715942,1223.0,-2.14535276
1840,192000,81,22,5984,-0.029075388025376014,0.023274502775166184,0.0004092704424510632,0.016395142,0.9545437097549438,0.2,0.28369140625,-42.26484024524689,-0.030524034053087234,-0.23447144031524658,1223.0,-2.14535276
1840,192512,82,22,6000,-0.022632990614511073,0.08114073215983808,0.0004092704424510632,0.02142439,0.9542032480239868,0.2,0.2119140625,-42.23239529132843,0.011841533705592155,0.67242431640625,1223.0,-2.1461539800000002
1839,193024,83,23,6016,-0.024401903661782853,0.031192465889034793,0.0004092704424510632,0.038812503,0.952864408493042,0.2,0.343017578125,-42.212695717811584,-0.021780716255307198,0.8220638036727905,1223.0,-2.1461539800000002
1839,193536,84,23,6032,-0.021271375830110628,0.02349765202961862,0.0004092704424510632,0.022351496,0.9543055891990662,0.2,0.252685546875,-42.20067620277405,-0.029086705297231674,-3.0235157012939453,1223.0,-2.14530511
1839,194048,85,23,6048,-0.01178986099694157,0.1820902011822909,0.0004092704424510632,0.014477955,0.9543792605400085,0.2,0.0810546875,-42.23736345767975,0.014422997832298279,0.36203551292419434,1223.0,-2.14530511
1839,194560,86,23,6064,-0.027560714101127815,0.025285550858825445,0.0004092704424510632,0.023706447,0.9552105069160461,0.2,0.288818359375,-42.24159061908722,-0.0338381826877594,-2.619849443435669,1223.0,-2.14503093
1839,195072,87,24,6080,-0.018279304465977475,0.22078657755628228,0.0004092704424510632,0.018669931,0.9551956653594971,0.2,0.1343994140625,-42.27334403991699,0.0009370818734169006,0.21542590856552124,1223.0,-2.14503093
1839,195584,88,24,6096,-0.027878481341758743,0.04254467040300369,0.0004092704424510632,0.016819682,0.9582023620605469,0.2,0.252197265625,-42.303998947143555,-0.011097084730863571,0.14345896244049072,1223.0,-2.14503093
1839,196096,89,24,6112,-0.025538737216265872,0.007665536817512475,0.0004092704424510632,0.023326945,0.958968997001648,0.2,0.27880859375,-42.38524353504181,-0.04125882685184479,-2.382986545562744,1223.0,-2.1482860599999998
1839,196608,90,25,6128,-0.02337532033561729,0.23113620223011822,0.0004092704424510632,0.021056015,0.9588790535926819,0.2,0.1932373046875,-42.38776504993439,0.020218688994646072,0.11974066495895386,1223.0,-2.1482860599999998
1838,197120,91,25,6144,-0.026444265204190742,0.01850095542613417,0.0004092704424510632,0.021693017,0.9581736326217651,0.2,0.29052734375,-42.37472677230835,-0.026202457025647163,-2.958061456680298,1223.0,-2.14806844
1838,197632,92,25,6160,-0.022846314794151112,0.23823170037940145,0.0004092704424510632,0.020894121,0.9581746459007263,0.2,0.175048828125,-42.35990810394287,-0.0081397145986557,0.18745458126068115,1223.0,-2.14806844
1838,198144,93,25,6176,-0.023726039464236237,0.035575665708165616,0.0004092704424510632,0.030485105,0.9576263427734375,0.2,0.2967529296875,-42.36457693576813,-0.022267863154411316,-1.196150541305542,1223.0,-2.1479153099999997
1837,198656,94,26,6192,-0.01957685131492326,0.19803088484331965,0.0004092704424510632,0.01703967,0.9568454623222351,0.2,0.17138671875,-42.33158981800079,0.03949078917503357,0.6546438932418823,1223.0,-2.1479153099999997
1837,199168,95,26,6208,-0.032503276714123785,0.005056104884715751,0.0004092704424510632,0.02339698,0.9552026391029358,0.2,0.3094482421875,-42.29525983333588,-0.049695372581481934,-1.8497846126556396,1223.0,-2.1479153099999997
1837,199680,96,26,6224,-0.02332644915441051,0.0028445373282011133,0.0004092704424510632,0.018454585,0.9539980888366699,0.2,0.2469482421875,-42.238686084747314,-0.032008249312639236,-0.022741317749023438,1223.0,-2.14875601
1837,200192,97,27,6240,-0.021417101030237973,0.2666356617119163,0.0004092704424510632,0.02020642,0.9538100361824036,0.2,0.1453857421875,-42.21563935279846,0.030003488063812256,0.14483171701431274,1223.0,-2.14875601
1836,200704,98,27,6256,-0.024480593638145365,0.015487548720557243,0.0004092704424510632,0.017639395,0.9545547962188721,0.2,0.254638671875,-42.22134780883789,-0.03401795029640198,-2.529559373855591,1223.0,-2.14621597
1836,201216,99,27,6272,-0.021799157315399498,0.17954097012989223,0.0004092704424510632,0.017626502,0.955099880695343,0.2,0.1578369140625,-42.23975419998169,0.01267683133482933,0.2673712968826294,1223.0,-2.14621597
1836,201728,100,27,6288,-0.02292509490507655,0.02748044772306457,0.0004092704424510632,0.020736195,0.9558225870132446,0.2,0.2578125,-42.25803458690643,-0.022893458604812622,-0.0007904767990112305,1223.0,-2.14621597
1835,202240,101,28,6304,-0.02983956614480121,0.008014460720005445,0.0004092704424510632,0.023180433,0.9548020362854004,0.2,0.3218994140625,-42.25162422657013,-0.05099096894264221,-2.1678755283355713,1223.0,-2.14595491
1834,202752,102,28,6320,-0.016409703137469478,0.1682793442159891,0.0004092704424510632,0.013183188,0.9543590545654297,0.2,0.1439208984375,-42.22245788574219,-0.00247013196349144,0.1739932894706726,1223.0,-2.14595491
1835,203264,103,28,6336,-0.019753580607357435,0.04184847738360986,0.0004092704424510632,0.015661687,0.9531168341636658,0.2,0.206298828125,-42.1971675157547,-0.008877793326973915,-2.3439669609069824,1223.0,-2.14500622
1836,203776,104,28,6352,-0.020452906719583552,0.1407220985274762,0.0004092704424510632,0.019945208,0.9525712132453918,0.2,0.1539306640625,-42.162490487098694,0.010420888662338257,0.5122129917144775,1223.0,-2.14500622
1836,204288,105,29,6368,-0.02727080081240274,0.029868643556255847,0.0004092704424510632,0.027055725,0.9538472890853882,0.2,0.271240234375,-42.165000438690186,-0.0276184119284153,-1.7823481559753418,1223.0,-2.1464083400000002
1836,204800,106,29,6384,-0.017187476085382514,0.21894655423238873,0.0004092704424510632,0.016303878,0.9536788463592529,0.2,0.1226806640625,-42.19433546066284,0.06569153815507889,0.62652987241745,1223.0,-2.1464083400000002
1835,205312,107,29,6400,-0.027544472788576968,0.011365679354639724,0.0004092704424510632,0.02546786,0.9541579484939575,0.2,0.2802734375,-42.19166350364685,-0.046785857528448105,-1.1440978050231934,1223.0,-2.1464083400000002
1835,205824,108,30,6416,-0.02744558443373535,0.0024475293794239406,0.0004092704424510632,0.016448319,0.9550796151161194,0.2,0.242431640625,-42.23270523548126,-0.043046142905950546,-0.6969374418258667,1223.0,-2.1475693799999998
1835,206336,109,30,6432,-0.012187364089186303,0.2187945144250989,0.0004092704424510632,0.013016141,0.9544664025306702,0.2,0.124267578125,-42.24174416065216,0.00014910846948623657,0.18387460708618164,1223.0,-2.1475693799999998
1835,206848,110,30,6448,-0.02556510071735829,0.026827154506463557,0.0004092704424510632,0.02054805,0.9533077478408813,0.2,0.2740478515625,-42.21017789840698,-0.031949929893016815,-2.944669723510742,1223.0,-2.14968921
1835,207360,111,30,6464,-0.01589817414060235,0.19774797861464322,0.0004092704424510632,0.013270477,0.9519243836402893,0.2,0.10791015625,-42.17612433433533,0.022523928433656693,0.4215376377105713,1223.0,-2.14968921
1835,207872,112,31,6480,-0.024643227370688692,0.04510327475145459,0.0004092704424510632,0.018061396,0.9506237506866455,0.2,0.2470703125,-42.12613093852997,-0.020742224529385567,0.4313965439796448,1223.0,-2.14968921
1835,208384,113,31,6496,-0.02563389204442501,0.10795861086808145,0.0004092704424510632,0.01820245,0.9531718492507935,0.2,0.2396240234375,-42.14718580245972,0.018966086208820343,0.44229841232299805,1223.0,-2.15086152
1835,208896,114,31,6512,-0.019787479381193407,0.05672686861362308,0.0004092704424510632,0.019780682,0.9544939994812012,0.2,0.185302734375,-42.23147130012512,-0.01646346040070057,0.8065474629402161,1223.0,-2.15086152
1835,209408,115,32,6528,-0.022852454596431926,0.04207406647037715,0.0004092704424510632,0.01958602,0.9548333883285522,0.2,0.2369384765625,-42.25132429599762,-0.019082263112068176,-3.029402732849121,1223.0,-2.15086996
1835,209920,116,32,6544,-0.019624635024229065,0.15496761398389935,0.0004092704424510632,0.020091787,0.9556130170822144,0.2,0.142822265625,-42.26688516139984,0.0031561516225337982,0.5427826642990112,1223.0,-2.15086996
1835,210432,117,32,6560,-0.025066243470064364,0.05274942412506789,0.0004092704424510632,0.022323523,0.9556365609169006,0.2,0.261474609375,-42.28353250026703,-0.02438025362789631,-1.791224479675293,1223.0,-2.1503610300000005
1835,210944,118,32,6576,-0.018000187425059266,0.18802302377298474,0.0004092704424510632,0.02870078,0.9556758403778076,0.2,0.2022705078125,-42.27665722370148,0.06819696724414825,0.6184495687484741,1223.0,-2.1503610300000005
1835,211456,119,33,6592,-0.026591724978061393,0.0036629690366680734,0.0004092704424510632,0.020935748,0.9554261565208435,0.2,0.2926025390625,-42.27522373199463,-0.04451022669672966,-3.9442172050476074,1223.0,-2.1503610300000005
1835,211968,120,33,6608,-0.033803957878262736,0.0026174259910476394,0.0004092704424510632,0.020016097,0.955956220626831,0.2,0.29443359375,-42.271334171295166,-0.044107839465141296,0.08970904350280762,1223.0,-2.1504402099999997
1835,212480,121,33,6624,-0.024743642963585444,0.2603883076226339,0.0004092704424510632,0.021114763,0.9560397863388062,0.2,0.1749267578125,-42.281222462654114,0.007281750440597534,0.1307128667831421,1223.0,-2.1504402099999997
1835,212992,122,34,6640,-0.02627964084967971,0.016743274754844606,0.0004092704424510632,0.02279501,0.9563154578208923,0.2,0.2845458984375,-42.282535672187805,-0.04041245952248573,-3.492802143096924,1223.0,-2.15160261
1835,213504,123,34,6656,-0.02263332626898773,0.2194573973538354,0.0004092704424510632,0.018625472,0.9567874670028687,0.2,0.1719970703125,-42.293519377708435,0.002475939691066742,0.13117361068725586,1223.0,-2.15160261
1835,214016,124,34,6672,-0.028497529157903045,0.025363697612192482,0.0004092704424510632,0.031685166,0.9573033452033997,0.2,0.3228759765625,-42.30438590049744,-0.02198108658194542,-0.9967929124832153,1223.0,-2.15160261
1835,214528,125,34,6688,-0.027938063896726817,0.10302488529123366,0.0004092704424510632,0.017733447,0.9549538493156433,0.2,0.2056884765625,-42.278541803359985,0.005021538585424423,0.6604176759719849,1223.0,-2.15200793
1835,215040,126,35,6704,-0.024077563095488586,0.03246342681813985,0.0004092704424510632,0.038869597,0.9546675682067871,0.2,0.35107421875,-42.211130023002625,-0.01694031059741974,0.8542966842651367,1223.0,-2.15200793
1835,215552,127,35,6720,-0.02212097425945103,0.03494253073586151,0.0004092704424510632,0.02451348,0.9551854133605957,0.2,0.2701416015625,-42.229846119880676,-0.022816229611635208,-2.7691361904144287,1223.0,-2.15306313
1835,216064,128,35,6736,-0.015889818903815467,0.14498589024879038,0.0004092704424510632,0.014593696,0.9550468921661377,0.2,0.1251220703125,-42.23966705799103,0.005441643297672272,0.5491873025894165,1223.0,-2.15306313
1835,216576,129,35,6752,-0.022329902851197403,0.07184821472037584,0.0004092704424510632,0.017268686,0.9547559022903442,0.2,0.2432861328125,-42.228185415267944,0.0029948242008686066,-1.192647933959961,1223.0,-2.15407248
1835,217088,130,36,6768,-0.014003115124069154,0.17322172480635345,0.0004092704424510632,0.013894461,0.9541098475456238,0.2,0.0975341796875,-42.222005009651184,0.02819158136844635,0.6512168645858765,1223.0,-2.15407248
1834,217600,131,36,6784,-0.02266021363902837,0.03312127263052389,0.0004092704424510632,0.016231835,0.9519774913787842,0.2,0.2152099609375,-42.1761257648468,-0.004608657211065292,-0.18209028244018555,1223.0,-2.15407248
1834,218112,132,36,6800,-0.02670731889520539,0.005607861399766989,0.0004092704424510632,0.01883106,0.9517528414726257,0.2,0.267578125,-42.130411863327026,-0.043919049203395844,-2.7592482566833496,1223.0,-2.1537105899999998
1834,218624,133,37,6816,-0.020950308098690584,0.2279316409258172,0.0004092704424510632,0.016516443,0.9517667293548584,0.2,0.14990234375,-42.13826072216034,0.010524168610572815,0.11072146892547607,1223.0,-2.1537105899999998
1834,219136,134,37,6832,-0.021898644510656595,0.021579342690529302,0.0004092704424510632,0.030038249,0.9514673352241516,0.2,0.2662353515625,-42.129801630973816,-0.03356539458036423,-2.997499465942383,1223.0,-2.15428825
1834,219648,135,37,6848,-0.011960189673118293,0.2356789215700701,0.0004092704424510632,0.012973914,0.9513937830924988,0.2,0.0928955078125,-42.11801218986511,0.017641140148043633,0.2043277621269226,1223.0,-2.15428825
1835,220160,136,37,6864,-0.023079248196154367,0.03396824578521773,0.0004092704424510632,0.024662646,0.9505696296691895,0.2,0.2738037109375,-42.10923230648041,-0.023765701800584793,-1.7371416091918945,1223.0,-2.15423387
1835,220672,137,38,6880,-0.022634617052972317,0.19564510812051594,0.0004092704424510632,0.020118974,0.9496414661407471,0.2,0.154296875,-42.08229672908783,0.036012254655361176,0.6558049917221069,1223.0,-2.15423387
1835,221184,138,38,6896,-0.029973803160828538,0.0038499504735227674,0.0004092704424510632,0.022942305,0.9500261545181274,0.2,0.279541015625,-42.07354545593262,-0.037464041262865067,-2.5229275226593018,1223.0,-2.15423387
1835,221696,139,38,6912,-0.025231697596609592,0.002192424854001729,0.0004092704424510632,0.011803461,0.9486565589904785,0.2,0.21923828125,-42.073166728019714,-0.0427897684276104,0.02606332302093506,1223.0,-2.15446722
1835,222208,140,39,6928,-0.016816929972264916,0.24622003419790417,0.0004092704424510632,0.014257474,0.9478898644447327,0.2,0.1435546875,-42.03682553768158,0.00014916807413101196,0.12323671579360962,1223.0,-2.15446722
1835,222720,141,39,6944,-0.018907923717051744,0.03551435243571177,0.0004092704424510632,0.01870573,0.9510857462882996,0.2,0.22216796875,-42.06140220165253,-0.021271169185638428,-2.673717975616455,1223.0,-2.15412708
1834,223232,142,39,6960,-0.01732012718275655,0.15914072515442967,0.0004092704424510632,0.014773643,0.9525427222251892,0.2,0.1368408203125,-42.15661060810089,0.017169710248708725,0.6093389987945557,1223.0,-2.15412708
1834,223744,143,39,6976,-0.02504912784206681,0.034237500571180135,0.0004092704424510632,0.019894825,0.9508331418037415,0.2,0.281982421875,-42.153603196144104,-0.023304829373955727,-0.9403173923492432,1223.0,-2.15412708
1834,224256,144,40,6992,-0.03304563194978982,0.013080908625852317,0.0004092704424510632,0.025516508,0.9498714804649353,0.2,0.307373046875,-42.09628438949585,-0.03625396639108658,-0.3983544111251831,1223.0,-2.15472081
1834,224768,145,40,7008,-0.02036436730850255,0.10208521573804319,0.0004092704424510632,0.023365788,0.949347972869873,0.2,0.19091796875,-42.0741947889328,-0.014320023357868195,0.4520155191421509,1223.0,-2.15472081
1834,225280,146,40,7024,-0.03196850258973427,0.0262088991003111,0.0004092704424510632,0.03210641,0.9468070268630981,0.2,0.3297119140625,-42.03117549419403,-0.030296366661787033,-2.597193479537964,1223.0,-2.15400604
1834,225792,147,41,7040,-0.016932311926211696,0.23584751621820033,0.0004092704424510632,0.017500099,0.9463342428207397,0.2,0.1038818359375,-41.96649610996246,-0.0034182965755462646,0.23276352882385254,1223.0,-2.15400604
4083,226304,1,0,7056,-0.029606203199364245,0.03508735878858715,0.0004092704424510632,0.027779207,0.9472426176071167,0.2,0.2899169921875,-41.97716820240021,-0.0287681482732296,-1.8471193313598633,1223.0,-2.15391107
2552,226816,2,0,7072,-0.012566754914587364,0.16728804330341518,0.0004092704424510632,0.009761797,0.9474055767059326,0.2,0.1177978515625,-41.998255252838135,0.03601301461458206,0.6279808878898621,1223.0,-2.15391107
2263,227328,3,0,7088,-0.023363840780803002,0.005243040737695992,0.0004092704424510632,0.017757604,0.9461483955383301,0.2,0.2384033203125,-41.97948670387268,-0.02479265257716179,-1.2459194660186768,1223.0,-2.15391107
2141,227840,4,0,7104,-0.021976159230689518,0.00264218054144294,0.0004092704424510632,0.014628756,0.9465433955192566,0.2,0.2049560546875,-41.959614992141724,-0.03080849163234234,-0.12089848518371582,1223.0,-2.1543918300000002
2075,228352,5,1,7120,-0.021352238807594404,0.19637888844590634,0.0004092704424510632,0.01738147,0.9464849829673767,0.2,0.1409912109375,-41.96473169326782,-0.006757589057087898,0.20823246240615845,1223.0,-2.1543918300000002
2029,228864,6,1,7136,-0.019732592103537172,0.04864914028439671,0.0004092704424510632,0.016219007,0.9457234144210815,0.2,0.2144775390625,-41.94815385341644,-0.008979329839348793,-2.716542959213257,1223.0,-2.15501143
1997,229376,7,1,7152,-0.013736462220549583,0.16714369133114815,0.0004092704424510632,0.012666667,0.9456157684326172,0.2,0.12548828125,-41.92820382118225,0.03440827503800392,0.5760848522186279,1223.0,-2.15501143
1974,229888,8,2,7168,-0.02184116141870618,0.08153364225290716,0.0004092704424510632,0.013796318,0.9456191062927246,0.2,0.2154541015625,-41.929571986198425,0.0013487711548805237,0.4645557403564453,1223.0,-2.15501143
1955,230400,9,2,7184,-0.029509771818993613,0.1599213951267302,0.0004092704424510632,0.033520423,0.9456556439399719,0.2,0.318603515625,-41.93149816989899,0.04802844673395157,0.468774676322937,1223.0,-2.1561129199999995
1940,230912,10,2,7200,-0.024820274389639962,0.03845085733337328,0.0004092704424510632,0.03440257,0.9445242285728455,0.2,0.305908203125,-41.91585576534271,-0.02251967415213585,0.9062660932540894,1223.0,-2.1561129199999995
1928,231424,11,2,7216,-0.019545011266018264,0.05292370042297989,0.0004092704424510632,0.018652858,0.946018397808075,0.2,0.2081298828125,-41.89722990989685,-0.019977565854787827,-3.3564209938049316,1223.0,-2.1565292499999997
1919,231936,12,3,7232,-0.01896004274021834,0.12721630884334445,0.0004092704424510632,0.017737638,0.9463739991188049,0.2,0.1300048828125,-41.938358187675476,0.004003588110208511,0.5715665817260742,1223.0,-2.1565292499999997
1913,232448,13,3,7248,-0.021979373006615788,0.018457971251336858,0.0004092704424510632,0.018802918,0.9456969499588013,0.2,0.2647705078125,-41.91844141483307,-0.02184954099357128,-1.3940200805664062,1223.0,-2.1535467099999996
1909,232960,14,3,7264,-0.021278423242620192,0.17083913064561784,0.0004092704424510632,0.019086037,0.9454213380813599,0.2,0.1409912109375,-41.90271556377411,0.0021298378705978394,0.32563072443008423,1223.0,-2.1535467099999996
1904,233472,15,4,7280,-0.030698858288815245,0.0028889253444503993,0.0004092704424510632,0.016653001,0.9452885985374451,0.2,0.2803955078125,-41.89254570007324,-0.03681092709302902,-1.100867748260498,1223.0,-2.1535467099999996
1899,233984,16,4,7296,-0.027077878679847345,0.002808963443385437,0.0004092704424510632,0.015732318,0.9466423392295837,0.2,0.22314453125,-41.89927279949188,-0.033629920333623886,0.03444397449493408,1223.0,-2.15207836
1894,234496,17,4,7312,-0.020935283100698143,0.24219579878263175,0.0004092704424510632,0.013103848,0.9471399784088135,0.2,0.1646728515625,-41.92682147026062,-0.005135158076882362,0.06614351272583008,1223.0,-2.15207836
1888,235008,18,4,7328,-0.021431348330224864,0.037219133344478905,0.0004092704424510632,0.013701158,0.9481022953987122,0.2,0.2041015625,-41.93873584270477,-0.020793326199054718,-2.874195098876953,1223.0,-2.15268836
1882,235520,19,5,7344,-0.016581296229560394,0.14715931471437216,0.0004092704424510632,0.01563038,0.9492928385734558,0.2,0.1455078125,-41.977105140686035,0.021606050431728363,0.5601546764373779,1223.0,-2.15268836
1877,236032,20,5,7360,-0.02154882240574807,0.03879282146226615,0.0004092704424510632,0.022177862,0.949924647808075,0.2,0.26708984375,-42.011486291885376,-0.013291419483721256,-1.5282890796661377,1223.0,-2.15268836
1875,236544,21,5,7376,-0.029392059019301087,0.1453916619066149,0.0004092704424510632,0.022083387,0.9492733478546143,0.2,0.2275390625,-42.01488780975342,0.04248886927962303,0.6799958944320679,1223.0,-2.15325278
1874,237056,22,6,7392,-0.020606189063983038,0.019141662793117575,0.0004092704424510632,0.02229422,0.9504530429840088,0.2,0.270263671875,-42.01261556148529,-0.022437769919633865,0.882587730884552,1223.0,-2.15325278
1872,237568,23,6,7408,-0.026606051600538194,0.022002385725500062,0.0004092704424510632,0.020884696,0.9517880082130432,0.2,0.2803955078125,-42.05526661872864,-0.028485137969255447,-2.871669292449951,1223.0,-2.1545315400000002
1872,238080,24,6,7424,-0.017161603358545108,0.20439446810632944,0.0004092704424510632,0.015153044,0.9517924189567566,0.2,0.11572265625,-42.077651500701904,0.0073267146944999695,0.2260340452194214,1223.0,-2.1545315400000002
1872,238592,25,6,7440,-0.023957751851412468,0.021453728375490755,0.0004092704424510632,0.027783226,0.9519089460372925,0.2,0.3031005859375,-42.07187116146088,-0.024723071604967117,-2.035503387451172,1223.0,-2.15224665
1871,239104,26,7,7456,-0.017426181526388973,0.16148562892340124,0.0004092704424510632,0.017447535,0.9517495036125183,0.2,0.1119384765625,-42.06877815723419,0.012021172791719437,0.3334348201751709,1223.0,-2.15224665
1870,239616,27,7,7472,-0.030643967795185745,0.023530273174401373,0.0004092704424510632,0.022874987,0.9518336653709412,0.2,0.2901611328125,-42.06466293334961,-0.024537544697523117,-0.010894060134887695,1223.0,-2.15224665
1868,240128,28,7,7488,-0.025708227301947773,0.009326178638730198,0.0004092704424510632,0.025635168,0.9535315632820129,0.2,0.28369140625,-42.0856066942215,-0.03652935475111008,-1.999251365661621,1223.0,-2.15108519
1866,240640,29,7,7504,-0.02224649119307287,0.201909831026569,0.0004092704424510632,0.016760763,0.9545658230781555,0.2,0.1768798828125,-42.13455867767334,-0.010779494419693947,0.15029287338256836,1223.0,-2.15108519
1864,241152,30,8,7520,-0.019821925103315152,0.022538935154443607,0.0004092704424510632,0.017803885,0.953961968421936,0.2,0.229736328125,-42.13803017139435,-0.023702356964349747,-3.280978202819824,1223.0,-2.15082401
1862,241664,31,8,7536,-0.017823935115302447,0.1791070003528148,0.0004092704424510632,0.014625141,0.9531952142715454,0.2,0.1292724609375,-42.09613800048828,0.002471666783094406,0.19232559204101562,1223.0,-2.15082401
1859,242176,32,8,7552,-0.028092325519537553,0.018009953142609447,0.0004092704424510632,0.03394702,0.9543836116790771,0.2,0.3515625,-42.09240758419037,-0.026931583881378174,-1.65586256980896,1223.0,-2.15094674
1858,242688,33,9,7568,-0.01741175728966482,0.15368726197630167,0.0004092704424510632,0.01763043,0.9549693465232849,0.2,0.1563720703125,-42.124850273132324,0.026870012283325195,0.48986518383026123,1223.0,-2.15094674
1857,243200,34,9,7584,-0.033898157213116065,0.0037653237450285815,0.0004092704424510632,0.024727074,0.9543100595474243,0.2,0.3050537109375,-42.125184535980225,-0.047896016389131546,-2.1647095680236816,1223.0,-2.15094674
1857,243712,35,9,7600,-0.024748295196332037,0.00235112586960895,0.0004092704424510632,0.013574703,0.956278383731842,0.2,0.21484375,-42.13326930999756,-0.027934350073337555,-0.09726381301879883,1223.0,-2.14787416
1857,244224,36,9,7616,-0.022070722116040997,0.2528938775649294,0.0004092704424510632,0.021476608,0.9575222134590149,0.2,0.1361083984375,-42.18327820301056,0.00925559364259243,0.1651102900505066,1223.0,-2.14787416
1856,244736,37,10,7632,-0.02343705148086883,0.022273337235674262,0.0004092704424510632,0.023368888,0.9582158327102661,0.2,0.2833251953125,-42.20562422275543,-0.024622909724712372,-2.8158552646636963,1223.0,-2.1477590200000005
1855,245248,38,10,7648,-0.018742538843071088,0.23727566725574434,0.0004092704424510632,0.0168531,0.958199679851532,0.2,0.1129150390625,-42.22413969039917,-0.004945062100887299,0.19967186450958252,1223.0,-2.1477590200000005
1855,245760,39,10,7664,-0.023648526053875685,0.02086344501003623,0.0004092704424510632,0.020113751,0.9572091698646545,0.2,0.25390625,-42.20417308807373,-0.024890022352337837,-0.5309848785400391,1223.0,-2.1477590200000005
1849,246272,40,11,7680,-0.03186788833409082,0.014623984548961744,0.0004092704424510632,0.021946572,0.956547200679779,0.2,0.299072265625,-42.17405962944031,-0.03404252231121063,-0.37361812591552734,1223.0,-2.1456758700000003
1847,246784,41,11,7696,-0.023394850388285704,0.09276888077147305,0.0004092704424510632,0.03239224,0.956203818321228,0.2,0.2117919921875,-42.159594893455505,-0.015210699290037155,0.5482820272445679,1223.0,-2.1456758700000003
1846,247296,42,11,7712,-0.023285004834178835,0.05587346956599504,0.0004092704424510632,0.025222357,0.9575437307357788,0.2,0.271240234375,-42.16526782512665,-0.004778051748871803,-2.4969823360443115,1223.0,-2.14574454
1845,247808,43,11,7728,-0.014593987027183175,0.1613677612040192,0.0004092704424510632,0.013109272,0.9580299854278564,0.2,0.1217041015625,-42.1948561668396,0.012057874351739883,0.6404452323913574,1223.0,-2.14574454
1845,248320,44,12,7744,-0.024305013572302414,0.043923186080064625,0.0004092704424510632,0.0187487,0.9575481414794922,0.2,0.2469482421875,-42.187618017196655,-0.00997878797352314,-1.8392524719238281,1223.0,-2.14532351
1845,248832,45,12,7760,-0.011580850085010752,0.20075678289867938,0.0004092704424510632,0.010150302,0.9570403099060059,0.2,0.094482421875,-42.16644084453583,0.09018269181251526,0.6345583200454712,1223.0,-2.14532351
1845,249344,46,12,7776,-0.026280536942067556,0.0025708641587698366,0.0004092704424510632,0.016580539,0.9559839963912964,0.2,0.2373046875,-42.14242327213287,-0.04674527794122696,-1.4053757190704346,1223.0,-2.14532351
1845,249856,47,13,7792,-0.028206117131048813,0.002690872843231773,0.0004092704424510632,0.016301148,0.9538840055465698,0.2,0.2430419921875,-42.085954666137695,-0.03406689688563347,-0.3061448335647583,1223.0,-2.14252432
1845,250368,48,13,7808,-0.019074976997217163,0.21119642769917846,0.0004092704424510632,0.01836845,0.9527600407600403,0.2,0.1563720703125,-42.01705348491669,-0.002206772565841675,0.1915990114212036,1223.0,-2.14252432
1845,250880,49,13,7824,-0.026943859687889926,0.07713970309123397,0.0004092704424510632,0.019385166,0.9521693587303162,0.2,0.24072265625,-41.98991680145264,-0.004626728594303131,-1.7986083030700684,1223.0,-2.14247921
1844,251392,50,13,7840,-0.018465853114321362,0.17708543955814093,0.0004092704424510632,0.01552259,0.9517499208450317,0.2,0.1605224609375,-41.97732388973236,0.006088711321353912,0.2590624690055847,1223.0,-2.14247921
1843,251904,51,14,7856,-0.03186689838184975,0.029442221333738416,0.0004092704424510632,0.020133067,0.9515376687049866,0.2,0.3155517578125,-41.96723473072052,-0.03302767872810364,0.11206340789794922,1223.0,-2.14247921
1843,252416,52,14,7872,-0.025269357531215064,0.10170656372793019,0.0004092704424510632,0.022197755,0.9503793120384216,0.2,0.218994140625,-41.94365322589874,0.009104695171117783,0.5586198568344116,1223.0,-2.1408568399999997
1842,252928,53,14,7888,-0.025690559326903895,0.04132363953976892,0.0004092704424510632,0.04686622,0.9505742788314819,0.2,0.3006591796875,-41.913986802101135,-0.022788748145103455,0.8838775753974915,1223.0,-2.1408568399999997
1841,253440,54,15,7904,-0.019641294900793582,0.040821056871209294,0.0004092704424510632,0.018313114,0.951597273349762,0.2,0.230712890625,-41.927038073539734,-0.007823239080607891,-3.364560127258301,1223.0,-2.13879528
1839,253952,55,15,7920,-0.01749925158219412,0.13676023506559432,0.0004092704424510632,0.017670993,0.9520971179008484,0.2,0.1556396484375,-41.95080530643463,0.03081268072128296,0.5711463093757629,1223.0,-2.13879528
1839,254464,56,15,7936,-0.02678549909614958,0.050296643865294755,0.0004092704424510632,0.020993982,0.9527822732925415,0.2,0.2562255859375,-41.96669316291809,-0.015935126692056656,-2.082736015319824,1223.0,-2.13696939
1838,254976,57,15,7952,-0.021744113801105414,0.16396532976068556,0.0004092704424510632,0.017236533,0.9523700475692749,0.2,0.1690673828125,-41.979910016059875,0.021232889965176582,0.6607507467269897,1223.0,-2.13696939
1838,255488,58,16,7968,-0.03211517640738748,0.0031399937033711467,0.0004092704424510632,0.024324102,0.9516044855117798,0.2,0.302001953125,-41.96450078487396,-0.03368226811289787,-2.8976073265075684,1223.0,-2.13696939
1838,256000,59,16,7984,-0.03134065579797607,0.003056142566492781,0.0004092704424510632,0.020285232,0.9528695344924927,0.2,0.2818603515625,-41.9724987745285,-0.039592597633600235,0.023974835872650146,1223.0,-2.13801919
1838,256512,60,16,8000,-0.02156888644094579,0.166538318968378,0.0004092704424510632,0.024626283,0.9532457590103149,0.2,0.1845703125,-41.9999418258667,-0.0025313515216112137,0.17313766479492188,1223.0,-2.13801919
1838,257024,61,16,8016,-0.024657822330482304,0.015368677006335929,0.0004092704424510632,0.02425237,0.9537862539291382,0.2,0.290283203125,-42.006234526634216,-0.036696720868349075,-3.5890917778015137,1223.0,-2.1375796
1837,257536,62,17,8032,-0.022586106293601915,0.2312457284424454,0.0004092704424510632,0.01565829,0.9548780918121338,0.2,0.14111328125,-42.03590202331543,-1.601874828338623e-07,0.11280214786529541,1223.0,-2.1375796
1837,258048,63,17,8048,-0.022187432390637696,0.027095248107798398,0.0004092704424510632,0.028632395,0.9550467729568481,0.2,0.291748046875,-42.05827045440674,-0.025393571704626083,-1.7670071125030518,1223.0,-2.1375796
1836,258560,64,17,8064,-0.022891006839927286,0.12086070771329105,0.0004092704424510632,0.016825663,0.9547483921051025,0.2,0.1824951171875,-42.05647850036621,0.02235415391623974,0.7012283802032471,1223.0,-2.1348238100000003
1836,259072,65,18,8080,-0.02684251737082377,0.02307771545019932,0.0004092704424510632,0.023416076,0.9552077054977417,0.2,0.318603515625,-42.04578673839569,-0.023975703865289688,0.82066810131073,1223.0,-2.1348238100000003
1835,259584,66,18,8096,-0.027851185164763592,0.02535762987099588,0.0004092704424510632,0.02800791,0.9552819728851318,0.2,0.2978515625,-42.06025266647339,-0.028166955336928368,-3.1702170372009277,1223.0,-2.1362362299999997
1835,260096,67,18,8112,-0.014694042678456753,0.15758451994042844,0.0004092704424510632,0.018814385,0.9548521637916565,0.2,0.1168212890625,-42.061662554740906,0.007284101098775864,0.30700433254241943,1223.0,-2.1362362299999997
1834,260608,68,18,8128,-0.01981478143716231,0.017811841680668294,0.0004092704424510632,0.01744146,0.9530152082443237,0.2,0.223876953125,-42.03109323978424,-0.014938266947865486,-1.7103564739227295,1223.0,-2.13587725
1834,261120,69,19,8144,-0.015614738542353734,0.20456406369339675,0.0004092704424510632,0.014796594,0.9519259333610535,0.2,0.1090087890625,-41.97252571582794,0.01610540971159935,0.19142985343933105,1223.0,-2.13587725
1833,261632,70,19,8160,-0.021271515914122574,0.05989649682305753,0.0004092704424510632,0.014625237,0.9522641897201538,0.2,0.212646484375,-41.95490801334381,-0.006116636097431183,0.21209228038787842,1223.0,-2.13587725
1833,262144,71,19,8176,-0.02717783315165434,0.019704097125213593,0.0004092704424510632,0.028110899,0.9535700678825378,0.2,0.307861328125,-41.98344385623932,-0.02287812903523445,-1.9725427627563477,1223.0,-2.1350939799999997
1833,262656,72,20,8192,-0.014872116211336106,0.1656724038766697,0.0004092704424510632,0.01357602,0.9533665776252747,0.2,0.104248046875,-42.006131291389465,0.010163888335227966,0.23682117462158203,1223.0,-2.1350939799999997
1833,263168,73,20,8208,-0.021071149298222736,0.041936646099202335,0.0004092704424510632,0.020448776,0.9534069895744324,0.2,0.244873046875,-41.99283945560455,-0.016758907586336136,-3.7301735877990723,1223.0,-2.1353577699999997
1833,263680,74,20,8224,-0.02040742535609752,0.14631284750066698,0.0004092704424510632,0.017795116,0.9538012146949768,0.2,0.1373291015625,-42.007848501205444,0.008382495492696762,0.5637201070785522,1223.0,-2.1353577699999997
1832,264192,75,20,8240,-0.025222510186722502,0.02841350226663053,0.0004092704424510632,0.019155368,0.9544914960861206,0.2,0.2745361328125,-42.01999866962433,-0.02418123558163643,-1.8051917552947998,1223.0,-2.13460724
1832,264704,76,21,8256,-0.014430074777919799,0.19233336579054594,0.0004092704424510632,0.014737876,0.9548316597938538,0.2,0.119384765625,-42.02976202964783,0.046490103006362915,0.6839897632598877,1223.0,-2.13460724
1832,265216,77,21,8272,-0.02380946798075456,0.007325507285713684,0.0004092704424510632,0.02006843,0.9547697901725769,0.2,0.2490234375,-42.03147113323212,-0.02635432593524456,-3.931337833404541,1223.0,-2.13460724
1832,265728,78,21,8288,-0.024977548979222775,0.002501419119653292,0.0004092704424510632,0.015327996,0.9533458948135376,0.2,0.233154296875,-42.00092172622681,-0.027683191001415253,-0.06548643112182617,1223.0,-2.13403771
1832,266240,79,22,8304,-0.014485793159110472,0.20325534557923675,0.0004092704424510632,0.015638657,0.952535092830658,0.2,0.123291015625,-41.95868670940399,-0.004293844103813171,0.17625313997268677,1223.0,-2.13403771
1832,266752,80,22,8320,-0.017988650492043234,0.038543384114746004,0.0004092704424510632,0.021330152,0.9537569880485535,0.2,0.1944580078125,-41.96461641788483,-0.000378509983420372,-2.873227119445801,1223.0,-2.13276692
1831,267264,81,22,8336,-0.015434775807079859,0.1479993409011513,0.0004092704424510632,0.015774477,0.9539732336997986,0.2,0.1181640625,-42.01117968559265,0.00400901585817337,0.309009850025177,1223.0,-2.13276692
1831,267776,82,22,8352,-0.023226423109008465,0.0070410802436526865,0.0004092704424510632,0.01861629,0.9527040123939514,0.2,0.2408447265625,-41.988422870635986,-0.02980705350637436,-2.2597124576568604,1223.0,-2.13276692
1831,268288,83,23,8368,-0.02185959735652432,0.0020952269915142097,0.0004092704424510632,0.014353697,0.9527650475502014,0.2,0.212646484375,-41.979440569877625,-0.027010440826416016,0.14160257577896118,1223.0,-2.1311653799999997
1832,268800,84,23,8384,-0.021409491659142077,0.14222686411812901,0.0004092704424510632,0.0171714,0.9525783061981201,0.2,0.1651611328125,-41.991273403167725,-0.006944861263036728,0.21626728773117065,1223.0,-2.1311653799999997
1831,269312,85,23,8400,-0.02684412256348878,0.025540940754581243,0.0004092704424510632,0.025758844,0.9529532194137573,0.2,0.29345703125,-41.98171007633209,-0.0280867051333189,-3.012723445892334,1223.0,-2.13022893
1831,269824,86,24,8416,-0.018023791635641828,0.2378175570629537,0.0004092704424510632,0.016775098,0.9525235891342163,0.2,0.1429443359375,-41.989176630973816,0.021309636533260345,0.10449528694152832,1223.0,-2.13022893
1831,270336,87,24,8432,-0.021823028626386076,0.011159420435433276,0.0004092704424510632,0.021207903,0.9528968334197998,0.2,0.28515625,-41.97849369049072,-0.03259533271193504,-1.893582820892334,1223.0,-2.12856609
1831,270848,88,24,8448,-0.016651587080559693,0.2437217840924859,0.0004092704424510632,0.016453918,0.9525192975997925,0.2,0.1158447265625,-41.986056089401245,0.02720530331134796,0.24925732612609863,1223.0,-2.12856609
1831,271360,89,24,8464,-0.022436915038269944,0.0057744570294744335,0.0004092704424510632,0.017988088,0.9522519111633301,0.2,0.2554931640625,-41.968135356903076,-0.020084328949451447,-2.702533721923828,1223.0,-2.12856609
1831,271872,90,25,8480,-0.025662248037406243,0.00262200571160065,0.0004092704424510632,0.018005675,0.9514194130897522,0.2,0.24365234375,-41.9495609998703,-0.05095552280545235,-0.1898406744003296,1223.0,-2.12646486
1831,272384,91,25,8496,-0.016685882801539265,0.19743301440030336,0.0004092704424510632,0.016734224,0.9513282179832458,0.2,0.132080078125,-41.922311186790466,0.00687069445848465,0.21795105934143066,1223.0,-2.12646486
1831,272896,92,25,8512,-0.029161381018639077,0.04511016164906323,0.0004092704424510632,0.026991341,0.9513833522796631,0.2,0.29345703125,-41.92643451690674,-0.031127426773309708,-3.6750969886779785,1223.0,-2.12499766
1831,273408,93,25,8528,-0.015992219967301935,0.15067752031609416,0.0004092704424510632,0.015511592,0.9518762230873108,0.2,0.133544921875,-41.9377681016922,0.013025984168052673,0.5521326065063477,1223.0,-2.12499766
1831,273920,94,26,8544,-0.029044795694062486,0.047809288022108376,0.0004092704424510632,0.024873778,0.9512520432472229,0.2,0.2830810546875,-41.9353666305542,-0.012635448947548866,-0.7300515174865723,1223.0,-2.12499766
1831,274432,95,26,8560,-0.024161519730114378,0.05625445430632681,0.0004092704424510632,0.017686153,0.9496347308158875,0.2,0.239990234375,-41.88807940483093,-0.0013919025659561157,0.4498344659805298,1223.0,-2.12226397
1831,274944,96,26,8576,-0.020758811151608825,0.040475431917002425,0.0004092704424510632,0.024614712,0.9483343958854675,0.2,0.259033203125,-41.84097611904144,-0.01753421127796173,0.7988408803939819,1223.0,-2.12226397
1831,275456,97,27,8592,-0.027352530654752627,0.03994307341054082,0.0004092704424510632,0.01996725,0.9477706551551819,0.2,0.28662109375,-41.813809275627136,-0.025493483990430832,-2.9105749130249023,1223.0,-2.1209134000000005
1830,275968,98,27,8608,-0.01587851443036925,0.13569243578240275,0.0004092704424510632,0.016974054,0.9474538564682007,0.2,0.1451416015625,-41.798354625701904,0.012979075312614441,0.5864012241363525,1223.0,-2.1209134000000005
1830,276480,99,27,8624,-0.026359739174949937,0.052463439758867025,0.0004092704424510632,0.025635093,0.946692705154419,0.2,0.3017578125,-41.77558159828186,-0.013246940448880196,-1.6484897136688232,1223.0,-2.1173262900000003
1831,276992,100,27,8640,-0.018480120168533176,0.16855598404072225,0.0004092704424510632,0.01597945,0.9460080862045288,0.2,0.1400146484375,-41.75694823265076,0.03400687128305435,0.6134406328201294,1223.0,-2.1173262900000003
1831,277504,101,28,8656,-0.028388689504936337,0.004652011684811441,0.0004092704424510632,0.024822801,0.9484612345695496,0.2,0.2828369140625,-41.77584111690521,-0.0444268062710762,-3.174058437347412,1223.0,-2.1173262900000003
1831,278016,102,28,8672,-0.02608763460739283,0.0024422180322289933,0.0004092704424510632,0.014101865,0.9481049180030823,0.2,0.23046875,-41.83957850933075,-0.03456716984510422,-0.2793844938278198,1223.0,-2.11691472
1831,278528,103,28,8688,-0.012999845639569685,0.17734742537140846,0.0004092704424510632,0.013669096,0.9475759863853455,0.2,0.1004638671875,-41.80390000343323,-0.011867573484778404,0.18719905614852905,1223.0,-2.11691472
1831,279040,104,29,8704,-0.021659661055309698,0.05166703352006152,0.0004092704424510632,0.018487308,0.9485661387443542,0.2,0.218017578125,-41.80449891090393,-0.018055040389299393,-3.211920738220215,1223.0,-2.11549333
1832,279552,105,29,8720,-0.016011604422601522,0.16829273337498307,0.0004092704424510632,0.0155467205,0.9484663605690002,0.2,0.1654052734375,-41.82585382461548,0.018635530024766922,0.6116752624511719,1223.0,-2.11549333
1831,280064,106,29,8736,-0.02408903963805642,0.021858389547560364,0.0004092704424510632,0.018066838,0.9470187425613403,0.2,0.2659912109375,-41.799012660980225,-0.024108096957206726,-1.5737342834472656,1223.0,-2.11549333
1831,280576,107,29,8752,-0.025896792707499117,0.08550326735712588,0.0004092704424510632,0.021751024,0.9457348585128784,0.2,0.2589111328125,-41.74700593948364,-0.00922061875462532,0.6536328792572021,1223.0,-2.11521114
1831,281088,108,30,8768,-0.021699339587939903,0.029553361586295068,0.0004092704424510632,0.027109057,0.9434669017791748,0.2,0.306396484375,-41.695958852767944,-0.011774364858865738,0.6064107418060303,1223.0,-2.11521114
1831,281600,109,30,8784,-0.030454132822342217,0.01653342496138066,0.0004092704424510632,0.02889061,0.9433426856994629,0.2,0.3095703125,-41.64433944225311,-0.034333840012550354,-2.684145927429199,1223.0,-2.11447172
1831,282112,110,30,8800,-0.016278316936222836,0.2146343266358599,0.0004092704424510632,0.017332043,0.9432151317596436,0.2,0.1199951171875,-41.64999568462372,0.005129124969244003,0.12816298007965088,1223.0,-2.11447172
1831,282624,111,31,8816,-0.019326969661051407,0.07603013620246202,0.0004092704424510632,0.01873973,0.9424334764480591,0.2,0.2213134765625,-41.637028217315674,0.0008834917098283768,-0.8442063331604004,1223.0,-2.11254379
1830,283136,112,31,8832,-0.021372517599957064,0.13274355349130929,0.0004092704424510632,0.01606872,0.9422041177749634,0.2,0.171630859375,-41.629968762397766,0.004319915547966957,0.6359250545501709,1223.0,-2.11254379
1830,283648,113,31,8848,-0.02640620991587639,0.01842714039958082,0.0004092704424510632,0.021131735,0.9436609745025635,0.2,0.246826171875,-41.65028142929077,-0.03237324580550194,-1.8576977252960205,1223.0,-2.11254379
1830,284160,114,31,8864,-0.026121875882381573,0.002398405340500176,0.0004092704424510632,0.01546544,0.9449532628059387,0.2,0.2532958984375,-41.71320164203644,-0.03152259811758995,0.07183533906936646,1223.0,-2.1140900200000003
1831,284672,115,32,8880,-0.02185842252220027,0.1152590504498221,0.0004092704424510632,0.024595637,0.9439905881881714,0.2,0.17236328125,-41.72318637371063,-0.01705285906791687,0.31992465257644653,1223.0,-2.1140900200000003
1831,285184,116,32,8896,-0.025098198821069673,0.013619844859931618,0.0004092704424510632,0.02252942,0.9436936974525452,0.2,0.2786865234375,-41.68750286102295,-0.03127167373895645,-4.7867751121521,1223.0,-2.11351292
1831,285696,117,32,8912,-0.020005369806312956,0.28012721391860396,0.0004092704424510632,0.019585311,0.9431302547454834,0.2,0.255126953125,-41.67959785461426,0.0033706091344356537,0.03880542516708374,1223.0,-2.11351292
1830,286208,118,32,8928,-0.025123215600615367,0.009071227963431738,0.0004092704424510632,0.022414293,0.9417393803596497,0.2,0.2659912109375,-41.64800786972046,-0.029857104644179344,-1.4854414463043213,1223.0,-2.1114807100000004
1830,286720,119,33,8944,-0.014364855363965034,0.1799202454276383,0.0004092704424510632,0.014455446,0.9416712522506714,0.2,0.106201171875,-41.6029167175293,0.014709215611219406,0.45071935653686523,1223.0,-2.1114807100000004
1830,287232,120,33,8960,-0.028710329468594864,0.0038721699893358164,0.0004092704424510632,0.018681386,0.9416468143463135,0.2,0.3038330078125,-41.6096088886261,-0.03855152055621147,-1.2094337940216064,1223.0,-2.1114807100000004
1830,287744,121,33,8976,-0.02092366434953874,0.0034456273569958284,0.0004092704424510632,0.0154958945,0.941007673740387,0.2,0.2030029296875,-41.58995723724365,-0.03804105892777443,-0.236680269241333,1223.0,-2.1125409100000003
1830,288256,122,34,8992,-0.0180589304654859,0.17576745199039578,0.0004092704424510632,0.016535416,0.9407811760902405,0.2,0.1373291015625,-41.58560001850128,0.009927401319146156,0.2349938154220581,1223.0,-2.1125409100000003
1829,288768,123,34,9008,-0.02375337918056175,0.019161878008162603,0.0004092704424510632,0.02359388,0.9395750761032104,0.2,0.26611328125,-41.558050751686096,-0.02069428563117981,-2.999591112136841,1223.0,-2.1119477900000003
1829,289280,124,34,9024,-0.02221531089162454,0.3093970681075007,0.0004092704424510632,0.020642873,0.9390275478363037,0.2,0.20703125,-41.52368521690369,0.014967747032642365,0.05387616157531738,1223.0,-2.1119477900000003
1829,289792,125,34,9040,-0.02179926569806412,0.008125058593577705,0.0004092704424510632,0.017395653,0.9393457174301147,0.2,0.2374267578125,-41.51842641830444,-0.02698914147913456,-0.624326229095459,1223.0,-2.1119477900000003
1829,290304,126,35,9056,-0.03186952232499607,0.01626726458198391,0.0004092704424510632,0.025014706,0.9409061074256897,0.2,0.3193359375,-41.54587411880493,-0.03362441435456276,0.22331732511520386,1223.0,-2.11064396
1830,290816,127,35,9072,-0.019385716193937697,0.10123527841642499,0.0004092704424510632,0.022961749,0.9404550194740295,0.2,0.1827392578125,-41.56785762310028,-0.003877459093928337,0.5874524116516113,1223.0,-2.11064396
1830,291328,128,35,9088,-0.01749700598884374,0.018679769564187154,0.0004092704424510632,0.018905472,0.9413430094718933,0.2,0.2186279296875,-41.55992925167084,-0.011077876202762127,-4.390761375427246,1223.0,-2.11016561
1830,291840,129,36,9104,-0.01618871140817646,0.27768430474679917,0.0004092704424510632,0.01579921,0.9417382478713989,0.2,0.1204833984375,-41.59856390953064,-0.000258076936006546,0.10778939723968506,1223.0,-2.11016561
1830,292352,130,36,9120,-0.02524050246574916,0.027934415207710117,0.0004092704424510632,0.03802422,0.9437467455863953,0.2,0.310546875,-41.62433111667633,-0.033938318490982056,-2.1515464782714844,1223.0,-2.1096237500000004
1830,292864,131,36,9136,-0.022088925543357618,0.17245779838413,0.0004092704424510632,0.01909462,0.9441736340522766,0.2,0.1634521484375,-41.680861473083496,0.02606092393398285,0.47074806690216064,1223.0,-2.1096237500000004
1830,293376,132,36,9152,-0.020191202056594193,0.0033176265460497234,0.0004092704424510632,0.015969554,0.9447122812271118,0.2,0.2071533203125,-41.68433105945587,-0.0352524071931839,-2.3146135807037354,1223.0,-2.1096237500000004
1829,293888,133,37,9168,-0.02711626497330144,0.002711731427552877,0.0004092704424510632,0.018043723,0.9451432228088379,0.2,0.27490234375,-41.70745360851288,-0.04402719810605049,-0.09991705417633057,1223.0,-2.10921013
1829,294400,134,37,9184,-0.020478644088143483,0.2216437142342329,0.0004092704424510632,0.016241863,0.9450721740722656,0.2,0.1043701171875,-41.71744215488434,0.003774348646402359,0.24089068174362183,1223.0,-2.10921013
1829,294912,135,37,9200,-0.0300912183301989,0.04224520147545263,0.0004092704424510632,0.025573643,0.9437597990036011,0.2,0.293212890625,-41.694353103637695,-0.028652403503656387,-4.18296480178833,1223.0,-2.10739542
1829,295424,136,38,9216,-0.01631483851815574,0.18376069143414497,0.0004092704424510632,0.01998873,0.9434329867362976,0.2,0.10302734375,-41.657841086387634,0.024155858904123306,0.44606131315231323,1223.0,-2.10739542
1829,295936,137,38,9232,-0.02870871360937599,0.01707272935891524,0.0004092704424510632,0.027354874,0.944810152053833,0.2,0.3099365234375,-41.66999077796936,-0.03137107193470001,-1.4688889980316162,1223.0,-2.10739542
1829,296448,138,38,9248,-0.01631505708792247,0.07996669434942305,0.0004092704424510632,0.013656199,0.9443893432617188,0.2,0.148193359375,-41.68518543243408,0.014721505343914032,0.5658330917358398,1223.0,-2.10587372
1829,296960,139,38,9264,-0.02672787819756195,0.037832785077625886,0.0004092704424510632,0.03209573,0.9440422058105469,0.2,0.3043212890625,-41.67413020133972,-0.03493907302618027,0.8816250562667847,1223.0,-2.10587372
1829,297472,140,39,9280,-0.02238268475048244,0.02194827183848247,0.0004092704424510632,0.019010874,0.9442459940910339,0.2,0.2691650390625,-41.67888414859772,-0.02573433704674244,-3.4963064193725586,1223.0,-2.10498307
1829,297984,141,39,9296,-0.018424272486299742,0.2183186998590827,0.0004092704424510632,0.020066457,0.9444853663444519,0.2,0.1328125,-41.68632638454437,0.01132061704993248,0.16845393180847168,1223.0,-2.10498307
1829,298496,142,39,9312,-0.029667464550584555,0.0071265925507759675,0.0004092704424510632,0.026131662,0.9443966746330261,0.2,0.335205078125,-41.68686485290527,-0.03359714522957802,-1.765594720840454,1223.0,-2.10087932
1829,299008,143,40,9328,-0.01613822540093679,0.34772455506026745,0.0004092704424510632,0.016189696,0.9436094760894775,0.2,0.1341552734375,-41.671242117881775,0.012270726263523102,0.0617673397064209,1223.0,-2.10087932
1829,299520,144,40,9344,-0.0315520517542609,0.004864717389864381,0.0004092704424510632,0.019855518,0.943884551525116,0.2,0.318359375,-41.65786111354828,-0.04836428165435791,-1.8055486679077148,1223.0,-2.10087932
1829,300032,145,40,9360,-0.028082361866836436,0.002514253923436627,0.0004092704424510632,0.0173635,0.9463027119636536,0.2,0.2586669921875,-41.700581550598145,-0.04112127795815468,-0.3643096685409546,1223.0,-2.0988740800000003
1829,300544,146,40,9376,-0.017825590643042233,0.23897736077196896,0.0004092704424510632,0.016486555,0.9469013810157776,0.2,0.1402587890625,-41.77220380306244,0.007857561111450195,0.21030038595199585,1223.0,-2.0988740800000003
1829,301056,147,41,9392,-0.023067744114086963,0.03053723051561974,0.0004092704424510632,0.019972028,0.9459958076477051,0.2,0.2225341796875,-41.76564264297485,-0.03611820191144943,-4.680556297302246,1223.0,-2.0988458100000003
