time/fps,time/iterations,time/time_elapsed,time/total_timesteps,train/clip_fraction,train/std,train/policy_gradient_loss,train/approx_kl,train/loss,train/value_loss,train/entropy_loss,train/learning_rate,train/clip_range,train/explained_variance,train/n_updates,rollout/ep_len_mean,rollout/ep_rew_mean
3182,1,0,512,,,,,,,,,,,,,
2187,2,0,1024,0.24267578125,0.999627947807312,-0.02637090702774003,0.017792953,-0.01866239681839943,0.2095510914150509,-43.98117005825043,0.0004092704424510632,0.2,-0.4118844270706177,16,,
1988,3,0,1536,0.2799072265625,0.9986118674278259,-0.02523063513217494,0.02080984,-0.035527147352695465,0.009582799830241129,-43.96033477783203,0.0004092704424510632,0.2,-0.032895565032958984,32,1258.0,-3.263679
1900,4,1,2048,0.32470703125,0.9992253184318542,-0.02876651650876738,0.02631341,-0.0291813462972641,0.027039100910769776,-43.94643521308899,0.0004092704424510632,0.2,0.005742192268371582,48,1258.0,-3.263679
1846,5,1,2560,0.26025390625,0.9981138110160828,-0.027948053466388956,0.016293012,-0.04577263444662094,0.012270071601960808,-43.95116877555847,0.0004092704424510632,0.2,-0.009383082389831543,64,1258.0,-3.2043090000000003
1815,6,1,3072,0.2637939453125,0.9979395866394043,-0.025298864842625335,0.017516846,-0.020747734233736992,0.0132166710391175,-43.91624140739441,0.0004092704424510632,0.2,0.003208935260772705,80,1258.0,-3.2043090000000003
1828,7,1,3584,0.305419921875,0.9958615899085999,-0.029217134520877153,0.02320923,-0.04248680919408798,0.01175715698627755,-43.894491314888,0.0004092704424510632,0.2,-0.001997232437133789,96,1258.0,-3.2043090000000003
1839,8,2,4096,0.2333984375,0.9958920478820801,-0.02330657170386985,0.01420372,-0.03377111628651619,0.002693893027753802,-43.8440580368042,0.0004092704424510632,0.2,-0.006856322288513184,112,1258.0,-3.2715710000000002
1845,9,2,4608,0.1849365234375,0.9930022358894348,-0.018683823458559345,0.012034784,-0.015436630696058273,0.005976123706204817,-43.82021939754486,0.0004092704424510632,0.2,0.0016053318977355957,128,1258.0,-3.2715710000000002
1853,10,2,5120,0.237548828125,0.992598295211792,-0.02159392656176351,0.018161122,-0.029272018000483513,0.011262952844845131,-43.74838697910309,0.0004092704424510632,0.2,-0.0037375688552856445,144,1258.0,-3.2950950000000003
1858,11,3,5632,0.24365234375,0.9927220344543457,-0.027085240129963495,0.018155199,-0.032426610589027405,0.006534390558954328,-43.750659108161926,0.0004092704424510632,0.2,-0.0019205808639526367,160,1258.0,-3.2950950000000003
1861,12,3,6144,0.28369140625,0.9902998208999634,-0.02913716158218449,0.023986414,-0.038877520710229874,0.012076221610186622,-43.719536542892456,0.0004092704424510632,0.2,-0.000942230224609375,176,1258.0,-3.2950950000000003
1863,13,3,6656,0.2291259765625,0.9898946285247803,-0.02290867958799936,0.015561075,-0.03961970657110214,0.0037549649496213533,-43.66377353668213,0.0004092704424510632,0.2,-0.0007880926132202148,192,1258.0,-3.3164374000000003
1867,14,3,7168,0.2615966796875,0.9895339608192444,-0.02977865541470237,0.019571615,-0.039485279470682144,0.011024349631043151,-43.66158044338226,0.0004092704424510632,0.2,-0.0018360614776611328,208,1258.0,-3.3164374000000003
1870,15,4,7680,0.29833984375,0.9893454313278198,-0.029689066956052557,0.033390407,-0.03305749595165253,0.015981168544385582,-43.64465618133545,0.0004092704424510632,0.2,-0.000821232795715332,224,1258.0,-3.3399061666666667
1873,16,4,8192,0.1929931640625,0.9907801151275635,-0.018586184349260293,0.013713629,-0.004138478077948093,0.022843096579890698,-43.66445207595825,0.0004092704424510632,0.2,-0.0003478527069091797,240,1258.0,-3.3399061666666667
1875,17,4,8704,0.1644287109375,0.9913065433502197,-0.017843962617916986,0.014520928,-0.010961159132421017,0.012408462731400505,-43.69479763507843,0.0004092704424510632,0.2,0.000788271427154541,256,1258.0,-3.3399061666666667
1876,18,4,9216,0.261962890625,0.9906277656555176,-0.028475264844018966,0.018188676,-0.035878490656614304,0.0038718738869647495,-43.69571232795715,0.0004092704424510632,0.2,0.0018968582153320312,272,1258.0,-3.315750285714286
1878,19,5,9728,0.2662353515625,0.9905014634132385,-0.027633741934550926,0.022560379,-0.024436363950371742,0.03517036634730175,-43.67640137672424,0.0004092704424510632,0.2,0.00012630224227905273,288,1258.0,-3.315750285714286
1876,20,5,10240,0.2384033203125,0.9892765283584595,-0.026495321770198643,0.021434654,-0.039362914860248566,0.011168596451170743,-43.655622482299805,0.0004092704424510632,0.2,0.003350377082824707,304,1258.0,-3.2937505000000002
1877,21,5,10752,0.2655029296875,0.988333523273468,-0.02630497474456206,0.020780921,-0.010766731575131416,0.04828916129190475,-43.618072748184204,0.0004092704424510632,0.2,7.832050323486328e-05,320,1258.0,-3.2937505000000002
1877,22,5,11264,0.1953125,0.9863706827163696,-0.025099309175857343,0.020168422,-0.033648781478405,0.011054284608690068,-43.57193195819855,0.0004092704424510632,0.2,0.02039283514022827,336,1258.0,-3.2937505000000002
1878,23,6,11776,0.2080078125,0.9845851063728333,-0.02459694299614057,0.015369111,-0.037375159561634064,0.004132341739023104,-43.509854435920715,0.0004092704424510632,0.2,0.0003992319107055664,352,1258.0,-3.273859888888889
1880,24,6,12288,0.2403564453125,0.9867902398109436,-0.023876576829934493,0.022794344,-0.0010144822299480438,0.06689396023284644,-43.50426781177521,0.0004092704424510632,0.2,0.0002446770668029785,368,1258.0,-3.273859888888889
1881,25,6,12800,0.272705078125,0.9850237965583801,-0.031287149475247134,0.023661662,-0.031207600608468056,0.011533025986864232,-43.526923179626465,0.0004092704424510632,0.2,0.0018429160118103027,384,1258.0,-3.264942
1881,26,7,13312,0.225341796875,0.9830994009971619,-0.025619477208238095,0.01732197,0.011886510998010635,0.08906814944930375,-43.455886006355286,0.0004092704424510632,0.2,0.00039058923721313477,400,1258.0,-3.264942
1882,27,7,13824,0.2347412109375,0.9823475480079651,-0.02327772497665137,0.022671081,-0.03711708262562752,0.010082558714202605,-43.41093921661377,0.0004092704424510632,0.2,0.029265761375427246,416,1258.0,-3.264942
1883,28,7,14336,0.2666015625,0.9820359349250793,-0.026233905271510594,0.024226889,-0.0459170825779438,0.00533575656299945,-43.395509362220764,0.0004092704424510632,0.2,0.002016305923461914,432,1258.0,-3.261021
1884,29,7,14848,0.2855224609375,0.9819870591163635,-0.02744420694943983,0.03137389,-0.013455687090754509,0.05917406268417835,-43.39295315742493,0.0004092704424510632,0.2,0.00018912553787231445,448,1258.0,-3.261021
1884,30,8,15360,0.2298583984375,0.9824467897415161,-0.022822284037829377,0.016673354,-0.025687437504529953,0.015575261117191985,-43.39793908596039,0.0004092704424510632,0.2,0.00130540132522583,464,1258.0,-3.2694721666666666
1884,31,8,15872,0.1956787109375,0.9810225963592529,-0.022265745035838336,0.01579737,0.03393372520804405,0.1419877705629915,-43.391443967819214,0.0004092704424510632,0.2,0.000536799430847168,480,1258.0,-3.2694721666666666
1885,32,8,16384,0.24560546875,0.9806796908378601,-0.026551904287771322,0.017836593,-0.0354142002761364,0.009062945755431429,-43.350940346717834,0.0004092704424510632,0.2,0.029361069202423096,496,1258.0,-3.269797230769231
1885,33,8,16896,0.192626953125,0.9808050394058228,-0.019876788792316802,0.016301448,0.035090018063783646,0.14423738792538643,-43.34864008426666,0.0004092704424510632,0.2,0.0013300180435180664,512,1258.0,-3.269797230769231
1885,34,9,17408,0.2347412109375,0.9796150922775269,-0.028101047792006284,0.017968182,-0.03629056736826897,0.0022551083166035824,-43.33347964286804,0.0004092704424510632,0.2,0.04914063215255737,528,1258.0,-3.269797230769231
1885,35,9,17920,0.202880859375,0.9798563718795776,-0.022191285126609728,0.02097791,-0.026107769459486008,0.0038164398501976393,-43.3059823513031,0.0004092704424510632,0.2,0.0008181929588317871,544,1258.0,-3.2627270714285714
1886,36,9,18432,0.2972412109375,0.979824960231781,-0.02950840105768293,0.026813801,0.0377783328294754,0.16915775695815682,-43.31671726703644,0.0004092704424510632,0.2,0.00041556358337402344,560,1258.0,-3.2627270714285714
1886,37,10,18944,0.2513427734375,0.9796385765075684,-0.024417422071564943,0.023753017,-0.037366658449172974,0.0118191561778076,-43.3145592212677,0.0004092704424510632,0.2,0.016615688800811768,576,1258.0,-3.2599727333333335
1886,38,10,19456,0.1806640625,0.9793511629104614,-0.020502479157585185,0.017523663,0.04957408457994461,0.17987143388018012,-43.29968869686127,0.0004092704424510632,0.2,0.0005588531494140625,592,1258.0,-3.2599727333333335
1887,39,10,19968,0.23974609375,0.9814311861991882,-0.027096909783722367,0.021146324,-0.042698875069618225,0.007056464717607014,-43.325430512428284,0.0004092704424510632,0.2,0.027196943759918213,608,1258.0,-3.2599727333333335
1888,40,10,20480,0.2100830078125,0.9807862639427185,-0.023921907442854717,0.01679023,-0.04276371747255325,0.002577544189989567,-43.36292481422424,0.0004092704424510632,0.2,0.0021935105323791504,624,1258.0,-3.2444395000000004
1888,41,11,20992,0.2139892578125,0.9819532632827759,-0.022637476678937674,0.01686925,0.06578461825847626,0.20591201959177852,-43.3519229888916,0.0004092704424510632,0.2,0.00015866756439208984,640,1258.0,-3.2444395000000004
1888,42,11,21504,0.2529296875,0.981408417224884,-0.028426107397535816,0.01706238,-0.033318884670734406,0.008965825734776445,-43.37558615207672,0.0004092704424510632,0.2,0.08574330806732178,656,1258.0,-3.2481748235294123
1888,43,11,22016,0.2569580078125,0.9812123775482178,-0.027993015944957733,0.026605345,0.06449401378631592,0.21356469159945846,-43.35516607761383,0.0004092704424510632,0.2,0.0013781189918518066,672,1258.0,-3.2481748235294123
1889,44,11,22528,0.23046875,0.9816107153892517,-0.023445815240847878,0.020774495,-0.024931617081165314,0.013110098981996998,-43.352436900138855,0.0004092704424510632,0.2,0.019082367420196533,688,1258.0,-3.2481748235294123
1889,45,12,23040,0.229248046875,0.9809998273849487,-0.023051434196531773,0.019895725,-0.0328851044178009,0.0037326364108594134,-43.358006834983826,0.0004092704424510632,0.2,0.0013765692710876465,704,1258.0,-3.2417625000000005
1890,46,12,23552,0.25244140625,0.9790307283401489,-0.030737718363525346,0.02126684,0.0714285671710968,0.24903565319254994,-43.31347680091858,0.0004092704424510632,0.2,0.00014531612396240234,720,1258.0,-3.2417625000000005
1891,47,12,24064,0.267333984375,0.9807336330413818,-0.0253081182599999,0.022614662,-0.024529261514544487,0.01376197492936626,-43.289114594459534,0.0004092704424510632,0.2,0.013923406600952148,736,1258.0,-3.2452716842105267
1891,48,12,24576,0.2862548828125,0.9817498922348022,-0.031108290364500135,0.020405188,0.07951222360134125,0.24604692170396447,-43.34801626205444,0.0004092704424510632,0.2,6.920099258422852e-05,752,1258.0,-3.2452716842105267
1891,49,13,25088,0.2506103515625,0.9811710715293884,-0.024985892552649602,0.025643397,-0.03255733847618103,0.013978716917335987,-43.353230357170105,0.0004092704424510632,0.2,0.0009674429893493652,768,1258.0,-3.2452716842105267
1891,50,13,25600,0.22216796875,0.980532169342041,-0.022175579084432684,0.019577986,-0.032980047166347504,0.003908708458766341,-43.32631874084473,0.0004092704424510632,0.2,0.0005787014961242676,784,1258.0,-3.250741
1892,51,13,26112,0.2401123046875,0.9799123406410217,-0.02585919908597134,0.028153028,0.1212356686592102,0.26829119259491563,-43.31279706954956,0.0004092704424510632,0.2,0.00019758939743041992,800,1258.0,-3.250741
1892,52,14,26624,0.2919921875,0.9795948266983032,-0.03441322603612207,0.02719101,-0.059995513409376144,0.009899127457174473,-43.290902733802795,0.0004092704424510632,0.2,0.02340644598007202,816,1258.0,-3.2489966666666668
1893,53,14,27136,0.23291015625,0.9788285493850708,-0.026174603786785156,0.01886272,0.10146640986204147,0.28631006786599755,-43.27446007728577,0.0004092704424510632,0.2,0.0001518726348876953,832,1258.0,-3.2489966666666668
1893,54,14,27648,0.20556640625,0.9768460988998413,-0.01972855962230824,0.020092713,-0.021401721984148026,0.013337064592633396,-43.23235261440277,0.0004092704424510632,0.2,0.0026857852935791016,848,1258.0,-3.2489966666666668
1894,55,14,28160,0.1942138671875,0.9768805503845215,-0.020200754894176498,0.019506939,-0.014248097315430641,0.006431851827073842,-43.19366717338562,0.0004092704424510632,0.2,0.00439077615737915,864,1258.0,-3.252384681818182
1894,56,15,28672,0.27197265625,0.9752033352851868,-0.027270335238426924,0.028560115,0.08086182177066803,0.2361299144104123,-43.178569078445435,0.0004092704424510632,0.2,0.0002830624580383301,880,1258.0,-3.252384681818182
1894,57,15,29184,0.2890625,0.9760454297065735,-0.028298165983869694,0.029753849,-0.03912440687417984,0.010085331115988083,-43.13915944099426,0.0004092704424510632,0.2,0.02886176109313965,896,1258.0,-3.2476340869565217
1895,58,15,29696,0.2630615234375,0.9767031669616699,-0.029443383362377062,0.017851103,0.13226932287216187,0.3428371958434582,-43.18026566505432,0.0004092704424510632,0.2,0.00013637542724609375,912,1258.0,-3.2476340869565217
1895,59,15,30208,0.219482421875,0.9766700267791748,-0.022933542117243633,0.017653167,-0.032426510006189346,0.011882621591212228,-43.17915880680084,0.0004092704424510632,0.2,0.0120772123336792,928,1258.0,-3.247665291666667
1895,60,16,30720,0.22412109375,0.9759693145751953,-0.02717619395116344,0.024733175,0.0956219807267189,0.32988776080310345,-43.17257821559906,0.0004092704424510632,0.2,0.00011336803436279297,944,1258.0,-3.247665291666667
1896,61,16,31232,0.23486328125,0.974891722202301,-0.02583378567942418,0.01563948,-0.019618643447756767,0.0025467851846769918,-43.14494073390961,0.0004092704424510632,0.2,-0.0010428428649902344,960,1258.0,-3.247665291666667
1897,62,16,31744,0.262451171875,0.9743096828460693,-0.024295969982631505,0.028328605,-0.03023461252450943,0.006658689220785163,-43.11690545082092,0.0004092704424510632,0.2,0.0007634162902832031,976,1258.0,-3.24264768
1896,63,17,32256,0.2342529296875,0.9738122224807739,-0.02371217278414406,0.01999057,0.11985011398792267,0.3294005002826452,-43.10439717769623,0.0004092704424510632,0.2,6.639957427978516e-05,992,1258.0,-3.24264768
1896,64,17,32768,0.2174072265625,0.9734513759613037,-0.02163534202554729,0.016429322,-0.024566946551203728,0.011964658362558112,-43.090622305870056,0.0004092704424510632,0.2,0.0029737353324890137,1008,1258.0,-3.241607461538462
1896,65,17,33280,0.2039794921875,0.9735565781593323,-0.024420497182291,0.015141874,0.13202160596847534,0.32408574037253857,-43.08583974838257,0.0004092704424510632,0.2,4.83393669128418e-05,1024,1258.0,-3.241607461538462
1896,66,17,33792,0.222412109375,0.973304808139801,-0.020694862221716903,0.022267688,-0.024583877995610237,0.008189986867364496,-43.0804009437561,0.0004092704424510632,0.2,0.010598480701446533,1040,1258.0,-3.241607461538462
1895,67,18,34304,0.1956787109375,0.9731033444404602,-0.021943530184216797,0.015246631,-0.030128777027130127,0.0028018446573696565,-43.070626735687256,0.0004092704424510632,0.2,0.0003757476806640625,1056,1258.0,-3.239093703703704
1894,68,18,34816,0.2259521484375,0.9728255271911621,-0.025470819178735837,0.021328062,0.13884375989437103,0.34122844506055117,-43.06018257141113,0.0004092704424510632,0.2,3.236532211303711e-05,1072,1258.0,-3.239093703703704
1894,69,18,35328,0.1749267578125,0.9731571674346924,-0.017110302462242544,0.01572617,-0.023047124966979027,0.01263287226902321,-43.056790471076965,0.0004092704424510632,0.2,0.0005156397819519043,1088,1258.0,-3.232841142857143
1893,70,18,35840,0.2103271484375,0.9740332961082458,-0.022404073970392346,0.015766494,0.15623632073402405,0.32918905979022384,-43.07402431964874,0.0004092704424510632,0.2,3.814697265625e-05,1104,1258.0,-3.232841142857143
1893,71,19,36352,0.2471923828125,0.97300124168396,-0.024310971435625106,0.019344617,-0.03661996126174927,0.012788969266694039,-43.08250951766968,0.0004092704424510632,0.2,0.0009815096855163574,1120,1258.0,-3.232841142857143
1893,72,19,36864,0.2100830078125,0.9721308350563049,-0.022697399457683787,0.016530799,-0.03984369710087776,0.003235184460208984,-43.04637408256531,0.0004092704424510632,0.2,0.0004951953887939453,1136,1258.0,-3.23420675862069
1894,73,19,37376,0.2081298828125,0.9720214009284973,-0.019563804584322497,0.017643213,0.12601585686206818,0.3524230644106865,-43.03076350688934,0.0004092704424510632,0.2,7.486343383789062e-05,1152,1258.0,-3.23420675862069
1894,74,19,37888,0.274658203125,0.9722930192947388,-0.029731236572843045,0.028146382,-0.03784685209393501,0.010847571858903393,-43.0308552980423,0.0004092704424510632,0.2,0.001542508602142334,1168,1258.0,-3.231640833333334
1894,75,20,38400,0.2891845703125,0.9736170172691345,-0.03243766933155712,0.02354616,0.09097638726234436,0.34085907228291035,-43.052714705467224,0.0004092704424510632,0.2,8.827447891235352e-05,1184,1258.0,-3.231640833333334
1894,76,20,38912,0.229248046875,0.9732762575149536,-0.02606422282406129,0.017027793,-0.025993287563323975,0.012673878140049055,-43.067089319229126,0.0004092704424510632,0.2,0.0024247169494628906,1200,1258.0,-3.231640833333334
1895,77,20,39424,0.22314453125,0.9725099205970764,-0.0253190936637111,0.017571986,-0.038791902363300323,0.005175084828806575,-43.05575954914093,0.0004092704424510632,0.2,0.0004913806915283203,1216,1258.0,-3.233847935483871
1895,78,21,39936,0.2275390625,0.9697960615158081,-0.023212515836348757,0.020999417,0.17252331972122192,0.3634371878579259,-43.00278460979462,0.0004092704424510632,0.2,7.617473602294922e-05,1232,1258.0,-3.233847935483871
1895,79,21,40448,0.2891845703125,0.9673024415969849,-0.030648105006548576,0.031537246,-0.03550850227475166,0.010955534933600575,-42.90913808345795,0.0004092704424510632,0.2,0.007441878318786621,1248,1258.0,-3.2313407499999998
1895,80,21,40960,0.2359619140625,0.9674610495567322,-0.024081346666207537,0.023437858,0.14700645208358765,0.34620109014213085,-42.86815822124481,0.0004092704424510632,0.2,7.659196853637695e-05,1264,1258.0,-3.2313407499999998
1895,81,21,41472,0.2979736328125,0.9669996500015259,-0.031077906023710966,0.030889582,-0.03281303867697716,0.010169112065341324,-42.86625921726227,0.0004092704424510632,0.2,0.00046372413635253906,1280,1258.0,-3.2313407499999998
1896,82,22,41984,0.231201171875,0.9664148688316345,-0.023018966065137647,0.018124346,-0.025553744286298752,0.005968373363430146,-42.845624923706055,0.0004092704424510632,0.2,0.0003883838653564453,1296,1258.0,-3.2305383030303028
1896,83,22,42496,0.3087158203125,0.9661343693733215,-0.03065303454059176,0.034256656,0.11188419163227081,0.3268684963695705,-42.831340193748474,0.0004092704424510632,0.2,5.1021575927734375e-05,1312,1258.0,-3.2305383030303028
1896,84,22,43008,0.2730712890625,0.9680428504943848,-0.02964105672435835,0.02800297,-0.02993953786790371,0.01283083829912357,-42.84931707382202,0.0004092704424510632,0.2,0.0005934834480285645,1328,1258.0,-3.2292947941176466
1896,85,22,43520,0.24658203125,0.9688451290130615,-0.026387052494101226,0.022516076,0.1270878165960312,0.3865986466407776,-42.907485127449036,0.0004092704424510632,0.2,8.428096771240234e-05,1344,1258.0,-3.2292947941176466
1896,86,23,44032,0.225341796875,0.9704424738883972,-0.02508441141981166,0.016208958,-0.033910054713487625,0.009779316038475372,-42.93853449821472,0.0004092704424510632,0.2,0.024360477924346924,1360,1258.0,-3.2283177142857142
1896,87,23,44544,0.227294921875,0.971590518951416,-0.02262041374342516,0.021349885,0.14324980974197388,0.3670525010675192,-42.98751699924469,0.0004092704424510632,0.2,8.89897346496582e-05,1376,1258.0,-3.2283177142857142
1896,88,23,45056,0.2073974609375,0.9728280305862427,-0.02428433738532476,0.017703773,-0.028752274811267853,0.0036509071360342205,-43.01826620101929,0.0004092704424510632,0.2,9.810924530029297e-05,1392,1258.0,-3.2283177142857142
1896,89,24,45568,0.3363037109375,0.9734088778495789,-0.026941513497149572,0.04225631,-0.026072919368743896,0.010431938091642223,-43.04787516593933,0.0004092704424510632,0.2,0.0004298686981201172,1408,1258.0,-3.22305575
1897,90,24,46080,0.2635498046875,0.9732385277748108,-0.024561387559515424,0.017884899,0.16298922896385193,0.37324802577495575,-43.0601350069046,0.0004092704424510632,0.2,9.226799011230469e-05,1424,1258.0,-3.22305575
1897,91,24,46592,0.2471923828125,0.974173367023468,-0.021502150295418687,0.02021129,-0.02463121898472309,0.01365572985378094,-43.05969190597534,0.0004092704424510632,0.2,0.011223435401916504,1440,1258.0,-3.2199526756756756
1897,92,24,47104,0.2215576171875,0.9753072261810303,-0.024330091109732166,0.01737447,0.1121220737695694,0.35662079229950905,-43.095064997673035,0.0004092704424510632,0.2,2.9146671295166016e-05,1456,1258.0,-3.2199526756756756
1897,93,25,47616,0.2723388671875,0.9759153723716736,-0.02299284128821455,0.02563043,-0.030880214646458626,0.015168211655691266,-43.12971270084381,0.0004092704424510632,0.2,2.5391578674316406e-05,1472,1258.0,-3.2199526756756756
1897,94,25,48128,0.218994140625,0.976597011089325,-0.024966667871922255,0.014659608,-0.03575701639056206,0.002879644278436899,-43.14618647098541,0.0004092704424510632,0.2,0.001022934913635254,1488,1258.0,-3.222652894736842
1897,95,25,48640,0.2105712890625,0.9757944941520691,-0.02143649835488759,0.018077042,0.15432432293891907,0.3802573774009943,-43.150909781455994,0.0004092704424510632,0.2,4.458427429199219e-05,1504,1258.0,-3.222652894736842
1897,96,25,49152,0.25244140625,0.9779694080352783,-0.02645873377332464,0.019311488,-0.03387074172496796,0.0123724443546962,-43.160481691360474,0.0004092704424510632,0.2,0.0010297298431396484,1520,1258.0,-3.2225264358974357
1898,97,26,49664,0.193115234375,0.9757704138755798,-0.018593472457723692,0.015217528,0.1344204843044281,0.37330521643161774,-43.186107993125916,0.0004092704424510632,0.2,0.00011104345321655273,1536,1258.0,-3.2225264358974357
1897,98,26,50176,0.22802734375,0.9733167290687561,-0.02708686635014601,0.014661135,-0.042848244309425354,0.010610867451759987,-43.08688807487488,0.0004092704424510632,0.2,0.0021687746047973633,1552,1258.0,-3.2225264358974357
1897,99,26,50688,0.253662109375,0.9733163714408875,-0.027271205821307376,0.019300466,-0.027076173573732376,0.0028232471850060392,-43.05014157295227,0.0004092704424510632,0.2,0.002058684825897217,1568,1258.0,-3.22292165
1897,100,26,51200,0.2359619140625,0.9717434644699097,-0.026256024881149642,0.019950783,0.13514411449432373,0.38883843645453453,-43.03735291957855,0.0004092704424510632,0.2,0.00010716915130615234,1584,1258.0,-3.22292165
1897,101,27,51712,0.1910400390625,0.9727330207824707,-0.019249090051744133,0.013574582,-0.021586935967206955,0.012243558565387502,-43.013649582862854,0.0004092704424510632,0.2,0.00027948617935180664,1600,1258.0,-3.219585097560975
1897,102,27,52224,0.215087890625,0.9728474020957947,-0.020561320736305788,0.018208003,0.15310417115688324,0.380794714204967,-43.04460859298706,0.0004092704424510632,0.2,5.447864532470703e-05,1616,1258.0,-3.219585097560975
1897,103,27,52736,0.278076171875,0.9741678833961487,-0.02915694288094528,0.024850316,-0.03911450877785683,0.011186699106474407,-43.05700147151947,0.0004092704424510632,0.2,0.0007652044296264648,1632,1258.0,-3.219585097560975
1897,104,28,53248,0.2696533203125,0.9744784832000732,-0.02907087385392515,0.02053896,-0.040738921612501144,0.003772212367039174,-43.094112157821655,0.0004092704424510632,0.2,3.4332275390625e-05,1648,1258.0,-3.2192737857142855
1897,105,28,53760,0.1995849609375,0.9731716513633728,-0.022839340250357054,0.016010214,0.1553814709186554,0.3948857858777046,-43.0706205368042,0.0004092704424510632,0.2,4.947185516357422e-06,1664,1258.0,-3.2192737857142855
1898,106,28,54272,0.2354736328125,0.9739518761634827,-0.023217166133690625,0.0240115,-0.033785950392484665,0.012639929162105545,-43.0518856048584,0.0004092704424510632,0.2,0.0002582073211669922,1680,1258.0,-3.217539
1898,107,28,54784,0.204833984375,0.9746102094650269,-0.021948503024759702,0.016717909,0.1452758014202118,0.38355483766645193,-43.091391921043396,0.0004092704424510632,0.2,8.702278137207031e-06,1696,1258.0,-3.217539
1898,108,29,55296,0.213134765625,0.9739040732383728,-0.020879399409750476,0.01858927,-0.023435520008206367,0.014640673151006922,-43.09023904800415,0.0004092704424510632,0.2,0.00016033649444580078,1712,1258.0,-3.217539
1898,109,29,55808,0.2078857421875,0.9748380780220032,-0.0222271338570863,0.015962478,-0.03007088229060173,0.004757587688800413,-43.08680021762848,0.0004092704424510632,0.2,2.6226043701171875e-05,1728,1258.0,-3.213427795454545
1898,110,29,56320,0.2423095703125,0.9755176305770874,-0.020233806426404044,0.023943193,0.19034825265407562,0.39378227945417166,-43.11465561389923,0.0004092704424510632,0.2,8.463859558105469e-06,1744,1258.0,-3.213427795454545
1898,111,29,56832,0.2459716796875,0.9758774638175964,-0.024703272618353367,0.021549076,-0.029418358579277992,0.009975319946534,-43.12400698661804,0.0004092704424510632,0.2,0.0010166168212890625,1760,1258.0,-3.2153440888888882
1898,112,30,57344,0.2109375,0.9743371605873108,-0.021773338929051533,0.020053849,0.18130135536193848,0.4142810767516494,-43.10946023464203,0.0004092704424510632,0.2,3.814697265625e-06,1776,1258.0,-3.2153440888888882
1898,113,30,57856,0.211181640625,0.9748009443283081,-0.02095124442712404,0.020475196,-0.02665550261735916,0.012456612312234938,-43.07925724983215,0.0004092704424510632,0.2,5.7816505432128906e-05,1792,1258.0,-3.2153440888888882
1898,114,30,58368,0.220703125,0.9744529128074646,-0.02487780190858757,0.022516334,-0.04252439737319946,0.006367446418153122,-43.095242977142334,0.0004092704424510632,0.2,2.0802021026611328e-05,1808,1258.0,-3.215670608695652
1898,115,31,58880,0.2520751953125,0.9742012619972229,-0.02114234009059146,0.030979192,0.06857254356145859,0.19190662167966366,-43.08050322532654,0.0004092704424510632,0.2,3.3974647521972656e-06,1824,1258.0,-3.215670608695652
1898,116,31,59392,0.244384765625,0.9751887917518616,-0.02326547258417122,0.026569301,-0.03565625101327896,0.010684600536478683,-43.07954251766205,0.0004092704424510632,0.2,1.9609928131103516e-05,1840,1258.0,-3.213628872340425
1898,117,31,59904,0.19970703125,0.9760633707046509,-0.022433729463955387,0.018175103,0.194768488407135,0.4755497816950083,-43.12102794647217,0.0004092704424510632,0.2,4.351139068603516e-06,1856,1258.0,-3.213628872340425
1898,118,31,60416,0.2513427734375,0.9747196435928345,-0.026210129231913015,0.021341857,-0.036373771727085114,0.011249607865465805,-43.114734053611755,0.0004092704424510632,0.2,5.40614128112793e-05,1872,1258.0,-3.2119211666666665
1898,119,32,60928,0.200927734375,0.9719787240028381,-0.02102558041224256,0.017706284,0.19757801294326782,0.4474196285009384,-43.05031216144562,0.0004092704424510632,0.2,5.543231964111328e-06,1888,1258.0,-3.2119211666666665
1898,120,32,61440,0.188232421875,0.9712498784065247,-0.018846796127036214,0.018042475,-0.03350437432527542,0.003483311113086529,-42.98146939277649,0.0004092704424510632,0.2,5.358457565307617e-05,1904,1258.0,-3.2119211666666665
1899,121,32,61952,0.2119140625,0.9717957973480225,-0.021475893299793825,0.016964499,-0.038158658891916275,0.004396020885906182,-42.98899710178375,0.0004092704424510632,0.2,5.888938903808594e-05,1920,1258.0,-3.2130518775510204
1899,122,32,62464,0.2073974609375,0.9701101183891296,-0.021774641922092997,0.020122442,0.17777356505393982,0.4474784592166543,-42.97438049316406,0.0004092704424510632,0.2,8.702278137207031e-06,1936,1258.0,-3.2130518775510204
1899,123,33,62976,0.2647705078125,0.9681636095046997,-0.025306672709120903,0.02328594,-0.03821361064910889,0.01090597284201067,-42.906946778297424,0.0004092704424510632,0.2,0.00015813112258911133,1952,1258.0,-3.2087888399999995
1899,124,33,63488,0.229736328125,0.9673199653625488,-0.026333996647736058,0.0211018,0.15492355823516846,0.43898650258779526,-42.85705268383026,0.0004092704424510632,0.2,1.7940998077392578e-05,1968,1258.0,-3.2087888399999995
1899,125,33,64000,0.29345703125,0.966524064540863,-0.018116837338311598,0.026755944,-0.014619354158639908,0.0093964538682485,-42.83244431018829,0.0004092704424510632,0.2,0.0003193020820617676,1984,1258.0,-3.2087888399999995
1899,126,33,64512,0.29541015625,0.9663369655609131,-0.03028377097507473,0.016072694,-0.04415828734636307,0.0030712542284163646,-42.821659207344055,0.0004092704424510632,0.2,0.0002104640007019043,2000,1258.0,-3.209425372549019
1899,127,34,65024,0.2657470703125,0.9659154415130615,-0.023053575423546135,0.023451533,0.1483040601015091,0.43788512144237757,-42.815919637680054,0.0004092704424510632,0.2,1.2755393981933594e-05,2016,1258.0,-3.209425372549019
1899,128,34,65536,0.25048828125,0.9678061008453369,-0.025007745251059532,0.018476399,-0.026153162121772766,0.00796834338689223,-42.831756472587585,0.0004092704424510632,0.2,0.0052915215492248535,2032,1258.0,-3.2050515
1899,129,34,66048,0.2156982421875,0.9678008556365967,-0.02219771553063765,0.01566571,0.16878041625022888,0.4251951100304723,-42.873905420303345,0.0004092704424510632,0.2,9.059906005859375e-06,2048,1258.0,-3.2050515
1899,130,35,66560,0.317138671875,0.9668933749198914,-0.029738601064309478,0.03736706,-0.04018282890319824,0.010649579868186265,-42.85944318771362,0.0004092704424510632,0.2,0.00010418891906738281,2064,1258.0,-3.2050515
1899,131,35,67072,0.228515625,0.964897632598877,-0.02711230650311336,0.016888287,-0.03870835527777672,0.004949199435941409,-42.815921664237976,0.0004092704424510632,0.2,0.0001061558723449707,2080,1258.0,-3.202578679245283
1899,132,35,67584,0.1639404296875,0.9628562927246094,-0.016292257729219273,0.013904638,0.16068591177463531,0.4290411714464426,-42.74915933609009,0.0004092704424510632,0.2,1.537799835205078e-05,2096,1258.0,-3.202578679245283
1899,133,35,68096,0.2579345703125,0.9623055458068848,-0.02517954001086764,0.02291061,-0.03125183284282684,0.012607014126842842,-42.70565211772919,0.0004092704424510632,0.2,9.739398956298828e-05,2112,1258.0,-3.202690740740741
1899,134,36,68608,0.2755126953125,0.9620031118392944,-0.030917395721189678,0.030472025,0.17154796421527863,0.41527076344937086,-42.69494545459747,0.0004092704424510632,0.2,2.0384788513183594e-05,2128,1258.0,-3.202690740740741
1899,135,36,69120,0.2467041015625,0.9598192572593689,-0.025350827956572175,0.022629155,-0.030260371044278145,0.013754748069914058,-42.66145956516266,0.0004092704424510632,0.2,0.0002065896987915039,2144,1258.0,-3.202690740740741
1899,136,36,69632,0.1842041015625,0.958347499370575,-0.022728018360794522,0.0150425425,-0.03462030366063118,0.004637175057723653,-42.59588086605072,0.0004092704424510632,0.2,0.0003998875617980957,2160,1258.0,-3.1996823636363634
1898,137,36,70144,0.2227783203125,0.9569079279899597,-0.02163209064747207,0.024227235,0.19269362092018127,0.43387357983738184,-42.55775463581085,0.0004092704424510632,0.2,5.1021575927734375e-05,2176,1258.0,-3.1996823636363634
1898,138,37,70656,0.2935791015625,0.9556408524513245,-0.03129436759627424,0.026923303,-0.03744770586490631,0.013359359436435625,-42.508875608444214,0.0004092704424510632,0.2,0.009049177169799805,2192,1258.0,-3.1961115714285713
1898,139,37,71168,0.251708984375,0.9541873931884766,-0.026852563765714876,0.019485474,0.19500459730625153,0.430038845166564,-42.47005259990692,0.0004092704424510632,0.2,1.0311603546142578e-05,2208,1258.0,-3.1961115714285713
1898,140,37,71680,0.2861328125,0.9546259045600891,-0.02675999865459744,0.026374623,-0.038463059812784195,0.0138724114804063,-42.44308376312256,0.0004092704424510632,0.2,0.0001258254051208496,2224,1258.0,-3.1961115714285713
1898,141,38,72192,0.2835693359375,0.9545167684555054,-0.03257235242926981,0.022155352,-0.05241875350475311,0.004942711479088757,-42.45571970939636,0.0004092704424510632,0.2,0.00020486116409301758,2240,1258.0,-3.1963598771929824
1898,142,38,72704,0.2445068359375,0.9546204805374146,-0.02391982826520689,0.02927053,0.15285919606685638,0.32498523918911815,-42.45226502418518,0.0004092704424510632,0.2,2.104043960571289e-05,2256,1258.0,-3.1963598771929824
1898,143,38,73216,0.31298828125,0.9543623924255371,-0.029231250722659752,0.034553282,-0.03448881953954697,0.00862619215331506,-42.448479533195496,0.0004092704424510632,0.2,0.00601804256439209,2272,1258.0,-3.195683224137931
1898,144,38,73728,0.220947265625,0.954940676689148,-0.02615731957484968,0.01685057,0.21419033408164978,0.47632470447570086,-42.453017711639404,0.0004092704424510632,0.2,1.1920928955078125e-05,2288,1258.0,-3.195683224137931
1898,145,39,74240,0.236083984375,0.9554510712623596,-0.022931269282707945,0.020566821,-0.03072652593255043,0.012326381838647649,-42.47557866573334,0.0004092704424510632,0.2,0.0003375411033630371,2304,1258.0,-3.1940176101694915
1898,146,39,74752,0.2213134765625,0.955239474773407,-0.023473494904465042,0.016266879,0.24004194140434265,0.45238295942544937,-42.48500621318817,0.0004092704424510632,0.2,2.485513687133789e-05,2320,1258.0,-3.1940176101694915
1898,147,39,75264,0.2171630859375,0.9532421827316284,-0.02633261473965831,0.01794668,-0.03194011375308037,0.0034251315555593465,-42.45028901100159,0.0004092704424510632,0.2,-1.9073486328125e-06,2336,1258.0,-3.1940176101694915
4184,1,0,75776,0.3099365234375,0.9504542946815491,-0.026770608863444068,0.029991884,-0.03060990571975708,0.005902001154026948,-42.36446726322174,0.0004092704424510632,0.2,0.0003097057342529297,2352,1258.0,-3.19241025
2631,2,0,76288,0.20947265625,0.9506680369377136,-0.02436423205654137,0.015114645,0.23265188932418823,0.45149003341794014,-42.31115198135376,0.0004092704424510632,0.2,2.181529998779297e-05,2368,1258.0,-3.19241025
2335,3,0,76800,0.259033203125,0.9502941966056824,-0.025449627282796428,0.02266898,-0.03340702876448631,0.01210216739855241,-42.320756316185,0.0004092704424510632,0.2,0.0010917186737060547,2384,1258.0,-3.1884480327868854
2221,4,0,77312,0.197265625,0.9484239220619202,-0.021267598058329895,0.017959151,0.15805000066757202,0.4350839704275131,-42.280561089515686,0.0004092704424510632,0.2,3.159046173095703e-05,2400,1258.0,-3.1884480327868854
2151,5,1,77824,0.2569580078125,0.9467092752456665,-0.025270249490858987,0.024480902,-0.029805053025484085,0.009797636012081057,-42.21867382526398,0.0004092704424510632,0.2,0.0003437995910644531,2416,1258.0,-3.1884480327868854
2113,6,1,78336,0.2401123046875,0.9457513093948364,-0.029125572531484067,0.017626464,-0.04963986948132515,0.002102835796904401,-42.16419219970703,0.0004092704424510632,0.2,4.76837158203125e-05,2432,1258.0,-3.1864418225806452
2081,7,1,78848,0.227294921875,0.9459414482116699,-0.02218599253683351,0.020887846,0.17173278331756592,0.43706109933555126,-42.15494740009308,0.0004092704424510632,0.2,2.86102294921875e-06,2448,1258.0,-3.1864418225806452
2062,8,1,79360,0.2269287109375,0.9466536641120911,-0.022609025400015526,0.021595933,-0.030051762238144875,0.01621103420620784,-42.16133689880371,0.0004092704424510632,0.2,1.9550323486328125e-05,2464,1258.0,-3.1850181428571425
2049,9,2,79872,0.1922607421875,0.9466745853424072,-0.02085382302175276,0.017884381,0.16541063785552979,0.430755278095603,-42.17625141143799,0.0004092704424510632,0.2,2.0265579223632812e-06,2480,1258.0,-3.1850181428571425
2037,10,2,80384,0.2425537109375,0.9477284550666809,-0.025408026936929673,0.024989756,-0.028034890070557594,0.014383752859430388,-42.18018090724945,0.0004092704424510632,0.2,2.09808349609375e-05,2496,1258.0,-3.1850181428571425
2028,11,2,80896,0.264404296875,0.9496844410896301,-0.030081458171480335,0.024723995,-0.0352664440870285,0.004050781040859874,-42.2380336523056,0.0004092704424510632,0.2,3.039836883544922e-06,2512,1258.0,-3.18420184375
2019,12,3,81408,0.2098388671875,0.951028048992157,-0.02320785229676403,0.014598288,0.14773842692375183,0.44059049524366856,-42.29847574234009,0.0004092704424510632,0.2,2.7418136596679688e-06,2528,1258.0,-3.18420184375
2011,13,3,81920,0.2659912109375,0.9516501426696777,-0.02916205071960576,0.02191419,-0.03378073498606682,0.01358651349437423,-42.33646619319916,0.0004092704424510632,0.2,1.710653305053711e-05,2544,1258.0,-3.183918369230769
2007,14,3,82432,0.19140625,0.9517396688461304,-0.018215683317976072,0.020371176,0.20635606348514557,0.4203508971258998,-42.347219944000244,0.0004092704424510632,0.2,2.086162567138672e-06,2560,1258.0,-3.183918369230769
2001,15,3,82944,0.2447509765625,0.9532619118690491,-0.021139159871381707,0.020375714,-0.03527197241783142,0.009849596419371665,-42.36447751522064,0.0004092704424510632,0.2,3.8683414459228516e-05,2576,1258.0,-3.183918369230769
1997,16,4,83456,0.235595703125,0.9550978541374207,-0.023001985318842344,0.01684342,-0.030206069350242615,0.004402789840241894,-42.42102348804474,0.0004092704424510632,0.2,1.3470649719238281e-05,2592,1258.0,-3.182613712121212
1993,17,4,83968,0.2686767578125,0.955582857131958,-0.027474792615976185,0.027972221,0.19465306401252747,0.4373397110030055,-42.45981740951538,0.0004092704424510632,0.2,3.0994415283203125e-06,2608,1258.0,-3.182613712121212
1990,18,4,84480,0.364990234375,0.9559088945388794,-0.03503615444060415,0.037510134,-0.04654460400342941,0.009299339129938744,-42.46104562282562,0.0004092704424510632,0.2,2.8908252716064453e-05,2624,1258.0,-3.1814196268656714
1986,19,4,84992,0.2274169921875,0.955456018447876,-0.025167595129460096,0.019882798,0.17574281990528107,0.42685513105243444,-42.47201752662659,0.0004092704424510632,0.2,2.86102294921875e-06,2640,1258.0,-3.1814196268656714
1981,20,5,85504,0.2713623046875,0.953589916229248,-0.027253686770563945,0.02661877,-0.029499303549528122,0.015738971094833687,-42.423001170158386,0.0004092704424510632,0.2,3.826618194580078e-05,2656,1258.0,-3.1814196268656714
1977,21,5,86016,0.217041015625,0.9524080157279968,-0.02339488349389285,0.018330127,-0.036139704287052155,0.00582279702211963,-42.374043226242065,0.0004092704424510632,0.2,1.710653305053711e-05,2672,1258.0,-3.1816074411764705
1975,22,5,86528,0.277587890625,0.9513068199157715,-0.025136671800282784,0.029597223,0.18137723207473755,0.387335735373199,-42.334298491477966,0.0004092704424510632,0.2,3.874301910400391e-06,2688,1258.0,-3.1816074411764705
1973,23,5,87040,0.3201904296875,0.9517399072647095,-0.03478134126635268,0.028083934,-0.04814833030104637,0.009317287520389073,-42.32436180114746,0.0004092704424510632,0.2,5.900859832763672e-05,2704,1258.0,-3.1795070434782606
1972,24,6,87552,0.232666015625,0.9526343941688538,-0.025922906133928336,0.01763322,0.20085637271404266,0.44064530171453953,-42.340909361839294,0.0004092704424510632,0.2,6.020069122314453e-06,2720,1258.0,-3.1795070434782606
1971,25,6,88064,0.2777099609375,0.952301025390625,-0.026276169563061558,0.022190105,-0.020422255620360374,0.013100287760607898,-42.35767877101898,0.0004092704424510632,0.2,0.00027257204055786133,2736,1258.0,-3.1791011285714283
1969,26,6,88576,0.22265625,0.9511576294898987,-0.023225475393701345,0.016176809,0.20990625023841858,0.4223463786765933,-42.332173347473145,0.0004092704424510632,0.2,3.641843795776367e-05,2752,1258.0,-3.1791011285714283
1968,27,7,89088,0.2838134765625,0.9495355486869812,-0.030313217808725312,0.025371598,-0.04934697970747948,0.004915929661365226,-42.29113829135895,0.0004092704424510632,0.2,-1.0848045349121094e-05,2768,1258.0,-3.1791011285714283
1967,28,7,89600,0.2452392578125,0.9494599103927612,-0.022605671067140065,0.022981534,-0.04420153424143791,0.006973242343519814,-42.25609016418457,0.0004092704424510632,0.2,4.309415817260742e-05,2784,1258.0,-3.176724746478873
1966,29,7,90112,0.2298583984375,0.9477440714836121,-0.024199760329793207,0.025203845,0.15459701418876648,0.4338133530691266,-42.235978960990906,0.0004092704424510632,0.2,6.9141387939453125e-06,2800,1258.0,-3.176724746478873
1964,30,7,90624,0.2784423828125,0.9496515393257141,-0.026558308585663326,0.03310494,-0.029493480920791626,0.013374569709412754,-42.218719482421875,0.0004092704424510632,0.2,4.76837158203125e-05,2816,1258.0,-3.1778475555555556
1963,31,8,91136,0.2088623046875,0.9502440690994263,-0.021804229472763836,0.02027295,0.13625824451446533,0.419400648213923,-42.2810355424881,0.0004092704424510632,0.2,5.9604644775390625e-06,2832,1258.0,-3.1778475555555556
1962,32,8,91648,0.241455078125,0.9501847624778748,-0.025374554563313723,0.02181474,-0.03788502514362335,0.009893468944937922,-42.28053915500641,0.0004092704424510632,0.2,1.615285873413086e-05,2848,1258.0,-3.1778475555555556
1961,33,8,92160,0.281494140625,0.9486190676689148,-0.029170428126235493,0.017818138,-0.0383472666144371,0.0027716595941456035,-42.26129972934723,0.0004092704424510632,0.2,0.00019437074661254883,2864,1258.0,-3.1754702876712333
1960,34,8,92672,0.2249755859375,0.9461405873298645,-0.024318887371919118,0.015431083,0.19045251607894897,0.4234023913741112,-42.20178520679474,0.0004092704424510632,0.2,7.331371307373047e-06,2880,1258.0,-3.1754702876712333
1958,35,9,93184,0.314697265625,0.9461578130722046,-0.030233796569518745,0.03135821,-0.04746152460575104,0.014339762477902696,-42.154600620269775,0.0004092704424510632,0.2,5.4001808166503906e-05,2896,1258.0,-3.172287243243243
1957,36,9,93696,0.248046875,0.9463880658149719,-0.026094509681570344,0.020569732,0.1385693997144699,0.405433121137321,-42.16660821437836,0.0004092704424510632,0.2,7.450580596923828e-06,2912,1258.0,-3.172287243243243
1956,37,9,94208,0.2276611328125,0.9465748071670532,-0.019794158433796838,0.017443959,-0.025846008211374283,0.013463362498441711,-42.176154375076294,0.0004092704424510632,0.2,2.4020671844482422e-05,2928,1258.0,-3.172287243243243
1955,38,9,94720,0.1988525390625,0.9455701112747192,-0.023797637346433476,0.015446725,-0.03942005708813667,0.00277225770696532,-42.17152547836304,0.0004092704424510632,0.2,7.015466690063477e-05,2944,1258.0,-3.1692980533333333
1954,39,10,95232,0.2593994140625,0.9444912672042847,-0.027872198683326133,0.02373188,0.18377256393432617,0.4117621649056673,-42.127477169036865,0.0004092704424510632,0.2,7.3909759521484375e-06,2960,1258.0,-3.1692980533333333
1953,40,10,95744,0.26708984375,0.9448660612106323,-0.02918289085937431,0.022969585,-0.040173619985580444,0.014938717999029905,-42.1120331287384,0.0004092704424510632,0.2,1.3947486877441406e-05,2976,1258.0,-3.1696490657894736
1953,41,10,96256,0.2486572265625,0.9437420964241028,-0.025359261941048317,0.027987923,0.17313973605632782,0.4018462672829628,-42.111963748931885,0.0004092704424510632,0.2,5.602836608886719e-06,2992,1258.0,-3.1696490657894736
1952,42,11,96768,0.2286376953125,0.9415887594223022,-0.02173244082950987,0.026574425,-0.03282288461923599,0.013217497267760336,-42.0556515455246,0.0004092704424510632,0.2,2.378225326538086e-05,3008,1258.0,-3.1696490657894736
1951,43,11,97280,0.253662109375,0.9399855136871338,-0.024607366940472275,0.021659613,-0.03744193911552429,0.003404969655093737,-41.98540961742401,0.0004092704424510632,0.2,1.4126300811767578e-05,3024,1258.0,-3.1681924805194805
1951,44,11,97792,0.2373046875,0.9402147531509399,-0.023585606293636374,0.022746902,0.1792057603597641,0.4130278369411826,-41.95550727844238,0.0004092704424510632,0.2,3.2186508178710938e-06,3040,1258.0,-3.1681924805194805
1950,45,11,98304,0.2447509765625,0.9405030012130737,-0.023739615717204288,0.020505246,-0.018873367458581924,0.011529290437465534,-41.97112488746643,0.0004092704424510632,0.2,3.9577484130859375e-05,3056,1258.0,-3.1668560384615385
1949,46,12,98816,0.2098388671875,0.9408339858055115,-0.023609222727827728,0.016184838,0.1723240613937378,0.402476292103529,-41.978724241256714,0.0004092704424510632,0.2,5.781650543212891e-06,3072,1258.0,-3.1668560384615385
1949,47,12,99328,0.2120361328125,0.9392242431640625,-0.019834083825116977,0.016539149,-0.019876345992088318,0.012443321393220685,-41.9635933637619,0.0004092704424510632,0.2,1.6987323760986328e-05,3088,1258.0,-3.1668560384615385
1948,48,12,99840,0.2037353515625,0.9388778209686279,-0.023593272562720813,0.013976454,-0.02838546596467495,0.005317981085681822,-41.91516900062561,0.0004092704424510632,0.2,5.9604644775390625e-06,3104,1258.0,-3.16513817721519
1948,49,12,100352,0.2672119140625,0.9385490417480469,-0.025569291756255552,0.02461892,0.1576685756444931,0.3988661039620638,-41.91065740585327,0.0004092704424510632,0.2,3.0994415283203125e-06,3120,1258.0,-3.16513817721519
1948,50,13,100864,0.28759765625,0.9369133114814758,-0.028654710768023506,0.021016873,-0.04280223324894905,0.015068889857502654,-41.877878069877625,0.0004092704424510632,0.2,1.4841556549072266e-05,3136,1258.0,-3.16454625
1948,51,13,101376,0.254638671875,0.9376987218856812,-0.027199836971703917,0.021651095,0.1555507779121399,0.4122138377279043,-41.85393273830414,0.0004092704424510632,0.2,4.291534423828125e-06,3152,1258.0,-3.16454625
1947,52,13,101888,0.2738037109375,0.9390228986740112,-0.027087611582828686,0.023106396,-0.03007037378847599,0.014070695004193112,-41.891231298446655,0.0004092704424510632,0.2,7.88569450378418e-05,3168,1258.0,-3.16454625
1946,53,13,102400,0.2205810546875,0.9394678473472595,-0.024979113310109824,0.015912991,-0.04239261895418167,0.005156763902050443,-41.92018496990204,0.0004092704424510632,0.2,4.112720489501953e-05,3184,1258.0,-3.1622015308641975
1946,54,14,102912,0.33984375,0.9376089572906494,-0.021760790230473503,0.03896388,0.046107664704322815,0.16695909074041992,-41.895477414131165,0.0004092704424510632,0.2,8.106231689453125e-06,3200,1258.0,-3.1622015308641975
1945,55,14,103424,0.320068359375,0.9368945956230164,-0.02721115169697441,0.032615352,-0.043168194591999054,0.011092169967014343,-41.85163080692291,0.0004092704424510632,0.2,0.00010085105895996094,3216,1258.0,-3.16004818292683
1944,56,14,103936,0.269287109375,0.9363724589347839,-0.027887072032172,0.025749464,0.17193350195884705,0.46428201254457235,-41.83470964431763,0.0004092704424510632,0.2,2.5033950805664062e-06,3232,1258.0,-3.16004818292683
1944,57,15,104448,0.2662353515625,0.9369698166847229,-0.024122043512761593,0.025025962,-0.03700743615627289,0.011023549785022624,-41.830915689468384,0.0004092704424510632,0.2,1.3828277587890625e-05,3248,1258.0,-3.156252602409639
1944,58,15,104960,0.2275390625,0.9361381530761719,-0.024430894118268043,0.021124601,0.1539190411567688,0.4360269606113434,-41.83933877944946,0.0004092704424510632,0.2,1.5497207641601562e-06,3264,1258.0,-3.156252602409639
1944,59,15,105472,0.2193603515625,0.9356252551078796,-0.02189276076387614,0.014682949,-0.021609075367450714,0.003056365079828538,-41.80321907997131,0.0004092704424510632,0.2,1.4722347259521484e-05,3280,1258.0,-3.156252602409639
1943,60,15,105984,0.243896484375,0.934304416179657,-0.02419163880404085,0.01941147,-0.036203254014253616,0.003204853335773805,-41.778300523757935,0.0004092704424510632,0.2,1.5735626220703125e-05,3296,1258.0,-3.155161511904762
1943,61,16,106496,0.2427978515625,0.9334043264389038,-0.022211788847926073,0.02406066,0.21518054604530334,0.43496260792016983,-41.73674750328064,0.0004092704424510632,0.2,1.6093254089355469e-06,3312,1258.0,-3.155161511904762
1942,62,16,107008,0.251953125,0.9344257116317749,-0.02539915508532431,0.020857148,-0.023517580702900887,0.011959521245444193,-41.73022246360779,0.0004092704424510632,0.2,2.1278858184814453e-05,3328,1258.0,-3.1527162823529413
1942,63,16,107520,0.1888427734375,0.9361929893493652,-0.017963799851713702,0.014382623,0.20885977149009705,0.41293891333043575,-41.78720998764038,0.0004092704424510632,0.2,2.8014183044433594e-06,3344,1258.0,-3.1527162823529413
1938,64,16,108032,0.23876953125,0.9357118010520935,-0.024310117893037386,0.02171506,-0.024368511512875557,0.00892608480353374,-41.81523776054382,0.0004092704424510632,0.2,1.722574234008789e-05,3360,1258.0,-3.1527162823529413
1935,65,17,108544,0.2215576171875,0.9353655576705933,-0.023531420978542883,0.015319223,-0.038701318204402924,0.0032367336643801536,-41.798964858055115,0.0004092704424510632,0.2,3.135204315185547e-05,3376,1258.0,-3.1491700581395348
1932,66,17,109056,0.2437744140625,0.9360491037368774,-0.026473397243535146,0.015930375,0.14904296398162842,0.4177132984623313,-41.79940605163574,0.0004092704424510632,0.2,2.5033950805664062e-06,3392,1258.0,-3.1491700581395348
1929,67,17,109568,0.21435546875,0.9356494545936584,-0.021859260741621256,0.015653217,-0.023478832095861435,0.0106478265079204,-41.819377303123474,0.0004092704424510632,0.2,7.11679458618164e-05,3408,1258.0,-3.145715344827586
1926,68,18,110080,0.2607421875,0.9351428747177124,-0.029314771469216794,0.023883551,0.15599355101585388,0.4010545751079917,-41.796844720840454,0.0004092704424510632,0.2,9.894371032714844e-06,3424,1258.0,-3.145715344827586
1923,69,18,110592,0.236083984375,0.9350754618644714,-0.022411065438063815,0.025835715,-0.031579382717609406,0.009769514930667356,-41.78476369380951,0.0004092704424510632,0.2,1.4722347259521484e-05,3440,1258.0,-3.145715344827586
1920,70,18,111104,0.2276611328125,0.9351533651351929,-0.026825420442037284,0.016318584,-0.03285571187734604,0.004549908881017473,-41.779200196266174,0.0004092704424510632,0.2,1.2576580047607422e-05,3456,1258.0,-3.142858875
1918,71,18,111616,0.222900390625,0.9354201555252075,-0.025094646989600733,0.01668393,0.1694641411304474,0.4151341440156102,-41.78349423408508,0.0004092704424510632,0.2,2.086162567138672e-06,3472,1258.0,-3.142858875
1915,72,19,112128,0.2642822265625,0.9368959665298462,-0.025273908366216347,0.019009642,-0.03144437447190285,0.00962191256985534,-41.81007707118988,0.0004092704424510632,0.2,0.0012454986572265625,3488,1258.0,-3.1401199438202245
1913,73,19,112640,0.2242431640625,0.9373565316200256,-0.026257097859343048,0.02628525,0.1307462602853775,0.4018789120018482,-41.85523724555969,0.0004092704424510632,0.2,1.1920928955078125e-06,3504,1258.0,-3.1401199438202245
1911,74,19,113152,0.263671875,0.9391191601753235,-0.027368462113372516,0.018273149,-0.037104856222867966,0.012886459822766483,-41.878151059150696,0.0004092704424510632,0.2,2.1755695343017578e-05,3520,1258.0,-3.1401199438202245
1909,75,20,113664,0.2724609375,0.9401103258132935,-0.031181766971712932,0.01828442,-0.04709814116358757,0.003982760004873853,-41.93560302257538,0.0004092704424510632,0.2,2.7835369110107422e-05,3536,1258.0,-3.139015722222222
1907,76,20,114176,0.2733154296875,0.939484179019928,-0.029248012753669173,0.021966668,0.2061261534690857,0.40437186043709517,-41.93797588348389,0.0004092704424510632,0.2,2.205371856689453e-06,3552,1258.0,-3.139015722222222
1905,77,20,114688,0.2421875,0.9367548823356628,-0.022935620771022514,0.02023204,-0.029743432998657227,0.014625291514676064,-41.8850736618042,0.0004092704424510632,0.2,4.029273986816406e-05,3568,1258.0,-3.13905378021978
1902,78,20,115200,0.216552734375,0.9357447624206543,-0.021649182352120988,0.018805694,0.1584961861371994,0.3973797056823969,-41.814493060112,0.0004092704424510632,0.2,7.331371307373047e-06,3584,1258.0,-3.13905378021978
1900,79,21,115712,0.251953125,0.9350603222846985,-0.0252480395429302,0.02457209,-0.03800162300467491,0.012094844016246498,-41.785723090171814,0.0004092704424510632,0.2,6.657838821411133e-05,3600,1258.0,-3.13905378021978
1898,80,21,116224,0.2685546875,0.9342570304870605,-0.027849867765326053,0.019986087,-0.03459884226322174,0.00562644048477523,-41.76302647590637,0.0004092704424510632,0.2,9.614229202270508e-05,3616,1258.0,-3.1378212608695653
1896,81,21,116736,0.3121337890625,0.9340847134590149,-0.027553688152693212,0.034903377,0.11561061441898346,0.28743488527834415,-41.73558807373047,0.0004092704424510632,0.2,7.152557373046875e-07,3632,1258.0,-3.1378212608695653
1894,82,22,117248,0.3154296875,0.935091495513916,-0.029316116910194978,0.031687945,-0.029147464781999588,0.012037222360959277,-41.74000799655914,0.0004092704424510632,0.2,5.781650543212891e-06,3648,1258.0,-3.135953956989247
1892,83,22,117760,0.28369140625,0.9356151223182678,-0.031767063977895305,0.031125696,0.1898144781589508,0.4390157088637352,-41.7745578289032,0.0004092704424510632,0.2,5.364418029785156e-07,3664,1258.0,-3.135953956989247
1890,84,22,118272,0.2230224609375,0.9358938932418823,-0.02482085974770598,0.01965148,-0.02420963905751705,0.009109681428526528,-41.7732812166214,0.0004092704424510632,0.2,1.4960765838623047e-05,3680,1258.0,-3.135208914893617
1889,85,23,118784,0.26220703125,0.9377070665359497,-0.02925056058302289,0.025441144,0.1667213886976242,0.4198144003748894,-41.81132221221924,0.0004092704424510632,0.2,6.556510925292969e-07,3696,1258.0,-3.135208914893617
1887,86,23,119296,0.224609375,0.9377905130386353,-0.02381271857302636,0.019216342,-0.03658217936754227,0.003559871271136217,-41.85080647468567,0.0004092704424510632,0.2,-2.384185791015625e-07,3712,1258.0,-3.135208914893617
1885,87,23,119808,0.2735595703125,0.9376680254936218,-0.02617908813408576,0.031638242,-0.03765331208705902,0.006001524714520201,-41.84309232234955,0.0004092704424510632,0.2,7.450580596923828e-06,3728,1258.0,-3.133590642105263
1884,88,23,120320,0.209228515625,0.9382012486457825,-0.021073243668070063,0.015969198,0.12273677438497543,0.4087409055791795,-41.852362513542175,0.0004092704424510632,0.2,5.364418029785156e-07,3744,1258.0,-3.133590642105263
1882,89,24,120832,0.25830078125,0.9386408925056458,-0.0285131559940055,0.020492598,-0.02930591069161892,0.01135301859176252,-41.86136817932129,0.0004092704424510632,0.2,1.9490718841552734e-05,3760,1258.0,-3.1333120729166666
1881,90,24,121344,0.231689453125,0.939185380935669,-0.02631264143565204,0.020980364,0.12486482411623001,0.40468693617731333,-41.880141854286194,0.0004092704424510632,0.2,1.1920928955078125e-06,3776,1258.0,-3.1333120729166666
1880,91,24,121856,0.2470703125,0.9404945969581604,-0.02522298450639937,0.02213422,-0.027852339670062065,0.00864394282689318,-41.89985275268555,0.0004092704424510632,0.2,1.0192394256591797e-05,3792,1258.0,-3.1333120729166666
1878,92,25,122368,0.2410888671875,0.9390652775764465,-0.023288156793569215,0.017273467,-0.032541848719120026,0.001926419130541035,-41.910335540771484,0.0004092704424510632,0.2,6.67572021484375e-06,3808,1258.0,-3.1327529896907214
1877,93,25,122880,0.218994140625,0.9384142756462097,-0.022227586843655445,0.021571686,0.15009552240371704,0.4016223317012191,-41.85881841182709,0.0004092704424510632,0.2,5.364418029785156e-07,3824,1258.0,-3.1327529896907214
1876,94,25,123392,0.3282470703125,0.9365593791007996,-0.03569071617675945,0.025313675,-0.05348721519112587,0.012908035540021956,-41.830739855766296,0.0004092704424510632,0.2,2.1278858184814453e-05,3840,1258.0,-3.1320994183673467
1875,95,25,123904,0.2557373046875,0.9349784851074219,-0.028353735546261305,0.019313052,0.12943197786808014,0.39572433568537235,-41.76401925086975,0.0004092704424510632,0.2,1.5497207641601562e-06,3856,1258.0,-3.1320994183673467
1873,96,26,124416,0.226318359375,0.934773862361908,-0.027075187157606706,0.020032912,-0.03392275422811508,0.014471350150415674,-41.72947072982788,0.0004092704424510632,0.2,1.239776611328125e-05,3872,1258.0,-3.1320994183673467
1872,97,26,124928,0.203857421875,0.9360978603363037,-0.028074597255908884,0.012895858,-0.04026118665933609,0.003414032471482642,-41.7388299703598,0.0004092704424510632,0.2,9.5367431640625e-06,3888,1258.0,-3.1321040101010102
1870,98,26,125440,0.2464599609375,0.9359431266784668,-0.029960858926642686,0.02009677,0.17057274281978607,0.4022677605971694,-41.76550734043121,0.0004092704424510632,0.2,1.1920928955078125e-06,3904,1258.0,-3.1321040101010102
1869,99,27,125952,0.2431640625,0.9366086721420288,-0.024206708098063245,0.019627037,-0.024484481662511826,0.01643261723802425,-41.75940752029419,0.0004092704424510632,0.2,1.7702579498291016e-05,3920,1258.0,-3.13249389
1868,100,27,126464,0.2066650390625,0.9365979433059692,-0.019259987326222472,0.020237237,0.13940268754959106,0.3854763898998499,-41.789427280426025,0.0004092704424510632,0.2,2.682209014892578e-06,3936,1258.0,-3.13249389
1867,101,27,126976,0.2142333984375,0.9388274550437927,-0.022548051783815026,0.018208858,-0.01710328459739685,0.009365737132611685,-41.80999004840851,0.0004092704424510632,0.2,2.7000904083251953e-05,3952,1258.0,-3.13249389
1865,102,27,127488,0.183349609375,0.9378505349159241,-0.018890030798502266,0.01510047,-0.028465086594223976,0.003105615240201587,-41.8452205657959,0.0004092704424510632,0.2,7.510185241699219e-06,3968,1258.0,-3.1282956300000007
1864,103,28,128000,0.198486328125,0.9380234479904175,-0.02199307075352408,0.015062759,0.15932011604309082,0.3965993169695139,-41.80947136878967,0.0004092704424510632,0.2,2.2649765014648438e-06,3984,1258.0,-3.1282956300000007
1863,104,28,128512,0.25537109375,0.9400098323822021,-0.020273311180062592,0.0245672,-0.02898246981203556,0.01063812684151344,-41.847034096717834,0.0004092704424510632,0.2,6.079673767089844e-05,4000,1258.0,-3.12648223
1862,105,28,129024,0.2633056640625,0.9411500692367554,-0.026454890277818777,0.024811093,0.1319109946489334,0.3924144608899951,-41.90293347835541,0.0004092704424510632,0.2,7.808208465576172e-06,4016,1258.0,-3.12648223
1861,106,29,129536,0.277587890625,0.9425864815711975,-0.026878085598582402,0.023676263,-0.030454907566308975,0.011607945547439158,-41.93924963474274,0.0004092704424510632,0.2,0.00010699033737182617,4032,1258.0,-3.12648223
1860,107,29,130048,0.189208984375,0.9427495002746582,-0.022336906258715317,0.015942708,-0.029842274263501167,0.005215313489316031,-41.9762966632843,0.0004092704424510632,0.2,0.00012195110321044922,4048,1258.0,-3.1239118399999994
1859,108,29,130560,0.288330078125,0.9418336153030396,-0.027858788467710838,0.035995178,0.1394900381565094,0.3494053529575467,-41.95547533035278,0.0004092704424510632,0.2,1.0251998901367188e-05,4064,1258.0,-3.1239118399999994
1858,109,30,131072,0.2557373046875,0.9417600035667419,-0.023129978886572644,0.021924008,-0.03474707901477814,0.009498729472397827,-41.94208574295044,0.0004092704424510632,0.2,0.0007215142250061035,4080,1258.0,-3.1200883999999998
1857,110,30,131584,0.232666015625,0.9409915804862976,-0.02318702804768691,0.017986588,0.17196153104305267,0.4127047639340162,-41.937527894973755,0.0004092704424510632,0.2,2.9385089874267578e-05,4096,1258.0,-3.1200883999999998
1855,111,30,132096,0.22314453125,0.9406725764274597,-0.018985319387866184,0.018281326,-0.014070946723222733,0.009910919077810831,-41.91673791408539,0.0004092704424510632,0.2,0.00018298625946044922,4112,1258.0,-3.1154689099999997
1854,112,30,132608,0.2188720703125,0.9409420490264893,-0.023550567857455462,0.018250853,0.118277408182621,0.38922605384141207,-41.91468119621277,0.0004092704424510632,0.2,2.1159648895263672e-05,4128,1258.0,-3.1154689099999997
1853,113,31,133120,0.223876953125,0.9415357708930969,-0.022495197190437466,0.018345976,-0.03660409525036812,0.003686291223857552,-41.92800974845886,0.0004092704424510632,0.2,-7.3909759521484375e-06,4144,1258.0,-3.1154689099999997
1852,114,31,133632,0.256103515625,0.9429047107696533,-0.023815897933673114,0.028910287,-0.03384874016046524,0.007772116761771031,-41.96279680728912,0.0004092704424510632,0.2,4.017353057861328e-05,4160,1258.0,-3.1104982099999994
1852,115,31,134144,0.2520751953125,0.9422069787979126,-0.02742556674638763,0.024513125,0.15671440958976746,0.39680099580436945,-41.976688623428345,0.0004092704424510632,0.2,4.410743713378906e-06,4176,1258.0,-3.1104982099999994
1850,116,32,134656,0.2347412109375,0.943682074546814,-0.01974482525838539,0.024194114,-0.02255549095571041,0.010639019863447174,-41.970672726631165,0.0004092704424510632,0.2,0.0004851818084716797,4192,1258.0,-3.1078658100000003
1850,117,32,135168,0.264892578125,0.9436445832252502,-0.026777713806950487,0.022352643,0.13624313473701477,0.3827758589759469,-42.00865828990936,0.0004092704424510632,0.2,1.1205673217773438e-05,4208,1258.0,-3.1078658100000003
1849,118,32,135680,0.250244140625,0.9439578652381897,-0.02536799148947466,0.020345401,-0.027803992852568626,0.012340195695287548,-42.00563025474548,0.0004092704424510632,0.2,1.1920928955078125e-07,4224,1258.0,-3.1078658100000003
1848,119,32,136192,0.232666015625,0.9434274435043335,-0.023750262655084953,0.01707506,-0.04630271717905998,0.002312437463842798,-42.017799496650696,0.0004092704424510632,0.2,-2.7418136596679688e-06,4240,1258.0,-3.10784444
1847,120,33,136704,0.2672119140625,0.9425637125968933,-0.02983756610774435,0.025109464,0.1673443764448166,0.4012982500717044,-41.9912474155426,0.0004092704424510632,0.2,-3.5762786865234375e-07,4256,1258.0,-3.10784444
1846,121,33,137216,0.2528076171875,0.9449189901351929,-0.02595857743290253,0.019341663,-0.02491062693297863,0.01125734590459615,-42.0002361536026,0.0004092704424510632,0.2,1.537799835205078e-05,4272,1258.0,-3.10748032
1845,122,33,137728,0.316650390625,0.9443097710609436,-0.033299218892352656,0.029138466,0.11846199631690979,0.37416478991508484,-42.052173495292664,0.0004092704424510632,0.2,1.3709068298339844e-06,4288,1258.0,-3.10748032
1844,123,34,138240,0.3326416015625,0.944683849811554,-0.02965107941417955,0.033917557,-0.037661612033843994,0.009136002481682226,-42.02383744716644,0.0004092704424510632,0.2,9.417533874511719e-06,4304,1258.0,-3.10748032
1843,124,34,138752,0.2327880859375,0.9443218111991882,-0.024633772438392043,0.019715846,-0.030810818076133728,0.003286734237917699,-42.034974217414856,0.0004092704424510632,0.2,-5.960464477539062e-07,4320,1258.0,-3.10396006
1842,125,34,139264,0.2667236328125,0.9449856877326965,-0.025817476271186024,0.022702575,0.1561274230480194,0.3812328977510333,-42.0325562953949,0.0004092704424510632,0.2,2.384185791015625e-07,4336,1258.0,-3.10396006
1842,126,35,139776,0.312255859375,0.9455661177635193,-0.026966146018821746,0.04049331,-0.03734298050403595,0.011388162994990125,-42.05560660362244,0.0004092704424510632,0.2,2.2232532501220703e-05,4352,1258.0,-3.10146852
1841,127,35,140288,0.27392578125,0.9459275007247925,-0.02966551954159513,0.027073633,0.171269953250885,0.36925443820655346,-42.06808090209961,0.0004092704424510632,0.2,3.4570693969726562e-06,4368,1258.0,-3.10146852
1840,128,35,140800,0.3006591796875,0.9475818872451782,-0.02961796458112076,0.019105911,-0.035182930529117584,0.012365888163913041,-42.092166900634766,0.0004092704424510632,0.2,2.8371810913085938e-05,4384,1258.0,-3.10146852
1839,129,35,141312,0.20068359375,0.948053777217865,-0.020471133044338785,0.013760366,-0.025221262127161026,0.004691780930443201,-42.12962317466736,0.0004092704424510632,0.2,1.0311603546142578e-05,4400,1258.0,-3.09986342
1838,130,36,141824,0.2315673828125,0.9475154876708984,-0.023348142858594656,0.023683853,0.14762280881404877,0.3750726035796106,-42.123820424079895,0.0004092704424510632,0.2,2.2649765014648438e-06,4416,1258.0,-3.09986342
1838,131,36,142336,0.24658203125,0.9482950568199158,-0.026207372968201526,0.019682284,-0.03140099346637726,0.013118598028086126,-42.117528796195984,0.0004092704424510632,0.2,0.001286149024963379,4432,1258.0,-3.097222250000001
1837,132,36,142848,0.24462890625,0.9475045800209045,-0.027890797588042915,0.024110721,0.1206609308719635,0.3650420168414712,-42.125515818595886,0.0004092704424510632,0.2,6.556510925292969e-07,4448,1258.0,-3.097222250000001
1837,133,37,143360,0.25732421875,0.9489538073539734,-0.02532628661720082,0.019380316,-0.03788814693689346,0.011511432909173891,-42.11212909221649,0.0004092704424510632,0.2,1.7285346984863281e-06,4464,1258.0,-3.097222250000001
1836,134,37,143872,0.2540283203125,0.9496933221817017,-0.02830582689784933,0.020972721,-0.03392689675092697,0.00462814968341263,-42.16009259223938,0.0004092704424510632,0.2,-2.384185791015625e-07,4480,1258.0,-3.096353880000001
1835,135,37,144384,0.2415771484375,0.9464591145515442,-0.024351683896384202,0.022332216,0.13294464349746704,0.36338132806122303,-42.12635791301727,0.0004092704424510632,0.2,0.0,4496,1258.0,-3.096353880000001
1835,136,37,144896,0.284912109375,0.944789469242096,-0.02521719119977206,0.026770957,-0.04068552702665329,0.0070480419672094285,-42.02325081825256,0.0004092704424510632,0.2,5.662441253662109e-06,4512,1258.0,-3.0927344000000003
1834,137,38,145408,0.170166015625,0.9445685148239136,-0.015980273339664564,0.015144497,0.12010683864355087,0.38376676570624113,-41.99082088470459,0.0004092704424510632,0.2,1.7881393432617188e-07,4528,1258.0,-3.0927344000000003
1833,138,38,145920,0.275634765625,0.9448248744010925,-0.027321235655108467,0.01982313,-0.033721767365932465,0.010096645273733884,-41.995481967926025,0.0004092704424510632,0.2,4.5299530029296875e-06,4544,1258.0,-3.0927344000000003
1833,139,38,146432,0.203369140625,0.943270206451416,-0.02386008619214408,0.016339075,-0.03199245408177376,0.004575850653054658,-41.98513889312744,0.0004092704424510632,0.2,2.980232238769531e-07,4560,1258.0,-3.0912930899999997
1832,140,39,146944,0.21728515625,0.9422972798347473,-0.019740988718695007,0.02005899,0.03285137563943863,0.13010925659909844,-41.941882371902466,0.0004092704424510632,0.2,0.0,4576,1258.0,-3.0912930899999997
1832,141,39,147456,0.3121337890625,0.9426475167274475,-0.024548011031583883,0.039966606,-0.03916320204734802,0.010158342207432725,-41.92781853675842,0.0004092704424510632,0.2,3.4570693969726562e-06,4592,1258.0,-3.0874989499999996
1831,142,39,147968,0.3192138671875,0.9431658983230591,-0.036009640753036365,0.030689947,0.15567845106124878,0.4205534216016531,-41.943243861198425,0.0004092704424510632,0.2,1.1920928955078125e-07,4608,1258.0,-3.0874989499999996
1830,143,39,148480,0.2574462890625,0.9427198767662048,-0.026947368518449366,0.016614024,-0.033758532255887985,0.008868421005900018,-41.94736635684967,0.0004092704424510632,0.2,8.106231689453125e-06,4624,1258.0,-3.0845735199999997
1830,144,40,148992,0.278564453125,0.9417397975921631,-0.029921020759502426,0.021534767,0.19091477990150452,0.39962394442409277,-41.929821729660034,0.0004092704424510632,0.2,3.5762786865234375e-07,4640,1258.0,-3.0845735199999997
1829,145,40,149504,0.2276611328125,0.9398325085639954,-0.02382420732465107,0.018228967,-0.03730310499668121,0.003965217016229872,-41.88404369354248,0.0004092704424510632,0.2,0.0,4656,1258.0,-3.0845735199999997
1829,146,40,150016,0.2598876953125,0.9383682608604431,-0.02836561259755399,0.018542467,-0.038362614810466766,0.00407422601711005,-41.82644462585449,0.0004092704424510632,0.2,4.231929779052734e-06,4672,1258.0,-3.08225125
1828,147,41,150528,0.2381591796875,0.935847818851471,-0.028948837105417624,0.02312078,0.13009071350097656,0.40687961783260107,-41.764004826545715,0.0004092704424510632,0.2,1.7881393432617188e-07,4688,1258.0,-3.08225125
4173,1,0,151040,0.2825927734375,0.934567391872406,-0.026195152684522327,0.025086455,-0.024696366861462593,0.012068574520526454,-41.69711661338806,0.0004092704424510632,0.2,7.927417755126953e-06,4704,1258.0,-3.0785967
2482,2,0,151552,0.201171875,0.9336581826210022,-0.021770668536191806,0.016258992,0.14509689807891846,0.38739903178066015,-41.66520273685455,0.0004092704424510632,0.2,7.152557373046875e-07,4720,1258.0,-3.0785967
2187,3,0,152064,0.2099609375,0.9325751066207886,-0.02021885600697715,0.021953162,-0.0315585657954216,0.010733855073340237,-41.62177908420563,0.0004092704424510632,0.2,9.5367431640625e-07,4736,1258.0,-3.0785967
2065,4,0,152576,0.2354736328125,0.9328179359436035,-0.02491094815195538,0.017332822,-0.035607077181339264,0.003582616955100093,-41.60758292675018,0.0004092704424510632,0.2,-7.152557373046875e-07,4752,1258.0,-3.0762082799999995
2001,5,1,153088,0.223388671875,0.9322708249092102,-0.02600616164272651,0.017528987,0.15732558071613312,0.38675391022115946,-41.60367691516876,0.0004092704424510632,0.2,1.7881393432617188e-07,4768,1258.0,-3.0762082799999995
1960,6,1,153600,0.2117919921875,0.9323200583457947,-0.020650661288527772,0.016595189,-0.01831563375890255,0.012652900128159672,-41.584757566452026,0.0004092704424510632,0.2,1.2934207916259766e-05,4784,1258.0,-3.0734666099999997
1931,7,1,154112,0.2774658203125,0.9319038391113281,-0.028900940727908164,0.02622425,0.15199488401412964,0.3843218181282282,-41.579397082328796,0.0004092704424510632,0.2,1.2516975402832031e-06,4800,1258.0,-3.0734666099999997
1910,8,2,154624,0.203857421875,0.9323247671127319,-0.02010732413327787,0.016339643,-0.028125524520874023,0.011101389158284292,-41.5772088766098,0.0004092704424510632,0.2,-4.5299530029296875e-06,4816,1258.0,-3.0734666099999997
1893,9,2,155136,0.2799072265625,0.9304385781288147,-0.031714940603706054,0.021257801,-0.041118163615465164,0.003702935060573509,-41.559852957725525,0.0004092704424510632,0.2,-1.7881393432617188e-06,4832,1258.0,-3.0711188300000005
1879,10,2,155648,0.269287109375,0.9297064542770386,-0.029683838947676122,0.022616684,0.12982307374477386,0.3949001105502248,-41.50569474697113,0.0004092704424510632,0.2,-9.5367431640625e-07,4848,1258.0,-3.0711188300000005
1866,11,3,156160,0.2257080078125,0.9315258264541626,-0.02393838862190023,0.016726332,-0.025931010022759438,0.00907777102838736,-41.52126967906952,0.0004092704424510632,0.2,2.014636993408203e-05,4864,1258.0,-3.0691563200000003
1855,12,3,156672,0.228271484375,0.9317355155944824,-0.02174504338472616,0.019783722,0.15176191926002502,0.37745780032128096,-41.56592571735382,0.0004092704424510632,0.2,2.0265579223632812e-06,4880,1258.0,-3.0691563200000003
1846,13,3,157184,0.2109375,0.9314293265342712,-0.0213989605254028,0.01653497,-0.027370182797312737,0.0128022794960998,-41.558993101119995,0.0004092704424510632,0.2,-3.814697265625e-06,4896,1258.0,-3.0691563200000003
1838,14,3,157696,0.26513671875,0.9325294494628906,-0.030083851190283895,0.019315198,-0.0335812084376812,0.005087865290988702,-41.56636154651642,0.0004092704424510632,0.2,-8.344650268554688e-07,4912,1258.0,-3.06860709
1831,15,4,158208,0.2806396484375,0.9321140050888062,-0.028211896918946877,0.026250497,0.20458203554153442,0.3937324695289135,-41.58417999744415,0.0004092704424510632,0.2,-7.152557373046875e-07,4928,1258.0,-3.06860709
1825,16,4,158720,0.2530517578125,0.9304397106170654,-0.028671634470811114,0.021345837,-0.039461057633161545,0.013285237189847976,-41.53839111328125,0.0004092704424510632,0.2,8.225440979003906e-06,4944,1258.0,-3.06743357
1821,17,4,159232,0.2125244140625,0.9308405518531799,-0.022186801536008716,0.017701,0.1388038992881775,0.39542766474187374,-41.51022148132324,0.0004092704424510632,0.2,8.344650268554688e-07,4960,1258.0,-3.06743357
1817,18,5,159744,0.26513671875,0.9324967265129089,-0.022547871543793008,0.022212692,-0.02395898662507534,0.009120007205638103,-41.54315173625946,0.0004092704424510632,0.2,2.47955322265625e-05,4976,1258.0,-3.06743357
1813,19,5,160256,0.2723388671875,0.9317368268966675,-0.03184162514662603,0.021585956,-0.03894681856036186,0.005073970787634607,-41.576780557632446,0.0004092704424510632,0.2,2.3543834686279297e-05,4992,1258.0,-3.06464729
1800,20,5,160768,0.3331298828125,0.9319025874137878,-0.029603367118397728,0.030703712,0.07337677478790283,0.26544377068057656,-41.55561602115631,0.0004092704424510632,0.2,1.5497207641601562e-06,5008,1258.0,-3.06464729
1789,21,6,161280,0.27001953125,0.9328543543815613,-0.02243832787644351,0.028141402,-0.022472582757472992,0.008917743296478875,-41.58033263683319,0.0004092704424510632,0.2,4.374980926513672e-05,5024,1258.0,-3.0634577000000003
1780,22,6,161792,0.2314453125,0.9324404001235962,-0.024465056834742427,0.02213892,0.22158142924308777,0.40935070533305407,-41.60085213184357,0.0004092704424510632,0.2,8.225440979003906e-06,5040,1258.0,-3.0634577000000003
1770,23,6,162304,0.25634765625,0.9320345520973206,-0.026316116942325607,0.017877804,-0.03484272211790085,0.011237377853831276,-41.58434557914734,0.0004092704424510632,0.2,0.007164597511291504,5056,1258.0,-3.0612915600000004
1761,24,6,162816,0.243408203125,0.9322584271430969,-0.027873935759998858,0.01960967,0.13589268922805786,0.39643534272909164,-41.58250117301941,0.0004092704424510632,0.2,0.0,5072,1258.0,-3.0612915600000004
1752,25,7,163328,0.233154296875,0.9322049021720886,-0.025845474563539028,0.018119588,-0.03724514693021774,0.0034369528002571315,-41.59156084060669,0.0004092704424510632,0.2,-3.5762786865234375e-07,5088,1258.0,-3.0612915600000004
1744,26,7,163840,0.26904296875,0.9329628348350525,-0.022019099968019873,0.022966687,-0.03146347403526306,0.005629305145703256,-41.59663426876068,0.0004092704424510632,0.2,8.344650268554688e-07,5104,1258.0,-3.0594950599999997
1736,27,7,164352,0.273193359375,0.9338473081588745,-0.0267762018047506,0.017443012,0.20659279823303223,0.39312159549444914,-41.63035702705383,0.0004092704424510632,0.2,0.0,5120,1258.0,-3.0594950599999997
1728,28,8,164864,0.2772216796875,0.9341537356376648,-0.027249179351201747,0.03298085,-0.03147055581212044,0.009348563049570657,-41.65051627159119,0.0004092704424510632,0.2,4.470348358154297e-06,5136,1258.0,-3.0535744800000004
1721,29,8,165376,0.174072265625,0.9334172606468201,-0.01872876579000149,0.015631068,0.16310280561447144,0.3755914028733969,-41.652515292167664,0.0004092704424510632,0.2,-1.1920928955078125e-07,5152,1258.0,-3.0535744800000004
1716,30,8,165888,0.26611328125,0.9321517944335938,-0.02736471347452607,0.023304146,-0.02297724224627018,0.01114123074512463,-41.61493945121765,0.0004092704424510632,0.2,2.86102294921875e-06,5168,1258.0,-3.0535744800000004
1711,31,9,166400,0.1802978515625,0.9324731230735779,-0.022993468017375562,0.0130487345,-0.02985718660056591,0.002603238510346273,-41.59585976600647,0.0004092704424510632,0.2,-6.9141387939453125e-06,5184,1258.0,-3.0530042400000004
1708,32,9,166912,0.2352294921875,0.9310060739517212,-0.021664620202500373,0.01690417,0.20090803503990173,0.3938421029597521,-41.58858323097229,0.0004092704424510632,0.2,2.980232238769531e-07,5200,1258.0,-3.0530042400000004
1704,33,9,167424,0.3057861328125,0.9328579902648926,-0.028063175006536767,0.028429085,-0.02873103693127632,0.01367849949747324,-41.575862646102905,0.0004092704424510632,0.2,6.4373016357421875e-06,5216,1258.0,-3.0515630399999996
1701,34,10,167936,0.3006591796875,0.9335440397262573,-0.02528785612230422,0.020123322,0.15103581547737122,0.38680282700806856,-41.640735268592834,0.0004092704424510632,0.2,2.980232238769531e-07,5232,1258.0,-3.0515630399999996
1698,35,10,168448,0.26953125,0.9325159788131714,-0.0256824998796219,0.016064268,-0.024845177307724953,0.01058351957181003,-41.623713970184326,0.0004092704424510632,0.2,-1.430511474609375e-06,5248,1258.0,-3.0515630399999996
1695,36,10,168960,0.2291259765625,0.9317551255226135,-0.02290999624528922,0.014390552,-0.03246161341667175,0.004581462453643326,-41.58792042732239,0.0004092704424510632,0.2,-1.5497207641601562e-06,5264,1258.0,-3.04791055
1691,37,11,169472,0.2672119140625,0.9317196607589722,-0.026437262567924336,0.021666285,0.1675921082496643,0.3937076637521386,-41.568639278411865,0.0004092704424510632,0.2,-2.384185791015625e-07,5280,1258.0,-3.04791055
1687,38,11,169984,0.2598876953125,0.9320778250694275,-0.02664598099363502,0.025769036,-0.0329098254442215,0.009859896905254573,-41.573790550231934,0.0004092704424510632,0.2,5.9604644775390625e-06,5296,1258.0,-3.0451878499999996
1684,39,11,170496,0.20068359375,0.9324306845664978,-0.022634962399024516,0.014365754,0.11169058084487915,0.3739931397140026,-41.58206391334534,0.0004092704424510632,0.2,0.0,5312,1258.0,-3.0451878499999996
1679,40,12,171008,0.28271484375,0.9341715574264526,-0.026209345713141374,0.024913784,-0.0330776683986187,0.013104686251608655,-41.61476480960846,0.0004092704424510632,0.2,5.960464477539062e-07,5328,1258.0,-3.0451878499999996
1675,41,12,171520,0.19580078125,0.9334612488746643,-0.0203269686026033,0.0123135885,-0.033089201897382736,0.004740316901006736,-41.64406740665436,0.0004092704424510632,0.2,-3.5762786865234375e-07,5344,1258.0,-3.0447182099999996
1672,42,12,172032,0.2720947265625,0.9333151578903198,-0.026090807048603892,0.02280341,0.14381977915763855,0.38346033450216055,-41.61479640007019,0.0004092704424510632,0.2,-1.1920928955078125e-07,5360,1258.0,-3.0447182099999996
1669,43,13,172544,0.2962646484375,0.9352189302444458,-0.029044352224445902,0.029013515,-0.028931744396686554,0.013392664666753262,-41.639758706092834,0.0004092704424510632,0.2,2.5033950805664062e-06,5376,1258.0,-3.04450969
1667,44,13,173056,0.2252197265625,0.934812068939209,-0.02170155497151427,0.018347181,0.15104521811008453,0.3800522927194834,-41.67863893508911,0.0004092704424510632,0.2,0.0,5392,1258.0,-3.04450969
1665,45,13,173568,0.2706298828125,0.9342232942581177,-0.03280754895240534,0.021708716,-0.035717904567718506,0.012128320871852338,-41.649081110954285,0.0004092704424510632,0.2,1.3113021850585938e-06,5408,1258.0,-3.04450969
1663,46,14,174080,0.233154296875,0.9344449639320374,-0.026457337546162307,0.01738913,-0.05308999493718147,0.005166104630916379,-41.64205241203308,0.0004092704424510632,0.2,-1.1920928955078125e-07,5424,1258.0,-3.0398159
1662,47,14,174592,0.317138671875,0.9329930543899536,-0.026868577755521983,0.026903357,0.15639546513557434,0.3313636411912739,-41.62517058849335,0.0004092704424510632,0.2,0.0,5440,1258.0,-3.0398159
1661,48,14,175104,0.2598876953125,0.9322454929351807,-0.022556689771590754,0.024554335,-0.031811803579330444,0.008957453217590228,-41.58007085323334,0.0004092704424510632,0.2,1.2516975402832031e-06,5456,1258.0,-3.0366333100000005
1660,49,15,175616,0.2650146484375,0.9322690367698669,-0.025535372231388465,0.019365704,0.18112070858478546,0.40987629164010286,-41.56480813026428,0.0004092704424510632,0.2,1.1920928955078125e-07,5472,1258.0,-3.0366333100000005
1658,50,15,176128,0.270751953125,0.932217538356781,-0.0278615165152587,0.022593724,-0.03927383944392204,0.008048217932810076,-41.56063234806061,0.0004092704424510632,0.2,3.2186508178710938e-06,5488,1258.0,-3.03277533
1657,51,15,176640,0.2314453125,0.9332951903343201,-0.02271998205105774,0.02000216,0.12821267545223236,0.3806164851412177,-41.57536995410919,0.0004092704424510632,0.2,5.960464477539063e-08,5504,1258.0,-3.03277533
1655,52,16,177152,0.1964111328125,0.9334373474121094,-0.022199572122190148,0.014464466,-0.04071608930826187,0.0037707979790866375,-41.600924611091614,0.0004092704424510632,0.2,-1.1920928955078125e-07,5520,1258.0,-3.03277533
1653,53,16,177664,0.3756103515625,0.9328766465187073,-0.03170902840793133,0.04100734,-0.02139553241431713,0.008512911284924485,-41.59692716598511,0.0004092704424510632,0.2,2.384185791015625e-06,5536,1258.0,-3.0316659300000004
1651,54,16,178176,0.2713623046875,0.9313452243804932,-0.02977671378175728,0.0261041,0.12079861015081406,0.37481606379151344,-41.556766510009766,0.0004092704424510632,0.2,5.960464477539063e-08,5552,1258.0,-3.0316659300000004
1648,55,17,178688,0.295654296875,0.9322159886360168,-0.031441991188330576,0.021465454,-0.04178586229681969,0.011828754475573078,-41.542792201042175,0.0004092704424510632,0.2,2.8014183044433594e-06,5568,1258.0,-3.0290608900000002
1647,56,17,179200,0.2125244140625,0.9316917061805725,-0.02424947265535593,0.02307362,0.11203192174434662,0.37377729546278715,-41.57276475429535,0.0004092704424510632,0.2,5.960464477539063e-08,5584,1258.0,-3.0290608900000002
1645,57,17,179712,0.2833251953125,0.9309686422348022,-0.028539566788822412,0.024248704,-0.03827114403247833,0.012523309997050092,-41.55066239833832,0.0004092704424510632,0.2,7.152557373046875e-07,5600,1258.0,-3.0290608900000002
1644,58,18,180224,0.244873046875,0.9305593967437744,-0.029336571737076156,0.019160738,-0.03547530621290207,0.0020684510218416108,-41.53410232067108,0.0004092704424510632,0.2,5.662441253662109e-06,5616,1258.0,-3.02975632
1643,59,18,180736,0.19873046875,0.9294177889823914,-0.021511152110178955,0.018190293,0.14628294110298157,0.37098073679953814,-41.51055347919464,0.0004092704424510632,0.2,2.384185791015625e-07,5632,1258.0,-3.02975632
1642,60,18,181248,0.23828125,0.9290732145309448,-0.02211925041046925,0.02228856,-0.03093579038977623,0.011882848979439586,-41.48005974292755,0.0004092704424510632,0.2,2.3245811462402344e-06,5648,1258.0,-3.02837484
1642,61,19,181760,0.2733154296875,0.9278686046600342,-0.02749475504970178,0.021488495,0.16940464079380035,0.3743027290329337,-41.46738600730896,0.0004092704424510632,0.2,0.0,5664,1258.0,-3.02837484
1641,62,19,182272,0.2322998046875,0.927930474281311,-0.02429175635916181,0.020879127,-0.030216224491596222,0.012010273814667016,-41.43620538711548,0.0004092704424510632,0.2,3.337860107421875e-06,5680,1258.0,-3.02837484
1640,63,19,182784,0.2232666015625,0.9268746972084045,-0.022387516451999545,0.017073821,-0.029185492545366287,0.0038740887539461255,-41.43508791923523,0.0004092704424510632,0.2,2.980232238769531e-07,5696,1258.0,-3.024712380000001
1639,64,19,183296,0.236083984375,0.9265722036361694,-0.02633707397035323,0.022585522,0.150898277759552,0.38047731295228004,-41.40489625930786,0.0004092704424510632,0.2,2.384185791015625e-07,5712,1258.0,-3.024712380000001
1638,65,20,183808,0.1767578125,0.9253730177879333,-0.01641170398943359,0.014196117,-0.018780866637825966,0.009849927286268212,-41.388745188713074,0.0004092704424510632,0.2,2.9802322387695312e-06,5728,1258.0,-3.02312953
1637,66,20,184320,0.292724609375,0.9255523681640625,-0.03275073415716179,0.026419133,0.1410832405090332,0.36553688906133175,-41.355096101760864,0.0004092704424510632,0.2,0.0,5744,1258.0,-3.02312953
1635,67,20,184832,0.2425537109375,0.9275645613670349,-0.021656483790138736,0.018207353,-0.02383836731314659,0.013326173357199878,-41.38904118537903,0.0004092704424510632,0.2,1.1324882507324219e-06,5760,1258.0,-3.02312953
1634,68,21,185344,0.282470703125,0.9263966679573059,-0.029781968507450074,0.025569094,-0.04185468330979347,0.004711133231467102,-41.4207843542099,0.0004092704424510632,0.2,-1.1920928955078125e-07,5776,1258.0,-3.0215505600000006
1632,69,21,185856,0.3087158203125,0.9252359867095947,-0.029357705323491246,0.031441208,0.15548454225063324,0.3732562828809023,-41.37062156200409,0.0004092704424510632,0.2,1.7881393432617188e-07,5792,1258.0,-3.0215505600000006
1631,70,21,186368,0.3128662109375,0.9267320036888123,-0.02574050512339454,0.02557138,-0.03780427575111389,0.009907283456414007,-41.36310076713562,0.0004092704424510632,0.2,3.814697265625e-06,5808,1258.0,-3.01952291
1631,71,22,186880,0.24609375,0.9264877438545227,-0.02139784449536819,0.020238616,0.15561966598033905,0.36620424315333366,-41.40141808986664,0.0004092704424510632,0.2,1.7881393432617188e-07,5824,1258.0,-3.01952291
1630,72,22,187392,0.281005859375,0.9275341033935547,-0.02811229380313307,0.020180263,-0.03260495886206627,0.012744095380185172,-41.3957976102829,0.0004092704424510632,0.2,2.384185791015625e-07,5840,1258.0,-3.01952291
1630,73,22,187904,0.2598876953125,0.9279688000679016,-0.029603108298033476,0.020465523,-0.04066230729222298,0.0043810716379084624,-41.431387305259705,0.0004092704424510632,0.2,-2.384185791015625e-07,5856,1258.0,-3.0167924400000006
1629,74,23,188416,0.2596435546875,0.928697943687439,-0.023487069352995604,0.023312438,0.14054003357887268,0.353315157815814,-41.4540159702301,0.0004092704424510632,0.2,1.7881393432617188e-07,5872,1258.0,-3.0167924400000006
1629,75,23,188928,0.222412109375,0.928760826587677,-0.02408969253883697,0.02120007,-0.03480972722172737,0.01045048721425701,-41.472864866256714,0.0004092704424510632,0.2,2.2649765014648438e-06,5888,1258.0,-3.01760699
1629,76,23,189440,0.2353515625,0.9280730485916138,-0.021671669674105942,0.017488535,0.18840298056602478,0.3908307389356196,-41.4619961977005,0.0004092704424510632,0.2,0.0,5904,1258.0,-3.01760699
1628,77,24,189952,0.23291015625,0.9259882569313049,-0.02288171829422936,0.01878432,-0.031761545687913895,0.009388576145283878,-41.41271197795868,0.0004092704424510632,0.2,9.5367431640625e-07,5920,1258.0,-3.01760699
1627,78,24,190464,0.2689208984375,0.9257256984710693,-0.02727385942125693,0.021898756,-0.03954221308231354,0.005356409223168157,-41.35784733295441,0.0004092704424510632,0.2,-8.344650268554688e-07,5936,1258.0,-3.0161162000000004
1626,79,24,190976,0.2852783203125,0.9255521297454834,-0.019578731153160334,0.026301596,0.02752196229994297,0.10357245993509423,-41.35901761054993,0.0004092704424510632,0.2,0.0,5952,1258.0,-3.0161162000000004
1626,80,25,191488,0.2633056640625,0.9265964031219482,-0.022363894007867202,0.026087439,-0.02488809823989868,0.009308109263656661,-41.3707492351532,0.0004092704424510632,0.2,1.430511474609375e-06,5968,1258.0,-3.0148322499999995
1625,81,25,192000,0.2269287109375,0.9257529377937317,-0.02162305125966668,0.020402517,0.18912814557552338,0.43061865493655205,-41.39008665084839,0.0004092704424510632,0.2,2.384185791015625e-07,5984,1258.0,-3.0148322499999995
1624,82,25,192512,0.2603759765625,0.9268515110015869,-0.02237907037488185,0.01995673,-0.030460979789495468,0.012000111222732812,-41.37915658950806,0.0004092704424510632,0.2,3.3974647521972656e-06,6000,1258.0,-3.0153318099999997
1623,83,26,193024,0.1922607421875,0.9255871772766113,-0.020199191727442667,0.012628192,0.19936414062976837,0.40815754048526287,-41.3968745470047,0.0004092704424510632,0.2,0.0,6016,1258.0,-3.0153318099999997
1622,84,26,193536,0.209228515625,0.9248692393302917,-0.02230891032377258,0.014390795,-0.032345399260520935,0.004611625998222735,-41.34883749485016,0.0004092704424510632,0.2,-5.960464477539062e-07,6032,1258.0,-3.0153318099999997
1621,85,26,194048,0.294921875,0.9251851439476013,-0.03258073067991063,0.023968395,-0.048606887459754944,0.002769672853901284,-41.344807386398315,0.0004092704424510632,0.2,3.814697265625e-06,6048,1258.0,-3.01084974
1621,86,27,194560,0.2279052734375,0.9240784049034119,-0.02490162015601527,0.021317624,0.17392688989639282,0.40508394315838814,-41.32941675186157,0.0004092704424510632,0.2,0.0,6064,1258.0,-3.01084974
1621,87,27,195072,0.227783203125,0.9228891134262085,-0.020587841368978843,0.022831313,-0.02731790952384472,0.011044695056625642,-41.286829233169556,0.0004092704424510632,0.2,3.635883331298828e-06,6080,1258.0,-3.00984619
1620,88,27,195584,0.188232421875,0.9202559590339661,-0.019751489118789323,0.017870177,0.16148164868354797,0.38545509800314903,-41.225876450538635,0.0004092704424510632,0.2,0.0,6096,1258.0,-3.00984619
1620,89,28,196096,0.2607421875,0.9196264743804932,-0.026320339820813388,0.023511548,-0.01643550395965576,0.009831462579313666,-41.16141664981842,0.0004092704424510632,0.2,7.152557373046875e-07,6112,1258.0,-3.00984619
1619,90,28,196608,0.258544921875,0.9177488088607788,-0.027950099640293047,0.01963137,-0.04750467836856842,0.003760435007279739,-41.12740778923035,0.0004092704424510632,0.2,-1.1920928955078125e-06,6128,1258.0,-3.00961512
1619,91,28,197120,0.1563720703125,0.9176872968673706,-0.01614250085549429,0.012993379,0.22466357052326202,0.38666790165007114,-41.08052849769592,0.0004092704424510632,0.2,5.960464477539063e-08,6144,1258.0,-3.00961512
1618,92,29,197632,0.3231201171875,0.9169881343841553,-0.03413900610757992,0.0287038,-0.040842946618795395,0.011555510020116344,-41.07572102546692,0.0004092704424510632,0.2,3.3974647521972656e-06,6160,1258.0,-3.0058144199999997
1617,93,29,198144,0.23388671875,0.9163100719451904,-0.025364029337652028,0.020438787,0.12470881640911102,0.38496814388781786,-41.04979431629181,0.0004092704424510632,0.2,2.980232238769531e-07,6176,1258.0,-3.0058144199999997
1616,94,29,198656,0.2645263671875,0.9168899655342102,-0.02802701317705214,0.024842601,-0.04292993247509003,0.011048551939893514,-41.03515017032623,0.0004092704424510632,0.2,1.1920928955078125e-07,6192,1258.0,-3.0058144199999997
1615,95,30,199168,0.26171875,0.917477548122406,-0.02946001710370183,0.02046736,-0.034090831875801086,0.003226012770028319,-41.054971575737,0.0004092704424510632,0.2,-1.430511474609375e-06,6208,1258.0,-3.0026509600000004
1614,96,30,199680,0.2469482421875,0.9164279699325562,-0.023741796598187648,0.023556612,0.16774503886699677,0.39302830025553703,-41.05226421356201,0.0004092704424510632,0.2,5.960464477539063e-08,6224,1258.0,-3.0026509600000004
1614,97,30,200192,0.281982421875,0.9151259064674377,-0.029383571672951803,0.023957409,-0.036773085594177246,0.011476094150566496,-41.006664633750916,0.0004092704424510632,0.2,2.682209014892578e-06,6240,1258.0,-3.001317030000001
1613,98,31,200704,0.2081298828125,0.9151509404182434,-0.01667978148907423,0.017110616,0.133318692445755,0.3673694720491767,-40.98161470890045,0.0004092704424510632,0.2,1.7881393432617188e-07,6256,1258.0,-3.001317030000001
1613,99,31,201216,0.2843017578125,0.9150383472442627,-0.0310179594962392,0.022053815,-0.037891630083322525,0.010168845576117747,-40.97944414615631,0.0004092704424510632,0.2,1.7881393432617188e-06,6272,1258.0,-3.001317030000001
1613,100,31,201728,0.2401123046875,0.9142947793006897,-0.02439445845084265,0.01684646,-0.032863110303878784,0.005090380276669748,-40.960684061050415,0.0004092704424510632,0.2,-9.5367431640625e-07,6288,1258.0,-2.9993205499999998
1613,101,32,202240,0.272216796875,0.9118487238883972,-0.023652978095924482,0.022307266,0.1602495014667511,0.3815565649420023,-40.91547179222107,0.0004092704424510632,0.2,1.7881393432617188e-07,6304,1258.0,-2.9993205499999998
1613,102,32,202752,0.2769775390625,0.9115237593650818,-0.02506618782354053,0.019212233,-0.03328806906938553,0.012319874949753284,-40.84930467605591,0.0004092704424510632,0.2,1.6093254089355469e-06,6320,1258.0,-2.99795441
1613,103,32,203264,0.2666015625,0.9114997982978821,-0.028859350102720782,0.024376687,0.16153690218925476,0.38359060417860746,-40.847861766815186,0.0004092704424510632,0.2,0.0,6336,1258.0,-2.99795441
1613,104,33,203776,0.226318359375,0.9113292098045349,-0.02226411725860089,0.018717071,-0.023231135681271553,0.010097707068780437,-40.83534371852875,0.0004092704424510632,0.2,1.8477439880371094e-06,6352,1258.0,-2.99795441
1612,105,33,204288,0.1964111328125,0.9096518158912659,-0.023855404135247227,0.01226964,-0.03295087441802025,0.006260853755520657,-40.804118633270264,0.0004092704424510632,0.2,1.0728836059570312e-06,6368,1258.0,-2.99858035
1612,106,33,204800,0.380859375,0.9093733429908752,-0.025761963508557528,0.040192056,0.06480135768651962,0.2465581763535738,-40.76408660411835,0.0004092704424510632,0.2,-1.1920928955078125e-07,6384,1258.0,-2.99858035
1612,107,33,205312,0.35205078125,0.9069103002548218,-0.035505629726685584,0.028254911,-0.03694114834070206,0.00736113874881994,-40.734416127204895,0.0004092704424510632,0.2,1.2516975402832031e-06,6400,1258.0,-2.99470525
1612,108,34,205824,0.2259521484375,0.9067762494087219,-0.021104383369674906,0.016437816,0.16854681074619293,0.41778694093227386,-40.66982042789459,0.0004092704424510632,0.2,5.960464477539063e-08,6416,1258.0,-2.99470525
1612,109,34,206336,0.2664794921875,0.907441258430481,-0.023526304255938157,0.02335954,-0.020241297781467438,0.008862296483130194,-40.69238555431366,0.0004092704424510632,0.2,1.430511474609375e-06,6432,1258.0,-2.99120554
1612,110,34,206848,0.2579345703125,0.9076363444328308,-0.027374264522222802,0.021673134,0.17904379963874817,0.3924062168225646,-40.71034836769104,0.0004092704424510632,0.2,0.0,6448,1258.0,-2.99120554
1612,111,35,207360,0.23583984375,0.9078298807144165,-0.024292733389302157,0.01745467,-0.03600236773490906,0.0030870922382746357,-40.711496114730835,0.0004092704424510632,0.2,0.0,6464,1258.0,-2.99120554
1612,112,35,207872,0.2738037109375,0.907985270023346,-0.025142409111140296,0.023072474,-0.035429149866104126,0.005249499641649891,-40.718759059906006,0.0004092704424510632,0.2,3.814697265625e-06,6480,1258.0,-2.9874126000000008
1612,113,35,208384,0.2684326171875,0.908425509929657,-0.024278327939100564,0.024034686,0.16150346398353577,0.3850838849321008,-40.721593141555786,0.0004092704424510632,0.2,1.7881393432617188e-07,6496,1258.0,-2.9874126000000008
1612,114,36,208896,0.2523193359375,0.9094052314758301,-0.026670524497603765,0.022100186,-0.03427859768271446,0.0110142114572227,-40.74650478363037,0.0004092704424510632,0.2,1.6689300537109375e-06,6512,1258.0,-2.9832723
1612,115,36,209408,0.2171630859375,0.9108708500862122,-0.02548061303969007,0.01796773,0.13737021386623383,0.3655238840728998,-40.787962913513184,0.0004092704424510632,0.2,5.960464477539063e-08,6528,1258.0,-2.9832723
1612,116,36,209920,0.2828369140625,0.9114402532577515,-0.026682759111281484,0.024358131,-0.032474078238010406,0.009553463009069674,-40.84102022647858,0.0004092704424510632,0.2,4.112720489501953e-06,6544,1258.0,-2.9832723
1612,117,37,210432,0.230712890625,0.9103987812995911,-0.026225148583762348,0.016333777,-0.03335615620017052,0.0024532065945095383,-40.83007228374481,0.0004092704424510632,0.2,2.205371856689453e-06,6560,1258.0,-2.98027045
1612,118,37,210944,0.2353515625,0.9100230932235718,-0.022407946322346106,0.0153726535,0.1171262338757515,0.36655848007649183,-40.79772067070007,0.0004092704424510632,0.2,5.960464477539063e-08,6576,1258.0,-2.98027045
1612,119,37,211456,0.2742919921875,0.910137414932251,-0.02760380542895291,0.02263803,-0.03124956600368023,0.011125085002277046,-40.79973351955414,0.0004092704424510632,0.2,2.3245811462402344e-06,6592,1258.0,-2.97675494
1612,120,38,211968,0.2373046875,0.9106160998344421,-0.025237870373530313,0.019830257,0.12200857698917389,0.36001351196318865,-40.81589663028717,0.0004092704424510632,0.2,5.960464477539063e-08,6608,1258.0,-2.97675494
1612,121,38,212480,0.2869873046875,0.9122353792190552,-0.02513471413112711,0.028261459,-0.03913918137550354,0.009436363267013803,-40.848400592803955,0.0004092704424510632,0.2,6.854534149169922e-06,6624,1258.0,-2.97675494
1612,122,38,212992,0.1932373046875,0.911888837814331,-0.01905690276180394,0.014580349,-0.0264834426343441,0.0030504923197440803,-40.88461625576019,0.0004092704424510632,0.2,1.9073486328125e-06,6640,1258.0,-2.9731769400000005
1612,123,39,213504,0.228271484375,0.9107231497764587,-0.02607101410831092,0.017064262,0.1678670048713684,0.3731339629739523,-40.846938133239746,0.0004092704424510632,0.2,4.172325134277344e-07,6656,1258.0,-2.9731769400000005
1612,124,39,214016,0.265869140625,0.910234272480011,-0.027881951915333048,0.018145798,-0.04464108124375343,0.011434118991019204,-40.8154182434082,0.0004092704424510632,0.2,2.5033950805664062e-06,6672,1258.0,-2.970738350000001
1612,125,39,214528,0.2529296875,0.9098007082939148,-0.02909064789128024,0.01697771,0.11592891067266464,0.34592919796705246,-40.809130907058716,0.0004092704424510632,0.2,-1.1920928955078125e-07,6688,1258.0,-2.970738350000001
1612,126,40,215040,0.23046875,0.9093472957611084,-0.02386328298598528,0.018363355,-0.022513555362820625,0.011042209138395265,-40.79061233997345,0.0004092704424510632,0.2,4.172325134277344e-06,6704,1258.0,-2.970738350000001
1612,127,40,215552,0.2928466796875,0.9098445773124695,-0.032463072129758075,0.024436824,-0.04410592466592789,0.0033174362615682185,-40.79611957073212,0.0004092704424510632,0.2,-7.152557373046875e-06,6720,1258.0,-2.9677461000000007
1612,128,40,216064,0.2357177734375,0.9077951312065125,-0.02221593799185939,0.0174869,0.17147469520568848,0.3594703823328018,-40.77776598930359,0.0004092704424510632,0.2,0.0,6736,1258.0,-2.9677461000000007
1611,129,40,216576,0.2813720703125,0.9080493450164795,-0.025951666684704833,0.023593292,-0.03606196492910385,0.007025888669886626,-40.727264523506165,0.0004092704424510632,0.2,2.3245811462402344e-06,6752,1258.0,-2.9611430999999997
1611,130,41,217088,0.2501220703125,0.9069799780845642,-0.023109782981919125,0.023892567,0.12481608986854553,0.3445988199673593,-40.7283034324646,0.0004092704424510632,0.2,1.7881393432617188e-07,6768,1258.0,-2.9611430999999997
1611,131,41,217600,0.25244140625,0.9068595170974731,-0.02443616521486547,0.019472087,-0.02806928940117359,0.011321610974846408,-40.69148910045624,0.0004092704424510632,0.2,5.364418029785156e-06,6784,1258.0,-2.9611430999999997
1611,132,41,218112,0.2169189453125,0.9063742160797119,-0.02302113181212917,0.01624428,-0.031419187784194946,0.005179118561500218,-40.68971812725067,0.0004092704424510632,0.2,7.748603820800781e-07,6800,1258.0,-2.9603867900000007
1611,133,42,218624,0.2747802734375,0.903709888458252,-0.023475239286199212,0.022177812,0.11864334344863892,0.2934504491277039,-40.6407516002655,0.0004092704424510632,0.2,1.1920928955078125e-07,6816,1258.0,-2.9603867900000007
1611,134,42,219136,0.2271728515625,0.9032254219055176,-0.02403605979634449,0.01794572,-0.02269207313656807,0.010474729759152979,-40.572134613990784,0.0004092704424510632,0.2,3.814697265625e-06,6832,1258.0,-2.9587798800000003
1611,135,42,219648,0.2164306640625,0.9018863439559937,-0.02361421546083875,0.015799334,0.11642354726791382,0.37288044672459364,-40.559142112731934,0.0004092704424510632,0.2,1.7881393432617188e-07,6848,1258.0,-2.9587798800000003
1611,136,43,220160,0.2435302734375,0.90293949842453,-0.023162846700870432,0.020868465,-0.027263442054390907,0.009354044159408659,-40.53951287269592,0.0004092704424510632,0.2,2.086162567138672e-06,6864,1258.0,-2.958353619999999
1610,137,43,220672,0.2127685546875,0.9030288457870483,-0.023049867071677,0.0151399085,0.2044142484664917,0.3597540599294007,-40.5664267539978,0.0004092704424510632,0.2,1.7881393432617188e-07,6880,1258.0,-2.958353619999999
1610,138,43,221184,0.2427978515625,0.9026728272438049,-0.025317278341390193,0.01723811,-0.03925872594118118,0.0036567752104019746,-40.55372083187103,0.0004092704424510632,0.2,-1.0728836059570312e-06,6896,1258.0,-2.958353619999999
1611,139,44,221696,0.3228759765625,0.9012625813484192,-0.029674994410015643,0.0375931,-0.039092790335416794,0.0068219377571949735,-40.51972198486328,0.0004092704424510632,0.2,1.8477439880371094e-06,6912,1258.0,-2.9553657199999988
1612,140,44,222208,0.2568359375,0.8999082446098328,-0.02478442111168988,0.021015596,0.13526242971420288,0.3571923542767763,-40.46386516094208,0.0004092704424510632,0.2,2.384185791015625e-07,6928,1258.0,-2.9553657199999988
1613,141,44,222720,0.302001953125,0.8981555104255676,-0.032394830079283565,0.02790897,-0.029537653550505638,0.013273393415147439,-40.415401339530945,0.0004092704424510632,0.2,2.0265579223632812e-06,6944,1258.0,-2.9541566299999995
1614,142,45,223232,0.2723388671875,0.8964213132858276,-0.02780853069270961,0.025976129,0.12154378741979599,0.34378293575719,-40.349936962127686,0.0004092704424510632,0.2,0.0,6960,1258.0,-2.9541566299999995
1615,143,45,223744,0.2384033203125,0.8985477685928345,-0.021889789903070778,0.021830503,-0.033255282789468765,0.0086147480760701,-40.34591460227966,0.0004092704424510632,0.2,2.384185791015625e-07,6976,1258.0,-2.9541566299999995
1616,144,45,224256,0.1671142578125,0.8998944163322449,-0.017712961824145168,0.011942337,-0.030006378889083862,0.002598253166070208,-40.42259061336517,0.0004092704424510632,0.2,7.450580596923828e-06,6992,1258.0,-2.9512495099999994
1617,145,45,224768,0.2325439453125,0.899636447429657,-0.023648019006941468,0.014938947,0.14009949564933777,0.3472260357812047,-40.43887722492218,0.0004092704424510632,0.2,0.0,7008,1258.0,-2.9512495099999994
1618,146,46,225280,0.264892578125,0.900319516658783,-0.027246922749327496,0.023863647,-0.03340917080640793,0.01230210592621006,-40.43144357204437,0.0004092704424510632,0.2,1.1920928955078125e-06,7024,1258.0,-2.94840373
1619,147,46,225792,0.25341796875,0.9007309079170227,-0.026769259362481534,0.017614922,0.1322919875383377,0.3423510645516217,-40.45582413673401,0.0004092704424510632,0.2,1.7881393432617188e-07,7040,1258.0,-2.94840373
4194,1,0,226304,0.2454833984375,0.9005061984062195,-0.023586997427628376,0.015851708,-0.024614281952381134,0.013630628818646073,-40.44618117809296,0.0004092704424510632,0.2,3.4570693969726562e-06,7056,1258.0,-2.94840373
2491,2,0,226816,0.202880859375,0.9007728099822998,-0.02308567109866999,0.015015982,-0.03132098540663719,0.003259142322349362,-40.43460130691528,0.0004092704424510632,0.2,2.384185791015625e-07,7072,1258.0,-2.9469806300000005
2214,3,0,227328,0.1904296875,0.90158611536026,-0.017811251222155988,0.018089013,0.13981229066848755,0.34572560526430607,-40.442588567733765,0.0004092704424510632,0.2,5.960464477539063e-08,7088,1258.0,-2.9469806300000005
2101,4,0,227840,0.291259765625,0.9030217528343201,-0.027930123615078628,0.0284602,-0.033924467861652374,0.008561649883631617,-40.47429859638214,0.0004092704424510632,0.2,3.933906555175781e-06,7104,1258.0,-2.9456984000000004
2040,5,1,228352,0.2342529296875,0.9022359251976013,-0.02281499357195571,0.018528763,0.13548335433006287,0.34009728766977787,-40.48895990848541,0.0004092704424510632,0.2,2.384185791015625e-07,7120,1258.0,-2.9456984000000004
1994,6,1,228864,0.287353515625,0.9017702341079712,-0.029543686629040167,0.025062405,-0.037455882877111435,0.013378745352383703,-40.45472776889801,0.0004092704424510632,0.2,2.3245811462402344e-06,7136,1258.0,-2.9456984000000004
1962,7,1,229376,0.208251953125,0.902326762676239,-0.020310104853706434,0.0158021,-0.023135986179113388,0.004205885452392977,-40.46852135658264,0.0004092704424510632,0.2,0.0,7152,1258.0,-2.946657610000001
1938,8,2,229888,0.2318115234375,0.9038022756576538,-0.026834200863959268,0.018113067,0.1472036987543106,0.35573078598827124,-40.50488889217377,0.0004092704424510632,0.2,-1.1920928955078125e-07,7168,1258.0,-2.946657610000001
1921,9,2,230400,0.3238525390625,0.9047344923019409,-0.03236424697388429,0.029620476,-0.04269694536924362,0.01130704402748961,-40.544811367988586,0.0004092704424510632,0.2,4.410743713378906e-06,7184,1258.0,-2.9472627500000006
1910,10,2,230912,0.2073974609375,0.9053192138671875,-0.020366908982396126,0.020580549,0.13701973855495453,0.33912556897848845,-40.56940698623657,0.0004092704424510632,0.2,2.980232238769531e-07,7200,1258.0,-2.9472627500000006
1901,11,2,231424,0.213623046875,0.9046435952186584,-0.022682178212562576,0.018274963,-0.03110164776444435,0.011574653603020124,-40.56721115112305,0.0004092704424510632,0.2,1.1920928955078125e-07,7216,1258.0,-2.9472627500000006
1893,12,3,231936,0.2181396484375,0.9051387906074524,-0.022439099695475306,0.014018627,-0.030848614871501923,0.005025140802899841,-40.54789078235626,0.0004092704424510632,0.2,-3.5762786865234375e-07,7232,1258.0,-2.94428628
1885,13,3,232448,0.2781982421875,0.9049786925315857,-0.022139585387776606,0.025160927,0.1421673446893692,0.32734928745776415,-40.565569162368774,0.0004092704424510632,0.2,0.0,7248,1258.0,-2.94428628
1878,14,3,232960,0.2578125,0.9057627320289612,-0.024019025222514756,0.019851495,-0.02791241556406021,0.01042486536607612,-40.5554416179657,0.0004092704424510632,0.2,4.172325134277344e-07,7264,1258.0,-2.94282119
1873,15,4,233472,0.23876953125,0.9052063226699829,-0.02181622202624567,0.018829871,0.13422173261642456,0.3547768332064152,-40.56406211853027,0.0004092704424510632,0.2,1.7881393432617188e-07,7280,1258.0,-2.94282119
1870,16,4,233984,0.289306640625,0.9047744870185852,-0.025128319597570226,0.022478145,-0.040286142379045486,0.010440217622090131,-40.541954040527344,0.0004092704424510632,0.2,6.198883056640625e-06,7296,1258.0,-2.94282119
1866,17,4,234496,0.2423095703125,0.9036660194396973,-0.025977929661166854,0.017100986,-0.02555941790342331,0.004613486482412554,-40.522552728652954,0.0004092704424510632,0.2,-5.960464477539062e-07,7312,1258.0,-2.9444097300000003
1863,18,4,235008,0.2919921875,0.9034149050712585,-0.0189205228962237,0.0308798,0.02351679839193821,0.06825185603520367,-40.489983797073364,0.0004092704424510632,0.2,-3.5762786865234375e-07,7328,1258.0,-2.9444097300000003
1859,19,5,235520,0.349365234375,0.9027583599090576,-0.032234494283329695,0.046203487,-0.04193009436130524,0.008254695756477304,-40.48316192626953,0.0004092704424510632,0.2,3.5762786865234375e-06,7344,1258.0,-2.9439975100000004
1855,20,5,236032,0.2467041015625,0.9035382270812988,-0.022576693903829437,0.02060788,0.13794119656085968,0.4023462310433388,-40.47585594654083,0.0004092704424510632,0.2,3.5762786865234375e-07,7360,1258.0,-2.9439975100000004
1853,21,5,236544,0.2833251953125,0.9049074649810791,-0.02610195885063149,0.022652114,-0.04272627830505371,0.008123612002236769,-40.51487112045288,0.0004092704424510632,0.2,-3.337860107421875e-06,7376,1258.0,-2.94339342
1850,22,6,237056,0.231201171875,0.9060174822807312,-0.02874230785528198,0.018426731,0.16485817730426788,0.38392440881580114,-40.55488884449005,0.0004092704424510632,0.2,-3.5762786865234375e-07,7392,1258.0,-2.94339342
1849,23,6,237568,0.3306884765625,0.9073550701141357,-0.032157247012946755,0.029883977,-0.04420367255806923,0.004103348321223166,-40.58672046661377,0.0004092704424510632,0.2,-2.2649765014648438e-06,7408,1258.0,-2.94339342
1847,24,6,238080,0.238037109375,0.9071734547615051,-0.025444792583584785,0.015853679,-0.019027583301067352,0.0020676509629993234,-40.61123788356781,0.0004092704424510632,0.2,1.3768672943115234e-05,7424,1258.0,-2.94131639
1844,25,6,238592,0.197998046875,0.9054889678955078,-0.020102993192267604,0.017878385,0.16072909533977509,0.38796556927263737,-40.579851508140564,0.0004092704424510632,0.2,7.152557373046875e-07,7440,1258.0,-2.94131639
1842,26,7,239104,0.204833984375,0.9054029583930969,-0.020999078260501847,0.015627459,-0.01953822746872902,0.01075583505735267,-40.531713247299194,0.0004092704424510632,0.2,-4.5299530029296875e-06,7456,1258.0,-2.9405985799999996
1840,27,7,239616,0.2520751953125,0.9072394967079163,-0.02983495919033885,0.024668876,0.15819674730300903,0.3641444072127342,-40.56698548793793,0.0004092704424510632,0.2,-2.384185791015625e-07,7472,1258.0,-2.9405985799999996
1838,28,7,240128,0.2703857421875,0.9087271690368652,-0.02963966259267181,0.019774523,-0.039844948798418045,0.01273500980460085,-40.62861084938049,0.0004092704424510632,0.2,7.68899917602539e-06,7488,1258.0,-2.9405985799999996
1835,29,8,240640,0.228759765625,0.9092764854431152,-0.02718250241014175,0.01767692,-0.03701937943696976,0.0026392971994937398,-40.65359044075012,0.0004092704424510632,0.2,-4.291534423828125e-06,7504,1258.0,-2.93738628
1833,30,8,241152,0.270263671875,0.9074103832244873,-0.02635032043326646,0.018317357,0.1525500863790512,0.3788931658491492,-40.6368043422699,0.0004092704424510632,0.2,9.5367431640625e-07,7520,1258.0,-2.93738628
1831,31,8,241664,0.251953125,0.906456708908081,-0.022893179739185143,0.017916914,-0.030798109248280525,0.013634007016662508,-40.57575249671936,0.0004092704424510632,0.2,-8.225440979003906e-06,7536,1258.0,-2.93739646
1835,32,8,242176,0.2315673828125,0.9055114388465881,-0.02256726784980856,0.019470554,0.12265509366989136,0.36852017045021057,-40.56021595001221,0.0004092704424510632,0.2,-3.5762786865234375e-07,7552,1258.0,-2.93739646
1838,33,9,242688,0.247802734375,0.9042766094207764,-0.027571206766879186,0.019467633,-0.02545742690563202,0.010720851772930473,-40.52141618728638,0.0004092704424510632,0.2,1.1563301086425781e-05,7568,1258.0,-2.93739646
1841,34,9,243200,0.2630615234375,0.9031031727790833,-0.029723953863140196,0.01969924,-0.035177990794181824,0.0033051638820325024,-40.487889885902405,0.0004092704424510632,0.2,-1.3113021850585938e-06,7584,1258.0,-2.93766282
1844,35,9,243712,0.2115478515625,0.9018691182136536,-0.01988343461562181,0.016274404,0.18225276470184326,0.362506665289402,-40.45014417171478,0.0004092704424510632,0.2,1.2516975402832031e-06,7600,1258.0,-2.93766282
1846,36,9,244224,0.2225341796875,0.9003989100456238,-0.021939708618447185,0.023373833,-0.0324845165014267,0.011050413391785696,-40.4023562669754,0.0004092704424510632,0.2,-5.364418029785156e-06,7616,1258.0,-2.93381943
1849,37,10,244736,0.259033203125,0.8997194170951843,-0.02741564530879259,0.020081542,0.17599055171012878,0.35229306062683463,-40.3673130273819,0.0004092704424510632,0.2,-4.76837158203125e-07,7632,1258.0,-2.93381943
1851,38,10,245248,0.2261962890625,0.8989365696907043,-0.026113836880540475,0.017212462,-0.032000582665205,0.01205239535192959,-40.34030747413635,0.0004092704424510632,0.2,5.781650543212891e-06,7648,1258.0,-2.93381943
1853,39,10,245760,0.20263671875,0.8989976048469543,-0.022942238545510918,0.014225302,-0.032873887568712234,0.003997429492301308,-40.325974106788635,0.0004092704424510632,0.2,-7.3909759521484375e-06,7664,1258.0,-2.9331948899999998
1855,40,11,246272,0.247802734375,0.8999149203300476,-0.025556092034094036,0.020496914,0.20359255373477936,0.36233254661783576,-40.339548110961914,0.0004092704424510632,0.2,4.172325134277344e-07,7680,1258.0,-2.9331948899999998
1857,41,11,246784,0.273193359375,0.8973005414009094,-0.028560595645103604,0.023005925,-0.036742184311151505,0.009788039955310524,-40.324373841285706,0.0004092704424510632,0.2,-1.7881393432617188e-06,7696,1258.0,-2.9287538299999993
1858,42,11,247296,0.2603759765625,0.8946205973625183,-0.024583468912169337,0.02101339,0.11915585398674011,0.3618263825774193,-40.215312242507935,0.0004092704424510632,0.2,2.384185791015625e-07,7712,1258.0,-2.9287538299999993
1859,43,11,247808,0.24365234375,0.8924629092216492,-0.025599337488529272,0.02014421,-0.030691906809806824,0.011438859364716336,-40.142757058143616,0.0004092704424510632,0.2,0.0,7728,1258.0,-2.9287538299999993
1861,44,12,248320,0.265380859375,0.891465961933136,-0.03103841566189658,0.019823723,-0.044417548924684525,0.005168165022041649,-40.078373312950134,0.0004092704424510632,0.2,-1.1920928955078125e-07,7744,1258.0,-2.92759662
1862,45,12,248832,0.3089599609375,0.8920131921768188,-0.024125569412717596,0.025650062,0.08520160615444183,0.21783929085358977,-40.07950747013092,0.0004092704424510632,0.2,5.960464477539063e-08,7760,1258.0,-2.92759662
1860,46,12,249344,0.3216552734375,0.8939771056175232,-0.029016644140938297,0.03171372,-0.03538334369659424,0.01141554833156988,-40.12611639499664,0.0004092704424510632,0.2,2.086162567138672e-06,7776,1258.0,-2.9254711499999995
1861,47,12,249856,0.156005859375,0.8947197794914246,-0.015859049999562558,0.012448529,0.13276934623718262,0.39315257454290986,-40.173906087875366,0.0004092704424510632,0.2,1.7881393432617188e-07,7792,1258.0,-2.9254711499999995
1862,48,13,250368,0.2176513671875,0.8948273062705994,-0.023577494561322965,0.015023206,-0.020576395094394684,0.010402778745628893,-40.18947446346283,0.0004092704424510632,0.2,4.5299530029296875e-06,7808,1258.0,-2.9221631399999994
1863,49,13,250880,0.19873046875,0.8940685391426086,-0.01877930793853011,0.017894555,0.19327285885810852,0.37458808813244104,-40.179755210876465,0.0004092704424510632,0.2,1.7881393432617188e-07,7824,1258.0,-2.9221631399999994
1864,50,13,251392,0.2552490234375,0.894553542137146,-0.025261763716116548,0.023213156,-0.028988802805542946,0.0030774256811128,-40.156487464904785,0.0004092704424510632,0.2,8.344650268554688e-07,7840,1258.0,-2.9221631399999994
1866,51,13,251904,0.3074951171875,0.8947263956069946,-0.033556093549123034,0.028217679,-0.041843730956315994,0.004573438920488115,-40.18162441253662,0.0004092704424510632,0.2,-2.0265579223632812e-06,7856,1258.0,-2.91939719
1867,52,14,252416,0.269775390625,0.8942331075668335,-0.027874690480530262,0.018214708,0.14713971316814423,0.3728516511619091,-40.170101165771484,0.0004092704424510632,0.2,2.980232238769531e-07,7872,1258.0,-2.91939719
1868,53,14,252928,0.2998046875,0.8934438228607178,-0.030094675486907363,0.027594782,-0.04226493835449219,0.010813763889018446,-40.14302039146423,0.0004092704424510632,0.2,1.1801719665527344e-05,7888,1258.0,-2.9180462699999996
1869,54,14,253440,0.2476806640625,0.8918865919113159,-0.024915836285799742,0.018672321,0.1734580248594284,0.3611935917288065,-40.11089062690735,0.0004092704424510632,0.2,-1.1920928955078125e-07,7904,1258.0,-2.9180462699999996
1870,55,15,253952,0.235595703125,0.891684889793396,-0.025065072026336566,0.019767843,-0.018901322036981583,0.009677102585555986,-40.068259835243225,0.0004092704424510632,0.2,-2.9802322387695312e-06,7920,1258.0,-2.9180462699999996
1871,56,15,254464,0.252197265625,0.892162024974823,-0.0300208798435051,0.016479477,-0.03403278440237045,0.002088627479679417,-40.07333505153656,0.0004092704424510632,0.2,-4.5299530029296875e-06,7936,1258.0,-2.91615224
1872,57,15,254976,0.2174072265625,0.8932734727859497,-0.022554378840141,0.01817676,0.15270449221134186,0.36329381074756384,-40.1078907251358,0.0004092704424510632,0.2,4.172325134277344e-07,7952,1258.0,-2.91615224
1873,58,15,255488,0.185302734375,0.8951335549354553,-0.016603552496235352,0.011973651,-0.01563326269388199,0.009300851699663326,-40.154682874679565,0.0004092704424510632,0.2,1.7881393432617188e-06,7968,1258.0,-2.91188649
1874,59,16,256000,0.2476806640625,0.896004319190979,-0.027571559621719643,0.022431336,0.12678119540214539,0.34849413810297847,-40.21544921398163,0.0004092704424510632,0.2,-4.76837158203125e-07,7984,1258.0,-2.91188649
1874,60,16,256512,0.2353515625,0.896582305431366,-0.02358681989426259,0.017589185,-0.02566528134047985,0.014695530495373532,-40.240421772003174,0.0004092704424510632,0.2,1.1265277862548828e-05,8000,1258.0,-2.91188649
1875,61,16,257024,0.277587890625,0.8975608944892883,-0.030954454676248133,0.021842383,-0.03751464933156967,0.0033718351915013045,-40.26670002937317,0.0004092704424510632,0.2,-4.649162292480469e-06,8016,1258.0,-2.9123253800000004
1876,62,16,257536,0.2462158203125,0.8976726531982422,-0.028629747233935632,0.02157575,0.1309596747159958,0.36849109549075365,-40.284077525138855,0.0004092704424510632,0.2,1.3113021850585938e-06,8032,1258.0,-2.9123253800000004
1877,63,17,258048,0.2225341796875,0.8975540995597839,-0.02013078873278573,0.019017752,-0.027294792234897614,0.014236336370231584,-40.274800539016724,0.0004092704424510632,0.2,-1.1920928955078125e-06,8048,1258.0,-2.91095417
1877,64,17,258560,0.221435546875,0.8959224820137024,-0.022997722757281736,0.018899538,0.18574795126914978,0.34409411158412695,-40.247042536735535,0.0004092704424510632,0.2,-2.384185791015625e-07,8064,1258.0,-2.91095417
1878,65,17,259072,0.2421875,0.8948028087615967,-0.02116659154125955,0.022276152,-0.02983941324055195,0.014509789703879505,-40.19114065170288,0.0004092704424510632,0.2,1.0251998901367188e-05,8080,1258.0,-2.91095417
1879,66,17,259584,0.267333984375,0.8933715224266052,-0.030018576828297228,0.022968415,-0.052612870931625366,0.0034288384194951504,-40.1559739112854,0.0004092704424510632,0.2,-2.6226043701171875e-06,8096,1258.0,-2.9099688500000003
1879,67,18,260096,0.1961669921875,0.892937183380127,-0.022727006813511252,0.017353162,0.13393351435661316,0.362103721126914,-40.11855125427246,0.0004092704424510632,0.2,1.3113021850585938e-06,8112,1258.0,-2.9099688500000003
1880,68,18,260608,0.3017578125,0.8923078179359436,-0.034084069353411905,0.023934558,-0.04597356542944908,0.009500892512733117,-40.10341703891754,0.0004092704424510632,0.2,1.7881393432617188e-07,8128,1258.0,-2.9078742
1881,69,18,261120,0.2413330078125,0.8904436826705933,-0.0249953709426336,0.021886801,0.14995986223220825,0.3557827500626445,-40.063143372535706,0.0004092704424510632,0.2,-2.384185791015625e-07,8144,1258.0,-2.9078742
1882,70,19,261632,0.236328125,0.889581024646759,-0.023049024573992938,0.017688349,-0.027209477499127388,0.01355772785609588,-40.01309359073639,0.0004092704424510632,0.2,6.9141387939453125e-06,8160,1258.0,-2.9078742
1883,71,19,262144,0.2059326171875,0.8886914849281311,-0.01950110465986654,0.018937815,-0.026974402368068695,0.004756219670525752,-39.9866007566452,0.0004092704424510632,0.2,3.814697265625e-06,8176,1258.0,-2.9050341699999995
1883,72,19,262656,0.3134765625,0.888573169708252,-0.03011476420215331,0.037223727,0.1399180293083191,0.2940746722742915,-39.96463406085968,0.0004092704424510632,0.2,2.980232238769531e-07,8192,1258.0,-2.9050341699999995
1884,73,19,263168,0.1966552734375,0.8886758089065552,-0.020515546115348116,0.02002433,-0.028556283563375473,0.011098814225988463,-39.95703721046448,0.0004092704424510632,0.2,5.7220458984375e-06,8208,1258.0,-2.9035821600000005
1885,74,20,263680,0.2086181640625,0.8875477910041809,-0.02444926422322169,0.017322859,0.18309050798416138,0.38308484107255936,-39.94429039955139,0.0004092704424510632,0.2,4.172325134277344e-07,8224,1258.0,-2.9035821600000005
1886,75,20,264192,0.26171875,0.8853867053985596,-0.023051214317092672,0.022411224,-0.033516865223646164,0.0100046519364696,-39.88441514968872,0.0004092704424510632,0.2,6.377696990966797e-06,8240,1258.0,-2.9019991899999997
1886,76,20,264704,0.24169921875,0.8842129111289978,-0.024933536420576274,0.018060438,0.12876948714256287,0.355384798720479,-39.81643354892731,0.0004092704424510632,0.2,0.0,8256,1258.0,-2.9019991899999997
1887,77,20,265216,0.2794189453125,0.8842761516571045,-0.03136062165140174,0.019785784,-0.0404302217066288,0.002620881121401908,-39.79331588745117,0.0004092704424510632,0.2,-4.291534423828125e-06,8272,1258.0,-2.9019991899999997
1887,78,21,265728,0.24755859375,0.8840405941009521,-0.023379594349535182,0.0247441,-0.030334046110510826,0.006076488018152304,-39.79013752937317,0.0004092704424510632,0.2,9.357929229736328e-06,8288,1258.0,-2.89830237
1888,79,21,266240,0.241943359375,0.884179949760437,-0.02301584343513241,0.01939825,0.13329143822193146,0.35702624171972275,-39.78194451332092,0.0004092704424510632,0.2,6.556510925292969e-07,8304,1258.0,-2.89830237
1889,80,21,266752,0.311767578125,0.8831648826599121,-0.02990819529077271,0.024125189,-0.03263295814394951,0.01239377137972042,-39.77020311355591,0.0004092704424510632,0.2,2.3245811462402344e-06,8320,1258.0,-2.89435339
1889,81,21,267264,0.171875,0.8822454810142517,-0.01956554062780924,0.012279671,0.14759546518325806,0.3439180674031377,-39.73848831653595,0.0004092704424510632,0.2,-1.1920928955078125e-07,8336,1258.0,-2.89435339
1890,82,22,267776,0.2677001953125,0.880635678768158,-0.026937632414046675,0.02152557,-0.03320271149277687,0.008740532590309158,-39.703022480010986,0.0004092704424510632,0.2,9.119510650634766e-06,8352,1258.0,-2.89435339
1890,83,22,268288,0.2276611328125,0.8807429671287537,-0.023027547053061426,0.015538518,-0.03917505592107773,0.0023969379799382295,-39.671242356300354,0.0004092704424510632,0.2,3.5762786865234375e-06,8368,1258.0,-2.8911989900000004
1891,84,22,268800,0.269287109375,0.8807985782623291,-0.026818996149813756,0.02224968,0.132560595870018,0.349134617485106,-39.68240547180176,0.0004092704424510632,0.2,1.8477439880371094e-06,8384,1258.0,-2.8911989900000004
1891,85,23,269312,0.3271484375,0.8804910182952881,-0.03212037603952922,0.03350865,-0.03302744776010513,0.007756950144539587,-39.67793393135071,0.0004092704424510632,0.2,-3.6954879760742188e-06,8400,1258.0,-2.8864436400000004
1892,86,23,269824,0.234130859375,0.881527304649353,-0.023700122110312805,0.020012872,0.13128377497196198,0.33330126060172915,-39.682830572128296,0.0004092704424510632,0.2,-1.7881393432617188e-06,8416,1258.0,-2.8864436400000004
1892,87,23,270336,0.2899169921875,0.8810077905654907,-0.028881100297439843,0.025558062,-0.035262905061244965,0.01236358832102269,-39.70940029621124,0.0004092704424510632,0.2,6.556510925292969e-06,8432,1258.0,-2.8864436400000004
1893,88,23,270848,0.2384033203125,0.8796743750572205,-0.026365007885033265,0.01833259,-0.02980128861963749,0.003826885498710908,-39.67818236351013,0.0004092704424510632,0.2,1.4901161193847656e-06,8448,1258.0,-2.8851938700000006
1893,89,24,271360,0.2254638671875,0.878202497959137,-0.02158678758132737,0.021188958,0.1383192539215088,0.3421783475205302,-39.63128077983856,0.0004092704424510632,0.2,2.205371856689453e-06,8464,1258.0,-2.8851938700000006
1894,90,24,271872,0.250244140625,0.8780519962310791,-0.02489240700379014,0.01762481,-0.03135228157043457,0.011332087946357206,-39.60063350200653,0.0004092704424510632,0.2,-2.6464462280273438e-05,8480,1258.0,-2.88555404
1894,91,24,272384,0.2183837890625,0.87835693359375,-0.028156457556178793,0.019042429,0.12724266946315765,0.3313957443460822,-39.612281799316406,0.0004092704424510632,0.2,-1.5497207641601562e-06,8496,1258.0,-2.88555404
1895,92,24,272896,0.2569580078125,0.878832995891571,-0.023936330231663305,0.019079393,-0.02068363130092621,0.01278940902557224,-39.619879484176636,0.0004092704424510632,0.2,3.0517578125e-05,8512,1258.0,-2.88555404
1895,93,25,273408,0.212646484375,0.8790551424026489,-0.025004182796692476,0.015396028,-0.02444341778755188,0.003523076891724486,-39.62289309501648,0.0004092704424510632,0.2,1.0192394256591797e-05,8528,1258.0,-2.8831486900000005
1896,94,25,273920,0.20751953125,0.8783676028251648,-0.023671547474805266,0.015573006,0.09558913111686707,0.3360909363254905,-39.608153223991394,0.0004092704424510632,0.2,3.6954879760742188e-06,8544,1258.0,-2.8831486900000005
1896,95,25,274432,0.2279052734375,0.8793049454689026,-0.021207814788795076,0.015319704,-0.03350965678691864,0.008295157269458286,-39.5988792181015,0.0004092704424510632,0.2,-4.5299530029296875e-06,8560,1258.0,-2.88024101
1897,96,25,274944,0.195068359375,0.8791913390159607,-0.018129845499061048,0.014424929,0.15269121527671814,0.3282064166851342,-39.627280592918396,0.0004092704424510632,0.2,-1.0728836059570312e-06,8576,1258.0,-2.88024101
1897,97,26,275456,0.275390625,0.8795486688613892,-0.029065344016999006,0.02483441,-0.03056926652789116,0.009669168459367938,-39.62144136428833,0.0004092704424510632,0.2,4.404783248901367e-05,8592,1258.0,-2.88024101
1898,98,26,275968,0.263671875,0.8782985806465149,-0.029387158050667495,0.024912624,-0.03703505918383598,0.004185423757007811,-39.62282836437225,0.0004092704424510632,0.2,2.1457672119140625e-06,8608,1258.0,-2.8753949500000004
1898,99,26,276480,0.2786865234375,0.8765040040016174,-0.024083967589831445,0.03122098,0.11243994534015656,0.3039520177990198,-39.56325387954712,0.0004092704424510632,0.2,5.900859832763672e-06,8624,1258.0,-2.8753949500000004
1899,100,26,276992,0.2919921875,0.8751422166824341,-0.028000472288113087,0.028473888,-0.04571239650249481,0.00947124398953747,-39.50240087509155,0.0004092704424510632,0.2,4.13060188293457e-05,8640,1258.0,-2.8726147700000007
1899,101,27,277504,0.1944580078125,0.8744606971740723,-0.0196619708876824,0.013362715,0.12396718561649323,0.3380563813261688,-39.46015381813049,0.0004092704424510632,0.2,3.874301910400391e-06,8656,1258.0,-2.8726147700000007
1900,102,27,278016,0.2857666015625,0.8755249381065369,-0.031016232445836067,0.027149253,-0.03817819803953171,0.010275423934217542,-39.4540034532547,0.0004092704424510632,0.2,2.849102020263672e-05,8672,1258.0,-2.8726147700000007
1900,103,27,278528,0.2081298828125,0.8748428225517273,-0.025372762815095484,0.016980324,-0.0468570850789547,0.004912900716590229,-39.47237551212311,0.0004092704424510632,0.2,-4.291534423828125e-06,8688,1258.0,-2.8713805800000007
1901,104,28,279040,0.187744140625,0.873088002204895,-0.015124607918551192,0.016937412,0.0105905681848526,0.03576628008886473,-39.416688084602356,0.0004092704424510632,0.2,-8.344650268554688e-07,8704,1258.0,-2.8713805800000007
1901,105,28,279552,0.286376953125,0.8738428950309753,-0.023591282122652046,0.030813321,-0.0205659419298172,0.006899073108797893,-39.38858151435852,0.0004092704424510632,0.2,2.2172927856445312e-05,8720,1258.0,-2.8692228200000005
1901,106,28,280064,0.236083984375,0.8742577433586121,-0.021108506771270186,0.022336066,0.15392877161502838,0.3949431963264942,-39.42473304271698,0.0004092704424510632,0.2,8.344650268554688e-07,8736,1258.0,-2.8692228200000005
1901,107,28,280576,0.2506103515625,0.8752280473709106,-0.01991432750946842,0.029603237,-0.026541639119386673,0.011896912707015872,-39.442922592163086,0.0004092704424510632,0.2,3.719329833984375e-05,8752,1258.0,-2.86912614
1902,108,29,281088,0.24169921875,0.8757579326629639,-0.02784882194828242,0.016711794,0.10252180695533752,0.3747683968394995,-39.48131251335144,0.0004092704424510632,0.2,1.0728836059570312e-05,8768,1258.0,-2.86912614
1902,109,29,281600,0.3087158203125,0.8753505945205688,-0.030415834218729287,0.024445243,-0.03643602877855301,0.011810741154477,-39.49554765224457,0.0004092704424510632,0.2,-3.337860107421875e-06,8784,1258.0,-2.86912614
1902,110,29,282112,0.2403564453125,0.8738451600074768,-0.0274755640712101,0.01621196,-0.038619380444288254,0.0017352517825202085,-39.46641552448273,0.0004092704424510632,0.2,-2.765655517578125e-05,8800,1258.0,-2.8652154400000005
1903,111,29,282624,0.24609375,0.872138500213623,-0.027821158844744787,0.021290775,0.13569863140583038,0.37793880607932806,-39.411306500434875,0.0004092704424510632,0.2,-2.9802322387695312e-06,8816,1258.0,-2.8652154400000005
1903,112,30,283136,0.2677001953125,0.8716393709182739,-0.02912382598151453,0.019294474,-0.037835121154785156,0.008072060300037265,-39.367642879486084,0.0004092704424510632,0.2,3.993511199951172e-06,8832,1258.0,-2.860705490000001
1904,113,30,283648,0.258056640625,0.8709098696708679,-0.025856904496322386,0.022180282,0.11430852115154266,0.35066660586744547,-39.34499430656433,0.0004092704424510632,0.2,5.364418029785156e-07,8848,1258.0,-2.860705490000001
1904,114,30,284160,0.29345703125,0.8725165724754333,-0.03300681397377048,0.02555405,-0.04099484533071518,0.0096807327499846,-39.35852372646332,0.0004092704424510632,0.2,1.1920928955078125e-06,8864,1258.0,-2.860705490000001
1904,115,30,284672,0.2587890625,0.8738576173782349,-0.02750683897465933,0.021021783,-0.029902366921305656,0.00304007180602639,-39.416872382164,0.0004092704424510632,0.2,1.3709068298339844e-06,8880,1258.0,-2.85613222
1905,116,31,285184,0.2471923828125,0.8732891082763672,-0.025006357856909744,0.021763718,0.14195305109024048,0.3584470571950078,-39.436909198760986,0.0004092704424510632,0.2,-3.5762786865234375e-07,8896,1258.0,-2.85613222
1905,117,31,285696,0.29150390625,0.873185932636261,-0.025637291648308747,0.023458924,-0.03288685902953148,0.007381400195299648,-39.41810739040375,0.0004092704424510632,0.2,3.2186508178710938e-06,8912,1258.0,-2.8526512699999995
1905,118,31,286208,0.2105712890625,0.8715579509735107,-0.021882618784729857,0.019584617,0.1257513165473938,0.3424564590677619,-39.39674687385559,0.0004092704424510632,0.2,4.172325134277344e-07,8928,1258.0,-2.8526512699999995
1906,119,31,286720,0.2293701171875,0.8714939951896667,-0.023568335600430146,0.016066842,-0.030043702572584152,0.012819199822843075,-39.35022568702698,0.0004092704424510632,0.2,3.814697265625e-06,8944,1258.0,-2.8526512699999995
1906,120,32,287232,0.2987060546875,0.8710312247276306,-0.027289941848721355,0.022084272,-0.02777688577771187,0.0035051415470661595,-39.35659837722778,0.0004092704424510632,0.2,0.0,8960,1258.0,-2.8523483299999994
1906,121,32,287744,0.226806640625,0.8704094886779785,-0.023091035545803607,0.016384274,0.14337140321731567,0.3535406026057899,-39.3308162689209,0.0004092704424510632,0.2,0.0,8976,1258.0,-2.8523483299999994
1907,122,32,288256,0.2950439453125,0.8718016147613525,-0.025772547320229933,0.022154512,-0.03283683955669403,0.00856662800651975,-39.32794272899628,0.0004092704424510632,0.2,2.562999725341797e-06,8992,1258.0,-2.8481565899999994
1907,123,33,288768,0.273681640625,0.8717223405838013,-0.025346222741063684,0.02091315,0.13353919982910156,0.3291637534275651,-39.35534167289734,0.0004092704424510632,0.2,0.0,9008,1258.0,-2.8481565899999994
1907,124,33,289280,0.1964111328125,0.8708266019821167,-0.017150829517049715,0.019942794,-0.007240374572575092,0.0164837411721237,-39.33929407596588,0.0004092704424510632,0.2,2.9802322387695312e-06,9024,1258.0,-2.8481565899999994
1907,125,33,289792,0.228515625,0.8705077767372131,-0.022957344335736707,0.019424591,-0.02960355207324028,0.0034797382322722115,-39.32709610462189,0.0004092704424510632,0.2,-1.3113021850585938e-06,9040,1258.0,-2.84764684
1908,126,33,290304,0.252197265625,0.8695341348648071,-0.026183352922089398,0.024307802,0.1562226116657257,0.33890755008906126,-39.31523084640503,0.0004092704424510632,0.2,3.5762786865234375e-07,9056,1258.0,-2.84764684
1908,127,34,290816,0.2705078125,0.8681735992431641,-0.028858492471044883,0.01922777,-0.03830515593290329,0.009717180582811125,-39.269946932792664,0.0004092704424510632,0.2,4.172325134277344e-06,9072,1258.0,-2.84541211
1908,128,34,291328,0.233642578125,0.86737060546875,-0.023562296555610374,0.018951159,0.13677965104579926,0.34122840967029333,-39.23746967315674,0.0004092704424510632,0.2,3.5762786865234375e-07,9088,1258.0,-2.84541211
1908,129,34,291840,0.22802734375,0.8670782446861267,-0.019157778966473415,0.01677465,-0.029896875843405724,0.010430877679027617,-39.21923315525055,0.0004092704424510632,0.2,8.344650268554688e-07,9104,1258.0,-2.84541211
1908,130,34,292352,0.2440185546875,0.865702211856842,-0.02705406045424752,0.017398803,-0.03408021479845047,0.004361869810963981,-39.18817603588104,0.0004092704424510632,0.2,-5.960464477539062e-07,9120,1258.0,-2.8409823000000007
1909,131,35,292864,0.2579345703125,0.8645938634872437,-0.01993967345333658,0.038874958,0.07489803433418274,0.19215619168244302,-39.14667296409607,0.0004092704424510632,0.2,-3.5762786865234375e-07,9136,1258.0,-2.8409823000000007
1909,132,35,293376,0.2799072265625,0.8645046353340149,-0.023220284638227895,0.025537811,-0.02467019483447075,0.00981617062643636,-39.127416372299194,0.0004092704424510632,0.2,6.556510925292969e-07,9152,1258.0,-2.83766907
1909,133,35,293888,0.28369140625,0.8639989495277405,-0.03134957133443095,0.024986539,0.08823825418949127,0.3693729182705283,-39.12796700000763,0.0004092704424510632,0.2,0.0,9168,1258.0,-2.83766907
1909,134,35,294400,0.207763671875,0.8632906675338745,-0.02444489480694756,0.015935456,-0.027866676449775696,0.012405523768393323,-39.105509519577026,0.0004092704424510632,0.2,2.86102294921875e-06,9184,1258.0,-2.8374261500000006
1910,135,36,294912,0.290771484375,0.8631617426872253,-0.031784610779141076,0.028409809,0.11473637074232101,0.35215555131435394,-39.08841168880463,0.0004092704424510632,0.2,0.0,9200,1258.0,-2.8374261500000006
1910,136,36,295424,0.2303466796875,0.8640874028205872,-0.027242841315455735,0.017994469,-0.02597888372838497,0.0033119244835688733,-39.109023571014404,0.0004092704424510632,0.2,-8.344650268554688e-07,9216,1258.0,-2.8374261500000006
1910,137,36,295936,0.291748046875,0.8650774359703064,-0.03351347225543577,0.020552723,-0.028535131365060806,0.0038294980695354752,-39.152660608291626,0.0004092704424510632,0.2,2.2649765014648438e-06,9232,1258.0,-2.83453753
1911,138,36,296448,0.233642578125,0.8638553023338318,-0.024624438330647536,0.01750803,0.1257520467042923,0.34925844240933657,-39.15534555912018,0.0004092704424510632,0.2,5.960464477539063e-08,9248,1258.0,-2.83453753
1911,139,37,296960,0.2896728515625,0.8637375831604004,-0.02608562630484812,0.02569263,-0.030191563069820404,0.010125051863724366,-39.114869832992554,0.0004092704424510632,0.2,4.76837158203125e-06,9264,1258.0,-2.83114871
1911,140,37,297472,0.275634765625,0.8644486665725708,-0.025686930181109346,0.01965908,0.12868434190750122,0.3372763800434768,-39.132140159606934,0.0004092704424510632,0.2,1.1920928955078125e-07,9280,1258.0,-2.83114871
1911,141,37,297984,0.210693359375,0.8648895621299744,-0.018887315003667027,0.021059506,-0.023992426693439484,0.00995646562660113,-39.15618276596069,0.0004092704424510632,0.2,-2.6226043701171875e-06,9296,1258.0,-2.83114871
1912,142,38,298496,0.2509765625,0.8649356961250305,-0.02363986569980625,0.020618506,-0.033920980989933014,0.001902214382425882,-39.162059903144836,0.0004092704424510632,0.2,-2.384185791015625e-07,9312,1258.0,-2.8252431499999995
1912,143,38,299008,0.1983642578125,0.865458071231842,-0.02060107933357358,0.013909214,0.11065387725830078,0.3322388157248497,-39.17496728897095,0.0004092704424510632,0.2,-2.384185791015625e-07,9328,1258.0,-2.8252431499999995
1912,144,38,299520,0.2841796875,0.8664796352386475,-0.023667688699788414,0.026104312,-0.034550704061985016,0.00988542303093709,-39.2062646150589,0.0004092704424510632,0.2,1.1026859283447266e-05,9344,1258.0,-2.822356659999999
1912,145,38,300032,0.27392578125,0.8664559721946716,-0.026975465705618262,0.023058224,0.08733806014060974,0.32317057996988297,-39.23483121395111,0.0004092704424510632,0.2,3.5762786865234375e-07,9360,1258.0,-2.822356659999999
1912,146,39,300544,0.2940673828125,0.8652024269104004,-0.03384779463522136,0.02792689,-0.03712999075651169,0.009924656653311104,-39.21115183830261,0.0004092704424510632,0.2,-8.344650268554688e-07,9376,1258.0,-2.822356659999999
1913,147,39,301056,0.272216796875,0.8641945719718933,-0.028545759283588268,0.023384485,-0.040439046919345856,0.00414487742818892,-39.16579878330231,0.0004092704424510632,0.2,-3.5762786865234375e-07,9392,1258.0,-2.8189728299999994
