time/time_elapsed,time/total_timesteps,time/fps,time/iterations,train/entropy_loss,train/explained_variance,train/clip_range,train/policy_gradient_loss,train/n_updates,train/value_loss,train/learning_rate,train/approx_kl,train/std,train/clip_fraction,train/loss,rollout/ep_len_mean,rollout/ep_rew_mean
0,512,4053,1,,,,,,,,,,,,,
0,1024,2311,2,-43.97415482997894,-0.15301954746246338,0.2,-0.030291505783679895,16,0.10223402697010897,0.0004092704424510632,0.018540228,0.9988194704055786,0.2352294921875,-0.052748680114746094,,
0,1536,2049,3,-43.93265390396118,0.0020296573638916016,0.2,-0.033537365728989244,32,0.005759843777923379,0.0004092704424510632,0.020757228,0.9980538487434387,0.31982421875,-0.026691600680351257,1257.0,-3.182234
1,2048,1932,4,-43.91120648384094,0.020686745643615723,0.2,-0.029069543641526252,48,0.0023181482756626792,0.0004092704424510632,0.017066162,0.9969443082809448,0.308837890625,-0.0400993637740612,1257.0,-3.182234
1,2560,1867,5,-43.904417395591736,0.00048172473907470703,0.2,-0.02724537398898974,64,0.006921253239852376,0.0004092704424510632,0.02359974,0.9982898831367493,0.32275390625,-0.038327161222696304,1257.0,-3.114127
1,3072,1836,6,-43.94364380836487,0.001367032527923584,0.2,-0.02724931138800457,80,0.007238102916744538,0.0004092704424510632,0.016819963,0.9989320635795593,0.2567138671875,-0.03296381235122681,1257.0,-3.114127
1,3584,1836,7,-43.94926559925079,0.0019435286521911621,0.2,-0.02264700722298585,96,0.01020458662242163,0.0004092704424510632,0.01636589,0.9988511800765991,0.26611328125,-0.03374642878770828,1257.0,-3.114127
2,4096,1832,8,-43.94842839241028,0.0012829899787902832,0.2,-0.030438386005698703,112,0.004501994939346332,0.0004092704424510632,0.018021844,0.9988648295402527,0.2899169921875,-0.04272731393575668,1257.0,-3.0123719999999996
2,4608,1832,9,-43.943641901016235,-0.0005310773849487305,0.2,-0.028295745054492727,128,0.024988416931591928,0.0004092704424510632,0.027216956,0.998685896396637,0.350341796875,-0.032895367592573166,1257.0,-3.0123719999999996
2,5120,1833,10,-43.95925581455231,0.018163561820983887,0.2,-0.030211168821551837,144,0.0022081919414631557,0.0004092704424510632,0.020206235,1.0001267194747925,0.304931640625,-0.031811997294425964,1257.0,-2.9689854999999996
3,5632,1832,11,-43.968220353126526,0.0012708306312561035,0.2,-0.02120048937649699,160,0.02715147886192426,0.0004092704424510632,0.011525335,0.9983499050140381,0.2073974609375,-0.023753046989440918,1257.0,-2.9689854999999996
3,6144,1835,12,-43.9325977563858,-0.0020062923431396484,0.2,-0.027218066170462407,176,0.010222188924672082,0.0004092704424510632,0.018577436,0.9992846250534058,0.2850341796875,-0.042135223746299744,1257.0,-2.9689854999999996
3,6656,1833,13,-43.97017729282379,-0.0029271841049194336,0.2,-0.03410462714964524,192,0.0055299767045653425,0.0004092704424510632,0.023542104,0.9995856881141663,0.3111572265625,-0.05098738893866539,1257.0,-2.9777441999999996
3,7168,1832,14,-43.97784173488617,0.002116560935974121,0.2,-0.03218084199761506,208,0.05672549700830132,0.0004092704424510632,0.024715561,1.0008838176727295,0.3319091796875,-0.015731828287243843,1257.0,-2.9777441999999996
4,7680,1832,15,-44.010186553001404,-0.03795158863067627,0.2,-0.029394694254733622,224,0.003880146556184627,0.0004092704424510632,0.018537562,1.0009446144104004,0.254638671875,-0.04404157027602196,1257.0,-2.9664444999999997
4,8192,1834,16,-43.995532274246216,0.002033233642578125,0.2,-0.024201674503274262,240,0.048671400058083236,0.0004092704424510632,0.022400334,1.0002604722976685,0.260009765625,-0.02072988450527191,1257.0,-2.9664444999999997
4,8704,1834,17,-43.99662137031555,0.02300703525543213,0.2,-0.029754086237517186,256,0.012338401167653501,0.0004092704424510632,0.030782033,1.0018770694732666,0.312255859375,-0.047071658074855804,1257.0,-2.9664444999999997
5,9216,1834,18,-44.053399205207825,-0.02948892116546631,0.2,-0.02504152391338721,272,0.004891102755209431,0.0004092704424510632,0.016877603,1.0030896663665771,0.2213134765625,-0.03110778145492077,1257.0,-2.9603372857142856
5,9728,1834,19,-44.06287240982056,0.0026518702507019043,0.2,-0.024273990682559088,288,0.08463558554649353,0.0004092704424510632,0.018067876,1.0025012493133545,0.252197265625,0.012948527932167053,1257.0,-2.9603372857142856
5,10240,1833,20,-44.04019844532013,-0.2064964771270752,0.2,-0.024404709809459746,304,0.004546857759123668,0.0004092704424510632,0.01545935,1.001672625541687,0.221435546875,-0.03849735110998154,1257.0,-2.958271
5,10752,1833,21,-44.01668119430542,0.008079588413238525,0.2,-0.025645628396887332,320,0.07084307866171002,0.0004092704424510632,0.017060978,1.0009338855743408,0.2481689453125,0.009252214804291725,1257.0,-2.958271
6,11264,1831,22,-43.99602949619293,0.05562317371368408,0.2,-0.025160190474707633,336,0.017587065318366513,0.0004092704424510632,0.020033166,1.0006518363952637,0.229248046875,-0.02305096760392189,1257.0,-2.958271
6,11776,1832,23,-43.989959359169006,-0.0053414106369018555,0.2,-0.026479524225578643,352,0.004674889438319951,0.0004092704424510632,0.019123964,1.0005406141281128,0.2449951171875,-0.03846587613224983,1257.0,-2.958555222222222
6,12288,1832,24,-43.989667654037476,0.008445978164672852,0.2,-0.024932662679930218,368,0.09320826269686222,0.0004092704424510632,0.029856116,1.0010446310043335,0.2730712890625,0.0005972031503915787,1257.0,-2.958555222222222
6,12800,1830,25,-43.9784140586853,-0.4322993755340576,0.2,-0.024710834681172855,384,0.00710559451545123,0.0004092704424510632,0.017163038,0.9992865324020386,0.210693359375,-0.028776468709111214,1257.0,-2.9806538
7,13312,1830,26,-43.92339622974396,0.020923197269439697,0.2,-0.02393510949332267,400,0.09582526911981404,0.0004092704424510632,0.02450806,0.9980337023735046,0.244873046875,0.0019273459911346436,1257.0,-2.9806538
7,13824,1829,27,-43.93070709705353,0.06761294603347778,0.2,-0.0301790529047139,416,0.01758178317686543,0.0004092704424510632,0.024321906,1.0002812147140503,0.2734375,-0.035078853368759155,1257.0,-2.9806538
7,14336,1827,28,-43.99053883552551,0.3830551505088806,0.2,-0.025280368456151336,432,0.010202509496593848,0.0004092704424510632,0.016368974,1.0007965564727783,0.2213134765625,-0.02921043150126934,1257.0,-2.966915818181818
8,14848,1825,29,-43.975794076919556,0.15524226427078247,0.2,-0.019229019031627104,448,0.026631700107827783,0.0004092704424510632,0.017835975,0.9995900988578796,0.2308349609375,-0.004531959071755409,1257.0,-2.966915818181818
8,15360,1824,30,-43.951258063316345,-0.3072253465652466,0.2,-0.03390215753461234,464,0.007476526574464515,0.0004092704424510632,0.023885831,0.9994820952415466,0.2835693359375,-0.04622068628668785,1257.0,-2.955734916666667
8,15872,1823,31,-43.93318212032318,0.05643320083618164,0.2,-0.026371923100668937,480,0.1320746736600995,0.0004092704424510632,0.022679742,0.9983093738555908,0.2645263671875,0.0123661570250988,1257.0,-2.955734916666667
8,16384,1822,32,-43.91239356994629,-0.3009185791015625,0.2,-0.019415336835663766,496,0.019215618376620114,0.0004092704424510632,0.013141669,0.9982747435569763,0.1483154296875,-0.025556698441505432,1257.0,-2.958478384615385
9,16896,1821,33,-43.91475582122803,0.25496983528137207,0.2,-0.028987479425268248,512,0.12890184856951237,0.0004092704424510632,0.025204442,0.9983658194541931,0.3011474609375,0.04315105825662613,1257.0,-2.958478384615385
9,17408,1821,34,-43.937867403030396,-0.23665058612823486,0.2,-0.02317147200665204,528,0.031005541211925447,0.0004092704424510632,0.017084107,0.9999578595161438,0.211669921875,-0.01697872392833233,1257.0,-2.958478384615385
9,17920,1821,35,-43.97756862640381,-1.1257853507995605,0.2,-0.02433667881996371,544,0.005413471182691865,0.0004092704424510632,0.018885829,1.0000914335250854,0.22265625,-0.03493930399417877,1257.0,-2.9604614285714286
10,18432,1820,36,-43.97807157039642,0.03434532880783081,0.2,-0.025612377823563293,560,0.15435171476565301,0.0004092704424510632,0.025293432,1.0005589723587036,0.26416015625,0.014051411300897598,1257.0,-2.9604614285714286
10,18944,1820,37,-43.98854207992554,-1.8310558795928955,0.2,-0.025462613833951764,576,0.013480984518537298,0.0004092704424510632,0.019506738,1.000562310218811,0.2301025390625,-0.03138027712702751,1257.0,-2.9680168
10,19456,1821,38,-43.990753173828125,0.11909806728363037,0.2,-0.030007867753738537,592,0.13372393534518778,0.0004092704424510632,0.027309526,1.0011588335037231,0.2481689453125,0.007824484258890152,1257.0,-2.9680168
10,19968,1820,39,-43.99237275123596,0.015112161636352539,0.2,-0.02668009309854824,608,0.02011398406466469,0.0004092704424510632,0.015463384,1.0004695653915405,0.2265625,-0.032675545662641525,1257.0,-2.9680168
11,20480,1820,40,-43.97638177871704,-1.0595817565917969,0.2,-0.029331014564377256,624,0.008422596292803064,0.0004092704424510632,0.017447643,1.0005584955215454,0.2386474609375,-0.045537736266851425,1257.0,-2.9698433125
11,20992,1822,41,-43.983692049980164,0.0502622127532959,0.2,-0.02452790190000087,640,0.14193313801661134,0.0004092704424510632,0.023352105,1.000744342803955,0.2178955078125,-0.011425580829381943,1257.0,-2.9698433125
11,21504,1824,42,-43.979591965675354,-4.927671909332275,0.2,-0.027141331302118488,656,0.017016158075421117,0.0004092704424510632,0.01918021,0.9997900724411011,0.18896484375,-0.029794873669743538,1257.0,-2.966741176470588
12,22016,1824,43,-43.94810616970062,0.08038395643234253,0.2,-0.030144542251946405,672,0.137672915821895,0.0004092704424510632,0.032815017,0.9993483424186707,0.2822265625,0.01047508418560028,1257.0,-2.966741176470588
12,22528,1823,44,-43.95073366165161,-0.34087634086608887,0.2,-0.025584074523067102,688,0.024821367347612977,0.0004092704424510632,0.018163726,1.0002164840698242,0.1859130859375,-0.03198026120662689,1257.0,-2.966741176470588
12,23040,1823,45,-43.948014974594116,-0.7250630855560303,0.2,-0.027668089533108287,704,0.01043125991418492,0.0004092704424510632,0.01887152,0.9985107183456421,0.240966796875,-0.02970329485833645,1257.0,-2.955789055555556
12,23552,1823,46,-43.90055286884308,0.09861618280410767,0.2,-0.018696451908908784,720,0.21136901807039976,0.0004092704424510632,0.016265405,0.9977993965148926,0.14990234375,0.025438379496335983,1257.0,-2.955789055555556
13,24064,1822,47,-43.88456189632416,-6.059148788452148,0.2,-0.023325322603341192,736,0.015616765595041215,0.0004092704424510632,0.01883898,0.9966957569122314,0.2060546875,-0.035010989755392075,1257.0,-2.9531690000000004
13,24576,1823,48,-43.86415243148804,0.06947547197341919,0.2,-0.02259528133436106,752,0.1804160416359082,0.0004092704424510632,0.024453923,0.9971099495887756,0.2193603515625,0.012876428663730621,1257.0,-2.9531690000000004
13,25088,1822,49,-43.89543426036835,-0.14875781536102295,0.2,-0.02699727102299221,768,0.021699672914110124,0.0004092704424510632,0.021274868,0.9990615248680115,0.2388916015625,-0.030675482004880905,1257.0,-2.9531690000000004
14,25600,1822,50,-43.94459319114685,0.06669843196868896,0.2,-0.026171569916186854,784,0.005937936031841673,0.0004092704424510632,0.018554064,0.9998450875282288,0.2354736328125,-0.03238420933485031,1257.0,-2.938947
14,26112,1822,51,-43.95279264450073,0.26605224609375,0.2,-0.01690361206419766,800,0.1020924715558067,0.0004092704424510632,0.017380284,0.9992852807044983,0.154296875,-0.007091769948601723,1257.0,-2.938947
14,26624,1821,52,-43.923282623291016,-5.529175758361816,0.2,-0.026480783162696753,816,0.01311888788768556,0.0004092704424510632,0.018965367,0.9980646967887878,0.21826171875,-0.025469765067100525,1257.0,-2.9397086190476194
14,27136,1821,53,-43.8911018371582,0.06440961360931396,0.2,-0.023992338654352352,832,0.142021814128384,0.0004092704424510632,0.018183377,0.9972585439682007,0.2093505859375,0.011086013168096542,1257.0,-2.9397086190476194
15,27648,1821,54,-43.88443148136139,0.14299440383911133,0.2,-0.02663339542777976,848,0.026239703176543117,0.0004092704424510632,0.020327196,0.9979819655418396,0.21923828125,-0.0344499796628952,1257.0,-2.9397086190476194
15,28160,1821,55,-43.92318797111511,0.5496216416358948,0.2,-0.02402005877229385,864,0.040269999706652015,0.0004092704424510632,0.018579023,0.9998542070388794,0.2384033203125,-0.007252911105751991,1257.0,-2.935219090909091
15,28672,1820,56,-43.959940910339355,0.41170674562454224,0.2,-0.016389171418268234,880,0.0739584838738665,0.0004092704424510632,0.017568033,0.9999821782112122,0.143310546875,0.012002218514680862,1257.0,-2.935219090909091
16,29184,1820,57,-43.968064188957214,-1.4465525150299072,0.2,-0.030464113282505423,896,0.008903407724574208,0.0004092704424510632,0.017235484,1.0009491443634033,0.2564697265625,-0.041980911046266556,1257.0,-2.9372660434782607
16,29696,1820,58,-43.97889482975006,0.11794745922088623,0.2,-0.019207734541851096,912,0.1882555449847132,0.0004092704424510632,0.01779546,1.0000852346420288,0.142578125,0.00156441330909729,1257.0,-2.9372660434782607
16,30208,1819,59,-43.947376132011414,-0.778976321220398,0.2,-0.01978754927404225,928,0.041984158277045935,0.0004092704424510632,0.015859956,0.9997161626815796,0.1448974609375,-0.013551958836615086,1257.0,-2.930548333333333
16,30720,1819,60,-43.94186520576477,0.5184412002563477,0.2,-0.018588807550258934,944,0.15652224677614868,0.0004092704424510632,0.020588674,0.9990612268447876,0.1734619140625,0.06834399700164795,1257.0,-2.930548333333333
17,31232,1819,61,-43.93355679512024,-0.3780416250228882,0.2,-0.02659737173235044,960,0.024186601163819432,0.0004092704424510632,0.018194987,0.9998936653137207,0.2244873046875,-0.023522980511188507,1257.0,-2.930548333333333
17,31744,1819,62,-43.98353040218353,-1.0726358890533447,0.2,-0.0336235664144624,976,0.004869689772021957,0.0004092704424510632,0.025722142,1.0020734071731567,0.30224609375,-0.05598403513431549,1257.0,-2.9337508
17,32256,1819,63,-44.028915882110596,0.09683287143707275,0.2,-0.013396645663306117,992,0.25990475667640567,0.0004092704424510632,0.013515733,1.0026386976242065,0.0733642578125,0.03363426774740219,1257.0,-2.9337508
18,32768,1818,64,-44.028987407684326,-1.5818347930908203,0.2,-0.023249281861353666,1008,0.03484658180968836,0.0004092704424510632,0.018804178,1.0022296905517578,0.212158203125,-0.02423040196299553,1257.0,-2.9348665
18,33280,1818,65,-44.015488386154175,0.4246947169303894,0.2,-0.026267663619364612,1024,0.22209562361240387,0.0004092704424510632,0.02695717,1.002156138420105,0.21142578125,0.04148684814572334,1257.0,-2.9348665
18,33792,1818,66,-44.01221990585327,-0.28017210960388184,0.2,-0.026367778671556152,1040,0.024932120752055198,0.0004092704424510632,0.019105807,1.001942753791809,0.2374267578125,-0.04309980571269989,1257.0,-2.9348665
18,34304,1818,67,-44.022748589515686,-0.8646067380905151,0.2,-0.02758391050156206,1056,0.008508179758791812,0.0004092704424510632,0.017561967,1.0027124881744385,0.2581787109375,-0.03106825053691864,1257.0,-2.938000888888889
19,34816,1818,68,-44.03670561313629,0.08502954244613647,0.2,-0.015204898052616045,1072,0.3907340597361326,0.0004092704424510632,0.01141273,1.0026541948318481,0.1334228515625,0.0933719128370285,1257.0,-2.938000888888889
19,35328,1818,69,-44.01436424255371,-5.515010356903076,0.2,-0.019294250378152356,1088,0.007824098160199355,0.0004092704424510632,0.011334298,1.001427412033081,0.144775390625,-0.037510816007852554,1257.0,-2.9401674642857145
19,35840,1818,70,-43.99523401260376,0.048411428928375244,0.2,-0.02151228669390548,1104,0.4272210132330656,0.0004092704424510632,0.0188086,1.0014138221740723,0.137939453125,0.06849779188632965,1257.0,-2.9401674642857145
19,36352,1818,71,-43.99609363079071,-0.3024648427963257,0.2,-0.02204303935286589,1120,0.02222797420108691,0.0004092704424510632,0.011525325,1.0014065504074097,0.169921875,-0.028509974479675293,1257.0,-2.9401674642857145
20,36864,1818,72,-43.98613774776459,-0.05177175998687744,0.2,-0.022097174602095038,1136,0.010525287332711741,0.0004092704424510632,0.013237191,1.0010883808135986,0.1993408203125,-0.039974916726350784,1257.0,-2.9426215172413794
20,37376,1818,73,-43.98669195175171,0.22847145795822144,0.2,-0.015862944987020455,1152,0.2947512953542173,0.0004092704424510632,0.017004693,1.0011343955993652,0.09619140625,0.03850488364696503,1257.0,-2.9426215172413794
20,37888,1818,74,-43.998522877693176,-4.122217655181885,0.2,-0.022138893356896006,1168,0.024561042664572597,0.0004092704424510632,0.021088189,1.002383828163147,0.19140625,-0.022990170866250992,1257.0,-2.9366072333333335
21,38400,1818,75,-44.03142261505127,0.05805182456970215,0.2,-0.02038515728781931,1184,0.3415842452086508,0.0004092704424510632,0.020030271,1.0025761127471924,0.157470703125,0.026976432651281357,1257.0,-2.9366072333333335
21,38912,1818,76,-44.018624663352966,-0.15164244174957275,0.2,-0.023360131512163207,1200,0.025273380801081657,0.0004092704424510632,0.01415094,1.0018103122711182,0.199462890625,-0.022944366559386253,1257.0,-2.9366072333333335
21,39424,1818,77,-43.99497210979462,0.2821894884109497,0.2,-0.028101727220928296,1216,0.015123993012821302,0.0004092704424510632,0.01864482,1.0011188983917236,0.2330322265625,-0.022343799471855164,1257.0,-2.9335360645161295
22,39936,1814,78,-43.97376000881195,0.4833274483680725,0.2,-0.021748134371591732,1232,0.21041694073937833,0.0004092704424510632,0.023115318,1.000964879989624,0.1710205078125,0.03618886321783066,1257.0,-2.9335360645161295
22,40448,1809,79,-43.976115345954895,-2.984347343444824,0.2,-0.01938717316079419,1248,0.04747955361381173,0.0004092704424510632,0.015675843,1.0011320114135742,0.1484375,-0.014234786853194237,1257.0,-2.93156621875
22,40960,1805,80,-43.979907155036926,0.0673627257347107,0.2,-0.020405778050189838,1264,0.39776689116843045,0.0004092704424510632,0.015976824,1.001314401626587,0.10791015625,0.05533178150653839,1257.0,-2.93156621875
23,41472,1801,81,-43.980690479278564,-0.09437274932861328,0.2,-0.02093208637961652,1280,0.031060379929840565,0.0004092704424510632,0.015441254,1.0012401342391968,0.202392578125,-0.02108452469110489,1257.0,-2.93156621875
23,41984,1798,82,-43.97602915763855,0.6527472138404846,0.2,-0.02615658649301622,1296,0.10240294248797,0.0004092704424510632,0.029665515,1.0011200904846191,0.2537841796875,0.016630172729492188,1257.0,-2.9391026666666664
23,42496,1795,83,-43.98646640777588,0.5780366063117981,0.2,-0.019947185690398328,1312,0.10299599927384406,0.0004092704424510632,0.022326458,1.0018047094345093,0.213134765625,0.009174495935440063,1257.0,-2.9391026666666664
24,43008,1791,84,-43.9793461561203,-2.957880973815918,0.2,-0.02509070810629055,1328,0.01954166463110596,0.0004092704424510632,0.0178001,1.0004560947418213,0.2286376953125,-0.01635066419839859,1257.0,-2.9401201176470586
24,43520,1788,85,-43.94020593166351,0.10367447137832642,0.2,-0.01265866932226345,1344,0.6162757561542094,0.0004092704424510632,0.011373565,0.9998278021812439,0.0635986328125,0.1116999089717865,1257.0,-2.9401201176470586
24,44032,1785,86,-43.923667788505554,-0.29891741275787354,0.2,-0.022745600261259824,1360,0.04462051735026762,0.0004092704424510632,0.020238578,0.9991634488105774,0.1851806640625,-0.02769278734922409,1257.0,-2.9395190285714285
24,44544,1782,87,-43.90583598613739,0.5396432876586914,0.2,-0.017178918642457575,1376,0.370774548035115,0.0004092704424510632,0.018774334,0.9986947774887085,0.114501953125,0.11948130279779434,1257.0,-2.9395190285714285
25,45056,1779,88,-43.89717662334442,-0.599685549736023,0.2,-0.027626652357866988,1392,0.03530421748291701,0.0004092704424510632,0.018299766,0.9987782835960388,0.250732421875,-0.02442944422364235,1257.0,-2.9395190285714285
25,45568,1776,89,-43.910804986953735,-0.8074022531509399,0.2,-0.031319878820795566,1408,0.006251064893149305,0.0004092704424510632,0.01925484,0.9994962215423584,0.278564453125,-0.05245469510555267,1257.0,-2.947855
25,46080,1774,90,-43.923627495765686,0.13413864374160767,0.2,-0.017730634193867445,1424,0.42551030591130257,0.0004092704424510632,0.014057539,0.9997377991676331,0.0869140625,0.04822060465812683,1257.0,-2.947855
26,46592,1771,91,-43.927181363105774,-1.9402170181274414,0.2,-0.02790737440227531,1440,0.02157699633971788,0.0004092704424510632,0.019247748,0.9998601675033569,0.216064453125,-0.031126411631703377,1257.0,-2.95278672972973
26,47104,1768,92,-43.931551456451416,0.29705530405044556,0.2,-0.0105357894935878,1456,0.40627535805106163,0.0004092704424510632,0.010853864,0.999940812587738,0.065185546875,0.11209675669670105,1257.0,-2.95278672972973
26,47616,1766,93,-43.91993165016174,0.12051355838775635,0.2,-0.027604451082879677,1472,0.02782460959861055,0.0004092704424510632,0.018673727,0.9987372159957886,0.256591796875,-0.015072492882609367,1257.0,-2.95278672972973
27,48128,1763,94,-43.88564372062683,-0.8156739473342896,0.2,-0.022270449160714634,1488,0.012037402106216177,0.0004092704424510632,0.01578468,0.9983026385307312,0.231689453125,-0.03138532489538193,1257.0,-2.9547708947368423
27,48640,1760,95,-43.882516264915466,0.16119325160980225,0.2,-0.01646150924352696,1504,0.5206851856783032,0.0004092704424510632,0.0101922415,0.9983751773834229,0.12646484375,0.042457930743694305,1257.0,-2.9547708947368423
27,49152,1758,96,-43.908446073532104,-3.1206188201904297,0.2,-0.014416494945180602,1520,0.02466330851893872,0.0004092704424510632,0.009575384,1.0007163286209106,0.14208984375,-0.018666353076696396,1257.0,-2.951849282051282
28,49664,1756,97,-43.97178542613983,0.12525105476379395,0.2,-0.014040619978914037,1536,0.5580129097215831,0.0004092704424510632,0.010376635,1.0016591548919678,0.04541015625,0.09053993970155716,1257.0,-2.951849282051282
28,50176,1753,98,-44.010592460632324,-0.30398738384246826,0.2,-0.0287549433123786,1552,0.024757159815635532,0.0004092704424510632,0.021826938,1.00447678565979,0.2513427734375,-0.02855796366930008,1257.0,-2.951849282051282
28,50688,1751,99,-44.06741154193878,0.017777204513549805,0.2,-0.026672991807572544,1568,0.012611998012289405,0.0004092704424510632,0.017095234,1.0035747289657593,0.2490234375,-0.04095413535833359,1257.0,-2.9494071
29,51200,1748,100,-44.018834590911865,0.31507521867752075,0.2,-0.015733348001958802,1584,0.4453255319967866,0.0004092704424510632,0.01597004,1.0025153160095215,0.09375,0.047366783022880554,1257.0,-2.9494071
29,51712,1746,101,-44.00360286235809,-4.859904766082764,0.2,-0.02627899282379076,1600,0.030089617503108457,0.0004092704424510632,0.01931712,1.0025317668914795,0.224365234375,-0.02416832000017166,1257.0,-2.953422512195122
29,52224,1744,102,-44.008816957473755,0.11300230026245117,0.2,-0.00809561628557276,1616,0.6670385943725705,0.0004092704424510632,0.011212697,1.0025089979171753,0.0386962890625,0.08457080274820328,1257.0,-2.953422512195122
30,52736,1741,103,-44.01469135284424,-0.14911746978759766,0.2,-0.027729190973332152,1632,0.03639984701294452,0.0004092704424510632,0.017243687,1.0036803483963013,0.241943359375,-0.019829288125038147,1257.0,-2.953422512195122
30,53248,1739,104,-44.034629464149475,0.32232898473739624,0.2,-0.018651679522008635,1648,0.02097725821658969,0.0004092704424510632,0.011428827,1.002975344657898,0.1446533203125,-0.015772676095366478,1257.0,-2.9556159047619053
30,53760,1737,105,-44.00988805294037,0.4973604083061218,0.2,-0.020548786775179906,1664,0.3362293979153037,0.0004092704424510632,0.02339967,1.002983570098877,0.124755859375,0.03915075957775116,1257.0,-2.9556159047619053
31,54272,1736,106,-44.00339114665985,-6.188069820404053,0.2,-0.024424426956102252,1680,0.047021785809192806,0.0004092704424510632,0.015489016,1.002109408378601,0.2110595703125,-0.03839491307735443,1257.0,-2.9557229767441866
31,54784,1734,107,-43.97489655017853,0.04618126153945923,0.2,-0.018818836641003145,1696,0.8692124225199223,0.0004092704424510632,0.014425412,1.0018057823181152,0.1041259765625,0.27147287130355835,1257.0,-2.9557229767441866
31,55296,1732,108,-43.981027364730835,0.12914329767227173,0.2,-0.027025995746953413,1712,0.015116528025828302,0.0004092704424510632,0.022195363,1.002375841140747,0.27685546875,-0.026338014751672745,1257.0,-2.9557229767441866
32,55808,1730,109,-43.99258637428284,0.5963963270187378,0.2,-0.02062373531225603,1728,0.10115965106524527,0.0004092704424510632,0.020064898,1.002030372619629,0.1959228515625,0.006946958601474762,1257.0,-2.958861704545455
32,56320,1728,110,-43.99365711212158,0.5706417560577393,0.2,-0.024850538102327846,1744,0.25269398652017117,0.0004092704424510632,0.032267127,1.0026154518127441,0.28076171875,0.058229558169841766,1257.0,-2.958861704545455
32,56832,1726,111,-44.00668716430664,-0.7239494323730469,0.2,-0.02029938112536911,1760,0.05650812550447881,0.0004092704424510632,0.0178747,1.0024445056915283,0.1875,-0.0032577570527791977,1257.0,-2.955767844444445
33,57344,1725,112,-43.987077951431274,0.39506107568740845,0.2,-0.013630345740239136,1776,0.6181481964886189,0.0004092704424510632,0.012121141,1.0016974210739136,0.1060791015625,0.11279869079589844,1257.0,-2.955767844444445
33,57856,1723,113,-43.961225748062134,-0.501957893371582,0.2,-0.02824952281662263,1792,0.028097633155994117,0.0004092704424510632,0.021752208,1.001194715499878,0.24462890625,-0.02831842750310898,1257.0,-2.9535453260869566
33,58368,1721,114,-43.963810324668884,0.6771295666694641,0.2,-0.019163499397109263,1808,0.6335078896954656,0.0004092704424510632,0.012608625,1.0013787746429443,0.0693359375,0.23094287514686584,1257.0,-2.9535453260869566
34,58880,1719,115,-43.965694189071655,-1.5115101337432861,0.2,-0.02515911016962491,1824,0.029391514719463885,0.0004092704424510632,0.019668825,1.0014368295669556,0.249267578125,-0.021197713911533356,1257.0,-2.9535453260869566
34,59392,1718,116,-43.99249005317688,-0.11230885982513428,0.2,-0.03116725606378168,1840,0.005052380991401151,0.0004092704424510632,0.019624395,1.003251552581787,0.2861328125,-0.043959930539131165,1257.0,-2.953442021276596
34,59904,1716,117,-44.033464312553406,0.18451428413391113,0.2,-0.011418061301810667,1856,0.81392582366243,0.0004092704424510632,0.008799085,1.0038127899169922,0.0350341796875,0.1570664644241333,1257.0,-2.953442021276596
35,60416,1715,118,-44.02844262123108,-3.2188796997070312,0.2,-0.022987786433077417,1872,0.008992276023491286,0.0004092704424510632,0.016383313,1.0031139850616455,0.21435546875,-0.02863159030675888,1257.0,-2.9533324583333336
35,60928,1713,119,-44.007506370544434,0.26249903440475464,0.2,-0.01880713034188375,1888,0.743147337809205,0.0004092704424510632,0.012296775,1.0027581453323364,0.134033203125,0.24887478351593018,1257.0,-2.9533324583333336
35,61440,1712,120,-43.9817636013031,-0.5360444784164429,0.2,-0.03225185160408728,1904,0.045219669584184885,0.0004092704424510632,0.02272188,1.000925898551941,0.2908935546875,-0.030778737738728523,1257.0,-2.9533324583333336
36,61952,1710,121,-43.972005128860474,-0.15456604957580566,0.2,-0.030260150888352655,1920,0.05058501078747213,0.0004092704424510632,0.019378543,1.0035779476165771,0.2877197265625,-0.011238235980272293,1257.0,-2.9508453673469393
36,62464,1709,122,-44.054810523986816,0.45230787992477417,0.2,-0.008700984733877704,1936,0.6255365507677197,0.0004092704424510632,0.008096371,1.0046154260635376,0.03759765625,0.128367081284523,1257.0,-2.9508453673469393
36,62976,1707,123,-44.05319094657898,-3.4563612937927246,0.2,-0.02123253935133107,1952,0.033701214531902224,0.0004092704424510632,0.016116664,1.0039629936218262,0.176025390625,-0.023220155388116837,1257.0,-2.9546877400000007
37,63488,1706,124,-44.032689332962036,0.2028425931930542,0.2,-0.013026150656514801,1968,0.7028520195744932,0.0004092704424510632,0.009328842,1.003817081451416,0.048095703125,0.11771338433027267,1257.0,-2.9546877400000007
37,64000,1705,125,-44.05416393280029,-0.038849711418151855,0.2,-0.01787159059313126,1984,0.02931645733769983,0.0004092704424510632,0.015322923,1.0054806470870972,0.190185546875,-0.00856667198240757,1257.0,-2.9546877400000007
37,64512,1703,126,-44.06686294078827,0.1398792266845703,0.2,-0.026788831601152197,2000,0.008176618153811432,0.0004092704424510632,0.014148207,1.0038549900054932,0.20947265625,-0.033085793256759644,1257.0,-2.9604079803921572
38,65024,1702,127,-44.01253056526184,0.28462785482406616,0.2,-0.008056955615757033,2016,0.9130787439644337,0.0004092704424510632,0.006479794,1.0030549764633179,0.015380859375,0.15273112058639526,1257.0,-2.9604079803921572
38,65536,1700,128,-43.98336923122406,-5.802870273590088,0.2,-0.020828982262173668,2032,0.03524007022497244,0.0004092704424510632,0.020167578,1.0012542009353638,0.18212890625,-0.01148339081555605,1257.0,-2.963549865384616
38,66048,1699,129,-43.92632555961609,0.07445824146270752,0.2,-0.013216166262282059,2048,1.1400112630799413,0.0004092704424510632,0.008903833,1.0004571676254272,0.0355224609375,0.14238864183425903,1257.0,-2.963549865384616
39,66560,1698,130,-43.910393595695496,-0.43976664543151855,0.2,-0.02519247608142905,2064,0.0391797898337245,0.0004092704424510632,0.018941348,1.0000076293945312,0.2064208984375,-0.012995047494769096,1257.0,-2.963549865384616
39,67072,1696,131,-43.89691603183746,-0.39340710639953613,0.2,-0.02564479870488867,2080,0.014799336349824443,0.0004092704424510632,0.01685914,0.999883234500885,0.2406005859375,-0.03081880696117878,1257.0,-2.962900849056604
39,67584,1695,132,-43.89891195297241,0.3857606053352356,0.2,-0.008294939980260096,2096,0.4788799653761089,0.0004092704424510632,0.010610716,1.0002334117889404,0.0399169921875,0.07798108458518982,1257.0,-2.962900849056604
40,68096,1694,133,-43.90975201129913,-7.818336486816406,0.2,-0.020971382065908983,2112,0.07254899077815935,0.0004092704424510632,0.018120436,1.0004204511642456,0.1639404296875,-0.032682038843631744,1257.0,-2.9643502222222224
40,68608,1692,134,-43.90251123905182,0.06790494918823242,0.2,-0.014155435332213528,2128,0.8995160814374685,0.0004092704424510632,0.010134985,1.000114917755127,0.0888671875,0.13323886692523956,1257.0,-2.9643502222222224
40,69120,1691,135,-43.89008390903473,0.17278790473937988,0.2,-0.026477410341612995,2144,0.05087488715071231,0.0004092704424510632,0.017873246,0.9999948143959045,0.23681640625,-0.01148541271686554,1257.0,-2.9643502222222224
41,69632,1690,136,-43.88464438915253,0.6272903680801392,0.2,-0.009176668740110472,2160,0.6664480110630393,0.0004092704424510632,0.01303819,0.9995129704475403,0.0474853515625,0.2229754775762558,1257.0,-2.9598706545454547
41,70144,1689,137,-43.86168897151947,0.9283838272094727,0.2,-0.022439745429437608,2176,0.0725676838774234,0.0004092704424510632,0.02186068,0.9988599419593811,0.25146484375,0.003222193568944931,1257.0,-2.9598706545454547
41,70656,1688,138,-43.857120633125305,-2.0876238346099854,0.2,-0.02975822679582052,2192,0.027518009766936302,0.0004092704424510632,0.024432618,0.9997255802154541,0.26953125,-0.02362876757979393,1257.0,-2.9596493928571426
42,71168,1686,139,-43.881505608558655,0.2131584882736206,0.2,-0.01035798087832518,2208,0.6511434349231422,0.0004092704424510632,0.008714457,0.9998791217803955,0.0267333984375,0.09665542840957642,1257.0,-2.9596493928571426
42,71680,1685,140,-43.87988543510437,-0.11616086959838867,0.2,-0.024163633992429823,2224,0.03711765754269436,0.0004092704424510632,0.016913213,1.0003492832183838,0.2435302734375,-0.026148447766900063,1257.0,-2.962639192982456
42,72192,1684,141,-43.903857827186584,0.6930780410766602,0.2,-0.019207766832550988,2240,0.6225070580840111,0.0004092704424510632,0.018798657,1.0004990100860596,0.084228515625,0.20485876500606537,1257.0,-2.962639192982456
43,72704,1682,142,-43.89043939113617,-1.4637176990509033,0.2,-0.0189187407377176,2256,0.05652940121944994,0.0004092704424510632,0.016488992,0.9998381733894348,0.169189453125,-0.020268762484192848,1257.0,-2.962639192982456
43,73216,1680,143,-43.843708753585815,-0.07904994487762451,0.2,-0.025028865020431112,2272,0.004906516529445071,0.0004092704424510632,0.016557265,0.996776819229126,0.2330322265625,-0.030227549374103546,1257.0,-2.9632384999999997
43,73728,1679,144,-43.760526180267334,0.18717384338378906,0.2,-0.006087153102271259,2288,0.9221101119183004,0.0004092704424510632,0.0077695576,0.9956245422363281,0.02734375,0.1481332629919052,1257.0,-2.9632384999999997
44,74240,1678,145,-43.75373125076294,-2.9859120845794678,0.2,-0.02161405756487511,2304,0.039546345244161785,0.0004092704424510632,0.017426968,0.996205747127533,0.16943359375,-0.02147744782269001,1257.0,-2.9638444237288133
44,74752,1677,146,-43.77439558506012,0.41473740339279175,0.2,-0.007301778765395284,2320,0.5964854345656931,0.0004092704424510632,0.007996576,0.9964814782142639,0.0533447265625,0.17074090242385864,1257.0,-2.9638444237288133
44,75264,1676,147,-43.79200828075409,0.02756035327911377,0.2,-0.0266840600525029,2336,0.049059145734645426,0.0004092704424510632,0.01869836,0.9976512789726257,0.2220458984375,-0.021987874060869217,1257.0,-2.9638444237288133
0,75776,4112,1,-43.80892276763916,-0.46309614181518555,0.2,-0.0272141968307551,2352,0.03700338822090998,0.0004092704424510632,0.021536594,0.9965232610702515,0.2547607421875,-0.017859818413853645,1257.0,-2.9607713999999996
0,76288,2257,2,-43.770779848098755,0.24486857652664185,0.2,-0.008096554491203278,2368,0.730766614433378,0.0004092704424510632,0.011312881,0.9961784482002258,0.0374755859375,0.15139555931091309,1257.0,-2.9607713999999996
0,76800,1968,3,-43.77881097793579,-2.674626588821411,0.2,-0.01856109336949885,2384,0.05458864360116422,0.0004092704424510632,0.018736836,0.9969135522842407,0.1502685546875,-0.010567428544163704,1257.0,-2.9608923114754093
1,77312,1846,4,-43.80329084396362,0.3910319209098816,0.2,-0.009723193623358384,2400,0.8423328390344977,0.0004092704424510632,0.008197053,0.997158408164978,0.0267333984375,0.14308162033557892,1257.0,-2.9608923114754093
1,77824,1786,5,-43.79269778728485,-0.40043365955352783,0.2,-0.027672813812387176,2416,0.07185074489098042,0.0004092704424510632,0.023781411,0.9958852529525757,0.2469482421875,-0.003977477550506592,1257.0,-2.9608923114754093
1,78336,1740,6,-43.747021436691284,-0.04835343360900879,0.2,-0.02562641754047945,2432,0.045289612957276404,0.0004092704424510632,0.01781338,0.9948707818984985,0.217041015625,-0.018340984359383583,1257.0,-2.9584716774193542
2,78848,1702,7,-43.72338891029358,0.641819953918457,0.2,-0.012027413555188105,2448,0.553149392362684,0.0004092704424510632,0.011070459,0.9947332143783569,0.059326171875,0.17118313908576965,1257.0,-2.9584716774193542
2,79360,1675,8,-43.70197129249573,-4.35752534866333,0.2,-0.019365410407772288,2464,0.046246557496488094,0.0004092704424510632,0.018464647,0.9929609894752502,0.1844482421875,-0.016646284610033035,1257.0,-2.9596931428571422
2,79872,1663,9,-43.647358536720276,0.15811115503311157,0.2,-0.011451461556134745,2480,1.0256244619376957,0.0004092704424510632,0.009025973,0.9922683238983154,0.02734375,0.09584575891494751,1257.0,-2.9596931428571422
3,80384,1636,10,-43.634873032569885,-0.6131752729415894,0.2,-0.021540822723181918,2496,0.026866578322369605,0.0004092704424510632,0.011638206,0.9917486310005188,0.1793212890625,-0.021464429795742035,1257.0,-2.9596931428571422
3,80896,1623,11,-43.671921133995056,0.48526686429977417,0.2,-0.023383079038467258,2512,0.0182440749485977,0.0004092704424510632,0.014863867,0.995486855506897,0.2032470703125,-0.021175242960453033,1257.0,-2.9579657656250005
3,81408,1615,12,-43.759687423706055,0.5355395078659058,0.2,-0.013878768193535507,2528,0.4496880080550909,0.0004092704424510632,0.018509684,0.9962351322174072,0.06396484375,0.07927002012729645,1257.0,-2.9579657656250005
4,81920,1612,13,-43.75511121749878,-5.575267314910889,0.2,-0.02297488646581769,2544,0.09491285576950759,0.0004092704424510632,0.020144187,0.996350109577179,0.1888427734375,-0.013830425217747688,1257.0,-2.9577971538461543
4,82432,1607,14,-43.7610582113266,0.07075357437133789,0.2,-0.013874909142032266,2560,1.262876758351922,0.0004092704424510632,0.010646306,0.9963123798370361,0.0550537109375,0.18813064694404602,1257.0,-2.9577971538461543
4,82944,1601,15,-43.7687406539917,-0.08567523956298828,0.2,-0.03135666364687495,2576,0.026465592032764107,0.0004092704424510632,0.021218147,0.9972561001777649,0.2559814453125,-0.03852371498942375,1257.0,-2.9577971538461543
5,83456,1598,16,-43.803295850753784,0.6248312592506409,0.2,-0.014015028107678518,2592,0.1970326527953148,0.0004092704424510632,0.014829656,0.9978685975074768,0.092529296875,0.06785203516483307,1257.0,-2.9565590151515155
5,83968,1590,17,-43.797571539878845,0.7639269828796387,0.2,-0.023252976970979944,2608,0.16778436047025025,0.0004092704424510632,0.029715631,0.9970325231552124,0.2818603515625,-0.012197639793157578,1257.0,-2.9565590151515155
5,84480,1588,18,-43.77611315250397,-1.812925100326538,0.2,-0.02277273708023131,2624,0.03911608032649383,0.0004092704424510632,0.015544374,0.9968635439872742,0.2376708984375,-0.023904025554656982,1257.0,-2.9564892537313434
6,84992,1586,19,-43.77717339992523,0.2303626537322998,0.2,-0.006347384056425653,2640,0.8419927787035704,0.0004092704424510632,0.0075749797,0.9966201782226562,0.0609130859375,0.13630077242851257,1257.0,-2.9564892537313434
6,85504,1583,20,-43.75627028942108,-0.38306963443756104,0.2,-0.02510509682178963,2656,0.040791042847558856,0.0004092704424510632,0.016447388,0.9950540065765381,0.230224609375,-0.02127537690103054,1257.0,-2.9574274117647064
6,86016,1580,21,-43.71513557434082,0.6535181999206543,0.2,-0.009795243458938785,2672,0.7902361592277884,0.0004092704424510632,0.009725753,0.9945489168167114,0.0328369140625,0.26508793234825134,1257.0,-2.9574274117647064
7,86528,1577,22,-43.718305349349976,-0.5381917953491211,0.2,-0.02618932502809912,2688,0.017604633409064263,0.0004092704424510632,0.014587227,0.9948460459709167,0.2508544921875,-0.030506834387779236,1257.0,-2.9574274117647064
7,87040,1575,23,-43.7110093832016,-0.16089379787445068,0.2,-0.026930767082376406,2704,0.00629223993018968,0.0004092704424510632,0.019230505,0.9938750863075256,0.2701416015625,-0.03619437664747238,1257.0,-2.9558317681159423
7,87552,1573,24,-43.68696141242981,0.24511653184890747,0.2,-0.01032817325904034,2720,0.9623350193724036,0.0004092704424510632,0.012300314,0.9935562014579773,0.0748291015625,0.14977706968784332,1257.0,-2.9558317681159423
8,88064,1572,25,-43.70896792411804,-2.1181228160858154,0.2,-0.029127727801096626,2736,0.014020227448781952,0.0004092704424510632,0.018563598,0.9961028099060059,0.251220703125,-0.026390505954623222,1257.0,-2.9532752142857146
8,88576,1571,26,-43.774895787239075,0.33183395862579346,0.2,-0.004995324663468637,2752,0.798145898617804,0.0004092704424510632,0.011324633,0.9967148303985596,0.0447998046875,0.11133057624101639,1257.0,-2.9532752142857146
8,89088,1570,27,-43.77071416378021,-0.006942868232727051,0.2,-0.03341049452137668,2768,0.05472995468880981,0.0004092704424510632,0.021882918,0.9964563846588135,0.3018798828125,-0.026156721636652946,1257.0,-2.9532752142857146
9,89600,1568,28,-43.753393054008484,-1.4912605285644531,0.2,-0.02167180727701634,2784,0.01749810841283761,0.0004092704424510632,0.01711692,0.9947881102561951,0.2266845703125,-0.0208048727363348,1257.0,-2.955215140845071
9,90112,1568,29,-43.69958281517029,0.2209557294845581,0.2,-0.011716257140506059,2800,0.9573280485346913,0.0004092704424510632,0.00889351,0.9939616322517395,0.0299072265625,0.08690804243087769,1257.0,-2.955215140845071
9,90624,1567,30,-43.70871353149414,-3.5939531326293945,0.2,-0.02528011309914291,2816,0.031810525950277224,0.0004092704424510632,0.023499634,0.9956556558609009,0.243896484375,-0.032768793404102325,1257.0,-2.9525604305555557
10,91136,1567,31,-43.763508796691895,0.1900762915611267,0.2,-0.007009727938566357,2832,0.9350175042636693,0.0004092704424510632,0.015046272,0.9965158700942993,0.0430908203125,0.10591793805360794,1257.0,-2.9525604305555557
10,91648,1565,32,-43.77108883857727,-0.01596391201019287,0.2,-0.026793636614456773,2848,0.036882537708152086,0.0004092704424510632,0.018903386,0.9966697692871094,0.2584228515625,-0.0196048803627491,1257.0,-2.9525604305555557
10,92160,1564,33,-43.788960456848145,0.14530718326568604,0.2,-0.024299304423038848,2864,0.026513840712141246,0.0004092704424510632,0.022760626,0.9977441430091858,0.2320556640625,-0.016597282141447067,1257.0,-2.9526349178082194
11,92672,1562,34,-43.81648254394531,0.5804332494735718,0.2,-0.013044697072473355,2880,0.6981713976711035,0.0004092704424510632,0.00870206,0.9981586337089539,0.0328369140625,0.09685488045215607,1257.0,-2.9526349178082194
11,93184,1560,35,-43.807883858680725,-3.9612531661987305,0.2,-0.02510374986741226,2896,0.060578923556022346,0.0004092704424510632,0.02110836,0.996982991695404,0.248291015625,-0.029253162443637848,1257.0,-2.9539106891891898
11,93696,1560,36,-43.772202491760254,0.16828155517578125,0.2,-0.00632604487327626,2912,0.9322157418355346,0.0004092704424510632,0.011269329,0.9965628385543823,0.03955078125,0.0849672332406044,1257.0,-2.9539106891891898
12,94208,1560,37,-43.76950252056122,-0.5203477144241333,0.2,-0.024635812013002578,2928,0.032555897312704474,0.0004092704424510632,0.021224346,0.9964335560798645,0.248779296875,-0.02196582406759262,1257.0,-2.9539106891891898
12,94720,1560,38,-43.7538765668869,0.5109965801239014,0.2,-0.029486762592568994,2944,0.029337299871258438,0.0004092704424510632,0.017422374,0.9956310987472534,0.256103515625,-0.03159302473068237,1257.0,-2.9527426933333336
12,95232,1554,39,-43.732410311698914,0.5619759559631348,0.2,-0.012741305079543963,2960,0.5202577756717801,0.0004092704424510632,0.014449958,0.9952975511550903,0.0594482421875,0.050340160727500916,1257.0,-2.9527426933333336
13,95744,1550,40,-43.713682770729065,-5.562656879425049,0.2,-0.020139373817073647,2976,0.08844031649641693,0.0004092704424510632,0.02089428,0.9943974018096924,0.193603515625,-0.015929125249385834,1257.0,-2.947894421052632
13,96256,1550,41,-43.68541145324707,0.23945766687393188,0.2,-0.00832598678971408,2992,0.873335400596261,0.0004092704424510632,0.009630419,0.9938392639160156,0.0283203125,0.08275239169597626,1257.0,-2.947894421052632
13,96768,1550,42,-43.65956962108612,-0.059610843658447266,0.2,-0.023853588267229497,3008,0.03219077590620145,0.0004092704424510632,0.016455406,0.9928804636001587,0.239990234375,-0.01280764676630497,1257.0,-2.947894421052632
14,97280,1550,43,-43.64659655094147,0.6970459222793579,0.2,-0.018455901925335638,3024,0.2027694545686245,0.0004092704424510632,0.017464519,0.9926913976669312,0.1295166015625,0.02920994535088539,1257.0,-2.9468782337662343
14,97792,1550,44,-43.643396496772766,0.7155334949493408,0.2,-0.024009858927456662,3040,0.23385423119179904,0.0004092704424510632,0.026787523,0.992880642414093,0.272216796875,-0.013244928792119026,1257.0,-2.9468782337662343
14,98304,1550,45,-43.64962959289551,-1.4077866077423096,0.2,-0.029360782908042893,3056,0.04825446964241564,0.0004092704424510632,0.019859886,0.9933281540870667,0.271484375,-0.013208452612161636,1257.0,-2.945477064102565
15,98816,1548,46,-43.66298711299896,0.23952102661132812,0.2,-0.01032383723941166,3072,0.7670843042433262,0.0004092704424510632,0.014053442,0.993550717830658,0.053955078125,0.13879436254501343,1257.0,-2.945477064102565
15,99328,1548,47,-43.64809048175812,-0.7478888034820557,0.2,-0.02980931053753011,3088,0.03157383477082476,0.0004092704424510632,0.02210739,0.9922853112220764,0.25830078125,-0.03416968882083893,1257.0,-2.9438023544303804
15,99840,1547,48,-43.618194699287415,0.6764863133430481,0.2,-0.004546753873000853,3104,1.028878620825708,0.0004092704424510632,0.0052591567,0.9919697046279907,0.0179443359375,0.4503973424434662,1257.0,-2.9438023544303804
16,100352,1547,49,-43.624600410461426,-0.6393543481826782,0.2,-0.024596962291980162,3120,0.10310989827848971,0.0004092704424510632,0.01840252,0.9928699135780334,0.206787109375,0.007859796285629272,1257.0,-2.9438023544303804
16,100864,1547,50,-43.646682143211365,-0.04761779308319092,0.2,-0.0318132939573843,3136,0.004446557482879143,0.0004092704424510632,0.022478748,0.9933599233627319,0.304931640625,-0.04574929550290108,1257.0,-2.9429852
16,101376,1547,51,-43.661590814590454,0.24467509984970093,0.2,-0.009737759712152183,3152,0.9424195573665202,0.0004092704424510632,0.008010461,0.9936180710792542,0.056396484375,0.10215796530246735,1257.0,-2.9429852
17,101888,1547,52,-43.663896799087524,-2.0369153022766113,0.2,-0.021874196783755906,3168,0.03229533036937937,0.0004092704424510632,0.017430801,0.9939612150192261,0.21875,-0.020719867199659348,1257.0,-2.940749333333333
17,102400,1546,53,-43.67335402965546,0.3408741354942322,0.2,-0.005333112392690964,3184,1.0219257175922394,0.0004092704424510632,0.0046136985,0.994166910648346,0.0087890625,0.1146426871418953,1257.0,-2.940749333333333
17,102912,1546,54,-43.69732999801636,-0.6836694478988647,0.2,-0.021277778385410784,3200,0.0336829072330147,0.0004092704424510632,0.014263928,0.9964234828948975,0.1748046875,-0.017995206639170647,1257.0,-2.940749333333333
18,103424,1546,55,-43.73999881744385,-0.21678435802459717,0.2,-0.02370484557468444,3216,0.005857665724761318,0.0004092704424510632,0.014625335,0.9957581758499146,0.22900390625,-0.04023479297757149,1257.0,-2.93994662195122
18,103936,1546,56,-43.70236432552338,0.2926635146141052,0.2,-0.01155162621216732,3232,0.9642007537186146,0.0004092704424510632,0.013018748,0.9952111840248108,0.1492919921875,0.12204316258430481,1257.0,-2.93994662195122
18,104448,1547,57,-43.71604669094086,-3.0762314796447754,0.2,-0.027720919941202737,3248,0.01413470579427667,0.0004092704424510632,0.025238551,0.9966343641281128,0.2835693359375,-0.040183134377002716,1257.0,-2.936811951807229
19,104960,1547,58,-43.75811195373535,0.33505135774612427,0.2,-0.005759137900895439,3264,0.7614000574685633,0.0004092704424510632,0.0075322636,0.9971625208854675,0.020263671875,0.10946309566497803,1257.0,-2.936811951807229
19,105472,1547,59,-43.759519815444946,0.18419140577316284,0.2,-0.021454431785969064,3280,0.030519258696585894,0.0004092704424510632,0.0145013705,0.9968260526657104,0.1947021484375,-0.019459979608654976,1257.0,-2.936811951807229
19,105984,1546,60,-43.74420928955078,-0.19467294216156006,0.2,-0.02894695733266417,3296,0.021733624336775392,0.0004092704424510632,0.021908164,0.9964240193367004,0.257568359375,-0.03221076726913452,1257.0,-2.9362119166666667
20,106496,1546,61,-43.740739583969116,0.5591120719909668,0.2,-0.006116628253948875,3312,0.6691893367096782,0.0004092704424510632,0.008437529,0.9963904023170471,0.0228271484375,0.08941798657178879,1257.0,-2.9362119166666667
20,107008,1546,62,-43.73878014087677,-4.97380256652832,0.2,-0.02614719801931642,3328,0.04314696631627157,0.0004092704424510632,0.015948942,0.9962924718856812,0.1939697265625,-0.033936500549316406,1257.0,-2.9358243411764704
20,107520,1546,63,-43.73281955718994,0.1751401424407959,0.2,-0.008973435702500865,3344,1.1925890361890197,0.0004092704424510632,0.008745765,0.9960623979568481,0.032958984375,0.18601754307746887,1257.0,-2.9358243411764704
21,108032,1546,64,-43.73778760433197,-0.19010889530181885,0.2,-0.027812931570224464,3360,0.019938697660109028,0.0004092704424510632,0.02352622,0.996437132358551,0.2659912109375,-0.03287261724472046,1257.0,-2.9358243411764704
21,108544,1546,65,-43.71973717212677,0.4294474720954895,0.2,-0.027650306350551546,3376,0.01774474556441419,0.0004092704424510632,0.014147809,0.9948260188102722,0.21484375,-0.03647536411881447,1257.0,-2.9364562093023254
21,109056,1545,66,-43.67474818229675,0.5707743763923645,0.2,-0.0093551644240506,3392,0.5274893473833799,0.0004092704424510632,0.01006721,0.994300127029419,0.0352783203125,0.06379246711730957,1257.0,-2.9364562093023254
22,109568,1544,67,-43.67223346233368,-3.753117561340332,0.2,-0.014722209889441729,3408,0.07118694216478616,0.0004092704424510632,0.01595243,0.9945024847984314,0.1358642578125,-0.013153105974197388,1257.0,-2.936249793103448
22,110080,1544,68,-43.67896246910095,0.2440313696861267,0.2,-0.010347836680011824,3424,1.2838769359514117,0.0004092704424510632,0.008387832,0.9944465160369873,0.029296875,0.2518281936645508,1257.0,-2.936249793103448
22,110592,1544,69,-43.681273341178894,-0.032488226890563965,0.2,-0.02852870081551373,3440,0.027619468863122165,0.0004092704424510632,0.018376078,0.994735836982727,0.2412109375,-0.018659682944417,1257.0,-2.936249793103448
23,111104,1545,70,-43.69533622264862,0.6226907968521118,0.2,-0.014795590512221679,3456,0.2420029421336949,0.0004092704424510632,0.017613351,0.994617223739624,0.12060546875,0.07669244706630707,1257.0,-2.937128420454546
23,111616,1545,71,-43.678614020347595,0.8607133626937866,0.2,-0.025590337507310323,3472,0.12927652359940112,0.0004092704424510632,0.025846984,0.9938888549804688,0.2147216796875,-0.006302550435066223,1257.0,-2.937128420454546
23,112128,1545,72,-43.65605294704437,-0.8357279300689697,0.2,-0.02521522098686546,3488,0.06579678284469992,0.0004092704424510632,0.017844712,0.9932242631912231,0.259521484375,-0.01785723865032196,1257.0,-2.939626213483146
24,112640,1544,73,-43.627740144729614,0.36991268396377563,0.2,-0.010183252219576389,3504,0.8346402337774634,0.0004092704424510632,0.00894203,0.9925695657730103,0.0321044921875,0.0712941586971283,1257.0,-2.939626213483146
24,113152,1544,74,-43.60002946853638,-0.6808336973190308,0.2,-0.022145019873278216,3520,0.034978847426828,0.0004092704424510632,0.017539775,0.9919106364250183,0.221435546875,-0.01551840640604496,1257.0,-2.9392939222222223
24,113664,1544,75,-43.593605399131775,0.7117628455162048,0.2,-0.00852931139525026,3536,0.9461039295420051,0.0004092704424510632,0.0064237174,0.9919998645782471,0.0238037109375,0.25522226095199585,1257.0,-2.9392939222222223
25,114176,1544,76,-43.59764266014099,-1.5238831043243408,0.2,-0.024231312156189233,3552,0.051282342174090445,0.0004092704424510632,0.017252397,0.9926496148109436,0.2159423828125,-0.01603839173913002,1257.0,-2.9392939222222223
25,114688,1545,77,-43.642035126686096,-0.06748175621032715,0.2,-0.03074082764214836,3568,0.006057647755369544,0.0004092704424510632,0.016050136,0.995164692401886,0.2615966796875,-0.03907370939850807,1257.0,-2.938684472527472
25,115200,1545,78,-43.69809174537659,0.2816981077194214,0.2,-0.008611659897724167,3584,0.8159652850590646,0.0004092704424510632,0.0075280583,0.9959462285041809,0.024658203125,0.22839447855949402,1257.0,-2.938684472527472
26,115712,1545,79,-43.7114337682724,-2.339982271194458,0.2,-0.023568968143081293,3600,0.04122461669612676,0.0004092704424510632,0.022052124,0.9965710639953613,0.2337646484375,-0.030802832916378975,1257.0,-2.9384431413043473
26,116224,1544,80,-43.72418475151062,0.4347301721572876,0.2,-0.009292924449255224,3616,0.7038595746271312,0.0004092704424510632,0.010462534,0.9967848658561707,0.0435791015625,0.13092973828315735,1257.0,-2.9384431413043473
26,116736,1544,81,-43.7126339673996,-0.2133162021636963,0.2,-0.017852637844043784,3632,0.03834855818422511,0.0004092704424510632,0.012271903,0.9960185289382935,0.1551513671875,-0.012256288900971413,1257.0,-2.9384431413043473
27,117248,1544,82,-43.677249908447266,-1.964869737625122,0.2,-0.036876693135127425,3648,0.006906993396114558,0.0004092704424510632,0.025938526,0.9950843453407288,0.3284912109375,-0.04600832983851433,1257.0,-2.9368316989247307
27,117760,1544,83,-43.659775137901306,0.2614920139312744,0.2,-0.0067892613587901,3664,1.275662626605481,0.0004092704424510632,0.0049150973,0.9948514103889465,0.0076904296875,0.1249171793460846,1257.0,-2.9368316989247307
27,118272,1545,84,-43.65990996360779,-3.783257007598877,0.2,-0.02532164855801966,3680,0.017056731521734037,0.0004092704424510632,0.024729814,0.9955917000770569,0.23681640625,-0.03773694485425949,1257.0,-2.9349788510638293
28,118784,1545,85,-43.67718243598938,0.36842066049575806,0.2,-0.010715075055486523,3696,0.8974461895413697,0.0004092704424510632,0.010363772,0.9955512881278992,0.0303955078125,0.07391545921564102,1257.0,-2.9349788510638293
28,119296,1545,86,-43.65461850166321,0.23657089471817017,0.2,-0.0314411734289024,3712,0.07087487389799207,0.0004092704424510632,0.019002246,0.9946036338806152,0.2813720703125,-0.008088815957307816,1257.0,-2.9349788510638293
28,119808,1545,87,-43.64067316055298,0.3135339021682739,0.2,-0.03068650560453534,3728,0.16721485066227615,0.0004092704424510632,0.01987892,0.9956710338592529,0.284912109375,0.027631953358650208,1257.0,-2.9335393052631575
29,120320,1546,88,-43.6727614402771,0.7531692981719971,0.2,-0.012808093611965887,3744,0.5945952190086246,0.0004092704424510632,0.014913307,0.9957530498504639,0.065673828125,0.10572727769613266,1257.0,-2.9335393052631575
29,120832,1545,89,-43.66056001186371,-5.227251052856445,0.2,-0.020316016234573908,3760,0.1023114116396755,0.0004092704424510632,0.020188622,0.9950516819953918,0.175537109375,-0.004765959456562996,1257.0,-2.93215275
29,121344,1544,90,-43.648191928863525,0.3771727681159973,0.2,-0.007237474019348156,3776,1.0421817349269986,0.0004092704424510632,0.0077745416,0.995029091835022,0.020751953125,0.1035914421081543,1257.0,-2.93215275
30,121856,1543,91,-43.630910873413086,-0.2923884391784668,0.2,-0.024651411251397803,3792,0.027806659694761038,0.0004092704424510632,0.01734268,0.9933671355247498,0.2322998046875,-0.023879390209913254,1257.0,-2.93215275
30,122368,1543,92,-43.593390464782715,0.39803075790405273,0.2,-0.02530618940363638,3808,0.03714969818247482,0.0004092704424510632,0.018000362,0.9933390617370605,0.2353515625,-0.020562008023262024,1257.0,-2.932923701030928
30,122880,1543,93,-43.60789775848389,0.6244326829910278,0.2,-0.004876897815847769,3824,0.80352987581864,0.0004092704424510632,0.008788321,0.9939946532249451,0.023193359375,0.07336581498384476,1257.0,-2.932923701030928
31,123392,1542,94,-43.628422498703,-2.698460102081299,0.2,-0.018773833820887376,3840,0.10456355719361454,0.0004092704424510632,0.014797406,0.9944920539855957,0.1495361328125,0.005153372883796692,1257.0,-2.9320662346938775
31,123904,1543,95,-43.638399720191956,0.5051364302635193,0.2,-0.006450113731261808,3856,0.887686806730926,0.0004092704424510632,0.007280974,0.9947674870491028,0.01318359375,0.09670159220695496,1257.0,-2.9320662346938775
31,124416,1542,96,-43.62873089313507,-0.3238675594329834,0.2,-0.028344697624561377,3872,0.04118423967156559,0.0004092704424510632,0.017502073,0.9934325218200684,0.2591552734375,-0.026073848828673363,1257.0,-2.9320662346938775
32,124928,1543,97,-43.593422412872314,0.6650968790054321,0.2,-0.010969334733090363,3888,0.4446208691224456,0.0004092704424510632,0.011655657,0.9932510256767273,0.041259765625,0.10992507636547089,1257.0,-2.9311536464646464
32,125440,1543,98,-43.574485182762146,0.9531152248382568,0.2,-0.026647724662325345,3904,0.07143691566307098,0.0004092704424510632,0.039249673,0.9912037253379822,0.2724609375,-0.01824336126446724,1257.0,-2.9311536464646464
32,125952,1542,99,-43.51664865016937,-3.5622434616088867,0.2,-0.023382610670523718,3920,0.017922841187100857,0.0004092704424510632,0.016088527,0.9910165071487427,0.2149658203125,-0.03420422971248627,1257.0,-2.93015871
33,126464,1542,100,-43.52385437488556,0.19297188520431519,0.2,-0.010243562428513542,3936,1.1867180014960468,0.0004092704424510632,0.01059353,0.9914741516113281,0.0836181640625,0.314191997051239,1257.0,-2.93015871
33,126976,1542,101,-43.545230984687805,-0.5552881956100464,0.2,-0.020365817967103794,3952,0.04914066812489182,0.0004092704424510632,0.013797481,0.9928149580955505,0.190673828125,-0.0003121793270111084,1257.0,-2.9281952
33,127488,1543,102,-43.57940936088562,0.7790989279747009,0.2,-0.009898643620545045,3968,0.8316448237746954,0.0004092704424510632,0.00918637,0.9932211637496948,0.049560546875,0.24706532061100006,1257.0,-2.9281952
34,128000,1543,103,-43.57389843463898,-1.7145559787750244,0.2,-0.02779930796532426,3984,0.043298976321239024,0.0004092704424510632,0.019041415,0.9923896789550781,0.2359619140625,-0.016003618016839027,1257.0,-2.9281952
34,128512,1544,104,-43.53137564659119,-0.1207817792892456,0.2,-0.023114246694603935,4000,0.006256162028876133,0.0004092704424510632,0.016226081,0.9909013509750366,0.2320556640625,-0.02992396056652069,1257.0,-2.9266849
34,129024,1544,105,-43.49493896961212,0.36044400930404663,0.2,-0.007321463490370661,4016,1.147468906827271,0.0004092704424510632,0.0055985507,0.990304172039032,0.010986328125,0.07838527858257294,1257.0,-2.9266849
35,129536,1545,106,-43.48063397407532,-2.9273743629455566,0.2,-0.026734823710285127,4032,0.022577801282750443,0.0004092704424510632,0.026273498,0.9896310567855835,0.2679443359375,-0.02684447169303894,1257.0,-2.9270403100000006
35,130048,1545,107,-43.459948778152466,0.4280362129211426,0.2,-0.010094160272274166,4048,1.4465648694895208,0.0004092704424510632,0.0061688945,0.9892340302467346,0.024169921875,0.2933155596256256,1257.0,-2.9270403100000006
35,130560,1545,108,-43.450106620788574,-0.01651918888092041,0.2,-0.02509547068621032,4064,0.025706501735839993,0.0004092704424510632,0.018810298,0.9887993335723877,0.2386474609375,-0.02802995592355728,1257.0,-2.9270403100000006
36,131072,1546,109,-43.41836082935333,-0.8733994960784912,0.2,-0.03279606603609864,4080,0.00792289040691685,0.0004092704424510632,0.02774927,0.9875391125679016,0.3118896484375,-0.0371357798576355,1257.0,-2.9261647100000006
36,131584,1546,110,-43.39186239242554,0.31126612424850464,0.2,-0.008673740609083325,4096,0.883277771063149,0.0004092704424510632,0.009192879,0.9873366951942444,0.029052734375,0.14991897344589233,1257.0,-2.9261647100000006
36,132096,1546,111,-43.39500975608826,-3.1995997428894043,0.2,-0.026289155590347946,4112,0.029231396969407797,0.0004092704424510632,0.022861496,0.9875984787940979,0.24560546875,-0.028167635202407837,1257.0,-2.9270510499999993
37,132608,1546,112,-43.41008174419403,0.25824081897735596,0.2,-0.004066691952175461,4128,1.2306545344181359,0.0004092704424510632,0.007175464,0.9878948330879211,0.070556640625,0.123318150639534,1257.0,-2.9270510499999993
37,133120,1546,113,-43.40665519237518,-0.26017439365386963,0.2,-0.028594661387614906,4144,0.01951906451722607,0.0004092704424510632,0.019558836,0.9872370362281799,0.2752685546875,-0.03400007635354996,1257.0,-2.9270510499999993
37,133632,1545,114,-43.38567924499512,0.19823318719863892,0.2,-0.027173458831384778,4160,0.009257925019483082,0.0004092704424510632,0.02098922,0.9867807626724243,0.250244140625,-0.02658281847834587,1257.0,-2.9270210699999994
38,134144,1545,115,-43.37205171585083,0.523568868637085,0.2,-0.010007953591411933,4176,0.7352326726540923,0.0004092704424510632,0.010990623,0.9862595796585083,0.0792236328125,0.11432592570781708,1257.0,-2.9270210699999994
38,134656,1545,116,-43.3759605884552,-4.060771942138672,0.2,-0.024588129948824644,4192,0.04144265042850748,0.0004092704424510632,0.021306485,0.9871910214424133,0.229248046875,-0.01042686216533184,1257.0,-2.926175759999999
38,135168,1544,117,-43.4014652967453,0.1956876516342163,0.2,-0.005374651183956303,4208,1.7263496089726686,0.0004092704424510632,0.005873696,0.9874082207679749,0.013427734375,0.1647430956363678,1257.0,-2.926175759999999
39,135680,1544,118,-43.394057512283325,-0.3390408754348755,0.2,-0.02520018997893203,4224,0.01914115098770708,0.0004092704424510632,0.01845228,0.9864556193351746,0.2305908203125,-0.03474956750869751,1257.0,-2.926175759999999
39,136192,1544,119,-43.35378575325012,0.4831291437149048,0.2,-0.02808482773252763,4240,0.011906926607480273,0.0004092704424510632,0.019884411,0.9854004383087158,0.2669677734375,-0.033700473606586456,1257.0,-2.9223893199999997
39,136704,1542,120,-43.3371239900589,0.5924249887466431,0.2,-0.004661210186895914,4256,0.7143629896454513,0.0004092704424510632,0.0065969946,0.9853779077529907,0.014892578125,0.1007271334528923,1257.0,-2.9223893199999997
40,137216,1542,121,-43.33569121360779,-3.4087815284729004,0.2,-0.027772243120125495,4272,0.03462526685325429,0.0004092704424510632,0.02009319,0.9852100610733032,0.2392578125,-0.02344159223139286,1257.0,-2.91973952
40,137728,1542,122,-43.325586795806885,0.36398863792419434,0.2,-0.006044096662662923,4288,1.0727504785172641,0.0004092704424510632,0.008989115,0.9851304292678833,0.0489501953125,0.14686457812786102,1257.0,-2.91973952
40,138240,1542,123,-43.30785894393921,-0.4476109743118286,0.2,-0.02738570998189971,4304,0.047088519437238574,0.0004092704424510632,0.018742615,0.984052836894989,0.21533203125,-0.016015563160181046,1257.0,-2.91973952
41,138752,1542,124,-43.27631914615631,0.7258471846580505,0.2,-0.013882576393370982,4320,0.2129885321483016,0.0004092704424510632,0.012945913,0.9837807416915894,0.0880126953125,0.03173477202653885,1257.0,-2.9172979800000003
41,139264,1542,125,-43.272796988487244,0.6663013696670532,0.2,-0.018412713980069384,4336,0.4938946361653507,0.0004092704424510632,0.017474838,0.9836021065711975,0.111083984375,0.009497251361608505,1257.0,-2.9172979800000003
41,139776,1542,126,-43.27389574050903,-4.021748065948486,0.2,-0.022371647966792807,4352,0.02350331927300431,0.0004092704424510632,0.018087745,0.9847003817558289,0.2225341796875,-0.02792678214609623,1257.0,-2.91646175
42,140288,1541,127,-43.31401216983795,0.24230068922042847,0.2,-0.014898420529789291,4368,1.8385691307485104,0.0004092704424510632,0.0068975342,0.9852729439735413,0.024169921875,0.08377299457788467,1257.0,-2.91646175
42,140800,1541,128,-43.334285855293274,-0.27083146572113037,0.2,-0.021868519397685304,4384,0.014280236850026995,0.0004092704424510632,0.01788604,0.9863775968551636,0.2298583984375,-0.030615948140621185,1257.0,-2.9147810599999997
42,141312,1541,129,-43.37116348743439,0.13783103227615356,0.2,-0.0052004091267008334,4400,1.6775944423861802,0.0004092704424510632,0.004835537,0.9869784712791443,0.0054931640625,0.13965044915676117,1257.0,-2.9147810599999997
43,141824,1541,130,-43.36173129081726,-0.5826826095581055,0.2,-0.03010553479543887,4416,0.01974032958969474,0.0004092704424510632,0.018816536,0.9855538010597229,0.2869873046875,-0.03204554319381714,1257.0,-2.9147810599999997
43,142336,1540,131,-43.34383547306061,-0.2572263479232788,0.2,-0.025576623273082078,4432,0.005001037548936438,0.0004092704424510632,0.015079541,0.987063467502594,0.251953125,-0.031966257840394974,1257.0,-2.913209019999999
43,142848,1540,132,-43.397751212120056,0.32399874925613403,0.2,-0.003871486405842006,4448,1.027434312272817,0.0004092704424510632,0.004050067,0.9877647161483765,0.003662109375,0.14421765506267548,1257.0,-2.913209019999999
44,143360,1540,133,-43.38450074195862,-2.462294101715088,0.2,-0.028898100572405383,4464,0.015097110401256941,0.0004092704424510632,0.017551988,0.9863107800483704,0.2412109375,-0.02961141988635063,1257.0,-2.9141826699999998
44,143872,1540,134,-43.346017241477966,0.5014914274215698,0.2,-0.011419102127547376,4480,1.4722704915329814,0.0004092704424510632,0.0062500993,0.9859710335731506,0.015625,0.10567992925643921,1257.0,-2.9141826699999998
44,144384,1540,135,-43.3415504693985,-0.07014358043670654,0.2,-0.023600994929438457,4496,0.07232740730978549,0.0004092704424510632,0.017028682,0.9859000444412231,0.246337890625,-0.005021229386329651,1257.0,-2.9141826699999998
45,144896,1540,136,-43.31509792804718,-2.6002111434936523,0.2,-0.020154170400928706,4512,0.008982232277048752,0.0004092704424510632,0.0117817875,0.9836392402648926,0.1619873046875,-0.01697007566690445,1257.0,-2.91098373
45,145408,1540,137,-43.26225185394287,0.17548847198486328,0.2,-0.006093099582358263,4528,1.7003005649894476,0.0004092704424510632,0.0058803093,0.9830442667007446,0.0087890625,0.13479679822921753,1257.0,-2.91098373
45,145920,1541,138,-43.2674001455307,-3.4487361907958984,0.2,-0.025631103053456172,4544,0.019682661950355396,0.0004092704424510632,0.017142072,0.9831145405769348,0.2283935546875,-0.029827076941728592,1257.0,-2.91011254
46,146432,1540,139,-43.27296984195709,0.4971235394477844,0.2,-0.01222472480731085,4560,1.244810240343213,0.0004092704424510632,0.009533338,0.9829896688461304,0.0498046875,0.11832066625356674,1257.0,-2.91011254
46,146944,1540,140,-43.275160908699036,-0.4861278533935547,0.2,-0.028424476098734885,4576,0.03453200840158388,0.0004092704424510632,0.01854957,0.9833013415336609,0.245849609375,-0.02546798251569271,1257.0,-2.91011254
46,147456,1540,141,-43.28012228012085,0.29006898403167725,0.2,-0.026406653902085964,4592,0.030927370418794453,0.0004092704424510632,0.01618427,0.9836260080337524,0.23095703125,-0.010175462812185287,1257.0,-2.9114457799999998
47,147968,1540,142,-43.27602159976959,0.6224913001060486,0.2,-0.009510352429060731,4608,0.932752039283514,0.0004092704424510632,0.011463722,0.9837096333503723,0.032470703125,0.11723527312278748,1257.0,-2.9114457799999998
47,148480,1540,143,-43.26796782016754,-3.1452231407165527,0.2,-0.02297389105660841,4624,0.045292331487871706,0.0004092704424510632,0.025267243,0.9828625917434692,0.2257080078125,-0.02604776807129383,1257.0,-2.91203006
47,148992,1540,144,-43.24272954463959,0.32381337881088257,0.2,-0.006133383605629206,4640,1.0331965466029942,0.0004092704424510632,0.007862916,0.9825255274772644,0.0228271484375,0.12421391904354095,1257.0,-2.91203006
48,149504,1540,145,-43.23509192466736,0.045008838176727295,0.2,-0.023898537474451587,4656,0.056051245890557766,0.0004092704424510632,0.01470929,0.9822856783866882,0.22607421875,-0.0005566049367189407,1257.0,-2.91203006
48,150016,1539,146,-43.24130725860596,0.6388006210327148,0.2,-0.02746064953680616,4672,0.08169901417568326,0.0004092704424510632,0.026869219,0.9827005863189697,0.2777099609375,-0.0009006708860397339,1257.0,-2.9120337400000005
48,150528,1539,147,-43.25227248668671,0.7192484736442566,0.2,-0.004959170531947166,4688,0.9476724206469953,0.0004092704424510632,0.0038979193,0.9828621745109558,0.0081787109375,0.14760658144950867,1257.0,-2.9120337400000005
0,151040,4009,1,-43.268622398376465,-3.482691764831543,0.2,-0.022488837566925213,4704,0.14480955502949655,0.0004092704424510632,0.029950002,0.9844546914100647,0.1884765625,-0.0017079412937164307,1257.0,-2.9137621500000006
0,151552,2226,2,-43.31174647808075,0.7064722180366516,0.2,-0.011163424045662396,4720,0.968671559356153,0.0004092704424510632,0.009951209,0.9851049184799194,0.075927734375,0.16839823126792908,1257.0,-2.9137621500000006
0,152064,1944,3,-43.32199692726135,-0.2743105888366699,0.2,-0.025951856980100274,4736,0.14665252156555653,0.0004092704424510632,0.024085704,0.9858925342559814,0.2222900390625,0.011123813688755035,1257.0,-2.9137621500000006
1,152576,1816,4,-43.34495508670807,0.7538323998451233,0.2,-0.018095394436386414,4752,0.3446595938876271,0.0004092704424510632,0.017680325,0.9864507913589478,0.1943359375,0.09713637083768845,1257.0,-2.9134741900000005
1,153088,1756,5,-43.34748840332031,0.7491121292114258,0.2,-0.023873502927017398,4768,0.571986424503848,0.0004092704424510632,0.026732536,0.9863676428794861,0.1845703125,0.05958261713385582,1257.0,-2.9134741900000005
1,153600,1716,6,-43.373793601989746,-4.043424606323242,0.2,-0.02335838474391494,4784,0.03299996256828308,0.0004092704424510632,0.021363262,0.988679051399231,0.2498779296875,-0.017774146050214767,1257.0,-2.9146906500000007
2,154112,1686,7,-43.43941569328308,0.09845203161239624,0.2,-0.005491101328516379,4800,1.8821726916357875,0.0004092704424510632,0.00523596,0.9894365072250366,0.0091552734375,0.19076132774353027,1257.0,-2.9146906500000007
2,154624,1667,8,-43.439603209495544,-0.29658305644989014,0.2,-0.025019918975885957,4816,0.01761253410950303,0.0004092704424510632,0.015578976,0.9891825318336487,0.2301025390625,-0.02635306864976883,1257.0,-2.91337563
2,155136,1648,9,-43.43588662147522,0.507017970085144,0.2,-0.006641046958975494,4832,1.5504048587754369,0.0004092704424510632,0.005827075,0.9890669584274292,0.018798828125,0.1870327591896057,1257.0,-2.91337563
3,155648,1634,10,-43.4535231590271,-0.5166375637054443,0.2,-0.022284737075096928,4848,0.026652950968127698,0.0004092704424510632,0.016797531,0.9910266995429993,0.2073974609375,-0.017027858644723892,1257.0,-2.91337563
3,156160,1624,11,-43.531208515167236,-0.06191384792327881,0.2,-0.025448814849369228,4864,0.006118685472756624,0.0004092704424510632,0.015399855,0.9929633736610413,0.22509765625,-0.04201192408800125,1257.0,-2.91465731
3,156672,1617,12,-43.571881890296936,0.3341209292411804,0.2,-0.006631201023992617,4880,1.505451787263155,0.0004092704424510632,0.0048931623,0.9931603670120239,0.010498046875,0.19194233417510986,1257.0,-2.91465731
4,157184,1612,13,-43.59202539920807,-1.7845091819763184,0.2,-0.022706325202307198,4896,0.021596940758172423,0.0004092704424510632,0.022569768,0.9948847889900208,0.2481689453125,-0.03246964514255524,1257.0,-2.9144846699999993
4,157696,1607,14,-43.64171755313873,0.5006239414215088,0.2,-0.005908274775720201,4912,1.170377116650343,0.0004092704424510632,0.0048163277,0.9955853223800659,0.00830078125,0.5102486610412598,1257.0,-2.9144846699999993
4,158208,1603,15,-43.62125492095947,0.19332456588745117,0.2,-0.02668024717422668,4928,0.3556416854262352,0.0004092704424510632,0.023291012,0.9933560490608215,0.233642578125,0.1262110322713852,1257.0,-2.9144846699999993
5,158720,1596,16,-43.57110905647278,-5.990253448486328,0.2,-0.025679792510345578,4944,0.03766593575710431,0.0004092704424510632,0.016438814,0.9931976795196533,0.21826171875,-0.027463022619485855,1257.0,-2.916084879999999
5,159232,1592,17,-43.584208726882935,0.26329493522644043,0.2,-0.012659916450502351,4960,1.1946753039956093,0.0004092704424510632,0.009083575,0.9932685494422913,0.0247802734375,0.10010552406311035,1257.0,-2.916084879999999
5,159744,1589,18,-43.604302525520325,-2.7710587978363037,0.2,-0.02882623545883689,4976,0.010971216717734933,0.0004092704424510632,0.017337732,0.9949119687080383,0.2401123046875,-0.030466755852103233,1257.0,-2.9165176799999997
6,160256,1588,19,-43.653536915779114,0.2972841262817383,0.2,-0.010239456183626316,4992,1.2013730611652136,0.0004092704424510632,0.0075471587,0.9956281185150146,0.0335693359375,0.1131255254149437,1257.0,-2.9165176799999997
6,160768,1588,20,-43.67640137672424,0.19486165046691895,0.2,-0.03493704259744845,5008,0.04573836084455252,0.0004092704424510632,0.027501905,0.9968550205230713,0.3330078125,-0.02426343783736229,1257.0,-2.9165176799999997
6,161280,1587,21,-43.70280611515045,0.2106817364692688,0.2,-0.026419311325298622,5024,0.039459434105083346,0.0004092704424510632,0.017375555,0.9967822432518005,0.25732421875,-0.028046216815710068,1257.0,-2.914578189999999
7,161792,1585,22,-43.68680202960968,0.6836881637573242,0.2,-0.005860786070115864,5040,0.892360613681376,0.0004092704424510632,0.007020443,0.9965660572052002,0.0220947265625,0.16006505489349365,1257.0,-2.914578189999999
7,162304,1581,23,-43.673012256622314,-3.826387405395508,0.2,-0.02035699479165487,5056,0.10852693859487772,0.0004092704424510632,0.016070023,0.9954660534858704,0.1854248046875,-0.0005509182810783386,1257.0,-2.9136420599999995
7,162816,1576,24,-43.632528424263,0.06832921504974365,0.2,-0.0035875181056326255,5072,2.2075950233265758,0.0004092704424510632,0.0056946157,0.9948555827140808,0.015625,0.311588317155838,1257.0,-2.9136420599999995
8,163328,1572,25,-43.66842436790466,0.012134313583374023,0.2,-0.024186419177567586,5088,0.022289095039013773,0.0004092704424510632,0.016683012,0.9985930323600769,0.228515625,-0.02488299459218979,1257.0,-2.9136420599999995
8,163840,1566,26,-43.7881144285202,0.541761577129364,0.2,-0.025384015490999445,5104,0.014820708107436076,0.0004092704424510632,0.019105215,1.0015034675598145,0.2327880859375,-0.023288745433092117,1257.0,-2.9154979999999995
8,164352,1562,27,-43.841758370399475,0.5930895209312439,0.2,-0.008146100299200043,5120,0.7658078907988966,0.0004092704424510632,0.007808915,1.0020807981491089,0.025146484375,0.1642659306526184,1257.0,-2.9154979999999995
9,164864,1560,28,-43.848450660705566,-3.3140382766723633,0.2,-0.02008021630172152,5136,0.18368041096255183,0.0004092704424510632,0.015446475,1.002627968788147,0.1724853515625,0.038705434650182724,1257.0,-2.9174050400000002
9,165376,1560,29,-43.85470652580261,0.4032377004623413,0.2,-0.005682773648004513,5152,1.2872521169483662,0.0004092704424510632,0.008189727,1.0028632879257202,0.0223388671875,0.11932475864887238,1257.0,-2.9174050400000002
9,165888,1558,30,-43.84362864494324,0.039326250553131104,0.2,-0.01949303367291577,5168,0.054417019709944725,0.0004092704424510632,0.013023669,1.001883864402771,0.1864013671875,-0.0032520033419132233,1257.0,-2.9174050400000002
10,166400,1556,31,-43.82020962238312,0.6608337163925171,0.2,-0.010806501137267333,5184,0.7570311492308974,0.0004092704424510632,0.007764868,1.0013930797576904,0.0283203125,0.369341105222702,1257.0,-2.9200054900000003
10,166912,1555,32,-43.81363368034363,0.927007794380188,0.2,-0.017841330423834734,5200,0.21061025967355818,0.0004092704424510632,0.018791493,1.0014311075210571,0.13134765625,-0.0064372289925813675,1257.0,-2.9200054900000003
10,167424,1554,33,-43.842711210250854,-2.980773448944092,0.2,-0.01836712429940235,5216,0.018846130929887295,0.0004092704424510632,0.014402771,1.0037578344345093,0.197265625,-0.01948782056570053,1257.0,-2.9199637899999997
11,167936,1554,34,-43.90303945541382,0.08979618549346924,0.2,-0.004599238163791597,5232,2.6412559244781733,0.0004092704424510632,0.0047628293,1.0044361352920532,0.013671875,0.3533664345741272,1257.0,-2.9199637899999997
11,168448,1554,35,-43.91778385639191,-0.25939035415649414,0.2,-0.026263184830895625,5248,0.027959886996541172,0.0004092704424510632,0.019694969,1.0049376487731934,0.27734375,-0.022724660113453865,1257.0,-2.9176877599999993
11,168960,1554,36,-43.9283105134964,0.3886765241622925,0.2,-0.007190392730990425,5264,1.2308091828599572,0.0004092704424510632,0.006988978,1.0052019357681274,0.01904296875,0.18064342439174652,1257.0,-2.9176877599999993
12,169472,1553,37,-43.92538070678711,-0.2553294897079468,0.2,-0.031280840892577544,5280,0.014272210915805772,0.0004092704424510632,0.021888006,1.0039435625076294,0.2783203125,-0.03984714671969414,1257.0,-2.9176877599999993
12,169984,1550,38,-43.87639105319977,0.0046120285987854,0.2,-0.03135383588960394,5296,0.005064906217739917,0.0004092704424510632,0.022420682,1.0017576217651367,0.2943115234375,-0.04758298397064209,1257.0,-2.9177539
12,170496,1548,39,-43.82709503173828,0.1906682848930359,0.2,-0.007025104656349868,5312,1.6147153140045702,0.0004092704424510632,0.008334821,1.001136064529419,0.041015625,0.3181464672088623,1257.0,-2.9177539
13,171008,1547,40,-43.784982800483704,-0.7964195013046265,0.2,-0.025947468617232516,5328,0.009416768720257096,0.0004092704424510632,0.016640678,0.9982782602310181,0.2327880859375,-0.03237273544073105,1257.0,-2.916454330000001
13,171520,1547,41,-43.71906042098999,0.46709972620010376,0.2,-0.006902449298650026,5344,1.2929751458577812,0.0004092704424510632,0.008756071,0.9974752068519592,0.047119140625,0.10721322894096375,1257.0,-2.916454330000001
13,172032,1547,42,-43.73617160320282,0.1143609881401062,0.2,-0.026870651578065008,5360,0.06894569366704673,0.0004092704424510632,0.015042437,0.9989125728607178,0.1990966796875,-0.008654173463582993,1257.0,-2.916454330000001
14,172544,1547,43,-43.76487100124359,-4.498692989349365,0.2,-0.02403294315445237,5376,0.01837094547227025,0.0004092704424510632,0.01592519,0.9981218576431274,0.2314453125,-0.037150487303733826,1257.0,-2.91534466
14,173056,1547,44,-43.740153670310974,0.24069267511367798,0.2,-0.006413012284610886,5392,1.5657720770686865,0.0004092704424510632,0.005463712,0.998065710067749,0.00732421875,0.09599724411964417,1257.0,-2.91534466
14,173568,1545,45,-43.748654961586,-3.619105815887451,0.2,-0.023809714053641073,5408,0.03263990074628964,0.0004092704424510632,0.023567233,0.9987058043479919,0.2421875,-0.02659764513373375,1257.0,-2.91644507
15,174080,1544,46,-43.76635789871216,0.4581413269042969,0.2,-0.004390025031170808,5424,1.1479301396757364,0.0004092704424510632,0.007273858,0.9989521503448486,0.02783203125,0.11447203904390335,1257.0,-2.91644507
15,174592,1541,47,-43.78155338764191,-0.057383179664611816,0.2,-0.024772475779172964,5440,0.049585596891120076,0.0004092704424510632,0.021892048,0.9999694228172302,0.2454833984375,-0.0016481801867485046,1257.0,-2.91644507
15,175104,1540,48,-43.79202091693878,0.1486791968345642,0.2,-0.03174121989286505,5456,0.03937544743530452,0.0004092704424510632,0.01882781,0.9993509650230408,0.279052734375,-0.022004781290888786,1257.0,-2.91816778
16,175616,1539,49,-43.77243733406067,0.6980379819869995,0.2,-0.0086747480527265,5472,0.8540408406406641,0.0004092704424510632,0.012734249,0.9993626475334167,0.0360107421875,0.07662548869848251,1257.0,-2.91816778
16,176128,1540,50,-43.78372120857239,-4.58525276184082,0.2,-0.01638709069811739,5488,0.04813138773897663,0.0004092704424510632,0.0137348175,1.0000208616256714,0.153564453125,-0.012157508172094822,1257.0,-2.9208416799999997
16,176640,1540,51,-43.79592669010162,0.18725693225860596,0.2,-0.009705856020445935,5504,2.0067495200783014,0.0004092704424510632,0.0074832593,1.000248908996582,0.0325927734375,0.18425776064395905,1257.0,-2.9208416799999997
17,177152,1540,52,-43.78198194503784,-0.127036452293396,0.2,-0.02173732127994299,5520,0.02812730154255405,0.0004092704424510632,0.01974598,0.9988119602203369,0.2147216796875,-0.023313501849770546,1257.0,-2.9208416799999997
17,177664,1540,53,-43.74738311767578,0.42211127281188965,0.2,-0.022523667677887715,5536,0.007370952647761442,0.0004092704424510632,0.015525565,0.9985381364822388,0.214599609375,-0.035829924046993256,1257.0,-2.91947441
17,178176,1538,54,-43.752222418785095,0.5710856318473816,0.2,-0.0051306504756212234,5552,0.8710322417318821,0.0004092704424510632,0.0064884443,0.9983789324760437,0.0125732421875,0.11354325711727142,1257.0,-2.91947441
18,178688,1538,55,-43.739511013031006,-3.4713563919067383,0.2,-0.02096121346403379,5568,0.18574354285374284,0.0004092704424510632,0.019956306,0.9979313015937805,0.1654052734375,0.02328491024672985,1257.0,-2.9179345100000003
18,179200,1538,56,-43.72732472419739,0.6764731407165527,0.2,-0.004539514964562841,5584,0.9495598552748561,0.0004092704424510632,0.006530495,0.9978557229042053,0.0089111328125,0.18238908052444458,1257.0,-2.9179345100000003
18,179712,1537,57,-43.742971897125244,-0.39817726612091064,0.2,-0.02146999369142577,5600,0.05097325821407139,0.0004092704424510632,0.01648127,0.9994323253631592,0.2176513671875,-0.012126971036195755,1257.0,-2.9179345100000003
19,180224,1538,58,-43.78905212879181,0.6876853704452515,0.2,-0.016789719316875562,5616,0.3258791668340564,0.0004092704424510632,0.020514943,1.000068187713623,0.1072998046875,0.06769609451293945,1257.0,-2.9178032599999995
19,180736,1538,59,-43.78980541229248,0.8526266813278198,0.2,-0.014077836269279942,5632,0.25427344848867506,0.0004092704424510632,0.016988702,0.9995952248573303,0.0869140625,-0.0009376127272844315,1257.0,-2.9178032599999995
19,181248,1538,60,-43.778961539268494,-4.6347575187683105,0.2,-0.025952007301384583,5648,0.02716880419757217,0.0004092704424510632,0.02069806,0.9999539852142334,0.2606201171875,-0.03143015876412392,1257.0,-2.9161862799999994
20,181760,1538,61,-43.79885399341583,0.2302064299583435,0.2,-0.006378402627888136,5664,1.7833124892786145,0.0004092704424510632,0.005302908,1.0003175735473633,0.0135498046875,0.21571709215641022,1257.0,-2.9161862799999994
20,182272,1538,62,-43.82992780208588,0.006445705890655518,0.2,-0.021525527408812195,5680,0.01982846501050517,0.0004092704424510632,0.016131582,1.0027048587799072,0.20947265625,-0.029680363833904266,1257.0,-2.9163925299999987
20,182784,1537,63,-43.89373695850372,0.19108164310455322,0.2,-0.005756741986260749,5696,1.7804033453576267,0.0004092704424510632,0.0051555135,1.0034399032592773,0.0078125,0.13839909434318542,1257.0,-2.9163925299999987
21,183296,1537,64,-43.91047739982605,-0.17882966995239258,0.2,-0.028593898357939906,5712,0.01670567214023322,0.0004092704424510632,0.020102888,1.0043305158615112,0.2686767578125,-0.019676165655255318,1257.0,-2.9163925299999987
21,183808,1538,65,-43.91238462924957,-0.06238961219787598,0.2,-0.019741818061447702,5728,0.006847364202258177,0.0004092704424510632,0.015368983,1.0036277770996094,0.1907958984375,-0.016319142654538155,1257.0,-2.9183055599999994
21,184320,1538,66,-43.900792598724365,0.27480995655059814,0.2,-0.007219571634777822,5744,1.6371151888743043,0.0004092704424510632,0.0048173154,1.0034352540969849,0.006103515625,0.1600695252418518,1257.0,-2.9183055599999994
22,184832,1538,67,-43.912965297698975,-1.7746846675872803,0.2,-0.022066750025260262,5760,0.03714782587485388,0.0004092704424510632,0.015586698,1.004300594329834,0.184326171875,-0.022951338440179825,1257.0,-2.9161426799999988
22,185344,1538,68,-43.94797468185425,0.7278788089752197,0.2,-0.01122806066996418,5776,1.2934723580256104,0.0004092704424510632,0.0068692397,1.0049021244049072,0.0352783203125,0.22958216071128845,1257.0,-2.9161426799999988
22,185856,1538,69,-43.975093364715576,-0.4176532030105591,0.2,-0.023852614205679856,5792,0.048072807025164366,0.0004092704424510632,0.017387282,1.0065261125564575,0.2255859375,-0.004773834720253944,1257.0,-2.9161426799999988
23,186368,1537,70,-43.99852740764618,-2.332894802093506,0.2,-0.02571088149852585,5808,0.012570068036438897,0.0004092704424510632,0.022936428,1.0050586462020874,0.247802734375,-0.037562187761068344,1257.0,-2.9163547299999992
23,186880,1535,71,-43.94933569431305,0.3240824341773987,0.2,-0.007612308283569291,5824,1.0771133271045983,0.0004092704424510632,0.008992945,1.004153847694397,0.0235595703125,0.22491657733917236,1257.0,-2.9163547299999992
24,187392,1535,72,-43.94248425960541,-3.0890321731567383,0.2,-0.03125312793417834,5840,0.03329492430202663,0.0004092704424510632,0.024132997,1.004480242729187,0.279296875,-0.032852306962013245,1257.0,-2.917748839999999
24,187904,1535,73,-43.96419358253479,0.53132563829422,0.2,-0.004314107536629308,5856,1.1083139078691602,0.0004092704424510632,0.0078247,1.0051252841949463,0.02099609375,0.15589046478271484,1257.0,-2.917748839999999
24,188416,1535,74,-43.96596682071686,-0.12551498413085938,0.2,-0.026531758427154273,5872,0.057601366424933076,0.0004092704424510632,0.020132933,1.0043762922286987,0.253173828125,-0.006210701540112495,1257.0,-2.917748839999999
25,188928,1535,75,-43.91580879688263,-0.05184781551361084,0.2,-0.02803016031975858,5888,0.03619173407787457,0.0004092704424510632,0.016772956,1.001853585243225,0.2447509765625,-0.020144889131188393,1257.0,-2.9165131799999995
25,189440,1535,76,-43.856040954589844,0.6909809112548828,0.2,-0.007575661380542442,5904,1.0923171285539865,0.0004092704424510632,0.006363762,1.0012093782424927,0.013427734375,0.11191069334745407,1257.0,-2.9165131799999995
25,189952,1535,77,-43.85967254638672,-3.069965362548828,0.2,-0.021731347325840034,5920,0.1267968483734876,0.0004092704424510632,0.023291793,1.001700520515442,0.188720703125,-0.0049769580364227295,1257.0,-2.91435204
25,190464,1536,78,-43.87315535545349,0.7244402766227722,0.2,-0.009906834791763686,5936,1.2537744781002402,0.0004092704424510632,0.009227771,1.001720905303955,0.02490234375,0.17415134608745575,1257.0,-2.91435204
26,190976,1536,79,-43.878336787223816,-0.4709399938583374,0.2,-0.02273431734647602,5952,0.049869298352859914,0.0004092704424510632,0.017120037,1.0021499395370483,0.2215576171875,-0.005240464583039284,1257.0,-2.91435204
26,191488,1536,80,-43.92602276802063,0.0010482072830200195,0.2,-0.029439305973937735,5968,0.009212097560521215,0.0004092704424510632,0.01879995,1.0046156644821167,0.284912109375,-0.03865803778171539,1257.0,-2.9143998499999997
26,192000,1536,81,-43.98046910762787,0.5083301663398743,0.2,-0.010412206378532574,5984,0.8514266349375248,0.0004092704424510632,0.011529921,1.0052530765533447,0.061279296875,0.04124874621629715,1257.0,-2.9143998499999997
27,192512,1535,82,-44.01232898235321,-3.5797510147094727,0.2,-0.02098624425707385,6000,0.08410312852356583,0.0004092704424510632,0.020743499,1.0079736709594727,0.1888427734375,-0.009645489975810051,1257.0,-2.91318501
27,193024,1535,83,-44.090343832969666,0.427010715007782,0.2,-0.003851118450256763,6016,1.1795635912567377,0.0004092704424510632,0.007921222,1.0089499950408936,0.0347900390625,0.10097253322601318,1257.0,-2.91318501
28,193536,1535,84,-44.10103714466095,-0.07759666442871094,0.2,-0.023995070150704123,6032,0.07544417516328394,0.0004092704424510632,0.024848107,1.009699821472168,0.267578125,-0.006170216947793961,1257.0,-2.91318501
28,194048,1535,85,-44.129353404045105,0.7522172927856445,0.2,-0.011044623402995057,6048,0.5390659305267036,0.0004092704424510632,0.012232121,1.0103116035461426,0.0843505859375,0.24471420049667358,1257.0,-2.9132902099999995
28,194560,1534,86,-44.14227533340454,0.8449477553367615,0.2,-0.022417729764129035,6064,0.20517687918618321,0.0004092704424510632,0.023986708,1.010628342628479,0.1929931640625,-0.005207110196352005,1257.0,-2.9132902099999995
29,195072,1534,87,-44.135613322257996,-1.8470044136047363,0.2,-0.01909219883964397,6080,0.05023633758537471,0.0004092704424510632,0.015641134,1.0094623565673828,0.2061767578125,-0.004141990095376968,1257.0,-2.9177071999999997
29,195584,1534,88,-44.10831582546234,0.2661477327346802,0.2,-0.007486602844437584,6096,1.4626806676387787,0.0004092704424510632,0.006818869,1.009131669998169,0.0233154296875,0.09115363657474518,1257.0,-2.9177071999999997
29,196096,1534,89,-44.124491691589355,-0.2639247179031372,0.2,-0.0269001684646355,6112,0.031013410654850304,0.0004092704424510632,0.017970365,1.0104119777679443,0.2432861328125,-0.024869553744792938,1257.0,-2.91831634
30,196608,1534,90,-44.16172730922699,0.6847528219223022,0.2,-0.008319412620039657,6128,1.0267876405268908,0.0004092704424510632,0.008041747,1.0112394094467163,0.02978515625,0.190840944647789,1257.0,-2.91831634
30,197120,1534,91,-44.184635400772095,-0.9026039838790894,0.2,-0.02625839396932861,6144,0.024368503538426012,0.0004092704424510632,0.013823144,1.0113691091537476,0.239013671875,-0.03220919892191887,1257.0,-2.91831634
30,197632,1535,92,-44.18484354019165,-0.0823439359664917,0.2,-0.02230289435829036,6160,0.006230351093108766,0.0004092704424510632,0.013148546,1.011978268623352,0.1795654296875,-0.01888303831219673,1257.0,-2.91614441
31,198144,1535,93,-44.20959675312042,0.48251497745513916,0.2,-0.006042296998202801,6176,1.0746566052548587,0.0004092704424510632,0.007466178,1.0122952461242676,0.0244140625,0.21125109493732452,1257.0,-2.91614441
31,198656,1535,94,-44.21524000167847,-1.8737928867340088,0.2,-0.031133241864154115,6192,0.034125254838727415,0.0004092704424510632,0.020359892,1.0123181343078613,0.289306640625,-0.027363721281290054,1257.0,-2.9139359099999997
31,199168,1534,95,-44.205259919166565,0.7175993919372559,0.2,-0.003872997156577185,6208,1.0160025525838137,0.0004092704424510632,0.004567112,1.0119595527648926,0.0069580078125,0.31539663672447205,1257.0,-2.9139359099999997
32,199680,1534,96,-44.19902038574219,-0.21580350399017334,0.2,-0.027072520839283243,6224,0.05276564846280962,0.0004092704424510632,0.018562553,1.011586308479309,0.2598876953125,-0.026822254061698914,1257.0,-2.9139359099999997
32,200192,1535,97,-44.18763184547424,-0.10607373714447021,0.2,-0.028105596837121993,6240,0.004340945844887756,0.0004092704424510632,0.020171452,1.011533498764038,0.2625732421875,-0.037663914263248444,1257.0,-2.91377551
32,200704,1535,98,-44.19158411026001,0.42244619131088257,0.2,-0.006861317189759575,6256,1.030448182951659,0.0004092704424510632,0.0076622996,1.011818528175354,0.0277099609375,0.09435322135686874,1257.0,-2.91377551
33,201216,1535,99,-44.217774748802185,-3.8350768089294434,0.2,-0.020890254512778483,6272,0.021162432938581333,0.0004092704424510632,0.024201822,1.0137202739715576,0.22607421875,-0.024882137775421143,1257.0,-2.9153099599999996
33,201728,1534,100,-44.269015192985535,0.3719485402107239,0.2,-0.004294732127164025,6288,0.9647324131801724,0.0004092704424510632,0.006105821,1.0143895149230957,0.011474609375,0.08447888493537903,1257.0,-2.9153099599999996
33,202240,1534,101,-44.27635204792023,-0.06728529930114746,0.2,-0.026438367407536134,6304,0.031756995129399,0.0004092704424510632,0.020881757,1.0141894817352295,0.2777099609375,-0.02244686335325241,1257.0,-2.9153099599999996
34,202752,1534,102,-44.29072630405426,-0.1759648323059082,0.2,-0.025658314960310236,6320,0.017464348406065255,0.0004092704424510632,0.016310891,1.015740990638733,0.2335205078125,-0.03317972645163536,1257.0,-2.91609905
34,203264,1534,103,-44.320228934288025,0.5245907306671143,0.2,-0.0025599839209462516,6336,1.1215388868004084,0.0004092704424510632,0.0031719478,1.0159189701080322,0.0018310546875,0.19914761185646057,1257.0,-2.91609905
34,203776,1535,104,-44.322184562683105,-3.1009888648986816,0.2,-0.02188281196868047,6352,0.08497839502524585,0.0004092704424510632,0.021992892,1.0168381929397583,0.17724609375,-0.012449342757463455,1257.0,-2.9151461700000003
35,204288,1535,105,-44.351001262664795,0.6560747623443604,0.2,-0.006790095460019074,6368,0.8942515859380364,0.0004092704424510632,0.00845965,1.0177061557769775,0.0172119140625,0.11145651340484619,1257.0,-2.9151461700000003
35,204800,1535,106,-44.35413420200348,-0.9679653644561768,0.2,-0.021366400018450804,6384,0.05333282076753676,0.0004092704424510632,0.015014794,1.0170258283615112,0.205078125,-0.0072258226573467255,1257.0,-2.9151461700000003
35,205312,1535,107,-44.32893645763397,0.5811700820922852,0.2,-0.023706537976977415,6400,0.04613577283453196,0.0004092704424510632,0.014376282,1.0162441730499268,0.213134765625,-0.014912942424416542,1257.0,-2.9132852700000007
36,205824,1535,108,-44.31688606739044,0.7795810699462891,0.2,-0.008264154297648929,6416,0.6124633452855051,0.0004092704424510632,0.006699726,1.0161374807357788,0.014404296875,0.07144986838102341,1257.0,-2.9132852700000007
36,206336,1535,109,-44.313629150390625,-3.869494915008545,0.2,-0.023162397468695417,6432,0.039950454607605934,0.0004092704424510632,0.026196504,1.0156610012054443,0.2308349609375,-0.021287783980369568,1257.0,-2.91311094
36,206848,1534,110,-44.294530272483826,0.5136862993240356,0.2,-0.004716434006695636,6448,1.1537820491939783,0.0004092704424510632,0.007846668,1.0152733325958252,0.0235595703125,0.07596845179796219,1257.0,-2.91311094
37,207360,1535,111,-44.28646230697632,-0.24868083000183105,0.2,-0.025700067373691127,6464,0.04228162841172889,0.0004092704424510632,0.015931094,1.0155080556869507,0.2215576171875,-0.01896602287888527,1257.0,-2.91311094
37,207872,1535,112,-44.29318642616272,0.6978850364685059,0.2,-0.010799786046845838,6480,0.21840291284024715,0.0004092704424510632,0.018171344,1.0151985883712769,0.1231689453125,0.0713561475276947,1257.0,-2.9152499700000005
37,208384,1535,113,-44.27628779411316,0.7060558795928955,0.2,-0.01686118170619011,6496,0.5478056892752647,0.0004092704424510632,0.019243734,1.0150196552276611,0.10595703125,0.023970071226358414,1257.0,-2.9152499700000005
38,208896,1535,114,-44.282376766204834,-1.2059035301208496,0.2,-0.023828347126254812,6512,0.08008028101176023,0.0004092704424510632,0.019646559,1.0157123804092407,0.2586669921875,0.0035972055047750473,1257.0,-2.9146749
38,209408,1534,115,-44.29299211502075,0.24312114715576172,0.2,0.0006943238840904087,6528,1.9773805914446712,0.0004092704424510632,0.0036589976,1.0159013271331787,0.0084228515625,0.21670500934123993,1257.0,-2.9146749
38,209920,1534,116,-44.26026403903961,-0.22069120407104492,0.2,-0.0238602536264807,6544,0.016704728826880455,0.0004092704424510632,0.0220326,1.012823224067688,0.2626953125,-0.019483739510178566,1257.0,-2.9158000900000007
39,210432,1534,117,-44.17941391468048,0.6547998189926147,0.2,-0.00287408972508274,6560,0.9858991485089064,0.0004092704424510632,0.0062736166,1.0115917921066284,0.0125732421875,0.12933768332004547,1257.0,-2.9158000900000007
39,210944,1534,118,-44.18052840232849,-0.5213005542755127,0.2,-0.025693215284263715,6576,0.020040677569340914,0.0004092704424510632,0.017803274,1.0126556158065796,0.2557373046875,-0.025346456095576286,1257.0,-2.9158000900000007
39,211456,1534,119,-44.17287051677704,-0.14064526557922363,0.2,-0.017900907128932886,6592,0.0058819184196181595,0.0004092704424510632,0.014874944,1.0102344751358032,0.20458984375,-0.026086287572979927,1257.0,-2.916283300000001
40,211968,1534,120,-44.1044979095459,0.41096484661102295,0.2,-0.0016303317970596254,6608,1.2661490547470748,0.0004092704424510632,0.0026075384,1.009323000907898,0.000244140625,0.10648643225431442,1257.0,-2.916283300000001
40,212480,1534,121,-44.11010408401489,-1.688110113143921,0.2,-0.017662290498265065,6624,0.030071519664488733,0.0004092704424510632,0.01378509,1.010825276374817,0.1881103515625,-0.015266673639416695,1257.0,-2.91835878
40,212992,1533,122,-44.1506165266037,0.5100803375244141,0.2,-0.005317431387084071,6640,1.1396022574044764,0.0004092704424510632,0.009017518,1.011483073234558,0.0543212890625,0.12067996710538864,1257.0,-2.91835878
41,213504,1533,123,-44.126230001449585,0.013203978538513184,0.2,-0.02772749456926249,6656,0.051900049787946045,0.0004092704424510632,0.018990763,1.0087567567825317,0.2498779296875,-0.014420414343476295,1257.0,-2.91835878
41,214016,1533,124,-44.083361744880676,-1.4880092144012451,0.2,-0.02083859888080042,6672,0.011415000815759413,0.0004092704424510632,0.015765417,1.010007381439209,0.2205810546875,-0.034372489899396896,1257.0,-2.92395934
41,214528,1533,125,-44.128307938575745,0.30689895153045654,0.2,-0.004068653499416541,6688,1.1316806431859732,0.0004092704424510632,0.0034682988,1.0104823112487793,0.002197265625,0.13278590142726898,1257.0,-2.92395934
42,215040,1533,126,-44.13169085979462,-3.0356521606445312,0.2,-0.03249591906205751,6704,0.010768748426926322,0.0004092704424510632,0.028421115,1.0105706453323364,0.29638671875,-0.04099137708544731,1257.0,-2.9259325199999995
42,215552,1533,127,-44.13254797458649,0.2928426265716553,0.2,-0.003572632238501683,6720,1.7565401308238506,0.0004092704424510632,0.0042037307,1.0105360746383667,0.012451171875,0.33995047211647034,1257.0,-2.9259325199999995
42,216064,1533,128,-44.10362136363983,0.007931292057037354,0.2,-0.03158367588184774,6736,0.02051272161770612,0.0004092704424510632,0.029126687,1.0088434219360352,0.2994384765625,-0.029878171160817146,1257.0,-2.9259325199999995
43,216576,1533,129,-44.072553396224976,-0.057831406593322754,0.2,-0.024176834980607964,6752,0.008799732371699065,0.0004092704424510632,0.014489745,1.0088846683502197,0.227783203125,-0.026395659893751144,1257.0,-2.9294747299999995
43,217088,1533,130,-44.07644271850586,0.4717797040939331,0.2,-0.0029517235307139345,6768,1.0687468280084431,0.0004092704424510632,0.00443672,1.0089558362960815,0.0068359375,0.108594611287117,1257.0,-2.9294747299999995
43,217600,1532,131,-44.049140095710754,-4.162329196929932,0.2,-0.025740691547980532,6784,0.019589737057685852,0.0004092704424510632,0.022409137,1.0064222812652588,0.2503662109375,-0.03187008202075958,1257.0,-2.9295877499999987
44,218112,1533,132,-43.981151700019836,0.3959394693374634,0.2,-0.004035873760585673,6800,1.1286270692944527,0.0004092704424510632,0.005194463,1.0054337978363037,0.0142822265625,0.353667289018631,1257.0,-2.9295877499999987
44,218624,1533,133,-43.95760142803192,-0.8236968517303467,0.2,-0.029523460543714464,6816,0.0593880801461637,0.0004092704424510632,0.025279392,1.004304051399231,0.2706298828125,-0.018593216314911842,1257.0,-2.9295877499999987
44,219136,1533,134,-43.9341778755188,0.5779832601547241,0.2,-0.017690059197775554,6832,0.11169519368559122,0.0004092704424510632,0.023201317,1.004197597503662,0.17822265625,0.01642792299389839,1257.0,-2.930565539999999
45,219648,1533,135,-43.93954610824585,0.7788822650909424,0.2,-0.0032244835056189913,6848,0.8235467141494155,0.0004092704424510632,0.004659336,1.0043349266052246,0.008544921875,0.15733078122138977,1257.0,-2.930565539999999
45,220160,1532,136,-43.9275723695755,-4.554902076721191,0.2,-0.029026434291154146,6864,0.0312720566871576,0.0004092704424510632,0.01588361,1.0031558275222778,0.226318359375,-0.03820677101612091,1257.0,-2.9317546699999992
45,220672,1532,137,-43.879932165145874,0.4351145029067993,0.2,-2.0774881704710424e-05,6880,1.2661060355603695,0.0004092704424510632,0.0048698056,1.00228750705719,0.0169677734375,0.13093769550323486,1257.0,-2.9317546699999992
46,221184,1532,138,-43.86620819568634,-0.5854560136795044,0.2,-0.022667088778689504,6896,0.03945959161501378,0.0004092704424510632,0.018098818,1.0018610954284668,0.2274169921875,-0.01772063411772251,1257.0,-2.9317546699999992
46,221696,1532,139,-43.82719826698303,0.499636173248291,0.2,-0.02783430188719649,6912,0.03894699382362887,0.0004092704424510632,0.015925378,0.9999434947967529,0.2652587890625,-0.0117082130163908,1257.0,-2.9341092799999995
46,222208,1533,140,-43.78615665435791,0.5227451324462891,0.2,-0.0118568686011713,6928,0.5566387020517141,0.0004092704424510632,0.020109639,0.9992365837097168,0.0706787109375,0.024475347250699997,1257.0,-2.9341092799999995
47,222720,1533,141,-43.74516522884369,-5.282198905944824,0.2,-0.023010711011011153,6944,0.032969204417895526,0.0004092704424510632,0.019764325,0.996429443359375,0.218505859375,-0.02221606858074665,1257.0,-2.93368902
47,223232,1533,142,-43.662599325180054,0.4294242858886719,0.2,-0.006582004149095155,6960,1.1710282480344176,0.0004092704424510632,0.007234773,0.9951826930046082,0.033447265625,0.11704665422439575,1257.0,-2.93368902
47,223744,1532,143,-43.65805208683014,-0.35141193866729736,0.2,-0.032546775619266555,6976,0.015667669766116887,0.0004092704424510632,0.019901711,0.996277928352356,0.2845458984375,-0.038385093212127686,1257.0,-2.93368902
48,224256,1532,144,-43.70211410522461,0.7428224086761475,0.2,-0.009733925682667177,6992,0.225056343479082,0.0004092704424510632,0.01118625,0.9973032474517822,0.04296875,0.041836872696876526,1257.0,-2.93453417
48,224768,1533,145,-43.726481676101685,0.5739700198173523,0.2,-0.019667473301524296,7008,0.16612825833726674,0.0004092704424510632,0.026662491,0.9978179335594177,0.284423828125,0.0345064178109169,1257.0,-2.93453417
48,225280,1533,146,-43.73915159702301,-4.85330057144165,0.2,-0.02345957578654634,7024,0.07746226119343191,0.0004092704424510632,0.021523083,0.9982134103775024,0.2254638671875,0.0008367840200662613,1257.0,-2.9338874199999996
49,225792,1533,147,-43.761207818984985,0.10767960548400879,0.2,-0.000989646570815239,7040,1.929284168407321,0.0004092704424510632,0.0046230094,0.9985559582710266,0.01318359375,0.30846601724624634,1257.0,-2.9338874199999996
0,226304,3911,1,-43.73839282989502,-1.2413244247436523,0.2,-0.024161280744010583,7056,0.021604400215437636,0.0004092704424510632,0.018946918,0.9961450099945068,0.2354736328125,-0.026414470747113228,1257.0,-2.9335223799999994
0,226816,2169,2,-43.668020844459534,0.5179489850997925,0.2,-0.0010486215687706135,7072,1.278849033638835,0.0004092704424510632,0.0025513875,0.9951586127281189,0.0010986328125,0.27628040313720703,1257.0,-2.9335223799999994
0,227328,1917,3,-43.64185380935669,-0.052550554275512695,0.2,-0.02025558179593645,7088,0.016671067773131654,0.0004092704424510632,0.0159731,0.9938578009605408,0.21435546875,-0.028150081634521484,1257.0,-2.9335223799999994
1,227840,1812,4,-43.60278296470642,0.012187480926513672,0.2,-0.02537939217290841,7104,0.005839568955707364,0.0004092704424510632,0.01660309,0.993131160736084,0.235107421875,-0.03506334871053696,1257.0,-2.935727129999999
1,228352,1750,5,-43.5927939414978,0.37416374683380127,0.2,-0.0028992388979531825,7120,1.8457360249012709,0.0004092704424510632,0.003589963,0.9929226636886597,0.006103515625,0.48371511697769165,1257.0,-2.935727129999999
1,228864,1705,6,-43.589431166648865,-3.673140048980713,0.2,-0.023822961797122844,7136,0.02331839656108059,0.0004092704424510632,0.019546807,0.993148922920227,0.252197265625,-0.02871004119515419,1257.0,-2.9364892099999995
2,229376,1674,7,-43.59517192840576,0.5255396366119385,0.2,-0.008398830279475078,7152,1.2413040567189455,0.0004092704424510632,0.005257548,0.9933089017868042,0.0130615234375,0.2152915894985199,1257.0,-2.9364892099999995
2,229888,1654,8,-43.63142514228821,-0.11053168773651123,0.2,-0.028537479607621208,7168,0.02269294869620353,0.0004092704424510632,0.017561052,0.9961698055267334,0.2662353515625,-0.02177472785115242,1257.0,-2.9364892099999995
2,230400,1640,9,-43.70322382450104,0.0682750940322876,0.2,-0.029434752992528956,7184,0.007295362142031081,0.0004092704424510632,0.018560093,0.996184766292572,0.2333984375,-0.03866131976246834,1257.0,-2.9414866499999994
3,230912,1633,10,-43.67653810977936,0.4513758420944214,0.2,-0.011382997283362783,7200,1.7130047688260674,0.0004092704424510632,0.010096433,0.9953708648681641,0.070068359375,0.22297537326812744,1257.0,-2.9414866499999994
3,231424,1639,11,-43.69962191581726,-3.372931957244873,0.2,-0.02400557570217643,7216,0.01830990848247893,0.0004092704424510632,0.020246152,0.9980653524398804,0.2227783203125,-0.03546954691410065,1257.0,-2.9422963699999998
3,231936,1652,12,-43.771740317344666,0.411301851272583,0.2,-0.007086660058121197,7232,2.0043137362226844,0.0004092704424510632,0.005009263,0.9989661574363708,0.0123291015625,0.8365357518196106,1257.0,-2.9422963699999998
3,232448,1664,13,-43.795005440711975,-0.018056869506835938,0.2,-0.02375124160607811,7248,0.01729807219817303,0.0004092704424510632,0.019163668,1.0004055500030518,0.2454833984375,-0.018986264243721962,1257.0,-2.9422963699999998
4,232960,1674,14,-43.8206102848053,0.3878459334373474,0.2,-0.022654917323961854,7264,0.007823432417353615,0.0004092704424510632,0.01791046,0.9993742108345032,0.209716796875,-0.02774125523865223,1257.0,-2.9414385499999995
4,233472,1683,15,-43.77896845340729,0.598142147064209,0.2,0.0009504925765213557,7280,0.9493727637454867,0.0004092704424510632,0.0032004288,0.9988222718238831,0.0054931640625,0.22527442872524261,1257.0,-2.9414385499999995
4,233984,1691,16,-43.78182792663574,-4.56967830657959,0.2,-0.02471186689217575,7296,0.05329330428503454,0.0004092704424510632,0.01628213,0.9995081424713135,0.207763671875,-0.016418330371379852,1257.0,-2.9393593399999993
5,234496,1698,17,-43.80640470981598,0.5195351243019104,0.2,-0.0005774671517428942,7312,1.8081084713339806,0.0004092704424510632,0.004157973,0.9998761415481567,0.0089111328125,0.2803354859352112,1257.0,-2.9393593399999993
5,235008,1704,18,-43.823856234550476,-0.5058145523071289,0.2,-0.024764961621258408,7328,0.04965800361242145,0.0004092704424510632,0.02008088,1.000970721244812,0.2547607421875,-0.005437355488538742,1257.0,-2.9393593399999993
5,235520,1709,19,-43.84351694583893,0.6854751110076904,0.2,-0.006260921123612206,7344,0.43677608110010624,0.0004092704424510632,0.010401656,1.0012644529342651,0.070068359375,0.11851802468299866,1257.0,-2.9399580999999997
5,236032,1712,20,-43.84923028945923,0.8936873078346252,0.2,-0.012386510890792124,7360,0.3449459515977651,0.0004092704424510632,0.015443273,1.0015418529510498,0.0523681640625,0.014889296144247055,1257.0,-2.9399580999999997
6,236544,1716,21,-43.850770354270935,-4.72887659072876,0.2,-0.021818086570419837,7376,0.08366177219431847,0.0004092704424510632,0.01980744,1.0015701055526733,0.2049560546875,-0.016695881262421608,1257.0,-2.940108199999999
6,237056,1719,22,-43.85026526451111,0.19391626119613647,0.2,-0.0006542441988131031,7392,1.8854997144080698,0.0004092704424510632,0.0034087342,1.0016252994537354,0.0052490234375,0.5187473297119141,1257.0,-2.940108199999999
6,237568,1721,23,-43.85241448879242,0.0441356897354126,0.2,-0.0366967209847644,7408,0.018363244307693094,0.0004092704424510632,0.025707483,1.0019394159317017,0.3433837890625,-0.03699273616075516,1257.0,-2.940108199999999
7,238080,1723,24,-43.85969960689545,0.576444149017334,0.2,-0.011271978568402119,7424,0.5761431166902184,0.0004092704424510632,0.017312322,1.0019981861114502,0.075439453125,0.10380615293979645,1257.0,-2.938260019999999
7,238592,1725,25,-43.85347497463226,0.7691186666488647,0.2,-0.018399496904748958,7440,0.2029378319857642,0.0004092704424510632,0.021766707,1.0017050504684448,0.2412109375,0.010847194120287895,1257.0,-2.938260019999999
7,239104,1727,26,-43.861273646354675,-1.5787873268127441,0.2,-0.026981752074789256,7456,0.06508998188655823,0.0004092704424510632,0.017511204,1.002640962600708,0.25244140625,-0.01825929433107376,1257.0,-2.9373137099999993
7,239616,1729,27,-43.88606405258179,0.34011465311050415,0.2,-0.009731554688187316,7472,1.7562094302847981,0.0004092704424510632,0.0068788966,1.0029268264770508,0.031005859375,0.1475117802619934,1257.0,-2.9373137099999993
8,240128,1731,28,-43.888474106788635,-0.9910160303115845,0.2,-0.026864242419833317,7488,0.02546026007621549,0.0004092704424510632,0.020275686,1.0031102895736694,0.273193359375,-0.04024519771337509,1257.0,-2.9360937000000003
8,240640,1734,29,-43.894760727882385,0.5238255858421326,0.2,0.00048293525469489396,7504,1.240690542384982,0.0004092704424510632,0.0025255973,1.0031681060791016,0.002685546875,0.19291730225086212,1257.0,-2.9360937000000003
8,241152,1735,30,-43.89465939998627,-0.1386955976486206,0.2,-0.020564044680213556,7520,0.022401402238756418,0.0004092704424510632,0.016996462,1.0024614334106445,0.223876953125,-0.0166192464530468,1257.0,-2.9360937000000003
9,241664,1738,31,-43.91176521778107,-0.19961082935333252,0.2,-0.031227344094077125,7536,0.005489457136718556,0.0004092704424510632,0.02015926,1.0047922134399414,0.27978515625,-0.04054906591773033,1257.0,-2.9369178999999996
9,242176,1740,32,-43.9621125459671,0.3618132472038269,0.2,0.0002525649397284724,7552,1.730045628733933,0.0004092704424510632,0.0028248667,1.0054075717926025,0.0037841796875,0.2204841822385788,1257.0,-2.9369178999999996
9,242688,1743,33,-43.97760558128357,-2.0979466438293457,0.2,-0.021896814316278324,7568,0.02288201841292903,0.0004092704424510632,0.024596594,1.006321668624878,0.23388671875,-0.024298012256622314,1257.0,-2.9391519400000004
9,243200,1745,34,-43.99882090091705,0.26325350999832153,0.2,-0.0009255001059500501,7584,2.4304644456133246,0.0004092704424510632,0.0067201657,1.006576657295227,0.0352783203125,0.4626025855541229,1257.0,-2.9391519400000004
10,243712,1748,35,-44.01334738731384,-0.08398962020874023,0.2,-0.029882935661589727,7600,0.023026362585369498,0.0004092704424510632,0.019875241,1.007964849472046,0.2490234375,-0.03354930132627487,1257.0,-2.9391519400000004
10,244224,1749,36,-44.06327438354492,0.0043732523918151855,0.2,-0.02463682895177044,7616,0.005334386551112402,0.0004092704424510632,0.018066578,1.0096575021743774,0.271728515625,-0.015312357805669308,1257.0,-2.94122765
10,244736,1750,37,-44.08744955062866,0.4003590941429138,0.2,-0.0031706927984487265,7632,1.5334776677191257,0.0004092704424510632,0.004774181,1.0098555088043213,0.006591796875,0.21935255825519562,1257.0,-2.94122765
11,245248,1752,38,-44.10275745391846,-4.001567840576172,0.2,-0.0269995721464511,7648,0.010370485135354102,0.0004092704424510632,0.022540744,1.0110236406326294,0.27197265625,-0.03209152817726135,1257.0,-2.9437852300000005
11,245760,1753,39,-44.12830305099487,0.1293202042579651,0.2,-0.0024586379004176706,7664,3.5656501622870564,0.0004092704424510632,0.004103194,1.0113346576690674,0.007080078125,0.29401230812072754,1257.0,-2.9437852300000005
11,246272,1754,40,-44.10978436470032,-0.1461169719696045,0.2,-0.026582303980831057,7680,0.02145586092956364,0.0004092704424510632,0.020555574,1.0095338821411133,0.257080078125,-0.026545800268650055,1257.0,-2.9437852300000005
11,246784,1755,41,-44.04037666320801,0.050201594829559326,0.2,-0.02621459955116734,7696,0.006374628457706422,0.0004092704424510632,0.01485011,1.0072697401046753,0.201171875,-0.040303751826286316,1257.0,-2.9463923600000004
12,247296,1756,42,-43.99585521221161,0.08677005767822266,0.2,-0.011563915977603756,7712,2.7834235271438956,0.0004092704424510632,0.006589841,1.0069174766540527,0.0250244140625,0.3808782696723938,1257.0,-2.9463923600000004
12,247808,1756,43,-43.98248767852783,-2.9458391666412354,0.2,-0.029339907341636717,7728,0.010850291073438711,0.0004092704424510632,0.022198547,1.0065932273864746,0.261962890625,-0.037053924053907394,1257.0,-2.945269100000001
12,248320,1757,44,-43.962990403175354,0.04356086254119873,0.2,-0.004703955535660498,7744,3.2099336944520473,0.0004092704424510632,0.0063249217,1.006375789642334,0.0223388671875,0.3905442953109741,1257.0,-2.945269100000001
13,248832,1757,45,-43.95279359817505,0.0023134350776672363,0.2,-0.029655065765837207,7760,0.016260853764833882,0.0004092704424510632,0.022308635,1.0056102275848389,0.2593994140625,-0.03901873528957367,1257.0,-2.945269100000001
13,249344,1757,46,-43.92055153846741,0.5984201431274414,0.2,-0.025739127420820296,7776,0.04996433714404702,0.0004092704424510632,0.016914383,1.0042999982833862,0.25830078125,-0.020819267258048058,1257.0,-2.9473322500000005
13,249856,1758,47,-43.88157761096954,0.7383182644844055,0.2,-0.01359905768185854,7792,0.5502589894458652,0.0004092704424510632,0.01769574,1.0035407543182373,0.0736083984375,0.021214637905359268,1257.0,-2.9473322500000005
13,250368,1758,48,-43.883304476737976,-4.929173946380615,0.2,-0.022036843627574854,7808,0.03357298340415582,0.0004092704424510632,0.018979052,1.0048764944076538,0.2347412109375,-0.024617720395326614,1257.0,-2.94885987
14,250880,1759,49,-43.923348784446716,0.1558549404144287,0.2,-0.003831120593531523,7824,2.0850950265303254,0.0004092704424510632,0.0054146545,1.005443811416626,0.0181884765625,0.3531860113143921,1257.0,-2.94885987
14,251392,1759,50,-43.927448868751526,-0.5091015100479126,0.2,-0.023225307908433024,7840,0.029990846174769104,0.0004092704424510632,0.020031136,1.0058906078338623,0.2342529296875,-0.01764131709933281,1257.0,-2.94885987
14,251904,1759,51,-43.94508635997772,0.7303429841995239,0.2,-0.005116588727105409,7856,1.097329966723919,0.0004092704424510632,0.0042115394,1.0063726902008057,0.0106201171875,0.2176247388124466,1257.0,-2.9494946300000002
15,252416,1760,52,-43.94361162185669,0.9586668610572815,0.2,-0.021399676974397153,7872,0.0776469623669982,0.0004092704424510632,0.026510987,1.0061986446380615,0.264892578125,-0.017357876524329185,1257.0,-2.9494946300000002
15,252928,1761,53,-43.9290087223053,-1.2009360790252686,0.2,-0.022516157274367288,7888,0.041783184628002346,0.0004092704424510632,0.017069617,1.0054948329925537,0.21923828125,-0.010949425399303436,1257.0,-2.9492561700000004
15,253440,1762,54,-43.90589511394501,0.37388044595718384,0.2,-0.0012232850021973718,7904,2.30680638179183,0.0004092704424510632,0.0029163535,1.005207896232605,0.0009765625,0.33843496441841125,1257.0,-2.9492561700000004
15,253952,1762,55,-43.92417073249817,-0.5258303880691528,0.2,-0.01927058066939935,7920,0.025707796798087656,0.0004092704424510632,0.018615749,1.0073565244674683,0.193359375,-0.023318281397223473,1257.0,-2.951997220000001
16,254464,1763,56,-43.983169198036194,0.5487218499183655,0.2,3.5942575777880847e-06,7936,1.5306480471044779,0.0004092704424510632,0.005111249,1.0081287622451782,0.0164794921875,0.25185877084732056,1257.0,-2.951997220000001
16,254976,1764,57,-43.97540462017059,-0.1862807273864746,0.2,-0.0241274711152073,7952,0.01980238573742099,0.0004092704424510632,0.015125729,1.0073883533477783,0.2198486328125,-0.02775295078754425,1257.0,-2.951997220000001
16,255488,1764,58,-43.986918210983276,-0.37277305126190186,0.2,-0.02909390570857795,7968,0.005752806340751704,0.0004092704424510632,0.018541146,1.0100139379501343,0.2611083984375,-0.03696393221616745,1257.0,-2.9552622900000007
17,256000,1765,59,-44.04744279384613,0.4139443635940552,0.2,-0.005610241809336003,7984,2.141735102981329,0.0004092704424510632,0.004769086,1.0109961032867432,0.013671875,0.24326376616954803,1257.0,-2.9552622900000007
17,256512,1766,60,-44.021873235702515,-2.0981521606445312,0.2,-0.03033169351692777,8000,0.01969948213081807,0.0004092704424510632,0.0210721,1.0076563358306885,0.2674560546875,-0.025128882378339767,1257.0,-2.9595776000000007
17,257024,1766,61,-43.933409214019775,0.4188759922981262,0.2,-0.002883485096390359,8016,2.237240694463253,0.0004092704424510632,0.0046473704,1.0063210725784302,0.010498046875,0.46179455518722534,1257.0,-2.9595776000000007
17,257536,1767,62,-43.92284917831421,0.024385690689086914,0.2,-0.028362213459331542,8032,0.026589294197037816,0.0004092704424510632,0.024837907,1.0066357851028442,0.2557373046875,-0.036445729434490204,1257.0,-2.9595776000000007
18,258048,1767,63,-43.93356668949127,-0.2803536653518677,0.2,-0.029275750945089385,8048,0.009957918242434971,0.0004092704424510632,0.0184928,1.007359504699707,0.2513427734375,-0.039403848350048065,1257.0,-2.9596141100000004
18,258560,1768,64,-43.92947447299957,0.45570480823516846,0.2,-0.0017186994591611437,8064,2.12064943742007,0.0004092704424510632,0.003456227,1.0073542594909668,0.002685546875,0.14250881969928741,1257.0,-2.9596141100000004
18,259072,1767,65,-43.9132000207901,-3.430123805999756,0.2,-0.020013330009533092,8080,0.0200375912245363,0.0004092704424510632,0.016503252,1.00580632686615,0.18017578125,-0.026500266045331955,1257.0,-2.960632370000001
19,259584,1767,66,-43.86466312408447,0.3310254216194153,0.2,-0.00676395307527855,8096,2.8599813990294933,0.0004092704424510632,0.0064280075,1.0051398277282715,0.0235595703125,0.20138496160507202,1257.0,-2.960632370000001
19,260096,1768,67,-43.86170494556427,-0.4233897924423218,0.2,-0.024057478294707835,8112,0.028703835094347596,0.0004092704424510632,0.01774313,1.0051034688949585,0.22314453125,-0.02268332801759243,1257.0,-2.960632370000001
19,260608,1768,68,-43.87133431434631,0.38113707304000854,0.2,-0.017891523297294043,8128,0.01616639640997164,0.0004092704424510632,0.015031492,1.0052480697631836,0.2022705078125,-0.022844266146421432,1257.0,-2.9639008500000004
19,261120,1768,69,-43.87053096294403,0.665615975856781,0.2,-0.007414496809360571,8144,1.4074214193969965,0.0004092704424510632,0.004892381,1.0054547786712646,0.010498046875,0.4980035424232483,1257.0,-2.9639008500000004
20,261632,1768,70,-43.87422001361847,-5.5319623947143555,0.2,-0.020640548682422377,8160,0.1307352997828275,0.0004092704424510632,0.027874574,1.005637526512146,0.20654296875,0.0016492381691932678,1257.0,-2.970009810000001
20,262144,1768,71,-43.8829026222229,0.19686460494995117,0.2,0.004509617618168704,8176,2.0725535238161683,0.0004092704424510632,0.005299299,1.0058619976043701,0.0374755859375,0.30659595131874084,1257.0,-2.970009810000001
20,262656,1768,72,-43.88848567008972,-0.2527902126312256,0.2,-0.03335455057094805,8192,0.044076485210098326,0.0004092704424510632,0.02033301,1.0058828592300415,0.263671875,-0.020821621641516685,1257.0,-2.970009810000001
21,263168,1768,73,-43.87759566307068,0.5988691449165344,0.2,-0.01245542308606673,8208,0.4982079854235053,0.0004092704424510632,0.013011025,1.005340337753296,0.095458984375,0.19103014469146729,1257.0,-2.9735732500000007
21,263680,1768,74,-43.86103045940399,0.9369350671768188,0.2,-0.012282103911275044,8224,0.3065975171048194,0.0004092704424510632,0.01799468,1.0048162937164307,0.1114501953125,0.04966134950518608,1257.0,-2.9735732500000007
21,264192,1768,75,-43.84102511405945,-7.717221260070801,0.2,-0.019908679169020616,8240,0.11546032491605729,0.0004092704424510632,0.020084005,1.0037481784820557,0.215576171875,0.00031952932476997375,1257.0,-2.974060160000001
21,264704,1769,76,-43.81166458129883,0.38332945108413696,0.2,-0.00546879023022484,8256,2.074599373154342,0.0004092704424510632,0.002952225,1.003333568572998,0.003173828125,0.3271171450614929,1257.0,-2.974060160000001
22,265216,1769,77,-43.79867994785309,-0.39445769786834717,0.2,-0.024326167229446582,8272,0.028181935020256788,0.0004092704424510632,0.017380161,1.0027471780776978,0.218994140625,-0.015933118760585785,1257.0,-2.974060160000001
22,265728,1770,78,-43.7875417470932,0.5831021070480347,0.2,-0.0052086064097238705,8288,1.4720691135153174,0.0004092704424510632,0.010506796,1.0027271509170532,0.02197265625,0.24415352940559387,1257.0,-2.9760965699999997
22,266240,1770,79,-43.78058874607086,0.9869674444198608,0.2,-0.024928422179073095,8304,0.045664347417186946,0.0004092704424510632,0.015513276,1.0017026662826538,0.2218017578125,-0.017523229122161865,1257.0,-2.9760965699999997
23,266752,1771,80,-43.74621653556824,-3.329765796661377,0.2,-0.02291857729142066,8320,0.035121889726724476,0.0004092704424510632,0.017537558,1.0003434419631958,0.2149658203125,-0.02393476851284504,1257.0,-2.98091952
23,267264,1771,81,-43.71722877025604,0.31525862216949463,0.2,-0.0018209022309747525,8336,3.349660152569413,0.0004092704424510632,0.0035711555,0.9999399781227112,0.013427734375,0.6315172910690308,1257.0,-2.98091952
23,267776,1771,82,-43.724583983421326,-0.07812535762786865,0.2,-0.023461714008590207,8352,0.012322435213718563,0.0004092704424510632,0.023834214,1.0002926588058472,0.2615966796875,-0.03594790771603584,1257.0,-2.9833100900000007
23,268288,1772,83,-43.72546970844269,0.5441458225250244,0.2,-0.0018787096196319908,8368,2.4088527392596006,0.0004092704424510632,0.0034046625,1.0001460313796997,0.0052490234375,0.4426767826080322,1257.0,-2.9833100900000007
24,268800,1772,84,-43.72586476802826,-0.601094126701355,0.2,-0.031847452715737745,8384,0.01516590395476669,0.0004092704424510632,0.023834158,1.0004326105117798,0.2735595703125,-0.03177270293235779,1257.0,-2.9833100900000007
24,269312,1773,85,-43.7340589761734,-0.5096428394317627,0.2,-0.03049259920953773,8400,0.005483368207933381,0.0004092704424510632,0.019421034,1.0010279417037964,0.2569580078125,-0.042028479278087616,1257.0,-2.9821288200000002
24,269824,1774,86,-43.749471783638,0.3946303725242615,0.2,-0.0038101481331977993,8416,1.7215434508398175,0.0004092704424510632,0.005352932,1.001118779182434,0.0096435546875,0.1374295949935913,1257.0,-2.9821288200000002
25,270336,1774,87,-43.73945450782776,-2.440690040588379,0.2,-0.025357845413964242,8432,0.005265241205052007,0.0004092704424510632,0.01951443,1.0001577138900757,0.252685546875,-0.03320248797535896,1257.0,-2.984313030000001
25,270848,1774,88,-43.71009659767151,0.0940178632736206,0.2,-0.00047920565702952445,8448,3.4181617284193635,0.0004092704424510632,0.0041587735,0.9997393488883972,0.011474609375,0.1843421459197998,1257.0,-2.984313030000001
25,271360,1774,89,-43.69006645679474,-0.09294486045837402,0.2,-0.02094512534677051,8464,0.019964625564171,0.0004092704424510632,0.014456509,0.9986191391944885,0.191650390625,-0.025675637647509575,1257.0,-2.984313030000001
25,271872,1775,90,-43.67669880390167,0.07303601503372192,0.2,-0.02592883977922611,8480,0.011006502201780677,0.0004092704424510632,0.019533522,0.999301552772522,0.242919921875,-0.02953508496284485,1257.0,-2.9845877500000006
26,272384,1775,91,-43.6974778175354,0.5541969537734985,0.2,-0.0038303469627862796,8496,2.1987844621762633,0.0004092704424510632,0.0039634276,0.9996631741523743,0.0096435546875,0.4968578517436981,1257.0,-2.9845877500000006
26,272896,1775,92,-43.69716119766235,-3.659384250640869,0.2,-0.02467413707927335,8512,0.05149493250064552,0.0004092704424510632,0.02761868,0.9991872310638428,0.2645263671875,-0.017295174300670624,1257.0,-2.9858585800000004
26,273408,1775,93,-43.6865234375,0.6657593846321106,0.2,-0.0013720675196964294,8528,2.255564701743424,0.0004092704424510632,0.00499358,0.9989485740661621,0.0146484375,0.2599950432777405,1257.0,-2.9858585800000004
27,273920,1775,94,-43.659457206726074,-0.4370163679122925,0.2,-0.02343105887848651,8544,0.04375711141619831,0.0004092704424510632,0.019671442,0.9972509145736694,0.2261962890625,-0.014939358457922935,1257.0,-2.9858585800000004
27,274432,1776,95,-43.592817306518555,0.5030499696731567,0.2,-0.02013040444580838,8560,0.0942192473448813,0.0004092704424510632,0.01453189,0.9952267408370972,0.1937255859375,0.02746385708451271,1257.0,-2.9901246199999996
27,274944,1775,96,-43.541104197502136,0.7981535196304321,0.2,-0.005418773180281278,8576,0.8441750574856997,0.0004092704424510632,0.0071484167,0.9945322275161743,0.0155029296875,0.29614943265914917,1257.0,-2.9901246199999996
27,275456,1775,97,-43.53632438182831,-5.9521660804748535,0.2,-0.021759011171525344,8592,0.10884196090046316,0.0004092704424510632,0.024347998,0.9949653744697571,0.2197265625,-0.017424821853637695,1257.0,-2.99269512
28,275968,1775,98,-43.555522441864014,0.18888866901397705,0.2,-0.008739059005165473,8608,2.769703071564436,0.0004092704424510632,0.007439509,0.99540776014328,0.034912109375,0.219430610537529,1257.0,-2.99269512
28,276480,1776,99,-43.58838081359863,-0.43016278743743896,0.2,-0.028090422973036766,8624,0.018485520937247202,0.0004092704424510632,0.016846046,0.9980013966560364,0.25048828125,-0.028639161959290504,1257.0,-2.99269512
28,276992,1776,100,-43.661094069480896,0.46986740827560425,0.2,-0.030999334645457566,8640,0.016587449179496616,0.0004092704424510632,0.017448096,0.9990024566650391,0.2623291015625,-0.03270971402525902,1257.0,-2.9944528599999995
29,277504,1776,101,-43.671822905540466,0.5810423493385315,0.2,-0.005865025465027429,8656,1.0109633523970842,0.0004092704424510632,0.0048948936,0.9989628791809082,0.0062255859375,0.14837652444839478,1257.0,-2.9944528599999995
29,278016,1777,102,-43.65771818161011,-4.803297519683838,0.2,-0.022869399064802565,8672,0.024473653611494228,0.0004092704424510632,0.020921163,0.9981045126914978,0.224853515625,-0.021966509521007538,1257.0,-2.993709870000001
29,278528,1777,103,-43.633123993873596,0.14163291454315186,0.2,-0.005608194784144871,8688,4.219109047204256,0.0004092704424510632,0.0042185057,0.997880756855011,0.0103759765625,0.29582417011260986,1257.0,-2.993709870000001
29,279040,1777,104,-43.628937005996704,-0.014896988868713379,0.2,-0.022890255437232554,8704,0.02021299459738657,0.0004092704424510632,0.015716156,0.998019814491272,0.2388916015625,-0.0231523048132658,1257.0,-2.993709870000001
30,279552,1778,105,-43.61955237388611,0.381597101688385,0.2,-0.02326875662947714,8720,0.0424052543239668,0.0004092704424510632,0.016865613,0.997493326663971,0.2200927734375,-0.009667260572314262,1257.0,-2.99446099
30,280064,1778,106,-43.604493141174316,0.15933072566986084,0.2,-0.012623961607459933,8736,0.6529913892736658,0.0004092704424510632,0.016388722,0.9972039461135864,0.0777587890625,0.01167985424399376,1257.0,-2.99446099
30,280576,1778,107,-43.60990619659424,-1.3824141025543213,0.2,-0.021416300995042548,8752,0.01312992861494422,0.0004092704424510632,0.016782437,0.9983331561088562,0.2001953125,-0.024496570229530334,1257.0,-2.9941821099999992
31,281088,1779,108,-43.63477647304535,0.16270661354064941,0.2,0.004153102570853662,8768,2.363390602171421,0.0004092704424510632,0.002090097,0.9986889958381653,0.0,0.255073219537735,1257.0,-2.9941821099999992
31,281600,1779,109,-43.64187705516815,-0.5432360172271729,0.2,-0.02367720643087523,8784,0.013939333410235122,0.0004092704424510632,0.017552858,0.9992448687553406,0.232666015625,-0.03481903672218323,1257.0,-2.99564778
31,282112,1779,110,-43.668160915374756,0.552686333656311,0.2,-0.008569791621994227,8800,2.1051373723894358,0.0004092704424510632,0.006934096,0.9995115399360657,0.02685546875,0.36865532398223877,1257.0,-2.99564778
31,282624,1779,111,-43.677345633506775,-0.490254282951355,0.2,-0.025703515333589166,8816,0.01543034947826527,0.0004092704424510632,0.01705228,1.0004019737243652,0.214111328125,-0.02927200123667717,1257.0,-2.99564778
32,283136,1779,112,-43.6906772851944,-0.045655131340026855,0.2,-0.03051388234598562,8832,0.008026201205211692,0.0004092704424510632,0.01887136,1.0002696514129639,0.25341796875,-0.04404115304350853,1257.0,-2.9964560899999992
32,283648,1779,113,-43.67189943790436,0.44256871938705444,0.2,-0.0027020486086257733,8848,2.1997356731444597,0.0004092704424510632,0.0035433294,0.9999181628227234,0.004638671875,0.21346265077590942,1257.0,-2.9964560899999992
32,284160,1779,114,-43.66154766082764,-4.639246940612793,0.2,-0.024188440482248552,8864,0.017851377619081177,0.0004092704424510632,0.018003043,0.9990354776382446,0.2100830078125,-0.02927117981016636,1257.0,-2.99619936
33,284672,1779,115,-43.640095710754395,0.294231653213501,0.2,-0.005515175485925283,8880,3.1836731182411313,0.0004092704424510632,0.005854757,0.9987440705299377,0.0255126953125,0.7113872766494751,1257.0,-2.99619936
33,285184,1779,116,-43.660921931266785,0.09879916906356812,0.2,-0.024312005494721234,8896,0.015512560465140268,0.0004092704424510632,0.019361522,1.0003174543380737,0.2510986328125,-0.02991349808871746,1257.0,-2.99619936
33,285696,1779,117,-43.6752393245697,0.05677354335784912,0.2,-0.021323870445485227,8912,0.021206931327469647,0.0004092704424510632,0.01702474,0.9992474317550659,0.2301025390625,-0.023300543427467346,1257.0,-2.9972917999999997
33,286208,1779,118,-43.640661120414734,0.6378036141395569,0.2,-0.0032262025779346004,8928,1.44543616194278,0.0004092704424510632,0.0031190377,0.9987465739250183,0.0025634765625,0.6970643997192383,1257.0,-2.9972917999999997
34,286720,1778,119,-43.64142978191376,-3.311516761779785,0.2,-0.023256521482835524,8944,0.0696370592340827,0.0004092704424510632,0.021766197,0.9990617036819458,0.218505859375,-0.0007564965635538101,1257.0,-3.00007028
34,287232,1778,120,-43.650001764297485,0.7713062763214111,0.2,-0.002040902341832407,8960,1.9858885444700718,0.0004092704424510632,0.0054915566,0.999118447303772,0.0269775390625,0.3319495618343353,1257.0,-3.00007028
34,287744,1777,121,-43.64745795726776,-1.0093085765838623,0.2,-0.021400309895398095,8976,0.09179537696763873,0.0004092704424510632,0.023224752,0.9988544583320618,0.2239990234375,-0.0059482865035533905,1257.0,-3.00007028
35,288256,1777,122,-43.63828790187836,0.4046323299407959,0.2,-0.02979502046946436,8992,0.08456008229404688,0.0004092704424510632,0.022296783,0.9982714653015137,0.2796630859375,-0.007198326289653778,1257.0,-2.99904343
35,288768,1778,123,-43.62256562709808,0.7992472052574158,0.2,-0.0002810495425364934,9008,0.9043496297672391,0.0004092704424510632,0.0055053,0.9980566501617432,0.01708984375,0.1667603850364685,1257.0,-2.99904343
35,289280,1778,124,-43.63833463191986,-5.855628490447998,0.2,-0.018086271709762514,9024,0.11069561005569994,0.0004092704424510632,0.018898066,1.0000643730163574,0.184814453125,-0.009327707812190056,1257.0,-2.99969404
35,289792,1778,125,-43.70225477218628,0.42057228088378906,0.2,-0.0046785614467808045,9040,2.3168609980493784,0.0004092704424510632,0.004708211,1.0010368824005127,0.0147705078125,0.44348785281181335,1257.0,-2.99969404
36,290304,1778,126,-43.69840049743652,-0.514680027961731,0.2,-0.02059999664197676,9056,0.03468477044953033,0.0004092704424510632,0.016220864,1.0000954866409302,0.1923828125,-0.011474903672933578,1257.0,-2.99969404
36,290816,1778,127,-43.668129324913025,0.6576632261276245,0.2,-0.019707905157702044,9072,0.2633589166216552,0.0004092704424510632,0.018030811,0.9999455809593201,0.140869140625,0.10826973617076874,1257.0,-3.0015897799999998
36,291328,1778,128,-43.67195415496826,0.9147995710372925,0.2,-0.008979454258223996,9088,0.6246765437535942,0.0004092704424510632,0.007062846,1.0003925561904907,0.014892578125,0.22465956211090088,1257.0,-3.0015897799999998
37,291840,1779,129,-43.6840295791626,-4.724509239196777,0.2,-0.011007786248228513,9104,0.578795631416142,0.0004092704424510632,0.02305019,1.000612497329712,0.0904541015625,0.1179940402507782,1257.0,-3.00098991
37,292352,1779,130,-43.684250712394714,0.8078604936599731,0.2,-0.004462626980966888,9120,1.5403060130774975,0.0004092704424510632,0.005799492,1.0005048513412476,0.0203857421875,0.45423629879951477,1257.0,-3.00098991
37,292864,1779,131,-43.68062114715576,-0.3009599447250366,0.2,-0.024719850887777284,9136,0.1452592050191015,0.0004092704424510632,0.01803143,1.0005717277526855,0.278564453125,0.03852882981300354,1257.0,-3.00098991
37,293376,1779,132,-43.67707908153534,0.8227932453155518,0.2,-0.0100342840742087,9152,1.7511105313897133,0.0004092704424510632,0.007689976,1.0004867315292358,0.0201416015625,0.5912805199623108,1257.0,-3.0005598599999996
38,293888,1780,133,-43.68612229824066,0.9859146475791931,0.2,-0.02741810871521011,9168,0.05195419816300273,0.0004092704424510632,0.019015431,1.0014456510543823,0.2362060546875,-0.012451354414224625,1257.0,-3.0005598599999996
38,294400,1780,134,-43.724732518196106,-3.0153684616088867,0.2,-0.02561201159551274,9184,0.02161406702362001,0.0004092704424510632,0.0140550975,1.0027002096176147,0.2086181640625,-0.0327845923602581,1257.0,-3.00291885
38,294912,1780,135,-43.74659037590027,0.23744577169418335,0.2,-0.003309491807158338,9200,2.796996925957501,0.0004092704424510632,0.003740962,1.0029716491699219,0.0025634765625,0.7629968523979187,1257.0,-3.00291885
39,295424,1781,136,-43.756537318229675,-0.017383098602294922,0.2,-0.022787310372223146,9216,0.010403459207736887,0.0004092704424510632,0.020307895,1.0033574104309082,0.2415771484375,-0.025801248848438263,1257.0,-3.00208812
39,295936,1781,137,-43.76834499835968,0.5264188051223755,0.2,-0.005731246885261498,9232,2.0621935315430164,0.0004092704424510632,0.004455885,1.003487229347229,0.0103759765625,0.19924861192703247,1257.0,-3.00208812
39,296448,1781,138,-43.79269099235535,-0.09621214866638184,0.2,-0.03504257959139068,9248,0.016840992058860138,0.0004092704424510632,0.023384001,1.0050667524337769,0.302734375,-0.030929088592529297,1257.0,-3.00208812
39,296960,1782,139,-43.841896057128906,0.0037003755569458008,0.2,-0.02276899918797426,9264,0.005892295142984949,0.0004092704424510632,0.015985653,1.0060817003250122,0.2159423828125,-0.025844408199191093,1257.0,-2.99901541
40,297472,1782,140,-43.8528368473053,0.3911498188972473,0.2,0.0035318600785103627,9280,2.074671633541584,0.0004092704424510632,0.0020706067,1.0063241720199585,0.0,0.2247987538576126,1257.0,-2.99901541
40,297984,1782,141,-43.8806449174881,-3.2611541748046875,0.2,-0.02943872578907758,9296,0.01237324156682007,0.0004092704424510632,0.021119185,1.0086255073547363,0.24072265625,-0.034032583236694336,1257.0,-2.9953821900000004
40,298496,1782,142,-43.94504153728485,0.3693118095397949,0.2,-0.00839830496988725,9312,1.9627324678003788,0.0004092704424510632,0.005556482,1.0093647241592407,0.025390625,0.1968134492635727,1257.0,-2.9953821900000004
41,299008,1782,143,-43.94416606426239,-0.12399113178253174,0.2,-0.021599111234536394,9328,0.023424197977874428,0.0004092704424510632,0.018748604,1.0083439350128174,0.2303466796875,-0.021932478994131088,1257.0,-2.9953821900000004
41,299520,1783,144,-43.912200689315796,-0.01644599437713623,0.2,-0.02752174876513891,9344,0.012980524566955864,0.0004092704424510632,0.018098861,1.0078225135803223,0.2489013671875,-0.02924426645040512,1257.0,-2.9912841300000004
41,300032,1783,145,-43.900747299194336,0.5657714605331421,0.2,-1.4333432773128152e-05,9360,1.3635147558525205,0.0004092704424510632,0.0038500824,1.0079602003097534,0.0072021484375,0.30084171891212463,1257.0,-2.9912841300000004
41,300544,1783,146,-43.89101707935333,-3.7324013710021973,0.2,-0.0236683483235538,9376,0.011497300220071338,0.0004092704424510632,0.017051244,1.0072088241577148,0.2301025390625,-0.02386932075023651,1257.0,-2.98887272
42,301056,1783,147,-43.862181663513184,0.12598466873168945,0.2,-0.003103936425759457,9392,3.8104975195601583,0.0004092704424510632,0.0038860873,1.0068278312683105,0.0052490234375,0.2212120145559311,1257.0,-2.98887272
