time/time_elapsed,time/iterations,time/total_timesteps,time/fps,train/policy_gradient_loss,train/clip_range,train/n_updates,train/std,train/loss,train/learning_rate,train/value_loss,train/approx_kl,train/explained_variance,train/entropy_loss,train/clip_fraction,rollout/ep_rew_mean,rollout/ep_len_mean
0,1,512,3666,,,,,,,,,,,,,
0,2,1024,1858,-0.032410973552032374,0.2,16,1.000614881515503,-0.038377031683921814,0.0004092704424510632,0.10356904941727407,0.020190598,-0.09228968620300293,-43.996752977371216,0.2635498046875,,
0,3,1536,1624,-0.02927058661589399,0.2,32,0.9992938041687012,-0.03762643411755562,0.0004092704424510632,0.0043538053942029364,0.019865729,-0.03618454933166504,-43.98658108711243,0.2708740234375,-2.505504,1257.0
1,4,2048,1519,-0.020622729934984818,0.2,48,0.9989593029022217,-0.029275527223944664,0.0004092704424510632,0.010749111912446097,0.020006068,-0.0038410425186157227,-43.95290195941925,0.269287109375,-2.505504,1257.0
1,5,2560,1457,-0.02821721584768966,0.2,64,0.9993765354156494,-0.03504147380590439,0.0004092704424510632,0.004493487263971474,0.017016996,0.0029514431953430176,-43.95973205566406,0.2789306640625,-2.6222205,1257.0
2,6,3072,1418,-0.02556108171120286,0.2,80,0.9987568855285645,-0.028604019433259964,0.0004092704424510632,0.01172126387245953,0.019325292,0.0021550655364990234,-43.95742189884186,0.298583984375,-2.6222205,1257.0
2,7,3584,1396,-0.029012126004090533,0.2,96,0.9994246363639832,-0.032716743648052216,0.0004092704424510632,0.0021099171026435215,0.015974004,0.06360530853271484,-43.95368432998657,0.267822265625,-2.6222205,1257.0
2,8,4096,1380,-0.025971945287892595,0.2,112,0.9988163113594055,-0.041127514094114304,0.0004092704424510632,0.004002276124083437,0.015583359,-0.009986519813537598,-43.95817232131958,0.2696533203125,-2.599971666666667,1257.0
3,9,4608,1368,-0.029937166400486603,0.2,128,0.9980114102363586,-0.023455899208784103,0.0004092704424510632,0.02443191414931789,0.019340452,-0.0017664432525634766,-43.93378293514252,0.2998046875,-2.599971666666667,1257.0
3,10,5120,1358,-0.031347091804491356,0.2,144,0.9983155131340027,-0.04583514854311943,0.0004092704424510632,0.004363523730717134,0.018256653,-0.0047550201416015625,-43.9242799282074,0.296630859375,-2.6131847500000003,1257.0
4,11,5632,1347,-0.023838140346924774,0.2,160,0.9971200823783875,-0.016738031059503555,0.0004092704424510632,0.03476143890293315,0.017153567,0.004651546478271484,-43.914963483810425,0.238037109375,-2.6131847500000003,1257.0
4,12,6144,1340,-0.01950910870800726,0.2,176,0.9971773624420166,-0.022910447791218758,0.0004092704424510632,0.003067797631956637,0.012637841,-0.07076132297515869,-43.890931606292725,0.188232421875,-2.6131847500000003,1257.0
4,13,6656,1335,-0.02817722973850323,0.2,192,0.999062716960907,-0.04764503985643387,0.0004092704424510632,0.002824522802256979,0.01703511,0.003515958786010742,-43.91429662704468,0.2880859375,-2.6279466000000005,1257.0
5,14,7168,1331,-0.02581128795281984,0.2,208,0.9980679750442505,-0.012330131605267525,0.0004092704424510632,0.04538144706748426,0.014886996,0.0023105740547180176,-43.943689823150635,0.23095703125,-2.6279466000000005,1257.0
5,15,7680,1328,-0.024036965070990846,0.2,224,0.9992789626121521,-0.030509553849697113,0.0004092704424510632,0.003711016812303569,0.017544342,-0.03477787971496582,-43.923646211624146,0.25,-2.6322250000000005,1257.0
6,16,8192,1323,-0.0231841113709379,0.2,240,1.000756859779358,-0.009792458266019821,0.0004092704424510632,0.05430358974263072,0.01565351,0.005968928337097168,-43.980242133140564,0.2340087890625,-2.6322250000000005,1257.0
6,17,8704,1320,-0.030652387184090912,0.2,256,0.9990810751914978,-0.043391380459070206,0.0004092704424510632,0.003296833368949592,0.01858691,-0.09393799304962158,-43.9837110042572,0.266357421875,-2.6322250000000005,1257.0
6,18,9216,1317,-0.023473453329643235,0.2,272,0.9978224039077759,-0.03198191151022911,0.0004092704424510632,0.002508089346520137,0.015052163,-0.04013931751251221,-43.91532099246979,0.2215576171875,-2.62726,1257.0
7,19,9728,1315,-0.02774676666012965,0.2,288,0.9968687891960144,-0.0031531788408756256,0.0004092704424510632,0.06871635129209608,0.024209533,0.014818012714385986,-43.89187932014465,0.302490234375,-2.62726,1257.0
7,20,10240,1311,-0.018317621375899762,0.2,304,0.9970613718032837,-0.030417006462812424,0.0004092704424510632,0.005075860921351705,0.012876866,-0.10042333602905273,-43.874306201934814,0.1849365234375,-2.6240901249999995,1257.0
8,21,10752,1310,-0.030590438094804995,0.2,320,0.9971771240234375,-0.014787290245294571,0.0004092704424510632,0.07393299567047507,0.019347075,0.012986242771148682,-43.884437561035156,0.2569580078125,-2.6240901249999995,1257.0
8,22,11264,1308,-0.021339481478207745,0.2,336,0.9956104159355164,-0.03316117823123932,0.0004092704424510632,0.004422828387760092,0.015253104,-1.4921002388000488,-43.8615984916687,0.22021484375,-2.6240901249999995,1257.0
9,23,11776,1307,-0.023553352220915258,0.2,352,0.9922850728034973,-0.0321076437830925,0.0004092704424510632,0.00310677477682475,0.012763271,0.09289020299911499,-43.78525125980377,0.2078857421875,-2.6161137777777776,1257.0
9,24,12288,1305,-0.02355690934928134,0.2,368,0.9905316233634949,-0.0013859309256076813,0.0004092704424510632,0.07905042869970202,0.025195202,0.11758220195770264,-43.69831895828247,0.291015625,-2.6161137777777776,1257.0
9,25,12800,1304,-0.0274223621818237,0.2,384,0.9909824132919312,-0.044655028730630875,0.0004092704424510632,0.004319971198128769,0.015822224,-1.800779104232788,-43.6713889837265,0.2569580078125,-2.5889321,1257.0
10,26,13312,1303,-0.03087300044717267,0.2,400,0.9916033744812012,-0.0014243647456169128,0.0004092704424510632,0.07242404494900256,0.026078448,0.039601266384124756,-43.69340205192566,0.302734375,-2.5889321,1257.0
10,27,13824,1302,-0.029550202500104206,0.2,416,0.9927926659584045,-0.03084840625524521,0.0004092704424510632,0.008121526770992205,0.019163296,-0.6252865791320801,-43.71637523174286,0.2529296875,-2.5889321,1257.0
11,28,14336,1301,-0.02424592393799685,0.2,432,0.9921640157699585,-0.036635544151067734,0.0004092704424510632,0.0020105222865822725,0.013788847,0.07286137342453003,-43.738423585891724,0.208740234375,-2.5787870909090906,1257.0
11,29,14848,1299,-0.020948170436895452,0.2,448,0.9907370805740356,-0.019292324781417847,0.0004092704424510632,0.02044642141845543,0.022987708,0.013158738613128662,-43.6933034658432,0.252685546875,-2.5787870909090906,1257.0
11,30,15360,1298,-0.02367354695161339,0.2,464,0.9912757277488708,-0.030121125280857086,0.0004092704424510632,0.003509616792143788,0.01706139,-0.45797204971313477,-43.67475140094757,0.217041015625,-2.57940975,1257.0
12,31,15872,1297,-0.029029547804384492,0.2,480,0.990685224533081,-0.0018957257270812988,0.0004092704424510632,0.10015094885602593,0.03274045,0.04883229732513428,-43.67991042137146,0.2764892578125,-2.57940975,1257.0
12,32,16384,1297,-0.02525198893272318,0.2,496,0.9906731247901917,-0.027200773358345032,0.0004092704424510632,0.008515761568560265,0.018041799,-0.9062306880950928,-43.66327154636383,0.2265625,-2.5788783076923076,1257.0
13,33,16896,1296,-0.023009949800325558,0.2,512,0.9914861917495728,0.022980768233537674,0.0004092704424510632,0.14124199538491666,0.0206841,0.007786452770233154,-43.67229425907135,0.23291015625,-2.5788783076923076,1257.0
13,34,17408,1295,-0.02592081276816316,0.2,528,0.9939935207366943,-0.02876320481300354,0.0004092704424510632,0.002980214594572317,0.018833328,-1.8187406063079834,-43.71571600437164,0.22705078125,-2.5788783076923076,1257.0
13,35,17920,1293,-0.024937644811870996,0.2,544,0.9947018027305603,-0.029004599899053574,0.0004092704424510632,0.004253723585861735,0.018912539,0.007800281047821045,-43.77748262882233,0.237060546875,-2.5839022142857146,1257.0
14,36,18432,1292,-0.030047869688132778,0.2,560,0.9942141175270081,0.0070412419736385345,0.0004092704424510632,0.1210893711540848,0.024842361,0.02029484510421753,-43.77331614494324,0.2718505859375,-2.5839022142857146,1257.0
14,37,18944,1291,-0.02249310360639356,0.2,576,0.9934414029121399,-0.03725026175379753,0.0004092704424510632,0.004922325366351288,0.015143316,-2.3354926109313965,-43.75515973567963,0.2032470703125,-2.5860332000000006,1257.0
15,38,19456,1290,-0.027271488841506653,0.2,592,0.9927272796630859,0.02803334966301918,0.0004092704424510632,0.17209784453734756,0.01697488,0.0045095086097717285,-43.72635567188263,0.241943359375,-2.5860332000000006,1257.0
15,39,19968,1288,-0.023698236414929852,0.2,608,0.9930283427238464,-0.04100896045565605,0.0004092704424510632,0.007397798402962508,0.015102448,-3.5786423683166504,-43.71962296962738,0.2298583984375,-2.5860332000000006,1257.0
15,40,20480,1288,-0.020895012276014313,0.2,624,0.9921713471412659,-0.02293071150779724,0.0004092704424510632,0.0027043290829169564,0.018748663,-0.0737760066986084,-43.70917272567749,0.2071533203125,-2.5861501875000004,1257.0
16,41,20992,1287,-0.030479235705570318,0.2,640,0.991851806640625,0.004594225436449051,0.0004092704424510632,0.14869065629318357,0.026655851,0.008091747760772705,-43.69375705718994,0.254150390625,-2.5861501875000004,1257.0
16,42,21504,1287,-0.024879395845346153,0.2,656,0.9896503686904907,-0.03297993540763855,0.0004092704424510632,0.006486712765763514,0.013693441,-3.8491830825805664,-43.65536642074585,0.1822509765625,-2.574299529411765,1257.0
17,43,22016,1287,-0.030242223452660255,0.2,672,0.9880011081695557,0.006295014172792435,0.0004092704424510632,0.13657113281078637,0.03014816,0.018283545970916748,-43.587526679039,0.29296875,-2.574299529411765,1257.0
17,44,22528,1286,-0.02597204191260971,0.2,688,0.9882614612579346,-0.03812823072075844,0.0004092704424510632,0.0041916397894965485,0.022914749,-2.4490442276000977,-43.56443655490875,0.2471923828125,-2.574299529411765,1257.0
17,45,23040,1285,-0.025564529380062595,0.2,704,0.9879434704780579,-0.04367475211620331,0.0004092704424510632,0.0027026018760807347,0.017623458,0.0011674165725708008,-43.56358289718628,0.2435302734375,-2.570018,1257.0
18,46,23552,1285,-0.026275581563822925,0.2,720,0.9884472489356995,0.010299932211637497,0.0004092704424510632,0.13636601972393692,0.0222511,0.012379467487335205,-43.563663721084595,0.277099609375,-2.570018,1257.0
18,47,24064,1284,-0.019808073120657355,0.2,736,0.9882010221481323,-0.028111305087804794,0.0004092704424510632,0.012842737836763263,0.015980396,-2.43261456489563,-43.569488644599915,0.1829833984375,-2.569275105263158,1257.0
19,48,24576,1284,-0.025636448539444245,0.2,752,0.9873409271240234,0.0030740387737751007,0.0004092704424510632,0.13654641318134964,0.023391895,0.012492895126342773,-43.54986774921417,0.2449951171875,-2.569275105263158,1257.0
19,49,25088,1284,-0.025392126153747085,0.2,768,0.9861685037612915,-0.034916553646326065,0.0004092704424510632,0.007660003408091143,0.013727948,-6.864645004272461,-43.51680517196655,0.207763671875,-2.569275105263158,1257.0
19,50,25600,1283,-0.030373679503099993,0.2,784,0.9866927266120911,-0.045050568878650665,0.0004092704424510632,0.0023132839378376957,0.013624584,0.012229204177856445,-43.498780488967896,0.2197265625,-2.56786085,1257.0
20,51,26112,1283,-0.023759257601341233,0.2,800,0.9869948625564575,0.029972752556204796,0.0004092704424510632,0.17228514910675585,0.020582553,0.005015552043914795,-43.52523112297058,0.2398681640625,-2.56786085,1257.0
20,52,26624,1283,-0.022195871715666726,0.2,816,0.9858219027519226,-0.03125154599547386,0.0004092704424510632,0.01677458322228631,0.014829563,-4.741283893585205,-43.51153290271759,0.15966796875,-2.560850285714286,1257.0
21,53,27136,1283,-0.029350406664889306,0.2,832,0.9842061400413513,0.008026905357837677,0.0004092704424510632,0.16337045305408537,0.026456194,0.0071566104888916016,-43.46712803840637,0.2724609375,-2.560850285714286,1257.0
21,54,27648,1282,-0.030380949829122983,0.2,848,0.9861722588539124,-0.034695275127887726,0.0004092704424510632,0.012441067236068193,0.021992307,-7.8156280517578125,-43.456907868385315,0.2520751953125,-2.560850285714286,1257.0
21,55,28160,1282,-0.023966375360032544,0.2,864,0.9872159361839294,-0.03265140578150749,0.0004092704424510632,0.0019703746584127657,0.019828577,0.045554161071777344,-43.52811324596405,0.2369384765625,-2.557578545454546,1257.0
22,56,28672,1282,-0.019667231710627675,0.2,880,0.9862426519393921,-0.0019535385072231293,0.0004092704424510632,0.057603695953730494,0.023744311,0.004098296165466309,-43.51877474784851,0.2906494140625,-2.557578545454546,1257.0
22,57,29184,1282,-0.026530425857345108,0.2,896,0.9880087971687317,-0.03597714751958847,0.0004092704424510632,0.005781292071333155,0.020711724,0.0024944543838500977,-43.51500916481018,0.23291015625,-2.560830782608696,1257.0
23,58,29696,1282,-0.02049632038688287,0.2,912,0.9868583083152771,0.015324153006076813,0.0004092704424510632,0.14007165818475187,0.018315544,0.10771149396896362,-43.543684124946594,0.1829833984375,-2.560830782608696,1257.0
23,59,30208,1282,-0.023546589822217356,0.2,928,0.9851384162902832,-0.031930603086948395,0.0004092704424510632,0.007286516767635476,0.01781966,-6.657878875732422,-43.48706352710724,0.211669921875,-2.560827833333333,1257.0
23,60,30720,1281,-0.023000667337328196,0.2,944,0.9840875267982483,0.004683010280132294,0.0004092704424510632,0.15293835359625518,0.02052028,0.020502686500549316,-43.43816637992859,0.214111328125,-2.560827833333333,1257.0
24,61,31232,1281,-0.023976923286681995,0.2,960,0.9848069548606873,-0.043697431683540344,0.0004092704424510632,0.004982388381904457,0.021139354,-6.276421546936035,-43.43186128139496,0.2174072265625,-2.560827833333333,1257.0
24,62,31744,1281,-0.025701562510221265,0.2,976,0.9843189120292664,-0.04210798814892769,0.0004092704424510632,0.004052715550642461,0.0167091,0.0013164281845092773,-43.44689857959747,0.2110595703125,-2.55334192,1257.0
25,63,32256,1281,-0.022828529763501137,0.2,992,0.9827931523323059,0.04493449628353119,0.0004092704424510632,0.26650534803047776,0.025894284,0.003532111644744873,-43.41368532180786,0.240478515625,-2.55334192,1257.0
25,64,32768,1280,-0.02573655598098412,0.2,1008,0.979943573474884,-0.0338285006582737,0.0004092704424510632,0.009253302225260995,0.019414926,-1.392944574356079,-43.35304021835327,0.243408203125,-2.5518591153846155,1257.0
25,65,33280,1280,-0.02220230267266743,0.2,1024,0.9787253141403198,0.02105056494474411,0.0004092704424510632,0.23310690047219396,0.019966323,0.04465508460998535,-43.274099946022034,0.137451171875,-2.5518591153846155,1257.0
26,66,33792,1280,-0.023273280501598492,0.2,1040,0.9798772931098938,-0.03171614557504654,0.0004092704424510632,0.004970561938534956,0.018217701,-6.3260040283203125,-43.27134120464325,0.232177734375,-2.5518591153846155,1257.0
26,67,34304,1279,-0.03434245637618005,0.2,1056,0.9811840057373047,-0.028512967750430107,0.0004092704424510632,0.002284275869897101,0.022948056,-0.0024639368057250977,-43.30976402759552,0.2750244140625,-2.547106074074074,1257.0
27,68,34816,1279,-0.023631053758435883,0.2,1072,0.9807549715042114,0.04115037992596626,0.0004092704424510632,0.2598685035482049,0.023073182,0.029128849506378174,-43.326369762420654,0.2437744140625,-2.547106074074074,1257.0
27,69,35328,1279,-0.021612893950077705,0.2,1088,0.9791374802589417,-0.0330413356423378,0.0004092704424510632,0.03412196443241555,0.01669018,-8.365168571472168,-43.29646158218384,0.18115234375,-2.552849714285714,1257.0
28,70,35840,1279,-0.023977448348887265,0.2,1104,0.9794257283210754,0.034568555653095245,0.0004092704424510632,0.19206930859945714,0.027342264,0.04297691583633423,-43.265427112579346,0.232666015625,-2.552849714285714,1257.0
28,71,36352,1279,-0.02286572187585989,0.2,1120,0.9783341288566589,-0.027835115790367126,0.0004092704424510632,0.008413750656472985,0.015410399,-6.708522796630859,-43.26254081726074,0.20166015625,-2.552849714285714,1257.0
28,72,36864,1279,-0.027114207769045606,0.2,1136,0.9774764776229858,-0.04419240355491638,0.0004092704424510632,0.002588423009001417,0.020985767,-0.03382313251495361,-43.22454535961151,0.253662109375,-2.5565587241379304,1257.0
29,73,37376,1279,-0.019088382672634907,0.2,1152,0.9768051505088806,0.0372651033103466,0.0004092704424510632,0.19340407638810575,0.01644893,0.04300433397293091,-43.20493495464325,0.193115234375,-2.5565587241379304,1257.0
29,74,37888,1279,-0.019627508445410058,0.2,1168,0.97865891456604,-0.03535895049571991,0.0004092704424510632,0.011451665428467095,0.015691293,-9.281063079833984,-43.20882534980774,0.17529296875,-2.5561627,1257.0
30,75,38400,1279,-0.019983115562354214,0.2,1184,0.9780351519584656,0.0492137111723423,0.0004092704424510632,0.2259520306251943,0.01782033,0.01329714059829712,-43.25177454948425,0.239990234375,-2.5561627,1257.0
30,76,38912,1279,-0.023127535088860895,0.2,1200,0.9796691536903381,-0.02718997374176979,0.0004092704424510632,0.01253430126234889,0.016723894,-2.729311466217041,-43.25135278701782,0.234619140625,-2.5561627,1257.0
30,77,39424,1279,-0.029501195618649945,0.2,1216,0.9799747467041016,-0.052045490592718124,0.0004092704424510632,0.002602172549813986,0.02129202,0.08192706108093262,-43.29501819610596,0.2457275390625,-2.557479258064516,1257.0
31,78,39936,1279,-0.022298937881714664,0.2,1232,0.9791378378868103,0.030662253499031067,0.0004092704424510632,0.1782692177221179,0.02280974,0.07896965742111206,-43.27859103679657,0.1683349609375,-2.557479258064516,1257.0
31,79,40448,1278,-0.024394605701672845,0.2,1248,0.9782573580741882,-0.028313584625720978,0.0004092704424510632,0.01174955723399762,0.016851477,-6.842153549194336,-43.24831295013428,0.2191162109375,-2.563159625,1257.0
32,80,40960,1278,-0.021351339877583086,0.2,1264,0.9775217175483704,0.029635097831487656,0.0004092704424510632,0.1921807627659291,0.020292155,0.053948163986206055,-43.22166550159454,0.223388671875,-2.563159625,1257.0
32,81,41472,1278,-0.024943866563262418,0.2,1280,0.9762068390846252,-0.04085712134838104,0.0004092704424510632,0.008556239568861201,0.01691224,-2.054569959640503,-43.19141983985901,0.25439453125,-2.563159625,1257.0
32,82,41984,1278,-0.030568780668545514,0.2,1296,0.9756119251251221,-0.0513964407145977,0.0004092704424510632,0.0023685634878347628,0.018780079,0.22999101877212524,-43.1550954580307,0.2882080078125,-2.563495515151515,1257.0
33,83,42496,1278,-0.022974237392190844,0.2,1312,0.9751046895980835,0.002737250179052353,0.0004092704424510632,0.08180839201668277,0.038012333,0.0506930947303772,-43.134846448898315,0.3089599609375,-2.563495515151515,1257.0
33,84,43008,1278,-0.02606038816156797,0.2,1328,0.9734194874763489,-0.038030605763196945,0.0004092704424510632,0.012957366081536748,0.016264012,-2.0019168853759766,-43.10059916973114,0.229248046875,-2.5640041764705876,1257.0
34,85,43520,1277,-0.02657003547938075,0.2,1344,0.9733301401138306,0.024353526532649994,0.0004092704424510632,0.2017932932358235,0.02284909,0.06367820501327515,-43.06080627441406,0.251708984375,-2.5640041764705876,1257.0
34,86,44032,1277,-0.02830119535792619,0.2,1360,0.9721521139144897,-0.03556324169039726,0.0004092704424510632,0.010089229777804576,0.019958273,-1.730961799621582,-43.056893706321716,0.2371826171875,-2.560195971428571,1257.0
34,87,44544,1277,-0.018623913994815666,0.2,1376,0.9713682532310486,0.02386576496064663,0.0004092704424510632,0.22251275251619518,0.016031094,0.1376338005065918,-43.01343750953674,0.101806640625,-2.560195971428571,1257.0
35,88,45056,1277,-0.029216352879302576,0.2,1392,0.9709752202033997,-0.038374632596969604,0.0004092704424510632,0.005390230340708513,0.021047916,-5.665916442871094,-42.99667525291443,0.2545166015625,-2.560195971428571,1257.0
35,89,45568,1276,-0.02300625438510906,0.2,1408,0.9717496037483215,-0.03718782961368561,0.0004092704424510632,0.0050431877170922235,0.0161205,0.0034140348434448242,-42.996920108795166,0.220947265625,-2.565036722222222,1257.0
36,90,46080,1276,-0.017237375272088684,0.2,1424,0.971489667892456,0.026981614530086517,0.0004092704424510632,0.25198073079809546,0.018979928,0.02055877447128296,-43.01348114013672,0.2303466796875,-2.565036722222222,1257.0
36,91,46592,1276,-0.023868091142503545,0.2,1440,0.9718067049980164,-0.027827639132738113,0.0004092704424510632,0.013916008771047927,0.017117783,-2.480010509490967,-43.00792384147644,0.2249755859375,-2.568509351351351,1257.0
36,92,47104,1276,-0.020149717922322452,0.2,1456,0.9721502065658569,0.08752976357936859,0.0004092704424510632,0.25425015669316053,0.017264094,0.08365678787231445,-43.01834833621979,0.1790771484375,-2.568509351351351,1257.0
37,93,47616,1276,-0.02540662144019734,0.2,1472,0.9739974737167358,-0.03830104321241379,0.0004092704424510632,0.012981326042790897,0.02092053,-7.3485212326049805,-43.04385054111481,0.2457275390625,-2.568509351351351,1257.0
37,94,48128,1276,-0.021743196819443256,0.2,1488,0.9758341312408447,-0.038170889019966125,0.0004092704424510632,0.002739290808676742,0.016708732,-0.00025653839111328125,-43.11204695701599,0.209716796875,-2.5632178421052627,1257.0
38,95,48640,1277,-0.021256753083434887,0.2,1504,0.9755656719207764,0.010654302313923836,0.0004092704424510632,0.2329149367287755,0.02055094,0.03706163167953491,-43.13684368133545,0.22265625,-2.5632178421052627,1257.0
38,96,49152,1277,-0.024786370304354932,0.2,1520,0.9744263887405396,-0.03479032590985298,0.0004092704424510632,0.02054048323770985,0.018738937,-8.831756591796875,-43.11026322841644,0.2269287109375,-2.5633135128205122,1257.0
38,97,49664,1277,-0.0279117310710717,0.2,1536,0.9730280637741089,0.07638198882341385,0.0004092704424510632,0.25684957951307297,0.030280579,0.014749765396118164,-43.07183301448822,0.2904052734375,-2.5633135128205122,1257.0
39,98,50176,1277,-0.029745581152383238,0.2,1552,0.9712620377540588,-0.03786151483654976,0.0004092704424510632,0.01734240716905333,0.019504193,-4.33066987991333,-43.024412393569946,0.2449951171875,-2.5633135128205122,1257.0
39,99,50688,1277,-0.027584529692830984,0.2,1568,0.9701418280601501,-0.041092995554208755,0.0004092704424510632,0.0028095712877984624,0.016850704,-0.04561436176300049,-42.97182631492615,0.24072265625,-2.5647219750000003,1257.0
40,100,51200,1276,-0.01899222702922998,0.2,1584,0.9703198671340942,0.015465965494513512,0.0004092704424510632,0.1712491470389068,0.016090725,0.06878656148910522,-42.956939458847046,0.1524658203125,-2.5647219750000003,1257.0
40,101,51712,1276,-0.026279361656634137,0.2,1600,0.9695430397987366,-0.032645948231220245,0.0004092704424510632,0.014149657654343173,0.019536432,-9.272911071777344,-42.95717144012451,0.2528076171875,-2.564453292682927,1257.0
40,102,52224,1276,-0.020832151785725728,0.2,1616,0.9685627818107605,0.032927364110946655,0.0004092704424510632,0.1753591625019908,0.018342026,0.1032489538192749,-42.91802144050598,0.2178955078125,-2.564453292682927,1257.0
41,103,52736,1276,-0.03192228378611617,0.2,1632,0.9678864479064941,-0.041042622178792953,0.0004092704424510632,0.00404150782560464,0.029401818,-3.112272262573242,-42.89182126522064,0.3001708984375,-2.564453292682927,1257.0
41,104,53248,1276,-0.032608576642815024,0.2,1648,0.9689642190933228,-0.04847262427210808,0.0004092704424510632,0.002061123293970013,0.020425562,0.03257012367248535,-42.89121115207672,0.2855224609375,-2.5709885952380955,1257.0
42,105,53760,1276,-0.02282289174036123,0.2,1664,0.9683375358581543,0.007436737418174744,0.0004092704424510632,0.19529298855923116,0.023111884,0.043654441833496094,-42.91036331653595,0.21044921875,-2.5709885952380955,1257.0
42,106,54272,1276,-0.021519979411095846,0.2,1680,0.9692859053611755,-0.027134163305163383,0.0004092704424510632,0.02216467712423764,0.02333298,-8.298513412475586,-42.89707374572754,0.2015380859375,-2.5644609302325585,1257.0
42,107,54784,1276,-0.020762132335221395,0.2,1696,0.969386875629425,0.011260483413934708,0.0004092704424510632,0.2019539773464203,0.016275126,0.06941604614257812,-42.92277181148529,0.189697265625,-2.5644609302325585,1257.0
43,108,55296,1276,-0.027133376308484003,0.2,1712,0.9716064929962158,-0.03963978961110115,0.0004092704424510632,0.01416727525065653,0.018599194,-3.163177490234375,-42.94247770309448,0.2467041015625,-2.5644609302325585,1257.0
43,109,55808,1276,-0.02463021531002596,0.2,1728,0.9723993539810181,-0.0268601942807436,0.0004092704424510632,0.014052130281925201,0.018881999,0.2819287180900574,-43.012391686439514,0.22705078125,-2.561372363636364,1257.0
44,110,56320,1275,-0.021779761867946945,0.2,1744,0.9729344248771667,-0.014944333583116531,0.0004092704424510632,0.05475489509990439,0.02584647,0.408385694026947,-43.02178382873535,0.212646484375,-2.561372363636364,1257.0
44,111,56832,1275,-0.025566179218003526,0.2,1760,0.9729342460632324,-0.035649556666612625,0.0004092704424510632,0.007351415719313081,0.015584452,-4.122232437133789,-43.03753983974457,0.2257080078125,-2.5576235333333335,1257.0
44,112,57344,1275,-0.02326358639402315,0.2,1776,0.9723626971244812,0.015380870550870895,0.0004092704424510632,0.2197362119331956,0.016947545,0.0591772198677063,-43.0216269493103,0.2139892578125,-2.5576235333333335,1257.0
45,113,57856,1275,-0.02717537959688343,0.2,1792,0.9715443849563599,-0.03388332575559616,0.0004092704424510632,0.014116397767793387,0.025324523,-2.6865572929382324,-42.99927246570587,0.2841796875,-2.551042630434783,1257.0
45,114,58368,1275,-0.019042393716517836,0.2,1808,0.9709413051605225,0.018085986375808716,0.0004092704424510632,0.22679953882470727,0.017319847,0.12163209915161133,-42.97197663784027,0.1614990234375,-2.551042630434783,1257.0
46,115,58880,1275,-0.022658264511846937,0.2,1824,0.9692661166191101,-0.03785023093223572,0.0004092704424510632,0.010801821532368194,0.017938476,-6.074766159057617,-42.94140183925629,0.2303466796875,-2.551042630434783,1257.0
46,116,59392,1275,-0.034788215984008275,0.2,1840,0.9667720198631287,-0.04896515607833862,0.0004092704424510632,0.0032230656361207366,0.034936637,0.00873023271560669,-42.86879885196686,0.30810546875,-2.5543374255319153,1257.0
46,117,59904,1275,-0.02796540196868591,0.2,1856,0.9661275148391724,0.003062780946493149,0.0004092704424510632,0.23463079938665032,0.02262944,0.07026314735412598,-42.81311571598053,0.2340087890625,-2.5543374255319153,1257.0
47,118,60416,1275,-0.023715002243989147,0.2,1872,0.9651795625686646,-0.033229466527700424,0.0004092704424510632,0.015266354006598704,0.017688684,-7.161812782287598,-42.79390048980713,0.1923828125,-2.555767125,1257.0
47,119,60928,1274,-0.01921292705810629,0.2,1888,0.9653674960136414,0.029575254768133163,0.0004092704424510632,0.24436544347554445,0.016932786,0.04814028739929199,-42.78175234794617,0.1575927734375,-2.555767125,1257.0
48,120,61440,1274,-0.03235854092054069,0.2,1904,0.9670965075492859,-0.04991615191102028,0.0004092704424510632,0.005877615036297357,0.026585694,-12.164344787597656,-42.80353629589081,0.30224609375,-2.555767125,1257.0
48,121,61952,1274,-0.02904816227965057,0.2,1920,0.9656639099121094,-0.03394161909818649,0.0004092704424510632,0.003021706754225306,0.019485928,-0.004022479057312012,-42.82625472545624,0.2474365234375,-2.556568,1257.0
48,122,62464,1274,-0.019859390711644664,0.2,1936,0.9639286994934082,0.039685145020484924,0.0004092704424510632,0.26084053912200034,0.01626607,0.08607602119445801,-42.753729939460754,0.1337890625,-2.556568,1257.0
49,123,62976,1274,-0.02560879083466716,0.2,1952,0.9622817635536194,-0.031069155782461166,0.0004092704424510632,0.007150857491069473,0.01453851,-3.450751304626465,-42.70586311817169,0.2235107421875,-2.5555054,1257.0
49,124,63488,1274,-0.011925085389520973,0.2,1968,0.9622149467468262,0.06850365549325943,0.0004092704424510632,0.31280964240431786,0.010733476,0.12167775630950928,-42.67318344116211,0.086181640625,-2.5555054,1257.0
50,125,64000,1274,-0.028164766408735886,0.2,1984,0.9612236022949219,-0.05094680190086365,0.0004092704424510632,0.005878473763004877,0.020304227,-3.6291980743408203,-42.6694997549057,0.2454833984375,-2.5555054,1257.0
50,126,64512,1274,-0.02629663592961151,0.2,2000,0.96097332239151,-0.04022548720240593,0.0004092704424510632,0.0023959969221323263,0.022766633,-0.07987868785858154,-42.64730215072632,0.23681640625,-2.5545812352941177,1257.0
51,127,65024,1274,-0.023244528194481973,0.2,2016,0.96100252866745,0.026888407766819,0.0004092704424510632,0.27245713397860527,0.019835271,0.12630116939544678,-42.6466498374939,0.1263427734375,-2.5545812352941177,1257.0
51,128,65536,1274,-0.024398478446528316,0.2,2032,0.9604046940803528,-0.037756770849227905,0.0004092704424510632,0.010966652764182072,0.015266191,-7.502799987792969,-42.64068555831909,0.2447509765625,-2.5536540384615387,1257.0
51,129,66048,1274,-0.022598421695875004,0.2,2048,0.9601688981056213,0.06936632841825485,0.0004092704424510632,0.36181357596069574,0.019369807,0.08650630712509155,-42.624290227890015,0.189697265625,-2.5536540384615387,1257.0
52,130,66560,1273,-0.026673282824049238,0.2,2064,0.9604546427726746,-0.031917233020067215,0.0004092704424510632,0.005123001032188768,0.018792748,-5.1044182777404785,-42.62358355522156,0.278564453125,-2.5536540384615387,1257.0
52,131,67072,1273,-0.026109384642040823,0.2,2080,0.961652934551239,-0.03691317141056061,0.0004092704424510632,0.0030705778845003806,0.015606762,0.032155632972717285,-42.646299719810486,0.2091064453125,-2.5548669245283024,1257.0
53,132,67584,1273,-0.01683462284563575,0.2,2096,0.961280882358551,0.023550044745206833,0.0004092704424510632,0.2919251450803131,0.017723078,0.145502507686615,-42.65805184841156,0.10693359375,-2.5548669245283024,1257.0
53,133,68096,1273,-0.017067595959815662,0.2,2112,0.9604347944259644,-0.021989064291119576,0.0004092704424510632,0.024238167286966927,0.019457867,-11.533160209655762,-42.632230043411255,0.1737060546875,-2.5581072407407417,1257.0
53,134,68608,1272,-0.016860249830642715,0.2,2128,0.9601819515228271,0.06498703360557556,0.0004092704424510632,0.37361910240724683,0.01487601,0.05895233154296875,-42.61649966239929,0.1181640625,-2.5581072407407417,1257.0
54,135,69120,1272,-0.027795072906883433,0.2,2144,0.9597769975662231,-0.022687485441565514,0.0004092704424510632,0.009692501073004678,0.017070647,-2.6530017852783203,-42.59844720363617,0.22998046875,-2.5581072407407417,1257.0
54,136,69632,1272,-0.022275282055488788,0.2,2160,0.955451488494873,-0.03001350536942482,0.0004092704424510632,0.014490050176391378,0.013547645,0.28848081827163696,-42.52634656429291,0.189208984375,-2.5563330909090918,1257.0
55,137,70144,1272,-0.020587712264386937,0.2,2176,0.9539787769317627,-0.00868714414536953,0.0004092704424510632,0.08613223995780572,0.03401591,0.46732795238494873,-42.41152465343475,0.2354736328125,-2.5563330909090918,1257.0
55,138,70656,1272,-0.025115703319897875,0.2,2192,0.9538513422012329,-0.021779527887701988,0.0004092704424510632,0.007201387801615056,0.016289257,-7.950929641723633,-42.39484620094299,0.24560546875,-2.5536836607142854,1257.0
55,139,71168,1272,-0.01826422281737905,0.2,2208,0.953813374042511,0.07139897346496582,0.0004092704424510632,0.40083393920212984,0.012894204,0.06720072031021118,-42.39359092712402,0.1279296875,-2.5536836607142854,1257.0
56,140,71680,1272,-0.03111580351833254,0.2,2224,0.9532298445701599,-0.023959843441843987,0.0004092704424510632,0.034212763246614486,0.022063196,-0.15392053127288818,-42.38725936412811,0.2847900390625,-2.5507759824561402,1257.0
56,141,72192,1272,-0.017608443653443828,0.2,2240,0.9527515172958374,0.1361245959997177,0.0004092704424510632,0.3800952099263668,0.011346959,0.2936580777168274,-42.36879563331604,0.1331787109375,-2.5507759824561402,1257.0
57,142,72704,1272,-0.026673221145756543,0.2,2256,0.9528611302375793,-0.04355531558394432,0.0004092704424510632,0.007036182556475978,0.018763728,-6.665295124053955,-42.36092913150787,0.250732421875,-2.5507759824561402,1257.0
57,143,73216,1272,-0.031880865135462955,0.2,2272,0.9541739225387573,-0.03801869973540306,0.0004092704424510632,0.004956676704750862,0.02440565,0.009371161460876465,-42.38258922100067,0.2884521484375,-2.5507496896551722,1257.0
57,144,73728,1272,-0.022718396183336154,0.2,2288,0.9543982744216919,0.036640964448451996,0.0004092704424510632,0.37920685950666666,0.020623744,0.15321463346481323,-42.41139233112335,0.18115234375,-2.5507496896551722,1257.0
58,145,74240,1272,-0.027079904481070116,0.2,2304,0.9541748762130737,-0.03448907285928726,0.0004092704424510632,0.012611195372301154,0.016812723,-11.470721244812012,-42.408281207084656,0.270751953125,-2.549203016949152,1257.0
58,146,74752,1272,-0.018260934710269794,0.2,2320,0.9537667036056519,0.06569253653287888,0.0004092704424510632,0.4420106397010386,0.016773358,0.07276874780654907,-42.3987991809845,0.1754150390625,-2.549203016949152,1257.0
59,147,75264,1272,-0.019685401042806916,0.2,2336,0.9532436728477478,-0.027270348742604256,0.0004092704424510632,0.008346754082594998,0.01504615,-9.192296028137207,-42.38523602485657,0.2086181640625,-2.549203016949152,1257.0
0,1,75776,3873,-0.018459272061591037,0.2,2352,0.9514465928077698,-0.021032897755503654,0.0004092704424510632,0.0026278496407030616,0.013367094,-0.009993910789489746,-42.353800535202026,0.214599609375,-2.5482965166666665,1257.0
0,2,76288,1915,-0.015912163420580328,0.2,2368,0.9501639604568481,0.07842748612165451,0.0004092704424510632,0.3646816941909492,0.020000834,0.12094199657440186,-42.29064381122589,0.1112060546875,-2.5482965166666665,1257.0
0,3,76800,1636,-0.024892527610063553,0.2,2384,0.9479929208755493,-0.038570649921894073,0.0004092704424510632,0.0072421702570864,0.02473545,-9.075840950012207,-42.24169635772705,0.279541015625,-2.551173163934426,1257.0
1,4,77312,1523,-0.028352297202218324,0.2,2400,0.9475280046463013,0.10263766348361969,0.0004092704424510632,0.5336677692830563,0.021770718,0.10648590326309204,-42.19246244430542,0.178466796875,-2.551173163934426,1257.0
1,5,77824,1465,-0.02507617686933372,0.2,2416,0.9471921324729919,-0.03912696987390518,0.0004092704424510632,0.0043369959385017864,0.019083675,-1.8989462852478027,-42.186798334121704,0.276611328125,-2.551173163934426,1257.0
2,6,78336,1429,-0.024005292798392475,0.2,2432,0.946236789226532,-0.028319260105490685,0.0004092704424510632,0.0023634276767552365,0.015105197,-0.08548974990844727,-42.16537892818451,0.227783203125,-2.5507087096774193,1257.0
2,7,78848,1405,-0.016405297064920887,0.2,2448,0.9460863471031189,0.04577327519655228,0.0004092704424510632,0.3685338427312672,0.018200077,0.1621307134628296,-42.14205980300903,0.085205078125,-2.5507087096774193,1257.0
2,8,79360,1387,-0.021531424412387423,0.2,2464,0.9465023279190063,-0.03211645781993866,0.0004092704424510632,0.02508314192527905,0.024224807,-11.322155952453613,-42.146148562431335,0.235107421875,-2.5484114920634915,1257.0
3,9,79872,1372,-0.009767310271854512,0.2,2480,0.9469380974769592,0.08391962945461273,0.0004092704424510632,0.4419990638270974,0.011099393,0.16121810674667358,-42.15745830535889,0.078369140625,-2.5484114920634915,1257.0
3,10,80384,1360,-0.02848277946759481,0.2,2496,0.9481688141822815,-0.04337088391184807,0.0004092704424510632,0.004236994587699883,0.02417285,-5.023877143859863,-42.18008470535278,0.31689453125,-2.5484114920634915,1257.0
4,11,80896,1351,-0.026774929167004302,0.2,2512,0.9462970495223999,-0.038260072469711304,0.0004092704424510632,0.002213063507952029,0.018483672,0.04975318908691406,-42.18168318271637,0.2696533203125,-2.546925984375,1257.0
4,12,81408,1342,-0.012100234744139016,0.2,2528,0.9455238580703735,0.03613145649433136,0.0004092704424510632,0.364413408562541,0.016501684,0.11339151859283447,-42.12455880641937,0.1221923828125,-2.546925984375,1257.0
4,13,81920,1336,-0.026412486244225875,0.2,2544,0.9446960091590881,-0.029215749353170395,0.0004092704424510632,0.010898434848058969,0.019644778,-10.030803680419922,-42.102110385894775,0.2459716796875,-2.5429708769230768,1257.0
5,14,82432,1331,-0.019817511303699575,0.2,2560,0.94428950548172,0.08047432452440262,0.0004092704424510632,0.534667456522584,0.016439939,0.057125091552734375,-42.08599412441254,0.191162109375,-2.5429708769230768,1257.0
5,15,82944,1327,-0.019743805256439373,0.2,2576,0.9445074200630188,-0.029687538743019104,0.0004092704424510632,0.014266411060816608,0.02448742,-6.382506370544434,-42.07994365692139,0.2235107421875,-2.5429708769230768,1257.0
6,16,83456,1322,-0.025937204918591306,0.2,2592,0.9454845786094666,-0.03926296532154083,0.0004092704424510632,0.0030212312485673465,0.015663603,0.19654744863510132,-42.10257339477539,0.26220703125,-2.5398921666666667,1257.0
6,17,83968,1320,-0.020486208115471527,0.2,2608,0.9458649158477783,0.013334579765796661,0.0004092704424510632,0.20256870205048472,0.029137626,0.1492975950241089,-42.12593126296997,0.1971435546875,-2.5398921666666667,1257.0
6,18,84480,1316,-0.015850732539547607,0.2,2624,0.9466489553451538,-0.019779132679104805,0.0004092704424510632,0.0063517712042084895,0.01279384,-3.278524875640869,-42.14227259159088,0.191650390625,-2.5355285373134326,1257.0
7,19,84992,1314,-0.01685117148736026,0.2,2640,0.9466938972473145,0.11352211236953735,0.0004092704424510632,0.523246627766639,0.016580388,0.20979636907577515,-42.16273057460785,0.0924072265625,-2.5355285373134326,1257.0
7,20,85504,1312,-0.026932894776109606,0.2,2656,0.9493995904922485,-0.03953401744365692,0.0004092704424510632,0.00745873324922286,0.019156286,-4.826367378234863,-42.19194936752319,0.2623291015625,-2.5368581470588234,1257.0
8,21,86016,1308,-0.01541459454165306,0.2,2672,0.9499684572219849,0.08946062624454498,0.0004092704424510632,0.6039796597324312,0.0145802805,0.1800931692123413,-42.27317440509796,0.120361328125,-2.5368581470588234,1257.0
8,22,86528,1305,-0.025110823909926694,0.2,2688,0.9489453434944153,-0.031927596777677536,0.0004092704424510632,0.006588901051145513,0.020479608,-4.962567329406738,-42.25579869747162,0.2745361328125,-2.5368581470588234,1257.0
9,23,87040,1305,-0.023297199368244037,0.2,2704,0.949774980545044,-0.02852386049926281,0.0004092704424510632,0.006671617564279586,0.016001262,0.0005455613136291504,-42.24513792991638,0.197998046875,-2.5367907391304345,1257.0
9,24,87552,1304,-0.0139918517525075,0.2,2720,0.9501614570617676,0.1002374142408371,0.0004092704424510632,0.5123805818147957,0.011939738,0.2048962116241455,-42.266371726989746,0.1351318359375,-2.5367907391304345,1257.0
9,25,88064,1304,-0.0211168097666814,0.2,2736,0.9507138729095459,-0.03338337689638138,0.0004092704424510632,0.013168580451747403,0.015325151,-7.538545608520508,-42.28067135810852,0.20458984375,-2.5355629714285715,1257.0
10,26,88576,1303,-0.014661405642982572,0.2,2752,0.9508944749832153,0.07641041278839111,0.0004092704424510632,0.6400447939522564,0.015948739,0.0855836272239685,-42.29024004936218,0.10107421875,-2.5355629714285715,1257.0
10,27,89088,1303,-0.028541066480102018,0.2,2768,0.9507743120193481,-0.04105529934167862,0.0004092704424510632,0.0027471982975839637,0.019470807,-5.975178241729736,-42.28542351722717,0.2823486328125,-2.5355629714285715,1257.0
11,28,89600,1301,-0.026921119395410642,0.2,2784,0.9509821534156799,-0.0383993536233902,0.0004092704424510632,0.0026692331994127017,0.02094042,-0.10398948192596436,-42.28659105300903,0.2911376953125,-2.5307291549295776,1257.0
11,29,90112,1301,-0.013767376629402861,0.2,2800,0.9508711099624634,0.11042614281177521,0.0004092704424510632,0.47937458101660013,0.014582671,0.20504707098007202,-42.2925968170166,0.099609375,-2.5307291549295776,1257.0
11,30,90624,1300,-0.026295550414943136,0.2,2816,0.9482715725898743,-0.04079799726605415,0.0004092704424510632,0.009949504514224827,0.015747648,-9.97124195098877,-42.25151205062866,0.2342529296875,-2.529498861111111,1257.0
12,31,91136,1299,-0.010490356435184367,0.2,2832,0.9476903080940247,0.0842754989862442,0.0004092704424510632,0.7146732448600233,0.009411824,0.11595386266708374,-42.18060624599457,0.0361328125,-2.529498861111111,1257.0
12,32,91648,1298,-0.019288326264359057,0.2,2848,0.9477822184562683,-0.02926030196249485,0.0004092704424510632,0.005092644350952469,0.018355664,-5.729439735412598,-42.178715109825134,0.2060546875,-2.529498861111111,1257.0
13,33,92160,1298,-0.027097301368485205,0.2,2864,0.9476856589317322,-0.03571980819106102,0.0004092704424510632,0.0026777702187246177,0.023198053,-0.11232292652130127,-42.175464391708374,0.2867431640625,-2.5281831506849315,1257.0
13,34,92672,1297,-0.010300996917067096,0.2,2880,0.9481741189956665,0.09907342493534088,0.0004092704424510632,0.48409931315109134,0.011430616,0.1999070644378662,-42.177897810935974,0.083251953125,-2.5281831506849315,1257.0
13,35,93184,1296,-0.02418523811502382,0.2,2896,0.9484824538230896,-0.03481639176607132,0.0004092704424510632,0.0097713934519561,0.022784527,-11.330989837646484,-42.190945863723755,0.234375,-2.5272495945945948,1257.0
14,36,93696,1296,-0.015408229097374715,0.2,2912,0.9485679864883423,0.15743157267570496,0.0004092704424510632,0.6558309262618423,0.014107145,0.0823371410369873,-42.19873082637787,0.071533203125,-2.5272495945945948,1257.0
14,37,94208,1295,-0.029164858497097157,0.2,2928,0.947968602180481,-0.036313481628894806,0.0004092704424510632,0.0048246422375086695,0.028029168,-1.44856595993042,-42.18489170074463,0.3070068359375,-2.5272495945945948,1257.0
15,38,94720,1295,-0.027920316846575588,0.2,2944,0.947174072265625,-0.03568374738097191,0.0004092704424510632,0.0037266662111505866,0.020057388,0.08304488658905029,-42.16254425048828,0.27392578125,-2.5290613066666667,1257.0
15,39,95232,1295,-0.01053543777379673,0.2,2960,0.9468645453453064,0.09756363183259964,0.0004092704424510632,0.5228018467314541,0.010810135,0.2838824987411499,-42.13391327857971,0.035400390625,-2.5290613066666667,1257.0
15,40,95744,1294,-0.025100128375925124,0.2,2976,0.9453138709068298,-0.031569499522447586,0.0004092704424510632,0.01540303765796125,0.019368222,-11.178272247314453,-42.11331582069397,0.24267578125,-2.528521868421053,1257.0
16,41,96256,1294,-0.008985080465208739,0.2,2992,0.9446294903755188,0.12098200619220734,0.0004092704424510632,0.8814480006694794,0.010031709,0.06656503677368164,-42.06867182254791,0.112548828125,-2.528521868421053,1257.0
16,42,96768,1294,-0.026809070899616927,0.2,3008,0.9436622262001038,-0.03420163318514824,0.0004092704424510632,0.005631924075714778,0.022481956,-3.9354710578918457,-42.04828858375549,0.2564697265625,-2.528521868421053,1257.0
17,43,97280,1293,-0.023367819914710708,0.2,3024,0.9425188302993774,-0.03895081952214241,0.0004092704424510632,0.0034836905033444054,0.017256323,0.1028437614440918,-42.01292276382446,0.236328125,-2.5293666233766237,1257.0
17,44,97792,1292,-0.019908412083168514,0.2,3040,0.9417913556098938,0.012294840067625046,0.0004092704424510632,0.35767330485396087,0.020007856,0.05187159776687622,-41.97896873950958,0.1337890625,-2.5293666233766237,1257.0
17,45,98304,1291,-0.021769243496237323,0.2,3056,0.941840648651123,-0.03131368011236191,0.0004092704424510632,0.0073502090672263876,0.015038385,-5.332237720489502,-41.970728516578674,0.2222900390625,-2.526730641025641,1257.0
18,46,98816,1291,-0.013220885244663805,0.2,3072,0.9419552087783813,0.1290869265794754,0.0004092704424510632,0.775387731846422,0.012511725,0.08238852024078369,-41.97297716140747,0.073486328125,-2.526730641025641,1257.0
18,47,99328,1291,-0.03011018676625099,0.2,3088,0.9416491389274597,-0.04555366188287735,0.0004092704424510632,0.0064718267967691645,0.022455152,-1.7767415046691895,-41.9730007648468,0.2823486328125,-2.5263127088607598,1257.0
19,48,99840,1291,-0.017136836278950796,0.2,3104,0.94096440076828,0.29432323575019836,0.0004092704424510632,0.8163736565038562,0.016552517,0.1402268409729004,-41.95483386516571,0.0889892578125,-2.5263127088607598,1257.0
19,49,100352,1290,-0.023989581626665313,0.2,3120,0.9405316710472107,-0.02732115052640438,0.0004092704424510632,0.005247881330433302,0.024840573,-0.576945424079895,-41.93154263496399,0.2646484375,-2.5263127088607598,1257.0
19,50,100864,1290,-0.022058113885577768,0.2,3136,0.9393907785415649,-0.02774338237941265,0.0004092704424510632,0.004282116569811478,0.017616026,-0.05827009677886963,-41.910945415496826,0.2344970703125,-2.526834375,1257.0
20,51,101376,1290,-0.008964599677710794,0.2,3152,0.9391629695892334,0.1365591138601303,0.0004092704424510632,0.8108790963888168,0.008010875,0.28418421745300293,-41.883018255233765,0.06201171875,-2.526834375,1257.0
20,52,101888,1289,-0.027581419941270724,0.2,3168,0.9391655921936035,-0.043804898858070374,0.0004092704424510632,0.004185360543488059,0.023899142,-4.587745189666748,-41.88556694984436,0.2679443359375,-2.5249722839506172,1257.0
21,53,102400,1289,-0.01287670880992664,0.2,3184,0.9391644597053528,0.11229074746370316,0.0004092704424510632,1.0829232456162572,0.010308848,0.056452155113220215,-41.892836928367615,0.0618896484375,-2.5249722839506172,1257.0
21,54,102912,1288,-0.02132335543865338,0.2,3200,0.9400658011436462,-0.0354754664003849,0.0004092704424510632,0.0032288415168295614,0.017961362,-6.451547622680664,-41.906333565711975,0.2314453125,-2.5249722839506172,1257.0
21,55,103424,1288,-0.02276480820728466,0.2,3216,0.9394252300262451,-0.03342785686254501,0.0004092704424510632,0.003044779019546695,0.016962128,0.0035562515258789062,-41.91532564163208,0.2269287109375,-2.5250221707317073,1257.0
22,56,103936,1288,-0.016266198697849177,0.2,3232,0.9388747811317444,0.11938636749982834,0.0004092704424510632,0.8080352693796158,0.010035134,0.050343871116638184,-41.88948357105255,0.1102294921875,-2.5250221707317073,1257.0
22,57,104448,1288,-0.02399146620882675,0.2,3248,0.940039873123169,-0.030410636216402054,0.0004092704424510632,0.007414697640342638,0.028584301,-5.063479423522949,-41.895169496536255,0.2872314453125,-2.523957602409639,1257.0
23,58,104960,1287,-0.010861591799766757,0.2,3264,0.9404311180114746,0.14902502298355103,0.0004092704424510632,0.9426346085965633,0.011646587,0.08243989944458008,-41.9337397813797,0.12109375,-2.523957602409639,1257.0
23,59,105472,1287,-0.030702750824275427,0.2,3280,0.9404383897781372,-0.04597017914056778,0.0004092704424510632,0.003805794309300836,0.019801222,-3.784867286682129,-41.94016075134277,0.271728515625,-2.523957602409639,1257.0
23,60,105984,1287,-0.023783318581990898,0.2,3296,0.9395398497581482,-0.03936116024851799,0.0004092704424510632,0.0021571699253399856,0.017601319,-0.0001233816146850586,-41.927281498909,0.2523193359375,-2.5217337619047617,1257.0
24,61,106496,1287,-0.014758547651581466,0.2,3312,0.9392058849334717,0.13170816004276276,0.0004092704424510632,0.9556145975366235,0.010618221,0.02500462532043457,-41.90229296684265,0.149169921875,-2.5217337619047617,1257.0
24,62,107008,1287,-0.02199129108339548,0.2,3328,0.9394007921218872,-0.026181157678365707,0.0004092704424510632,0.02296840539202094,0.020367108,-14.334214210510254,-41.89782977104187,0.2142333984375,-2.521824905882353,1257.0
25,63,107520,1287,-0.012554705193906557,0.2,3344,0.9395900368690491,0.21093855798244476,0.0004092704424510632,0.8436186546459794,0.011910134,0.17937582731246948,-41.90619504451752,0.078369140625,-2.521824905882353,1257.0
25,64,108032,1286,-0.025737897609360516,0.2,3360,0.9393594861030579,-0.0334753543138504,0.0004092704424510632,0.0037812031514476985,0.022460584,-1.5222980976104736,-41.90679574012756,0.2684326171875,-2.521824905882353,1257.0
25,65,108544,1286,-0.02905455109430477,0.2,3376,0.9416880011558533,-0.03952985256910324,0.0004092704424510632,0.0018620603404997382,0.019198263,0.0341678261756897,-41.93243229389191,0.276123046875,-2.5195264767441863,1257.0
26,66,109056,1287,-0.010783146281028166,0.2,3392,0.9423426389694214,0.08703688532114029,0.0004092704424510632,0.6441919826902449,0.012324329,0.15008777379989624,-41.98880183696747,0.06005859375,-2.5195264767441863,1257.0
26,67,109568,1286,-0.024552493436203804,0.2,3408,0.9419506788253784,-0.030819818377494812,0.0004092704424510632,0.010755595314549282,0.02194298,-13.048478126525879,-41.99197578430176,0.2489013671875,-2.518850666666667,1257.0
27,68,110080,1286,-0.01512802645447664,0.2,3424,0.9417363405227661,0.13604530692100525,0.0004092704424510632,0.8913212800398469,0.013221712,0.04996222257614136,-41.979933977127075,0.0810546875,-2.518850666666667,1257.0
27,69,110592,1286,-0.0320561537228059,0.2,3440,0.9414792060852051,-0.040672264993190765,0.0004092704424510632,0.006854313527583145,0.024252146,-4.292942047119141,-41.97206914424896,0.306640625,-2.518850666666667,1257.0
27,70,111104,1285,-0.025548081466695294,0.2,3456,0.9409347176551819,-0.02433740347623825,0.0004092704424510632,0.014584104646928608,0.019660883,0.3060113787651062,-41.956172943115234,0.2548828125,-2.5178429431818183,1257.0
28,71,111616,1285,-0.010998469748301432,0.2,3472,0.9402981400489807,0.0031392723321914673,0.0004092704424510632,0.21869918319862336,0.022214178,0.4136555790901184,-41.936004519462585,0.0926513671875,-2.5178429431818183,1257.0
28,72,112128,1285,-0.02752885693917051,0.2,3488,0.9408817887306213,-0.03851522132754326,0.0004092704424510632,0.029799240233842283,0.021256652,-9.30172061920166,-41.922685384750366,0.2481689453125,-2.516372415730337,1257.0
29,73,112640,1285,-0.011202412963029929,0.2,3504,0.9415414333343506,0.21720200777053833,0.0004092704424510632,0.8500002450309694,0.012007341,0.10097873210906982,-41.95853865146637,0.0721435546875,-2.516372415730337,1257.0
29,74,113152,1285,-0.02466120793542359,0.2,3520,0.942942202091217,-0.01979304850101471,0.0004092704424510632,0.005630160107102711,0.015381373,-1.894770860671997,-41.98581147193909,0.2061767578125,-2.5154598444444445,1257.0
29,75,113664,1285,-0.017303809814620763,0.2,3536,0.9433976411819458,0.1517920047044754,0.0004092704424510632,0.6412058044224977,0.017294545,0.3073142170906067,-42.01754081249237,0.0955810546875,-2.5154598444444445,1257.0
30,76,114176,1285,-0.026448859091033228,0.2,3552,0.9417737126350403,-0.04173390194773674,0.0004092704424510632,0.00665855022816686,0.019486677,-2.2520298957824707,-41.998566031455994,0.269775390625,-2.5154598444444445,1257.0
30,77,114688,1285,-0.02644720405805856,0.2,3568,0.9410800337791443,-0.035963352769613266,0.0004092704424510632,0.004846355521294754,0.016089987,-0.016779541969299316,-41.950266003608704,0.24951171875,-2.5143397362637363,1257.0
31,78,115200,1285,-0.009936377857229672,0.2,3584,0.9410010576248169,0.16443049907684326,0.0004092704424510632,0.8863916397094727,0.008412702,0.2747384309768677,-41.93509304523468,0.033203125,-2.5143397362637363,1257.0
31,79,115712,1285,-0.022081624367274344,0.2,3600,0.9424639940261841,-0.02731979452073574,0.0004092704424510632,0.005748650881287176,0.020607192,-2.6252009868621826,-41.954437255859375,0.236572265625,-2.5125734130434783,1257.0
31,80,116224,1285,-0.006476443231804296,0.2,3616,0.9427332878112793,0.206116184592247,0.0004092704424510632,1.1511017363518476,0.0074944487,0.06048840284347534,-41.99198067188263,0.0732421875,-2.5125734130434783,1257.0
32,81,116736,1284,-0.01951418732642196,0.2,3632,0.943324625492096,-0.023792525753378868,0.0004092704424510632,0.003991316782048671,0.0136720175,-10.1560640335083,-41.997363328933716,0.2073974609375,-2.5125734130434783,1257.0
32,82,117248,1285,-0.03284732832980808,0.2,3648,0.9418267011642456,-0.05699329078197479,0.0004092704424510632,0.003248448083468247,0.018260827,2.086162567138672e-06,-41.99576926231384,0.2879638671875,-2.5115685591397847,1257.0
33,83,117760,1285,-0.009354005887871608,0.2,3664,0.9412130117416382,0.13065989315509796,0.0004092704424510632,0.7941298433579504,0.01155611,0.1668013334274292,-41.954233288764954,0.0589599609375,-2.5115685591397847,1257.0
33,84,118272,1285,-0.026404626754811034,0.2,3680,0.9414762854576111,-0.04077810421586037,0.0004092704424510632,0.014683463610708714,0.019658396,-6.09511661529541,-41.952102065086365,0.252197265625,-2.5122888617021273,1257.0
33,85,118784,1285,-0.00980944640468806,0.2,3696,0.9413999319076538,0.1666422039270401,0.0004092704424510632,0.921449682675302,0.011190329,0.14466053247451782,-41.95405578613281,0.102783203125,-2.5122888617021273,1257.0
34,86,119296,1285,-0.024283911508973688,0.2,3712,0.9415735602378845,-0.03179378807544708,0.0004092704424510632,0.004850332221394638,0.02206362,-2.7490057945251465,-41.95569598674774,0.266357421875,-2.5122888617021273,1257.0
34,87,119808,1285,-0.031159172212937847,0.2,3728,0.9408190250396729,-0.037894729524850845,0.0004092704424510632,0.0025323649497295264,0.02372857,-0.1511397361755371,-41.94323754310608,0.28759765625,-2.51229187368421,1257.0
35,88,120320,1285,-0.013457501117954962,0.2,3744,0.940155029296875,0.1514700949192047,0.0004092704424510632,0.5936322617344558,0.016896859,0.27639347314834595,-41.91214346885681,0.0714111328125,-2.51229187368421,1257.0
35,89,120832,1285,-0.026188453324721195,0.2,3760,0.9391623139381409,-0.042970478534698486,0.0004092704424510632,0.009606320396414958,0.020383902,-8.898161888122559,-41.882195472717285,0.2540283203125,-2.51142365625,1257.0
35,90,121344,1285,-0.009782353125046939,0.2,3776,0.9388283491134644,0.2692635953426361,0.0004092704424510632,1.1354917753487825,0.010693504,0.06873929500579834,-41.85334098339081,0.04833984375,-2.51142365625,1257.0
36,91,121856,1285,-0.026017330936156213,0.2,3792,0.9383177757263184,-0.036012619733810425,0.0004092704424510632,0.006905419963004533,0.02568599,-7.767999649047852,-41.84178864955902,0.27490234375,-2.51142365625,1257.0
36,92,122368,1284,-0.02063091695890762,0.2,3808,0.9398096799850464,-0.037631306797266006,0.0004092704424510632,0.0019819742628897075,0.017024573,0.0119553804397583,-41.84433031082153,0.2022705078125,-2.5089878659793814,1257.0
37,93,122880,1284,-0.01816969549690839,0.2,3824,0.940044105052948,0.0989438146352768,0.0004092704424510632,0.6446194802410901,0.014732984,0.14014053344726562,-41.884637236595154,0.103759765625,-2.5089878659793814,1257.0
37,94,123392,1284,-0.02559532056329772,0.2,3840,0.9406921863555908,-0.03211580961942673,0.0004092704424510632,0.00885763208498247,0.020175036,-5.252460956573486,-41.88659608364105,0.2529296875,-2.5091309285714285,1257.0
37,95,123904,1284,-0.006503008495201357,0.2,3856,0.9412941336631775,0.2030332088470459,0.0004092704424510632,0.8838767288252711,0.0072142384,0.13598227500915527,-41.91464936733246,0.034423828125,-2.5091309285714285,1257.0
38,96,124416,1284,-0.03410373417136725,0.2,3872,0.9404034614562988,-0.048177652060985565,0.0004092704424510632,0.00599290229001781,0.019555584,-1.9834773540496826,-41.922083735466,0.3447265625,-2.5091309285714285,1257.0
38,97,124928,1284,-0.026218945218715817,0.2,3888,0.9411750435829163,-0.030994616448879242,0.0004092704424510632,0.013608554465463385,0.0179227,0.36487919092178345,-41.90568244457245,0.221923828125,-2.510121828282828,1257.0
39,98,125440,1284,-0.011771592558943667,0.2,3904,0.9416983723640442,0.002259833738207817,0.0004092704424510632,0.21866165124811232,0.020922216,0.5144197940826416,-41.94257307052612,0.0987548828125,-2.510121828282828,1257.0
39,99,125952,1284,-0.02283192813047208,0.2,3920,0.9413151144981384,-0.02233959548175335,0.0004092704424510632,0.04062792786862701,0.021031996,-1.8046238422393799,-41.941728353500366,0.2545166015625,-2.5104643899999997,1257.0
39,100,126464,1284,-0.01425671944161877,0.2,3936,0.9410601854324341,0.16287821531295776,0.0004092704424510632,0.9673983547836542,0.0101117045,0.12750118970870972,-41.927130937576294,0.0882568359375,-2.5104643899999997,1257.0
40,101,126976,1284,-0.020799371210159734,0.2,3952,0.9421573281288147,-0.03643231466412544,0.0004092704424510632,0.007332546840189025,0.014054157,-3.552560329437256,-41.93824923038483,0.214599609375,-2.50899342,1257.0
40,102,127488,1283,-0.008043999507208355,0.2,3968,0.9423680901527405,0.2135286033153534,0.0004092704424510632,0.995188107714057,0.0070205964,0.2966200113296509,-41.959782004356384,0.06640625,-2.50899342,1257.0
41,103,128000,1283,-0.023365072440356016,0.2,3984,0.9424249529838562,-0.0275129284709692,0.0004092704424510632,0.009405859571415931,0.01967686,-2.771538019180298,-41.954798102378845,0.2548828125,-2.50899342,1257.0
41,104,128512,1283,-0.030953022825997323,0.2,4000,0.942785382270813,-0.03317572921514511,0.0004092704424510632,0.004181207114015706,0.02762277,-0.015810012817382812,-41.96489477157593,0.3065185546875,-2.50786074,1257.0
41,105,129024,1283,-0.010982998748659156,0.2,4016,0.942894697189331,0.21275436878204346,0.0004092704424510632,0.8555802265182137,0.011579793,0.26039421558380127,-41.968568205833435,0.0516357421875,-2.50786074,1257.0
42,106,129536,1283,-0.02595338292303495,0.2,4032,0.9445947408676147,-0.03781784325838089,0.0004092704424510632,0.0065283384756185114,0.024466258,-2.1820855140686035,-41.99259901046753,0.2620849609375,-2.50558607,1257.0
42,107,130048,1283,-0.011840199556900188,0.2,4048,0.945169985294342,0.16155606508255005,0.0004092704424510632,0.9092497769743204,0.010415236,0.24054419994354248,-42.042003870010376,0.05029296875,-2.50558607,1257.0
43,108,130560,1283,-0.026129459045478143,0.2,4064,0.9441637992858887,-0.02598978392779827,0.0004092704424510632,0.002809680714563001,0.01990749,-2.809680938720703,-42.03468692302704,0.2369384765625,-2.50558607,1257.0
43,109,131072,1283,-0.03078731952700764,0.2,4080,0.9433023929595947,-0.05218292027711868,0.0004092704424510632,0.0033140089726657607,0.03046868,-0.14798152446746826,-42.00103461742401,0.31982421875,-2.50314874,1257.0
43,110,131584,1283,-0.011813480043201707,0.2,4096,0.943413496017456,0.12629976868629456,0.0004092704424510632,0.6784594226628542,0.013307098,0.2863842844963074,-41.986754417419434,0.0628662109375,-2.50314874,1257.0
44,111,132096,1283,-0.022790382339735515,0.2,4112,0.9440925121307373,-0.03746393322944641,0.0004092704424510632,0.023888385068858042,0.016905626,-12.87978744506836,-42.000121116638184,0.2125244140625,-2.5010993,1257.0
44,112,132608,1283,-0.014597938628867269,0.2,4128,0.9442596435546875,0.20130538940429688,0.0004092704424510632,0.9014343153685331,0.010511268,0.09206002950668335,-42.00775384902954,0.0496826171875,-2.5010993,1257.0
45,113,133120,1283,-0.023725508217466995,0.2,4144,0.9445915222167969,-0.036809053272008896,0.0004092704424510632,0.01089529533055611,0.02357155,-0.09699785709381104,-42.012421011924744,0.2633056640625,-2.5010993,1257.0
45,114,133632,1283,-0.026495447906199843,0.2,4160,0.944975733757019,-0.034317173063755035,0.0004092704424510632,0.0034700419710134156,0.019227866,-0.6346184015274048,-42.01656651496887,0.279296875,-2.49913358,1257.0
45,115,134144,1283,-0.010615011193294777,0.2,4176,0.9445916414260864,0.13862457871437073,0.0004092704424510632,0.7112355236895382,0.011186504,0.2734392285346985,-42.00803315639496,0.0518798828125,-2.49913358,1257.0
46,116,134656,1282,-0.027262397517915815,0.2,4192,0.9465382695198059,-0.03926174342632294,0.0004092704424510632,0.0239736374351196,0.01867099,-8.763354301452637,-42.019806146621704,0.246826171875,-2.4982700399999995,1257.0
46,117,135168,1282,-0.011609393361140974,0.2,4208,0.9474521279335022,0.19085821509361267,0.0004092704424510632,1.2055941177532077,0.007106398,0.09379273653030396,-42.079821944236755,0.03125,-2.4982700399999995,1257.0
47,118,135680,1282,-0.022592583824007306,0.2,4224,0.9478833675384521,-0.03489072993397713,0.0004092704424510632,0.005674726402503438,0.025965419,-5.764993190765381,-42.09995901584625,0.280517578125,-2.4982700399999995,1257.0
47,119,136192,1282,-0.03204206097871065,0.2,4240,0.9478772282600403,-0.04481935128569603,0.0004092704424510632,0.0020716164654004388,0.020066842,0.015828192234039307,-42.108041286468506,0.28466796875,-2.49635806,1257.0
47,120,136704,1282,-0.012960383799509145,0.2,4256,0.948158860206604,0.15117792785167694,0.0004092704424510632,0.8417189344763756,0.011831938,0.12510937452316284,-42.11572623252869,0.0572509765625,-2.49635806,1257.0
48,121,137216,1281,-0.026484078232897446,0.2,4272,0.9487822651863098,0.06906838715076447,0.0004092704424510632,0.17509927600622177,0.022705935,-0.062050580978393555,-42.13073217868805,0.2686767578125,-2.4965792,1257.0
48,122,137728,1281,-0.0076274138045846485,0.2,4288,0.9488455653190613,0.23048417270183563,0.0004092704424510632,0.8462449675425887,0.007221604,0.4365798234939575,-42.14565455913544,0.034423828125,-2.4965792,1257.0
49,123,138240,1281,-0.024323737277882174,0.2,4304,0.9502778053283691,-0.028617452830076218,0.0004092704424510632,0.007498475220927503,0.021739714,-14.360625267028809,-42.15780055522919,0.2607421875,-2.4965792,1257.0
49,124,138752,1281,-0.027337724110111594,0.2,4320,0.9487630724906921,-0.04338332638144493,0.0004092704424510632,0.0023311750555876642,0.016815368,0.1406233310699463,-42.17850112915039,0.2647705078125,-2.4967648700000002,1257.0
49,125,139264,1281,-0.01611900853458792,0.2,4336,0.9482256174087524,-0.007338185794651508,0.0004092704424510632,0.3502208451391198,0.014529621,0.1596326231956482,-42.12449884414673,0.1124267578125,-2.4967648700000002,1257.0
50,126,139776,1281,-0.01803575034136884,0.2,4352,0.9479652047157288,-0.023163696750998497,0.0004092704424510632,0.012612124002771452,0.018614044,-6.9506635665893555,-42.111655712127686,0.2054443359375,-2.49663053,1257.0
50,127,140288,1281,-0.00800411548698321,0.2,4368,0.9476560354232788,0.17147919535636902,0.0004092704424510632,0.9589885985478759,0.007959722,0.1480674147605896,-42.10157823562622,0.03466796875,-2.49663053,1257.0
51,128,140800,1281,-0.02718385070329532,0.2,4384,0.9477920532226562,-0.03945496678352356,0.0004092704424510632,0.006078376194636803,0.02544241,-3.614315986633301,-42.08994770050049,0.28076171875,-2.4972663,1257.0
51,129,141312,1281,-0.008217213588068262,0.2,4400,0.9482519030570984,0.22214873135089874,0.0004092704424510632,0.8688633777201176,0.011626998,0.3361613154411316,-42.09374809265137,0.0965576171875,-2.4972663,1257.0
51,130,141824,1281,-0.026796472375281155,0.2,4416,0.9491015672683716,-0.0373062863945961,0.0004092704424510632,0.004810961603652686,0.020157361,-1.8560972213745117,-42.11867666244507,0.26904296875,-2.4972663,1257.0
52,131,142336,1281,-0.028082968761736993,0.2,4432,0.9499401450157166,-0.03818728029727936,0.0004092704424510632,0.004785045130120125,0.019572899,0.006884276866912842,-42.15480434894562,0.24560546875,-2.49341732,1257.0
52,132,142848,1281,-0.010625289301970042,0.2,4448,0.9503795504570007,0.1603715419769287,0.0004092704424510632,0.764643874950707,0.012408207,0.24175769090652466,-42.174885630607605,0.0736083984375,-2.49341732,1257.0
53,133,143360,1281,-0.024014648850425147,0.2,4464,0.9513562917709351,-0.033127617090940475,0.0004092704424510632,0.00986183034547139,0.020514578,-3.5270509719848633,-42.197914361953735,0.267822265625,-2.48818575,1257.0
53,134,143872,1281,-0.011151857703225687,0.2,4480,0.9514180421829224,0.16376858949661255,0.0004092704424510632,1.0037400219589472,0.013313664,0.1726502776145935,-42.21675145626068,0.124267578125,-2.48818575,1257.0
53,135,144384,1281,-0.025782730837818235,0.2,4496,0.9518139362335205,-0.035014815628528595,0.0004092704424510632,0.004182042215688853,0.025213951,-3.564675807952881,-42.220725655555725,0.2904052734375,-2.48818575,1257.0
54,136,144896,1281,-0.03308192428085022,0.2,4512,0.9526330232620239,-0.03672380372881889,0.0004092704424510632,0.0036958087875973433,0.023259796,-0.07604062557220459,-42.235541462898254,0.328125,-2.48740996,1257.0
54,137,145408,1281,-0.014488932734820992,0.2,4528,0.9527348875999451,0.13762167096138,0.0004092704424510632,0.6985166594386101,0.018031802,0.3083014488220215,-42.27006280422211,0.0941162109375,-2.48740996,1257.0
55,138,145920,1281,-0.020545214276353363,0.2,4544,0.9517436027526855,-0.02987729385495186,0.0004092704424510632,0.041341232135891914,0.01875994,-6.583207607269287,-42.24964129924774,0.2252197265625,-2.4849493700000003,1257.0
55,139,146432,1281,-0.007224449320347048,0.2,4560,0.9513459205627441,0.20220237970352173,0.0004092704424510632,0.968233716674149,0.008964678,0.15893810987472534,-42.21731925010681,0.033203125,-2.4849493700000003,1257.0
55,140,146944,1281,-0.029875680222176015,0.2,4576,0.952958345413208,-0.042110759764909744,0.0004092704424510632,0.004082223356817849,0.018545648,-0.7373524904251099,-42.23221576213837,0.271484375,-2.4849493700000003,1257.0
56,141,147456,1281,-0.027261684444965795,0.2,4592,0.9498355388641357,-0.04170433059334755,0.0004092704424510632,0.0032039759898907505,0.016511813,-0.32976341247558594,-42.223755836486816,0.2625732421875,-2.48542879,1257.0
56,142,147968,1281,-0.013509743235772476,0.2,4608,0.9490463733673096,0.10689307749271393,0.0004092704424510632,0.7005913089960814,0.017403778,0.31038832664489746,-42.1373074054718,0.075927734375,-2.48542879,1257.0
57,143,148480,1281,-0.02653137942252215,0.2,4624,0.9479779601097107,-0.02187442034482956,0.0004092704424510632,0.022768431925214827,0.022156596,-12.546415328979492,-42.125532031059265,0.253662109375,-2.48584571,1257.0
57,144,148992,1280,-0.01101251007639803,0.2,4640,0.94737708568573,0.17717978358268738,0.0004092704424510632,0.8716359594836831,0.013475087,0.10262525081634521,-42.09547257423401,0.0965576171875,-2.48584571,1257.0
57,145,149504,1280,-0.023064745735609904,0.2,4656,0.9481657147407532,-0.032694440335035324,0.0004092704424510632,0.005069579798146151,0.017317422,-1.378979206085205,-42.09485578536987,0.239013671875,-2.48584571,1257.0
58,146,150016,1280,-0.02465121635759715,0.2,4672,0.9486202001571655,-0.03546059504151344,0.0004092704424510632,0.002447266633680556,0.014236056,-0.35578906536102295,-42.12264680862427,0.222412109375,-2.48434536,1257.0
58,147,150528,1281,-0.01141146155714523,0.2,4688,0.9486709833145142,0.10287253558635712,0.0004092704424510632,0.5935872099362314,0.01652671,0.3190571665763855,-42.12720596790314,0.0950927734375,-2.48434536,1257.0
0,1,151040,3910,-0.02817636015242897,0.2,4704,0.9478627443313599,-0.03528892621397972,0.0004092704424510632,0.034724167140666395,0.027158167,-2.137643337249756,-42.11723184585571,0.305908203125,-2.48536005,1257.0
0,2,151552,1927,-0.013657819334184751,0.2,4720,0.9476298689842224,0.19886888563632965,0.0004092704424510632,0.9243328478187323,0.008878034,0.1409628987312317,-42.09898257255554,0.04345703125,-2.48536005,1257.0
0,3,152064,1655,-0.028929866588441655,0.2,4736,0.9471926093101501,-0.03537566587328911,0.0004092704424510632,0.0045254732394823804,0.021755481,-0.592732310295105,-42.08964383602142,0.3035888671875,-2.48536005,1257.0
1,4,152576,1546,-0.03156662611581851,0.2,4752,0.9467742443084717,-0.02979925274848938,0.0004092704424510632,0.03141262731514871,0.018552963,0.342812716960907,-42.07077765464783,0.282958984375,-2.4857547,1257.0
1,5,153088,1479,-0.015913048075162806,0.2,4768,0.946162760257721,-0.0035234373062849045,0.0004092704424510632,0.19912279513664544,0.02740854,0.6288349628448486,-42.057127594947815,0.1729736328125,-2.4857547,1257.0
2,6,153600,1442,-0.025144050639937632,0.2,4784,0.9461653828620911,-0.031626347452402115,0.0004092704424510632,0.013186722266254947,0.024956651,-6.36970329284668,-42.03932523727417,0.282958984375,-2.4829143200000003,1257.0
2,7,154112,1417,-0.012202933474327438,0.2,4800,0.9464216828346252,0.20887865126132965,0.0004092704424510632,1.0527688739821315,0.011170485,0.13477224111557007,-42.04183626174927,0.1116943359375,-2.4829143200000003,1257.0
2,8,154624,1400,-0.027074311044998467,0.2,4816,0.9451186060905457,-0.029320096597075462,0.0004092704424510632,0.007906143524451181,0.021670353,-1.742455005645752,-42.03305399417877,0.2913818359375,-2.48069105,1257.0
3,9,155136,1384,-0.011457960616098717,0.2,4832,0.944589376449585,0.18806977570056915,0.0004092704424510632,0.8442248376086354,0.014194535,0.38308870792388916,-41.98957669734955,0.087646484375,-2.48069105,1257.0
3,10,155648,1373,-0.02622175779833924,0.2,4848,0.9451801180839539,-0.03943699970841408,0.0004092704424510632,0.006476192625996191,0.021087158,-2.702122926712036,-41.98833966255188,0.282958984375,-2.48069105,1257.0
4,11,156160,1363,-0.029831682084477507,0.2,4864,0.9458130598068237,-0.03263730928301811,0.0004092704424510632,0.0046061643661232665,0.02145059,-0.0049953460693359375,-42.01634967327118,0.272216796875,-2.4784844,1257.0
4,12,156672,1354,-0.012024274474242702,0.2,4880,0.945706844329834,0.16807584464550018,0.0004092704424510632,0.961736585944891,0.010585305,0.3273044228553772,-42.018919229507446,0.04833984375,-2.4784844,1257.0
4,13,157184,1348,-0.02554264153877739,0.2,4896,0.9464251399040222,-0.04034670069813728,0.0004092704424510632,0.011125282064313069,0.02091736,-4.466575622558594,-42.026285886764526,0.2703857421875,-2.4807345900000004,1257.0
5,14,157696,1343,-0.008623213638202287,0.2,4912,0.9459238648414612,0.1905398964881897,0.0004092704424510632,0.8152093943208456,0.011817654,0.22517657279968262,-42.036921977996826,0.0677490234375,-2.4807345900000004,1257.0
5,15,158208,1336,-0.029111283307429403,0.2,4928,0.9465776085853577,-0.04789146035909653,0.0004092704424510632,0.003579307365725981,0.023589768,-7.670088768005371,-42.028077363967896,0.2852783203125,-2.4807345900000004,1257.0
6,16,158720,1332,-0.02815021507558413,0.2,4944,0.9456440210342407,-0.041463498026132584,0.0004092704424510632,0.003135199880489381,0.018494638,-0.06474566459655762,-42.03135943412781,0.259521484375,-2.4799287900000007,1257.0
6,17,159232,1330,-0.008688555884873495,0.2,4960,0.9452338218688965,0.14209288358688354,0.0004092704424510632,0.7315109828487039,0.010978504,0.31981736421585083,-42.00919759273529,0.04736328125,-2.4799287900000007,1257.0
6,18,159744,1327,-0.019527702606865205,0.2,4976,0.9444018602371216,-0.0217003021389246,0.0004092704424510632,0.0170480091474019,0.015793037,-13.915915489196777,-41.98802042007446,0.2105712890625,-2.4817477100000005,1257.0
7,19,160256,1326,-0.00990115683816839,0.2,4992,0.9440984129905701,0.17595557868480682,0.0004092704424510632,0.9299562042579055,0.008104003,0.11681413650512695,-41.960386872291565,0.03515625,-2.4817477100000005,1257.0
7,20,160768,1324,-0.02727834554389119,0.2,5008,0.9466519355773926,-0.033218782395124435,0.0004092704424510632,0.003861760997097008,0.02126482,-1.0863723754882812,-41.982638359069824,0.278564453125,-2.4817477100000005,1257.0
8,21,161280,1322,-0.02574013770208694,0.2,5024,0.9470276236534119,-0.03481440991163254,0.0004092704424510632,0.0030509350035572425,0.022115922,-0.4398914575576782,-42.04473388195038,0.2877197265625,-2.478722560000001,1257.0
8,22,161792,1320,-0.011548417023732327,0.2,5040,0.9467947483062744,0.1581696718931198,0.0004092704424510632,0.7079965807497501,0.012617344,0.3155803084373474,-42.04222548007965,0.0604248046875,-2.478722560000001,1257.0
8,23,162304,1318,-0.024034428162849508,0.2,5056,0.9466609954833984,-0.043291207402944565,0.0004092704424510632,0.017587280439329334,0.017561466,-15.902368545532227,-42.0295695066452,0.25048828125,-2.4789607000000005,1257.0
9,24,162816,1317,-0.008030155440792441,0.2,5072,0.9466336369514465,0.19034843146800995,0.0004092704424510632,1.0719276145100594,0.0077118985,0.1291637420654297,-42.0218266248703,0.029052734375,-2.4789607000000005,1257.0
9,25,163328,1315,-0.025069473165785894,0.2,5088,0.9461001753807068,-0.03360278531908989,0.0004092704424510632,0.0037966520176269114,0.022656407,-3.022580146789551,-42.011059403419495,0.2841796875,-2.4789607000000005,1257.0
10,26,163840,1313,-0.02223420504014939,0.2,5104,0.9461327195167542,-0.03115738555788994,0.0004092704424510632,0.0023904355402919464,0.015704641,0.0009554624557495117,-41.993980884552,0.226318359375,-2.47664719,1257.0
10,27,164352,1312,-0.017891952011268586,0.2,5120,0.9458046555519104,0.0825071781873703,0.0004092704424510632,0.863472068682313,0.012363868,0.08592730760574341,-41.98599624633789,0.0621337890625,-2.47664719,1257.0
10,28,164864,1310,-0.017487815726781264,0.2,5136,0.9451320767402649,-0.026053940877318382,0.0004092704424510632,0.006438444303057622,0.018468339,-4.562263488769531,-41.96643674373627,0.212646484375,-2.47655426,1257.0
11,29,165376,1309,-0.009254923686967231,0.2,5152,0.9449787735939026,0.2133382260799408,0.0004092704424510632,1.3487279983237386,0.008286573,0.11174094676971436,-41.948960304260254,0.021484375,-2.47655426,1257.0
11,30,165888,1308,-0.024723716778680682,0.2,5168,0.9443092346191406,-0.032090142369270325,0.0004092704424510632,0.0061609405966009945,0.019847646,-6.225658893585205,-41.937302470207214,0.2344970703125,-2.47655426,1257.0
12,31,166400,1307,-0.02763049151690211,0.2,5184,0.9463016986846924,-0.04531193897128105,0.0004092704424510632,0.0020483770276769064,0.017810926,0.12578493356704712,-41.9530428647995,0.2381591796875,-2.47520402,1257.0
12,32,166912,1306,-0.008535351837053895,0.2,5200,0.9467976689338684,0.01653582789003849,0.0004092704424510632,0.48587415972724557,0.010097858,0.15642917156219482,-42.00478374958038,0.0537109375,-2.47520402,1257.0
12,33,167424,1305,-0.027198827388929203,0.2,5216,0.9454256892204285,-0.029409056529402733,0.0004092704424510632,0.006304381960944738,0.022454357,-4.969771385192871,-41.98488712310791,0.2535400390625,-2.47269095,1257.0
13,34,167936,1304,-0.009602500518667512,0.2,5232,0.9449723362922668,0.21553786098957062,0.0004092704424510632,1.2615324659273028,0.007903917,0.09451127052307129,-41.95282542705536,0.049072265625,-2.47269095,1257.0
13,35,168448,1303,-0.01874621960450895,0.2,5248,0.9438198208808899,-0.024473944678902626,0.0004092704424510632,0.005676105363818351,0.019337771,-6.668430328369141,-41.934943199157715,0.2220458984375,-2.4712029500000003,1257.0
14,36,168960,1302,-0.010881046706344932,0.2,5264,0.9432901740074158,0.25831037759780884,0.0004092704424510632,1.150479132309556,0.008745424,0.12134158611297607,-41.89875638484955,0.048583984375,-2.4712029500000003,1257.0
14,37,169472,1301,-0.025406072119949386,0.2,5280,0.9432289004325867,-0.025625087320804596,0.0004092704424510632,0.006165395607240498,0.019671872,-0.2719665765762329,-41.88805270195007,0.2813720703125,-2.4712029500000003,1257.0
14,38,169984,1300,-0.02835069049615413,0.2,5296,0.9425985217094421,-0.031838804483413696,0.0004092704424510632,0.004626141737389844,0.019413143,0.003335893154144287,-41.8790317773819,0.2818603515625,-2.47018754,1257.0
15,39,170496,1300,-0.010535673882259289,0.2,5312,0.9428359270095825,0.17407101392745972,0.0004092704424510632,0.8160267258062959,0.009826627,0.2677381634712219,-41.87090051174164,0.0517578125,-2.47018754,1257.0
15,40,171008,1300,-0.026719555651652627,0.2,5328,0.942263662815094,-0.03222634643316269,0.0004092704424510632,0.009013822505949065,0.025129223,-8.359025955200195,-41.873515129089355,0.2674560546875,-2.46925844,1257.0
16,41,171520,1299,-0.0058625565870897844,0.2,5344,0.9419357776641846,0.24124866724014282,0.0004092704424510632,1.3360757743939757,0.007963562,0.09378945827484131,-41.85374736785889,0.0517578125,-2.46925844,1257.0
16,42,172032,1299,-0.024345102268853225,0.2,5360,0.9405977129936218,-0.03789506107568741,0.0004092704424510632,0.0028656992144533433,0.019412074,-5.84678316116333,-41.83546233177185,0.2705078125,-2.46925844,1257.0
16,43,172544,1299,-0.026164441922446713,0.2,5376,0.940548837184906,-0.023844268172979355,0.0004092704424510632,0.0025869761120702606,0.018644169,0.007578432559967041,-41.80415403842926,0.244140625,-2.4660654699999998,1257.0
17,44,173056,1298,-0.016513721930095926,0.2,5392,0.9408568739891052,0.13355672359466553,0.0004092704424510632,0.949047390371561,0.012981081,0.250343918800354,-41.81476008892059,0.063720703125,-2.4660654699999998,1257.0
17,45,173568,1298,-0.026472672558156773,0.2,5408,0.942070484161377,-0.036113444715738297,0.0004092704424510632,0.00557688063418027,0.019687358,-4.414452075958252,-41.83424925804138,0.281982421875,-2.4689030499999998,1257.0
18,46,174080,1298,-0.01249355703839683,0.2,5424,0.9420830607414246,0.1805209517478943,0.0004092704424510632,0.9466981710866094,0.01178232,0.14531219005584717,-41.866103649139404,0.079345703125,-2.4689030499999998,1257.0
18,47,174592,1297,-0.026115077940630727,0.2,5440,0.9411794543266296,-0.0328596830368042,0.0004092704424510632,0.002991771383676678,0.021038346,-1.2947514057159424,-41.842997431755066,0.27685546875,-2.4689030499999998,1257.0
18,48,175104,1297,-0.024038259754888713,0.2,5456,0.9424668550491333,-0.03678424283862114,0.0004092704424510632,0.002967706346680643,0.015934713,-0.4626656770706177,-41.84335672855377,0.2186279296875,-2.46819685,1257.0
19,49,175616,1296,-0.008038810483412817,0.2,5472,0.9429569840431213,0.15912370383739471,0.0004092704424510632,0.7220408068969846,0.0100978445,0.33282607793807983,-41.885570764541626,0.0372314453125,-2.46819685,1257.0
19,50,176128,1295,-0.023979993391549215,0.2,5488,0.9431813359260559,-0.0341021828353405,0.0004092704424510632,0.04502550105098635,0.019047584,-15.273233413696289,-41.89167094230652,0.2384033203125,-2.46853412,1257.0
20,51,176640,1295,-0.012092852441128343,0.2,5504,0.9432901740074158,0.24194416403770447,0.0004092704424510632,0.9620026154443622,0.014683047,0.1251782774925232,-41.897265911102295,0.09814453125,-2.46853412,1257.0
20,52,177152,1294,-0.021425565879326314,0.2,5520,0.9415556192398071,-0.029487837105989456,0.0004092704424510632,0.004225144533847924,0.017822046,-0.3736569881439209,-41.883723855018616,0.2415771484375,-2.46853412,1257.0
20,53,177664,1294,-0.019900656225217972,0.2,5536,0.9415172338485718,-0.026121363043785095,0.0004092704424510632,0.0035301455936860293,0.015370566,-0.137559175491333,-41.85110020637512,0.2154541015625,-2.46809993,1257.0
21,54,178176,1294,-0.009513592209259514,0.2,5552,0.9420692920684814,0.07964621484279633,0.0004092704424510632,0.6483214907348156,0.011892424,0.36723822355270386,-41.864919543266296,0.0531005859375,-2.46809993,1257.0
21,55,178688,1293,-0.01909378061827738,0.2,5568,0.9419515132904053,-0.020885620266199112,0.0004092704424510632,0.03107299085240811,0.028452367,-11.375585556030273,-41.87832796573639,0.2408447265625,-2.4668402,1257.0
22,56,179200,1293,-0.007117893350368831,0.2,5584,0.9420167803764343,0.20992815494537354,0.0004092704424510632,1.2484493758529425,0.008105742,0.11476016044616699,-41.869378089904785,0.0631103515625,-2.4668402,1257.0
22,57,179712,1292,-0.028497293329564855,0.2,5600,0.9420087337493896,-0.034134797751903534,0.0004092704424510632,0.005760503525380045,0.018838517,-5.590826034545898,-41.87407863140106,0.29443359375,-2.4668402,1257.0
22,58,180224,1292,-0.024862517922883853,0.2,5616,0.9423527717590332,-0.033342208713293076,0.0004092704424510632,0.002438724102830747,0.014509781,0.09272933006286621,-41.87182307243347,0.2078857421875,-2.4683419,1257.0
23,59,180736,1292,-0.006143314763903618,0.2,5632,0.942334771156311,0.02057771012187004,0.0004092704424510632,0.43607214151415974,0.011708617,0.2012959122657776,-41.8778201341629,0.0323486328125,-2.4683419,1257.0
23,60,181248,1292,-0.0240859364712378,0.2,5648,0.9416018724441528,-0.028219765052199364,0.0004092704424510632,0.007242832965857815,0.022060983,-4.761198997497559,-41.860387563705444,0.28125,-2.4703173000000005,1257.0
24,61,181760,1291,-0.015632273731171153,0.2,5664,0.9414005279541016,0.16827921569347382,0.0004092704424510632,1.0591067159548402,0.012589803,0.21013718843460083,-41.84523952007294,0.08935546875,-2.4703173000000005,1257.0
24,62,182272,1291,-0.021471162763191387,0.2,5680,0.9418607354164124,-0.02697642147541046,0.0004092704424510632,0.00622381099674385,0.019757926,-3.6453051567077637,-41.850099205970764,0.250244140625,-2.4711030099999998,1257.0
24,63,182784,1291,-0.011364416030119173,0.2,5696,0.9419611096382141,0.23845486342906952,0.0004092704424510632,1.1298691742122173,0.01044344,0.4041059613227844,-41.86070656776428,0.0543212890625,-2.4711030099999998,1257.0
25,64,183296,1290,-0.024847398803103715,0.2,5712,0.9420002102851868,-0.027500858530402184,0.0004092704424510632,0.010104486864292994,0.019973692,-1.2876498699188232,-41.8607372045517,0.268798828125,-2.4711030099999998,1257.0
25,65,183808,1290,-0.02790750199346803,0.2,5728,0.9418614506721497,-0.04683259129524231,0.0004092704424510632,0.005066628502390813,0.026613593,-0.01186680793762207,-41.85926020145416,0.2913818359375,-2.4730681600000004,1257.0
26,66,184320,1289,-0.012403433778672479,0.2,5744,0.9420772790908813,0.1896526962518692,0.0004092704424510632,0.9254170209169388,0.012075795,0.35881054401397705,-41.86614441871643,0.087646484375,-2.4730681600000004,1257.0
26,67,184832,1289,-0.024574471288360655,0.2,5760,0.9423301815986633,-0.03162490203976631,0.0004092704424510632,0.012514922971604392,0.022632817,-0.6209380626678467,-41.872708201408386,0.2735595703125,-2.4733777999999997,1257.0
27,68,185344,1289,-0.013122021278832108,0.2,5776,0.9424670338630676,0.27612584829330444,0.0004092704424510632,0.8844572445377707,0.012897797,0.4572266936302185,-41.880422830581665,0.0833740234375,-2.4733777999999997,1257.0
27,69,185856,1289,-0.023897315637441352,0.2,5792,0.9412404298782349,-0.036061156541109085,0.0004092704424510632,0.005325098485627677,0.020987503,-20.255985260009766,-41.867650389671326,0.256591796875,-2.4733777999999997,1257.0
27,70,186368,1289,-0.028939775744220242,0.2,5808,0.9418707489967346,-0.036536477506160736,0.0004092704424510632,0.0030663290781376418,0.016635563,-0.005725741386413574,-41.84236192703247,0.2745361328125,-2.47166674,1257.0
28,71,186880,1289,-0.010094351760926656,0.2,5824,0.9420657157897949,0.1462387889623642,0.0004092704424510632,0.7929234374314547,0.014046894,0.292640745639801,-41.865062952041626,0.06884765625,-2.47166674,1257.0
28,72,187392,1288,-0.020195463745039888,0.2,5840,0.9395089745521545,-0.020614394918084145,0.0004092704424510632,0.006121908932982478,0.022933401,-3.447803020477295,-41.832064390182495,0.251953125,-2.46765774,1257.0
29,73,187904,1288,-0.007611017077579163,0.2,5856,0.9386368989944458,0.24142009019851685,0.0004092704424510632,0.8483470678329468,0.010224426,0.33911484479904175,-41.758318066596985,0.049560546875,-2.46765774,1257.0
29,74,188416,1288,-0.023142482852563262,0.2,5872,0.939481794834137,-0.019602347165346146,0.0004092704424510632,0.007535631244536489,0.020326376,-4.510110378265381,-41.76057541370392,0.246337890625,-2.46765774,1257.0
29,75,188928,1288,-0.02277040618355386,0.2,5888,0.9370185136795044,-0.039231911301612854,0.0004092704424510632,0.002762813601293601,0.013322959,-0.07177233695983887,-41.742162346839905,0.2203369140625,-2.46858917,1257.0
30,76,189440,1288,-0.015125517849810421,0.2,5904,0.9358870387077332,0.15624096989631653,0.0004092704424510632,0.6844656188040972,0.010394184,0.30402737855911255,-41.66128194332123,0.1505126953125,-2.46858917,1257.0
30,77,189952,1288,-0.022583171987207606,0.2,5920,0.9355091452598572,-0.017894374206662178,0.0004092704424510632,0.024706424766918644,0.016177248,-10.153390884399414,-41.639726519584656,0.23193359375,-2.46960627,1257.0
31,78,190464,1288,-0.011948597413720563,0.2,5936,0.9355095028877258,0.18091872334480286,0.0004092704424510632,0.9002293450757861,0.012469627,0.1330016851425171,-41.64368939399719,0.099365234375,-2.46960627,1257.0
31,79,190976,1288,-0.030215622449759394,0.2,5952,0.9345777034759521,-0.03291827440261841,0.0004092704424510632,0.004058175967657007,0.018325485,-0.18937134742736816,-41.63037467002869,0.3023681640625,-2.46960627,1257.0
31,80,191488,1288,-0.030314720468595624,0.2,5968,0.9332764744758606,-0.026806680485606194,0.0004092704424510632,0.0033528715721331537,0.030992912,-0.4103584289550781,-41.586418986320496,0.2984619140625,-2.46978522,1257.0
32,81,192000,1287,-0.016220181219978258,0.2,5984,0.9328404068946838,0.1140637993812561,0.0004092704424510632,0.6322096334770322,0.015388189,0.3706885576248169,-41.56389546394348,0.0792236328125,-2.46978522,1257.0
32,82,192512,1287,-0.02189107603044249,0.2,6000,0.9322908520698547,-0.02779485285282135,0.0004092704424510632,0.05408544902456924,0.03273511,-11.026317596435547,-41.5511269569397,0.24853515625,-2.46872202,1257.0
33,83,193024,1287,-0.007076906098518521,0.2,6016,0.9322838187217712,0.2322523444890976,0.0004092704424510632,0.9047480281442404,0.008883899,0.16903668642044067,-41.539021492004395,0.08984375,-2.46872202,1257.0
33,84,193536,1287,-0.0278911987261381,0.2,6032,0.9309455752372742,-0.039863914251327515,0.0004092704424510632,0.005580865290539805,0.014328501,-0.3531663417816162,-41.521777868270874,0.2164306640625,-2.46872202,1257.0
33,85,194048,1287,-0.030019772530067712,0.2,6048,0.930429995059967,-0.03639739006757736,0.0004092704424510632,0.017008695198455825,0.023010368,0.19446206092834473,-41.47785151004791,0.2945556640625,-2.46870747,1257.0
34,86,194560,1287,-0.010283994211931713,0.2,6064,0.9298620820045471,0.023037586361169815,0.0004092704424510632,0.3165031236130744,0.012860712,0.5343266725540161,-41.46612846851349,0.0809326171875,-2.46870747,1257.0
34,87,195072,1287,-0.018657463690033183,0.2,6080,0.9299570918083191,-0.020297802984714508,0.0004092704424510632,0.014669578245957382,0.019147603,-7.018581390380859,-41.44811832904816,0.207763671875,-2.46938441,1257.0
35,88,195584,1287,-0.010160829406231642,0.2,6096,0.930098831653595,0.16286806762218475,0.0004092704424510632,0.9702110011130571,0.009977374,0.15563958883285522,-41.46066093444824,0.0516357421875,-2.46938441,1257.0
35,89,196096,1287,-0.02228301955619827,0.2,6112,0.9307834506034851,-0.031036781147122383,0.0004092704424510632,0.004857799798628548,0.014854993,-3.831019401550293,-41.46824908256531,0.25048828125,-2.46964686,1257.0
35,90,196608,1286,-0.009349430503789335,0.2,6128,0.9313961267471313,0.3048247694969177,0.0004092704424510632,1.092851297929883,0.0075349356,0.42167961597442627,-41.50307631492615,0.0272216796875,-2.46964686,1257.0
36,91,197120,1286,-0.022212268493603915,0.2,6144,0.9311783909797668,-0.028145678341388702,0.0004092704424510632,0.005737109429901466,0.016831845,-0.7058221101760864,-41.507811427116394,0.216796875,-2.46964686,1257.0
36,92,197632,1286,-0.022265712163061835,0.2,6160,0.931363046169281,-0.027413886040449142,0.0004092704424510632,0.003463792374532204,0.017146254,-0.13448071479797363,-41.500786900520325,0.1982421875,-2.4682001700000002,1257.0
37,93,198144,1286,-0.00515234493650496,0.2,6176,0.9315401911735535,0.15873651206493378,0.0004092704424510632,0.9489401578903198,0.004876161,0.39073431491851807,-41.494685649871826,0.0042724609375,-2.4682001700000002,1257.0
37,94,198656,1286,-0.0251059635047568,0.2,6192,0.9310904741287231,-0.01616031676530838,0.0004092704424510632,0.040142229525372386,0.023468353,-0.7359591722488403,-41.49584746360779,0.254150390625,-2.4678884900000004,1257.0
37,95,199168,1285,-0.007862674945499748,0.2,6208,0.930547833442688,0.3326411247253418,0.0004092704424510632,0.9053335580974817,0.008527761,0.4528515338897705,-41.47315466403961,0.04296875,-2.4678884900000004,1257.0
38,96,199680,1285,-0.02791783031716477,0.2,6224,0.931204080581665,-0.03846392035484314,0.0004092704424510632,0.004769383660459425,0.022977091,-0.9505236148834229,-41.475377559661865,0.2894287109375,-2.4678884900000004,1257.0
38,97,200192,1285,-0.021875783597351983,0.2,6240,0.934357762336731,-0.0329410694539547,0.0004092704424510632,0.004109452282136772,0.016767455,-0.06602811813354492,-41.539023876190186,0.211181640625,-2.46954787,1257.0
39,98,200704,1285,-0.010863957984838635,0.2,6256,0.9355183243751526,0.20261061191558838,0.0004092704424510632,0.8572288518771529,0.010411714,0.40017396211624146,-41.61773335933685,0.04248046875,-2.46954787,1257.0
39,99,201216,1285,-0.022081894741859287,0.2,6272,0.9355950951576233,-0.02995404042303562,0.0004092704424510632,0.00874408801610116,0.021015286,-6.027097225189209,-41.63356113433838,0.2811279296875,-2.4699242800000003,1257.0
39,100,201728,1285,-0.005762963242887054,0.2,6288,0.9353885054588318,0.16145941615104675,0.0004092704424510632,1.0422303462401032,0.014682729,0.23285990953445435,-41.62983572483063,0.0855712890625,-2.4699242800000003,1257.0
40,101,202240,1285,-0.020647242141421884,0.2,6304,0.9346662759780884,-0.02732648327946663,0.0004092704424510632,0.0034988824554602616,0.01632244,-0.7955120801925659,-41.616440773010254,0.25244140625,-2.4699242800000003,1257.0
40,102,202752,1285,-0.02278192613448482,0.2,6320,0.9341564178466797,-0.029155535623431206,0.0004092704424510632,0.0026041066412290093,0.017867688,-0.045350074768066406,-41.594022274017334,0.2261962890625,-2.4665086300000003,1257.0
41,103,203264,1285,-0.011639381176792085,0.2,6336,0.9335689544677734,0.16182038187980652,0.0004092704424510632,0.9010076662525535,0.012827048,0.29460424184799194,-41.58056366443634,0.0928955078125,-2.4665086300000003,1257.0
41,104,203776,1285,-0.0247931983176386,0.2,6352,0.932589054107666,-0.03908339515328407,0.0004092704424510632,0.007955276829306968,0.025401983,-5.7852044105529785,-41.55295777320862,0.3011474609375,-2.46784982,1257.0
41,105,204288,1285,-0.012560691240651067,0.2,6368,0.9320038557052612,0.14768578112125397,0.0004092704424510632,1.024320675060153,0.013998497,0.2544415593147278,-41.51683270931244,0.068603515625,-2.46784982,1257.0
42,106,204800,1284,-0.03333825641311705,0.2,6384,0.9329664707183838,-0.03669216111302376,0.0004092704424510632,0.027359812753275037,0.025461778,0.03882181644439697,-41.51807940006256,0.349365234375,-2.46784982,1257.0
42,107,205312,1284,-0.01947845018003136,0.2,6400,0.932220458984375,-0.026236627250909805,0.0004092704424510632,0.004404664126923308,0.020236917,-3.799950122833252,-41.53277087211609,0.263916015625,-2.46735405,1257.0
43,108,205824,1284,-0.019190968916518614,0.2,6416,0.9318617582321167,0.0902564525604248,0.0004092704424510632,0.6986777377314866,0.019424476,0.29056239128112793,-41.506837606430054,0.1397705078125,-2.46735405,1257.0
43,109,206336,1284,-0.020754757861141115,0.2,6432,0.9348192811012268,-0.022615501657128334,0.0004092704424510632,0.02988463913789019,0.018836454,-3.3392043113708496,-41.5360826253891,0.2545166015625,-2.46702171,1257.0
43,110,206848,1284,-0.013657802846864797,0.2,6448,0.9358023405075073,0.15247884392738342,0.0004092704424510632,0.8456893097609282,0.01780781,0.14657199382781982,-41.622175097465515,0.0914306640625,-2.46702171,1257.0
44,111,207360,1284,-0.022713883663527668,0.2,6464,0.9363773465156555,-0.03428303077816963,0.0004092704424510632,0.006756364862667397,0.021347005,-5.264988422393799,-41.63297939300537,0.2301025390625,-2.46702171,1257.0
44,112,207872,1284,-0.029327617667149752,0.2,6480,0.9361769556999207,-0.027666738256812096,0.0004092704424510632,0.006469407511758618,0.01921057,0.2062411904335022,-41.638519525527954,0.27880859375,-2.4678440600000005,1257.0
45,113,208384,1284,-0.011408554084482603,0.2,6496,0.935828447341919,0.018504910171031952,0.0004092704424510632,0.33803070441354066,0.014441719,0.46156764030456543,-41.62341320514679,0.084716796875,-2.4678440600000005,1257.0
45,114,208896,1284,-0.022229543974390253,0.2,6512,0.9340880513191223,-0.026186034083366394,0.0004092704424510632,0.026963223528582603,0.032654822,-12.167837142944336,-41.59691393375397,0.2457275390625,-2.47089232,1257.0
45,115,209408,1284,-0.01397755062498618,0.2,6528,0.9335450530052185,0.10688217729330063,0.0004092704424510632,0.9227762538939714,0.0127313435,0.1310444474220276,-41.54333281517029,0.073974609375,-2.47089232,1257.0
46,116,209920,1283,-0.016375221428461373,0.2,6544,0.9349745512008667,-0.03099820576608181,0.0004092704424510632,0.005554855335503817,0.012628602,-3.1222586631774902,-41.557406306266785,0.14111328125,-2.47415283,1257.0
46,117,210432,1283,-0.013419322887784801,0.2,6560,0.9353111386299133,0.2924843430519104,0.0004092704424510632,0.9841588390991092,0.012612859,0.4370412230491638,-41.598204374313354,0.0660400390625,-2.47415283,1257.0
47,118,210944,1283,-0.03117001787177287,0.2,6576,0.9350838661193848,-0.03989514335989952,0.0004092704424510632,0.007462281952030025,0.020996477,-1.0428853034973145,-41.59788918495178,0.2806396484375,-2.47415283,1257.0
47,119,211456,1282,-0.026377228321507573,0.2,6592,0.9350625276565552,-0.039284467697143555,0.0004092704424510632,0.005604732359643094,0.018073482,0.0050852298736572266,-41.591992139816284,0.2432861328125,-2.46867404,1257.0
47,120,211968,1283,-0.013410918403678806,0.2,6608,0.9349809288978577,0.16807609796524048,0.0004092704424510632,0.9677133541554213,0.010505354,0.40156543254852295,-41.59243881702423,0.0599365234375,-2.46867404,1257.0
48,121,212480,1283,-0.021777383793960325,0.2,6624,0.9354751110076904,-0.015266831032931805,0.0004092704424510632,0.02022478578146547,0.016352808,-2.5318520069122314,-41.5941047668457,0.2445068359375,-2.46766889,1257.0
48,122,212992,1283,-0.015681503296946175,0.2,6640,0.9361165165901184,0.18381069600582123,0.0004092704424510632,0.8625755636021495,0.014216244,0.2983275055885315,-41.61967897415161,0.1083984375,-2.46766889,1257.0
49,123,213504,1283,-0.032785381481517106,0.2,6656,0.9363378882408142,-0.04765217751264572,0.0004092704424510632,0.003210586350178346,0.023424309,-1.0276691913604736,-41.632617712020874,0.34326171875,-2.46766889,1257.0
49,124,214016,1283,-0.0269247131946031,0.2,6672,0.9359897375106812,-0.0466436892747879,0.0004092704424510632,0.004942735089571215,0.018128932,-0.10649895668029785,-41.62810444831848,0.263671875,-2.46704197,1257.0
49,125,214528,1283,-0.008559560854337178,0.2,6688,0.9357454776763916,0.18765851855278015,0.0004092704424510632,0.8676270171999931,0.010294561,0.41927504539489746,-41.618926882743835,0.051513671875,-2.46704197,1257.0
50,126,215040,1283,-0.022614200453972444,0.2,6704,0.9364397525787354,-0.03233712911605835,0.0004092704424510632,0.00856003214721568,0.025073662,-5.470049858093262,-41.62299287319183,0.2935791015625,-2.4710159899999997,1257.0
50,127,215552,1283,-0.01577149936929345,0.2,6720,0.9366300106048584,0.17779472470283508,0.0004092704424510632,0.7525158300995827,0.018173803,0.2702760100364685,-41.63422679901123,0.1160888671875,-2.4710159899999997,1257.0
51,128,216064,1283,-0.02874087810050696,0.2,6736,0.9352220296859741,-0.03872891142964363,0.0004092704424510632,0.004846348387218313,0.019432466,-4.363707542419434,-41.61317241191864,0.3101806640625,-2.4710159899999997,1257.0
51,129,216576,1284,-0.021784877899335697,0.2,6752,0.9339175820350647,-0.02714623138308525,0.0004092704424510632,0.004199680683086626,0.019334696,-0.1729813814163208,-41.57170283794403,0.2352294921875,-2.47202952,1257.0
51,130,217088,1284,-0.008478282878058963,0.2,6768,0.9336784482002258,0.19897523522377014,0.0004092704424510632,0.7514631813392043,0.008920686,0.3875885009765625,-41.547845125198364,0.0511474609375,-2.47202952,1257.0
52,131,217600,1284,-0.026229558701743372,0.2,6784,0.9336960315704346,-0.031547289341688156,0.0004092704424510632,0.013348387175938115,0.022409154,-7.771018981933594,-41.547735810279846,0.294677734375,-2.4741768200000003,1257.0
52,132,218112,1284,-0.012990610324777663,0.2,6800,0.9334801435470581,0.21538040041923523,0.0004092704424510632,0.9339217143133283,0.011747396,0.22112256288528442,-41.549073457717896,0.0733642578125,-2.4741768200000003,1257.0
53,133,218624,1284,-0.023664715205086395,0.2,6816,0.9336016178131104,-0.02803695574402809,0.0004092704424510632,0.004856195759202819,0.017666377,-0.18112337589263916,-41.542227029800415,0.246826171875,-2.4741768200000003,1257.0
53,134,219136,1285,-0.026735737541457638,0.2,6832,0.932291567325592,-0.030878238379955292,0.0004092704424510632,0.0039227701927302405,0.023498107,-0.40601181983947754,-41.52461397647858,0.284423828125,-2.47750029,1257.0
53,135,219648,1285,-0.016818383548525162,0.2,6848,0.9319632649421692,0.175761878490448,0.0004092704424510632,0.649364457000047,0.01746678,0.37901049852371216,-41.48999845981598,0.0931396484375,-2.47750029,1257.0
54,136,220160,1285,-0.023671986324188765,0.2,6864,0.9317267537117004,-0.027022477239370346,0.0004092704424510632,0.015481335532967933,0.019906428,-5.52964973449707,-41.48667597770691,0.2568359375,-2.47581815,1257.0
54,137,220672,1285,-0.013677002134500071,0.2,6880,0.931564211845398,0.2225484848022461,0.0004092704424510632,0.9669070774689317,0.011419893,0.2217395305633545,-41.47031795978546,0.0460205078125,-2.47581815,1257.0
54,138,221184,1285,-0.026205188769381493,0.2,6896,0.9320271611213684,-0.03375059738755226,0.0004092704424510632,0.004689577777753584,0.016368393,-0.5821095705032349,-41.47699856758118,0.253173828125,-2.47581815,1257.0
55,139,221696,1285,-0.026075122485053726,0.2,6912,0.9302014112472534,-0.037368275225162506,0.0004092704424510632,0.005356157198548317,0.015438324,0.2011619210243225,-41.46265232563019,0.2513427734375,-2.47442834,1257.0
55,140,222208,1285,-0.013566601352067664,0.2,6928,0.9291853308677673,0.021880481392145157,0.0004092704424510632,0.2728752753464505,0.028930398,0.5425847768783569,-41.41274356842041,0.1436767578125,-2.47442834,1257.0
56,141,222720,1285,-0.020342550255008973,0.2,6944,0.9299335479736328,-0.03376195579767227,0.0004092704424510632,0.01002926123328507,0.016815243,-7.304747581481934,-41.40471363067627,0.2554931640625,-2.47321732,1257.0
56,142,223232,1286,-0.007860243073082529,0.2,6960,0.9303143620491028,0.21701264381408691,0.0004092704424510632,1.0227406304329634,0.008480489,0.15905076265335083,-41.42818737030029,0.020751953125,-2.47321732,1257.0
56,143,223744,1286,-0.028120739370933734,0.2,6976,0.9310826063156128,-0.04258754104375839,0.0004092704424510632,0.005545071391679812,0.017326055,-1.1594116687774658,-41.440293073654175,0.2777099609375,-2.47321732,1257.0
57,144,224256,1286,-0.02009866526350379,0.2,6992,0.9306352138519287,0.15410801768302917,0.0004092704424510632,0.39590821880847216,0.029638153,-0.06406807899475098,-41.45097351074219,0.2518310546875,-2.47540151,1257.0
57,145,224768,1286,-0.01576051839219872,0.2,7008,0.9304392337799072,0.0020627379417419434,0.0004092704424510632,0.09502515583881177,0.04524318,0.08007943630218506,-41.43938374519348,0.311279296875,-2.47540151,1257.0
58,146,225280,1286,-0.023598246567416936,0.2,7024,0.9316871166229248,-0.024299900978803635,0.0004092704424510632,0.007036825030809268,0.024279298,-5.100359916687012,-41.45133697986603,0.3035888671875,-2.47588683,1257.0
58,147,225792,1286,-0.013150518934708089,0.2,7040,0.9320403337478638,0.17402411997318268,0.0004092704424510632,0.890766566619277,0.014637375,0.1511603593826294,-41.47925114631653,0.0919189453125,-2.47588683,1257.0
0,1,226304,4015,-0.022610966640058905,0.2,7056,0.933875322341919,-0.029539961367845535,0.0004092704424510632,0.006316367456747685,0.0237146,-1.8784754276275635,-41.50944232940674,0.24560546875,-2.4756027100000004,1257.0
0,2,226816,1954,-0.004231423867167905,0.2,7072,0.9343137145042419,0.269258588552475,0.0004092704424510632,1.045687518082559,0.007819444,0.4169650673866272,-41.564610958099365,0.03369140625,-2.4756027100000004,1257.0
0,3,227328,1667,-0.02435737544146832,0.2,7088,0.9336100220680237,-0.03856375440955162,0.0004092704424510632,0.0049530002506799065,0.01803222,-0.4487464427947998,-41.554750204086304,0.2523193359375,-2.4756027100000004,1257.0
1,4,227840,1560,-0.025814562672167085,0.2,7104,0.9338721632957458,-0.03225520998239517,0.0004092704424510632,0.0037457399084814824,0.01596958,-0.046382784843444824,-41.54186499118805,0.2578125,-2.47721408,1257.0
1,5,228352,1499,-0.015395794325741008,0.2,7120,0.9339519143104553,0.17958825826644897,0.0004092704424510632,0.8969102669507265,0.011675922,0.42076534032821655,-41.54886746406555,0.0775146484375,-2.47721408,1257.0
2,6,228864,1464,-0.020715314472909085,0.2,7136,0.9340999722480774,-0.028336049988865852,0.0004092704424510632,0.009324996470240876,0.018959885,-3.2446765899658203,-41.547739148139954,0.229736328125,-2.47544744,1257.0
2,7,229376,1441,-0.006234324144315906,0.2,7152,0.9337990283966064,0.15050619840621948,0.0004092704424510632,0.869236933067441,0.012737131,0.34596365690231323,-41.5522004365921,0.0703125,-2.47544744,1257.0
2,8,229888,1424,-0.02453957890975289,0.2,7168,0.9334938526153564,-0.035614389926195145,0.0004092704424510632,0.007253139381646179,0.01915624,-1.7775976657867432,-41.53758442401886,0.2559814453125,-2.47544744,1257.0
3,9,230400,1411,-0.024850665926351212,0.2,7184,0.9316531419754028,-0.03538450971245766,0.0004092704424510632,0.0029047712523606606,0.014387651,-0.5350884199142456,-41.50992929935455,0.249755859375,-2.4777124799999997,1257.0
3,10,230912,1401,-0.008427486784057692,0.2,7200,0.9308507442474365,0.1786457896232605,0.0004092704424510632,0.7914210464805365,0.009643513,0.3943437933921814,-41.45242726802826,0.039306640625,-2.4777124799999997,1257.0
4,11,231424,1392,-0.028318148717517033,0.2,7216,0.9309473633766174,-0.03532390296459198,0.0004092704424510632,0.008390169459744357,0.016050799,-2.7295401096343994,-41.43908393383026,0.26318359375,-2.47886194,1257.0
4,12,231936,1385,-0.01203386057750322,0.2,7232,0.9306999444961548,0.18380151689052582,0.0004092704424510632,0.809755539521575,0.013293212,0.2976440191268921,-41.4312607049942,0.0643310546875,-2.47886194,1257.0
4,13,232448,1381,-0.024855871612089686,0.2,7248,0.9299288392066956,-0.03493710234761238,0.0004092704424510632,0.007760989203234203,0.022823127,-0.8028230667114258,-41.41282498836517,0.2982177734375,-2.47886194,1257.0
5,14,232960,1375,-0.023082091443939134,0.2,7264,0.9296538829803467,-0.020250778645277023,0.0004092704424510632,0.002190091254306026,0.016296329,-0.04089248180389404,-41.39532828330994,0.2296142578125,-2.47708353,1257.0
5,15,233472,1369,-0.01589674378919881,0.2,7280,0.929803729057312,0.10156776010990143,0.0004092704424510632,0.6487742932513356,0.015148435,0.32038718461990356,-41.395955204963684,0.1021728515625,-2.47708353,1257.0
6,16,233984,1365,-0.023207912978250533,0.2,7296,0.9295451045036316,-0.02200157567858696,0.0004092704424510632,0.01783944250200875,0.01883741,-10.260882377624512,-41.399158120155334,0.2528076171875,-2.47872675,1257.0
6,17,234496,1360,-0.008736469855648465,0.2,7312,0.929324746131897,0.19576750695705414,0.0004092704424510632,0.9029201790690422,0.0094592795,0.13364702463150024,-41.390260219573975,0.050048828125,-2.47872675,1257.0
6,18,235008,1353,-0.024976153072202578,0.2,7328,0.930303692817688,-0.03970587998628616,0.0004092704424510632,0.005642010626615956,0.014742426,-0.48081743717193604,-41.402878761291504,0.2486572265625,-2.47872675,1257.0
7,19,235520,1350,-0.025449895416386425,0.2,7344,0.9327449202537537,-0.043560970574617386,0.0004092704424510632,0.0035496775817591697,0.018589905,0.09785819053649902,-41.457409739494324,0.2545166015625,-2.47775986,1257.0
7,20,236032,1348,-0.01648195150482934,0.2,7360,0.9335285425186157,0.004439461976289749,0.0004092704424510632,0.3993885184172541,0.02051745,0.4594692587852478,-41.51841747760773,0.1153564453125,-2.47775986,1257.0
7,21,236544,1345,-0.026084995653945953,0.2,7376,0.93425452709198,-0.042170535773038864,0.0004092704424510632,0.017636661665164866,0.02357772,-11.826882362365723,-41.534647822380066,0.2840576171875,-2.4810218500000003,1257.0
8,22,237056,1342,-0.012035160238156095,0.2,7392,0.9342834949493408,0.1331673115491867,0.0004092704424510632,1.0365751767531037,0.016225647,0.11501222848892212,-41.549275279045105,0.133056640625,-2.4810218500000003,1257.0
8,23,237568,1339,-0.024083986747427844,0.2,7408,0.9350900053977966,-0.03254789486527443,0.0004092704424510632,0.005226956789556425,0.017771814,-1.350383996963501,-41.55265176296234,0.24267578125,-2.4810218500000003,1257.0
9,24,238080,1337,-0.022600834839977324,0.2,7424,0.9349042177200317,0.01958591490983963,0.0004092704424510632,0.1157364402897656,0.020362332,0.1985263228416443,-41.56736516952515,0.25537109375,-2.48222268,1257.0
9,25,238592,1334,-0.01687789286370389,0.2,7440,0.9349038004875183,-0.010977079160511494,0.0004092704424510632,0.12196895806118846,0.028347291,0.1760408878326416,-41.560129284858704,0.20361328125,-2.48222268,1257.0
9,26,239104,1331,-0.025061798420210835,0.2,7456,0.9340287446975708,-0.030013062059879303,0.0004092704424510632,0.011981544070295058,0.016603198,-9.318211555480957,-41.555349707603455,0.2686767578125,-2.4827551299999997,1257.0
10,27,239616,1328,-0.013257951432024129,0.2,7472,0.9333193898200989,0.12387068569660187,0.0004092704424510632,1.070559460669756,0.011010023,0.11764538288116455,-41.519015073776245,0.04248046875,-2.4827551299999997,1257.0
10,28,240128,1326,-0.02261113270651549,0.2,7488,0.932168185710907,-0.030250782147049904,0.0004092704424510632,0.00778910075314343,0.014216391,-1.7862632274627686,-41.491780400276184,0.2183837890625,-2.48283833,1257.0
11,29,240640,1323,-0.012830676554585807,0.2,7504,0.9317823648452759,0.2319433093070984,0.0004092704424510632,1.2139716427773237,0.011519596,0.43440937995910645,-41.4519704580307,0.0750732421875,-2.48283833,1257.0
11,30,241152,1321,-0.022759978397516534,0.2,7520,0.9313710331916809,-0.028235839679837227,0.0004092704424510632,0.005271686466585379,0.01673418,-2.3757333755493164,-41.44220995903015,0.2364501953125,-2.48283833,1257.0
12,31,241664,1319,-0.03205199266085401,0.2,7536,0.9321061372756958,-0.041058048605918884,0.0004092704424510632,0.00472119797632331,0.024928361,-0.04604446887969971,-41.44393789768219,0.3062744140625,-2.4831444099999995,1257.0
12,32,242176,1317,-0.01489709597080946,0.2,7552,0.9326316714286804,0.1863236129283905,0.0004092704424510632,0.8618506416678429,0.012134448,0.4227212071418762,-41.46684217453003,0.074951171875,-2.4831444099999995,1257.0
12,33,242688,1316,-0.02563199627911672,0.2,7568,0.9327322244644165,-0.027558762580156326,0.0004092704424510632,0.03876745922025293,0.022154924,-3.1066627502441406,-41.47843813896179,0.259521484375,-2.4849892899999997,1257.0
13,34,243200,1314,-0.0070786850701551884,0.2,7584,0.9328555464744568,0.15854600071907043,0.0004092704424510632,1.0181551203131676,0.011071435,0.21449315547943115,-41.48690974712372,0.0592041015625,-2.4849892899999997,1257.0
13,35,243712,1313,-0.02065024833427742,0.2,7600,0.9330613017082214,-0.024826517328619957,0.0004092704424510632,0.005843205719429534,0.015982721,-0.6259123086929321,-41.50306022167206,0.21142578125,-2.4849892899999997,1257.0
14,36,244224,1312,-0.02519400915480219,0.2,7616,0.9330940842628479,-0.042007431387901306,0.0004092704424510632,0.004902281463728286,0.01735956,-0.32360172271728516,-41.50224268436432,0.251953125,-2.48183363,1257.0
14,37,244736,1311,-0.012531354601378553,0.2,7632,0.9336805939674377,0.16852998733520508,0.0004092704424510632,0.8179690837860107,0.012726992,0.38276171684265137,-41.51276993751526,0.0552978515625,-2.48183363,1257.0
14,38,245248,1310,-0.026880993755185045,0.2,7648,0.934417724609375,-0.03768669068813324,0.0004092704424510632,0.008554046260542236,0.017995698,-3.3290295600891113,-41.531975626945496,0.25048828125,-2.4809641399999998,1257.0
15,39,245760,1308,-0.010035815634182654,0.2,7664,0.9345517158508301,0.1302093267440796,0.0004092704424510632,0.8546822387725115,0.012077092,0.34755152463912964,-41.54597747325897,0.054931640625,-2.4809641399999998,1257.0
15,40,246272,1305,-0.019711092878424097,0.2,7680,0.9340335726737976,-0.022300301119685173,0.0004092704424510632,0.004945820510329213,0.018095495,-4.199054718017578,-41.53942930698395,0.2198486328125,-2.4809641399999998,1257.0
16,41,246784,1305,-0.023540246078482596,0.2,7696,0.9351751804351807,-0.036942869424819946,0.0004092704424510632,0.002338888112717541,0.013369737,-0.13374149799346924,-41.53626847267151,0.2095947265625,-2.4813425000000002,1257.0
16,42,247296,1304,-0.009081435571715701,0.2,7712,0.9355520606040955,0.12702390551567078,0.0004092704424510632,0.6973923332989216,0.009513633,0.3693351745605469,-41.55601680278778,0.052001953125,-2.4813425000000002,1257.0
16,43,247808,1303,-0.01796040371118579,0.2,7728,0.934435248374939,-0.02362741157412529,0.0004092704424510632,0.018453516109730117,0.016313707,-12.25085735321045,-41.54754424095154,0.1923828125,-2.48289175,1257.0
17,44,248320,1303,-0.015149749066040386,0.2,7744,0.933978796005249,0.2145761102437973,0.0004092704424510632,0.9445113288238645,0.011143941,0.16645103693008423,-41.51771414279938,0.0643310546875,-2.48289175,1257.0
17,45,248832,1301,-0.03249434125609696,0.2,7760,0.9345737099647522,-0.03605679050087929,0.0004092704424510632,0.0034206874552182853,0.018542074,-0.938096284866333,-41.518179297447205,0.3057861328125,-2.48289175,1257.0
18,46,249344,1300,-0.029920029366621748,0.2,7776,0.9348346590995789,-0.02831987291574478,0.0004092704424510632,0.0030576223580283113,0.017499875,0.025834977626800537,-41.52096128463745,0.2640380859375,-2.4802093100000002,1257.0
18,47,249856,1300,-0.01480569812702015,0.2,7792,0.9346516728401184,0.06837939471006393,0.0004092704424510632,0.44606260606087744,0.016634975,0.4351230263710022,-41.51235342025757,0.097412109375,-2.4802093100000002,1257.0
18,48,250368,1299,-0.020009564730571583,0.2,7808,0.936108410358429,-0.03255277872085571,0.0004092704424510632,0.03541378167574294,0.020956744,-12.885457992553711,-41.527287006378174,0.2203369140625,-2.4794575600000006,1257.0
19,49,250880,1298,-0.014896244407282211,0.2,7824,0.9367673397064209,0.1987813115119934,0.0004092704424510632,1.1237366814166307,0.012591431,0.12460070848464966,-41.57361388206482,0.073974609375,-2.4794575600000006,1257.0
19,50,251392,1298,-0.025646417008829303,0.2,7840,0.9384559988975525,-0.0405169315636158,0.0004092704424510632,0.006724879756802693,0.01673488,-1.963029384613037,-41.60681211948395,0.2520751953125,-2.4794575600000006,1257.0
20,51,251904,1297,-0.01825553079834208,0.2,7856,0.9381108283996582,-0.01882719062268734,0.0004092704424510632,0.006074382996303029,0.023928523,-3.824059009552002,-41.65027868747711,0.2850341796875,-2.47935806,1257.0
20,52,252416,1297,-0.018065838201437145,0.2,7872,0.9365849494934082,-0.0009808987379074097,0.0004092704424510632,0.5859531434252858,0.062609404,0.0045531392097473145,-41.6061714887619,0.3939208984375,-2.47935806,1257.0
20,53,252928,1296,-0.02385657114791684,0.2,7888,0.9359011054039001,-0.03035397082567215,0.0004092704424510632,0.005985324605717324,0.02368889,-2.4652867317199707,-41.574851274490356,0.2840576171875,-2.48036435,1257.0
21,54,253440,1295,-0.014887413941323757,0.2,7904,0.9356762170791626,0.24614891409873962,0.0004092704424510632,1.7153346501290798,0.014042674,0.012185096740722656,-41.55695557594299,0.1697998046875,-2.48036435,1257.0
21,55,253952,1295,-0.024600140372058377,0.2,7920,0.9347312450408936,-0.029779236763715744,0.0004092704424510632,0.024939761497080326,0.024950262,-4.256404399871826,-41.54632031917572,0.2735595703125,-2.47592874,1257.0
22,56,254464,1295,-0.014328738616313785,0.2,7936,0.9343776702880859,0.21063697338104248,0.0004092704424510632,0.9822508748620749,0.012735622,0.47170358896255493,-41.520206451416016,0.0780029296875,-2.47592874,1257.0
22,57,254976,1295,-0.019697820214787498,0.2,7952,0.9341027140617371,-0.02790902554988861,0.0004092704424510632,0.005529374197067227,0.014205107,-3.848062038421631,-41.508753418922424,0.2049560546875,-2.47592874,1257.0
22,58,255488,1295,-0.028771908648195677,0.2,7968,0.9338361024856567,-0.027898307889699936,0.0004092704424510632,0.0052014237735420465,0.014981756,-0.004140973091125488,-41.500710129737854,0.2567138671875,-2.47845343,1257.0
23,59,256000,1296,-0.007952895903144963,0.2,7984,0.933659017086029,0.18954069912433624,0.0004092704424510632,0.9178391247987747,0.017449977,0.4142506718635559,-41.49358296394348,0.08251953125,-2.47845343,1257.0
23,60,256512,1296,-0.03043320553842932,0.2,8000,0.9332682490348816,-0.04005996137857437,0.0004092704424510632,0.012376782862702385,0.023023834,-2.302917957305908,-41.47950553894043,0.3109130859375,-2.47969582,1257.0
24,61,257024,1296,-0.012850729137426242,0.2,8016,0.9333527088165283,0.256811261177063,0.0004092704424510632,0.9272297769784927,0.010713324,0.3745170831680298,-41.467334389686584,0.071044921875,-2.47969582,1257.0
24,62,257536,1296,-0.03399380834889598,0.2,8032,0.9335473775863647,-0.04304078221321106,0.0004092704424510632,0.005290360379149206,0.020250354,-0.5440965890884399,-41.47323501110077,0.306884765625,-2.47969582,1257.0
24,63,258048,1296,-0.032091788336401805,0.2,8048,0.9344994425773621,-0.03382638841867447,0.0004092704424510632,0.003303871511889156,0.024859518,-0.49835312366485596,-41.48361778259277,0.3272705078125,-2.4786576200000003,1257.0
25,64,258560,1296,-0.015238599611620884,0.2,8064,0.9349309802055359,0.17960421741008759,0.0004092704424510632,0.7931156428530812,0.01540322,0.4032379984855652,-41.50901222229004,0.0863037109375,-2.4786576200000003,1257.0
25,65,259072,1296,-0.021543813607422635,0.2,8080,0.9356637597084045,-0.02780480869114399,0.0004092704424510632,0.009407745223143138,0.024557205,-5.473237037658691,-41.51801359653473,0.2861328125,-2.47713228,1257.0
26,66,259584,1295,-0.013483573507983238,0.2,8096,0.9352365732192993,0.2187766283750534,0.0004092704424510632,0.784392231144011,0.012184154,0.2949584126472473,-41.514338970184326,0.110595703125,-2.47713228,1257.0
26,67,260096,1295,-0.026601724384818226,0.2,8112,0.9343592524528503,-0.035467274487018585,0.0004092704424510632,0.006383698018908035,0.01959164,-0.498584508895874,-41.497681736946106,0.2735595703125,-2.47713228,1257.0
26,68,260608,1295,-0.031174893345450982,0.2,8128,0.9333702921867371,-0.03933132439851761,0.0004092704424510632,0.0026834086020244285,0.028047675,-0.8066308498382568,-41.471068263053894,0.326171875,-2.47610323,1257.0
27,69,261120,1295,-0.011133740059449337,0.2,8144,0.9333094358444214,0.11454148590564728,0.0004092704424510632,0.6607604403980076,0.0148733165,0.39440852403640747,-41.461466550827026,0.0858154296875,-2.47610323,1257.0
27,70,261632,1295,-0.020480533508816734,0.2,8160,0.9320122599601746,-0.03248770162463188,0.0004092704424510632,0.02891598269343376,0.021689191,-10.351861953735352,-41.44162929058075,0.22509765625,-2.4738422300000003,1257.0
28,71,262144,1296,-0.008475479582557455,0.2,8176,0.9314309358596802,0.16672229766845703,0.0004092704424510632,0.8442209050990641,0.011291194,0.15281426906585693,-41.401918053627014,0.0731201171875,-2.4738422300000003,1257.0
28,72,262656,1296,-0.016083310649264604,0.2,8192,0.9306265711784363,-0.025585506111383438,0.0004092704424510632,0.005790613315184601,0.011987769,-1.4661288261413574,-41.381091475486755,0.171875,-2.4738422300000003,1257.0
28,73,263168,1296,-0.030018913035746664,0.2,8208,0.9308338165283203,-0.030968910083174706,0.0004092704424510632,0.0032871831208467484,0.0220031,-0.35263514518737793,-41.36817729473114,0.26953125,-2.47481825,1257.0
29,74,263680,1296,-0.014712939911987633,0.2,8224,0.9309576749801636,0.058843761682510376,0.0004092704424510632,0.49257191782817245,0.014722039,0.37568384408950806,-41.377195715904236,0.0938720703125,-2.47481825,1257.0
29,75,264192,1296,-0.01944231372908689,0.2,8240,0.9328972697257996,-0.016444744542241096,0.0004092704424510632,0.010379557221313007,0.01777114,-4.791192054748535,-41.40565550327301,0.2353515625,-2.47399964,1257.0
30,76,264704,1296,-0.0065942322835326195,0.2,8256,0.9332878589630127,0.16297322511672974,0.0004092704424510632,1.0160858575254679,0.01636742,0.24519813060760498,-41.458529114723206,0.0533447265625,-2.47399964,1257.0
30,77,265216,1296,-0.030142883755615912,0.2,8272,0.9336923360824585,-0.03884151205420494,0.0004092704424510632,0.020244979532435536,0.026986113,-0.013203144073486328,-41.460667967796326,0.342529296875,-2.47399964,1257.0
30,78,265728,1297,-0.020716802508104593,0.2,8288,0.9335910677909851,0.03383495286107063,0.0004092704424510632,0.2624654967803508,0.019763336,0.37356317043304443,-41.466230273246765,0.1884765625,-2.47461783,1257.0
31,79,266240,1297,-0.02563175416435115,0.2,8304,0.9319549202919006,-0.011393260210752487,0.0004092704424510632,0.15241671673720703,0.047741417,0.7003062963485718,-41.43038630485535,0.36767578125,-2.47461783,1257.0
31,80,266752,1297,-0.02205569521174766,0.2,8320,0.9327419400215149,-0.027290651574730873,0.0004092704424510632,0.007890909648267552,0.01564096,-0.9550763368606567,-41.40857267379761,0.25390625,-2.4734092000000003,1257.0
31,81,267264,1297,-0.010716642631450668,0.2,8336,0.9325180053710938,0.21504651010036469,0.0004092704424510632,0.8071821937337518,0.01625114,0.42066794633865356,-41.41102588176727,0.0830078125,-2.4734092000000003,1257.0
32,82,267776,1297,-0.023689873225521296,0.2,8352,0.9323827028274536,-0.014105536043643951,0.0004092704424510632,0.037888322374783456,0.024414958,-0.6594903469085693,-41.39737069606781,0.281982421875,-2.47682409,1257.0
32,83,268288,1297,-0.011253677650529426,0.2,8368,0.9322707653045654,0.2120707780122757,0.0004092704424510632,0.7522769756615162,0.015408807,0.4381117820739746,-41.38936984539032,0.0755615234375,-2.47682409,1257.0
33,84,268800,1297,-0.026832560310140252,0.2,8384,0.930914580821991,-0.04124869033694267,0.0004092704424510632,0.004193711727566551,0.020266406,-1.787773609161377,-41.37301707267761,0.286376953125,-2.47682409,1257.0
33,85,269312,1297,-0.026124267955310643,0.2,8400,0.9316359162330627,-0.045329153537750244,0.0004092704424510632,0.0052125906076980755,0.014800152,-0.08502459526062012,-41.34586453437805,0.2235107421875,-2.47947034,1257.0
33,86,269824,1297,-0.02066983940312639,0.2,8416,0.9317662119865417,0.13023246824741364,0.0004092704424510632,0.7255705837160349,0.017749362,0.4486461877822876,-41.352877259254456,0.13623046875,-2.47947034,1257.0
34,87,270336,1297,-0.02236069954233244,0.2,8432,0.9323009848594666,-0.0339454710483551,0.0004092704424510632,0.016568311693845317,0.02124842,-2.9426748752593994,-41.35703909397125,0.2314453125,-2.47881747,1257.0
34,88,270848,1296,-0.006860870918899309,0.2,8448,0.932327389717102,0.10407876968383789,0.0004092704424510632,0.9705742420628667,0.01010744,0.1937444806098938,-41.368860721588135,0.0587158203125,-2.47881747,1257.0
35,89,271360,1296,-0.027503775811055675,0.2,8464,0.9321058988571167,-0.03852992504835129,0.0004092704424510632,0.004588515068462584,0.020063873,-1.275650978088379,-41.36276042461395,0.2449951171875,-2.47881747,1257.0
35,90,271872,1296,-0.027804603378172033,0.2,8480,0.9333036541938782,-0.026574186980724335,0.0004092704424510632,0.0031595433902111836,0.021695523,-0.4014095067977905,-41.3732146024704,0.2926025390625,-2.47900043,1257.0
35,91,272384,1296,-0.008518356247805059,0.2,8496,0.9339041113853455,0.11205244064331055,0.0004092704424510632,0.8274094853550196,0.00846607,0.3965410590171814,-41.41219449043274,0.02294921875,-2.47900043,1257.0
36,92,272896,1296,-0.023633763543330133,0.2,8512,0.9345904588699341,-0.022876441478729248,0.0004092704424510632,0.02807018396561034,0.022072604,-9.947487831115723,-41.43235445022583,0.2593994140625,-2.4825685300000004,1257.0
36,93,273408,1296,-0.0113256135082338,0.2,8528,0.9349764585494995,0.19915051758289337,0.0004092704424510632,0.9321566987782717,0.01035952,0.14918172359466553,-41.463061809539795,0.06396484375,-2.4825685300000004,1257.0
37,94,273920,1296,-0.019870726129738614,0.2,8544,0.9373794198036194,-0.03525913134217262,0.0004092704424510632,0.003112870781478705,0.012581609,-0.6720941066741943,-41.499995946884155,0.2032470703125,-2.4825685300000004,1257.0
37,95,274432,1296,-0.025791364401811734,0.2,8560,0.9358846545219421,-0.02829154208302498,0.0004092704424510632,0.003036324149434222,0.015870648,-0.4648531675338745,-41.52819073200226,0.2408447265625,-2.4813669000000003,1257.0
37,96,274944,1297,-0.016263568119029514,0.2,8576,0.9352942109107971,0.09447548538446426,0.0004092704424510632,0.7164036808535457,0.02268821,0.3887266516685486,-41.481340289115906,0.1505126953125,-2.4813669000000003,1257.0
38,97,275456,1297,-0.024100644470308907,0.2,8592,0.932593584060669,-0.030491895973682404,0.0004092704424510632,0.029216584109235555,0.016587464,-7.779172897338867,-41.442551493644714,0.2401123046875,-2.4814569,1257.0
38,98,275968,1297,-0.007954067317768931,0.2,8608,0.9316539764404297,0.264804482460022,0.0004092704424510632,0.9585118973627687,0.00824561,0.17867839336395264,-41.3577800989151,0.042724609375,-2.4814569,1257.0
39,99,276480,1297,-0.029440385493217036,0.2,8624,0.9302741289138794,-0.03802140802145004,0.0004092704424510632,0.005230084476352204,0.019703614,-0.457547664642334,-41.334259152412415,0.267578125,-2.4814569,1257.0
39,100,276992,1297,-0.030888341541867703,0.2,8640,0.9315206408500671,-0.03743886947631836,0.0004092704424510632,0.019981755991466343,0.027885983,0.2502674460411072,-41.32857918739319,0.33740234375,-2.47955132,1257.0
39,101,277504,1297,-0.014720152292284183,0.2,8656,0.9317236542701721,0.11985726654529572,0.0004092704424510632,0.5392412268556654,0.014890617,0.6685750484466553,-41.36172306537628,0.118408203125,-2.47955132,1257.0
40,102,278016,1297,-0.019782332732575014,0.2,8672,0.9309379458427429,-0.01943068951368332,0.0004092704424510632,0.07514490222092718,0.026749626,-12.771766662597656,-41.35437512397766,0.2447509765625,-2.47871302,1257.0
40,103,278528,1297,-0.01137064975409885,0.2,8688,0.9308243989944458,0.17368580400943756,0.0004092704424510632,1.065502061508596,0.01025961,0.20780295133590698,-41.333205342292786,0.0611572265625,-2.47871302,1257.0
41,104,279040,1297,-0.028200504515552893,0.2,8704,0.932816743850708,-0.03387032821774483,0.0004092704424510632,0.006275639301748015,0.022634009,-0.6441506147384644,-41.3557767868042,0.2916259765625,-2.47871302,1257.0
41,105,279552,1297,-0.027661397791234776,0.2,8720,0.934856653213501,-0.039045657962560654,0.0004092704424510632,0.004616577694832813,0.01604571,0.1592767834663391,-41.435805916786194,0.2470703125,-2.48054799,1257.0
41,106,280064,1297,-0.022480146115412936,0.2,8736,0.9353570342063904,-0.02337714657187462,0.0004092704424510632,0.25790830148616806,0.020199746,0.12429505586624146,-41.468801975250244,0.185302734375,-2.48054799,1257.0
42,107,280576,1297,-0.03048526996280998,0.2,8752,0.9341117739677429,-0.04360438138246536,0.0004092704424510632,0.00947224949777592,0.02315005,-5.886911869049072,-41.457903146743774,0.32421875,-2.4808065399999997,1257.0
42,108,281088,1297,-0.018688651180127636,0.2,8768,0.9335957765579224,0.18952041864395142,0.0004092704424510632,0.9919377211481333,0.018534021,0.3047090172767639,-41.42536640167236,0.0877685546875,-2.4808065399999997,1257.0
43,109,281600,1297,-0.023937645397381857,0.2,8784,0.9336408376693726,-0.0156635083258152,0.0004092704424510632,0.026059605297632515,0.02163371,-0.05327486991882324,-41.41616141796112,0.2755126953125,-2.4846434399999997,1257.0
43,110,282112,1297,-0.01600378446164541,0.2,8800,0.9336389899253845,0.3091418445110321,0.0004092704424510632,0.9695504494011402,0.0122339595,0.577377200126648,-41.404558539390564,0.1002197265625,-2.4846434399999997,1257.0
43,111,282624,1297,-0.023053936078213155,0.2,8816,0.9321163892745972,-0.031366921961307526,0.0004092704424510632,0.005391947845055256,0.017775234,-1.8741142749786377,-41.38671553134918,0.249755859375,-2.4846434399999997,1257.0
44,112,283136,1297,-0.026242668929626234,0.2,8832,0.9324930906295776,-0.03642833232879639,0.0004092704424510632,0.004923383297864348,0.016724538,-0.06900060176849365,-41.360618114471436,0.26123046875,-2.48359732,1257.0
44,113,283648,1297,-0.007607007748447359,0.2,8848,0.9327723979949951,0.21324294805526733,0.0004092704424510632,1.0245720651000738,0.011620173,0.45976823568344116,-41.37830913066864,0.0526123046875,-2.48359732,1257.0
44,114,284160,1297,-0.025630355929024518,0.2,8864,0.9352046847343445,-0.037344351410865784,0.0004092704424510632,0.0072158454422606155,0.017567541,-4.175366401672363,-41.41191565990448,0.2584228515625,-2.4830010799999997,1257.0
45,115,284672,1297,-0.012732495037198532,0.2,8880,0.9364742040634155,0.21326427161693573,0.0004092704424510632,0.8989735217764974,0.015765063,0.34729355573654175,-41.48225784301758,0.0540771484375,-2.4830010799999997,1257.0
45,116,285184,1297,-0.02901596057927236,0.2,8896,0.936366856098175,-0.04436401277780533,0.0004092704424510632,0.005973129278572742,0.030109733,-8.24729061126709,-41.503196597099304,0.328125,-2.4830010799999997,1257.0
46,117,285696,1297,-0.026987629244104028,0.2,8912,0.9369773864746094,-0.0370333269238472,0.0004092704424510632,0.003927448517060839,0.016836133,-0.07436680793762207,-41.50241696834564,0.267578125,-2.48346096,1257.0
46,118,286208,1297,-0.011952367545745801,0.2,8928,0.937219500541687,0.2062699794769287,0.0004092704424510632,0.8807991640642285,0.014878404,0.41472119092941284,-41.515265464782715,0.079833984375,-2.48346096,1257.0
46,119,286720,1297,-0.029931397206382826,0.2,8944,0.9374822378158569,-0.03519953042268753,0.0004092704424510632,0.007497695005440619,0.022231095,-4.651586055755615,-41.52033305168152,0.301513671875,-2.4830632500000003,1257.0
47,120,287232,1297,-0.006663127169304062,0.2,8960,0.9372690320014954,0.1820853054523468,0.0004092704424510632,0.8438624646514654,0.010342524,0.3289449214935303,-41.51698076725006,0.059814453125,-2.4830632500000003,1257.0
47,121,287744,1297,-0.024191423566662706,0.2,8976,0.9369467496871948,-0.040361639112234116,0.0004092704424510632,0.007457670028088614,0.022769285,-3.8543505668640137,-41.50232136249542,0.280517578125,-2.4830632500000003,1257.0
48,122,288256,1297,-0.02122761751525104,0.2,8992,0.9369692802429199,-0.0324135459959507,0.0004092704424510632,0.003013032841408858,0.014646494,-0.18520069122314453,-41.49839174747467,0.208984375,-2.48307069,1257.0
48,123,288768,1297,-0.007486580463591963,0.2,9008,0.9364007115364075,0.16954080760478973,0.0004092704424510632,0.7664359398186207,0.011950934,0.3718903064727783,-41.50074291229248,0.0509033203125,-2.48307069,1257.0
48,124,289280,1297,-0.02618756329320604,0.2,9024,0.9384649395942688,-0.0349125936627388,0.0004092704424510632,0.011983708027401008,0.018033661,-6.262857913970947,-41.506011962890625,0.26513671875,-2.48360904,1257.0
49,125,289792,1297,-0.011935043163248338,0.2,9040,0.9396817684173584,0.2227179855108261,0.0004092704424510632,1.048059075139463,0.012772385,0.24201852083206177,-41.57813775539398,0.068115234375,-2.48360904,1257.0
49,126,290304,1297,-0.0286898821068462,0.2,9056,0.9381390810012817,-0.028174491599202156,0.0004092704424510632,0.004561027177260257,0.015696403,-0.8243597745895386,-41.56344497203827,0.2559814453125,-2.48360904,1257.0
50,127,290816,1297,-0.030116628273390234,0.2,9072,0.9377350807189941,-0.03594052791595459,0.0004092704424510632,0.0035456969490041956,0.016819425,-0.07472789287567139,-41.51208519935608,0.2725830078125,-2.4826084,1257.0
50,128,291328,1297,-0.013267216127132997,0.2,9088,0.9373713731765747,0.11329866200685501,0.0004092704424510632,0.5394510987680405,0.017956365,0.4458610415458679,-41.51147735118866,0.1021728515625,-2.4826084,1257.0
50,129,291840,1297,-0.024357352900551632,0.2,9104,0.9379521012306213,-0.031911663711071014,0.0004092704424510632,0.02724060427863151,0.018778462,-12.019878387451172,-41.49974799156189,0.2548828125,-2.48019297,1257.0
51,130,292352,1297,-0.015095490074600093,0.2,9120,0.9387471675872803,0.1725909262895584,0.0004092704424510632,0.958144610747695,0.017095186,0.13955986499786377,-41.52368175983429,0.1153564453125,-2.48019297,1257.0
51,131,292864,1297,-0.028200941247632727,0.2,9136,0.9390307068824768,-0.034111905843019485,0.0004092704424510632,0.008733622802537866,0.023400221,-0.5929782390594482,-41.539974331855774,0.2698974609375,-2.48019297,1257.0
52,132,293376,1297,-0.032206464355112985,0.2,9152,0.9378356337547302,0.059378787875175476,0.0004092704424510632,0.23051916481927037,0.02619046,0.44280433654785156,-41.53477323055267,0.291259765625,-2.4814702299999998,1257.0
52,133,293888,1297,-0.020816362244659103,0.2,9168,0.9372314810752869,-0.015201080590486526,0.0004092704424510632,0.15780922645353712,0.025373228,0.7880897521972656,-41.506237268447876,0.2637939453125,-2.4814702299999998,1257.0
52,134,294400,1297,-0.023956248624017462,0.2,9184,0.936816930770874,-0.03691203147172928,0.0004092704424510632,0.0083310216141399,0.020500585,-3.1050119400024414,-41.48607838153839,0.2822265625,-2.48215665,1257.0
53,135,294912,1297,-0.005018435884267092,0.2,9200,0.9363296627998352,0.1938987374305725,0.0004092704424510632,0.9855839563533664,0.0096262,0.3150285482406616,-41.46984076499939,0.0308837890625,-2.48215665,1257.0
53,136,295424,1297,-0.027245305507676676,0.2,9216,0.9366276264190674,-0.0535605289041996,0.0004092704424510632,0.005146195544512011,0.017940652,-2.3119378089904785,-41.45482695102692,0.2498779296875,-2.48350421,1257.0
54,137,295936,1297,-0.016376725761801936,0.2,9232,0.9367061853408813,0.24596761167049408,0.0004092704424510632,0.8484799917787313,0.017343912,0.4348370432853699,-41.45681309700012,0.096435546875,-2.48350421,1257.0
54,138,296448,1297,-0.02763012632203754,0.2,9248,0.9358671307563782,-0.0333026722073555,0.0004092704424510632,0.005386464144976344,0.020581765,-1.0694351196289062,-41.447203397750854,0.299560546875,-2.48350421,1257.0
54,139,296960,1297,-0.024997339671244845,0.2,9264,0.9343631267547607,-0.03310949727892876,0.0004092704424510632,0.0054105278686620295,0.01990065,-0.06826364994049072,-41.40490233898163,0.2440185546875,-2.4818624399999996,1257.0
55,140,297472,1297,-0.008831689992803149,0.2,9280,0.9339630007743835,0.19453176856040955,0.0004092704424510632,0.8649132866412401,0.010470418,0.453895628452301,-41.35855722427368,0.04296875,-2.4818624399999996,1257.0
55,141,297984,1297,-0.02382874993782025,0.2,9296,0.9331868290901184,-0.0275271013379097,0.0004092704424510632,0.011551011892152019,0.023540726,-5.120143890380859,-41.35003304481506,0.2764892578125,-2.48465584,1257.0
56,142,298496,1297,-0.010217751405434683,0.2,9312,0.9328081011772156,0.1423686146736145,0.0004092704424510632,1.117602969519794,0.009365523,0.18774563074111938,-41.33620202541351,0.034912109375,-2.48465584,1257.0
56,143,299008,1297,-0.02493174630217254,0.2,9328,0.9339863657951355,-0.03827865049242973,0.0004092704424510632,0.004752211214508861,0.019026604,-1.5985023975372314,-41.34702205657959,0.3099365234375,-2.48465584,1257.0
56,144,299520,1297,-0.026561417616903782,0.2,9344,0.9349971413612366,-0.02661748416721821,0.0004092704424510632,0.004151393390202429,0.019942435,-0.2406538724899292,-41.39514243602753,0.310546875,-2.4843929399999998,1257.0
57,145,300032,1297,-0.0051035449432674795,0.2,9360,0.9350977540016174,0.1915152221918106,0.0004092704424510632,0.94252575840801,0.007871032,0.3982006311416626,-41.41237938404083,0.033935546875,-2.4843929399999998,1257.0
57,146,300544,1297,-0.0242746657168027,0.2,9376,0.9353169798851013,-0.030449045822024345,0.0004092704424510632,0.01162415961152874,0.027771419,-5.907756805419922,-41.415335297584534,0.2802734375,-2.48425877,1257.0
58,147,301056,1297,-0.012320428992097732,0.2,9392,0.9353623986244202,0.21827678382396698,0.0004092704424510632,0.8813381381332874,0.014254842,0.28788089752197266,-41.42397677898407,0.072509765625,-2.48425877,1257.0
