time/total_timesteps,time/fps,time/iterations,time/time_elapsed,train/value_loss,train/entropy_loss,train/clip_range,train/explained_variance,train/clip_fraction,train/policy_gradient_loss,train/loss,train/std,train/approx_kl,train/learning_rate,train/n_updates,rollout/ep_len_mean,rollout/ep_rew_mean
512,3825,1,0,,,,,,,,,,,,,
1024,2376,2,0,0.16721648603561334,-44.00132763385773,0.2,-0.37549734115600586,0.287841796875,-0.03832916483224835,-0.04417750984430313,1.0014097690582275,0.019744955,0.0004092704424510632,16,,
1536,2085,3,0,0.003803197934757918,-44.04889214038849,0.2,0.056082189083099365,0.26611328125,-0.030973076354712248,-0.03202290087938309,1.002338171005249,0.019594181,0.0004092704424510632,32,1257.0,-2.44911
2048,1968,4,1,0.011519068299094215,-44.04787564277649,0.2,-0.010013937950134277,0.314697265625,-0.02699986594961956,-0.031059259548783302,1.0015684366226196,0.019905545,0.0004092704424510632,48,1257.0,-2.44911
2560,1926,5,1,0.00270592060405761,-44.03625011444092,0.2,0.0070002079010009766,0.2635498046875,-0.026092457468621433,-0.033974602818489075,1.0020118951797485,0.016832605,0.0004092704424510632,64,1257.0,-2.499826
3072,1908,6,1,0.022113918676041067,-44.03752887248993,0.2,-0.014230608940124512,0.3057861328125,-0.030992808198789135,-0.03172113746404648,1.0009440183639526,0.021238469,0.0004092704424510632,80,1257.0,-2.499826
3584,1894,7,1,0.007128128956537694,-43.99229907989502,0.2,0.021477341651916504,0.3292236328125,-0.03748187207384035,-0.053845301270484924,1.000087022781372,0.024655366,0.0004092704424510632,96,1257.0,-2.499826
4096,1879,8,2,0.004877876497630496,-43.95837736129761,0.2,0.011054039001464844,0.280029296875,-0.024625971898785792,-0.028091732412576675,0.9983253479003906,0.017594405,0.0004092704424510632,112,1257.0,-2.578942666666667
4608,1857,9,2,0.03690143127460033,-43.93294060230255,0.2,0.0007562041282653809,0.31494140625,-0.026680044567910954,-0.020918363705277443,0.9993846416473389,0.020080991,0.0004092704424510632,128,1257.0,-2.578942666666667
5120,1839,10,2,0.0019310978877911111,-43.947720527648926,0.2,0.0174560546875,0.26708984375,-0.028186315175844356,-0.030346110463142395,0.9980930685997009,0.016160235,0.0004092704424510632,144,1257.0,-2.5614555
5632,1827,11,3,0.043593038397375494,-43.85773766040802,0.2,-0.0018194913864135742,0.2275390625,-0.021417244017357007,-0.0066726328805089,0.9939480423927307,0.014168758,0.0004092704424510632,160,1257.0,-2.5614555
6144,1822,12,3,0.006714299146551639,-43.75990116596222,0.2,0.020054399967193604,0.2685546875,-0.02521640395571012,-0.02420794777572155,0.9932854771614075,0.01364488,0.0004092704424510632,176,1257.0,-2.5614555
6656,1817,13,3,0.004916213714750484,-43.765836119651794,0.2,0.007048666477203369,0.25048828125,-0.024207162219681777,-0.03596803545951843,0.9934543371200562,0.016408231,0.0004092704424510632,192,1257.0,-2.5814008
7168,1816,14,3,0.058403335395269096,-43.76774549484253,0.2,0.0011155009269714355,0.3043212890625,-0.032540264597628266,-0.010778035968542099,0.9933801889419556,0.025912486,0.0004092704424510632,208,1257.0,-2.5814008
7680,1810,15,4,0.003192195919837104,-43.7487713098526,0.2,-0.004069209098815918,0.2109375,-0.021996853436576203,-0.018973683938384056,0.9919660091400146,0.015616646,0.0004092704424510632,224,1257.0,-2.5167198333333336
8192,1807,16,4,0.05970572994556278,-43.67882549762726,0.2,0.0011419057846069336,0.2640380859375,-0.024782300926744938,-0.006178293377161026,0.9892918467521667,0.01939009,0.0004092704424510632,240,1257.0,-2.5167198333333336
8704,1802,17,4,0.0069243493635440245,-43.622021555900574,0.2,0.014004886150360107,0.2119140625,-0.022866101120598614,-0.03325202316045761,0.9888671636581421,0.017703976,0.0004092704424510632,256,1257.0,-2.5167198333333336
9216,1798,18,5,0.005251891350781079,-43.63941311836243,0.2,0.0038303136825561523,0.1925048828125,-0.018893750791903585,-0.024102833122015,0.9900531768798828,0.014498778,0.0004092704424510632,272,1257.0,-2.5177210000000003
9728,1791,19,5,0.08479572390206158,-43.69356691837311,0.2,0.00260847806930542,0.3065185546875,-0.030281688683317043,0.0008942000567913055,0.9922452569007874,0.024229102,0.0004092704424510632,288,1257.0,-2.5177210000000003
10240,1786,20,5,0.004010374839708675,-43.72404360771179,0.2,-0.19469332695007324,0.234619140625,-0.023878771084127948,-0.03212033212184906,0.9915309548377991,0.01899634,0.0004092704424510632,304,1257.0,-2.533795875
10752,1783,21,6,0.08594579831697047,-43.65734148025513,0.2,0.01616978645324707,0.27978515625,-0.025450270506553352,0.018982546404004097,0.988187849521637,0.017011687,0.0004092704424510632,320,1257.0,-2.533795875
11264,1780,22,6,0.007571298163384199,-43.58483338356018,0.2,-0.07098925113677979,0.2874755859375,-0.029955308011267334,-0.039720602333545685,0.9881576299667358,0.02065077,0.0004092704424510632,336,1257.0,-2.533795875
11776,1778,23,6,0.004277065349015174,-43.617069602012634,0.2,0.0009586811065673828,0.232421875,-0.026189968280959874,-0.03896467760205269,0.9894354343414307,0.016922986,0.0004092704424510632,352,1257.0,-2.5246033333333333
12288,1775,24,6,0.09936264366842806,-43.64885401725769,0.2,0.004988491535186768,0.275146484375,-0.0291305735881906,0.0033123306930065155,0.9901332855224609,0.026730059,0.0004092704424510632,368,1257.0,-2.5246033333333333
12800,1776,25,7,0.005265699845040217,-43.63702726364136,0.2,-0.5898499488830566,0.2515869140625,-0.02939498017076403,-0.037992704659700394,0.988723635673523,0.019842152,0.0004092704424510632,384,1257.0,-2.5381903
13312,1774,26,7,0.1127178710885346,-43.603750109672546,0.2,-2.4557113647460938e-05,0.250244140625,-0.023845543269999325,0.01077619194984436,0.9887957572937012,0.021041362,0.0004092704424510632,400,1257.0,-2.5381903
13824,1773,27,7,0.004383790568681434,-43.61059105396271,0.2,0.03567683696746826,0.2657470703125,-0.025931071533705108,-0.030587002635002136,0.9886712431907654,0.020892223,0.0004092704424510632,416,1257.0,-2.5381903
14336,1773,28,8,0.004136629984714091,-43.597177147865295,0.2,0.007924675941467285,0.201171875,-0.022909120452823117,-0.04439602419734001,0.9883899688720703,0.017689366,0.0004092704424510632,432,1257.0,-2.5285217272727274
14848,1772,29,8,0.024962574258097447,-43.624236702919006,0.2,0.002438843250274658,0.1995849609375,-0.018750061120954342,-0.008914323523640633,0.9904723167419434,0.017136436,0.0004092704424510632,448,1257.0,-2.5285217272727274
15360,1770,30,8,0.006489974228315987,-43.69066560268402,0.2,-0.00020396709442138672,0.2716064453125,-0.02751369512407109,-0.03788895532488823,0.9925400614738464,0.022438165,0.0004092704424510632,464,1257.0,-2.5377605
15872,1768,31,8,0.16770793544128537,-43.73510694503784,0.2,0.0016336441040039062,0.226806640625,-0.026009493420133367,0.04675783962011337,0.9928496479988098,0.021509135,0.0004092704424510632,480,1257.0,-2.5377605
16384,1767,32,9,0.0038976589203230105,-43.73173761367798,0.2,-0.11040198802947998,0.241943359375,-0.025126964697847143,-0.03129066154360771,0.9929114580154419,0.022565546,0.0004092704424510632,496,1257.0,-2.540434769230769
16896,1767,33,9,0.17635133862495422,-43.715245842933655,0.2,-0.002228260040283203,0.2510986328125,-0.025277592474594712,0.0622897706925869,0.9910848736763,0.023251928,0.0004092704424510632,512,1257.0,-2.540434769230769
17408,1767,34,9,0.0056948704877868295,-43.67076373100281,0.2,-0.08649682998657227,0.2454833984375,-0.02523610508069396,-0.03317290544509888,0.990996778011322,0.019189652,0.0004092704424510632,528,1257.0,-2.540434769230769
17920,1765,35,10,0.004073390482517425,-43.66042423248291,0.2,0.0021115541458129883,0.1773681640625,-0.02084509784617694,-0.02962964028120041,0.9901126623153687,0.014066629,0.0004092704424510632,544,1257.0,-2.5394629285714285
18432,1762,36,10,0.20554676046594977,-43.633769273757935,0.2,0.0009115338325500488,0.210205078125,-0.022849658067571,0.0633406937122345,0.9898493885993958,0.01948389,0.0004092704424510632,560,1257.0,-2.5394629285714285
18944,1759,37,10,0.002671983249456389,-43.622705817222595,0.2,0.051118671894073486,0.2293701171875,-0.027814350207336247,-0.04676161706447601,0.9894099831581116,0.018772902,0.0004092704424510632,576,1257.0,-2.5429852
19456,1756,38,11,0.19269545515999198,-43.60557019710541,0.2,0.0010968446731567383,0.2337646484375,-0.025898769235936925,0.07111066579818726,0.9885349869728088,0.026879162,0.0004092704424510632,592,1257.0,-2.5429852
19968,1755,39,11,0.0055466356134274974,-43.58777046203613,0.2,0.0260237455368042,0.311767578125,-0.03007274893752765,-0.04340004175901413,0.9887371063232422,0.030871458,0.0004092704424510632,608,1257.0,-2.5429852
20480,1757,40,11,0.0038340104947565123,-43.60022854804993,0.2,-0.0009427070617675781,0.28857421875,-0.03255468205315992,-0.037362147122621536,0.9888924360275269,0.021574378,0.0004092704424510632,624,1257.0,-2.5381465625
20992,1759,41,11,0.2064888821914792,-43.6067373752594,0.2,0.001735091209411621,0.2093505859375,-0.02067612629616633,0.07258423417806625,0.9893704652786255,0.020651532,0.0004092704424510632,640,1257.0,-2.5381465625
21504,1760,42,12,0.003661026661575306,-43.63400399684906,0.2,-0.8655331134796143,0.2237548828125,-0.02683815048658289,-0.037953563034534454,0.9903759956359863,0.019925646,0.0004092704424510632,656,1257.0,-2.539315352941177
22016,1758,43,12,0.18938131909817457,-43.64354372024536,0.2,0.0015761852264404297,0.240966796875,-0.026421545699122362,0.0677473321557045,0.9899381399154663,0.02525935,0.0004092704424510632,672,1257.0,-2.539315352941177
22528,1757,44,12,0.004847984397201799,-43.608001470565796,0.2,-0.08887016773223877,0.2806396484375,-0.031232892448315397,-0.053370896726846695,0.9883560538291931,0.021067638,0.0004092704424510632,688,1257.0,-2.539315352941177
23040,1756,45,13,0.004857324231124949,-43.59727144241333,0.2,-3.2186508178710938e-06,0.194580078125,-0.023545338830444962,-0.02983616292476654,0.9898099303245544,0.014390783,0.0004092704424510632,704,1257.0,-2.537576444444445
23552,1756,46,13,0.2042868183925748,-43.631635665893555,0.2,0.0013002753257751465,0.2542724609375,-0.028349262662231922,0.07724043726921082,0.9897255897521973,0.030960348,0.0004092704424510632,720,1257.0,-2.537576444444445
24064,1757,47,13,0.0029928279873274732,-43.642605900764465,0.2,-0.34218931198120117,0.2908935546875,-0.03101346513722092,-0.03591986745595932,0.9911057949066162,0.023544438,0.0004092704424510632,736,1257.0,-2.5458077894736846
24576,1757,48,13,0.164295430528,-43.675575852394104,0.2,0.018934547901153564,0.2177734375,-0.021601407359412406,0.044856518507003784,0.9914053678512573,0.016815526,0.0004092704424510632,752,1257.0,-2.5458077894736846
25088,1757,49,14,0.010237665817840025,-43.66773700714111,0.2,-0.22274339199066162,0.2593994140625,-0.029794419890095014,-0.04754355177283287,0.9912884831428528,0.020715915,0.0004092704424510632,768,1257.0,-2.5458077894736846
25600,1756,50,14,0.005797745696327183,-43.660828948020935,0.2,-0.026195645332336426,0.2921142578125,-0.032793007951113395,-0.03364907577633858,0.9909408688545227,0.022735585,0.0004092704424510632,784,1257.0,-2.5555637000000004
26112,1755,51,14,0.167725594015792,-43.66672396659851,0.2,0.006074428558349609,0.278564453125,-0.026653639768483117,0.020578987896442413,0.9924413561820984,0.028009934,0.0004092704424510632,800,1257.0,-2.5555637000000004
26624,1754,52,15,0.0042327034316258505,-43.71628201007843,0.2,-1.7698359489440918,0.2440185546875,-0.02600965763849672,-0.034261997789144516,0.9940457940101624,0.015535265,0.0004092704424510632,816,1257.0,-2.5462405238095243
27136,1754,53,15,0.17355820117518306,-43.76800501346588,0.2,0.004271984100341797,0.1951904296875,-0.020671915714046918,0.0471254363656044,0.995453953742981,0.018698994,0.0004092704424510632,832,1257.0,-2.5462405238095243
27648,1755,54,15,0.013043513084994629,-43.78838288784027,0.2,-0.592903733253479,0.2315673828125,-0.02430349454516545,-0.031225472688674927,0.9953830242156982,0.01672452,0.0004092704424510632,848,1257.0,-2.5462405238095243
28160,1756,55,16,0.005764961133536417,-43.77549660205841,0.2,0.1483277678489685,0.2606201171875,-0.029937450497527607,-0.038377806544303894,0.9947972893714905,0.0200955,0.0004092704424510632,864,1257.0,-2.539266636363637
28672,1756,56,16,0.043929184786975384,-43.7631995677948,0.2,0.08695459365844727,0.281494140625,-0.022255585849052295,-0.010455220937728882,0.9948891401290894,0.03847618,0.0004092704424510632,880,1257.0,-2.539266636363637
29184,1755,57,16,0.007593591857585125,-43.7610729932785,0.2,-0.7788299322128296,0.1690673828125,-0.01948862132121576,-0.02192557044327259,0.9943481087684631,0.010085125,0.0004092704424510632,896,1257.0,-2.545776782608696
29696,1754,58,16,0.14538594661280513,-43.751670718193054,0.2,0.027500450611114502,0.2005615234375,-0.02033956661762204,0.034830156713724136,0.9944598078727722,0.019532278,0.0004092704424510632,912,1257.0,-2.545776782608696
30208,1752,59,17,0.006295008264714852,-43.770519495010376,0.2,-1.1769046783447266,0.212158203125,-0.023161172357504256,-0.031163789331912994,0.9957593679428101,0.014255326,0.0004092704424510632,928,1257.0,-2.5448309583333333
30720,1751,60,17,0.15046480484306812,-43.792983531951904,0.2,0.0518457293510437,0.2774658203125,-0.026288694964023307,0.020522627979516983,0.9953023791313171,0.01942766,0.0004092704424510632,944,1257.0,-2.5448309583333333
31232,1749,61,17,0.00944715524383355,-43.77113378047943,0.2,-0.6122294664382935,0.1865234375,-0.020765270077390596,-0.03255116939544678,0.9949058890342712,0.012443115,0.0004092704424510632,960,1257.0,-2.5448309583333333
31744,1747,62,18,0.004025065067253308,-43.75625169277191,0.2,-0.032843708992004395,0.26513671875,-0.02909223936148919,-0.04341515153646469,0.9946354031562805,0.022231132,0.0004092704424510632,976,1257.0,-2.54025768
32256,1746,63,18,0.15070759830996394,-43.76098871231079,0.2,0.030699491500854492,0.2216796875,-0.02823213065857999,0.011098284274339676,0.9958913922309875,0.021807682,0.0004092704424510632,992,1257.0,-2.54025768
32768,1745,64,18,0.012872037332272157,-43.79000663757324,0.2,-1.1867530345916748,0.2373046875,-0.028026120300637558,-0.044776760041713715,0.9955359101295471,0.01816377,0.0004092704424510632,1008,1257.0,-2.5371656923076924
33280,1745,65,19,0.15927111450582743,-43.741965770721436,0.2,0.030454695224761963,0.236083984375,-0.024011004134081304,0.0316133052110672,0.9939669966697693,0.025684759,0.0004092704424510632,1024,1257.0,-2.5371656923076924
33792,1745,66,19,0.009698129229946062,-43.75508093833923,0.2,-0.6084057092666626,0.214599609375,-0.025840482907369733,-0.027007633820176125,0.9968717098236084,0.015595134,0.0004092704424510632,1040,1257.0,-2.5371656923076924
34304,1745,67,19,0.004291399483918212,-43.81414711475372,0.2,-0.004748821258544922,0.245361328125,-0.027372435404686257,-0.033022645860910416,0.9961951971054077,0.017923009,0.0004092704424510632,1056,1257.0,-2.529292148148148
34816,1744,68,19,0.21534971008077264,-43.776198863983154,0.2,0.020481467247009277,0.26513671875,-0.025137366581475362,0.04223158583045006,0.9955940842628479,0.025472067,0.0004092704424510632,1072,1257.0,-2.529292148148148
35328,1743,69,20,0.003925715191144263,-43.80782163143158,0.2,-4.95338249206543,0.2213134765625,-0.022910485684406012,-0.028516890481114388,0.9984952807426453,0.017523732,0.0004092704424510632,1088,1257.0,-2.5260767857142854
35840,1743,70,20,0.2892898335121572,-43.872942090034485,0.2,0.01089942455291748,0.2510986328125,-0.023709888017037883,0.05166389048099518,0.998928427696228,0.027953044,0.0004092704424510632,1104,1257.0,-2.5260767857142854
36352,1742,71,20,0.011525081063155085,-43.87891125679016,0.2,-0.36671900749206543,0.2132568359375,-0.025950459064915776,-0.03307972475886345,0.9994168281555176,0.01824575,0.0004092704424510632,1120,1257.0,-2.5260767857142854
36864,1741,72,21,0.005791619172669016,-43.884055495262146,0.2,0.008686602115631104,0.2828369140625,-0.03147774009266868,-0.041838545352220535,0.9997445344924927,0.022563392,0.0004092704424510632,1136,1257.0,-2.5261759310344827
37376,1741,73,21,0.2435048595070839,-43.87854838371277,0.2,0.08186620473861694,0.134765625,-0.01977709475613665,0.051184576004743576,0.9990694522857666,0.013894954,0.0004092704424510632,1152,1257.0,-2.5261759310344827
37888,1742,74,21,0.008904313144739717,-43.8809095621109,0.2,-2.821040153503418,0.2249755859375,-0.0253552228823537,-0.028375808149576187,1.0008264780044556,0.01751481,0.0004092704424510632,1168,1257.0,-2.5258169666666666
38400,1742,75,22,0.2883944669738412,-43.92284870147705,0.2,0.039172589778900146,0.24365234375,-0.02677680560736917,0.048690956085920334,1.0011494159698486,0.02631255,0.0004092704424510632,1184,1257.0,-2.5258169666666666
38912,1743,76,22,0.02062776143429801,-43.91905415058136,0.2,-0.1271045207977295,0.2412109375,-0.02655631329980679,-0.025540687143802643,1.0010697841644287,0.016678525,0.0004092704424510632,1200,1257.0,-2.5258169666666666
39424,1743,77,22,0.007026981489616446,-43.898483753204346,0.2,-2.1837236881256104,0.2144775390625,-0.02631102504528826,-0.0422871895134449,0.9996005892753601,0.015772315,0.0004092704424510632,1216,1257.0,-2.524492903225806
39936,1743,78,22,0.22629454894922674,-43.858933210372925,0.2,0.0543481707572937,0.13720703125,-0.018182511819759384,0.03821947053074837,0.999176025390625,0.015276886,0.0004092704424510632,1232,1257.0,-2.524492903225806
40448,1742,79,23,0.01660743184038438,-43.83031940460205,0.2,-3.6213011741638184,0.227783203125,-0.021071946001029573,-0.026849642395973206,0.9974376559257507,0.022508834,0.0004092704424510632,1248,1257.0,-2.52596625
40960,1741,80,23,0.3737776610068977,-43.79294419288635,0.2,0.01582944393157959,0.2589111328125,-0.01728518892196007,0.0552620068192482,0.9972873330116272,0.024580017,0.0004092704424510632,1264,1257.0,-2.52596625
41472,1740,81,23,0.01798471450456418,-43.80433738231659,0.2,-0.742977499961853,0.22802734375,-0.026364292425569147,-0.02301434800028801,0.9981786608695984,0.017396897,0.0004092704424510632,1280,1257.0,-2.52596625
41984,1739,82,24,0.0038442995937657543,-43.8432651758194,0.2,0.04157775640487671,0.2108154296875,-0.022458587249275297,-0.03600088134407997,0.9996269345283508,0.019763293,0.0004092704424510632,1296,1257.0,-2.524624
42496,1738,83,24,0.13558464008383453,-43.87616145610809,0.2,0.009688973426818848,0.285400390625,-0.020980828820029274,0.02302735671401024,1.0004065036773682,0.037742488,0.0004092704424510632,1312,1257.0,-2.524624
43008,1737,84,24,0.028118815273046494,-43.88142991065979,0.2,-1.7275974750518799,0.22314453125,-0.021734299487434328,-0.02294166386127472,0.9998676180839539,0.017951129,0.0004092704424510632,1328,1257.0,-2.525244382352941
43520,1737,85,25,0.2580575621686876,-43.85309159755707,0.2,0.023912012577056885,0.2821044921875,-0.03138479577319231,0.029043562710285187,0.9989895224571228,0.029797092,0.0004092704424510632,1344,1257.0,-2.525244382352941
44032,1737,86,25,0.04327351588290185,-43.839601039886475,0.2,-0.5349365472793579,0.192138671875,-0.0234187517198734,-0.019794436171650887,0.9990067481994629,0.016259609,0.0004092704424510632,1360,1257.0,-2.5256232000000005
44544,1738,87,25,0.21177986077964306,-43.83437156677246,0.2,0.5574033260345459,0.169921875,-0.016915258529479615,0.0880182757973671,0.9982108473777771,0.018732354,0.0004092704424510632,1376,1257.0,-2.5256232000000005
45056,1738,88,25,0.00750045724271331,-43.77839934825897,0.2,-1.740048885345459,0.2462158203125,-0.02638384752208367,-0.0279331486672163,0.99531489610672,0.020391634,0.0004092704424510632,1392,1257.0,-2.5256232000000005
45568,1738,89,26,0.004322282366047148,-43.716909766197205,0.2,-0.07438158988952637,0.2388916015625,-0.02684134864830412,-0.04118623211979866,0.9953186511993408,0.021066181,0.0004092704424510632,1408,1257.0,-2.5247967777777784
46080,1739,90,26,0.2428722542244941,-43.73288929462433,0.2,0.06795859336853027,0.1949462890625,-0.026987092511262745,0.016180403530597687,0.9954162836074829,0.020367239,0.0004092704424510632,1424,1257.0,-2.5247967777777784
46592,1739,91,26,0.008026381954550743,-43.738614559173584,0.2,-2.692148447036743,0.282958984375,-0.02983784835669212,-0.03472777083516121,0.9957308173179626,0.023733452,0.0004092704424510632,1440,1257.0,-2.5235158378378384
47104,1740,92,27,0.3066902752034366,-43.74111223220825,0.2,0.06979906558990479,0.1258544921875,-0.022330670501105487,0.03018435835838318,0.995266318321228,0.016469378,0.0004092704424510632,1456,1257.0,-2.5235158378378384
47616,1740,93,27,0.016519466880708933,-43.7228080034256,0.2,-0.8012644052505493,0.247314453125,-0.02507124256226234,-0.02875172346830368,0.99468594789505,0.01774405,0.0004092704424510632,1472,1257.0,-2.5235158378378384
48128,1741,94,27,0.004475688241655007,-43.7144935131073,0.2,-0.09689700603485107,0.271484375,-0.026880355129833333,-0.040787532925605774,0.9951850175857544,0.025593901,0.0004092704424510632,1488,1257.0,-2.525986421052632
48640,1741,95,27,0.27912078821100295,-43.72185778617859,0.2,0.11667376756668091,0.1268310546875,-0.015363791651907377,0.026524420827627182,0.9948522448539734,0.014826249,0.0004092704424510632,1504,1257.0,-2.525986421052632
49152,1741,96,28,0.013666897008079104,-43.68160271644592,0.2,-4.328301429748535,0.2374267578125,-0.031703626627859194,-0.04685148224234581,0.9927393198013306,0.02404464,0.0004092704424510632,1520,1257.0,-2.5258042307692308
49664,1742,97,28,0.2973666861653328,-43.62421452999115,0.2,0.11179614067077637,0.1270751953125,-0.017958015814656392,0.05266834795475006,0.9919203519821167,0.0119274715,0.0004092704424510632,1536,1257.0,-2.5258042307692308
50176,1742,98,28,0.013508970354450867,-43.6129390001297,0.2,-1.0751643180847168,0.2100830078125,-0.024704026254767086,-0.027916235849261284,0.9916188716888428,0.015282373,0.0004092704424510632,1552,1257.0,-2.5258042307692308
50688,1740,99,29,0.005541496830119286,-43.59262132644653,0.2,0.021683871746063232,0.2584228515625,-0.028475428640376776,-0.031654808670282364,0.9906085729598999,0.018273108,0.0004092704424510632,1568,1257.0,-2.527135775
51200,1739,100,29,0.34726016223430634,-43.561147928237915,0.2,0.11370837688446045,0.1082763671875,-0.017189961567055434,0.02684028446674347,0.9902304410934448,0.014066284,0.0004092704424510632,1584,1257.0,-2.527135775
51712,1738,101,29,0.021955109579721466,-43.546725153923035,0.2,-3.656780242919922,0.20068359375,-0.022810564085375518,-0.031406521797180176,0.9891126751899719,0.01777988,0.0004092704424510632,1600,1257.0,-2.5263298048780487
52224,1737,102,30,0.3125802897848189,-43.505147099494934,0.2,0.09768325090408325,0.1719970703125,-0.017086601787013933,0.05506157875061035,0.9879494905471802,0.016248971,0.0004092704424510632,1616,1257.0,-2.5263298048780487
52736,1735,103,30,0.026882027741521597,-43.48704504966736,0.2,-0.0034456253051757812,0.19775390625,-0.02227719101938419,-0.014227757230401039,0.988132655620575,0.013215678,0.0004092704424510632,1632,1257.0,-2.5263298048780487
53248,1734,104,30,0.012714454991510138,-43.48414421081543,0.2,-1.2910492420196533,0.220703125,-0.021250907593639567,-0.03631974384188652,0.9871349930763245,0.01590103,0.0004092704424510632,1648,1257.0,-2.532578761904762
53760,1733,105,31,0.22086664335802197,-43.4466392993927,0.2,0.223777174949646,0.130126953125,-0.016458245983812958,0.03552718460559845,0.9862603545188904,0.017462641,0.0004092704424510632,1664,1257.0,-2.532578761904762
54272,1732,106,31,0.020651370025007054,-43.43365967273712,0.2,-4.376567840576172,0.1722412109375,-0.018597933696582913,-0.02135760523378849,0.9862276315689087,0.012707477,0.0004092704424510632,1680,1257.0,-2.530506488372093
54784,1731,107,31,0.2769879961851984,-43.441094517707825,0.2,0.13238614797592163,0.13671875,-0.01843002752866596,0.026560988277196884,0.9863266348838806,0.015826838,0.0004092704424510632,1696,1257.0,-2.530506488372093
55296,1729,108,31,0.02296314638806507,-43.40015494823456,0.2,0.257840633392334,0.2056884765625,-0.02367375380708836,-0.02126644179224968,0.9829745292663574,0.014453813,0.0004092704424510632,1712,1257.0,-2.530506488372093
55808,1728,109,32,0.128634330118075,-43.31639289855957,0.2,0.5447536706924438,0.18408203125,-0.01715433878416661,0.03750523179769516,0.9821349382400513,0.016669843,0.0004092704424510632,1728,1257.0,-2.5279455227272725
56320,1727,110,32,0.06471493723802269,-43.32151424884796,0.2,0.7687097191810608,0.1768798828125,-0.017430743180739228,0.0007222536951303482,0.9826832413673401,0.020143911,0.0004092704424510632,1744,1257.0,-2.5279455227272725
56832,1725,111,32,0.01907240939908661,-43.32515501976013,0.2,-1.6006684303283691,0.241455078125,-0.025902411303832196,-0.027662094682455063,0.9823728799819946,0.017788894,0.0004092704424510632,1760,1257.0,-2.5241085555555554
57344,1724,112,33,0.2893177787773311,-43.2961882352829,0.2,0.11503010988235474,0.1591796875,-0.019953150309447665,0.02314005047082901,0.9817436933517456,0.014816202,0.0004092704424510632,1776,1257.0,-2.5241085555555554
57856,1723,113,33,0.028833534161094576,-43.30068278312683,0.2,-0.8869820833206177,0.2222900390625,-0.023098188947187737,-0.022151559591293335,0.9833886027336121,0.016362201,0.0004092704424510632,1792,1257.0,-2.521542543478261
58368,1722,114,33,0.28968384582549334,-43.347808599472046,0.2,0.6332374215126038,0.1043701171875,-0.02065098272578325,0.10520527511835098,0.9842062592506409,0.017610138,0.0004092704424510632,1808,1257.0,-2.521542543478261
58880,1721,115,34,0.008496652051690035,-43.35854625701904,0.2,-2.0143914222717285,0.278564453125,-0.030492790770949796,-0.04414578527212143,0.9848015308380127,0.021751847,0.0004092704424510632,1824,1257.0,-2.521542543478261
59392,1720,116,34,0.0038463152159238234,-43.340362310409546,0.2,-0.12734365463256836,0.216064453125,-0.024854915449395776,-0.032302480190992355,0.9824962615966797,0.017487176,0.0004092704424510632,1840,1257.0,-2.5244234468085103
59904,1720,117,34,0.26496337563730776,-43.271823048591614,0.2,0.13082700967788696,0.109619140625,-0.018982710607815534,0.03350592032074928,0.9813554883003235,0.013401064,0.0004092704424510632,1856,1257.0,-2.5244234468085103
60416,1719,118,35,0.011985559889581054,-43.238587975502014,0.2,-1.1442735195159912,0.254638671875,-0.031199973192997277,-0.034758828580379486,0.9793616533279419,0.022544943,0.0004092704424510632,1872,1257.0,-2.5220402291666666
60928,1719,119,35,0.28773921309038997,-43.18060111999512,0.2,0.2671447992324829,0.1011962890625,-0.0131928610317118,0.03228951245546341,0.9782450795173645,0.01488156,0.0004092704424510632,1888,1257.0,-2.5220402291666666
61440,1718,120,35,0.016876804729690775,-43.158286690711975,0.2,-0.7135615348815918,0.234619140625,-0.026226490968838334,-0.02920260839164257,0.9776321053504944,0.01663261,0.0004092704424510632,1904,1257.0,-2.5220402291666666
61952,1717,121,36,0.00507361890777247,-43.136792063713074,0.2,-0.03573966026306152,0.2227783203125,-0.025652615222497843,-0.0389011986553669,0.9769116044044495,0.014687405,0.0004092704424510632,1920,1257.0,-2.521578
62464,1717,122,36,0.30958751565776765,-43.11902832984924,0.2,0.1581284999847412,0.063232421875,-0.01375526119954884,0.03472414240241051,0.9763017296791077,0.017262753,0.0004092704424510632,1936,1257.0,-2.521578
62976,1718,123,36,0.017504178045783192,-43.0830637216568,0.2,-3.279939651489258,0.2413330078125,-0.022904969926457852,-0.02692149206995964,0.9746822714805603,0.01908904,0.0004092704424510632,1952,1257.0,-2.5175351
63488,1718,124,36,0.34050749568268657,-43.04429352283478,0.2,0.1802625060081482,0.122314453125,-0.015309430076740682,0.0678538829088211,0.9740267395973206,0.011007548,0.0004092704424510632,1968,1257.0,-2.5175351
64000,1719,125,37,0.011427584511693567,-43.03598999977112,0.2,-1.1193444728851318,0.25146484375,-0.029356919549172744,-0.039309654384851456,0.9742216467857361,0.019599637,0.0004092704424510632,1984,1257.0,-2.5175351
64512,1719,126,37,0.004746514678117819,-43.038801312446594,0.2,0.0048256516456604,0.155029296875,-0.016016523106372915,-0.019044537097215652,0.9734774231910706,0.0139920935,0.0004092704424510632,2000,1257.0,-2.5148027254901963
65024,1720,127,37,0.40564089082181454,-43.01123905181885,0.2,0.0720750093460083,0.0826416015625,-0.014734735508682206,0.05536448210477829,0.9733880162239075,0.011213174,0.0004092704424510632,2016,1257.0,-2.5148027254901963
65536,1721,128,38,0.03497815452283248,-43.01586139202118,0.2,-3.1871910095214844,0.245849609375,-0.028928686893777922,-0.023995883762836456,0.9735108613967896,0.021336894,0.0004092704424510632,2032,1257.0,-2.514401076923077
66048,1721,129,38,0.32865047082304955,-43.01121115684509,0.2,0.15785586833953857,0.113037109375,-0.015566026646411046,0.059069447219371796,0.9729955196380615,0.010335552,0.0004092704424510632,2048,1257.0,-2.514401076923077
66560,1722,130,38,0.010329017823096365,-43.0249125957489,0.2,-0.7096767425537109,0.291259765625,-0.03299375111237168,-0.05057600140571594,0.9752578735351562,0.03173551,0.0004092704424510632,2064,1257.0,-2.514401076923077
67072,1722,131,38,0.005087865858513396,-43.099613308906555,0.2,-0.05729639530181885,0.227783203125,-0.0263669330306584,-0.04286455363035202,0.9769262075424194,0.015666064,0.0004092704424510632,2080,1257.0,-2.5116972264150945
67584,1722,132,39,0.3145627200137824,-43.123332500457764,0.2,0.18917173147201538,0.09033203125,-0.016091379642602988,0.04433672875165939,0.977064847946167,0.016870797,0.0004092704424510632,2096,1257.0,-2.5116972264150945
68096,1723,133,39,0.023662457097088918,-43.150126695632935,0.2,-3.6256308555603027,0.269775390625,-0.02887071217992343,-0.0341174341738224,0.9794606566429138,0.021179438,0.0004092704424510632,2112,1257.0,-2.5106326666666665
68608,1723,134,39,0.46520683355629444,-43.21553897857666,0.2,0.2161543369293213,0.1529541015625,-0.01682496776629705,0.05264000594615936,0.9800487756729126,0.01465713,0.0004092704424510632,2128,1257.0,-2.5106326666666665
69120,1723,135,40,0.04521280189510435,-43.221107602119446,0.2,0.34754180908203125,0.2103271484375,-0.021715781011153013,-0.0021267831325531006,0.9807648062705994,0.021290882,0.0004092704424510632,2144,1257.0,-2.5106326666666665
69632,1723,136,40,0.3005396081134677,-43.24957859516144,0.2,0.6098148822784424,0.248046875,-0.02738544123712927,0.09047092497348785,0.9820266962051392,0.0227573,0.0004092704424510632,2160,1257.0,-2.5115527818181818
70144,1722,137,40,0.06066660664509982,-43.28930473327637,0.2,0.8718031644821167,0.279052734375,-0.024476544560457114,-0.012591324746608734,0.9831137657165527,0.02825047,0.0004092704424510632,2176,1257.0,-2.5115527818181818
70656,1723,138,41,0.013508550764527172,-43.31515026092529,0.2,-4.813560485839844,0.22802734375,-0.022033309520338662,-0.03137309476733208,0.9834986925125122,0.016990397,0.0004092704424510632,2192,1257.0,-2.5080669285714285
71168,1723,139,41,0.46109801763668656,-43.3183411359787,0.2,0.10425812005996704,0.0648193359375,-0.014173745788866654,0.0842360332608223,0.9834282994270325,0.011953112,0.0004092704424510632,2208,1257.0,-2.5080669285714285
71680,1723,140,41,0.012141732353484258,-43.30943262577057,0.2,-0.43451762199401855,0.265869140625,-0.028107428253861144,-0.036497730761766434,0.9828101992607117,0.016125182,0.0004092704424510632,2224,1257.0,-2.507411350877193
72192,1723,141,41,0.392731505446136,-43.29886829853058,0.2,0.581551194190979,0.131103515625,-0.016365564428269863,0.10240428894758224,0.9827443361282349,0.017346693,0.0004092704424510632,2240,1257.0,-2.507411350877193
72704,1723,142,42,0.014556089125107974,-43.266475558280945,0.2,-3.7224082946777344,0.2064208984375,-0.01907591625058558,-0.028686635196208954,0.9800198674201965,0.015445968,0.0004092704424510632,2256,1257.0,-2.507411350877193
73216,1722,143,42,0.0042234302454744466,-43.16744267940521,0.2,-0.14693963527679443,0.2603759765625,-0.025991409871494398,-0.04140278324484825,0.9777554869651794,0.016196344,0.0004092704424510632,2272,1257.0,-2.5078039137931034
73728,1722,144,42,0.4016054607927799,-43.11297106742859,0.2,0.18319499492645264,0.0572509765625,-0.007426112126267981,0.11688944697380066,0.9770995378494263,0.008627442,0.0004092704424510632,2288,1257.0,-2.5078039137931034
74240,1722,145,43,0.03522231971146539,-43.1261111497879,0.2,-1.580697774887085,0.2073974609375,-0.019537197789759375,-0.01378779299557209,0.9790166020393372,0.015483765,0.0004092704424510632,2304,1257.0,-2.5083995084745765
74752,1722,146,43,0.5266914796084166,-43.181854367256165,0.2,0.674139142036438,0.0950927734375,-0.012241989592439495,0.1740942895412445,0.9796558618545532,0.010757212,0.0004092704424510632,2320,1257.0,-2.5083995084745765
75264,1722,147,43,0.029067214229144156,-43.189178705215454,0.2,-2.546088695526123,0.229736328125,-0.026819262900971808,-0.03718683868646622,0.9797918200492859,0.01731765,0.0004092704424510632,2336,1257.0,-2.5083995084745765
75776,3776,1,0,0.006151440604298841,-43.17898488044739,0.2,-0.10274708271026611,0.2550048828125,-0.027394882694352418,-0.026364266872406006,0.9793989658355713,0.017835708,0.0004092704424510632,2352,1257.0,-2.5120080000000002
76288,2321,2,0,0.43721839133650064,-43.1760550737381,0.2,0.19749987125396729,0.08154296875,-0.016074079656391405,0.0794495940208435,0.9794243574142456,0.014136521,0.0004092704424510632,2368,1257.0,-2.5120080000000002
76800,2055,3,0,0.02455488799023442,-43.19314086437225,0.2,-3.5344886779785156,0.249267578125,-0.025138217300991528,-0.03773599863052368,0.9805927872657776,0.021560375,0.0004092704424510632,2384,1257.0,-2.5100673442622954
77312,1944,4,1,0.46655380772426724,-43.230892062187195,0.2,0.17835867404937744,0.0582275390625,-0.014912860482581891,0.08886682987213135,0.9807007908821106,0.011689446,0.0004092704424510632,2400,1257.0,-2.5100673442622954
77824,1888,5,1,0.02085086054285057,-43.230385184288025,0.2,-0.391776442527771,0.2313232421875,-0.02557841016096063,-0.03043559193611145,0.9812012910842896,0.016675238,0.0004092704424510632,2416,1257.0,-2.5100673442622954
78336,1847,6,1,0.004939820952131413,-43.25353014469147,0.2,-0.061850666999816895,0.227783203125,-0.02108761394629255,-0.04206952825188637,0.9821456074714661,0.017219968,0.0004092704424510632,2432,1257.0,-2.5066846290322586
78848,1819,7,1,0.44885085336863995,-43.27853739261627,0.2,0.281438946723938,0.0760498046875,-0.011863553620059974,0.055908676236867905,0.9825360774993896,0.01442204,0.0004092704424510632,2448,1257.0,-2.5066846290322586
79360,1804,8,2,0.03029482054989785,-43.28285050392151,0.2,-3.528562545776367,0.184814453125,-0.020808030421903823,-0.013561604544520378,0.9825921654701233,0.017031677,0.0004092704424510632,2464,1257.0,-2.5055824126984128
79872,1790,9,2,0.5653217118233442,-43.27648913860321,0.2,0.3025738596916199,0.1146240234375,-0.01080112042836845,0.09038496017456055,0.9825063943862915,0.008633193,0.0004092704424510632,2480,1257.0,-2.5055824126984128
80384,1780,10,2,0.03162739734398201,-43.269588232040405,0.2,-0.08867490291595459,0.2109375,-0.022968441306147724,-0.020137738436460495,0.9820106625556946,0.017686002,0.0004092704424510632,2496,1257.0,-2.5055824126984128
80896,1772,11,3,0.03811831900384277,-43.270469427108765,0.2,-0.18158233165740967,0.2479248046875,-0.02571054414147511,-0.024532660841941833,0.9826271533966064,0.01892204,0.0004092704424510632,2512,1257.0,-2.5061054843750004
81408,1769,12,3,0.29562721122056246,-43.28712046146393,0.2,0.6254016160964966,0.0753173828125,-0.01329944693861762,0.08791717886924744,0.9831297993659973,0.013865127,0.0004092704424510632,2528,1257.0,-2.5061054843750004
81920,1762,13,3,0.07254873344209045,-43.29166221618652,0.2,-3.091477394104004,0.1693115234375,-0.020446804468519986,0.00942113809287548,0.9831472635269165,0.015514324,0.0004092704424510632,2544,1257.0,-2.504682738461539
82432,1758,14,4,0.36715647717937827,-43.284013628959656,0.2,0.3480350971221924,0.09423828125,-0.015173174237133935,0.04619845002889633,0.9829764366149902,0.011391428,0.0004092704424510632,2560,1257.0,-2.504682738461539
82944,1754,15,4,0.04078123229555786,-43.25867140293121,0.2,0.32536178827285767,0.24462890625,-0.024022452897042967,-0.010198218747973442,0.9817311763763428,0.021070015,0.0004092704424510632,2576,1257.0,-2.504682738461539
83456,1752,16,4,0.47083570901304483,-43.23088073730469,0.2,0.630268931388855,0.0408935546875,-0.010514616820728406,0.22353357076644897,0.9814503192901611,0.00875096,0.0004092704424510632,2592,1257.0,-2.5050040151515156
83968,1750,17,4,0.04616494127549231,-43.23164916038513,0.2,0.9384161829948425,0.2203369140625,-0.02164067333796993,-0.009662576951086521,0.9817796349525452,0.015683737,0.0004092704424510632,2608,1257.0,-2.5050040151515156
84480,1747,18,5,0.015075077943038195,-43.27948355674744,0.2,-4.159027576446533,0.204833984375,-0.01936996399308555,-0.01993286982178688,0.9853276014328003,0.018039752,0.0004092704424510632,2624,1257.0,-2.505577373134329
84992,1747,19,5,0.497110812459141,-43.38546013832092,0.2,0.11541390419006348,0.09033203125,-0.017108578940678854,0.08484141528606415,0.9869980216026306,0.015468447,0.0004092704424510632,2640,1257.0,-2.505577373134329
85504,1748,20,5,0.011301824983092956,-43.39218020439148,0.2,-1.36924409866333,0.187744140625,-0.019064079293457326,-0.021760381758213043,0.9859350919723511,0.016698763,0.0004092704424510632,2656,1257.0,-2.501326573529412
86016,1748,21,6,0.5408186204731464,-43.36212468147278,0.2,0.3427317142486572,0.0338134765625,-0.009553307390888222,0.15288682281970978,0.9853435754776001,0.011352757,0.0004092704424510632,2672,1257.0,-2.501326573529412
86528,1747,22,6,0.01293656846974045,-43.36022245883942,0.2,-3.113089084625244,0.304931640625,-0.03325284754100721,-0.04686254635453224,0.985958456993103,0.027903192,0.0004092704424510632,2688,1257.0,-2.501326573529412
87040,1747,23,6,0.004706234496552497,-43.37226450443268,0.2,-0.09293746948242188,0.2183837890625,-0.02499305432138499,-0.026617469266057014,0.985514223575592,0.01793874,0.0004092704424510632,2704,1257.0,-2.4986421159420296
87552,1747,24,7,0.6260748445056379,-43.36202824115753,0.2,0.18055850267410278,0.0572509765625,-0.013409837571089156,0.06934574991464615,0.9851939082145691,0.013619875,0.0004092704424510632,2720,1257.0,-2.4986421159420296
88064,1748,25,7,0.04611270967870951,-43.370176792144775,0.2,-0.714187502861023,0.1915283203125,-0.019920684106182307,0.0011068806052207947,0.9863579869270325,0.017081065,0.0004092704424510632,2736,1257.0,-2.4968462000000002
88576,1748,26,7,0.5971733145415783,-43.39962196350098,0.2,0.6800665855407715,0.0540771484375,-0.00935532819130458,0.1666867733001709,0.9865820407867432,0.012844528,0.0004092704424510632,2752,1257.0,-2.4968462000000002
89088,1745,27,7,0.016323389805620536,-43.37907922267914,0.2,-1.999502182006836,0.2086181640625,-0.022686903597787023,-0.023118972778320312,0.9852263331413269,0.013865827,0.0004092704424510632,2768,1257.0,-2.4968462000000002
89600,1747,28,8,0.005287808991852216,-43.323004722595215,0.2,-0.04166984558105469,0.2391357421875,-0.02789351029059617,-0.04129177704453468,0.9822200536727905,0.01969493,0.0004092704424510632,2784,1257.0,-2.4980909859154936
90112,1748,29,8,0.6862011072225869,-43.25761580467224,0.2,0.1362513303756714,0.0626220703125,-0.010984501568600535,0.11163877695798874,0.9816260933876038,0.01122996,0.0004092704424510632,2800,1257.0,-2.4980909859154936
90624,1747,30,8,0.008777406386798248,-43.247830748558044,0.2,-2.360929012298584,0.2044677734375,-0.022528302913997322,-0.021428974345326424,0.9809806942939758,0.014012264,0.0004092704424510632,2816,1257.0,-2.499336402777778
91136,1747,31,9,0.7089721341617405,-43.22701108455658,0.2,0.35477524995803833,0.041015625,-0.007847451153793372,0.12061257660388947,0.9809045195579529,0.007539088,0.0004092704424510632,2832,1257.0,-2.499336402777778
91648,1746,32,9,0.023115565883927047,-43.22786366939545,0.2,-0.7806646823883057,0.213623046875,-0.026256618526531383,-0.03404638543725014,0.980777382850647,0.015169622,0.0004092704424510632,2848,1257.0,-2.499336402777778
92160,1745,33,9,0.0067667816911125556,-43.23412227630615,0.2,0.020734131336212158,0.265380859375,-0.026174337370321155,-0.03902275487780571,0.9820647239685059,0.017339759,0.0004092704424510632,2864,1257.0,-2.498860780821918
92672,1744,34,9,0.5068878373131156,-43.26525294780731,0.2,0.28735870122909546,0.0628662109375,-0.011108326827525161,0.11528719961643219,0.9827540516853333,0.008786237,0.0004092704424510632,2880,1257.0,-2.498860780821918
93184,1744,35,10,0.041667007899377495,-43.297494292259216,0.2,-2.7926559448242188,0.184326171875,-0.02202394520281814,-0.025007469579577446,0.9847338199615479,0.018941369,0.0004092704424510632,2896,1257.0,-2.4937421891891893
93696,1744,36,10,0.5018430552445352,-43.36668837070465,0.2,0.42405039072036743,0.0662841796875,-0.015753267834952567,0.09144990146160126,0.9858201742172241,0.0093976585,0.0004092704424510632,2912,1257.0,-2.4937421891891893
94208,1742,37,10,0.017401744233211502,-43.37761163711548,0.2,-1.4642384052276611,0.183837890625,-0.01835076490533538,-0.021435201168060303,0.9857937693595886,0.015458984,0.0004092704424510632,2928,1257.0,-2.4937421891891893
94720,1742,38,11,0.009107764097279869,-43.33104085922241,0.2,0.16821908950805664,0.205078125,-0.02445276454091072,-0.03562973067164421,0.982205867767334,0.016596954,0.0004092704424510632,2944,1257.0,-2.4938310533333334
95232,1741,39,11,0.5205513490363955,-43.230674505233765,0.2,0.42730265855789185,0.0091552734375,-0.0057769943960011005,0.08685639500617981,0.9808405041694641,0.005879592,0.0004092704424510632,2960,1257.0,-2.4938310533333334
95744,1739,40,11,0.054441219370346516,-43.201852440834045,0.2,-2.822026491165161,0.1917724609375,-0.02054895351466257,-0.024530526250600815,0.9797490835189819,0.016809711,0.0004092704424510632,2976,1257.0,-2.495383052631579
96256,1736,41,12,0.5615231608971953,-43.17568552494049,0.2,0.4682300090789795,0.02587890625,-0.005088803096441552,0.1392749547958374,0.9794880747795105,0.006405497,0.0004092704424510632,2992,1257.0,-2.495383052631579
96768,1735,42,12,0.02535649057244882,-43.17417371273041,0.2,-0.059639930725097656,0.241943359375,-0.027307046722853556,-0.022880807518959045,0.9795119762420654,0.018067505,0.0004092704424510632,3008,1257.0,-2.495383052631579
97280,1734,43,12,0.3034684043377638,-43.18194091320038,0.2,0.5884590744972229,0.0889892578125,-0.01639453985990258,0.09772095829248428,0.9798293709754944,0.013900429,0.0004092704424510632,3024,1257.0,-2.494615467532468
97792,1732,44,13,0.11295255820732564,-43.1942754983902,0.2,0.9067926406860352,0.22607421875,-0.028151817998150364,-0.006490614265203476,0.9805141091346741,0.027757248,0.0004092704424510632,3040,1257.0,-2.494615467532468
98304,1730,45,13,0.06502011977136135,-43.20909261703491,0.2,-1.9552316665649414,0.19873046875,-0.01936088209185982,0.005474010482430458,0.9808734059333801,0.015529732,0.0004092704424510632,3056,1257.0,-2.493107782051282
98816,1730,46,13,0.9144452777691185,-43.2182412147522,0.2,0.06118428707122803,0.037109375,-0.00811445194267435,0.1321701556444168,0.9811877608299255,0.0066554076,0.0004092704424510632,3072,1257.0,-2.493107782051282
99328,1730,47,13,0.0126586445257999,-43.22504448890686,0.2,-0.9130558967590332,0.2227783203125,-0.02584476422634907,-0.0347999669611454,0.9812864065170288,0.017884117,0.0004092704424510632,3088,1257.0,-2.493683303797469
99840,1730,48,14,0.5917487693950534,-43.22335422039032,0.2,0.48621606826782227,0.0218505859375,-0.00903444000869058,0.09156541526317596,0.981192946434021,0.0082357135,0.0004092704424510632,3104,1257.0,-2.493683303797469
100352,1730,49,14,0.0092031933600083,-43.21993279457092,0.2,-2.509449005126953,0.296142578125,-0.03470269148238003,-0.03981576859951019,0.9813435077667236,0.022692721,0.0004092704424510632,3120,1257.0,-2.493683303797469
100864,1730,50,14,0.005485439527546987,-43.223732352256775,0.2,-0.05550670623779297,0.2076416015625,-0.023182521705166437,-0.03141035512089729,0.9815905094146729,0.014356708,0.0004092704424510632,3136,1257.0,-2.4943248
101376,1730,51,15,0.7579273260198534,-43.22644853591919,0.2,0.1387898325920105,0.037353515625,-0.009453097118239384,0.10845958441495895,0.9817057251930237,0.009273649,0.0004092704424510632,3152,1257.0,-2.4943248
101888,1729,52,15,0.029074419115204364,-43.23014736175537,0.2,-1.8542718887329102,0.1861572265625,-0.02000719834904885,-0.009509029798209667,0.9815434813499451,0.019883277,0.0004092704424510632,3168,1257.0,-2.494960172839506
102400,1728,53,15,0.9648844636976719,-43.223225235939026,0.2,0.6733267307281494,0.028564453125,-0.006892294375575148,0.391241192817688,0.9814736247062683,0.0066264337,0.0004092704424510632,3184,1257.0,-2.494960172839506
102912,1727,54,16,0.021350398019421846,-43.231114983558655,0.2,-2.8334991931915283,0.2464599609375,-0.027708734829502646,-0.025082580745220184,0.9821096658706665,0.01624262,0.0004092704424510632,3200,1257.0,-2.494960172839506
103424,1725,55,16,0.006392055758624338,-43.24988639354706,0.2,-0.022107362747192383,0.2086181640625,-0.025316190061857924,-0.032860927283763885,0.9826244115829468,0.017938018,0.0004092704424510632,3216,1257.0,-2.4959395487804876
103936,1724,56,16,0.7946284641511738,-43.2609441280365,0.2,0.14685869216918945,0.1236572265625,-0.01777030056109652,0.1161876693367958,0.9826555848121643,0.016503092,0.0004092704424510632,3232,1257.0,-2.4959395487804876
104448,1722,57,16,0.011121525909402408,-43.27203643321991,0.2,-2.5527074337005615,0.2705078125,-0.021615785677568056,-0.01620318926870823,0.9832950830459595,0.01892117,0.0004092704424510632,3248,1257.0,-2.4961420481927705
104960,1721,58,17,0.8602476306259632,-43.284449219703674,0.2,0.3385760188102722,0.068603515625,-0.002922386207501404,0.1352180391550064,0.9831862449645996,0.007966157,0.0004092704424510632,3264,1257.0,-2.4961420481927705
105472,1719,59,17,0.07022418011911213,-43.26041042804718,0.2,-0.06647241115570068,0.20263671875,-0.021193002874497324,-0.0016748309135437012,0.9815278649330139,0.01208421,0.0004092704424510632,3280,1257.0,-2.4961420481927705
105984,1717,60,17,0.023270204314030707,-43.19523882865906,0.2,-0.1718606948852539,0.286865234375,-0.031797204370377585,-0.04023655503988266,0.9790557026863098,0.017187953,0.0004092704424510632,3296,1257.0,-2.4951833928571423
106496,1715,61,18,0.6196903735399246,-43.13138687610626,0.2,0.5738462805747986,0.009521484375,-0.0061672004994761664,0.1546659618616104,0.9783670902252197,0.005173482,0.0004092704424510632,3312,1257.0,-2.4951833928571423
107008,1713,62,18,0.056139114778488874,-43.11095583438873,0.2,-2.8106038570404053,0.209716796875,-0.022391076876374427,-0.011222612112760544,0.9772490859031677,0.0214929,0.0004092704424510632,3328,1257.0,-2.496406176470588
107520,1711,63,18,0.66400514729321,-43.08589947223663,0.2,0.6095660924911499,0.0509033203125,-0.010200562785030343,0.17782792448997498,0.9769157767295837,0.008237198,0.0004092704424510632,3344,1257.0,-2.496406176470588
108032,1708,64,19,0.033656585321296006,-43.08143854141235,0.2,-0.21263837814331055,0.25537109375,-0.026312972913729027,-0.026789026334881783,0.9768204689025879,0.02343195,0.0004092704424510632,3360,1257.0,-2.496406176470588
108544,1706,65,19,0.045129594509489834,-43.10938608646393,0.2,0.07752323150634766,0.19921875,-0.01956898368371185,-0.014672862365841866,0.9790723919868469,0.014884716,0.0004092704424510632,3376,1257.0,-2.494400779069767
109056,1704,66,19,0.5335453138686717,-43.17103636264801,0.2,0.6532734632492065,0.0518798828125,-0.007820054539479315,0.08629843592643738,0.979652464389801,0.013656567,0.0004092704424510632,3392,1257.0,-2.494400779069767
109568,1701,67,20,0.08828073216136545,-43.16731667518616,0.2,-3.0093159675598145,0.21337890625,-0.02371064102044329,-0.018020562827587128,0.9787774085998535,0.028702063,0.0004092704424510632,3408,1257.0,-2.495506172413793
110080,1699,68,20,0.8008143231272697,-43.13721239566803,0.2,0.5798768997192383,0.062255859375,-0.009802656117244624,0.1561855971813202,0.9782710671424866,0.011470014,0.0004092704424510632,3424,1257.0,-2.495506172413793
110592,1697,69,20,0.04531136900186539,-43.159345269203186,0.2,-0.06847059726715088,0.2435302734375,-0.0230536624439992,-0.020968982949852943,0.9810832738876343,0.019645633,0.0004092704424510632,3440,1257.0,-2.495506172413793
111104,1695,70,21,0.7573777949437499,-43.244839787483215,0.2,0.6213340759277344,0.0479736328125,-0.007223117660032585,0.23580849170684814,0.9825452566146851,0.011687366,0.0004092704424510632,3456,1257.0,-2.498006681818182
111616,1693,71,21,0.06483044533524662,-43.243788719177246,0.2,0.9592329263687134,0.2569580078125,-0.024846759595675394,-0.019884714856743813,0.980965256690979,0.016792998,0.0004092704424510632,3472,1257.0,-2.498006681818182
112128,1691,72,21,0.016278173919999972,-43.2241245508194,0.2,-4.851574420928955,0.275634765625,-0.027232158347032964,-0.04262464493513107,0.9824628233909607,0.028765298,0.0004092704424510632,3488,1257.0,-2.49785095505618
112640,1690,73,22,0.8637073817662895,-43.27270293235779,0.2,0.14535385370254517,0.04736328125,-0.00916277925716713,0.11777760833501816,0.9831832051277161,0.011001408,0.0004092704424510632,3504,1257.0,-2.49785095505618
113152,1688,74,22,0.021204297780059278,-43.27850937843323,0.2,-0.5860295295715332,0.253173828125,-0.028016154508804902,-0.02486027032136917,0.9835999608039856,0.017873138,0.0004092704424510632,3520,1257.0,-2.4971385888888893
113664,1687,75,22,0.7653032140806317,-43.288312911987305,0.2,0.6859593391418457,0.033447265625,-0.007655095381778665,0.2611105740070343,0.9837601184844971,0.009211532,0.0004092704424510632,3536,1257.0,-2.4971385888888893
114176,1686,76,23,0.01070863580389414,-43.25939238071442,0.2,-2.258667230606079,0.23046875,-0.024243913852842525,-0.024343471974134445,0.9814286231994629,0.015696893,0.0004092704424510632,3552,1257.0,-2.4971385888888893
114688,1685,77,23,0.005246907407126855,-43.18748140335083,0.2,-0.16930341720581055,0.23095703125,-0.020897859722026624,-0.026605363935232162,0.9804101586341858,0.017845524,0.0004092704424510632,3568,1257.0,-2.498094428571429
115200,1683,78,23,1.003305234014988,-43.17151081562042,0.2,0.1921868920326233,0.025390625,-0.009826731569773983,0.17716410756111145,0.9801807999610901,0.007707736,0.0004092704424510632,3584,1257.0,-2.498094428571429
115712,1683,79,24,0.009558336168993264,-43.165133357048035,0.2,-3.137394428253174,0.22216796875,-0.023381554405204952,-0.03536347672343254,0.9796609282493591,0.020069283,0.0004092704424510632,3600,1257.0,-2.497320869565218
116224,1682,80,24,0.7319085556082428,-43.1553920507431,0.2,0.2767472267150879,0.02197265625,-0.006736532624927349,0.15004415810108185,0.9797154068946838,0.006142894,0.0004092704424510632,3616,1257.0,-2.497320869565218
116736,1681,81,24,0.013001835905015469,-43.1458545923233,0.2,-1.0426573753356934,0.2528076171875,-0.028994733351282775,-0.033970292657613754,0.9785531759262085,0.020144772,0.0004092704424510632,3632,1257.0,-2.497320869565218
117248,1680,82,24,0.0037959422552376054,-43.113442182540894,0.2,-0.15521037578582764,0.181884765625,-0.01985035208053887,-0.0306949932128191,0.978131890296936,0.015027761,0.0004092704424510632,3648,1257.0,-2.4954471935483875
117760,1680,83,25,0.9951926283538342,-43.093568205833435,0.2,0.15083366632461548,0.0189208984375,-0.001512864968390204,0.19088193774223328,0.9779332876205444,0.0053527467,0.0004092704424510632,3664,1257.0,-2.4954471935483875
118272,1679,84,25,0.05830339668318629,-43.09492576122284,0.2,-2.3972244262695312,0.2354736328125,-0.024135222760378383,-0.018402302637696266,0.978101909160614,0.029258238,0.0004092704424510632,3680,1257.0,-2.4954203297872346
118784,1678,85,25,0.6961287325248122,-43.09433054924011,0.2,0.690147876739502,0.060546875,-0.00929289979103487,0.20107321441173553,0.97786545753479,0.0135355,0.0004092704424510632,3696,1257.0,-2.4954203297872346
119296,1677,86,26,0.03698558313772082,-43.079415798187256,0.2,-1.2117218971252441,0.243896484375,-0.02220053660857957,-0.018057024106383324,0.9770243763923645,0.022773204,0.0004092704424510632,3712,1257.0,-2.4954203297872346
119808,1676,87,26,0.0073104085167869925,-43.06401562690735,0.2,0.036786675453186035,0.2259521484375,-0.025065495865419507,-0.01841876283288002,0.976116955280304,0.01837504,0.0004092704424510632,3728,1257.0,-2.495604957894737
120320,1675,88,26,0.6586744883097708,-43.04249429702759,0.2,0.34824442863464355,0.0107421875,-0.003919287919416092,0.16458263993263245,0.9759613275527954,0.0054981997,0.0004092704424510632,3744,1257.0,-2.495604957894737
120832,1674,89,27,0.016522390738828108,-43.05554413795471,0.2,-3.0283021926879883,0.2384033203125,-0.025027038616826758,-0.03305419534444809,0.9768152832984924,0.021350566,0.0004092704424510632,3760,1257.0,-2.4966345104166665
121344,1673,90,27,0.9141189171932638,-43.074514508247375,0.2,0.27051031589508057,0.065185546875,-0.012090719654224813,0.2645619511604309,0.977071225643158,0.011571144,0.0004092704424510632,3776,1257.0,-2.4966345104166665
121856,1672,91,27,0.061396044795401394,-43.08845508098602,0.2,-0.0061953067779541016,0.2513427734375,-0.02690852172963787,-0.011078806594014168,0.9776384830474854,0.024582336,0.0004092704424510632,3792,1257.0,-2.4966345104166665
122368,1671,92,28,0.2712770998477936,-43.101234912872314,0.2,0.45795929431915283,0.09765625,-0.01449656167824287,0.08937478065490723,0.9780927896499634,0.014810461,0.0004092704424510632,3808,1257.0,-2.495722298969072
122880,1669,93,28,0.6254053628072143,-43.11599671840668,0.2,0.8553502559661865,0.0728759765625,-0.013924071987275966,0.24892640113830566,0.9784581065177917,0.016068313,0.0004092704424510632,3824,1257.0,-2.495722298969072
123392,1668,94,28,0.15863853972405195,-43.11607897281647,0.2,-2.3615639209747314,0.1917724609375,-0.01959568526945077,0.029800094664096832,0.9779531955718994,0.023128923,0.0004092704424510632,3840,1257.0,-2.494732693877551
123904,1666,95,29,0.6615460999310017,-43.10659205913544,0.2,0.6898524761199951,0.059326171875,-0.014440816652495414,0.13461093604564667,0.9778187870979309,0.015826523,0.0004092704424510632,3856,1257.0,-2.494732693877551
124416,1665,96,29,0.06584413070231676,-43.1048219203949,0.2,-0.03922748565673828,0.25439453125,-0.026162382593611255,-0.006954539567232132,0.9778279662132263,0.01601621,0.0004092704424510632,3872,1257.0,-2.494732693877551
124928,1665,97,29,0.672509079799056,-43.11047601699829,0.2,0.6869363784790039,0.1654052734375,-0.02115373229025863,0.2903435528278351,0.9780844449996948,0.021141611,0.0004092704424510632,3888,1257.0,-2.495411444444444
125440,1664,98,30,0.07637276756577194,-43.10982358455658,0.2,0.9732059836387634,0.179931640625,-0.0189678568567615,-0.011306187137961388,0.9777870178222656,0.020368015,0.0004092704424510632,3904,1257.0,-2.495411444444444
125952,1663,99,30,0.021785500168334693,-43.09383237361908,0.2,-4.041280269622803,0.2601318359375,-0.026048960746265948,-0.022423775866627693,0.9770436882972717,0.018217579,0.0004092704424510632,3920,1257.0,-2.49527727
126464,1662,100,30,1.2065896959975362,-43.06799829006195,0.2,0.165435791015625,0.0325927734375,-0.010113279364304617,0.1633957028388977,0.9767048358917236,0.008748928,0.0004092704424510632,3936,1257.0,-2.49527727
126976,1661,101,31,0.027714484836906195,-43.06889450550079,0.2,-0.5240762233734131,0.2364501953125,-0.024357495698495768,-0.03373866528272629,0.9774540066719055,0.020003285,0.0004092704424510632,3952,1257.0,-2.4939761299999996
127488,1661,102,31,0.8749707574024796,-43.09781289100647,0.2,0.6856697797775269,0.03271484375,-0.005622622047667392,0.17389380931854248,0.9779278635978699,0.00717772,0.0004092704424510632,3968,1257.0,-2.4939761299999996
128000,1661,103,31,0.016206958214752376,-43.10165989398956,0.2,-3.7575669288635254,0.2642822265625,-0.029027550772298127,-0.04230634495615959,0.978240966796875,0.01806774,0.0004092704424510632,3984,1257.0,-2.4939761299999996
128512,1660,104,32,0.004336666366725694,-43.108447670936584,0.2,-0.22985851764678955,0.2445068359375,-0.025246267789043486,-0.0336843803524971,0.9785538911819458,0.016868362,0.0004092704424510632,4000,1257.0,-2.4920714299999998
129024,1660,105,32,1.036277009639889,-43.11855328083038,0.2,0.21933478116989136,0.0745849609375,-0.00788432511035353,0.11183878034353256,0.9784879088401794,0.007541202,0.0004092704424510632,4016,1257.0,-2.4920714299999998
129536,1660,106,32,0.013943490834208205,-43.1098667383194,0.2,-2.1576297283172607,0.2532958984375,-0.025417395867407322,-0.03942416235804558,0.9777363538742065,0.020158097,0.0004092704424510632,4032,1257.0,-2.49000723
130048,1660,107,32,0.7424888601526618,-43.09780025482178,0.2,0.544611930847168,0.0716552734375,-0.005532070877961814,0.1481737494468689,0.9774354696273804,0.009379001,0.0004092704424510632,4048,1257.0,-2.49000723
130560,1660,108,33,0.011654747533611953,-43.09798324108124,0.2,-2.369866132736206,0.2681884765625,-0.03012437664438039,-0.03777303174138069,0.9776688814163208,0.023046397,0.0004092704424510632,4064,1257.0,-2.49000723
131072,1660,109,33,0.004660239406803157,-43.106826186180115,0.2,-0.04601764678955078,0.2586669921875,-0.026984677999280393,-0.02810339629650116,0.9785542488098145,0.024796959,0.0004092704424510632,4080,1257.0,-2.48871166
131584,1660,110,33,1.1968259327113628,-43.13715875148773,0.2,0.12532317638397217,0.048095703125,-0.01510174197028391,0.07217901945114136,0.9788364171981812,0.010115197,0.0004092704424510632,4096,1257.0,-2.48871166
132096,1660,111,34,0.02045646944316104,-43.144068360328674,0.2,-2.8945717811584473,0.1829833984375,-0.018038240756141022,-0.013048654422163963,0.979823887348175,0.014510948,0.0004092704424510632,4112,1257.0,-2.48621747
132608,1660,112,34,1.3951378809288144,-43.16883456707001,0.2,0.4181966185569763,0.01220703125,-0.003449533338425681,0.33739957213401794,0.9801609516143799,0.00557769,0.0004092704424510632,4128,1257.0,-2.48621747
133120,1660,113,34,0.00947143901430536,-43.15258610248566,0.2,-1.412937879562378,0.223876953125,-0.023584802576806396,-0.027920899912714958,0.978675127029419,0.020242553,0.0004092704424510632,4144,1257.0,-2.48621747
133632,1660,114,35,0.005317946313880384,-43.10670733451843,0.2,0.005729079246520996,0.2406005859375,-0.02563106082379818,-0.03260437399148941,0.9772815704345703,0.01598587,0.0004092704424510632,4160,1257.0,-2.48903062
134144,1659,115,35,1.151385907549411,-43.08005356788635,0.2,0.19982975721359253,0.01708984375,-0.0019916876626666635,0.13128331303596497,0.977074921131134,0.0067573544,0.0004092704424510632,4176,1257.0,-2.48903062
134656,1659,116,35,0.043395284039434046,-43.071513175964355,0.2,-2.5690627098083496,0.229248046875,-0.02446068865538109,-0.011187935248017311,0.9766714572906494,0.018216237,0.0004092704424510632,4192,1257.0,-2.4905041499999996
135168,1659,117,36,0.8838747702538967,-43.06660306453705,0.2,0.6519814729690552,0.0804443359375,-0.012938286876305938,0.17520254850387573,0.9766923189163208,0.013158712,0.0004092704424510632,4208,1257.0,-2.4905041499999996
135680,1659,118,36,0.08678252040408552,-43.06241166591644,0.2,0.3035457730293274,0.22509765625,-0.02195615484379232,0.0070145465433597565,0.9763734936714172,0.017446056,0.0004092704424510632,4224,1257.0,-2.4905041499999996
136192,1659,119,36,0.41994817089289427,-43.050695180892944,0.2,0.4765692949295044,0.1905517578125,-0.02436756418319419,0.1215200424194336,0.9760475754737854,0.026209662,0.0004092704424510632,4240,1257.0,-2.4886442200000003
136704,1658,120,37,0.47538961935788393,-43.047768235206604,0.2,0.8918001055717468,0.1541748046875,-0.018691317905904725,0.1977795511484146,0.9762694239616394,0.018500613,0.0004092704424510632,4256,1257.0,-2.4886442200000003
137216,1658,121,37,0.24152520345523953,-43.059030532836914,0.2,-2.185617446899414,0.228759765625,-0.026942520489683375,0.07379892468452454,0.9763606190681458,0.036194,0.0004092704424510632,4272,1257.0,-2.4890225299999997
137728,1658,122,37,0.8394209127873182,-43.06181025505066,0.2,0.7897121906280518,0.027099609375,-0.006914744888490532,0.2827588617801666,0.9764100313186646,0.008365177,0.0004092704424510632,4288,1257.0,-2.4890225299999997
138240,1657,123,37,0.12941982340998948,-43.07512807846069,0.2,-0.24341022968292236,0.188720703125,-0.015604695159709081,0.035005196928977966,0.9773009419441223,0.019718107,0.0004092704424510632,4304,1257.0,-2.4890225299999997
138752,1657,124,38,0.6458887606859207,-43.0915105342865,0.2,0.7058969736099243,0.095703125,-0.014092348297708668,0.2860361933708191,0.9773657917976379,0.013276137,0.0004092704424510632,4320,1257.0,-2.48539924
139264,1656,125,38,0.08551169012207538,-43.09635627269745,0.2,0.9767103791236877,0.19970703125,-0.020063474716152996,-0.0008145682513713837,0.9782238602638245,0.024770945,0.0004092704424510632,4336,1257.0,-2.48539924
139776,1656,126,38,0.05074094724841416,-43.12149691581726,0.2,-3.515122890472412,0.2952880859375,-0.028208608157001436,-0.02424018085002899,0.9788352251052856,0.026474636,0.0004092704424510632,4352,1257.0,-2.4823052000000003
140288,1655,127,39,1.02433539647609,-43.13491451740265,0.2,0.4902414083480835,0.0760498046875,-0.008210648695239797,0.17907893657684326,0.979088544845581,0.010571996,0.0004092704424510632,4368,1257.0,-2.4823052000000003
140800,1655,128,39,0.029385858215391636,-43.144436836242676,0.2,-0.7147307395935059,0.234619140625,-0.020440570544451475,-0.027622127905488014,0.9792644381523132,0.018971778,0.0004092704424510632,4384,1257.0,-2.47881819
141312,1656,129,39,1.0226860102266073,-43.145339369773865,0.2,0.6876499652862549,0.022216796875,-0.007943874399643391,0.18794138729572296,0.9789614081382751,0.0063983398,0.0004092704424510632,4400,1257.0,-2.47881819
141824,1657,130,40,0.014771699148695916,-43.12945580482483,0.2,-3.1245312690734863,0.2337646484375,-0.026640486976248212,-0.026255948469042778,0.9781601428985596,0.020097192,0.0004092704424510632,4416,1257.0,-2.47881819
142336,1657,131,40,0.005606934493698645,-43.12894821166992,0.2,-0.1167374849319458,0.287353515625,-0.027631224460492376,-0.04052652418613434,0.9795765280723572,0.022282096,0.0004092704424510632,4432,1257.0,-2.4779611299999997
142848,1658,132,40,1.4653151757083833,-43.16566789150238,0.2,0.2208472490310669,0.0091552734375,-0.00743999655242078,0.14594751596450806,0.9799062609672546,0.0056873774,0.0004092704424510632,4448,1257.0,-2.4779611299999997
143360,1659,133,41,0.00490340031683445,-43.16410779953003,0.2,-2.6812801361083984,0.3037109375,-0.02910202872590162,-0.029408464208245277,0.9796310663223267,0.020033445,0.0004092704424510632,4464,1257.0,-2.4764983199999997
143872,1660,134,41,1.4411151427775621,-43.16419184207916,0.2,0.06849604845046997,0.03759765625,-0.011510987649671733,0.15063618123531342,0.9799071550369263,0.009400545,0.0004092704424510632,4480,1257.0,-2.4764983199999997
144384,1661,135,41,0.006848224453278817,-43.16855037212372,0.2,-1.6161847114562988,0.2318115234375,-0.024101001981762238,-0.030555151402950287,0.9796620607376099,0.016399154,0.0004092704424510632,4496,1257.0,-2.4764983199999997
144896,1662,136,41,0.004160260159551399,-43.166100025177,0.2,-0.1297980546951294,0.236328125,-0.02222850639373064,-0.034659042954444885,0.980527400970459,0.020871017,0.0004092704424510632,4512,1257.0,-2.4732213799999996
145408,1663,137,42,1.1925148693844676,-43.186150550842285,0.2,0.15502393245697021,0.02197265625,-0.008007500975509174,0.1538916379213333,0.9808129668235779,0.0074171354,0.0004092704424510632,4528,1257.0,-2.4732213799999996
145920,1664,138,42,0.03895545774139464,-43.19184982776642,0.2,-2.4456229209899902,0.2679443359375,-0.027964338296442293,-0.031426720321178436,0.9809126853942871,0.026286256,0.0004092704424510632,4544,1257.0,-2.47560866
146432,1664,139,42,0.7630987726151943,-43.20217680931091,0.2,0.7037442922592163,0.0384521484375,-0.006002715497743338,0.32768070697784424,0.981141984462738,0.0075050937,0.0004092704424510632,4560,1257.0,-2.47560866
146944,1665,140,43,0.022794421296566725,-43.187891244888306,0.2,-2.8582701683044434,0.25341796875,-0.026389282051241025,-0.027302071452140808,0.97974693775177,0.021532383,0.0004092704424510632,4576,1257.0,-2.47560866
147456,1666,141,43,0.005091687977255788,-43.17304265499115,0.2,0.03816795349121094,0.2457275390625,-0.028222561290021986,-0.048741165548563004,0.9810529947280884,0.017533146,0.0004092704424510632,4592,1257.0,-2.47332923
147968,1667,142,43,1.3945095115341246,-43.21633720397949,0.2,0.2091991901397705,0.0596923828125,0.0011464952549431473,0.1570524275302887,0.9816097021102905,0.0060277428,0.0004092704424510632,4608,1257.0,-2.47332923
148480,1667,143,43,0.02755598642397672,-43.22866928577423,0.2,-3.4658780097961426,0.2303466796875,-0.02697243046713993,-0.03437785059213638,0.9827584028244019,0.023204166,0.0004092704424510632,4624,1257.0,-2.47484122
148992,1668,144,44,1.3945978595875204,-43.25335097312927,0.2,0.40791088342666626,0.095458984375,-0.007800885345204733,0.12217186391353607,0.9830788373947144,0.009606296,0.0004092704424510632,4640,1257.0,-2.47484122
149504,1669,145,44,0.0671482163015753,-43.24474895000458,0.2,0.27306246757507324,0.231689453125,-0.022414498307625763,0.004365753382444382,0.9826084971427917,0.016648851,0.0004092704424510632,4656,1257.0,-2.47484122
150016,1669,146,44,0.25910631055012345,-43.23463463783264,0.2,0.49616020917892456,0.226318359375,-0.020412666024640203,0.08791211247444153,0.9826943278312683,0.01725443,0.0004092704424510632,4672,1257.0,-2.47256623
150528,1669,147,45,0.4569045836105943,-43.23784649372101,0.2,0.831640362739563,0.0338134765625,-0.008494651709042955,0.1423683911561966,0.982616662979126,0.012154184,0.0004092704424510632,4688,1257.0,-2.47256623
151040,3717,1,0,0.08993155951611698,-43.23429536819458,0.2,-2.3455286026000977,0.2235107421875,-0.022608745806792285,0.002041041851043701,0.9821425676345825,0.01881427,0.0004092704424510632,4704,1257.0,-2.46863622
151552,2327,2,0,1.200585376471281,-43.218894958496094,0.2,0.7308162450790405,0.0234375,-0.002848777177860029,0.19802230596542358,0.9817911982536316,0.0047936044,0.0004092704424510632,4720,1257.0,-2.46863622
152064,2074,3,0,0.055004475987516344,-43.21401572227478,0.2,-0.6853938102722168,0.2252197265625,-0.021641574494424276,-0.010119091719388962,0.9817965626716614,0.018133933,0.0004092704424510632,4736,1257.0,-2.46863622
152576,1965,4,1,0.5443811928853393,-43.22718107700348,0.2,0.6948422193527222,0.118896484375,-0.013138316542608663,0.2041512131690979,0.982009768486023,0.010647228,0.0004092704424510632,4752,1257.0,-2.46948627
153088,1905,5,1,0.13653840241022408,-43.22813355922699,0.2,0.973189115524292,0.0762939453125,-0.012197999880299903,0.021057937294244766,0.9818037748336792,0.012261229,0.0004092704424510632,4768,1257.0,-2.46948627
153600,1867,6,1,0.03551197471097112,-43.203195333480835,0.2,-3.8689193725585938,0.2462158203125,-0.02373935898503987,-0.022914361208677292,0.9796850085258484,0.021051513,0.0004092704424510632,4784,1257.0,-2.46889872
154112,1839,7,1,1.0448202611878514,-43.15134787559509,0.2,0.3167588710784912,0.0174560546875,-0.0007415130530716851,0.12290481477975845,0.9787580370903015,0.006273644,0.0004092704424510632,4800,1257.0,-2.46889872
154624,1820,8,2,0.023658480728045106,-43.10856556892395,0.2,0.1166946291923523,0.3304443359375,-0.03630358015652746,-0.04018513485789299,0.9760004878044128,0.021663362,0.0004092704424510632,4816,1257.0,-2.4708238399999995
155136,1807,9,2,0.8600057177245617,-43.03994429111481,0.2,0.6827964782714844,0.06396484375,-0.008201543823815882,0.24216999113559723,0.9749672412872314,0.011219311,0.0004092704424510632,4832,1257.0,-2.4708238399999995
155648,1794,10,2,0.01681597760762088,-43.04398059844971,0.2,-2.9706363677978516,0.1944580078125,-0.019121981851640157,-0.018378548324108124,0.9762182831764221,0.01814965,0.0004092704424510632,4848,1257.0,-2.4708238399999995
156160,1786,11,3,0.005115106294397265,-43.0533801317215,0.2,-0.22732770442962646,0.1893310546875,-0.02051175657834392,-0.0216544046998024,0.9751805067062378,0.013458276,0.0004092704424510632,4864,1257.0,-2.4707460699999997
156672,1779,12,3,1.4677762454375625,-43.022552728652954,0.2,0.204681396484375,0.08203125,-0.013592300121672451,0.23795773088932037,0.974966824054718,0.0135696,0.0004092704424510632,4880,1257.0,-2.4707460699999997
157184,1773,13,3,0.006482095814135391,-43.03623819351196,0.2,-2.7139508724212646,0.2598876953125,-0.025874599756207317,-0.036368366330862045,0.9759783744812012,0.017107578,0.0004092704424510632,4896,1257.0,-2.4709515399999997
157696,1768,14,4,1.6460019741207361,-43.05732762813568,0.2,0.2563052773475647,0.0306396484375,-0.008121988728817087,0.11659008264541626,0.9761500358581543,0.007152639,0.0004092704424510632,4912,1257.0,-2.4709515399999997
158208,1764,15,4,0.01605117706640158,-43.04995155334473,0.2,-1.320218801498413,0.2264404296875,-0.025237509194994345,-0.032132379710674286,0.975899875164032,0.016776094,0.0004092704424510632,4928,1257.0,-2.4709515399999997
158720,1761,16,4,0.003591285742004402,-43.03222930431366,0.2,-0.12792277336120605,0.2574462890625,-0.028859103738795966,-0.03698159381747246,0.9752590656280518,0.01962055,0.0004092704424510632,4944,1257.0,-2.4731526799999997
159232,1757,17,4,1.238811686169356,-43.02408957481384,0.2,0.15772521495819092,0.013427734375,-0.004365134256659076,0.2437930703163147,0.9753185510635376,0.0041132933,0.0004092704424510632,4960,1257.0,-2.4731526799999997
159744,1755,18,5,0.04577016149414703,-43.055452942848206,0.2,-1.8807203769683838,0.2178955078125,-0.021623851731419563,-0.024111047387123108,0.9778152108192444,0.02745932,0.0004092704424510632,4976,1257.0,-2.47286965
160256,1754,19,5,0.8403707314282656,-43.12591099739075,0.2,0.7392083406448364,0.0194091796875,-0.004158672731136903,0.24163374304771423,0.9786674976348877,0.0060747513,0.0004092704424510632,4992,1257.0,-2.47286965
160768,1753,20,5,0.016142118984134868,-43.15579378604889,0.2,-2.9305436611175537,0.212890625,-0.022504663007566705,-0.025782734155654907,0.9803833961486816,0.0153183695,0.0004092704424510632,5008,1257.0,-2.47286965
161280,1754,21,6,0.005980120833555702,-43.20304811000824,0.2,0.0019532442092895508,0.16748046875,-0.017226495168870315,-0.027571577578783035,0.9809141755104065,0.013485724,0.0004092704424510632,5024,1257.0,-2.4740444
161792,1756,22,6,1.2398130260407925,-43.20153605937958,0.2,0.15696752071380615,0.0343017578125,-0.002223266739747487,0.15702542662620544,0.9807712435722351,0.011354225,0.0004092704424510632,5040,1257.0,-2.4740444
162304,1757,23,6,0.026286860287655145,-43.21207392215729,0.2,-2.587745428085327,0.221435546875,-0.02409246283059474,-0.03444899246096611,0.9819056391716003,0.018468011,0.0004092704424510632,5056,1257.0,-2.47250588
162816,1760,24,6,0.7379565574228764,-43.250234603881836,0.2,0.6496386528015137,0.021240234375,-0.00734002617537044,0.2811555862426758,0.9824525117874146,0.008089737,0.0004092704424510632,5072,1257.0,-2.47250588
163328,1762,25,7,0.029099997889716178,-43.2673864364624,0.2,-0.3099323511123657,0.295654296875,-0.028917827774421312,-0.02441263198852539,0.9833499789237976,0.026897293,0.0004092704424510632,5088,1257.0,-2.47250588
163840,1762,26,7,0.07425688439980149,-43.279412269592285,0.2,0.48729705810546875,0.2275390625,-0.027269893573247828,-0.010415680706501007,0.9836476445198059,0.020022277,0.0004092704424510632,5104,1257.0,-2.47066899
164352,1764,27,7,0.7332676853984594,-43.28432893753052,0.2,0.7771947979927063,0.043212890625,-0.007142302441934589,0.1252393275499344,0.9837123155593872,0.011539379,0.0004092704424510632,5120,1257.0,-2.47066899
164864,1766,28,8,0.06770540901925415,-43.27511286735535,0.2,-2.562614679336548,0.220703125,-0.021109002613229677,0.0010546352714300156,0.9827749133110046,0.016122932,0.0004092704424510632,5136,1257.0,-2.47133889
165376,1767,29,8,0.9808341097086668,-43.24946117401123,0.2,0.7403236627578735,0.0399169921875,-0.007476917977328412,0.4935579001903534,0.9823238849639893,0.012930938,0.0004092704424510632,5152,1257.0,-2.47133889
165888,1767,30,8,0.0241959355189465,-43.23129713535309,0.2,-0.4868429899215698,0.216064453125,-0.01920497436367441,-0.019255634397268295,0.9810754060745239,0.015826393,0.0004092704424510632,5168,1257.0,-2.47133889
166400,1767,31,8,0.21550219040364027,-43.18605589866638,0.2,0.6221740245819092,0.1876220703125,-0.017036677716532722,0.04133838042616844,0.9798583984375,0.017142577,0.0004092704424510632,5184,1257.0,-2.46953079
166912,1768,32,9,0.2780171073973179,-43.163002252578735,0.2,0.8288530707359314,0.1480712890625,-0.01620552303211298,0.022941242903470993,0.9792277216911316,0.025002435,0.0004092704424510632,5200,1257.0,-2.46953079
167424,1768,33,9,0.02686635300051421,-43.12821662425995,0.2,-3.1327719688415527,0.2431640625,-0.02608083021186758,-0.030905570834875107,0.9774040579795837,0.019235816,0.0004092704424510632,5216,1257.0,-2.47104926
167936,1767,34,9,1.964376294054091,-43.08481025695801,0.2,0.12219101190567017,0.0272216796875,-0.005128703603986651,0.11486099660396576,0.9769692420959473,0.0064782267,0.0004092704424510632,5232,1257.0,-2.47104926
168448,1766,35,10,0.011740549321984872,-43.093937397003174,0.2,-0.2599012851715088,0.261962890625,-0.022810514696175233,-0.019773822277784348,0.9780294895172119,0.021694671,0.0004092704424510632,5248,1257.0,-2.4691142499999996
168960,1766,36,10,2.069649956189096,-43.115400433540344,0.2,0.03338265419006348,0.109375,-0.01282023623934947,0.20068439841270447,0.9782803058624268,0.011704218,0.0004092704424510632,5264,1257.0,-2.4691142499999996
169472,1766,37,10,0.007417201406497043,-43.115742325782776,0.2,-1.1626551151275635,0.249755859375,-0.02223178588610608,-0.032832175493240356,0.9780479669570923,0.018053975,0.0004092704424510632,5280,1257.0,-2.4691142499999996
169984,1767,38,11,0.006004312061122619,-43.122477889060974,0.2,-0.11666238307952881,0.2803955078125,-0.02846206063986756,-0.045359209179878235,0.9793345332145691,0.019174095,0.0004092704424510632,5296,1257.0,-2.46789041
170496,1765,39,11,1.3692896282300353,-43.154927015304565,0.2,0.16743570566177368,0.1014404296875,-0.011060243414249271,0.19224131107330322,0.9798060059547424,0.013553183,0.0004092704424510632,5312,1257.0,-2.46789041
171008,1766,40,11,0.03517497645225376,-43.158992886543274,0.2,-1.7840533256530762,0.2451171875,-0.022314816756988876,-0.028377609327435493,0.979788601398468,0.021041445,0.0004092704424510632,5328,1257.0,-2.4661081400000002
171520,1767,41,11,1.1158791184425354,-43.154805183410645,0.2,0.731128454208374,0.042724609375,-0.00342300195916323,0.2652689516544342,0.9796000719070435,0.0061481437,0.0004092704424510632,5344,1257.0,-2.4661081400000002
172032,1768,42,12,0.027774176734965295,-43.15178644657135,0.2,-2.412705421447754,0.199951171875,-0.019551432225853205,-0.014244313351809978,0.9800059795379639,0.013846851,0.0004092704424510632,5360,1257.0,-2.4661081400000002
172544,1769,43,12,0.004472450156754348,-43.158228397369385,0.2,-0.33899664878845215,0.255859375,-0.025745936996827368,-0.029452703893184662,0.9804398417472839,0.018929007,0.0004092704424510632,5376,1257.0,-2.46579987
173056,1770,44,12,1.6694891592487693,-43.15391135215759,0.2,0.23642367124557495,0.0284423828125,-0.006864434282761067,0.1141195148229599,0.980233907699585,0.008284951,0.0004092704424510632,5392,1257.0,-2.46579987
173568,1771,45,13,0.02282391337212175,-43.14694702625275,0.2,-3.032500743865967,0.2587890625,-0.0262718506710371,-0.034556347876787186,0.9798314571380615,0.0259975,0.0004092704424510632,5408,1257.0,-2.46440967
174080,1771,46,13,1.1760443011298776,-43.1404869556427,0.2,0.34340977668762207,0.0540771484375,-0.002113647889927961,0.11112449318170547,0.9796117544174194,0.007354685,0.0004092704424510632,5424,1257.0,-2.46440967
174592,1772,47,13,0.006628966046264395,-43.16672945022583,0.2,-1.8072896003723145,0.264892578125,-0.026697638881159946,-0.028533440083265305,0.9821723103523254,0.016495597,0.0004092704424510632,5440,1257.0,-2.46440967
175104,1772,48,13,0.005431870471511502,-43.22946083545685,0.2,0.02330237627029419,0.2203369140625,-0.022427608928410336,-0.026894500479102135,0.9833126068115234,0.015059061,0.0004092704424510632,5456,1257.0,-2.4634582299999996
175616,1773,49,14,1.5470633176155388,-43.24804401397705,0.2,0.25654834508895874,0.07080078125,-0.011434545100200921,0.10937812924385071,0.983466625213623,0.010293568,0.0004092704424510632,5472,1257.0,-2.4634582299999996
176128,1773,50,14,0.027937921171542257,-43.263556361198425,0.2,-2.9528260231018066,0.247802734375,-0.026989726480678655,-0.0331360399723053,0.98484867811203,0.021488974,0.0004092704424510632,5488,1257.0,-2.46175892
176640,1774,51,14,1.2184327309951186,-43.30252540111542,0.2,0.5431220531463623,0.0296630859375,-0.0002293822544743307,0.1744120717048645,0.9853476285934448,0.004944857,0.0004092704424510632,5504,1257.0,-2.46175892
177152,1774,52,15,0.043476871913298965,-43.321701526641846,0.2,-0.4457947015762329,0.2130126953125,-0.024319981093867682,-0.0175019558519125,0.9863466024398804,0.013209513,0.0004092704424510632,5520,1257.0,-2.46175892
177664,1773,53,15,0.08845913922414184,-43.33550214767456,0.2,0.47430336475372314,0.235595703125,-0.023591100893099792,0.0023429766297340393,0.9847811460494995,0.016820524,0.0004092704424510632,5536,1257.0,-2.4641569699999994
178176,1774,54,15,0.647550935856998,-43.28551185131073,0.2,0.7928677797317505,0.059326171875,-0.013800232962239534,0.11155177652835846,0.9839532971382141,0.009681908,0.0004092704424510632,5552,1257.0,-2.4641569699999994
178688,1772,55,15,0.11316914926283062,-43.27497696876526,0.2,-2.4569008350372314,0.2061767578125,-0.021066209621494636,-0.004215240478515625,0.9840338230133057,0.021788295,0.0004092704424510632,5568,1257.0,-2.4613138099999996
179200,1770,56,16,0.8789352104067802,-43.278270959854126,0.2,0.7914139032363892,0.01318359375,-0.006313403602689505,0.29259106516838074,0.9840754270553589,0.0057632336,0.0004092704424510632,5584,1257.0,-2.4613138099999996
179712,1769,57,16,0.08068317547440529,-43.28465735912323,0.2,-1.5080814361572266,0.2147216796875,-0.023848031414672732,-0.016669631004333496,0.9842461943626404,0.01559097,0.0004092704424510632,5600,1257.0,-2.4613138099999996
180224,1768,58,16,0.7315602814778686,-43.2859069108963,0.2,0.6139363050460815,0.0595703125,-0.006847077180282213,0.24879349768161774,0.9841917753219604,0.009511363,0.0004092704424510632,5616,1257.0,-2.45983201
180736,1769,59,17,0.16710223630070686,-43.2747368812561,0.2,0.9692864418029785,0.168701171875,-0.016837747098179534,0.025430774316191673,0.9833489060401917,0.022362012,0.0004092704424510632,5632,1257.0,-2.45983201
181248,1770,60,17,0.032170822843909264,-43.25027537345886,0.2,-3.5582213401794434,0.2467041015625,-0.02276392880594358,-0.010427846573293209,0.9828560948371887,0.021059137,0.0004092704424510632,5648,1257.0,-2.46000527
181760,1771,61,17,1.3246757499873638,-43.2497763633728,0.2,0.34692686796188354,0.047607421875,-0.0012843657968915068,0.12765127420425415,0.9829190373420715,0.0052464777,0.0004092704424510632,5664,1257.0,-2.46000527
182272,1772,62,17,0.0384887756081298,-43.235000252723694,0.2,0.13462728261947632,0.309326171875,-0.026979503731126897,-0.010163921862840652,0.9817256927490234,0.025985591,0.0004092704424510632,5680,1257.0,-2.45872814
182784,1772,63,18,0.8620623806491494,-43.1934312582016,0.2,0.7428929805755615,0.0452880859375,-0.008144864383211825,0.23122507333755493,0.9811279773712158,0.010138599,0.0004092704424510632,5696,1257.0,-2.45872814
183296,1772,64,18,0.017892476316774264,-43.2137256860733,0.2,-3.440870761871338,0.2037353515625,-0.023028034789604135,-0.025917859748005867,0.9837580323219299,0.016483363,0.0004092704424510632,5712,1257.0,-2.45872814
183808,1772,65,18,0.0048982773660100065,-43.26852798461914,0.2,-0.13282978534698486,0.2603759765625,-0.02647396612155717,-0.03586394712328911,0.9829115271568298,0.014609626,0.0004092704424510632,5728,1257.0,-2.45944892
184320,1771,66,19,1.7992757335305214,-43.2229198217392,0.2,0.23914772272109985,0.1219482421875,-0.0037290549589670263,0.2178611308336258,0.9823166728019714,0.009424768,0.0004092704424510632,5744,1257.0,-2.45944892
184832,1771,67,19,0.011715335247572511,-43.21896934509277,0.2,-1.5276298522949219,0.2513427734375,-0.02632188136340119,-0.03708566725254059,0.9825475811958313,0.01833178,0.0004092704424510632,5760,1257.0,-2.45760456
185344,1770,68,19,1.3870318932458758,-43.21988320350647,0.2,0.4779112935066223,0.0240478515625,-0.009565938278683461,0.14687815308570862,0.9826977252960205,0.007027928,0.0004092704424510632,5776,1257.0,-2.45760456
185856,1770,69,19,0.011192076854058541,-43.27396082878113,0.2,-2.8880128860473633,0.2076416015625,-0.018955923849716783,-0.02281319908797741,0.9873371124267578,0.01647414,0.0004092704424510632,5792,1257.0,-2.45760456
186368,1768,70,20,0.004723290119727608,-43.388264536857605,0.2,-0.06355202198028564,0.2681884765625,-0.025854751467704773,-0.03560980409383774,0.9872756004333496,0.019656893,0.0004092704424510632,5808,1257.0,-2.45709392
186880,1768,71,20,1.8095849556848407,-43.353341937065125,0.2,0.19510489702224731,0.0238037109375,-0.003754206198209431,0.16357631981372833,0.9864086508750916,0.0060863188,0.0004092704424510632,5824,1257.0,-2.45709392
187392,1768,72,20,0.004348514958110172,-43.327940702438354,0.2,-2.987645387649536,0.318359375,-0.037891829502768815,-0.054607756435871124,0.9855217933654785,0.023453292,0.0004092704424510632,5840,1257.0,-2.45581707
187904,1768,73,21,1.9629765460267663,-43.31704914569855,0.2,0.08351778984069824,0.0284423828125,-0.00879589574469719,0.15378598868846893,0.9854798913002014,0.0084104,0.0004092704424510632,5856,1257.0,-2.45581707
188416,1767,74,21,0.00824453905079281,-43.30618476867676,0.2,-1.1012439727783203,0.253173828125,-0.026908196647127625,-0.04314727708697319,0.9850041270256042,0.016472127,0.0004092704424510632,5872,1257.0,-2.45581707
188928,1765,75,21,0.007635216839844361,-43.28974461555481,0.2,0.030556201934814453,0.2281494140625,-0.024882275087293237,-0.04311371222138405,0.9838849902153015,0.018151369,0.0004092704424510632,5888,1257.0,-2.45783697
189440,1764,76,22,1.6228747703135014,-43.25473964214325,0.2,0.24943721294403076,0.0687255859375,-0.0015350690446211956,0.10991143435239792,0.9834575653076172,0.0071469382,0.0004092704424510632,5904,1257.0,-2.45783697
189952,1764,77,22,0.02427606741548516,-43.24014973640442,0.2,-2.4895670413970947,0.2652587890625,-0.02792191514163278,-0.03104430064558983,0.9830045104026794,0.021717295,0.0004092704424510632,5920,1257.0,-2.45884014
190464,1763,78,22,1.3685629796236753,-43.23602843284607,0.2,0.45025402307510376,0.044677734375,-0.00488864399085287,0.1819940209388733,0.9830822348594666,0.008796054,0.0004092704424510632,5936,1257.0,-2.45884014
190976,1763,79,22,0.03799974441062659,-43.271597266197205,0.2,0.06907087564468384,0.328369140625,-0.03364840749418363,-0.028808224946260452,0.9859545230865479,0.031446625,0.0004092704424510632,5952,1257.0,-2.45884014
191488,1763,80,23,0.0710968126077205,-43.32778215408325,0.2,0.4019068479537964,0.2574462890625,-0.02621374164300505,-0.004347614943981171,0.9853611588478088,0.015746076,0.0004092704424510632,5968,1257.0,-2.4583933099999995
192000,1762,81,23,0.9223891869187355,-43.292803168296814,0.2,0.7474733591079712,0.00830078125,-0.003844009348540567,0.5244808793067932,0.9850192666053772,0.0045584505,0.0004092704424510632,5984,1257.0,-2.4583933099999995
192512,1762,82,23,0.376060928683728,-43.29553008079529,0.2,-2.091338872909546,0.14501953125,-0.01687921457050834,0.10972878336906433,0.9854080677032471,0.023764774,0.0004092704424510632,6000,1257.0,-2.45899033
193024,1762,83,24,1.0223445110023022,-43.30723702907562,0.2,0.8388457894325256,0.021240234375,-0.006940256607776973,0.4916740953922272,0.9856852889060974,0.0066992906,0.0004092704424510632,6016,1257.0,-2.45899033
193536,1762,84,24,0.320219817571342,-43.3056423664093,0.2,0.16084891557693481,0.1993408203125,-0.021862874244106933,0.10364970564842224,0.9852026700973511,0.031772956,0.0004092704424510632,6032,1257.0,-2.45899033
194048,1762,85,24,1.2089909464120865,-43.289093375205994,0.2,0.7534674406051636,0.178466796875,-0.014933479789760895,0.551986038684845,0.9849217534065247,0.019155785,0.0004092704424510632,6048,1257.0,-2.4575801399999997
194560,1762,86,24,0.15057523688301444,-43.294466614723206,0.2,0.9763018488883972,0.189453125,-0.018504806357668713,0.05891472101211548,0.9854469299316406,0.019589938,0.0004092704424510632,6064,1257.0,-2.4575801399999997
195072,1762,87,25,0.08823881181888282,-43.31465768814087,0.2,-3.2166967391967773,0.26904296875,-0.02388225346658146,0.0018306821584701538,0.9862575531005859,0.021169486,0.0004092704424510632,6080,1257.0,-2.45513858
195584,1762,88,25,1.1260898653417826,-43.328256130218506,0.2,0.5487903356552124,0.088134765625,-0.009597473152098246,0.24698884785175323,0.9864360690116882,0.009476822,0.0004092704424510632,6096,1257.0,-2.45513858
196096,1761,89,25,0.04335916426498443,-43.32186579704285,0.2,-0.5393656492233276,0.310791015625,-0.03200669201032724,-0.026536328718066216,0.9856981635093689,0.028596774,0.0004092704424510632,6112,1257.0,-2.4555231899999996
196608,1760,90,26,1.1850187368690968,-43.30260634422302,0.2,0.7746720314025879,0.0185546875,-0.00707233229331905,0.23679301142692566,0.9854491353034973,0.0061850715,0.0004092704424510632,6128,1257.0,-2.4555231899999996
197120,1759,91,26,0.014103202818660066,-43.28925919532776,0.2,-2.9790310859680176,0.209228515625,-0.020655641856137663,-0.018085118383169174,0.9846102595329285,0.015646398,0.0004092704424510632,6144,1257.0,-2.4555231899999996
197632,1757,92,26,0.006245313663384877,-43.263694524765015,0.2,-0.011319637298583984,0.280517578125,-0.027034922532038763,-0.03962566331028938,0.9837422370910645,0.01740022,0.0004092704424510632,6160,1257.0,-2.45687473
198144,1755,93,27,1.6980521939694881,-43.24046754837036,0.2,0.06923234462738037,0.2080078125,-0.011625605926383287,0.10678140074014664,0.9833468794822693,0.0160347,0.0004092704424510632,6176,1257.0,-2.45687473
198656,1753,94,27,0.007814461750967894,-43.186652183532715,0.2,-1.724973201751709,0.2672119140625,-0.025442104291869327,-0.029603851959109306,0.9797215461730957,0.022674304,0.0004092704424510632,6192,1257.0,-2.45747247
199168,1751,95,27,1.1229254803620279,-43.09367346763611,0.2,0.27333182096481323,0.0489501953125,-0.011691298321238719,0.2298692762851715,0.9785009622573853,0.010421315,0.0004092704424510632,6208,1257.0,-2.45747247
199680,1750,96,28,0.013136739740730263,-43.08682918548584,0.2,-2.24873948097229,0.1978759765625,-0.020548298503854312,-0.03208436816930771,0.9791978001594543,0.012856288,0.0004092704424510632,6224,1257.0,-2.45747247
200192,1748,97,28,0.005452859622891992,-43.10781908035278,0.2,-0.05133461952209473,0.29638671875,-0.03189831678173505,-0.03622261807322502,0.979526162147522,0.023869302,0.0004092704424510632,6240,1257.0,-2.45729434
200704,1748,98,28,1.5991573389619589,-43.1071902513504,0.2,0.2441505789756775,0.0277099609375,-0.010364008761825971,0.12051191926002502,0.9796761274337769,0.0070113833,0.0004092704424510632,6256,1257.0,-2.45729434
201216,1748,99,28,0.013829505653120577,-43.09465754032135,0.2,-2.7807164192199707,0.2860107421875,-0.032152675616089255,-0.043393585830926895,0.978359580039978,0.023850853,0.0004092704424510632,6272,1257.0,-2.45464334
201728,1748,100,29,1.6492298496887088,-43.06247639656067,0.2,0.45450466871261597,0.0318603515625,-0.001391741054248996,0.34315621852874756,0.9778938293457031,0.0047344426,0.0004092704424510632,6288,1257.0,-2.45464334
202240,1748,101,29,0.006129630564828403,-43.065598368644714,0.2,-0.5948231220245361,0.255615234375,-0.023703531740466133,-0.04044284671545029,0.9785056710243225,0.01968389,0.0004092704424510632,6304,1257.0,-2.45464334
202752,1748,102,29,0.006380656224791892,-43.07913339138031,0.2,0.01590520143508911,0.2176513671875,-0.02579845389118418,-0.0373280793428421,0.9784783720970154,0.013919149,0.0004092704424510632,6320,1257.0,-2.45501425
203264,1748,103,30,1.4582087979651988,-43.07628691196442,0.2,0.2471199631690979,0.05322265625,-0.0034788054617820308,0.13276870548725128,0.9784999489784241,0.00727629,0.0004092704424510632,6336,1257.0,-2.45501425
203776,1747,104,30,0.02277066488750279,-43.07465577125549,0.2,-2.580979824066162,0.2974853515625,-0.03274488402530551,-0.03557255491614342,0.9783549308776855,0.041280545,0.0004092704424510632,6352,1257.0,-2.4554831500000005
204288,1747,105,30,1.1794334365986288,-43.062257409095764,0.2,0.4122806787490845,0.040283203125,0.0035459309146972373,0.31372010707855225,0.9781724810600281,0.005688576,0.0004092704424510632,6368,1257.0,-2.4554831500000005
204800,1746,106,31,0.024792036332655698,-43.05048632621765,0.2,-1.7657904624938965,0.2305908203125,-0.02718041393382009,-0.03348772972822189,0.9776831865310669,0.019872341,0.0004092704424510632,6384,1257.0,-2.4554831500000005
205312,1746,107,31,0.0063279319438152015,-43.04937493801117,0.2,0.3259947896003723,0.287841796875,-0.033314910979242995,-0.03267836943268776,0.9782609343528748,0.02324609,0.0004092704424510632,6400,1257.0,-2.4540941400000005
205824,1746,108,31,0.9732826389372349,-43.082093358039856,0.2,0.49010908603668213,0.0367431640625,-0.006011411573126679,0.20443250238895416,0.9787043333053589,0.008143017,0.0004092704424510632,6416,1257.0,-2.4540941400000005
206336,1745,109,31,0.0263405256846454,-43.08406686782837,0.2,-2.6907801628112793,0.226318359375,-0.020356424633064307,-0.014713659882545471,0.978308916091919,0.017432587,0.0004092704424510632,6432,1257.0,-2.4516370700000003
206848,1745,110,32,0.9909423440694809,-43.06911754608154,0.2,0.3256804943084717,0.052734375,-0.0055873457895359024,0.15208999812602997,0.9782983064651489,0.0069382954,0.0004092704424510632,6448,1257.0,-2.4516370700000003
207360,1745,111,32,0.026129553036298603,-43.08649408817291,0.2,-0.11597669124603271,0.302734375,-0.02608740667346865,-0.024858852848410606,0.9796064496040344,0.025373727,0.0004092704424510632,6464,1257.0,-2.4516370700000003
207872,1745,112,32,0.17256248695775867,-43.10533595085144,0.2,0.6068248748779297,0.1695556640625,-0.020012428765767254,0.04050040990114212,0.9792197346687317,0.022205558,0.0004092704424510632,6480,1257.0,-2.45218056
208384,1745,113,33,0.3143997623119503,-43.0854731798172,0.2,0.8320016860961914,0.08203125,-0.013390278880251572,0.025066275149583817,0.9787817597389221,0.019047607,0.0004092704424510632,6496,1257.0,-2.45218056
208896,1744,114,33,0.0817869077436626,-43.065038084983826,0.2,-3.5931572914123535,0.2073974609375,-0.02197197242639959,-0.009787743911147118,0.9778859615325928,0.018185899,0.0004092704424510632,6512,1257.0,-2.4501752499999996
209408,1744,115,33,0.9468019613996148,-43.03482532501221,0.2,0.654719889163971,0.023193359375,-0.006354142911732197,0.2153940200805664,0.9773654341697693,0.004332308,0.0004092704424510632,6528,1257.0,-2.4501752499999996
209920,1744,116,34,0.020343553216662258,-43.028093099594116,0.2,-0.8720232248306274,0.2772216796875,-0.02829947198915761,-0.0245419479906559,0.9770376682281494,0.025054812,0.0004092704424510632,6544,1257.0,-2.44813015
210432,1744,117,34,1.359518333338201,-43.03131449222565,0.2,0.7285442352294922,0.0042724609375,-0.00039756189653417096,0.5672602653503418,0.977184534072876,0.0033213752,0.0004092704424510632,6560,1257.0,-2.44813015
210944,1744,118,34,0.04701751586981118,-43.02594530582428,0.2,-2.7791543006896973,0.245849609375,-0.02653687392012216,-0.02827494405210018,0.976711630821228,0.017427988,0.0004092704424510632,6576,1257.0,-2.44813015
211456,1744,119,34,0.013582544517703354,-43.0420845746994,0.2,-3.867185592651367,0.2164306640625,-0.01927037692803424,-0.023868268355727196,0.9783772826194763,0.0180474,0.0004092704424510632,6592,1257.0,-2.4521624899999996
211968,1743,120,35,1.5957713881507516,-43.08743989467621,0.2,0.19371885061264038,0.0101318359375,-0.004588417781633325,0.21729515492916107,0.978929877281189,0.0050727027,0.0004092704424510632,6608,1257.0,-2.4521624899999996
212480,1744,121,35,0.007217653299449012,-43.08158278465271,0.2,-1.4269797801971436,0.2459716796875,-0.023648245332879014,-0.03441927209496498,0.9784535765647888,0.018407274,0.0004092704424510632,6624,1257.0,-2.45140471
212992,1744,122,35,1.1642457256093621,-43.06730842590332,0.2,0.38920003175735474,0.009033203125,-0.005543654435314238,0.12042608112096786,0.9783154726028442,0.005283471,0.0004092704424510632,6640,1257.0,-2.45140471
213504,1744,123,36,0.007342252225498669,-43.05371403694153,0.2,-1.4827461242675781,0.2244873046875,-0.022239181118493434,-0.03249533846974373,0.9773131608963013,0.017154606,0.0004092704424510632,6656,1257.0,-2.45140471
214016,1745,124,36,0.004008007796073798,-43.00866520404816,0.2,-0.14847850799560547,0.212890625,-0.019063031766563654,-0.035666752606630325,0.97630774974823,0.01457479,0.0004092704424510632,6672,1257.0,-2.4504954899999998
214528,1745,125,36,1.7691815965808928,-42.9862174987793,0.2,0.23449373245239258,0.016845703125,-0.0027059228013968095,0.17436017096042633,0.9760212898254395,0.007433737,0.0004092704424510632,6688,1257.0,-2.4504954899999998
215040,1745,126,36,0.003449719733907841,-42.981319546699524,0.2,-2.72985577583313,0.302490234375,-0.02814245648914948,-0.03986195847392082,0.9757681488990784,0.019815922,0.0004092704424510632,6704,1257.0,-2.44878254
215552,1746,127,37,1.7122911186888814,-42.96881914138794,0.2,0.06499665975570679,0.0062255859375,-0.005375566412112676,0.22354480624198914,0.9756849408149719,0.0044356682,0.0004092704424510632,6720,1257.0,-2.44878254
216064,1746,128,37,0.009952764550689608,-42.97786211967468,0.2,-0.7260174751281738,0.306396484375,-0.033493178692879155,-0.03930577263236046,0.9762889742851257,0.018902533,0.0004092704424510632,6736,1257.0,-2.44878254
216576,1747,129,37,0.005703092203475535,-42.98882436752319,0.2,-0.021203041076660156,0.1483154296875,-0.015269523253664374,-0.014760926365852356,0.9748522043228149,0.012581824,0.0004092704424510632,6752,1257.0,-2.4482702599999997
217088,1747,130,38,1.4118409873917699,-42.94500386714935,0.2,0.2325032353401184,0.0140380859375,-0.004952045943355188,0.1861855536699295,0.9741461873054504,0.0059836707,0.0004092704424510632,6768,1257.0,-2.4482702599999997
217600,1747,131,38,0.033154426724649966,-42.95957398414612,0.2,-2.73466420173645,0.26025390625,-0.023189209518022835,-0.03364306688308716,0.976219654083252,0.025653811,0.0004092704424510632,6784,1257.0,-2.4456856900000004
218112,1747,132,38,0.8167436085641384,-43.02503025531769,0.2,0.6861127614974976,0.05224609375,-0.009100922019570135,0.33333510160446167,0.9772325158119202,0.009472517,0.0004092704424510632,6800,1257.0,-2.4456856900000004
218624,1747,133,38,0.04634566872846335,-43.034682631492615,0.2,-1.532411813735962,0.2384033203125,-0.021795089371153153,-0.01743941754102707,0.9776521921157837,0.01898506,0.0004092704424510632,6816,1257.0,-2.4456856900000004
219136,1748,134,39,0.1293578844051808,-43.05678725242615,0.2,0.46398961544036865,0.2366943359375,-0.026986679178662598,0.019222013652324677,0.9783163666725159,0.020323299,0.0004092704424510632,6832,1257.0,-2.44813652
219648,1748,135,39,0.6918227216228843,-43.06718850135803,0.2,0.8123262524604797,0.069091796875,-0.009819621685892344,0.10767488181591034,0.9784265160560608,0.014389688,0.0004092704424510632,6848,1257.0,-2.44813652
220160,1748,136,39,0.07345383672509342,-43.056458711624146,0.2,-3.0453577041625977,0.2254638671875,-0.022751860320568085,-0.005144329741597176,0.9777316451072693,0.022021275,0.0004092704424510632,6864,1257.0,-2.44567351
220672,1748,137,40,0.8363693179562688,-43.0319766998291,0.2,0.7834907174110413,0.0238037109375,-0.005028882180340588,0.37139758467674255,0.9775146842002869,0.007290346,0.0004092704424510632,6880,1257.0,-2.44567351
221184,1748,138,40,0.21787682408466935,-43.04045116901398,0.2,0.34938275814056396,0.2635498046875,-0.027696805977029726,0.04416925460100174,0.9781686067581177,0.031013817,0.0004092704424510632,6896,1257.0,-2.44567351
221696,1748,139,40,1.4459265880286694,-43.055516719818115,0.2,0.736831784248352,0.0125732421875,-0.004942879633745179,0.5626358389854431,0.9783340096473694,0.0046789255,0.0004092704424510632,6912,1257.0,-2.44592831
222208,1748,140,40,0.1682821293361485,-43.06117856502533,0.2,0.9778780937194824,0.286865234375,-0.02362134166469332,0.021851643919944763,0.978697657585144,0.02563078,0.0004092704424510632,6928,1257.0,-2.44592831
222720,1748,141,41,0.1239036824554205,-43.086166977882385,0.2,-2.9046521186828613,0.2828369140625,-0.03167963048326783,-0.0016117841005325317,0.980457067489624,0.02794268,0.0004092704424510632,6944,1257.0,-2.44366559
223232,1748,142,41,0.7505886219441891,-43.13004386425018,0.2,0.7621638774871826,0.0982666015625,-0.01539399602188496,0.24126318097114563,0.9809698462486267,0.015235854,0.0004092704424510632,6960,1257.0,-2.44366559
223744,1748,143,41,0.10439585358835757,-43.13943159580231,0.2,-0.946422815322876,0.255859375,-0.02281535700603854,0.01223926991224289,0.9816783666610718,0.027589949,0.0004092704424510632,6976,1257.0,-2.44366559
224256,1749,144,42,1.1713734604418278,-43.16587543487549,0.2,0.817541778087616,0.0615234375,-0.007975470842211507,0.589049220085144,0.9820793271064758,0.010410963,0.0004092704424510632,6992,1257.0,-2.44358995
224768,1749,145,42,0.06402093090582639,-43.14785122871399,0.2,0.5397688150405884,0.2681884765625,-0.02884240442654118,-0.019994447007775307,0.9800248146057129,0.02503233,0.0004092704424510632,7008,1257.0,-2.44358995
225280,1749,146,42,0.028217339830007404,-43.10348987579346,0.2,-2.9964065551757812,0.227783203125,-0.021133863658178598,-0.009944268502295017,0.9799484610557556,0.018759748,0.0004092704424510632,7024,1257.0,-2.4438764299999995
225792,1749,147,43,1.203929920680821,-43.1181184053421,0.2,0.31312400102615356,0.145263671875,-0.010636849314323626,0.4256962537765503,0.9803369045257568,0.009962713,0.0004092704424510632,7040,1257.0,-2.4438764299999995
226304,3805,1,0,0.006940799670701381,-43.120466351509094,0.2,-1.054049015045166,0.28466796875,-0.02933035625028424,-0.041062790900468826,0.9796894192695618,0.025631648,0.0004092704424510632,7056,1257.0,-2.44456713
226816,2413,2,0,1.1652805851772428,-43.093788623809814,0.2,0.34077101945877075,0.0723876953125,-0.004248957673553377,0.17361952364444733,0.979263424873352,0.00792272,0.0004092704424510632,7072,1257.0,-2.44456713
227328,2141,3,0,0.009723202223540284,-43.12096703052521,0.2,-1.5260252952575684,0.2086181640625,-0.022980000285315327,-0.03893889859318733,0.9817842245101929,0.013902359,0.0004092704424510632,7088,1257.0,-2.44456713
227840,2031,4,1,0.005187828770431224,-43.175803542137146,0.2,-0.060045480728149414,0.2960205078125,-0.03367424197494984,-0.04116084426641464,0.9812557101249695,0.023585971,0.0004092704424510632,7104,1257.0,-2.4441327899999994
228352,1973,5,1,1.5394803704693913,-43.138272404670715,0.2,0.21701300144195557,0.0406494140625,0.0009375722729600966,0.1923431158065796,0.9805620312690735,0.0039084214,0.0004092704424510632,7120,1257.0,-2.4441327899999994
228864,1940,6,1,0.005623358782031573,-43.14700508117676,0.2,-3.1879820823669434,0.3321533203125,-0.03691699870978482,-0.04185203090310097,0.9819232225418091,0.026478754,0.0004092704424510632,7136,1257.0,-2.4405963699999997
229376,1922,7,1,0.9046912924386561,-43.18592309951782,0.2,0.305284321308136,0.045166015625,-0.010368930990807712,0.11509846150875092,0.9822696447372437,0.009009276,0.0004092704424510632,7152,1257.0,-2.4405963699999997
229888,1906,8,2,0.008217037277063355,-43.21173679828644,0.2,-0.9140753746032715,0.2886962890625,-0.029421018698485568,-0.039740849286317825,0.9841184020042419,0.024406347,0.0004092704424510632,7168,1257.0,-2.4405963699999997
230400,1889,9,2,0.005365817807614803,-43.25210916996002,0.2,-0.07034158706665039,0.1688232421875,-0.017995405185502023,-0.02135927602648735,0.9833266735076904,0.010319075,0.0004092704424510632,7184,1257.0,-2.43767428
230912,1880,10,2,1.513080958276987,-43.21304762363434,0.2,0.2747936248779297,0.0106201171875,-0.003385769683518447,0.12701524794101715,0.9827670454978943,0.0038962152,0.0004092704424510632,7200,1257.0,-2.43767428
231424,1874,11,3,0.023043436056468636,-43.18312883377075,0.2,-2.434328079223633,0.2841796875,-0.029407495283521712,-0.043091122061014175,0.9804806709289551,0.031474307,0.0004092704424510632,7216,1257.0,-2.4368387
231936,1867,12,3,1.239362072199583,-43.1196905374527,0.2,0.4489322900772095,0.048583984375,-0.010986099587171338,0.10993419587612152,0.979424774646759,0.009852883,0.0004092704424510632,7232,1257.0,-2.4368387
232448,1860,13,3,0.011836009187391028,-43.13083565235138,0.2,-0.8654721975326538,0.2803955078125,-0.02600769032142125,-0.02688855305314064,0.981191098690033,0.01790291,0.0004092704424510632,7248,1257.0,-2.4368387
232960,1854,14,3,0.005262058875814546,-43.16127526760101,0.2,0.15196263790130615,0.227294921875,-0.02501282238517888,-0.02092725969851017,0.9806257486343384,0.015867468,0.0004092704424510632,7264,1257.0,-2.43545043
233472,1847,15,4,0.8678212147206068,-43.123425006866455,0.2,0.3203328847885132,0.03173828125,-0.005608003324596211,0.08138592541217804,0.9800609946250916,0.0064722504,0.0004092704424510632,7280,1257.0,-2.43545043
233984,1841,16,4,0.01835238965577446,-43.120317220687866,0.2,-2.7687222957611084,0.2584228515625,-0.02498672076035291,-0.03579962998628616,0.9811011552810669,0.018743757,0.0004092704424510632,7296,1257.0,-2.4364699400000003
234496,1836,17,4,1.4141240753233433,-43.14944779872894,0.2,0.2718914747238159,0.12451171875,-0.00903830025345087,0.11763414740562439,0.9815323352813721,0.012814948,0.0004092704424510632,7312,1257.0,-2.4364699400000003
235008,1830,18,5,0.02796276891604066,-43.129902362823486,0.2,-0.6614866256713867,0.2291259765625,-0.02394736990390811,-0.027429336681962013,0.9797102212905884,0.01651723,0.0004092704424510632,7328,1257.0,-2.4364699400000003
235520,1827,19,5,0.22820746712386608,-43.0847442150116,0.2,0.6614649295806885,0.14404296875,-0.018716418417170644,0.08021192997694016,0.9791149497032166,0.016138399,0.0004092704424510632,7344,1257.0,-2.43461083
236032,1826,20,5,0.3254770110361278,-43.08056092262268,0.2,0.8836663365364075,0.0555419921875,-0.010413796728244051,0.04925813525915146,0.9791584014892578,0.014765779,0.0004092704424510632,7360,1257.0,-2.43461083
236544,1823,21,5,0.06808443274348974,-43.1045024394989,0.2,-3.061788558959961,0.21923828125,-0.01984445282141678,-0.004411265254020691,0.9814842343330383,0.018529579,0.0004092704424510632,7376,1257.0,-2.4313495
237056,1820,22,6,0.9005146026611328,-43.17535984516144,0.2,0.7714344263076782,0.0037841796875,-0.0009369982944917865,0.3878222405910492,0.9824109077453613,0.0033956994,0.0004092704424510632,7392,1257.0,-2.4313495
237568,1818,23,6,0.0821502145845443,-43.20024383068085,0.2,-0.8933216333389282,0.3095703125,-0.025844964082352817,-0.007763031870126724,0.9834815263748169,0.027210824,0.0004092704424510632,7408,1257.0,-2.4313495
238080,1816,24,6,0.8019327893853188,-43.2223504781723,0.2,0.7888749837875366,0.041748046875,-0.007944909564685076,0.26535671949386597,0.9834145903587341,0.011293301,0.0004092704424510632,7424,1257.0,-2.43032905
238592,1812,25,7,0.08387446939013898,-43.20623862743378,0.2,0.8464533090591431,0.2462158203125,-0.022588915569940582,-0.017979882657527924,0.9826599359512329,0.022697479,0.0004092704424510632,7440,1257.0,-2.43032905
239104,1809,26,7,0.056592551758512855,-43.20258903503418,0.2,-1.424426555633545,0.2308349609375,-0.023101962433429435,0.0009407475590705872,0.9833797216415405,0.01795451,0.0004092704424510632,7456,1257.0,-2.4308737199999997
239616,1806,27,7,1.3786590211093426,-43.219152331352234,0.2,0.23056817054748535,0.11083984375,-0.012026167423755396,0.19155965745449066,0.9835898280143738,0.011598147,0.0004092704424510632,7472,1257.0,-2.4308737199999997
240128,1805,28,7,0.02192978435778059,-43.20386290550232,0.2,-1.433845043182373,0.2437744140625,-0.024350022024009377,-0.020282335579395294,0.9823763966560364,0.020356204,0.0004092704424510632,7488,1257.0,-2.43003186
240640,1805,29,8,0.6563493022695184,-43.15620303153992,0.2,0.6218609809875488,0.077392578125,-0.013989945655339397,0.13952961564064026,0.9816094040870667,0.012642076,0.0004092704424510632,7504,1257.0,-2.43003186
241152,1802,30,8,0.010074006524519064,-43.12005114555359,0.2,-2.622288227081299,0.2716064453125,-0.02877213510510046,-0.043662652373313904,0.9797236323356628,0.025709592,0.0004092704424510632,7520,1257.0,-2.43003186
241664,1800,31,8,0.0038031142903491855,-43.07566463947296,0.2,-0.1744767427444458,0.215576171875,-0.02589704435376916,-0.033018361777067184,0.9796944260597229,0.013804158,0.0004092704424510632,7536,1257.0,-2.42905773
242176,1798,32,9,1.5276351417414844,-43.08540093898773,0.2,0.25141870975494385,0.0047607421875,-0.002246913318231236,0.11811956763267517,0.9800169467926025,0.004513237,0.0004092704424510632,7552,1257.0,-2.42905773
242688,1797,33,9,0.008940890067606233,-43.072521686553955,0.2,-2.293854236602783,0.26904296875,-0.030405371813685633,-0.028819045051932335,0.9787127375602722,0.020060591,0.0004092704424510632,7568,1257.0,-2.42726799
243200,1796,34,9,1.2822154378518462,-43.04348385334015,0.2,0.45979177951812744,0.0172119140625,-0.004368441077531315,0.25117194652557373,0.9782689213752747,0.0044572996,0.0004092704424510632,7584,1257.0,-2.42726799
243712,1796,35,9,0.015580713836243376,-43.05484485626221,0.2,-2.0730600357055664,0.2960205078125,-0.027512575979926623,-0.03497236222028732,0.9796838164329529,0.023678781,0.0004092704424510632,7600,1257.0,-2.42726799
244224,1797,36,10,0.006423568775062449,-43.08505940437317,0.2,-0.05099904537200928,0.2744140625,-0.03112703506485559,-0.03702222928404808,0.978824257850647,0.018504165,0.0004092704424510632,7616,1257.0,-2.42649437
244736,1797,37,10,1.7559140687808394,-43.0475412607193,0.2,0.30338364839553833,0.00830078125,-0.0015767475561005995,0.1525629758834839,0.9782945513725281,0.0041557653,0.0004092704424510632,7632,1257.0,-2.42649437
245248,1797,38,10,0.005710137862479314,-43.04523026943207,0.2,-3.167984962463379,0.2806396484375,-0.03172981180250645,-0.053931962698698044,0.9781801104545593,0.019858424,0.0004092704424510632,7648,1257.0,-2.4236544999999996
245760,1798,39,11,2.282904105260968,-43.04018545150757,0.2,0.06701159477233887,0.0902099609375,-0.008928088820539415,0.1504981964826584,0.9781888723373413,0.011433979,0.0004092704424510632,7664,1257.0,-2.4236544999999996
246272,1799,40,11,0.026046867948025465,-43.04787766933441,0.2,0.06708681583404541,0.2344970703125,-0.024057429051026702,-0.021608732640743256,0.977654755115509,0.017253948,0.0004092704424510632,7680,1257.0,-2.4236544999999996
246784,1799,41,11,0.004805515207408462,-43.02903461456299,0.2,0.12535303831100464,0.2667236328125,-0.027822941498016007,-0.0368368960916996,0.9769032597541809,0.016411927,0.0004092704424510632,7696,1257.0,-2.42231774
247296,1800,42,11,1.1931925993412733,-43.02567446231842,0.2,0.2895873188972473,0.0770263671875,-0.01116479278425686,0.1846136450767517,0.9768274426460266,0.010129047,0.0004092704424510632,7712,1257.0,-2.42231774
247808,1800,43,12,0.01369036000687629,-43.02893650531769,0.2,-3.056473731994629,0.2647705078125,-0.026625476122717373,-0.040213603526353836,0.9770742654800415,0.026486874,0.0004092704424510632,7728,1257.0,-2.4227273499999997
248320,1801,44,12,1.6642727823927999,-43.03213036060333,0.2,0.2530413269996643,0.0081787109375,0.0038620324921794236,0.14681988954544067,0.9773239493370056,0.0028859705,0.0004092704424510632,7744,1257.0,-2.4227273499999997
248832,1801,45,12,0.017096576193580404,-43.0515171289444,0.2,-1.4377679824829102,0.230224609375,-0.022149392185383476,-0.02997424080967903,0.9786580801010132,0.017441884,0.0004092704424510632,7760,1257.0,-2.4227273499999997
249344,1800,46,13,0.017558475490659475,-43.076542139053345,0.2,0.5544822812080383,0.248046875,-0.02685195354570169,-0.02630346454679966,0.9781056046485901,0.015470795,0.0004092704424510632,7776,1257.0,-2.42128699
249856,1800,47,13,0.6425637975335121,-43.05053734779358,0.2,0.588303804397583,0.0953369140625,-0.013141447692760266,0.03566315025091171,0.9776326417922974,0.009555494,0.0004092704424510632,7792,1257.0,-2.42128699
250368,1800,48,13,0.06447918835328892,-43.0326623916626,0.2,-3.9148740768432617,0.21484375,-0.02026138294604607,-0.01728959009051323,0.9764955639839172,0.019737817,0.0004092704424510632,7808,1257.0,-2.41963532
250880,1800,49,13,1.9198419377207756,-42.99212563037872,0.2,0.46044057607650757,0.058349609375,0.002201570649049245,0.371452659368515,0.9760463237762451,0.0062210085,0.0004092704424510632,7824,1257.0,-2.41963532
251392,1800,50,14,0.009035033392137848,-42.99155640602112,0.2,-0.575963020324707,0.1925048828125,-0.0217706527619157,-0.029348082840442657,0.9765403270721436,0.01281297,0.0004092704424510632,7840,1257.0,-2.41963532
251904,1800,51,14,0.5205847145989537,-42.99397265911102,0.2,0.4449208974838257,0.0985107421875,-0.012760158686432987,0.16680079698562622,0.9768730998039246,0.010726741,0.0004092704424510632,7856,1257.0,-2.41871804
252416,1799,52,14,0.11151729698758572,-42.990089416503906,0.2,0.8550020456314087,0.2701416015625,-0.018461535742972046,-0.006675604730844498,0.9766265153884888,0.028607797,0.0004092704424510632,7872,1257.0,-2.41871804
252928,1799,53,15,0.019323019892908633,-42.97911596298218,0.2,-1.4138472080230713,0.2052001953125,-0.022227588924579322,-0.009883200749754906,0.9762343168258667,0.013798114,0.0004092704424510632,7888,1257.0,-2.41863912
253440,1798,54,15,1.566389917396009,-42.96608865261078,0.2,0.12382376194000244,0.06640625,-0.007763696470647119,0.23081248998641968,0.9761373400688171,0.008087862,0.0004092704424510632,7904,1257.0,-2.41863912
253952,1797,55,15,0.015872898162342608,-42.97281575202942,0.2,-1.074592113494873,0.2646484375,-0.025847823126241565,-0.029804714024066925,0.9767192602157593,0.02206187,0.0004092704424510632,7920,1257.0,-2.42066813
254464,1797,56,15,1.6461694445461035,-42.99263799190521,0.2,0.6538538932800293,0.0198974609375,-0.006039169049472548,0.2024088054895401,0.9768957495689392,0.005126562,0.0004092704424510632,7936,1257.0,-2.42066813
254976,1796,57,16,0.011678011433104984,-43.00715613365173,0.2,-2.3342466354370117,0.2713623046875,-0.027751238285418367,-0.034255996346473694,0.9780861735343933,0.02072485,0.0004092704424510632,7952,1257.0,-2.42066813
255488,1796,58,16,0.004764674449688755,-43.00018393993378,0.2,-0.17533302307128906,0.2921142578125,-0.031899977271677926,-0.04432638734579086,0.9760052561759949,0.021539815,0.0004092704424510632,7968,1257.0,-2.4181371799999996
256000,1795,59,16,1.6225155936554074,-42.92972385883331,0.2,0.28214573860168457,0.0267333984375,-0.01001950292265974,0.09688980877399445,0.974973738193512,0.0064915502,0.0004092704424510632,7984,1257.0,-2.4181371799999996
256512,1795,60,17,0.008067052564001642,-42.92296123504639,0.2,-2.550584077835083,0.2744140625,-0.02534721326082945,-0.035413600504398346,0.9750763773918152,0.024390372,0.0004092704424510632,8000,1257.0,-2.41829058
257024,1795,61,17,1.363066228106618,-42.9269163608551,0.2,0.3846021890640259,0.0489501953125,-0.0029792625064146705,0.3485719859600067,0.9752069115638733,0.007822616,0.0004092704424510632,8016,1257.0,-2.41829058
257536,1794,62,17,0.04021865245886147,-42.9616539478302,0.2,-0.4527696371078491,0.2960205078125,-0.0284205402713269,-0.028045352548360825,0.9774290919303894,0.031455833,0.0004092704424510632,8032,1257.0,-2.41829058
258048,1790,63,18,0.004548351040284615,-43.01934587955475,0.2,-0.10438454151153564,0.1920166015625,-0.022819959034677595,-0.0275887381285429,0.9775478839874268,0.0128416475,0.0004092704424510632,8048,1257.0,-2.41714774
258560,1789,64,18,1.8473816867917776,-43.007083892822266,0.2,0.26527971029281616,0.009521484375,-0.003533891969709657,0.10801805555820465,0.9772587418556213,0.003881638,0.0004092704424510632,8064,1257.0,-2.41714774
259072,1788,65,18,0.016423582303104922,-43.02985429763794,0.2,-3.0400729179382324,0.2296142578125,-0.02226198950666003,-0.03758150339126587,0.9794641733169556,0.01694573,0.0004092704424510632,8080,1257.0,-2.41631251
259584,1786,66,18,2.004313142038882,-43.09677851200104,0.2,0.46552354097366333,0.0052490234375,-0.003966792814026121,0.3155154287815094,0.9803267121315002,0.0035568015,0.0004092704424510632,8096,1257.0,-2.41631251
260096,1785,67,19,0.00862419672193937,-43.12428522109985,0.2,-0.2281397581100464,0.29638671875,-0.03137792844790965,-0.05011669918894768,0.9816139936447144,0.022191599,0.0004092704424510632,8112,1257.0,-2.41631251
260608,1785,68,19,0.006945999732124619,-43.19011163711548,0.2,0.17076218128204346,0.2802734375,-0.030033195071155205,-0.03750067949295044,0.9835166335105896,0.019187827,0.0004092704424510632,8128,1257.0,-2.41392236
261120,1784,69,19,1.2426001066341996,-43.23277974128723,0.2,0.447587251663208,0.01806640625,-0.004463267221581191,0.1957736611366272,0.9840638041496277,0.007653372,0.0004092704424510632,8144,1257.0,-2.41392236
261632,1783,70,20,0.026629764528479427,-43.22735524177551,0.2,-2.428183078765869,0.2366943359375,-0.024077077949186787,-0.029443230479955673,0.9833584427833557,0.024271138,0.0004092704424510632,8160,1257.0,-2.4147705
262144,1782,71,20,1.3802041187882423,-43.22095584869385,0.2,0.3983474373817444,0.010498046875,-0.0023394573072437197,0.3544851541519165,0.9834733605384827,0.0041485094,0.0004092704424510632,8176,1257.0,-2.4147705
262656,1782,72,20,0.0718966827262193,-43.22693920135498,0.2,0.3010181188583374,0.2271728515625,-0.022084580661612563,-0.0038841404020786285,0.9838482737541199,0.015322393,0.0004092704424510632,8192,1257.0,-2.4147705
263168,1782,73,20,0.8353679403662682,-43.23492205142975,0.2,0.678604245185852,0.0548095703125,-0.011260370236414019,0.33901867270469666,0.9841324090957642,0.010956744,0.0004092704424510632,8208,1257.0,-2.41532112
263680,1782,74,21,0.27225645212456584,-43.22753024101257,0.2,0.9539300799369812,0.0584716796875,-0.01255163956375327,0.06514929234981537,0.9832351803779602,0.012318836,0.0004092704424510632,8224,1257.0,-2.41532112
264192,1783,75,21,0.06775244371965528,-43.215839862823486,0.2,-2.7150228023529053,0.270751953125,-0.026881128942477517,-0.021518878638744354,0.9843353033065796,0.024924843,0.0004092704424510632,8240,1257.0,-2.41567417
264704,1783,76,21,1.0891650570556521,-43.255900502204895,0.2,0.7513020634651184,0.032958984375,-0.0008612847450422123,0.3884742259979248,0.984983503818512,0.005815384,0.0004092704424510632,8256,1257.0,-2.41567417
265216,1784,77,22,0.03153961681528017,-43.257612347602844,0.2,-0.7643548250198364,0.228759765625,-0.022879908261529636,-0.01747426763176918,0.9844618439674377,0.019116117,0.0004092704424510632,8272,1257.0,-2.41567417
265728,1784,78,22,0.7852712906897068,-43.24972367286682,0.2,0.7259384393692017,0.0538330078125,-0.009347202692879364,0.22351202368736267,0.9846218824386597,0.011825569,0.0004092704424510632,8288,1257.0,-2.41863674
266240,1784,79,22,0.0805563788744621,-43.2555513381958,0.2,0.9455455541610718,0.315185546875,-0.025556373177096248,-0.025391871109604836,0.9843423962593079,0.03476341,0.0004092704424510632,8304,1257.0,-2.41863674
266752,1784,80,22,0.022396280721295625,-43.26538825035095,0.2,-1.9098429679870605,0.24951171875,-0.02337139888550155,-0.023773672059178352,0.9858656525611877,0.018380702,0.0004092704424510632,8320,1257.0,-2.4195360299999997
267264,1784,81,23,2.0736015615984797,-43.3136545419693,0.2,0.1744402050971985,0.0443115234375,-0.0049141515119117685,0.24717053771018982,0.9864842295646667,0.007899166,0.0004092704424510632,8336,1257.0,-2.4195360299999997
267776,1782,82,23,0.012864171934779733,-43.321744441986084,0.2,-1.0227093696594238,0.2626953125,-0.02731720093288459,-0.03029051050543785,0.9861037135124207,0.022598065,0.0004092704424510632,8352,1257.0,-2.41977846
268288,1781,83,23,1.6713610962033272,-43.30745553970337,0.2,0.44348472356796265,0.007568359375,-0.0026912501525657717,0.3983386158943176,0.985679030418396,0.0044026067,0.0004092704424510632,8368,1257.0,-2.41977846
268800,1781,84,24,0.009094942666706629,-43.31786370277405,0.2,-2.1556169986724854,0.22998046875,-0.025728928376338445,-0.03897956386208534,0.9869219660758972,0.020243905,0.0004092704424510632,8384,1257.0,-2.41977846
269312,1780,85,24,0.004059628954564687,-43.3614604473114,0.2,-0.2166346311569214,0.220947265625,-0.02381060340849217,-0.0302154328674078,0.9876416921615601,0.014949983,0.0004092704424510632,8400,1257.0,-2.4197686
269824,1780,86,24,2.320571716874838,-43.37879002094269,0.2,0.27158182859420776,0.0614013671875,-0.0016785573679953814,0.6534172892570496,0.9877007007598877,0.0069944835,0.0004092704424510632,8416,1257.0,-2.4197686
270336,1779,87,25,0.0037910808059677947,-43.40155839920044,0.2,-3.4727578163146973,0.257568359375,-0.028081970260245726,-0.03153156861662865,0.9893890619277954,0.019921174,0.0004092704424510632,8432,1257.0,-2.42208766
270848,1778,88,25,2.097605712711811,-43.44460451602936,0.2,0.25564342737197876,0.0162353515625,-0.004944299871567637,0.4687993824481964,0.9898985624313354,0.006474838,0.0004092704424510632,8448,1257.0,-2.42208766
271360,1777,89,25,0.00794296179083176,-43.46418642997742,0.2,-0.3563239574432373,0.2452392578125,-0.02810567111009732,-0.038498446345329285,0.991066575050354,0.017976206,0.0004092704424510632,8464,1257.0,-2.42208766
271872,1776,90,25,0.0041888489067787305,-43.49947464466095,0.2,-0.13351082801818848,0.2572021484375,-0.028270990325836465,-0.03175916522741318,0.9922691583633423,0.022343319,0.0004092704424510632,8480,1257.0,-2.4201929200000003
272384,1776,91,26,2.023190085310489,-43.52343821525574,0.2,0.2650607228279114,0.0330810546875,-0.003337372952955775,0.1197378933429718,0.9927118420600891,0.0066600065,0.0004092704424510632,8496,1257.0,-2.4201929200000003
272896,1775,92,26,0.021624289453029633,-43.532928824424744,0.2,-3.059180736541748,0.2054443359375,-0.020754986093379557,-0.027215925976634026,0.9935193061828613,0.023874506,0.0004092704424510632,8512,1257.0,-2.42514691
273408,1774,93,26,2.12845531757921,-43.55160403251648,0.2,0.2656406760215759,0.005615234375,-0.00530613461160101,0.17822250723838806,0.9938564896583557,0.0040572113,0.0004092704424510632,8528,1257.0,-2.42514691
273920,1773,94,27,0.04651720786932856,-43.57964110374451,0.2,0.022568047046661377,0.2705078125,-0.03198283648816869,-0.031630028039216995,0.9959222078323364,0.023539409,0.0004092704424510632,8544,1257.0,-2.42514691
274432,1772,95,27,0.10101869073696434,-43.632692098617554,0.2,0.3866555690765381,0.2801513671875,-0.028473367652622983,0.003091420978307724,0.9968321323394775,0.01565259,0.0004092704424510632,8560,1257.0,-2.4258224299999998
274944,1772,96,27,0.9829805921763182,-43.64727163314819,0.2,0.7987375855445862,0.0350341796875,-0.009011262147396337,0.18880894780158997,0.9969505071640015,0.0074025267,0.0004092704424510632,8576,1257.0,-2.4258224299999998
275456,1771,97,28,0.09601016994565725,-43.63797688484192,0.2,-2.783015489578247,0.23583984375,-0.027565147829591297,-0.017401397228240967,0.9961869120597839,0.024663657,0.0004092704424510632,8592,1257.0,-2.42654731
275968,1770,98,28,1.5864330250769854,-43.62805259227753,0.2,0.8003391623497009,0.0435791015625,-0.0027450269990367815,0.47730639576911926,0.9960787892341614,0.0061761253,0.0004092704424510632,8608,1257.0,-2.42654731
276480,1770,99,28,0.09986215154640377,-43.62559711933136,0.2,-0.6011052131652832,0.246337890625,-0.025483534060185775,0.00335877388715744,0.9960421919822693,0.023539178,0.0004092704424510632,8624,1257.0,-2.42654731
276992,1770,100,28,0.6523619741201401,-43.63852262496948,0.2,0.6286957263946533,0.1002197265625,-0.011288109119050205,0.29086342453956604,0.9964993596076965,0.013432849,0.0004092704424510632,8640,1257.0,-2.42892325
277504,1769,101,29,0.31031144969165325,-43.654513359069824,0.2,0.9438648819923401,0.09423828125,-0.015843118191696703,0.04425138980150223,0.9968282580375671,0.016617492,0.0004092704424510632,8656,1257.0,-2.42892325
278016,1769,102,29,0.09567716810852289,-43.65605294704437,0.2,-2.4932827949523926,0.2125244140625,-0.0174889916961547,0.004077162593603134,0.9967401027679443,0.018533308,0.0004092704424510632,8672,1257.0,-2.43021863
278528,1769,103,29,1.3450270127505064,-43.65784180164337,0.2,0.7648585438728333,0.01904296875,-0.005772943317424506,0.30286550521850586,0.9967235326766968,0.0077400375,0.0004092704424510632,8688,1257.0,-2.43021863
279040,1769,104,30,0.09813238400965929,-43.64989399909973,0.2,0.3418278098106384,0.291015625,-0.030526536458637565,0.011969275772571564,0.9959654808044434,0.024804607,0.0004092704424510632,8704,1257.0,-2.43021863
279552,1768,105,30,2.0651309434324503,-43.623364329338074,0.2,0.808919370174408,0.0460205078125,-0.011396536472602747,1.2126837968826294,0.9955582022666931,0.0083358055,0.0004092704424510632,8720,1257.0,-2.42934868
280064,1768,106,30,0.0657966717844829,-43.604522466659546,0.2,0.9309288859367371,0.18994140625,-0.01803810022829566,-0.008963635191321373,0.9942660331726074,0.019303631,0.0004092704424510632,8736,1257.0,-2.42934868
280576,1769,107,30,0.025833096588030457,-43.57953977584839,0.2,-3.0210957527160645,0.2613525390625,-0.026619232347002253,-0.034224942326545715,0.9947002530097961,0.017738968,0.0004092704424510632,8752,1257.0,-2.42288325
281088,1769,108,31,2.0576303685083985,-43.59491515159607,0.2,0.24743294715881348,0.030029296875,-0.007714570907410234,0.4878746271133423,0.9949137568473816,0.0071665747,0.0004092704424510632,8768,1257.0,-2.42288325
281600,1770,109,31,0.0058031488879350945,-43.59022605419159,0.2,-0.651203989982605,0.22802734375,-0.021459804542246275,-0.028601793572306633,0.9944745898246765,0.016305972,0.0004092704424510632,8784,1257.0,-2.42303802
282112,1770,110,31,1.1516883512958884,-43.578372836112976,0.2,0.34988880157470703,0.02880859375,-0.007906817438197322,0.2192181646823883,0.9943314790725708,0.0068058507,0.0004092704424510632,8800,1257.0,-2.42303802
282624,1769,111,32,0.008227412676205859,-43.57958447933197,0.2,-0.5723071098327637,0.27978515625,-0.028302413695200812,-0.04597441107034683,0.9947872757911682,0.018330576,0.0004092704424510632,8816,1257.0,-2.42303802
283136,1770,112,32,0.005384036528994329,-43.57399249076843,0.2,-0.26801419258117676,0.232421875,-0.01995806947525125,-0.028365610167384148,0.9933208227157593,0.013419285,0.0004092704424510632,8832,1257.0,-2.42458082
283648,1769,113,32,1.9102909928187728,-43.52860426902771,0.2,0.2487604022026062,0.056396484375,-0.0006082658510422334,0.14852569997310638,0.9927688241004944,0.006446554,0.0004092704424510632,8848,1257.0,-2.42458082
284160,1769,114,32,0.01249692915007472,-43.51716339588165,0.2,-1.8147351741790771,0.256591796875,-0.02628146806091536,-0.04152154549956322,0.9920897483825684,0.022878649,0.0004092704424510632,8864,1257.0,-2.42238317
284672,1769,115,33,0.9951993552967906,-43.49460005760193,0.2,0.5307216644287109,0.0279541015625,-0.0023021874512778595,0.18193389475345612,0.9919124841690063,0.0056374082,0.0004092704424510632,8880,1257.0,-2.42238317
285184,1768,116,33,0.007323317782720551,-43.49705719947815,0.2,-1.5424995422363281,0.2738037109375,-0.026065041034598835,-0.0290461964905262,0.9921220541000366,0.019915976,0.0004092704424510632,8896,1257.0,-2.42238317
285696,1767,117,33,0.00551698797789868,-43.48381972312927,0.2,-0.06868183612823486,0.1693115234375,-0.020777565019670874,-0.0277282502502203,0.9909411072731018,0.012997147,0.0004092704424510632,8912,1257.0,-2.42347629
286208,1767,118,34,2.13172756601125,-43.45354986190796,0.2,0.24508625268936157,0.00341796875,-0.003754656805540435,0.14105957746505737,0.990601122379303,0.0039106654,0.0004092704424510632,8928,1257.0,-2.42347629
286720,1766,119,34,0.004268696175131481,-43.43908214569092,0.2,-2.874507427215576,0.2548828125,-0.028159204244730063,-0.041079722344875336,0.9899674654006958,0.016407888,0.0004092704424510632,8944,1257.0,-2.4232783899999997
287232,1766,120,34,1.9856610717251897,-43.42124605178833,0.2,0.0683014988899231,0.0391845703125,-0.0009638769697630778,0.1850554198026657,0.9898019433021545,0.0057207965,0.0004092704424510632,8960,1257.0,-2.4232783899999997
287744,1765,121,35,0.012152535637142137,-43.398237109184265,0.2,-0.2884199619293213,0.21728515625,-0.022066279030696023,-0.022648543119430542,0.9883179068565369,0.019630872,0.0004092704424510632,8976,1257.0,-2.4232783899999997
288256,1764,122,35,0.008236649722675793,-43.35999310016632,0.2,0.2707531452178955,0.2086181640625,-0.02739538298919797,-0.027778752148151398,0.987899661064148,0.016335078,0.0004092704424510632,8992,1257.0,-2.425758
288768,1763,123,35,1.3140003141015768,-43.348474621772766,0.2,0.5326441526412964,0.001220703125,-0.003276370120147476,0.13536357879638672,0.9877330660820007,0.003157,0.0004092704424510632,9008,1257.0,-2.425758
289280,1762,124,36,0.029906467127148062,-43.36547601222992,0.2,-2.3818886280059814,0.22119140625,-0.0199650765498518,-0.018613867461681366,0.9888566732406616,0.018645562,0.0004092704424510632,9024,1257.0,-2.42747461
289792,1762,125,36,1.6804112754762173,-43.38308835029602,0.2,0.6170060634613037,0.001708984375,-4.3681888200808316e-05,0.3141147196292877,0.9889194369316101,0.0030102013,0.0004092704424510632,9040,1257.0,-2.42747461
290304,1761,126,36,0.0817964777816087,-43.37980794906616,0.2,0.11763936281204224,0.20263671875,-0.019338078345754184,0.012140018865466118,0.988533616065979,0.01991816,0.0004092704424510632,9056,1257.0,-2.42747461
290816,1760,127,36,0.6315635787323117,-43.35308659076691,0.2,0.5566217303276062,0.093994140625,-0.01226492042769678,0.2303278148174286,0.9878230094909668,0.013092396,0.0004092704424510632,9072,1257.0,-2.42730444
291328,1760,128,37,0.4921656087972224,-43.339420318603516,0.2,0.932769238948822,0.1060791015625,-0.011350230270181783,0.13699139654636383,0.9878182411193848,0.019302491,0.0004092704424510632,9088,1257.0,-2.42730444
291840,1759,129,37,0.20551082538440824,-43.33940315246582,0.2,-2.0886621475219727,0.1619873046875,-0.017058410216122866,0.05058688670396805,0.987822949886322,0.018277269,0.0004092704424510632,9104,1257.0,-2.42648171
292352,1759,130,37,1.1330854762345552,-43.33547604084015,0.2,0.8232561349868774,0.033935546875,-0.005403520553954877,0.45764487981796265,0.9875308871269226,0.012129184,0.0004092704424510632,9120,1257.0,-2.42648171
292864,1758,131,38,0.3850592188537121,-43.32936954498291,0.2,0.3755972385406494,0.223388671875,-0.024814304822939448,0.1534234881401062,0.9877172112464905,0.026487146,0.0004092704424510632,9136,1257.0,-2.42648171
293376,1758,132,38,2.088555086404085,-43.338218092918396,0.2,0.8421658873558044,0.009033203125,-0.0023542169146821834,1.125901222229004,0.9877955317497253,0.0050581917,0.0004092704424510632,9152,1257.0,-2.42427256
293888,1757,133,38,0.054483535466715693,-43.33995831012726,0.2,0.9560509920120239,0.2264404296875,-0.022495629367767833,-0.022660348564386368,0.9881802201271057,0.027743364,0.0004092704424510632,9168,1257.0,-2.42427256
294400,1757,134,39,0.02278546738671139,-43.34397852420807,0.2,-2.4976532459259033,0.2979736328125,-0.023635603429283947,-0.021956654265522957,0.9876630306243896,0.02432992,0.0004092704424510632,9184,1257.0,-2.42451623
294912,1756,135,39,1.4897741368040442,-43.319092869758606,0.2,0.2669764757156372,0.0362548828125,-0.010925233247689903,0.23254892230033875,0.9873070120811462,0.0074120234,0.0004092704424510632,9200,1257.0,-2.42451623
295424,1756,136,39,0.008490491629345343,-43.27237558364868,0.2,-1.5098934173583984,0.2010498046875,-0.02269685574719915,-0.02954717166721821,0.9841657876968384,0.018431798,0.0004092704424510632,9216,1257.0,-2.4235778800000003
295936,1756,137,39,1.8019796088337898,-43.203097462654114,0.2,0.3135415315628052,0.028564453125,-0.0028189807853777893,0.1482221931219101,0.9833834767341614,0.005079546,0.0004092704424510632,9232,1257.0,-2.4235778800000003
296448,1755,138,40,0.010160186779103242,-43.16657531261444,0.2,-1.2327651977539062,0.2005615234375,-0.022999851149506867,-0.038956187665462494,0.9813177585601807,0.017745603,0.0004092704424510632,9248,1257.0,-2.4235778800000003
296960,1755,139,40,0.0036200042159180157,-43.10156691074371,0.2,-0.13282084465026855,0.2833251953125,-0.02644267480354756,-0.02418483793735504,0.9802349209785461,0.020937957,0.0004092704424510632,9264,1257.0,-2.42411354
297472,1755,140,40,1.8455855981446803,-43.075374126434326,0.2,0.24054455757141113,0.003173828125,0.0007921349279058632,0.199341282248497,0.97994065284729,0.0029523624,0.0004092704424510632,9280,1257.0,-2.42411354
297984,1754,141,41,0.007841951373848133,-43.10762095451355,0.2,-0.9710583686828613,0.32958984375,-0.033396675949916244,-0.03079204075038433,0.9830984473228455,0.029640064,0.0004092704424510632,9296,1257.0,-2.4230249699999997
298496,1754,142,41,1.0181623306125402,-43.18928277492523,0.2,0.3263464570045471,0.028076171875,-0.0019284415102447383,0.15334047377109528,0.984041154384613,0.005658076,0.0004092704424510632,9312,1257.0,-2.4230249699999997
299008,1754,143,41,0.007126378361135721,-43.20640480518341,0.2,-0.8119508028030396,0.2032470703125,-0.022403089882573113,-0.03602595254778862,0.984401524066925,0.013325907,0.0004092704424510632,9328,1257.0,-2.4230249699999997
299520,1753,144,42,0.006286782765528187,-43.2318719625473,0.2,-0.07310736179351807,0.22509765625,-0.023161113349488005,-0.04189726710319519,0.9851434230804443,0.014606781,0.0004092704424510632,9344,1257.0,-2.42187771
300032,1753,145,42,1.7821616046130657,-43.25591802597046,0.2,0.2700316309928894,0.0172119140625,-0.00699382160382811,0.1317930519580841,0.9856024384498596,0.005261637,0.0004092704424510632,9360,1257.0,-2.42187771
300544,1752,146,42,0.010641293978551403,-43.281728982925415,0.2,-2.8415985107421875,0.2259521484375,-0.02373172319494188,-0.03381181135773659,0.9875044822692871,0.0182921,0.0004092704424510632,9376,1257.0,-2.42088945
301056,1752,147,42,1.3922532061114907,-43.31261849403381,0.2,0.41912341117858887,0.0196533203125,-0.009076903566892724,0.1823723167181015,0.9878916144371033,0.006695876,0.0004092704424510632,9392,1257.0,-2.42088945
