time/iterations,time/time_elapsed,time/total_timesteps,time/fps,train/n_updates,train/clip_fraction,train/entropy_loss,train/policy_gradient_loss,train/approx_kl,train/clip_range,train/learning_rate,train/loss,train/explained_variance,train/std,train/value_loss,rollout/ep_rew_mean,rollout/ep_len_mean
1,0,512,3877,,,,,,,,,,,,,
2,0,1024,1834,16,0.27685546875,-43.98824489116669,-0.03248083156358916,0.016728777,0.2,0.0004092704424510632,-0.037955231964588165,-2.279745101928711,0.999862551689148,0.17336468498615432,,
3,0,1536,1563,32,0.292724609375,-44.00090682506561,-0.0311171218927484,0.020697096,0.2,0.0004092704424510632,-0.02658836729824543,-0.03417861461639404,1.0013748407363892,0.0025210411185980774,-2.152669,1258.0
4,1,2048,1454,48,0.229736328125,-44.05597674846649,-0.022084793890826404,0.018767014,0.2,0.0004092704424510632,-0.022353723645210266,0.0006501674652099609,1.0033442974090576,0.012005126176518388,-2.152669,1258.0
5,1,2560,1397,64,0.350341796875,-44.0875803232193,-0.0318829282769002,0.03172821,0.2,0.0004092704424510632,-0.03381924703717232,-0.014865279197692871,1.0029529333114624,0.0025805196310102474,-2.138655,1258.0
6,2,3072,1360,80,0.2818603515625,-44.07131481170654,-0.025719656434375793,0.016101971,0.2,0.0004092704424510632,-0.023722518235445023,0.006136953830718994,1.0031073093414307,0.007149751196266152,-2.138655,1258.0
7,2,3584,1337,96,0.26025390625,-44.0638701915741,-0.028201722830999643,0.017475951,0.2,0.0004092704424510632,-0.041685305535793304,-0.016826629638671875,1.0019503831863403,0.0014023062540218234,-2.138655,1258.0
8,3,4096,1322,112,0.2823486328125,-44.030205965042114,-0.026723705683252774,0.016570609,0.2,0.0004092704424510632,-0.03375399112701416,-0.0007897615432739258,1.0015366077423096,0.003752149426873075,-2.1682676666666665,1258.0
9,3,4608,1309,128,0.2769775390625,-44.02690088748932,-0.028636414281209,0.018970782,0.2,0.0004092704424510632,-0.03152243420481682,0.0030248165130615234,1.001646876335144,0.0013849994156771572,-2.1682676666666665,1258.0
10,3,5120,1298,144,0.2432861328125,-44.00376117229462,-0.02375339699210599,0.017131738,0.2,0.0004092704424510632,-0.01998528651893139,-0.004426240921020508,0.9996098875999451,0.0022959210073167924,-2.16908425,1258.0
11,4,5632,1290,160,0.2078857421875,-43.95281541347504,-0.020688007469289005,0.014538335,0.2,0.0004092704424510632,-0.02754288725554943,0.0053324103355407715,0.9990786910057068,0.004377839402877726,-2.16908425,1258.0
12,4,6144,1284,176,0.2342529296875,-43.9531409740448,-0.02710369865235407,0.015415177,0.2,0.0004092704424510632,-0.04243718460202217,0.0036881566047668457,0.9992154836654663,0.0015443657011928735,-2.16908425,1258.0
13,5,6656,1279,192,0.27001953125,-43.976542711257935,-0.023181155847851187,0.016769314,0.2,0.0004092704424510632,-0.03265398368239403,0.013399779796600342,1.0010038614273071,0.004267327494744677,-2.152962,1258.0
14,5,7168,1275,208,0.3349609375,-44.0309898853302,-0.03203601072891615,0.025224749,0.2,0.0004092704424510632,-0.03400161489844322,0.002315998077392578,1.002152442932129,0.006011353791109286,-2.152962,1258.0
15,6,7680,1270,224,0.301025390625,-44.03985524177551,-0.03234332409920171,0.022765402,0.2,0.0004092704424510632,-0.052498750388622284,0.0013210773468017578,1.001343011856079,0.0016427034497610293,-2.129170333333333,1258.0
16,6,8192,1266,240,0.2701416015625,-44.02681863307953,-0.02486310734821018,0.021772351,0.2,0.0004092704424510632,-0.03363398090004921,0.009343206882476807,1.002212405204773,0.013617754157166928,-2.129170333333333,1258.0
17,6,8704,1264,256,0.22021484375,-44.0815372467041,-0.020778292033355683,0.01812331,0.2,0.0004092704424510632,-0.035675130784511566,-0.04451894760131836,1.004649043083191,0.0017131314089056104,-2.129170333333333,1258.0
18,7,9216,1261,272,0.22802734375,-44.150147795677185,-0.020196298792143352,0.014527286,0.2,0.0004092704424510632,-0.031114118173718452,0.042674899101257324,1.0062739849090576,0.005462913948576897,-2.1538467142857143,1258.0
19,7,9728,1254,288,0.20751953125,-44.18954610824585,-0.02602154696069192,0.012742361,0.2,0.0004092704424510632,-0.025075174868106842,0.009054601192474365,1.0073425769805908,0.022404906048905104,-2.1538467142857143,1258.0
20,8,10240,1254,304,0.27294921875,-44.20325016975403,-0.02957251263433136,0.021833131,0.2,0.0004092704424510632,-0.0483069121837616,0.11909490823745728,1.0069926977157593,0.0017604745244170772,-2.155142625,1258.0
21,8,10752,1253,320,0.2022705078125,-44.18092322349548,-0.018478739744750783,0.01363453,0.2,0.0004092704424510632,-0.0052292225882411,0.024650514125823975,1.0062506198883057,0.02880230318987742,-2.155142625,1258.0
22,8,11264,1252,336,0.27783203125,-44.15846920013428,-0.029354331403737888,0.018952202,0.2,0.0004092704424510632,-0.040437016636133194,-0.32629144191741943,1.0056276321411133,0.001409919590514619,-2.155142625,1258.0
23,9,11776,1251,352,0.2799072265625,-44.142019510269165,-0.02606012098840438,0.021905642,0.2,0.0004092704424510632,-0.029913824051618576,0.057369768619537354,1.005336880683899,0.004306097012886312,-2.166707444444444,1258.0
24,9,12288,1250,368,0.249267578125,-44.11748468875885,-0.020749793795403093,0.01868394,0.2,0.0004092704424510632,-0.01940697804093361,0.08177107572555542,1.0037846565246582,0.03032957634422928,-2.166707444444444,1258.0
25,10,12800,1248,384,0.21826171875,-44.083725571632385,-0.024414816063654143,0.017271385,0.2,0.0004092704424510632,-0.02737201564013958,0.1584622859954834,1.003791093826294,0.0028149084173492156,-2.1674026999999993,1258.0
26,10,13312,1246,400,0.244140625,-44.085476875305176,-0.024309069471200928,0.016429752,0.2,0.0004092704424510632,-0.02742152288556099,0.28092074394226074,1.0030711889266968,0.030189565964974463,-2.1674026999999993,1258.0
27,11,13824,1244,416,0.275390625,-44.044180035591125,-0.02909337289747782,0.023947408,0.2,0.0004092704424510632,-0.03560701012611389,0.18737584352493286,1.001786470413208,0.0031082924906513654,-2.1674026999999993,1258.0
28,11,14336,1243,432,0.248291015625,-43.9950133562088,-0.02618074312340468,0.016048873,0.2,0.0004092704424510632,-0.04184776544570923,0.7679359316825867,0.9998466968536377,0.0035290953383082524,-2.1515715454545448,1258.0
29,11,14848,1242,448,0.2818603515625,-43.942893743515015,-0.023290464960155077,0.0292272,0.2,0.0004092704424510632,-0.021952472627162933,0.4419577717781067,0.9989959597587585,0.01753454457502812,-2.1515715454545448,1258.0
30,12,15360,1241,464,0.21728515625,-43.901872754096985,-0.02483883924287511,0.0136656,0.2,0.0004092704424510632,-0.0364312008023262,-0.1214679479598999,0.9962188601493835,0.0028006276006635744,-2.1443754999999993,1258.0
31,12,15872,1241,480,0.1962890625,-43.80782389640808,-0.020473201060667634,0.018811177,0.2,0.0004092704424510632,-0.008203305304050446,0.4583290219306946,0.994030237197876,0.03142595844110474,-2.1443754999999993,1258.0
32,13,16384,1240,496,0.2587890625,-43.780824422836304,-0.02443217883410398,0.019708646,0.2,0.0004092704424510632,-0.029358448460698128,0.03194451332092285,0.9946712851524353,0.0022337444315780886,-2.160434692307692,1258.0
33,13,16896,1239,512,0.2470703125,-43.79895555973053,-0.025504597695544362,0.02253329,0.2,0.0004092704424510632,-0.013076444156467915,0.5148708820343018,0.9944363236427307,0.03539428039221093,-2.160434692307692,1258.0
34,14,17408,1238,528,0.224853515625,-43.77036499977112,-0.026043595062219538,0.015570857,0.2,0.0004092704424510632,-0.03360170125961304,-0.6232861280441284,0.9929599761962891,0.0039071131104719825,-2.160434692307692,1258.0
35,14,17920,1238,544,0.2080078125,-43.72309231758118,-0.023850926896557212,0.014629053,0.2,0.0004092704424510632,-0.03978978469967842,0.03300386667251587,0.9916571974754333,0.002454361329000676,-2.1547874285714284,1258.0
36,14,18432,1238,560,0.1912841796875,-43.679534554481506,-0.01958116434980184,0.01643596,0.2,0.0004092704424510632,-0.013460147194564342,0.1921573281288147,0.9901379346847534,0.040112672257237136,-2.1547874285714284,1258.0
37,15,18944,1237,576,0.262451171875,-43.63563537597656,-0.02790533304505516,0.023945749,0.2,0.0004092704424510632,-0.033741652965545654,-0.4379580020904541,0.9895477294921875,0.0031391351367346942,-2.1656205999999996,1258.0
38,15,19456,1237,592,0.2099609375,-43.635271430015564,-0.022698463886626996,0.022248197,0.2,0.0004092704424510632,-0.015482066199183464,0.2889043092727661,0.9896856546401978,0.049466743250377476,-2.1656205999999996,1258.0
39,16,19968,1237,608,0.2225341796875,-43.63298749923706,-0.023283746355446056,0.018507637,0.2,0.0004092704424510632,-0.03374480828642845,-1.571274995803833,0.9893774390220642,0.0037877310169278644,-2.1656205999999996,1258.0
40,16,20480,1237,624,0.204833984375,-43.65369963645935,-0.018950039899209514,0.020470954,0.2,0.0004092704424510632,-0.016572948545217514,0.09394431114196777,0.9912502765655518,0.004951099894242361,-2.1676644375,1258.0
41,16,20992,1237,640,0.18359375,-43.6991583108902,-0.019700848701177165,0.019872963,0.2,0.0004092704424510632,-0.0042555443942546844,0.2495386004447937,0.9916571378707886,0.059751521330326796,-2.1676644375,1258.0
42,17,21504,1237,656,0.213134765625,-43.688488721847534,-0.025028313510119915,0.016451184,0.2,0.0004092704424510632,-0.03280145674943924,-4.118567943572998,0.9906319379806519,0.0036667750719061587,-2.1621509411764706,1258.0
43,17,22016,1237,672,0.1668701171875,-43.65519571304321,-0.01980878214817494,0.018313259,0.2,0.0004092704424510632,-0.013717936351895332,0.272505521774292,0.9897742867469788,0.05558669660240412,-2.1621509411764706,1258.0
44,18,22528,1237,688,0.2384033203125,-43.627370953559875,-0.025879030785290524,0.01862069,0.2,0.0004092704424510632,-0.03175860270857811,-3.137160301208496,0.9888497591018677,0.0018968281729030423,-2.1621509411764706,1258.0
45,18,23040,1237,704,0.2620849609375,-43.60736119747162,-0.027097428195702378,0.025974203,0.2,0.0004092704424510632,-0.028617508709430695,0.278192400932312,0.9886736869812012,0.004762324002513196,-2.162337111111111,1258.0
46,19,23552,1237,720,0.2076416015625,-43.604732394218445,-0.024450891214655712,0.028638091,0.2,0.0004092704424510632,-0.018334118649363518,0.5946643352508545,0.9887688755989075,0.05400177469709888,-2.162337111111111,1258.0
47,19,24064,1237,736,0.2744140625,-43.61055552959442,-0.02910413790959865,0.01581898,0.2,0.0004092704424510632,-0.04106103256344795,-0.25799787044525146,0.9888195395469666,0.0059988224020344205,-2.162986842105263,1258.0
48,19,24576,1237,752,0.219970703125,-43.603986501693726,-0.023982030019396916,0.023165725,0.2,0.0004092704424510632,-0.023901283740997314,0.5961331129074097,0.9883913993835449,0.0650054452707991,-2.162986842105263,1258.0
49,20,25088,1236,768,0.185791015625,-43.59645652770996,-0.022283462138148025,0.014530327,0.2,0.0004092704424510632,-0.03883462771773338,-7.583478927612305,0.9884681105613708,0.0021351239829527913,-2.162986842105263,1258.0
50,20,25600,1236,784,0.267822265625,-43.60379457473755,-0.029064693924738094,0.022086162,0.2,0.0004092704424510632,-0.0418623611330986,0.33892446756362915,0.9886074662208557,0.004109175381017849,-2.1607136499999995,1258.0
51,21,26112,1236,800,0.180419921875,-43.58086895942688,-0.020277708375942893,0.018414259,0.2,0.0004092704424510632,-0.024515502154827118,0.5451631546020508,0.9867638945579529,0.04309902427485213,-2.1607136499999995,1258.0
52,21,26624,1236,816,0.253662109375,-43.53750383853912,-0.0294992948329309,0.017592646,0.2,0.0004092704424510632,-0.04127522557973862,-1.0852763652801514,0.9866012930870056,0.0061358505772659555,-2.1631707619047615,1258.0
53,21,27136,1236,832,0.184326171875,-43.544265270233154,-0.021442718549224082,0.021804065,0.2,0.0004092704424510632,-0.003972142934799194,0.6679672598838806,0.9866842031478882,0.06977933167945594,-2.1631707619047615,1258.0
54,22,27648,1235,848,0.219970703125,-43.52201557159424,-0.02220318603212945,0.014963072,0.2,0.0004092704424510632,-0.04437056928873062,-1.8776280879974365,0.9847651124000549,0.002078126224660082,-2.1631707619047615,1258.0
55,22,28160,1235,864,0.2186279296875,-43.44652283191681,-0.023970065885805525,0.015014317,0.2,0.0004092704424510632,-0.01986607350409031,0.5691500902175903,0.9823623895645142,0.009001025871839374,-2.1596987727272725,1258.0
56,23,28672,1235,880,0.226806640625,-43.41303026676178,-0.024044906138442457,0.028676331,0.2,0.0004092704424510632,-0.030689522624015808,0.5598625540733337,0.9825439453125,0.034330714435782284,-2.1596987727272725,1258.0
57,23,29184,1234,896,0.2120361328125,-43.40615129470825,-0.022640263501671143,0.01656098,0.2,0.0004092704424510632,-0.039836518466472626,-0.3917052745819092,0.9815850853919983,0.00534888484980911,-2.1585140434782604,1258.0
58,24,29696,1234,912,0.168701171875,-43.36414170265198,-0.022279118296864908,0.023574814,0.2,0.0004092704424510632,-0.005873430520296097,0.4705338478088379,0.9799827337265015,0.07901869219494984,-2.1585140434782604,1258.0
59,24,30208,1234,928,0.2322998046875,-43.34407413005829,-0.02429998699517455,0.018221743,0.2,0.0004092704424510632,-0.021072247996926308,-0.5662291049957275,0.9811127781867981,0.003336543515615631,-2.1526992916666665,1258.0
60,24,30720,1234,944,0.1260986328125,-43.37823152542114,-0.011564789252588525,0.013936089,0.2,0.0004092704424510632,0.007072160020470619,0.5100079774856567,0.9810428619384766,0.12440287135541439,-2.1526992916666665,1258.0
61,25,31232,1234,960,0.237060546875,-43.37494361400604,-0.022829826833913103,0.016454305,0.2,0.0004092704424510632,-0.03155083954334259,-1.5631754398345947,0.9815645813941956,0.004567855256027542,-2.1526992916666665,1258.0
62,25,31744,1234,976,0.22998046875,-43.38043034076691,-0.026936038018902764,0.014437948,0.2,0.0004092704424510632,-0.04154161363840103,0.13717281818389893,0.9809232354164124,0.001677530022789142,-2.14758908,1258.0
63,26,32256,1233,992,0.0838623046875,-43.36390447616577,-0.012960572690644767,0.015085736,0.2,0.0004092704424510632,0.044286295771598816,0.31546270847320557,0.9809787273406982,0.14382158068474382,-2.14758908,1258.0
64,26,32768,1233,1008,0.1923828125,-43.36918103694916,-0.024185575486626476,0.011071857,0.2,0.0004092704424510632,-0.036257125437259674,-1.8240652084350586,0.9813441634178162,0.004772169850184582,-2.1510405,1258.0
65,26,33280,1233,1024,0.1156005859375,-43.37684965133667,-0.017739245580742136,0.014463024,0.2,0.0004092704424510632,0.015751739963889122,0.44030827283859253,0.9812164306640625,0.14711489726323634,-2.1510405,1258.0
66,27,33792,1232,1040,0.2933349609375,-43.375208377838135,-0.027979504942777567,0.026863066,0.2,0.0004092704424510632,-0.05578833073377609,-3.2135348320007324,0.981472373008728,0.0028972978980164044,-2.1510405,1258.0
67,27,34304,1232,1056,0.1947021484375,-43.385207533836365,-0.019242223963374272,0.02043828,0.2,0.0004092704424510632,-0.016541391611099243,0.10250973701477051,0.9822087287902832,0.0037761230632895604,-2.1491922962962966,1258.0
68,28,34816,1232,1072,0.10546875,-43.398597717285156,-0.015205089206574485,0.016605124,0.2,0.0004092704424510632,-3.688409924507141e-05,0.2908416986465454,0.9820016026496887,0.1838366879383102,-2.1491922962962966,1258.0
69,28,35328,1232,1088,0.2056884765625,-43.377607464790344,-0.027131104172440246,0.012791947,0.2,0.0004092704424510632,-0.04599180817604065,-1.5590219497680664,0.9813141226768494,0.0039789124566596,-2.1461180357142857,1258.0
70,29,35840,1232,1104,0.1168212890625,-43.354841113090515,-0.01513110308587784,0.020483175,0.2,0.0004092704424510632,0.019608108326792717,0.4135856628417969,0.9809150099754333,0.16903927770908922,-2.1461180357142857,1258.0
71,29,36352,1231,1120,0.29345703125,-43.32776427268982,-0.026329648128012195,0.019481415,0.2,0.0004092704424510632,-0.041977059096097946,-1.4499053955078125,0.9793668985366821,0.002378246070293244,-2.1461180357142857,1258.0
72,29,36864,1230,1136,0.2822265625,-43.253414273262024,-0.03056262391328346,0.015901737,0.2,0.0004092704424510632,-0.04281798005104065,0.39406996965408325,0.9760845303535461,0.0037413831159938127,-2.1469641379310347,1258.0
73,30,37376,1230,1152,0.1533203125,-43.16684055328369,-0.020900814153719693,0.017275508,0.2,0.0004092704424510632,0.0017565228044986725,0.4416726231575012,0.9748478531837463,0.15912693506106734,-2.1469641379310347,1258.0
74,30,37888,1230,1168,0.2469482421875,-43.16608786582947,-0.02448668942815857,0.016396925,0.2,0.0004092704424510632,-0.03890344500541687,-1.7287652492523193,0.9758115410804749,0.005996456937282346,-2.1444530666666664,1258.0
75,31,38400,1230,1184,0.09912109375,-43.19290566444397,-0.0149968134064693,0.01855106,0.2,0.0004092704424510632,0.013479199260473251,0.15764117240905762,0.9763683676719666,0.2720439611002803,-2.1444530666666664,1258.0
76,31,38912,1230,1200,0.2777099609375,-43.20654797554016,-0.023075666904333048,0.014873511,0.2,0.0004092704424510632,-0.035286806523799896,-0.6461696624755859,0.9769824147224426,0.005730358199798502,-2.1444530666666664,1258.0
77,32,39424,1230,1216,0.2149658203125,-43.199702739715576,-0.021088681038236246,0.015073416,0.2,0.0004092704424510632,-0.022361064329743385,0.5648488998413086,0.9754124283790588,0.005443984722660389,-2.148124774193548,1258.0
78,32,39936,1229,1232,0.2293701171875,-43.15276300907135,-0.02680857214727439,0.0282863,0.2,0.0004092704424510632,-0.01587364636361599,0.5531688928604126,0.974955141544342,0.13956130668520927,-2.148124774193548,1258.0
79,32,40448,1229,1248,0.2457275390625,-43.155441999435425,-0.025614420446800068,0.018111693,0.2,0.0004092704424510632,-0.0288932416588068,-0.18597817420959473,0.9754565358161926,0.008793267465080135,-2.1459949062500003,1258.0
80,33,40960,1229,1264,0.0770263671875,-43.16822421550751,-0.013874373456928879,0.010747081,0.2,0.0004092704424510632,0.019585346803069115,0.6225481629371643,0.9756051898002625,0.2906976949889213,-2.1459949062500003,1258.0
81,33,41472,1229,1280,0.2476806640625,-43.169456243515015,-0.02672225063724909,0.01701221,0.2,0.0004092704424510632,-0.03286542370915413,-8.476329803466797,0.975624680519104,0.005949111997324508,-2.1459949062500003,1258.0
82,34,41984,1229,1296,0.246826171875,-43.16258203983307,-0.026090133804245852,0.015134913,0.2,0.0004092704424510632,-0.031145861372351646,0.6101884841918945,0.9750173687934875,0.00558286585874157,-2.145621272727273,1258.0
83,34,42496,1228,1312,0.151611328125,-43.14573085308075,-0.014951732198824175,0.021796439,0.2,0.0004092704424510632,-0.011013643816113472,0.4794917106628418,0.9750737547874451,0.09721428877674043,-2.145621272727273,1258.0
84,35,43008,1226,1328,0.288818359375,-43.13859784603119,-0.02695045480504632,0.024082247,0.2,0.0004092704424510632,-0.03924853354692459,-1.644486665725708,0.9740437865257263,0.007679903515963815,-2.1441016470588234,1258.0
85,35,43520,1226,1344,0.0936279296875,-43.10738027095795,-0.012862027309893165,0.018849827,0.2,0.0004092704424510632,0.05832085758447647,0.45488041639328003,0.973561704158783,0.21482894220389426,-2.1441016470588234,1258.0
86,35,44032,1225,1360,0.26611328125,-43.11467146873474,-0.02449513244937407,0.019407004,0.2,0.0004092704424510632,-0.032737426459789276,-1.2571983337402344,0.9745992422103882,0.007284536142833531,-2.1444830285714285,1258.0
87,36,44544,1224,1376,0.0968017578125,-43.14443600177765,-0.014792783353186678,0.016704082,0.2,0.0004092704424510632,0.015578247606754303,0.5355424284934998,0.9751364588737488,0.2600624170154333,-2.1444830285714285,1258.0
88,36,45056,1224,1392,0.216796875,-43.15000140666962,-0.02151338246767409,0.016700143,0.2,0.0004092704424510632,-0.02338504046201706,-3.4243459701538086,0.975006103515625,0.00416970114747528,-2.1444830285714285,1258.0
89,37,45568,1224,1408,0.265869140625,-43.15332114696503,-0.026162484369706362,0.020233829,0.2,0.0004092704424510632,-0.03252437710762024,0.12192308902740479,0.9756151437759399,0.0026083605553139932,-2.148432222222222,1258.0
90,37,46080,1224,1424,0.1175537109375,-43.170610308647156,-0.01474110906565329,0.012098167,0.2,0.0004092704424510632,0.017915062606334686,0.31100428104400635,0.9759348630905151,0.33356651826761663,-2.148432222222222,1258.0
91,38,46592,1224,1440,0.2515869140625,-43.19080662727356,-0.027408558235038072,0.019640341,0.2,0.0004092704424510632,-0.043748706579208374,-2.7176663875579834,0.9771289825439453,0.0034541964778327383,-2.1450465405405406,1258.0
92,38,47104,1224,1456,0.0848388671875,-43.2159948348999,-0.015839279476494994,0.016729785,0.2,0.0004092704424510632,0.028208650648593903,0.49174582958221436,0.977403998374939,0.2494148293044418,-2.1450465405405406,1258.0
93,38,47616,1224,1472,0.2763671875,-43.23885357379913,-0.02741051722841803,0.024581732,0.2,0.0004092704424510632,-0.034156687557697296,-6.74440860748291,0.9790658354759216,0.005428357198979938,-2.1450465405405406,1258.0
94,39,48128,1224,1488,0.2269287109375,-43.28974401950836,-0.023173486617452,0.016300533,0.2,0.0004092704424510632,-0.024170028045773506,-0.032212018966674805,0.9797539710998535,0.00493257500056643,-2.1449563157894733,1258.0
95,39,48640,1224,1504,0.0889892578125,-43.29464876651764,-0.013461800379445776,0.013342157,0.2,0.0004092704424510632,0.048763033002614975,0.28703534603118896,0.9797150492668152,0.3023418849334121,-2.1449563157894733,1258.0
96,40,49152,1223,1520,0.23046875,-43.31954526901245,-0.023311456738156267,0.019826308,0.2,0.0004092704424510632,-0.039278216660022736,-0.5009570121765137,0.9816251993179321,0.004676690739870537,-2.141426128205128,1258.0
97,40,49664,1223,1536,0.0614013671875,-43.36965012550354,-0.012622891968931071,0.014410087,0.2,0.0004092704424510632,0.12021062523126602,0.5822253227233887,0.982252299785614,0.32392581505700946,-2.141426128205128,1258.0
98,41,50176,1223,1552,0.2823486328125,-43.369763135910034,-0.03250157105503604,0.02385734,0.2,0.0004092704424510632,-0.041246023029088974,-1.753394365310669,0.9819586277008057,0.0025505186204100028,-2.141426128205128,1258.0
99,41,50688,1223,1568,0.2764892578125,-43.34396243095398,-0.0267604342661798,0.02530038,0.2,0.0004092704424510632,-0.03041079454123974,0.2513764500617981,0.9803085923194885,0.006706351923639886,-2.1404092500000003,1258.0
100,41,51200,1223,1584,0.0941162109375,-43.29303729534149,-0.013780645131191704,0.01928832,0.2,0.0004092704424510632,0.006118379533290863,0.5957608819007874,0.9795908331871033,0.24109070049598813,-2.1404092500000003,1258.0
101,42,51712,1223,1600,0.2137451171875,-43.29243540763855,-0.02427840288146399,0.01452386,0.2,0.0004092704424510632,-0.030139600858092308,-0.4174485206604004,0.9798725247383118,0.01447823757189326,-2.14469512195122,1258.0
102,42,52224,1223,1616,0.12451171875,-43.30015254020691,-0.018258201831486076,0.016733779,0.2,0.0004092704424510632,0.11006401479244232,0.7305928468704224,0.9799869060516357,0.4825942004099488,-2.14469512195122,1258.0
103,43,52736,1222,1632,0.2547607421875,-43.30717134475708,-0.02278242656029761,0.021063985,0.2,0.0004092704424510632,-0.03563717380166054,-1.4327845573425293,0.9805355668067932,0.013905458123190328,-2.14469512195122,1258.0
104,43,53248,1222,1648,0.263916015625,-43.324867725372314,-0.029745023522991687,0.01935673,0.2,0.0004092704424510632,-0.04499944671988487,0.398104727268219,0.9809642434120178,0.005779770333901979,-2.1428524761904764,1258.0
105,43,53760,1222,1664,0.09912109375,-43.3298556804657,-0.012087488925317302,0.0170022,0.2,0.0004092704424510632,0.006318382918834686,0.5911126732826233,0.9807156920433044,0.2620598025387153,-2.1428524761904764,1258.0
106,44,54272,1221,1680,0.3074951171875,-43.341954588890076,-0.03196230379398912,0.02235183,0.2,0.0004092704424510632,-0.03536568954586983,-0.2571432590484619,0.9828675985336304,0.01990062213735655,-2.1405514418604654,1258.0
107,44,54784,1221,1696,0.0950927734375,-43.41072344779968,-0.015231151643092744,0.014081581,0.2,0.0004092704424510632,0.062486112117767334,0.7950895428657532,0.9842792749404907,0.2656478122808039,-2.1405514418604654,1258.0
108,45,55296,1221,1712,0.2930908203125,-43.453153133392334,-0.028015505929943174,0.02184645,0.2,0.0004092704424510632,-0.03429870679974556,-3.9849390983581543,0.985974133014679,0.006067879818147048,-2.1405514418604654,1258.0
109,45,55808,1221,1728,0.1788330078125,-43.49652409553528,-0.0221921372867655,0.013828153,0.2,0.0004092704424510632,-0.02297125570476055,0.4223446249961853,0.9865833520889282,0.008740609657252207,-2.1413380000000006,1258.0
110,46,56320,1221,1744,0.1629638671875,-43.497568249702454,-0.018110658711520955,0.026379917,0.2,0.0004092704424510632,-0.011593736708164215,0.6374082565307617,0.9860610365867615,0.11395554180489853,-2.1413380000000006,1258.0
111,46,56832,1221,1760,0.26513671875,-43.50191116333008,-0.030520079337293282,0.023666646,0.2,0.0004092704424510632,-0.04728261008858681,-2.3362972736358643,0.98770672082901,0.009973952692234889,-2.1440439111111114,1258.0
112,46,57344,1221,1776,0.10302734375,-43.55398631095886,-0.015138819886487909,0.014800394,0.2,0.0004092704424510632,0.019728370010852814,0.5473273396492004,0.9887838959693909,0.2485084601212293,-2.1440439111111114,1258.0
113,47,57856,1221,1792,0.22705078125,-43.58981657028198,-0.026463621645234525,0.015830593,0.2,0.0004092704424510632,-0.04098901152610779,-4.652986526489258,0.990349531173706,0.00263800486936816,-2.1440439111111114,1258.0
114,47,58368,1221,1808,0.2003173828125,-43.62120831012726,-0.023335165082244202,0.020574577,0.2,0.0004092704424510632,0.0003982745110988617,0.6369136571884155,0.9904783964157104,0.06542926270049065,-2.1447572391304353,1258.0
115,48,58880,1221,1824,0.2540283203125,-43.62533175945282,-0.022820821788627654,0.033942543,0.2,0.0004092704424510632,-0.028080392628908157,0.7143471240997314,0.9907011389732361,0.1250218608765863,-2.1447572391304353,1258.0
116,48,59392,1221,1840,0.2210693359375,-43.60341942310333,-0.02343276675674133,0.020648856,0.2,0.0004092704424510632,-0.04492726922035217,-0.5149871110916138,0.9887336492538452,0.01716704262071289,-2.1414608297872344,1258.0
117,49,59904,1221,1856,0.065673828125,-43.55015218257904,-0.011059333148295991,0.013985835,0.2,0.0004092704424510632,0.07317906618118286,0.42119699716567993,0.9880685210227966,0.4904106992762536,-2.1414608297872344,1258.0
118,49,60416,1221,1872,0.3206787109375,-43.54959154129028,-0.03146861289860681,0.02229875,0.2,0.0004092704424510632,-0.05033697932958603,-0.8936779499053955,0.9888169169425964,0.003600410454964731,-2.1408838541666664,1258.0
119,49,60928,1221,1888,0.03955078125,-43.576048612594604,-0.009215415280777961,0.010661783,0.2,0.0004092704424510632,0.0523868203163147,0.4077337384223938,0.9893124103546143,0.5370056524407119,-2.1408838541666664,1258.0
120,50,61440,1221,1904,0.2894287109375,-43.57469594478607,-0.026107435289304703,0.019621816,0.2,0.0004092704424510632,-0.03832773119211197,-2.4370434284210205,0.9886646270751953,0.001949741928910953,-2.1408838541666664,1258.0
121,50,61952,1221,1920,0.3480224609375,-43.57586967945099,-0.03453085922228638,0.025923628,0.2,0.0004092704424510632,-0.03916509449481964,-0.025183558464050293,0.9898265600204468,0.003969053585024085,-2.140671081632653,1258.0
122,51,62464,1221,1936,0.0113525390625,-43.60979354381561,-0.007248351714224555,0.0064083776,0.2,0.0004092704424510632,0.03436432406306267,0.08257275819778442,0.9902504682540894,0.9482831612695009,-2.140671081632653,1258.0
123,51,62976,1221,1952,0.2332763671875,-43.58279860019684,-0.025331705051939934,0.01696712,0.2,0.0004092704424510632,-0.035241805016994476,0.07405507564544678,0.9882474541664124,0.011084243218647316,-2.14070642,1258.0
124,51,63488,1221,1968,0.0953369140625,-43.53659999370575,-0.013943464844487607,0.013198081,0.2,0.0004092704424510632,0.2325715273618698,0.697879433631897,0.9877566695213318,0.5579751590266824,-2.14070642,1258.0
125,52,64000,1221,1984,0.28564453125,-43.53243041038513,-0.028985300130443648,0.01927213,0.2,0.0004092704424510632,-0.042137742042541504,-0.9271135330200195,0.9878588914871216,0.0025285632036684547,-2.14070642,1258.0
126,52,64512,1221,2000,0.282470703125,-43.540154814720154,-0.030123288044705987,0.022218501,0.2,0.0004092704424510632,-0.041304897516965866,0.19976919889450073,0.9882928133010864,0.004152683133725077,-2.1387325490196076,1258.0
127,53,65024,1221,2016,0.056396484375,-43.54107666015625,-0.009168790173134767,0.009145732,0.2,0.0004092704424510632,0.04989360645413399,0.5552159547805786,0.9880714416503906,0.5118770934641361,-2.1387325490196076,1258.0
128,53,65536,1221,2032,0.2745361328125,-43.55724227428436,-0.028637745839660056,0.016242519,0.2,0.0004092704424510632,-0.041943393647670746,-1.6048004627227783,0.989836573600769,0.003773267933866009,-2.1367269807692306,1258.0
129,54,66048,1221,2048,0.0526123046875,-43.61017632484436,-0.00787136857979931,0.012229597,0.2,0.0004092704424510632,0.08489584177732468,0.5063776969909668,0.9906689524650574,0.7058021905831993,-2.1367269807692306,1258.0
130,54,66560,1220,2064,0.314208984375,-43.661585450172424,-0.026040835000458173,0.019229278,0.2,0.0004092704424510632,-0.04171391949057579,-0.9359054565429688,0.994064211845398,0.0021541196074394975,-2.1367269807692306,1258.0
131,54,67072,1220,2080,0.236572265625,-43.74690246582031,-0.019809470046311617,0.015863994,0.2,0.0004092704424510632,-0.022434977814555168,0.3294084072113037,0.9947569370269775,0.004961857550370041,-2.1382767735849053,1258.0
132,55,67584,1220,2096,0.05615234375,-43.74240827560425,-0.01011224817193579,0.010885068,0.2,0.0004092704424510632,0.0304935984313488,0.506328821182251,0.9943181872367859,0.43587275920435786,-2.1382767735849053,1258.0
133,55,68096,1220,2112,0.340087890625,-43.71547973155975,-0.03253296203183709,0.018749032,0.2,0.0004092704424510632,-0.027624644339084625,0.28227031230926514,0.992781400680542,0.034004659682977945,-2.137102777777778,1258.0
134,56,68608,1220,2128,0.1158447265625,-43.68086123466492,-0.009841472885455005,0.014249859,0.2,0.0004092704424510632,0.1590244472026825,0.7684069275856018,0.9925959706306458,0.4257022859528661,-2.137102777777778,1258.0
135,56,69120,1220,2144,0.255859375,-43.65842282772064,-0.02313270990998717,0.015617494,0.2,0.0004092704424510632,-0.03134594112634659,-9.705558776855469,0.9906525015830994,0.004659434795030393,-2.137102777777778,1258.0
136,57,69632,1220,2160,0.2083740234375,-43.59952414035797,-0.019113615184323862,0.012724144,0.2,0.0004092704424510632,-0.02033504657447338,0.4169081449508667,0.9895890951156616,0.008191231841919944,-2.1381755636363637,1258.0
137,57,70144,1220,2176,0.112548828125,-43.59405851364136,-0.016009130544262007,0.017021852,0.2,0.0004092704424510632,-0.002958722412586212,0.5039651393890381,0.9901082515716553,0.3007071901811287,-2.1381755636363637,1258.0
138,57,70656,1220,2192,0.2596435546875,-43.63721585273743,-0.025277077133068815,0.024776459,0.2,0.0004092704424510632,-0.03334562107920647,-1.0713465213775635,0.9923357367515564,0.015926477557513863,-2.1384935714285715,1258.0
139,58,71168,1220,2208,0.07421875,-43.69342756271362,-0.015726134515716694,0.016157664,0.2,0.0004092704424510632,0.06590279191732407,0.5986495018005371,0.9929550886154175,0.4533140775747597,-2.1384935714285715,1258.0
140,58,71680,1220,2224,0.3270263671875,-43.69552958011627,-0.030836077814456075,0.0202351,0.2,0.0004092704424510632,-0.039399996399879456,-6.969085216522217,0.9930070638656616,0.0028686893674603198,-2.1384935714285715,1258.0
141,59,72192,1220,2240,0.1968994140625,-43.696372628211975,-0.023516547240433283,0.022590708,0.2,0.0004092704424510632,0.007672522217035294,0.5775214433670044,0.9928553104400635,0.08713689947035164,-2.1410319824561403,1258.0
142,59,72704,1220,2256,0.202392578125,-43.682676553726196,-0.021819937886903062,0.028708752,0.2,0.0004092704424510632,-0.027727950364351273,0.7910743951797485,0.9920204877853394,0.10858450509840623,-2.1410319824561403,1258.0
143,60,73216,1219,2272,0.24169921875,-43.66893815994263,-0.026830971211893484,0.016397467,0.2,0.0004092704424510632,-0.04209333658218384,-0.9519771337509155,0.9923387169837952,0.015284152119420469,-2.1397099310344827,1258.0
144,60,73728,1219,2288,0.0687255859375,-43.69030749797821,-0.009615218950784765,0.008722537,0.2,0.0004092704424510632,0.04511304944753647,0.6529673337936401,0.992837131023407,0.5216943472623825,-2.1397099310344827,1258.0
145,60,74240,1219,2304,0.2283935546875,-43.709234952926636,-0.020736877515446395,0.014196042,0.2,0.0004092704424510632,-0.032674986869096756,-1.189314365386963,0.9933308959007263,0.004871081044257153,-2.1384647118644065,1258.0
146,61,74752,1219,2320,0.039306640625,-43.714569091796875,-0.010369742660259362,0.011439085,0.2,0.0004092704424510632,0.12481408566236496,0.6860501766204834,0.99315345287323,0.5081648486666381,-2.1384647118644065,1258.0
147,61,75264,1219,2336,0.2918701171875,-43.70375466346741,-0.03038316551828757,0.018921033,0.2,0.0004092704424510632,-0.024543793871998787,-6.0266289710998535,0.993104100227356,0.003059221347939456,-2.1384647118644065,1258.0
1,0,75776,4027,2352,0.215576171875,-43.69093871116638,-0.022129017859697342,0.01599672,0.2,0.0004092704424510632,-0.033154673874378204,0.14559870958328247,0.9919453263282776,0.0025647414186096285,-2.136865033333333,1258.0
2,0,76288,1907,2368,0.098388671875,-43.6585613489151,-0.016502168698934838,0.017717943,0.2,0.0004092704424510632,0.056380271911621094,0.3136554956436157,0.9921340942382812,0.7660528866108507,-2.136865033333333,1258.0
3,0,76800,1610,2384,0.2515869140625,-43.67126131057739,-0.02735508797923103,0.015288044,0.2,0.0004092704424510632,-0.025346625596284866,-0.3510695695877075,0.991775393486023,0.0029270890263433103,-2.138462508196721,1258.0
4,1,77312,1492,2400,0.0364990234375,-43.64607393741608,-0.013358112002606504,0.009814925,0.2,0.0004092704424510632,0.16425780951976776,0.6189029812812805,0.9911975264549255,0.7985070552676916,-2.138462508196721,1258.0
5,1,77824,1430,2416,0.2867431640625,-43.643465638160706,-0.030977509115473367,0.019756934,0.2,0.0004092704424510632,-0.03577621653676033,-1.8661091327667236,0.9914986491203308,0.0026107085577677935,-2.138462508196721,1258.0
6,2,78336,1391,2432,0.2518310546875,-43.650981307029724,-0.027430006695794873,0.015208967,0.2,0.0004092704424510632,-0.03192315623164177,-0.11576497554779053,0.9917875528335571,0.004602460910973605,-2.136630370967741,1258.0
7,2,78848,1367,2448,0.0595703125,-43.65764904022217,-0.00915083698782837,0.0110044945,0.2,0.0004092704424510632,0.14379331469535828,0.3954377770423889,0.9918697476387024,0.726268314756453,-2.136630370967741,1258.0
8,3,79360,1348,2464,0.2166748046875,-43.64984834194183,-0.02119910847977735,0.014912397,0.2,0.0004092704424510632,-0.016076430678367615,-0.8637282848358154,0.9912643432617188,0.0031784424136276357,-2.1388637619047612,1258.0
9,3,79872,1333,2480,0.0452880859375,-43.63114082813263,-0.01007368991849944,0.011398799,0.2,0.0004092704424510632,0.14218521118164062,0.5602285861968994,0.9909656047821045,0.7820526463910937,-2.1388637619047612,1258.0
10,3,80384,1322,2496,0.2979736328125,-43.65241360664368,-0.02661258215084672,0.022834504,0.2,0.0004092704424510632,-0.03303805738687515,-2.8274357318878174,0.9930563569068909,0.003679117895444506,-2.1388637619047612,1258.0
11,4,80896,1315,2512,0.2666015625,-43.71064352989197,-0.023571297497255728,0.018518573,0.2,0.0004092704424510632,-0.027703111991286278,0.32459360361099243,0.99444979429245,0.008707954359124415,-2.142311765625,1258.0
12,4,81408,1308,2528,0.0296630859375,-43.74218213558197,-0.007029503256489988,0.00971785,0.2,0.0004092704424510632,0.08368095010519028,0.6689085960388184,0.9947317838668823,0.6947910208255053,-2.142311765625,1258.0
13,5,81920,1300,2544,0.2579345703125,-43.76133120059967,-0.023793392087100074,0.017205581,0.2,0.0004092704424510632,-0.027140023186802864,-0.2849680185317993,0.9962257146835327,0.009690257778856903,-2.1389992923076924,1258.0
14,5,82432,1293,2560,0.0662841796875,-43.80076551437378,-0.013686781909200363,0.01653181,0.2,0.0004092704424510632,0.13052240014076233,0.7183545231819153,0.9965897798538208,0.5579739776439965,-2.1389992923076924,1258.0
15,5,82944,1289,2576,0.2130126953125,-43.79515290260315,-0.0230762960127322,0.016672038,0.2,0.0004092704424510632,-0.02242536097764969,-3.4716553688049316,0.9959009885787964,0.0054728126342524774,-2.1389992923076924,1258.0
16,6,83456,1285,2592,0.23095703125,-43.745559215545654,-0.02441397958318703,0.014789849,0.2,0.0004092704424510632,-0.02568444050848484,0.5089680552482605,0.9934633374214172,0.010268272482790053,-2.139009393939394,1258.0
17,6,83968,1282,2608,0.0880126953125,-43.69352340698242,-0.01667431833629962,0.01945749,0.2,0.0004092704424510632,0.032331325113773346,0.6425845623016357,0.9928892254829407,0.3956542555242777,-2.139009393939394,1258.0
18,7,84480,1279,2624,0.321044921875,-43.69336652755737,-0.031294481304939836,0.02635552,0.2,0.0004092704424510632,-0.023224588483572006,0.12275177240371704,0.9931597113609314,0.034733548236545175,-2.141709970149254,1258.0
19,7,84992,1275,2640,0.0419921875,-43.69780349731445,-0.009382127595017664,0.008649428,0.2,0.0004092704424510632,0.24043986201286316,0.7573077082633972,0.9932864904403687,0.6419015116989613,-2.141709970149254,1258.0
20,8,85504,1271,2656,0.2076416015625,-43.71853506565094,-0.023424232815159485,0.0150786415,0.2,0.0004092704424510632,-0.03717922419309616,-4.727598190307617,0.9950221180915833,0.011163539791596122,-2.141709970149254,1258.0
21,8,86016,1267,2672,0.2135009765625,-43.76583445072174,-0.025713405422720825,0.013949292,0.2,0.0004092704424510632,-0.02502889558672905,0.5674394369125366,0.9957593083381653,0.022434165235608816,-2.1408628382352943,1258.0
22,8,86528,1267,2688,0.0626220703125,-43.76680338382721,-0.009910162312735338,0.014569912,0.2,0.0004092704424510632,0.0016457624733448029,0.4122700095176697,0.995567798614502,0.45991198089905083,-2.1408628382352943,1258.0
23,9,87040,1265,2704,0.2359619140625,-43.775797843933105,-0.023473365217796527,0.01681872,0.2,0.0004092704424510632,-0.02917819656431675,-0.15863430500030518,0.997003436088562,0.006708281871397048,-2.139567014492754,1258.0
24,9,87552,1264,2720,0.021728515625,-43.81430006027222,-0.007478094717953354,0.00719045,0.2,0.0004092704424510632,0.09918464720249176,0.7084739208221436,0.9977299571037292,0.556531164329499,-2.139567014492754,1258.0
25,10,88064,1262,2736,0.24951171875,-43.83490979671478,-0.023789587779901922,0.015751908,0.2,0.0004092704424510632,-0.030514774844050407,-1.0334668159484863,0.9986916780471802,0.0033001949668687303,-2.136960985714286,1258.0
26,10,88576,1261,2752,0.0780029296875,-43.8570100069046,-0.011000439459166955,0.0116043445,0.2,0.0004092704424510632,0.12248337268829346,0.6646096706390381,0.9991160035133362,0.7576763601973653,-2.136960985714286,1258.0
27,10,89088,1259,2768,0.2479248046875,-43.84439468383789,-0.02521361951949075,0.01346107,0.2,0.0004092704424510632,-0.034982405602931976,-2.5279793739318848,0.9975487589836121,0.003240211332013132,-2.136960985714286,1258.0
28,11,89600,1258,2784,0.2574462890625,-43.80695629119873,-0.029316493310034275,0.015374483,0.2,0.0004092704424510632,-0.05093686655163765,0.12810677289962769,0.9976639747619629,0.0024508828100806568,-2.1371568873239437,1258.0
29,11,90112,1257,2800,0.022705078125,-43.81835424900055,-0.004595971906383056,0.0065662963,0.2,0.0004092704424510632,0.06007373332977295,0.46005964279174805,0.9977796077728271,0.7881043097004294,-2.1371568873239437,1258.0
30,12,90624,1257,2816,0.256103515625,-43.81061410903931,-0.024685692507773638,0.01578243,0.2,0.0004092704424510632,-0.04028065502643585,-0.7212626934051514,0.9976285696029663,0.0038707517669536173,-2.137952375,1258.0
31,12,91136,1256,2832,0.0096435546875,-43.806976318359375,-0.007426089039654471,0.0053076926,0.2,0.0004092704424510632,0.10488840937614441,0.592421293258667,0.9976463913917542,0.9303848161362112,-2.137952375,1258.0
32,13,91648,1255,2848,0.23095703125,-43.81720674037933,-0.024558621866162866,0.019457752,0.2,0.0004092704424510632,-0.04353676736354828,-7.965924263000488,0.9985066056251526,0.005682437873474555,-2.137952375,1258.0
33,13,92160,1254,2864,0.2353515625,-43.8270879983902,-0.02330475446069613,0.017234817,0.2,0.0004092704424510632,-0.03990107774734497,0.10721278190612793,0.9982624650001526,0.005536140852200333,-2.1367358082191776,1258.0
34,13,92672,1253,2880,0.0263671875,-43.81971323490143,-0.005859200391569175,0.006791413,0.2,0.0004092704424510632,0.19082748889923096,0.49245935678482056,0.9982941150665283,0.8444051090627909,-2.1367358082191776,1258.0
35,14,93184,1251,2896,0.2149658203125,-43.79768419265747,-0.0272797359211836,0.014800271,0.2,0.0004092704424510632,-0.04372856393456459,-0.07185018062591553,0.9963793158531189,0.007399143200018443,-2.1372834864864863,1258.0
36,14,93696,1249,2912,0.04833984375,-43.74729251861572,-0.010480408513103612,0.009060742,0.2,0.0004092704424510632,0.10567250102758408,0.45108455419540405,0.9955086708068848,0.7794266571290791,-2.1372834864864863,1258.0
37,15,94208,1247,2928,0.246337890625,-43.73414599895477,-0.025546235439833254,0.018172331,0.2,0.0004092704424510632,-0.035962771624326706,-0.7390921115875244,0.9953978657722473,0.001836309013015125,-2.1372834864864863,1258.0
38,15,94720,1246,2944,0.293212890625,-43.721450448036194,-0.033006518860929646,0.023347948,0.2,0.0004092704424510632,-0.04442766308784485,0.31539344787597656,0.9944382309913635,0.007576003728900105,-2.1379093333333334,1258.0
39,16,95232,1245,2960,0.067626953125,-43.68422973155975,-0.011269753871602006,0.009242645,0.2,0.0004092704424510632,0.26264557242393494,0.6335618495941162,0.993852436542511,0.7447715387679636,-2.1379093333333334,1258.0
40,16,95744,1244,2976,0.2923583984375,-43.67920756340027,-0.026012922389782034,0.02240038,0.2,0.0004092704424510632,-0.01728248968720436,0.13181614875793457,0.9938177466392517,0.023520268907304853,-2.1382021184210522,1258.0
41,16,96256,1242,2992,0.0059814453125,-43.66532528400421,-0.0026845016473089345,0.0037154695,0.2,0.0004092704424510632,0.473838746547699,0.7060564756393433,0.9935165643692017,1.134589632973075,-2.1382021184210522,1258.0
42,17,96768,1242,3008,0.291259765625,-43.64643406867981,-0.0297335426294012,0.022742746,0.2,0.0004092704424510632,-0.04401304945349693,-0.5677634477615356,0.9922034740447998,0.012011732731480151,-2.1382021184210522,1258.0
43,17,97280,1241,3024,0.2666015625,-43.61504101753235,-0.026376834081020206,0.016747527,0.2,0.0004092704424510632,-0.02650630474090576,0.6249213218688965,0.9917600154876709,0.01878549560206011,-2.138980402597402,1258.0
44,18,97792,1241,3040,0.015625,-43.605082273483276,-0.0020030414452776313,0.005899355,0.2,0.0004092704424510632,0.09792555868625641,0.5915019512176514,0.9915906190872192,0.7945553087629378,-2.138980402597402,1258.0
45,18,98304,1239,3056,0.25146484375,-43.611952781677246,-0.02681393118109554,0.018552924,0.2,0.0004092704424510632,-0.01665623113512993,-0.48071765899658203,0.9923673868179321,0.040768825041595846,-2.1359855256410256,1258.0
46,19,98816,1238,3072,0.008544921875,-43.62658655643463,-0.005062112468294799,0.0056751645,0.2,0.0004092704424510632,0.2448122203350067,0.641569972038269,0.9925202131271362,0.766204159706831,-2.1359855256410256,1258.0
47,19,99328,1238,3088,0.1910400390625,-43.649497985839844,-0.025504378631012514,0.013523333,0.2,0.0004092704424510632,-0.04320308938622475,-2.3015568256378174,0.9943573474884033,0.0032023153798945714,-2.1359855256410256,1258.0
48,19,99840,1237,3104,0.1767578125,-43.67360460758209,-0.018883896045736037,0.012120543,0.2,0.0004092704424510632,-0.012357986532151699,0.5628663301467896,0.9931055903434753,0.04736652865540236,-2.135481050632911,1258.0
49,20,100352,1237,3120,0.138916015625,-43.625887989997864,-0.01667688521411037,0.02542619,0.2,0.0004092704424510632,-0.011854056268930435,0.7748280167579651,0.992391049861908,0.22872138931415975,-2.135481050632911,1258.0
50,20,100864,1236,3136,0.247314453125,-43.62425649166107,-0.021979398763505742,0.023712587,0.2,0.0004092704424510632,-0.01698249951004982,-2.0332555770874023,0.9929866790771484,0.02186316851293668,-2.1341804375000004,1258.0
51,21,101376,1235,3152,0.0111083984375,-43.64194321632385,-0.005597533381660469,0.005200873,0.2,0.0004092704424510632,0.1275728940963745,0.713935136795044,0.9932897090911865,0.6832379987463355,-2.1341804375000004,1258.0
52,21,101888,1235,3168,0.211669921875,-43.66496789455414,-0.021491599327418953,0.01370544,0.2,0.0004092704424510632,-0.031311050057411194,-2.8825066089630127,0.9951341152191162,0.0027618321873887908,-2.1341804375000004,1258.0
53,21,102400,1234,3184,0.0780029296875,-43.723029375076294,-0.014824493191554211,0.01892465,0.2,0.0004092704424510632,0.07370007783174515,0.6588906049728394,0.9960727691650391,0.33386516384780407,-2.134731098765432,1258.0
54,22,102912,1233,3200,0.2464599609375,-43.72989821434021,-0.020236878393916413,0.033937577,0.2,0.0004092704424510632,-0.026628738269209862,0.8235446214675903,0.9960664510726929,0.09233365705586039,-2.134731098765432,1258.0
55,22,103424,1233,3216,0.261962890625,-43.72881269454956,-0.02564427739707753,0.01861242,0.2,0.0004092704424510632,-0.02080686390399933,-0.022846460342407227,0.9960232377052307,0.0137666680093389,-2.1344458292682926,1258.0
56,23,103936,1232,3232,0.005615234375,-43.723578453063965,-0.0016899803376873024,0.004207465,0.2,0.0004092704424510632,0.1363588273525238,0.7319514155387878,0.9959983825683594,0.9489773763343692,-2.1344458292682926,1258.0
57,23,104448,1231,3248,0.2486572265625,-43.6981315612793,-0.027505043370183557,0.020142425,0.2,0.0004092704424510632,-0.03997376188635826,-0.3211021423339844,0.9942501783370972,0.006144904255052097,-2.1324590000000003,1258.0
58,24,104960,1230,3264,0.0137939453125,-43.650256991386414,-0.007342047218116932,0.007255134,0.2,0.0004092704424510632,0.17780013382434845,0.563355028629303,0.9936510920524597,0.9777366854250431,-2.1324590000000003,1258.0
59,24,105472,1229,3280,0.20166015625,-43.63650619983673,-0.023920998792164028,0.014509214,0.2,0.0004092704424510632,-0.034131091088056564,-2.2271993160247803,0.9928984642028809,0.002731978351221187,-2.1324590000000003,1258.0
60,24,105984,1229,3296,0.2586669921875,-43.62029016017914,-0.0264246829028707,0.020151295,0.2,0.0004092704424510632,-0.038907404989004135,-0.6736702919006348,0.9927847981452942,0.004698080578236841,-2.1338694166666667,1258.0
61,25,106496,1228,3312,0.0126953125,-43.63395321369171,-0.005397095999796875,0.006047825,0.2,0.0004092704424510632,0.18047726154327393,0.3762701153755188,0.9929882287979126,1.360099459066987,-2.1338694166666667,1258.0
62,25,107008,1228,3328,0.2593994140625,-43.612111926078796,-0.025667564928880893,0.018359447,0.2,0.0004092704424510632,-0.027054747566580772,0.3543148636817932,0.9911795258522034,0.00713226520747412,-2.133653247058824,1258.0
63,26,107520,1227,3344,0.0240478515625,-43.568562269210815,-0.002351651550270617,0.004756504,0.2,0.0004092704424510632,0.1795421838760376,0.7711146473884583,0.9906195402145386,0.9509118553251028,-2.133653247058824,1258.0
64,26,108032,1227,3360,0.248779296875,-43.54053723812103,-0.02661292029370088,0.01782244,0.2,0.0004092704424510632,-0.029686937108635902,-2.1790099143981934,0.9886634945869446,0.003033192038856214,-2.133653247058824,1258.0
65,27,108544,1226,3376,0.304443359375,-43.491599559783936,-0.02497756326920353,0.028815936,0.2,0.0004092704424510632,-0.03231415897607803,0.3916774392127991,0.9878742098808289,0.00734879840456415,-2.1343411046511633,1258.0
66,27,109056,1226,3392,0.0478515625,-43.47485423088074,-0.005722247697121929,0.008732267,0.2,0.0004092704424510632,0.2194475531578064,0.6066381931304932,0.9876920580863953,1.017006266862154,-2.1343411046511633,1258.0
67,27,109568,1226,3408,0.2535400390625,-43.4754433631897,-0.022910948318894953,0.019634051,0.2,0.0004092704424510632,-0.01958630234003067,-0.6271823644638062,0.9874204397201538,0.008983038016594946,-2.133359574712644,1258.0
68,28,110080,1226,3424,0.0147705078125,-43.45963728427887,-0.008387518013478257,0.005491974,0.2,0.0004092704424510632,0.13843078911304474,0.5604953169822693,0.9871996641159058,0.9829629808664322,-2.133359574712644,1258.0
69,28,110592,1225,3440,0.2772216796875,-43.46611785888672,-0.024221521904109977,0.019731946,0.2,0.0004092704424510632,-0.031553301960229874,-1.2275140285491943,0.987725555896759,0.0020269412889319938,-2.133359574712644,1258.0
70,29,111104,1224,3456,0.28564453125,-43.45715868473053,-0.028044798687915318,0.024402944,0.2,0.0004092704424510632,-0.03166086599230766,0.5842208862304688,0.9864196181297302,0.005590691005636472,-2.131979079545455,1258.0
71,29,111616,1224,3472,0.0443115234375,-43.412471532821655,-0.006132428054115735,0.0062456774,0.2,0.0004092704424510632,0.07191959023475647,0.3723762035369873,0.9858497381210327,1.2731675398536026,-2.131979079545455,1258.0
72,30,112128,1221,3488,0.29150390625,-43.39531219005585,-0.032753569088527,0.02262954,0.2,0.0004092704424510632,-0.044779106974601746,0.30486106872558594,0.9850879311561584,0.022347828780766577,-2.1299504719101128,1258.0
73,30,112640,1222,3504,0.0091552734375,-43.37933361530304,-0.007351886655669659,0.0052265134,0.2,0.0004092704424510632,0.2202947437763214,0.7263960242271423,0.9849836230278015,0.9851169288158417,-2.1299504719101128,1258.0
74,31,113152,1222,3520,0.249267578125,-43.37252640724182,-0.022847740241559222,0.01975556,0.2,0.0004092704424510632,-0.02626938745379448,-2.656184196472168,0.9843575954437256,0.002585313417512225,-2.1299504719101128,1258.0
75,31,113664,1222,3536,0.1859130859375,-43.3674852848053,-0.021512705367058516,0.013376091,0.2,0.0004092704424510632,-0.033828265964984894,0.6388022899627686,0.9851333498954773,0.00623309938237071,-2.130718788888889,1258.0
76,31,114176,1222,3552,0.0225830078125,-43.39521682262421,-0.009464481510804035,0.008715592,0.2,0.0004092704424510632,0.044823937118053436,0.32735371589660645,0.9854020476341248,0.8542516578454524,-2.130718788888889,1258.0
77,32,114688,1222,3568,0.2728271484375,-43.35724925994873,-0.026291725574992597,0.023428898,0.2,0.0004092704424510632,-0.03556760400533676,-0.33128654956817627,0.9825434684753418,0.00759214952995535,-2.1297135494505497,1258.0
78,32,115200,1223,3584,0.061279296875,-43.278379797935486,-0.008246044388215523,0.0088128485,0.2,0.0004092704424510632,0.17325401306152344,0.6505740880966187,0.9816063642501831,0.8416162133216858,-2.1297135494505497,1258.0
79,33,115712,1222,3600,0.290283203125,-43.27974605560303,-0.02754382585408166,0.020625468,0.2,0.0004092704424510632,-0.03661954775452614,-4.858089923858643,0.9825441837310791,0.0020952681225026026,-2.1297135494505497,1258.0
80,33,116224,1223,3616,0.2457275390625,-43.3016916513443,-0.025611303957703058,0.015050712,0.2,0.0004092704424510632,-0.013437451794743538,0.6371097564697266,0.9825857877731323,0.03266925923526287,-2.1296960434782615,1258.0
81,33,116736,1223,3632,0.150634765625,-43.29563021659851,-0.018323721451452002,0.025348555,0.2,0.0004092704424510632,-0.01901041530072689,0.4811583161354065,0.9825600385665894,0.32777671405347064,-2.1296960434782615,1258.0
82,34,117248,1223,3648,0.3013916015625,-43.2615020275116,-0.028257612633751705,0.021473123,0.2,0.0004092704424510632,-0.018547920510172844,-0.03123950958251953,0.9795952439308167,0.0347685573506169,-2.129616483870968,1258.0
83,34,117760,1223,3664,0.012939453125,-43.182860016822815,-0.006290203833486885,0.005301023,0.2,0.0004092704424510632,0.4600779116153717,0.7848460674285889,0.9786017537117004,1.3148690480738878,-2.129616483870968,1258.0
84,35,118272,1223,3680,0.2568359375,-43.17117416858673,-0.026206713082501665,0.019641917,0.2,0.0004092704424510632,-0.03405790403485298,-0.512508749961853,0.978621780872345,0.02371567429509014,-2.1294447340425537,1258.0
85,35,118784,1224,3696,0.006103515625,-43.18485081195831,-0.00597232959989924,0.0049410425,0.2,0.0004092704424510632,0.277691125869751,0.549828052520752,0.978847086429596,1.0496744932606816,-2.1294447340425537,1258.0
86,35,119296,1224,3712,0.276611328125,-43.196884632110596,-0.0301630130270496,0.018583205,0.2,0.0004092704424510632,-0.04021449759602547,-2.232940435409546,0.9795683026313782,0.0020202550240355777,-2.1294447340425537,1258.0
87,36,119808,1224,3728,0.234375,-43.17484450340271,-0.025783098928513937,0.015722971,0.2,0.0004092704424510632,-0.027355032041668892,0.09963887929916382,0.9766300320625305,0.0027264186792308465,-2.125242231578948,1258.0
88,36,120320,1224,3744,0.027587890625,-43.099186182022095,-0.0032825712696649134,0.0048433486,0.2,0.0004092704424510632,0.19079460203647614,0.5509692430496216,0.9758873581886292,1.1928844130598009,-2.125242231578948,1258.0
89,37,120832,1225,3760,0.223876953125,-43.08576452732086,-0.02394758674199693,0.015282334,0.2,0.0004092704424510632,-0.03628001734614372,0.010742545127868652,0.9750397801399231,0.003067086399823893,-2.125090604166667,1258.0
90,37,121344,1225,3776,0.0211181640625,-43.05982959270477,-0.006307418458163738,0.010687175,0.2,0.0004092704424510632,0.12841196358203888,0.5917301774024963,0.9745995402336121,1.3058366561308503,-2.125090604166667,1258.0
91,38,121856,1225,3792,0.2347412109375,-43.04532051086426,-0.029229260224383324,0.016611965,0.2,0.0004092704424510632,-0.041382644325494766,-0.6038632392883301,0.9741182923316956,0.0034635554329724982,-2.125090604166667,1258.0
92,38,122368,1225,3808,0.2589111328125,-43.001293301582336,-0.026878499731537886,0.015953328,0.2,0.0004092704424510632,-0.01810208149254322,0.464893639087677,0.9715914130210876,0.0052981433473178186,-2.1254357422680417,1258.0
93,38,122880,1225,3824,0.0059814453125,-42.93461787700653,0.0008856150525389239,0.0033086701,0.2,0.0004092704424510632,0.37185582518577576,0.5665358304977417,0.9708350896835327,1.1432890254072845,-2.1254357422680417,1258.0
94,39,123392,1225,3840,0.2247314453125,-42.95907366275787,-0.022417319210944697,0.019190721,0.2,0.0004092704424510632,-0.03261139243841171,-1.6564784049987793,0.9732660055160522,0.007495505560655147,-2.1233022857142863,1258.0
95,39,123904,1225,3856,0.0152587890625,-43.02339792251587,-0.005121951850014739,0.007515519,0.2,0.0004092704424510632,0.09735774993896484,0.46172088384628296,0.9741154909133911,1.2079633153043687,-2.1233022857142863,1258.0
96,40,124416,1225,3872,0.25537109375,-43.010300278663635,-0.029369036754360422,0.01834399,0.2,0.0004092704424510632,-0.037749167531728745,-1.132899284362793,0.9724576473236084,0.0017202284780069022,-2.1233022857142863,1258.0
97,40,124928,1226,3888,0.28515625,-42.950114369392395,-0.027653180004563183,0.023898467,0.2,0.0004092704424510632,-0.042304836213588715,0.5285845994949341,0.9707651734352112,0.007650738436495885,-2.1220904141414145,1258.0
98,40,125440,1226,3904,0.02685546875,-42.911680698394775,-0.006843953276984394,0.007955905,0.2,0.0004092704424510632,0.11713849753141403,0.5150931477546692,0.9700151681900024,0.9005962829105556,-2.1220904141414145,1258.0
99,41,125952,1226,3920,0.2584228515625,-42.90014684200287,-0.027575862390222028,0.019374691,0.2,0.0004092704424510632,-0.0441037118434906,-0.2844001054763794,0.9697603583335876,0.008318705687997863,-2.1195786200000004,1258.0
100,41,126464,1226,3936,0.066650390625,-42.89450442790985,-0.005027422899729572,0.008680208,0.2,0.0004092704424510632,0.21580952405929565,0.7175086140632629,0.9696090817451477,0.941957057453692,-2.1195786200000004,1258.0
101,42,126976,1226,3952,0.293701171875,-42.904128193855286,-0.02625757515488658,0.019800466,0.2,0.0004092704424510632,-0.033434171229600906,-0.48193204402923584,0.9703710675239563,0.002309909868927207,-2.1195786200000004,1258.0
102,42,127488,1226,3968,0.3123779296875,-42.904810667037964,-0.02947851726639783,0.018921653,0.2,0.0004092704424510632,-0.043656591325998306,0.70342618227005,0.9696511626243591,0.025016019237227738,-2.1182272,1258.0
103,43,128000,1225,3984,0.016357421875,-42.88082659244537,-0.0041777626756811514,0.005754664,0.2,0.0004092704424510632,0.059293799102306366,0.46260738372802734,0.969336748123169,1.2576899817213416,-2.1182272,1258.0
104,43,128512,1225,4000,0.20556640625,-42.88110327720642,-0.02083755070634652,0.014657464,0.2,0.0004092704424510632,-0.022757170721888542,0.3489728569984436,0.969730019569397,0.02720714855240658,-2.1163483800000003,1258.0
105,43,129024,1225,4016,0.0474853515625,-42.89191699028015,-0.006617534323595464,0.008244727,0.2,0.0004092704424510632,0.1656063348054886,0.7528689503669739,0.9698760509490967,1.2355010649189353,-2.1163483800000003,1258.0
106,44,129536,1225,4032,0.26708984375,-42.917951822280884,-0.022367559038684703,0.01662944,0.2,0.0004092704424510632,-0.022784369066357613,-1.3524298667907715,0.9716350436210632,0.006984678126173094,-2.1163483800000003,1258.0
107,44,130048,1225,4048,0.1624755859375,-42.94704592227936,-0.0145918347989209,0.014473243,0.2,0.0004092704424510632,0.06907155364751816,0.6983674764633179,0.9717069268226624,0.18905873759649694,-2.1139108400000004,1258.0
108,45,130560,1225,4064,0.2052001953125,-42.934616446495056,-0.021301388849678915,0.026876656,0.2,0.0004092704424510632,-0.013600952923297882,0.8504317998886108,0.9708039164543152,0.14140895794844255,-2.1139108400000004,1258.0
109,45,131072,1225,4080,0.2421875,-42.89272141456604,-0.024070409446721897,0.0164581,0.2,0.0004092704424510632,-0.031835611909627914,-0.36726105213165283,0.9694777131080627,0.03042631852440536,-2.1129550900000003,1258.0
110,45,131584,1225,4096,0.0118408203125,-42.86696219444275,-0.004559665540000424,0.005235913,0.2,0.0004092704424510632,0.1993597447872162,0.6377701759338379,0.9693161249160767,1.0173391085118055,-2.1129550900000003,1258.0
111,46,132096,1225,4112,0.2926025390625,-42.85258448123932,-0.026609707521856762,0.020549295,0.2,0.0004092704424510632,-0.030146626755595207,0.18049031496047974,0.9684960246086121,0.005656568129779771,-2.11284118,1258.0
112,46,132608,1225,4128,0.001220703125,-42.829238176345825,-0.0009590870758984238,0.0029110806,0.2,0.0004092704424510632,0.21352221071720123,0.8008599281311035,0.968011736869812,1.0996746774762869,-2.11284118,1258.0
113,47,133120,1225,4144,0.2918701171875,-42.81798779964447,-0.02885866024007555,0.022104258,0.2,0.0004092704424510632,-0.030379675328731537,-2.1442465782165527,0.9680494666099548,0.0026980562652170192,-2.11284118,1258.0
114,47,133632,1225,4160,0.2340087890625,-42.79904019832611,-0.025417951605049893,0.01331312,0.2,0.0004092704424510632,-0.034227874130010605,0.2774048447608948,0.9669327139854431,0.0025318060725112446,-2.1105462200000007,1258.0
115,48,134144,1225,4176,0.047119140625,-42.765557169914246,-0.007610473679960705,0.007978187,0.2,0.0004092704424510632,0.5480000972747803,0.4120638370513916,0.9666233062744141,1.457948203664273,-2.1105462200000007,1258.0
116,48,134656,1225,4192,0.3037109375,-42.77453660964966,-0.025028122545336373,0.021294866,0.2,0.0004092704424510632,-0.02431637793779373,0.0032407641410827637,0.9674983620643616,0.008935980396927334,-2.1086980000000004,1258.0
117,48,135168,1225,4208,0.0245361328125,-42.792611598968506,-0.010141583057702519,0.0076361774,0.2,0.0004092704424510632,0.22910304367542267,0.7865514755249023,0.9677680134773254,1.1690005538985133,-2.1086980000000004,1258.0
118,49,135680,1225,4224,0.23828125,-42.815399408340454,-0.021647317422321066,0.015250092,0.2,0.0004092704424510632,-0.027600517496466637,-8.239831924438477,0.969485878944397,0.0037994552913005464,-2.1086980000000004,1258.0
119,49,136192,1225,4240,0.2645263671875,-42.85117042064667,-0.027547437202883884,0.019064058,0.2,0.0004092704424510632,-0.03195971995592117,0.5866596698760986,0.9692143201828003,0.007640934156370349,-2.10663965,1258.0
120,50,136704,1224,4256,0.0166015625,-42.83477985858917,-0.008771340537350625,0.008758001,0.2,0.0004092704424510632,0.09308354556560516,0.5926281213760376,0.9693080186843872,1.0707484339363873,-2.10663965,1258.0
121,50,137216,1224,4272,0.29541015625,-42.87443566322327,-0.028972872329177335,0.022256881,0.2,0.0004092704424510632,-0.0311583261936903,0.31846708059310913,0.9718919992446899,0.005051573556556832,-2.1052713800000005,1258.0
122,50,137728,1225,4288,0.0433349609375,-42.94580101966858,-0.005907431594096124,0.008125454,0.2,0.0004092704424510632,0.49908965826034546,0.7624487280845642,0.972858190536499,1.0852755438536406,-2.1052713800000005,1258.0
123,51,138240,1225,4304,0.3017578125,-42.99201989173889,-0.03383237720117904,0.021002268,0.2,0.0004092704424510632,-0.055579960346221924,-0.7760754823684692,0.9756255149841309,0.001846202776505379,-2.1052713800000005,1258.0
124,51,138752,1225,4320,0.2489013671875,-43.07043123245239,-0.022717362575349398,0.01724295,0.2,0.0004092704424510632,-0.03103436529636383,0.6628137826919556,0.9770927429199219,0.0149603855679743,-2.1044250200000003,1258.0
125,52,139264,1225,4336,0.0677490234375,-43.089399576187134,-0.015622879102011211,0.017378863,0.2,0.0004092704424510632,0.2288520187139511,0.5568429827690125,0.9773552417755127,0.8988703358918428,-2.1044250200000003,1258.0
126,52,139776,1225,4352,0.272705078125,-43.094921469688416,-0.02520040501258336,0.018385816,0.2,0.0004092704424510632,-0.02892361953854561,0.2855355739593506,0.9778352379798889,0.0052887947676936164,-2.1039844199999997,1258.0
127,53,140288,1225,4368,0.0711669921875,-43.11039090156555,-0.006109097128501162,0.008168508,0.2,0.0004092704424510632,0.1898677498102188,0.7268014550209045,0.9782072305679321,1.2133367247879505,-2.1039844199999997,1258.0
128,53,140800,1225,4384,0.227294921875,-43.10829532146454,-0.025908358278684318,0.013317632,0.2,0.0004092704424510632,-0.038009706884622574,-3.0040740966796875e-05,0.9779508709907532,0.004934665223117918,-2.1039844199999997,1258.0
129,53,141312,1225,4400,0.2666015625,-43.08700108528137,-0.028403842821717262,0.0235222,0.2,0.0004092704424510632,-0.024815674871206284,0.730343222618103,0.976887047290802,0.04525950807146728,-2.10343147,1258.0
130,54,141824,1225,4416,0.0538330078125,-43.049386501312256,0.0004789618724316824,0.007615758,0.2,0.0004092704424510632,0.08707034587860107,0.5963175296783447,0.9763005971908569,0.9150529620237648,-2.10343147,1258.0
131,54,142336,1225,4432,0.2672119140625,-43.02302134037018,-0.028414935513865203,0.020430803,0.2,0.0004092704424510632,-0.042117517441511154,0.39541733264923096,0.974500298500061,0.011563696098164655,-2.10054733,1258.0
132,55,142848,1225,4448,0.032958984375,-42.98536241054535,-0.007778806510032155,0.00843448,0.2,0.0004092704424510632,0.09426568448543549,0.44427812099456787,0.9737521409988403,1.4087697570212185,-2.10054733,1258.0
133,55,143360,1225,4464,0.339599609375,-42.951860666275024,-0.036246553994715214,0.029166527,0.2,0.0004092704424510632,-0.04775947704911232,-0.09750592708587646,0.9724764227867126,0.0043492879121913575,-2.10054733,1258.0
134,55,143872,1225,4480,0.09033203125,-42.92758905887604,-0.015426377780386247,0.014604788,0.2,0.0004092704424510632,0.010064050555229187,0.7366082668304443,0.9717352986335754,0.21832947665825486,-2.10055138,1258.0
135,56,144384,1225,4496,0.0843505859375,-42.90204584598541,-0.011100162286311388,0.0172313,0.2,0.0004092704424510632,0.005310511216521263,0.8918414115905762,0.9710673689842224,0.22232259018346667,-2.10055138,1258.0
136,56,144896,1225,4512,0.2520751953125,-42.86543929576874,-0.027310824254527688,0.019774416,0.2,0.0004092704424510632,-0.01579088717699051,-1.5666298866271973,0.9689623117446899,0.06655103608500212,-2.09826712,1258.0
137,57,145408,1225,4528,0.0211181640625,-42.81236910820007,-0.00748549256240949,0.006376543,0.2,0.0004092704424510632,0.11112909764051437,0.6862890720367432,0.968561053276062,1.1826729187741876,-2.09826712,1258.0
138,57,145920,1225,4544,0.2708740234375,-42.80738401412964,-0.02191513089928776,0.022857366,0.2,0.0004092704424510632,-0.019584791734814644,0.10882049798965454,0.9684121012687683,0.019449045386863872,-2.09826712,1258.0
139,58,146432,1225,4560,0.1029052734375,-42.807284116744995,-0.013807201492454624,0.016860519,0.2,0.0004092704424510632,0.11641184985637665,0.8608232140541077,0.9683553576469421,0.2538907970301807,-2.09541608,1258.0
140,58,146944,1225,4576,0.233154296875,-42.79709875583649,-0.017580580708454363,0.035366826,0.2,0.0004092704424510632,-0.021629545837640762,0.5742278695106506,0.9677837491035461,0.1435201624990441,-2.09541608,1258.0
141,58,147456,1225,4592,0.3028564453125,-42.79963564872742,-0.030325786443427205,0.02092522,0.2,0.0004092704424510632,-0.0272538959980011,0.27261966466903687,0.9682921171188354,0.015643636317690834,-2.0947662900000004,1258.0
142,59,147968,1226,4608,0.023193359375,-42.81087672710419,-0.006664259082754143,0.007542924,0.2,0.0004092704424510632,0.10606379806995392,0.7783231735229492,0.968437671661377,1.246057376731187,-2.0947662900000004,1258.0
143,59,148480,1225,4624,0.2718505859375,-42.80885946750641,-0.02645320419105701,0.025429945,0.2,0.0004092704424510632,-0.039502426981925964,-0.3972811698913574,0.968024492263794,0.018844112142687663,-2.0938408000000006,1258.0
144,60,148992,1225,4640,0.043701171875,-42.79511857032776,-0.005985034207697026,0.009239424,0.2,0.0004092704424510632,0.19047307968139648,0.8064007759094238,0.9679077863693237,0.9082516636699438,-2.0938408000000006,1258.0
145,60,149504,1226,4656,0.2269287109375,-42.83083784580231,-0.02202557391137816,0.014179115,0.2,0.0004092704424510632,-0.03372715041041374,-6.186079025268555,0.9711148738861084,0.0023230939059430966,-2.0938408000000006,1258.0
146,60,150016,1225,4672,0.2333984375,-42.907052397727966,-0.021133497397386236,0.022097912,0.2,0.0004092704424510632,-0.03230250999331474,-2.1455039978027344,0.9721759557723999,0.0041735545310075395,-2.0923637600000005,1258.0
147,61,150528,1226,4688,0.044921875,-42.92407703399658,-0.006280083835008554,0.0068174573,0.2,0.0004092704424510632,0.11580293625593185,0.41249924898147583,0.972321093082428,1.6790505787357688,-2.0923637600000005,1258.0
1,0,151040,3938,4704,0.2967529296875,-42.94830942153931,-0.0320829069823958,0.02086804,0.2,0.0004092704424510632,-0.04649178683757782,0.21570241451263428,0.9740313291549683,0.005610318672552239,-2.0923243800000004,1258.0
2,0,151552,1861,4720,0.0074462890625,-42.993844509124756,-0.003956993074098136,0.0038317738,0.2,0.0004092704424510632,0.23860135674476624,0.6481024026870728,0.9745142459869385,1.6831873375922441,-2.0923243800000004,1258.0
3,0,152064,1582,4736,0.232421875,-42.98595893383026,-0.027282026829198003,0.018477486,0.2,0.0004092704424510632,-0.03124406561255455,-0.5444570779800415,0.9734212160110474,0.003020990166987758,-2.0923243800000004,1258.0
4,1,152576,1481,4752,0.2467041015625,-42.9589958190918,-0.023877713654655963,0.016060792,0.2,0.0004092704424510632,-0.01833624765276909,0.7133064270019531,0.9723279476165771,0.03032363177044317,-2.09181869,1258.0
5,1,153088,1427,4768,0.0516357421875,-42.93526291847229,-0.005237759105511941,0.009248056,0.2,0.0004092704424510632,0.08242712914943695,0.6324326992034912,0.972051203250885,0.8739624004811049,-2.09181869,1258.0
6,2,153600,1395,4784,0.2830810546875,-42.952351093292236,-0.0289641497656703,0.025779143,0.2,0.0004092704424510632,-0.029968921095132828,-0.00818777084350586,0.9732743501663208,0.02248188795056194,-2.09318954,1258.0
7,2,154112,1373,4800,0.003173828125,-42.990599632263184,-0.0013845672365278006,0.0031764451,0.2,0.0004092704424510632,0.1464654952287674,0.7760599255561829,0.9738057851791382,1.0253430223092437,-2.09318954,1258.0
8,3,154624,1356,4816,0.2431640625,-43.00288736820221,-0.0200688817712944,0.018639661,0.2,0.0004092704424510632,-0.028675228357315063,-1.8724443912506104,0.9741615653038025,0.007002081874816213,-2.09318954,1258.0
9,3,155136,1342,4832,0.2254638671875,-43.009437084198,-0.02004201831005048,0.016893849,0.2,0.0004092704424510632,-0.016019392758607864,0.7075991630554199,0.9735509753227234,0.02233109757071361,-2.09323887,1258.0
10,3,155648,1331,4848,0.0289306640625,-42.98533511161804,-0.008398213249165565,0.007917173,0.2,0.0004092704424510632,0.09442415088415146,0.3704322576522827,0.9732068181037903,1.760327375261113,-2.09323887,1258.0
11,4,156160,1324,4864,0.2044677734375,-42.99581789970398,-0.024469617928843945,0.014783032,0.2,0.0004092704424510632,-0.03716762363910675,0.4008193016052246,0.9738877415657043,0.01079966478573624,-2.0939577099999998,1258.0
12,4,156672,1316,4880,0.01708984375,-43.01540160179138,-0.005789280497992877,0.0057533174,0.2,0.0004092704424510632,0.23392058908939362,0.8157929182052612,0.97418612241745,0.8991343323141336,-2.0939577099999998,1258.0
13,5,157184,1308,4896,0.3009033203125,-43.02254891395569,-0.030975719826528803,0.021549115,0.2,0.0004092704424510632,-0.044982731342315674,-2.730757236480713,0.9740971922874451,0.001985972918191692,-2.0939577099999998,1258.0
14,5,157696,1300,4912,0.2205810546875,-43.03184461593628,-0.020073548817890696,0.019161908,0.2,0.0004092704424510632,-0.021700169891119003,0.7927085757255554,0.974539041519165,0.028558249585330486,-2.09318072,1258.0
15,5,158208,1294,4928,0.031005859375,-43.04156720638275,-0.007954638422233984,0.007965766,0.2,0.0004092704424510632,0.015977151691913605,0.3315402865409851,0.9744991064071655,1.824797262204811,-2.09318072,1258.0
16,6,158720,1289,4944,0.227783203125,-43.04023730754852,-0.021495069784577936,0.01717024,0.2,0.0004092704424510632,-0.02943355217576027,-0.28816044330596924,0.9749074578285217,0.004879682695900556,-2.0918539600000003,1258.0
17,6,159232,1286,4960,0.029052734375,-43.05103409290314,-0.007229947543237358,0.0076983455,0.2,0.0004092704424510632,0.44395825266838074,0.6447914838790894,0.9750884175300598,1.3487283592112362,-2.0918539600000003,1258.0
18,7,159744,1283,4976,0.2393798828125,-43.04775333404541,-0.023948132715304382,0.016954795,0.2,0.0004092704424510632,-0.039879512041807175,-1.5943057537078857,0.9747860431671143,0.003820056896074675,-2.0918539600000003,1258.0
19,7,160256,1280,4992,0.1639404296875,-43.03774440288544,-0.017811423298553564,0.015957016,0.2,0.0004092704424510632,0.0037935487926006317,0.7873433232307434,0.9743070006370544,0.10387265821918845,-2.09006447,1258.0
20,8,160768,1277,5008,0.1846923828125,-43.026127338409424,-0.014672712975880131,0.02252021,0.2,0.0004092704424510632,-0.013834782876074314,0.6893937587738037,0.9741219282150269,0.21899834473151714,-2.09006447,1258.0
21,8,161280,1275,5024,0.2305908203125,-43.05113756656647,-0.02313266837154515,0.014924927,0.2,0.0004092704424510632,-0.02979474887251854,-0.25269651412963867,0.976364016532898,0.011485913768410683,-2.08927078,1258.0
22,8,161792,1273,5040,0.015625,-43.10951256752014,-0.006903055356815457,0.007728662,0.2,0.0004092704424510632,0.18860876560211182,0.7732366323471069,0.9769742488861084,1.1978863310068846,-2.08927078,1258.0
23,9,162304,1272,5056,0.3541259765625,-43.11416244506836,-0.035117275634547696,0.024125881,0.2,0.0004092704424510632,-0.04370762035250664,-0.0770643949508667,0.9771694540977478,0.003221924853278324,-2.08776142,1258.0
24,9,162816,1269,5072,0.0372314453125,-43.1225483417511,-0.0034665604907786474,0.005950249,0.2,0.0004092704424510632,0.21834796667099,0.5966565012931824,0.9773438572883606,1.3902222961187363,-2.08776142,1258.0
25,10,163328,1268,5088,0.2418212890625,-43.09151339530945,-0.024382437972235493,0.016868934,0.2,0.0004092704424510632,-0.03656512871384621,-3.2419815063476562,0.9745680093765259,0.0018479396385373548,-2.08776142,1258.0
26,10,163840,1266,5104,0.2822265625,-43.01728928089142,-0.030396292975638062,0.01879057,0.2,0.0004092704424510632,-0.03147892653942108,0.3830000162124634,0.9732716083526611,0.00207191596928169,-2.0861746900000004,1258.0
27,10,164352,1267,5120,0.0048828125,-42.98808979988098,0.001859416370280087,0.0031515239,0.2,0.0004092704424510632,0.1814396232366562,0.4016380310058594,0.9729538559913635,1.9408237584866583,-2.0861746900000004,1258.0
28,11,164864,1266,5136,0.237548828125,-42.96353578567505,-0.027334931306540966,0.019232236,0.2,0.0004092704424510632,-0.029674755409359932,-0.16638588905334473,0.9711124300956726,0.003452452401688788,-2.0852897,1258.0
29,11,165376,1265,5152,0.0006103515625,-42.91798532009125,-0.0009485605696681887,0.0024013012,0.2,0.0004092704424510632,1.088708758354187,0.7467677593231201,0.9704167246818542,1.6496115010231733,-2.0852897,1258.0
30,12,165888,1264,5168,0.24755859375,-42.87742626667023,-0.025202793447533622,0.018721024,0.2,0.0004092704424510632,-0.02497207745909691,-6.3348188400268555,0.9677714705467224,0.0029555100663856138,-2.0852897,1258.0
31,12,166400,1263,5184,0.2587890625,-42.81303656101227,-0.026012152047769632,0.018292163,0.2,0.0004092704424510632,-0.03329772129654884,0.6844527721405029,0.9673439860343933,0.009918568015564233,-2.08426985,1258.0
32,12,166912,1263,5200,0.015869140625,-42.813109159469604,-0.002997754854732193,0.005800961,0.2,0.0004092704424510632,0.12624767422676086,0.617176353931427,0.9674597382545471,1.022658304311335,-2.08426985,1258.0
33,13,167424,1262,5216,0.216064453125,-42.8043497800827,-0.023327366594458,0.02140683,0.2,0.0004092704424510632,-0.03103748895227909,-1.1417176723480225,0.9666064977645874,0.009892145681078546,-2.0812753699999997,1258.0
34,13,167936,1261,5232,0.009033203125,-42.77867662906647,-0.0030576196586480364,0.0039663212,0.2,0.0004092704424510632,0.19650165736675262,0.6914923191070557,0.9662730693817139,2.0345992697402835,-2.0812753699999997,1258.0
35,14,168448,1261,5248,0.234130859375,-42.74615263938904,-0.027161876714671962,0.01606882,0.2,0.0004092704424510632,-0.04048699513077736,-2.339557647705078,0.9639794230461121,0.003539587598424987,-2.0812753699999997,1258.0
36,14,168960,1261,5264,0.2579345703125,-42.69674003124237,-0.026068893523188308,0.016539978,0.2,0.0004092704424510632,-0.02958223782479763,0.751207172870636,0.9642345905303955,0.016483477811561897,-2.07968713,1258.0
37,15,169472,1260,5280,0.024169921875,-42.718424558639526,-0.00500329612987116,0.0076708985,0.2,0.0004092704424510632,0.08865667879581451,0.3922621011734009,0.9646250605583191,1.4385863947682083,-2.07968713,1258.0
38,15,169984,1259,5296,0.208740234375,-42.7404648065567,-0.021212044317508116,0.01555594,0.2,0.0004092704424510632,-0.02822350710630417,-0.23287630081176758,0.9658778309822083,0.008039578751777299,-2.0788547399999997,1258.0
39,15,170496,1259,5312,0.000244140625,-42.7757203578949,-0.0033950262259168085,0.0027388185,0.2,0.0004092704424510632,0.15837238729000092,0.7168331146240234,0.966179609298706,1.4574115928262472,-2.0788547399999997,1258.0
40,16,171008,1258,5328,0.2843017578125,-42.77725279331207,-0.02853569167200476,0.019066636,0.2,0.0004092704424510632,-0.03100341372191906,-0.09918272495269775,0.9666481614112854,0.0038945305059314705,-2.0788547399999997,1258.0
41,16,171520,1258,5344,0.1192626953125,-42.795873045921326,-0.016331358638126403,0.01330366,0.2,0.0004092704424510632,0.015123138204216957,0.8191515803337097,0.967409610748291,0.11814530333504081,-2.07772989,1258.0
42,17,172032,1258,5360,0.0172119140625,-42.80918300151825,-0.006826764700235799,0.0071725496,0.2,0.0004092704424510632,0.09967324882745743,0.8585660457611084,0.9675887823104858,0.5484564607031643,-2.07772989,1258.0
43,17,172544,1258,5376,0.241455078125,-42.80731272697449,-0.026177704785368405,0.01908604,0.2,0.0004092704424510632,-0.027772914618253708,0.44771838188171387,0.967107892036438,0.02721743966685608,-2.07763647,1258.0
44,17,173056,1258,5392,0.011474609375,-42.80218029022217,-0.004325284797232598,0.0053478754,0.2,0.0004092704424510632,0.12726877629756927,0.6993767023086548,0.9669459462165833,0.9719975432381034,-2.07763647,1258.0
45,18,173568,1257,5408,0.2633056640625,-42.79886019229889,-0.027100926236016676,0.019692972,0.2,0.0004092704424510632,-0.036217838525772095,-2.3048019409179688,0.967171311378479,0.0027205228579987306,-2.07763647,1258.0
46,18,174080,1255,5424,0.138916015625,-42.80099606513977,-0.012266014426131733,0.014027278,0.2,0.0004092704424510632,0.08374220132827759,0.757622480392456,0.9671968221664429,0.3325771512463689,-2.07669979,1258.0
47,19,174592,1255,5440,0.189208984375,-42.797831654548645,-0.019360576770850457,0.02295452,0.2,0.0004092704424510632,-0.023876577615737915,0.9432320594787598,0.966950535774231,0.1253994585131295,-2.07669979,1258.0
48,19,175104,1255,5456,0.2672119140625,-42.78062582015991,-0.023671822709729895,0.016195953,0.2,0.0004092704424510632,0.009421586990356445,0.36939162015914917,0.9658564925193787,0.08745072176679969,-2.07745732,1258.0
49,19,175616,1254,5472,0.0091552734375,-42.76058113574982,-0.0038026636029826477,0.0050639138,0.2,0.0004092704424510632,0.11657536029815674,0.6252299547195435,0.9657686352729797,1.4262087913230062,-2.07745732,1258.0
50,20,176128,1254,5488,0.2850341796875,-42.73979353904724,-0.030047070235013962,0.020896059,0.2,0.0004092704424510632,-0.031425945460796356,0.44244062900543213,0.9641668796539307,0.017933650611666963,-2.07749414,1258.0
51,20,176640,1254,5504,0.0142822265625,-42.697423696517944,-0.003969286830397323,0.004845759,0.2,0.0004092704424510632,0.14707979559898376,0.5897471308708191,0.9636038541793823,1.4513787236064672,-2.07749414,1258.0
52,21,177152,1254,5520,0.2938232421875,-42.71107840538025,-0.03039427477051504,0.02452964,0.2,0.0004092704424510632,-0.03431764617562294,-3.894202709197998,0.9654080867767334,0.006569997756741941,-2.07749414,1258.0
53,21,177664,1254,5536,0.208251953125,-42.719173192977905,-0.020323824108345434,0.014419559,0.2,0.0004092704424510632,-0.0234814565628767,0.4616461992263794,0.9630262851715088,0.0037573701119981706,-2.0755100499999997,1258.0
54,22,178176,1253,5552,0.0208740234375,-42.652525424957275,-0.011584346255403943,0.0075658523,0.2,0.0004092704424510632,0.16949725151062012,0.707455039024353,0.962153971195221,1.0959674129262567,-2.0755100499999997,1258.0
55,22,178688,1253,5568,0.260498046875,-42.66359508037567,-0.024240661019575782,0.0170088,0.2,0.0004092704424510632,-0.016906268894672394,0.4079539179801941,0.9636848568916321,0.026475709688384086,-2.07610409,1258.0
56,22,179200,1253,5584,0.045654296875,-42.70251274108887,-0.012489467131672427,0.008297259,0.2,0.0004092704424510632,0.18957675993442535,0.7381848692893982,0.9642322659492493,1.1769165406003594,-2.07610409,1258.0
57,23,179712,1253,5600,0.267822265625,-42.72855985164642,-0.02756363869411871,0.020127058,0.2,0.0004092704424510632,-0.03650582954287529,-8.669367790222168,0.9656147956848145,0.004426790914294543,-2.07610409,1258.0
58,23,180224,1253,5616,0.2899169921875,-42.7647043466568,-0.027496599504956976,0.019409824,0.2,0.0004092704424510632,-0.03308786079287529,0.4920998215675354,0.9657798409461975,0.0048275735607603565,-2.07422485,1258.0
59,24,180736,1253,5632,0.00732421875,-42.768093943595886,-0.0038439077616203576,0.0038197262,0.2,0.0004092704424510632,0.23206384479999542,0.5756055116653442,0.9656165242195129,1.6383916940540075,-2.07422485,1258.0
60,24,181248,1253,5648,0.293212890625,-42.757155537605286,-0.03565242679906078,0.021441557,0.2,0.0004092704424510632,-0.04974617063999176,0.5519918203353882,0.9652559757232666,0.006797083493438549,-2.07230988,1258.0
61,24,181760,1253,5664,0.0147705078125,-42.744964480400085,-0.0073903159573092125,0.0061747264,0.2,0.0004092704424510632,0.15725493431091309,0.6457586884498596,0.9651405215263367,1.355221699923277,-2.07230988,1258.0
62,25,182272,1252,5680,0.2841796875,-42.73303306102753,-0.027703606989234686,0.018168364,0.2,0.0004092704424510632,-0.02619381621479988,-0.027942657470703125,0.9643973112106323,0.0015531787721556611,-2.07230988,1258.0
63,25,182784,1252,5696,0.146728515625,-42.67787003517151,-0.016197166551137343,0.013616516,0.2,0.0004092704424510632,-0.02594049833714962,0.7857542037963867,0.9618704915046692,0.041499057260807604,-2.07049429,1258.0
64,26,183296,1252,5712,0.063232421875,-42.60975193977356,-0.007624418642080855,0.007749649,0.2,0.0004092704424510632,0.1729830503463745,0.5582044124603271,0.9609081745147705,1.3306641611270607,-2.07049429,1258.0
65,26,183808,1252,5728,0.260498046875,-42.57331919670105,-0.02242880173434969,0.019046536,0.2,0.0004092704424510632,-0.013729270547628403,0.29344242811203003,0.958810031414032,0.005588718267972581,-2.06917814,1258.0
66,26,184320,1251,5744,0.06201171875,-42.51592409610748,-0.0014890256861690432,0.0058452534,0.2,0.0004092704424510632,0.1472860872745514,0.7795924544334412,0.9581133723258972,1.6430954225361347,-2.06917814,1258.0
67,27,184832,1251,5760,0.299560546875,-42.52042615413666,-0.03243497162475251,0.020074088,0.2,0.0004092704424510632,-0.04300747811794281,0.008045792579650879,0.9591545462608337,0.0037802401420776732,-2.06917814,1258.0
68,27,185344,1251,5776,0.222412109375,-42.54077661037445,-0.026149034914851654,0.026212372,0.2,0.0004092704424510632,-0.01438400149345398,0.8078548908233643,0.9592751860618591,0.06686161831021309,-2.069177,1258.0
69,28,185856,1251,5792,0.0162353515625,-42.5363894701004,-0.008134614079608582,0.0061141253,0.2,0.0004092704424510632,0.06962209194898605,0.6000973582267761,0.9592388868331909,1.0668033929541707,-2.069177,1258.0
70,28,186368,1251,5808,0.223876953125,-42.536001086235046,-0.024316271854331717,0.018843416,0.2,0.0004092704424510632,-0.026465700939297676,0.5798356533050537,0.9587483406066895,0.023292227589990944,-2.06748454,1258.0
71,29,186880,1251,5824,0.044189453125,-42.521219968795776,0.0036882663116557524,0.0056719314,0.2,0.0004092704424510632,0.2359461486339569,0.7873920798301697,0.9584258794784546,1.343989240936935,-2.06748454,1258.0
72,29,187392,1250,5840,0.2603759765625,-42.515939116477966,-0.026894676935626194,0.021211859,0.2,0.0004092704424510632,-0.03385118767619133,-0.5852440595626831,0.9583939909934998,0.002434465535770869,-2.06748454,1258.0
73,29,187904,1250,5856,0.139892578125,-42.51888060569763,-0.01691305159329204,0.0135133,0.2,0.0004092704424510632,-0.0018683671951293945,0.8451511263847351,0.9590717554092407,0.07155391434207559,-2.0671313199999997,1258.0
74,30,188416,1250,5872,0.025634765625,-42.532970547676086,-0.009667535865446553,0.0076462594,0.2,0.0004092704424510632,0.09385441988706589,0.40607351064682007,0.9591972827911377,2.019000212661922,-2.0671313199999997,1258.0
75,30,188928,1250,5888,0.25439453125,-42.54756772518158,-0.028662533732131124,0.018884987,0.2,0.0004092704424510632,-0.040633685886859894,-0.5958136320114136,0.9605412483215332,0.005440940825792495,-2.0637622199999996,1258.0
76,31,189440,1249,5904,0.0853271484375,-42.572837233543396,-0.008741516052396037,0.008574307,0.2,0.0004092704424510632,0.1393558531999588,0.6900119781494141,0.9608116149902344,1.5023831110447645,-2.0637622199999996,1258.0
77,31,189952,1247,5920,0.2535400390625,-42.573251843452454,-0.02315705583896488,0.020989992,0.2,0.0004092704424510632,-0.022403080016374588,-0.48621511459350586,0.9609655737876892,0.0034849545918405056,-2.0637622199999996,1258.0
78,32,190464,1247,5936,0.0579833984375,-42.572147369384766,0.0038614096702076495,0.0064232303,0.2,0.0004092704424510632,0.18756909668445587,0.7878599166870117,0.960927426815033,1.092266632243991,-2.0646976599999998,1258.0
79,32,190976,1246,5952,0.2464599609375,-42.59058451652527,-0.021176117261347827,0.029106308,0.2,0.0004092704424510632,-0.03177003189921379,0.9872240424156189,0.9622936844825745,0.012244326004292816,-2.0646976599999998,1258.0
80,32,191488,1246,5968,0.25,-42.61083805561066,-0.02423489189823158,0.02609339,0.2,0.0004092704424510632,-0.03239143267273903,0.5038483142852783,0.961161196231842,0.015658668271498755,-2.06485188,1258.0
81,33,192000,1246,5984,0.027587890625,-42.58144986629486,-0.005032986780861393,0.005757646,0.2,0.0004092704424510632,0.12366635352373123,0.7859327793121338,0.960765540599823,0.8736096862703562,-2.06485188,1258.0
82,33,192512,1246,6000,0.2694091796875,-42.572155237197876,-0.025696224183775485,0.021921787,0.2,0.0004092704424510632,-0.017270401120185852,-1.0904130935668945,0.960506021976471,0.013610232999781147,-2.06255487,1258.0
83,34,193024,1246,6016,0.0135498046875,-42.569321274757385,-0.0011831463925773278,0.0037756911,0.2,0.0004092704424510632,0.2670351266860962,0.8452404737472534,0.9605319499969482,1.1957949548959732,-2.06255487,1258.0
84,34,193536,1246,6032,0.26416015625,-42.56842291355133,-0.026493360433960333,0.022363437,0.2,0.0004092704424510632,-0.03772837668657303,-5.2136149406433105,0.9604402780532837,0.004773927703354275,-2.06255487,1258.0
85,34,194048,1246,6048,0.270263671875,-42.53985834121704,-0.025902119668899104,0.019222073,0.2,0.0004092704424510632,-0.03549744561314583,0.41754406690597534,0.958290159702301,0.003591792432416696,-2.06445504,1258.0
86,35,194560,1246,6064,0.002685546875,-42.47942888736725,0.0018523401522543281,0.002234402,0.2,0.0004092704424510632,0.2567141056060791,0.5733655691146851,0.9576722979545593,1.9493096619844437,-2.06445504,1258.0
87,35,195072,1246,6080,0.31689453125,-42.465399622917175,-0.03203948827285785,0.024834713,0.2,0.0004092704424510632,-0.04387728124856949,0.5600234866142273,0.9565274119377136,0.004085535721969791,-2.06293886,1258.0
88,36,195584,1246,6096,0.0013427734375,-42.42836856842041,-0.0003339309187140316,0.00227283,0.2,0.0004092704424510632,0.45541617274284363,0.5766597986221313,0.9559205770492554,1.8767513120546937,-2.06293886,1258.0
89,36,196096,1246,6112,0.2943115234375,-42.44601833820343,-0.028849699097918347,0.028465476,0.2,0.0004092704424510632,-0.041258081793785095,-0.2603656053543091,0.9577311873435974,0.003973928156483453,-2.06293886,1258.0
90,36,196608,1246,6128,0.1951904296875,-42.502824902534485,-0.02370712859556079,0.020322058,0.2,0.0004092704424510632,-0.0102621428668499,0.7888199090957642,0.9592934250831604,0.07974773191381246,-2.06305355,1258.0
91,37,197120,1246,6144,0.019775390625,-42.53679168224335,-0.005867659812793136,0.009019962,0.2,0.0004092704424510632,0.09944282472133636,0.5884213447570801,0.9596432447433472,1.46925357170403,-2.06305355,1258.0
92,37,197632,1246,6160,0.27294921875,-42.55398750305176,-0.028163135837530717,0.020847835,0.2,0.0004092704424510632,-0.02609626203775406,0.21536225080490112,0.9605410695075989,0.01866221518139355,-2.0609770999999997,1258.0
93,38,198144,1246,6176,0.0345458984375,-42.57887852191925,-0.00944269253523089,0.008751228,0.2,0.0004092704424510632,0.15016239881515503,0.7830986380577087,0.9608213901519775,1.24818467348814,-2.0609770999999997,1258.0
94,38,198656,1246,6192,0.243896484375,-42.583104968070984,-0.022706216710503213,0.016641486,0.2,0.0004092704424510632,-0.026219503954052925,0.12369471788406372,0.9612652063369751,0.004997183597879484,-2.0609770999999997,1258.0
95,39,199168,1245,6208,0.095458984375,-42.58538055419922,-0.015661498691770248,0.013301967,0.2,0.0004092704424510632,0.10561034083366394,0.8513861894607544,0.9612517952919006,0.23347437754273415,-2.06122311,1258.0
96,39,199680,1245,6224,0.0,-42.582321882247925,-0.0031961113345460035,0.0015228663,0.2,0.0004092704424510632,0.08318684250116348,0.6032959222793579,0.9612187147140503,1.80826322035864,-2.06122311,1258.0
97,39,200192,1245,6240,0.2119140625,-42.58426523208618,-0.023535014246590436,0.02092532,0.2,0.0004092704424510632,0.017493274062871933,0.5282880067825317,0.9611977934837341,0.09040132258087397,-2.0592546900000004,1258.0
98,40,200704,1246,6256,0.0303955078125,-42.58845579624176,-0.006942153871932533,0.00880615,0.2,0.0004092704424510632,0.16005215048789978,0.7717930674552917,0.9612979292869568,1.1398976119235158,-2.0592546900000004,1258.0
99,40,201216,1245,6272,0.2735595703125,-42.58472955226898,-0.027331604367645923,0.019223038,0.2,0.0004092704424510632,-0.0382731631398201,-1.681990623474121,0.9610217213630676,0.009575887859682553,-2.0592546900000004,1258.0
100,41,201728,1245,6288,0.090576171875,-42.56744623184204,-0.014187690139806364,0.01599499,0.2,0.0004092704424510632,0.06600628793239594,0.8698479533195496,0.9604713916778564,0.2021190426312387,-2.05958695,1258.0
101,41,202240,1245,6304,0.019775390625,-42.55120897293091,-0.007307168911211193,0.00859184,0.2,0.0004092704424510632,0.08000883460044861,0.7062615156173706,0.9600279927253723,0.7727203639224172,-2.05958695,1258.0
102,41,202752,1244,6320,0.2557373046875,-42.545893907547,-0.024937066133134067,0.02112919,0.2,0.0004092704424510632,-0.02655307576060295,-0.2983754873275757,0.9602198600769043,0.02300115695106797,-2.05784365,1258.0
103,42,203264,1244,6336,0.0137939453125,-42.548229575157166,-0.0010114560718648136,0.004536953,0.2,0.0004092704424510632,0.8128997683525085,0.8177834749221802,0.9602352380752563,1.621924951672554,-2.05784365,1258.0
104,42,203776,1244,6352,0.2525634765625,-42.54602873325348,-0.027243103137152502,0.022236891,0.2,0.0004092704424510632,-0.03474535793066025,-3.253754138946533,0.9602805376052856,0.013282177242217585,-2.05784365,1258.0
105,43,204288,1244,6368,0.0167236328125,-42.54016697406769,-0.0055938948498805985,0.005001284,0.2,0.0004092704424510632,0.1977916955947876,0.7319632768630981,0.9602084755897522,0.8696755515411496,-2.055214,1258.0
106,43,204800,1244,6384,0.2940673828125,-42.52215504646301,-0.02760773450427223,0.035762087,0.2,0.0004092704424510632,-0.0347026064991951,0.9865136742591858,0.9591156244277954,0.027443371480330825,-2.055214,1258.0
107,44,205312,1244,6400,0.2230224609375,-42.48434591293335,-0.02025949940434657,0.017913125,0.2,0.0004092704424510632,-0.028214262798428535,0.2591093182563782,0.9576241374015808,0.017871729884063825,-2.05254931,1258.0
108,44,205824,1244,6416,0.0250244140625,-42.44464588165283,-0.008188182779122144,0.0069196946,0.2,0.0004092704424510632,0.1317652314901352,0.7569842338562012,0.9571781754493713,1.1937642190605402,-2.05254931,1258.0
109,44,206336,1244,6432,0.3336181640625,-42.430795073509216,-0.03274447578587569,0.02621224,0.2,0.0004092704424510632,-0.03620155155658722,0.47678279876708984,0.9563789963722229,0.014289126265794039,-2.0496795700000003,1258.0
110,45,206848,1244,6448,0.0191650390625,-42.39482796192169,0.00020775326993316412,0.003948531,0.2,0.0004092704424510632,0.3110574781894684,0.8144558668136597,0.9559941291809082,1.2390214605256915,-2.0496795700000003,1258.0
111,45,207360,1244,6464,0.303466796875,-42.387552976608276,-0.026574207906378433,0.024973182,0.2,0.0004092704424510632,-0.0407182015478611,-4.005931854248047,0.9556962847709656,0.002448279297823319,-2.0496795700000003,1258.0
112,46,207872,1243,6480,0.2066650390625,-42.3729305267334,-0.024747482617385685,0.014478512,0.2,0.0004092704424510632,-0.030134262517094612,0.3021066188812256,0.9550874829292297,0.002707661267777439,-2.0492669000000006,1258.0
113,46,208384,1243,6496,0.0166015625,-42.348872780799866,-0.0032863954838830978,0.0044838227,0.2,0.0004092704424510632,0.3357091248035431,0.6386405825614929,0.954658031463623,2.7272303625941277,-2.0492669000000006,1258.0
114,46,208896,1243,6512,0.2410888671875,-42.341874957084656,-0.022391502803657204,0.019827757,0.2,0.0004092704424510632,-0.026359982788562775,0.4979371428489685,0.9540740251541138,0.0038229252459132113,-2.04774701,1258.0
115,47,209408,1243,6528,0.015869140625,-42.32609152793884,-0.005666707453201525,0.0062545566,0.2,0.0004092704424510632,0.22933100163936615,0.7051323056221008,0.9536511301994324,1.5077971341088414,-2.04774701,1258.0
116,47,209920,1243,6544,0.2518310546875,-42.287808656692505,-0.029127267058356665,0.019900039,0.2,0.0004092704424510632,-0.04812905564904213,-0.41265738010406494,0.9515279531478882,0.0017104155558627099,-2.04774701,1258.0
117,48,210432,1243,6560,0.2423095703125,-42.22491979598999,-0.025482196404482238,0.018165536,0.2,0.0004092704424510632,-0.01739998534321785,0.7064266204833984,0.9509648084640503,0.048827883147168905,-2.04389746,1258.0
118,48,210944,1243,6576,0.0048828125,-42.21860873699188,-0.0021044478999101557,0.0032813468,0.2,0.0004092704424510632,0.1572420597076416,0.7310106754302979,0.951028048992157,1.2997998474165797,-2.04389746,1258.0
119,48,211456,1243,6592,0.2501220703125,-42.24757719039917,-0.025473016445175745,0.01902191,0.2,0.0004092704424510632,-0.038689881563186646,-0.4529399871826172,0.9531447887420654,0.009286785119911656,-2.0430237,1258.0
120,49,211968,1243,6608,0.00634765625,-42.297173619270325,-0.0030435631269938312,0.0033086226,0.2,0.0004092704424510632,0.19876545667648315,0.8015092611312866,0.9537599682807922,1.707008765079081,-2.0430237,1258.0
121,49,212480,1243,6624,0.2645263671875,-42.300737261772156,-0.02871926523221191,0.01884196,0.2,0.0004092704424510632,-0.04153132438659668,-3.035325050354004,0.9534621834754944,0.002311339216248598,-2.0430237,1258.0
122,50,212992,1243,6640,0.19140625,-42.29544019699097,-0.02151377612608485,0.020444067,0.2,0.0004092704424510632,-0.02210254780948162,0.7662982940673828,0.9534668922424316,0.06224422814557329,-2.0424032999999997,1258.0
123,50,213504,1243,6656,0.0146484375,-42.296645760536194,-0.0002473725216987077,0.0026651858,0.2,0.0004092704424510632,0.10979758203029633,0.5348498225212097,0.953510046005249,2.1935214046388865,-2.0424032999999997,1258.0
124,51,214016,1243,6672,0.2861328125,-42.27113497257233,-0.03253972646780312,0.02041265,0.2,0.0004092704424510632,-0.03372708708047867,0.45013725757598877,0.9516249299049377,0.014179078687448055,-2.0411979999999996,1258.0
125,51,214528,1240,6688,0.014404296875,-42.23117649555206,-0.0065387881913920864,0.0059909476,0.2,0.0004092704424510632,0.19899925589561462,0.7900779843330383,0.9511708617210388,1.568210613913834,-2.0411979999999996,1258.0
126,51,215040,1240,6704,0.3377685546875,-42.22678196430206,-0.03529032861115411,0.026048582,0.2,0.0004092704424510632,-0.043785758316516876,-0.2344646453857422,0.9514093995094299,0.0023161986537161283,-2.0411979999999996,1258.0
127,52,215552,1240,6720,0.2076416015625,-42.227184891700745,-0.021131135043106042,0.016651131,0.2,0.0004092704424510632,0.007433705031871796,0.8931405544281006,0.9507768750190735,0.09659795742481947,-2.0380070099999994,1258.0
128,52,216064,1240,6736,0.0242919921875,-42.207202315330505,-0.010398101134342141,0.010844443,0.2,0.0004092704424510632,0.038015708327293396,0.8067042827606201,0.950390636920929,0.6091626645065844,-2.0380070099999994,1258.0
129,53,216576,1240,6752,0.2542724609375,-42.201494216918945,-0.028844090324128047,0.02757131,0.2,0.0004092704424510632,0.0200064517557621,0.6056469678878784,0.9503337740898132,0.10315560549497604,-2.03561269,1258.0
130,53,217088,1240,6768,0.0030517578125,-42.20133399963379,-0.00507111732440535,0.0040347893,0.2,0.0004092704424510632,0.15263031423091888,0.8358447551727295,0.9503293633460999,1.393581947311759,-2.03561269,1258.0
131,54,217600,1240,6784,0.2930908203125,-42.17690992355347,-0.032127489161212,0.020709509,0.2,0.0004092704424510632,-0.04307902604341507,-0.8632354736328125,0.9484207630157471,0.0093316524871625,-2.03561269,1258.0
132,54,218112,1240,6800,0.0416259765625,-42.111343026161194,-0.005227511988778133,0.008223617,0.2,0.0004092704424510632,0.25105342268943787,0.894399881362915,0.9476273655891418,0.6131330979987979,-2.03346647,1258.0
133,54,218624,1240,6816,0.256591796875,-42.10625445842743,-0.02302705543115735,0.027133718,0.2,0.0004092704424510632,-0.02051454782485962,0.9842337369918823,0.9480940699577332,0.043916573660681024,-2.03346647,1258.0
134,55,219136,1240,6832,0.1153564453125,-42.1246098279953,-0.013017517630942166,0.016091943,0.2,0.0004092704424510632,0.14972341060638428,0.5292479991912842,0.9484707713127136,0.34899441339075565,-2.0309854,1258.0
135,55,219648,1240,6848,0.0609130859375,-42.127389550209045,-0.01257371887913905,0.015067361,0.2,0.0004092704424510632,0.08700691163539886,0.8199076652526855,0.9485493898391724,0.8716063764877617,-2.0309854,1258.0
136,56,220160,1240,6864,0.2218017578125,-42.130372762680054,-0.02039671881357208,0.017107256,0.2,0.0004092704424510632,-0.012674456462264061,0.027301311492919922,0.9483031630516052,0.06435700692236423,-2.02997234,1258.0
137,56,220672,1240,6880,0.0147705078125,-42.12600302696228,-0.004666672495659441,0.0049454663,0.2,0.0004092704424510632,0.26610618829727173,0.8602285385131836,0.9480891227722168,1.067004395648837,-2.02997234,1258.0
138,56,221184,1240,6896,0.304931640625,-42.111623644828796,-0.028318205077084713,0.022066694,0.2,0.0004092704424510632,-0.03222320228815079,-4.761887073516846,0.9472759962081909,0.01080717881268356,-2.02997234,1258.0
139,57,221696,1239,6912,0.250244140625,-42.09671211242676,-0.02436288660101127,0.01914848,0.2,0.0004092704424510632,-0.02885882556438446,0.47319263219833374,0.9470471143722534,0.003034914767340524,-2.02756389,1258.0
140,57,222208,1240,6928,0.003662109375,-42.09921145439148,-0.003991621779277921,0.0036221866,0.2,0.0004092704424510632,0.24802753329277039,0.6900933384895325,0.9471185803413391,2.0265238005667925,-2.02756389,1258.0
141,58,222720,1239,6944,0.351806640625,-42.1058669090271,-0.035913291954784654,0.0336351,0.2,0.0004092704424510632,-0.04907001927495003,0.21516472101211548,0.9473361968994141,0.006096770201111212,-2.0248699500000003,1258.0
142,58,223232,1239,6960,0.0086669921875,-42.1237713098526,-0.0003315285939606838,0.0032661222,0.2,0.0004092704424510632,0.1704239845275879,0.8290040493011475,0.9472742676734924,1.1486738007515669,-2.0248699500000003,1258.0
143,59,223744,1239,6976,0.1787109375,-42.12477135658264,-0.019484957301756367,0.012155654,0.2,0.0004092704424510632,-0.02737685665488243,-5.500304222106934,0.9475902915000916,0.0028698358983092476,-2.0248699500000003,1258.0
144,59,224256,1239,6992,0.2879638671875,-42.131054162979126,-0.029807324564899318,0.021338824,0.2,0.0004092704424510632,-0.04783139377832413,0.6657756567001343,0.9474441409111023,0.011942340614041314,-2.02449382,1258.0
145,59,224768,1239,7008,0.0322265625,-42.1185919046402,-0.0065696370584191754,0.007337101,0.2,0.0004092704424510632,0.18939682841300964,0.6924233436584473,0.9471567273139954,1.2750703170895576,-2.02449382,1258.0
146,60,225280,1239,7024,0.247314453125,-42.10515356063843,-0.01973014188115485,0.0150678065,0.2,0.0004092704424510632,-0.02566380612552166,0.011415183544158936,0.9464332461357117,0.002790223923511803,-2.0215233199999996,1258.0
147,60,225792,1239,7040,0.000732421875,-42.09029769897461,-0.0009973511114367284,0.002537488,0.2,0.0004092704424510632,0.7006469368934631,0.7614250183105469,0.9462456107139587,1.3944560158997774,-2.0215233199999996,1258.0
1,0,226304,3958,7056,0.27587890625,-42.10452497005463,-0.023390818299958482,0.018977076,0.2,0.0004092704424510632,-0.027569450438022614,0.11474442481994629,0.9475571513175964,0.0014482396327366587,-2.0215233199999996,1258.0
2,0,226816,1866,7072,0.2127685546875,-42.13600778579712,-0.023167615610873327,0.01729206,0.2,0.0004092704424510632,-0.0012077167630195618,0.7924358248710632,0.9480187296867371,0.0798943490954116,-2.02091379,1258.0
3,0,227328,1587,7088,0.01953125,-42.14151072502136,-0.005613009641820099,0.004667307,0.2,0.0004092704424510632,0.15425539016723633,0.7018038034439087,0.9480482935905457,0.9255781206302345,-2.02091379,1258.0
4,1,227840,1477,7104,0.3079833984375,-42.15113437175751,-0.031223736266838387,0.024379492,0.2,0.0004092704424510632,-0.04282717779278755,0.28151071071624756,0.9484532475471497,0.013432913459837437,-2.01809059,1258.0
5,1,228352,1431,7120,0.000732421875,-42.15728950500488,-0.0034306342276977375,0.003181431,0.2,0.0004092704424510632,0.16860678791999817,0.8113371133804321,0.9484389424324036,1.1748515954241157,-2.01809059,1258.0
6,2,228864,1396,7136,0.2696533203125,-42.16998219490051,-0.029000349080888554,0.018709041,0.2,0.0004092704424510632,-0.03242757171392441,0.08093070983886719,0.9496964812278748,0.004270229932444636,-2.01809059,1258.0
7,2,229376,1364,7152,0.0955810546875,-42.19083046913147,-0.01833379757590592,0.014521822,0.2,0.0004092704424510632,0.04272296279668808,0.8821873068809509,0.9498786330223083,0.19161300221458077,-2.0143412000000005,1258.0
8,3,229888,1345,7168,0.001708984375,-42.19101631641388,-0.006254389998503029,0.0038739357,0.2,0.0004092704424510632,0.04792139679193497,0.7551302909851074,0.9500035047531128,0.8781001346651465,-2.0143412000000005,1258.0
9,3,230400,1332,7184,0.2977294921875,-42.19981801509857,-0.03111313517729286,0.023015004,0.2,0.0004092704424510632,-0.029654841870069504,0.4624904990196228,0.9502661824226379,0.01516592051484622,-2.01501957,1258.0
10,3,230912,1325,7200,0.0350341796875,-42.2018438577652,-0.0006009313801769167,0.0050923014,0.2,0.0004092704424510632,0.1472015380859375,0.8017607927322388,0.950331449508667,1.0533067369833589,-2.01501957,1258.0
11,4,231424,1317,7216,0.2352294921875,-42.19851887226105,-0.025582614325685427,0.014267422,0.2,0.0004092704424510632,-0.02828659862279892,-1.0887987613677979,0.9503050446510315,0.002508962596039055,-2.01501957,1258.0
12,4,231936,1311,7232,0.26123046875,-42.17840659618378,-0.023478773306123912,0.026935607,0.2,0.0004092704424510632,0.0049549974501132965,0.7442878484725952,0.9491822719573975,0.0755978834349662,-2.01314911,1258.0
13,5,232448,1305,7248,0.04541015625,-42.146470069885254,-0.003898709444911219,0.011143824,0.2,0.0004092704424510632,-0.008677871897816658,0.6008352041244507,0.9484179615974426,0.6413307598559186,-2.01314911,1258.0
14,5,232960,1299,7264,0.27587890625,-42.114988803863525,-0.02778164234769065,0.016921462,0.2,0.0004092704424510632,-0.03525633364915848,0.1497015357017517,0.9473944902420044,0.008350856965989806,-2.01217948,1258.0
15,5,233472,1295,7280,0.043701171875,-42.08696627616882,-0.01070256378443446,0.011191601,0.2,0.0004092704424510632,0.2907821536064148,0.7336088418960571,0.9471768736839294,1.6506478269584477,-2.01217948,1258.0
16,6,233984,1290,7296,0.281982421875,-42.08228302001953,-0.028055370043148287,0.019828023,0.2,0.0004092704424510632,-0.038957707583904266,-0.33283519744873047,0.9471281170845032,0.00522880042262841,-2.01217948,1258.0
17,6,234496,1287,7312,0.0269775390625,-42.08319938182831,-0.0009339657408418134,0.0051607247,0.2,0.0004092704424510632,0.17505130171775818,0.8519037365913391,0.947038471698761,0.9820606773719192,-2.00940967,1258.0
18,7,235008,1284,7328,0.2490234375,-42.075260639190674,-0.01644126113387756,0.021534272,0.2,0.0004092704424510632,-0.023523394018411636,0.9648676514625549,0.9469116926193237,0.023035634701955132,-2.00940967,1258.0
19,7,235520,1281,7344,0.2823486328125,-42.06368148326874,-0.028284863219596446,0.01940508,0.2,0.0004092704424510632,-0.03445960208773613,0.642876148223877,0.9463337063789368,0.010607947770040482,-2.00746175,1258.0
20,8,236032,1278,7360,0.0396728515625,-42.03809356689453,-0.0033366006246069446,0.0072878976,0.2,0.0004092704424510632,0.11178172379732132,0.7534120082855225,0.9460776448249817,1.0502248462289572,-2.00746175,1258.0
21,8,236544,1276,7376,0.3013916015625,-42.031893610954285,-0.028822095540817827,0.026214322,0.2,0.0004092704424510632,-0.04326949641108513,0.08266830444335938,0.9462940692901611,0.008929475239710882,-2.00738543,1258.0
22,8,237056,1274,7392,0.0152587890625,-42.05009984970093,-0.0004723888559965417,0.0043370277,0.2,0.0004092704424510632,0.5008655786514282,0.8330862522125244,0.9466761946678162,1.3280056612566113,-2.00738543,1258.0
23,9,237568,1271,7408,0.2392578125,-42.06420648097992,-0.022012717097823042,0.016207004,0.2,0.0004092704424510632,-0.02569165639579296,-1.401770830154419,0.9473552107810974,0.0020591651627910323,-2.00738543,1258.0
24,9,238080,1269,7424,0.22802734375,-42.087637305259705,-0.02285421652777586,0.021739732,0.2,0.0004092704424510632,0.0007963217794895172,0.6206820011138916,0.9479963183403015,0.055726736318320036,-2.0082140299999995,1258.0
25,10,238592,1268,7440,0.005859375,-42.09265434741974,-0.003334670778713189,0.0037482737,0.2,0.0004092704424510632,0.7189010977745056,0.7824704051017761,0.9478945732116699,1.4899425590410829,-2.0082140299999995,1258.0
26,10,239104,1267,7456,0.17431640625,-42.078521966934204,-0.016299226001137868,0.018246248,0.2,0.0004092704424510632,0.021971238777041435,0.6151361465454102,0.947031557559967,0.09220224595628679,-2.0057411299999997,1258.0
27,10,239616,1265,7472,0.0069580078125,-42.05139935016632,-0.0048499827535124496,0.0039548804,0.2,0.0004092704424510632,0.43064311146736145,0.5865437984466553,0.9467884302139282,1.7431382918730378,-2.0057411299999997,1258.0
28,11,240128,1264,7488,0.239501953125,-42.029388427734375,-0.025357083744893316,0.023069885,0.2,0.0004092704424510632,-0.013210618868470192,-0.20765161514282227,0.9448044896125793,0.04031483212020248,-2.0057411299999997,1258.0
29,11,240640,1263,7504,0.122802734375,-41.970179319381714,-0.016883192685781978,0.019761821,0.2,0.0004092704424510632,0.17103204131126404,0.8704882860183716,0.9438779950141907,0.2838430008850992,-2.00582927,1258.0
30,12,241152,1262,7520,0.0008544921875,-41.959076166152954,-0.004800879556569271,0.0030913209,0.2,0.0004092704424510632,0.08337967842817307,0.7979938387870789,0.9437615275382996,1.0491483490914106,-2.00582927,1258.0
31,12,241664,1261,7536,0.256591796875,-41.96455419063568,-0.02447679452598095,0.01786597,0.2,0.0004092704424510632,-0.003930453211069107,0.5674938559532166,0.9445441961288452,0.04985498613677919,-2.00367191,1258.0
32,12,242176,1260,7552,0.0301513671875,-41.98138880729675,-0.00674279219674645,0.0076239696,0.2,0.0004092704424510632,0.11914584040641785,0.8516495823860168,0.9448419213294983,0.9261053930968046,-2.00367191,1258.0
33,13,242688,1259,7568,0.29736328125,-41.93877100944519,-0.03170561516890302,0.018920489,0.2,0.0004092704424510632,-0.04682097211480141,0.05730539560317993,0.9413672685623169,0.007199963554739952,-2.00367191,1258.0
34,13,243200,1259,7584,0.0821533203125,-41.83432936668396,-0.014394647478184197,0.012463257,0.2,0.0004092704424510632,0.0938059613108635,0.8998083472251892,0.9403857588768005,0.28498870646581054,-2.0016445899999997,1258.0
35,14,243712,1258,7600,0.003662109375,-41.82850539684296,-0.007012979709543288,0.004807491,0.2,0.0004092704424510632,0.031024258583784103,0.8343036770820618,0.9404008984565735,0.7329367147758603,-2.0016445899999997,1258.0
36,14,244224,1257,7616,0.23828125,-41.816731095314026,-0.02378500727354549,0.017799359,0.2,0.0004092704424510632,-0.007119566202163696,0.6111836433410645,0.9398207068443298,0.07824266015086323,-1.9989825099999998,1258.0
37,15,244736,1256,7632,0.0252685546875,-41.801133036613464,-0.0031842418684391305,0.007049977,0.2,0.0004092704424510632,0.09304333478212357,0.8289295434951782,0.939594566822052,0.8928542719222605,-1.9989825099999998,1258.0
38,15,245248,1255,7648,0.278076171875,-41.78967726230621,-0.028205076130689122,0.018979732,0.2,0.0004092704424510632,-0.034327082335948944,0.2727557420730591,0.9391575455665588,0.016090742952656,-1.9989825099999998,1258.0
39,15,245760,1255,7664,0.124755859375,-41.78566777706146,-0.01770151538948994,0.021842357,0.2,0.0004092704424510632,0.12143497914075851,0.8925741910934448,0.9389451742172241,0.357666190713644,-2.00327061,1258.0
40,16,246272,1254,7680,0.0748291015625,-41.77975368499756,-0.009615964678232558,0.022387054,0.2,0.0004092704424510632,0.002373764291405678,0.7598969340324402,0.9388707876205444,0.6675625848583877,-2.00327061,1258.0
41,16,246784,1253,7696,0.2818603515625,-41.80335533618927,-0.023719853183138184,0.018609423,0.2,0.0004092704424510632,-0.031392358243465424,0.11065584421157837,0.9406265020370483,0.01374142273562029,-2.00089058,1258.0
42,17,247296,1253,7712,0.0599365234375,-41.861735463142395,-0.007078904192894697,0.01206547,0.2,0.0004092704424510632,0.4323102831840515,0.7802728414535522,0.9412587881088257,1.1835836917161942,-2.00089058,1258.0
43,17,247808,1252,7728,0.2984619140625,-41.876131892204285,-0.03153652194305323,0.021578915,0.2,0.0004092704424510632,-0.043581556528806686,-0.7336244583129883,0.9421839118003845,0.0031409304610861,-2.00089058,1258.0
44,17,248320,1252,7744,0.0380859375,-41.8862487077713,-0.009580440440913662,0.008391644,0.2,0.0004092704424510632,0.17797274887561798,0.7758327126502991,0.9421757459640503,0.9166216561570764,-1.9985828599999997,1258.0
45,18,248832,1251,7760,0.391357421875,-41.87021565437317,-0.03119636166957207,0.057411235,0.2,0.0004092704424510632,-0.038848377764225006,0.9913280010223389,0.941133439540863,0.019217416484025307,-1.9985828599999997,1258.0
46,18,249344,1251,7776,0.232177734375,-41.83359777927399,-0.018254676659125835,0.0134946145,0.2,0.0004092704424510632,-0.0038992147892713547,0.6430033445358276,0.940265417098999,0.04756171361077577,-1.99637811,1258.0
47,19,249856,1250,7792,0.032958984375,-41.81997287273407,-0.008980761631391943,0.008877495,0.2,0.0004092704424510632,0.0936339721083641,0.82295161485672,0.9401072859764099,0.7806279789656401,-1.99637811,1258.0
48,19,250368,1250,7808,0.269287109375,-41.81291604042053,-0.025054429657757282,0.020156942,0.2,0.0004092704424510632,-0.023430556058883667,0.6326744556427002,0.9397805333137512,0.02727786370087415,-1.99443028,1258.0
49,20,250880,1248,7824,0.00732421875,-41.81397271156311,-0.0017494729399913922,0.00463294,0.2,0.0004092704424510632,0.2168681025505066,0.7003536820411682,0.9400056600570679,1.4434466203674674,-1.99443028,1258.0
50,20,251392,1248,7840,0.208984375,-41.84274935722351,-0.02067823441757355,0.015407052,0.2,0.0004092704424510632,-0.03347334638237953,-2.3718481063842773,0.9418527483940125,0.008622166904387996,-1.99443028,1258.0
51,20,251904,1247,7856,0.2073974609375,-41.89811623096466,-0.020767609676113352,0.016245116,0.2,0.0004092704424510632,-0.029454562813043594,0.7552809119224548,0.9423686265945435,0.008816126486635767,-1.9965062799999997,1258.0
52,21,252416,1246,7872,0.00634765625,-41.89865720272064,-0.009112817497225478,0.0047280034,0.2,0.0004092704424510632,0.16628628969192505,0.791650652885437,0.9422873258590698,0.9703051531687379,-1.9965062799999997,1258.0
53,21,252928,1245,7888,0.2911376953125,-41.90710437297821,-0.029885501484386623,0.022884257,0.2,0.0004092704424510632,-0.0281669944524765,0.7040026187896729,0.9431471228599548,0.01931902638170868,-1.9959056000000002,1258.0
54,22,253440,1245,7904,0.005615234375,-41.92003071308136,-0.0018475272081559524,0.0051368373,0.2,0.0004092704424510632,0.12975099682807922,0.8302579522132874,0.9433286786079407,0.9490754827857018,-1.9959056000000002,1258.0
55,22,253952,1244,7920,0.2379150390625,-41.93166184425354,-0.027242082258453593,0.021622814,0.2,0.0004092704424510632,-0.03473290055990219,-1.4613029956817627,0.9446961283683777,0.002509877045667963,-1.9959056000000002,1258.0
56,23,254464,1243,7936,0.22412109375,-41.95163071155548,-0.022603413264732808,0.022421747,0.2,0.0004092704424510632,-0.007050033658742905,0.7475627660751343,0.9442799091339111,0.09009465482085943,-1.9984810299999998,1258.0
57,23,254976,1242,7952,0.01171875,-41.93172633647919,-0.0047554375196341425,0.0050791,0.2,0.0004092704424510632,0.08871536701917648,0.795911431312561,0.9440262317657471,1.160651725716889,-1.9984810299999998,1258.0
58,23,255488,1241,7968,0.31396484375,-41.95302855968475,-0.030441316805081442,0.023297153,0.2,0.0004092704424510632,-0.02383178099989891,0.6147799491882324,0.9458242654800415,0.03735891019459814,-1.99894344,1258.0
59,24,256000,1241,7984,0.0155029296875,-42.01258361339569,-0.005392083905462641,0.0069152554,0.2,0.0004092704424510632,0.1382123827934265,0.8123729228973389,0.946412980556488,0.8949908227659762,-1.99894344,1258.0
60,24,256512,1241,8000,0.22900390625,-42.02136671543121,-0.02311493932211306,0.018336166,0.2,0.0004092704424510632,-0.03315824642777443,-0.6244014501571655,0.9466487765312195,0.002865085218218155,-1.99894344,1258.0
61,25,257024,1240,8016,0.154052734375,-42.02461326122284,-0.019771697305259295,0.02075519,0.2,0.0004092704424510632,0.03195057809352875,0.867076575756073,0.9467782378196716,0.18948242906481028,-1.9976201199999997,1258.0
62,25,257536,1240,8032,0.001953125,-42.02201569080353,-0.006451840090448968,0.0037859553,0.2,0.0004092704424510632,0.060254666954278946,0.8272709846496582,0.9466829895973206,0.978480095975101,-1.9976201199999997,1258.0
63,26,258048,1240,8048,0.2645263671875,-42.003878355026245,-0.025435869189095683,0.022305476,0.2,0.0004092704424510632,0.0012112967669963837,0.6433032155036926,0.9457861185073853,0.08014178276062012,-1.9952437399999996,1258.0
64,26,258560,1239,8064,0.01220703125,-41.98537480831146,-0.007263212231919169,0.005787338,0.2,0.0004092704424510632,0.21882852911949158,0.8205435276031494,0.9454852938652039,1.000994653441012,-1.9952437399999996,1258.0
65,26,259072,1239,8080,0.27294921875,-41.97258114814758,-0.028938430623384193,0.019351386,0.2,0.0004092704424510632,-0.03415786847472191,0.37299251556396484,0.9450250267982483,0.007780935746268369,-1.9952437399999996,1258.0
66,27,259584,1238,8096,0.146484375,-41.966105341911316,-0.01593073963886127,0.023195766,0.2,0.0004092704424510632,0.09874828159809113,0.9305809140205383,0.9450920820236206,0.24616128206253052,-1.9955840099999997,1258.0
67,27,260096,1238,8112,0.0162353515625,-41.972726702690125,-0.007135908061172813,0.0071095442,0.2,0.0004092704424510632,0.016768833622336388,0.868689775466919,0.9452125430107117,0.5627995510585606,-1.9955840099999997,1258.0
68,28,260608,1238,8128,0.1876220703125,-41.981836438179016,-0.018223838080302812,0.022590138,0.2,0.0004092704424510632,0.0519837811589241,0.7648387551307678,0.9456050992012024,0.14646445540711284,-1.9950037399999996,1258.0
69,28,261120,1238,8144,0.0498046875,-41.99285173416138,-0.013773691127425991,0.018349744,0.2,0.0004092704424510632,0.09516655653715134,0.8391029238700867,0.9457946419715881,0.7753524770960212,-1.9950037399999996,1258.0
70,28,261632,1238,8160,0.2515869140625,-41.97150194644928,-0.027320491688442416,0.013081544,0.2,0.0004092704424510632,-0.030599314719438553,0.49158358573913574,0.9441572427749634,0.04426285810768604,-1.9950037399999996,1258.0
71,29,262144,1238,8176,0.028564453125,-41.932125210762024,-0.004392835828184616,0.0063662347,0.2,0.0004092704424510632,0.21163803339004517,0.9217647910118103,0.9437385201454163,0.5781708415597677,-1.9944186199999998,1258.0
72,29,262656,1238,8192,0.2861328125,-41.92182767391205,-0.022569380889763124,0.029659407,0.2,0.0004092704424510632,-0.03434956818819046,0.989921510219574,0.9433985352516174,0.025216591107891873,-1.9944186199999998,1258.0
73,30,263168,1237,8208,0.1907958984375,-41.89889144897461,-0.017661031844909303,0.021466795,0.2,0.0004092704424510632,0.044201210141181946,0.6722850799560547,0.9432117938995361,0.17425161809660494,-1.9919984199999998,1258.0
74,30,263680,1236,8224,0.0546875,-41.89578628540039,-0.010702173371100798,0.012277882,0.2,0.0004092704424510632,0.16027824580669403,0.8506796360015869,0.9429534077644348,0.9118559556081891,-1.9919984199999998,1258.0
75,31,264192,1236,8240,0.2257080078125,-41.883188247680664,-0.021744234923971817,0.019742496,0.2,0.0004092704424510632,0.0052328407764434814,0.6845871210098267,0.9423792958259583,0.12290156236849725,-1.9919605800000002,1258.0
76,31,264704,1236,8256,0.004150390625,-41.86953675746918,-0.005467494447657373,0.003789368,0.2,0.0004092704424510632,0.21829400956630707,0.7330915331840515,0.9422193765640259,0.9844737965613604,-1.9919605800000002,1258.0
77,31,265216,1236,8272,0.2337646484375,-41.903629779815674,-0.026328694249968976,0.02021904,0.2,0.0004092704424510632,-0.024897195398807526,-3.388643741607666,0.9450016021728516,0.039323107164818794,-1.9919605800000002,1258.0
78,32,265728,1235,8288,0.23779296875,-41.968942761421204,-0.029519063944462687,0.018804323,0.2,0.0004092704424510632,-0.051139671355485916,0.6407692432403564,0.9443984627723694,0.003998130152467638,-1.99426608,1258.0
79,32,266240,1235,8304,0.016845703125,-41.94935441017151,-0.005996277875965461,0.0054045604,0.2,0.0004092704424510632,0.19687560200691223,0.7200111150741577,0.9440744519233704,1.2516067000105977,-1.99426608,1258.0
80,33,266752,1235,8320,0.25341796875,-41.976396560668945,-0.024668759331689216,0.019987646,0.2,0.0004092704424510632,-0.02368908002972603,0.2722463011741638,0.9460617899894714,0.005541719758184627,-1.9930151200000004,1258.0
81,33,267264,1235,8336,0.0599365234375,-42.02423453330994,-0.004998479453206528,0.008891765,0.2,0.0004092704424510632,0.13731417059898376,0.7980188727378845,0.9465373158454895,1.0014087771996856,-1.9930151200000004,1258.0
82,33,267776,1235,8352,0.302490234375,-42.02415359020233,-0.030343757127411664,0.022955295,0.2,0.0004092704424510632,-0.05469254031777382,-0.8261454105377197,0.9463832974433899,0.0037751287236460485,-1.9930151200000004,1258.0
83,34,268288,1235,8368,0.07275390625,-42.010327219963074,-0.009599631477613002,0.010494826,0.2,0.0004092704424510632,0.075621098279953,0.7068545818328857,0.9463348388671875,0.22898625186644495,-1.99035044,1258.0
84,34,268800,1235,8384,0.011474609375,-42.01147222518921,-0.010034544022346381,0.0068146884,0.2,0.0004092704424510632,0.11276641488075256,0.8233072757720947,0.9463912844657898,0.7164608230814338,-1.99035044,1258.0
85,35,269312,1235,8400,0.2877197265625,-42.00367593765259,-0.03073585832316894,0.022632312,0.2,0.0004092704424510632,-0.01176256313920021,0.299217164516449,0.9458506107330322,0.0718737990828231,-1.9897216300000002,1258.0
86,35,269824,1235,8416,0.0699462890625,-41.98533821105957,-0.006044094108801801,0.0094392765,0.2,0.0004092704424510632,0.1288732886314392,0.8292715549468994,0.9455925226211548,0.8333123382180929,-1.9897216300000002,1258.0
87,36,270336,1234,8432,0.282470703125,-41.98470938205719,-0.03451367076195311,0.019927304,0.2,0.0004092704424510632,-0.03732656314969063,-0.803587794303894,0.9461727142333984,0.006552509919856675,-1.9897216300000002,1258.0
88,36,270848,1234,8448,0.22900390625,-42.00424671173096,-0.023173349298303947,0.025864176,0.2,0.0004092704424510632,0.01635804958641529,0.8143690228462219,0.9473043084144592,0.15595786413177848,-1.9880988999999998,1258.0
89,36,271360,1234,8464,0.0650634765625,-42.02413260936737,-0.015077682677656412,0.0142497895,0.2,0.0004092704424510632,0.03741048276424408,0.7240991592407227,0.9474338889122009,0.7711498902644962,-1.9880988999999998,1258.0
90,37,271872,1234,8480,0.2841796875,-42.042569041252136,-0.027827978527056985,0.018019717,0.2,0.0004092704424510632,-0.03625866025686264,0.6014266014099121,0.9491057991981506,0.017173822037875652,-1.9887562599999997,1258.0
91,37,272384,1234,8496,0.034912109375,-42.09627318382263,-0.0002331044088350609,0.0066818856,0.2,0.0004092704424510632,0.20045426487922668,0.7844987511634827,0.9497761726379395,0.9646530426107347,-1.9887562599999997,1258.0
92,38,272896,1234,8512,0.31787109375,-42.07865345478058,-0.03137463974417187,0.023036465,0.2,0.0004092704424510632,-0.03996696695685387,0.5348178148269653,0.9478475451469421,0.00604106743412558,-1.9887562599999997,1258.0
93,38,273408,1233,8528,0.1873779296875,-42.03142178058624,-0.019847637391649187,0.01990093,0.2,0.0004092704424510632,0.07873313874006271,0.9293155670166016,0.9476028084754944,0.21685970947146416,-1.9875332599999995,1258.0
94,39,273920,1233,8544,0.0467529296875,-42.03501355648041,-0.014319939189590514,0.014770724,0.2,0.0004092704424510632,0.009886913001537323,0.8865649104118347,0.9476848840713501,0.41595936473459005,-1.9875332599999995,1258.0
95,39,274432,1233,8560,0.1727294921875,-42.028324007987976,-0.017559820029418916,0.020163756,0.2,0.0004092704424510632,0.00532420352101326,0.7102158069610596,0.9471184611320496,0.09053651499561965,-1.9867525299999995,1258.0
96,39,274944,1233,8576,0.00537109375,-42.01691138744354,-0.006133038448751904,0.004638546,0.2,0.0004092704424510632,0.14167067408561707,0.7101471424102783,0.9469836354255676,1.3275004285387695,-1.9867525299999995,1258.0
97,40,275456,1233,8592,0.3580322265625,-42.020009875297546,-0.04006579640554264,0.023861984,0.2,0.0004092704424510632,-0.04075567424297333,0.34121668338775635,0.9470482468605042,0.015015744022093713,-1.9867525299999995,1258.0
98,40,275968,1233,8608,0.25634765625,-42.030234694480896,-0.02233282916859025,0.024386438,0.2,0.0004092704424510632,0.14879736304283142,0.8581225275993347,0.9472384452819824,0.3134351270273328,-1.9856304699999996,1258.0
99,41,276480,1233,8624,0.09912109375,-42.03681540489197,-0.008933193472330458,0.01985652,0.2,0.0004092704424510632,0.011429490521550179,0.7282466888427734,0.9472957849502563,0.4208232235396281,-1.9856304699999996,1258.0
100,41,276992,1233,8640,0.271484375,-42.01575577259064,-0.02385281288297847,0.016171072,0.2,0.0004092704424510632,-0.02964496612548828,0.5442237854003906,0.94594806432724,0.017642088670982048,-1.9861779099999999,1258.0
101,41,277504,1233,8656,0.060791015625,-41.97778403759003,-0.007553915347671136,0.009593691,0.2,0.0004092704424510632,0.11477947235107422,0.7898745536804199,0.9454128742218018,0.8394932579249144,-1.9861779099999999,1258.0
102,42,278016,1233,8672,0.2830810546875,-41.97451674938202,-0.02830285025993362,0.01825444,0.2,0.0004092704424510632,-0.042963843792676926,0.5914825201034546,0.945467472076416,0.0064212762081297114,-1.9861779099999999,1258.0
103,42,278528,1232,8688,0.1016845703125,-41.970946073532104,-0.015477327979169786,0.01695044,0.2,0.0004092704424510632,0.16334114968776703,0.8354631662368774,0.9453904032707214,0.45021493174135685,-1.9852927999999996,1258.0
104,43,279040,1233,8704,0.260498046875,-41.983765840530396,-0.01656238827854395,0.018463645,0.2,0.0004092704424510632,-0.02180779166519642,0.7305899858474731,0.9466007947921753,0.03241294660256244,-1.9852927999999996,1258.0
105,43,279552,1233,8720,0.2186279296875,-42.023144125938416,-0.01948955692932941,0.013309866,0.2,0.0004092704424510632,0.004620088264346123,0.7992181777954102,0.9471064209938049,0.06356936786323786,-1.9827817799999996,1258.0
106,44,280064,1233,8736,0.0361328125,-42.02865993976593,-0.011558260128367692,0.0080725495,0.2,0.0004092704424510632,0.12579403817653656,0.8118204474449158,0.9470188021659851,0.8677703607827425,-1.9827817799999996,1258.0
107,44,280576,1233,8752,0.300048828125,-42.02684509754181,-0.028282262705033645,0.02340836,0.2,0.0004092704424510632,-0.025278713554143906,0.7265678644180298,0.9472294449806213,0.023193555942270905,-1.9811392999999997,1258.0
108,44,281088,1233,8768,0.0577392578125,-42.033233284950256,-0.00985103493439965,0.011773428,0.2,0.0004092704424510632,0.137876957654953,0.8259947896003723,0.9472408294677734,0.8628805847838521,-1.9811392999999997,1258.0
109,45,281600,1233,8784,0.3011474609375,-41.99435091018677,-0.025336574704851955,0.023930486,0.2,0.0004092704424510632,-0.030102238059043884,-3.939138412475586,0.9443114399909973,0.0028389630460878834,-1.9811392999999997,1258.0
110,45,282112,1232,8800,0.27197265625,-41.93343675136566,-0.023502904077759013,0.019667666,0.2,0.0004092704424510632,-0.022375211119651794,0.7137657403945923,0.944399356842041,0.03184554900508374,-1.9783274999999998,1258.0
111,46,282624,1232,8816,0.02880859375,-41.94196534156799,-0.0014904842173564248,0.006336463,0.2,0.0004092704424510632,0.13538378477096558,0.7927554249763489,0.9444515705108643,0.8014970468357205,-1.9783274999999998,1258.0
112,46,283136,1232,8832,0.310302734375,-41.96711719036102,-0.02575868483108934,0.024876881,0.2,0.0004092704424510632,-0.030826974660158157,0.6942812204360962,0.9466469287872314,0.01735508584533818,-1.97702601,1258.0
113,46,283648,1232,8848,0.0374755859375,-42.02773940563202,-0.007898464013123885,0.008967141,0.2,0.0004092704424510632,0.124155193567276,0.8735532760620117,0.9474663138389587,0.856344967149198,-1.97702601,1258.0
114,47,284160,1232,8864,0.2667236328125,-42.03006362915039,-0.026579641125863418,0.018680764,0.2,0.0004092704424510632,-0.024770068004727364,0.33179014921188354,0.9471240043640137,0.010579701032838784,-1.97702601,1258.0
115,47,284672,1233,8880,0.0987548828125,-42.01651322841644,-0.014140308703645132,0.012278451,0.2,0.0004092704424510632,0.078302763402462,0.9111307263374329,0.9468857049942017,0.1962599572725594,-1.9757348000000001,1258.0
116,48,285184,1232,8896,0.0103759765625,-42.0139856338501,-0.006112509683589451,0.0063131605,0.2,0.0004092704424510632,0.03807695209980011,0.9019519090652466,0.9468635320663452,0.6992498491890728,-1.9757348000000001,1258.0
117,48,285696,1233,8912,0.31982421875,-42.01344072818756,-0.028580304322531447,0.032423984,0.2,0.0004092704424510632,-0.02469034120440483,0.5249028205871582,0.9470699429512024,0.04474102833773941,-1.9763729399999996,1258.0
118,49,286208,1232,8928,0.0301513671875,-42.02026617527008,-0.00459524271718692,0.009013383,0.2,0.0004092704424510632,0.0975809246301651,0.8631705045700073,0.9472784399986267,0.760657524690032,-1.9763729399999996,1258.0
119,49,286720,1232,8944,0.236083984375,-42.017006397247314,-0.028915432165376842,0.016279075,0.2,0.0004092704424510632,-0.032796863466501236,0.26436054706573486,0.9465319514274597,0.004530486155999824,-1.9763729399999996,1258.0
120,49,287232,1232,8960,0.0400390625,-41.99777364730835,-0.007733474601991475,0.008491637,0.2,0.0004092704424510632,0.06323043256998062,0.8937992453575134,0.9461150765419006,0.2171138795092702,-1.97522007,1258.0
121,50,287744,1232,8976,0.017333984375,-41.98978412151337,-0.007649445382412523,0.006333671,0.2,0.0004092704424510632,0.06670018285512924,0.809668779373169,0.9458961486816406,0.926230056444183,-1.97522007,1258.0
122,50,288256,1232,8992,0.2012939453125,-41.97563064098358,-0.024623466306366026,0.020692902,0.2,0.0004092704424510632,-0.017160439863801003,0.7468833923339844,0.9452988505363464,0.06947294680867344,-1.9752641900000003,1258.0
123,51,288768,1232,9008,0.0294189453125,-41.96505641937256,-0.006575495230208617,0.007241025,0.2,0.0004092704424510632,0.14068183302879333,0.8323838114738464,0.945110559463501,0.8322548642754555,-1.9752641900000003,1258.0
124,51,289280,1232,9024,0.24072265625,-41.96885800361633,-0.028127167504862882,0.017558033,0.2,0.0004092704424510632,-0.034957222640514374,0.0030371546745300293,0.9457621574401855,0.016461421793792397,-1.9752641900000003,1258.0
125,51,289792,1232,9040,0.1239013671875,-42.00493860244751,-0.01461449294583872,0.01998911,0.2,0.0004092704424510632,0.20542755722999573,0.9278549551963806,0.9464164972305298,0.26020825654268265,-1.9744761900000003,1258.0
126,52,290304,1232,9056,0.0809326171875,-42.014092206954956,-0.013247165494249202,0.016693234,0.2,0.0004092704424510632,-0.024819832295179367,0.8760673999786377,0.946899950504303,0.2527501778677106,-1.9744761900000003,1258.0
127,52,290816,1232,9072,0.2515869140625,-42.01691126823425,-0.0205152874259511,0.026312914,0.2,0.0004092704424510632,0.009089229628443718,0.6724945306777954,0.9461544156074524,0.0945957254152745,-1.9735330100000001,1258.0
128,53,291328,1232,9088,0.0211181640625,-41.99668908119202,-0.008454765542410314,0.0063814335,0.2,0.0004092704424510632,0.09496787935495377,0.8337462544441223,0.9460635185241699,1.2101198434829712,-1.9735330100000001,1258.0
129,53,291840,1232,9104,0.22509765625,-42.01188254356384,-0.02113261922931997,0.022436153,0.2,0.0004092704424510632,-0.010679773986339569,0.6117749214172363,0.9470202922821045,0.05616444000042975,-1.9735330100000001,1258.0
130,53,292352,1232,9120,0.0855712890625,-42.032795667648315,-0.014174486204865389,0.015813028,0.2,0.0004092704424510632,0.1436479389667511,0.9153457880020142,0.9468963146209717,0.4411582797765732,-1.97265497,1258.0
131,54,292864,1232,9136,0.28857421875,-42.00253760814667,-0.022154316582600586,0.04214867,0.2,0.0004092704424510632,-0.03506335988640785,0.9506503939628601,0.9450579881668091,0.040056944475509226,-1.97265497,1258.0
132,54,293376,1232,9152,0.17822265625,-41.934423327445984,-0.01841902660089545,0.018355485,0.2,0.0004092704424510632,0.0029130615293979645,0.8008484244346619,0.9434974789619446,0.07598185504321009,-1.97367605,1258.0
133,55,293888,1232,9168,0.0565185546875,-41.898650765419006,-0.011940078125917353,0.011889035,0.2,0.0004092704424510632,0.03562957048416138,0.9063780903816223,0.9428607821464539,0.47360375011339784,-1.97367605,1258.0
134,55,294400,1232,9184,0.2523193359375,-41.86963188648224,-0.022405316558433697,0.016665064,0.2,0.0004092704424510632,-0.017037030309438705,0.7621294856071472,0.9415056705474854,0.04841912863776088,-1.9704155899999998,1258.0
135,56,294912,1232,9200,0.0662841796875,-41.837767124176025,-0.013617468386655673,0.010592074,0.2,0.0004092704424510632,0.19557467103004456,0.8798058032989502,0.9412200450897217,0.706112714484334,-1.9704155899999998,1258.0
136,56,295424,1232,9216,0.2518310546875,-41.85131120681763,-0.02617517687031068,0.018649112,0.2,0.0004092704424510632,-0.03530363738536835,-2.1090781688690186,0.9422816634178162,0.011158169334521517,-1.9704155899999998,1258.0
137,56,295936,1231,9232,0.2384033203125,-41.87062132358551,-0.027109981514513493,0.024966268,0.2,0.0004092704424510632,-0.024044077843427658,0.6133437156677246,0.9423266053199768,0.06044934369856492,-1.9694235699999998,1258.0
138,57,296448,1231,9248,0.08544921875,-41.86244189739227,-0.009536841258523054,0.020547174,0.2,0.0004092704424510632,0.05100646987557411,0.8433072566986084,0.9422690272331238,0.5900160479359329,-1.9694235699999998,1258.0
139,57,296960,1231,9264,0.2315673828125,-41.84328854084015,-0.020558426171191968,0.012328191,0.2,0.0004092704424510632,-0.02563110738992691,0.7919970750808716,0.9407250285148621,0.012167141132522374,-1.96457513,1258.0
140,58,297472,1231,9280,0.0460205078125,-41.798582792282104,-0.01177542165532941,0.009056661,0.2,0.0004092704424510632,0.07724045217037201,0.8619743585586548,0.9401338696479797,0.7865126011893153,-1.96457513,1258.0
141,58,297984,1231,9296,0.263671875,-41.77369046211243,-0.02644372172653675,0.019798901,0.2,0.0004092704424510632,-0.03756251186132431,-3.0794529914855957,0.9384331703186035,0.004012264224002138,-1.96457513,1258.0
142,59,298496,1231,9312,0.25390625,-41.7070529460907,-0.026064569057780318,0.024883533,0.2,0.0004092704424510632,-0.002090912312269211,0.7670426368713379,0.9363465309143066,0.0840010381070897,-1.9643421699999999,1258.0
143,59,299008,1231,9328,0.082275390625,-41.65946829319,-0.013869337912183255,0.013543058,0.2,0.0004092704424510632,0.02706281840801239,0.846314549446106,0.9359427094459534,0.647434224607423,-1.9643421699999999,1258.0
144,59,299520,1231,9344,0.322509765625,-41.658528208732605,-0.03381321518099867,0.024471492,0.2,0.0004092704424510632,-0.03436347842216492,0.7395141124725342,0.9361287951469421,0.029131263552699238,-1.9637322999999998,1258.0
145,60,300032,1231,9360,0.01904296875,-41.66022598743439,-0.005787485468317755,0.0055735493,0.2,0.0004092704424510632,0.08003449440002441,0.7590581178665161,0.93618243932724,0.8910843492485583,-1.9637322999999998,1258.0
146,60,300544,1231,9376,0.2713623046875,-41.632405161857605,-0.025205726378771942,0.019430447,0.2,0.0004092704424510632,-0.023518363013863564,0.30296123027801514,0.9341681599617004,0.008791294822003692,-1.9637322999999998,1258.0
147,61,301056,1231,9392,0.1505126953125,-41.58107650279999,-0.01426204841118306,0.016560748,0.2,0.0004092704424510632,0.06668978929519653,0.9277071952819824,0.9337159395217896,0.22911543166264892,-1.9625170699999999,1258.0
