time/fps,time/total_timesteps,time/iterations,time/time_elapsed,train/approx_kl,train/learning_rate,train/explained_variance,train/n_updates,train/clip_fraction,train/std,train/value_loss,train/policy_gradient_loss,train/entropy_loss,train/clip_range,train/loss,rollout/ep_len_mean,rollout/ep_rew_mean
4055,512,1,0,,,,,,,,,,,,,
2303,1024,2,0,0.020358477,0.0004092704424510632,-0.0364224910736084,16,0.3057861328125,0.9992833137512207,0.1197754907880153,-0.03815699485130608,-43.976614117622375,0.2,-0.04386467486619949,,
2083,1536,3,0,0.021465167,0.0004092704424510632,0.003963112831115723,32,0.291259765625,1.001403570175171,0.002335152414161712,-0.03620209961081855,-43.98928248882294,0.2,-0.04650961980223656,1223.0,-2.166086
2009,2048,4,1,0.014881117,0.0004092704424510632,0.00825488567352295,48,0.241455078125,1.0016783475875854,0.0050406697555445135,-0.023716308998700697,-44.04146885871887,0.2,-0.025707833468914032,1223.0,-2.166086
1975,2560,5,1,0.01555314,0.0004092704424510632,-0.011928439140319824,64,0.2431640625,1.0011861324310303,0.0015106090486369794,-0.02413356161559932,-44.02680158615112,0.2,-0.0429808646440506,1223.0,-2.276159
1950,3072,6,1,0.018864198,0.0004092704424510632,0.0015243887901306152,80,0.24755859375,1.0007375478744507,0.009275897784391418,-0.027797318340162747,-44.01579523086548,0.2,-0.033221036195755005,1223.0,-2.276159
1924,3584,7,1,0.019043207,0.0004092704424510632,0.0008112788200378418,96,0.272216796875,1.0007028579711914,0.0018781069265969563,-0.02948934814776294,-44.00253117084503,0.2,-0.027696853503584862,1223.0,-2.276159
1904,4096,8,2,0.013245443,0.0004092704424510632,0.0004184246063232422,112,0.1925048828125,0.9995868802070618,0.001786775334039703,-0.025513145621516742,-43.987953305244446,0.2,-0.03483464941382408,1223.0,-2.231811
1894,4608,9,2,0.02567444,0.0004092704424510632,0.0028786659240722656,128,0.2840576171875,1.0013196468353271,0.01812291468377225,-0.031109654359170236,-43.98480033874512,0.2,-0.046027228236198425,1223.0,-2.231811
1886,5120,10,2,0.021436173,0.0004092704424510632,0.012726247310638428,144,0.277587890625,1.0006450414657593,0.0015589543527312344,-0.028181841495097615,-44.01587927341461,0.2,-0.03937400132417679,1223.0,-2.235817
1881,5632,11,2,0.018278193,0.0004092704424510632,0.002083122730255127,160,0.2236328125,1.002284049987793,0.024503445310983807,-0.024484986577590462,-44.01504302024841,0.2,-0.022638950496912003,1223.0,-2.235817
1873,6144,12,3,0.018661149,0.0004092704424510632,0.0009112954139709473,176,0.2506103515625,1.0025861263275146,0.0016216271651501302,-0.02697245721356012,-44.062697410583496,0.2,-0.03235723823308945,1223.0,-2.2406692
1868,6656,13,3,0.020016778,0.0004092704424510632,0.0014481544494628906,192,0.2479248046875,1.0030101537704468,0.027874111605342478,-0.024720579735003412,-44.06126022338867,0.2,-0.012263389304280281,1223.0,-2.2406692
1861,7168,14,3,0.017551433,0.0004092704424510632,0.0016553401947021484,208,0.2021484375,1.002411127090454,0.002334319713554578,-0.023944077925989404,-44.06675970554352,0.2,-0.030052030459046364,1223.0,-2.2406692
1857,7680,15,4,0.015898725,0.0004092704424510632,-0.0023621320724487305,224,0.2105712890625,1.0031177997589111,0.0018521571582823526,-0.023748549945594277,-44.05719077587128,0.2,-0.041049208492040634,1223.0,-2.2399725
1857,8192,16,4,0.024519574,0.0004092704424510632,0.0015038251876831055,240,0.2457275390625,1.0061336755752563,0.03648959757992998,-0.028828629961935803,-44.113097071647644,0.2,-0.01720433309674263,1223.0,-2.2399725
1857,8704,17,4,0.019172316,0.0004092704424510632,0.001979053020477295,256,0.2515869140625,1.006560206413269,0.0016872855157998856,-0.028322364516498055,-44.181112408638,0.2,-0.04313686862587929,1223.0,-2.230947
1853,9216,18,4,0.02522148,0.0004092704424510632,0.0016010403633117676,272,0.279296875,1.006032109260559,0.042608621646650136,-0.029163413419155404,-44.17013490200043,0.2,-0.019346829503774643,1223.0,-2.230947
1850,9728,19,5,0.014864745,0.0004092704424510632,0.0012298822402954102,288,0.22265625,1.0049042701721191,0.0015724918284831801,-0.026041470540803857,-44.14996302127838,0.2,-0.03439151495695114,1223.0,-2.230947
1849,10240,20,5,0.019989066,0.0004092704424510632,-0.005780816078186035,304,0.243408203125,1.0054426193237305,0.00198455080135318,-0.02579772648459766,-44.13107645511627,0.2,-0.03957553952932358,1223.0,-2.200585625
1845,10752,21,5,0.021114787,0.0004092704424510632,0.0012909770011901855,320,0.2342529296875,1.0034959316253662,0.056335757952183485,-0.026817412450327538,-44.124444127082825,0.2,-0.012746540829539299,1223.0,-2.200585625
1840,11264,22,6,0.023043122,0.0004092704424510632,-0.00966799259185791,336,0.259033203125,1.0029948949813843,0.0018210452508355957,-0.028264659238629974,-44.06954622268677,0.2,-0.03866100683808327,1223.0,-2.2123953333333333
1838,11776,23,6,0.017927233,0.0004092704424510632,0.0014004111289978027,352,0.22412109375,1.0040485858917236,0.060871749999932945,-0.024997156200697646,-44.081674337387085,0.2,0.007674722000956535,1223.0,-2.2123953333333333
1835,12288,24,6,0.016888108,0.0004092704424510632,-0.05012023448944092,368,0.21044921875,1.0052241086959839,0.001016996683574689,-0.024080874165520072,-44.115514516830444,0.2,-0.037442684173583984,1223.0,-2.2004827
1829,12800,25,6,0.016328637,0.0004092704424510632,0.0014842748641967773,384,0.2230224609375,1.005119800567627,0.06378753355238587,-0.02453899617830757,-44.13581109046936,0.2,-0.004565604031085968,1223.0,-2.2004827
1823,13312,26,7,0.022041233,0.0004092704424510632,-0.01722884178161621,400,0.267578125,1.0045973062515259,0.002082288803649135,-0.029076179373078048,-44.121907353401184,0.2,-0.035475458949804306,1223.0,-2.2004827
1821,13824,27,7,0.021438653,0.0004092704424510632,-0.005537748336791992,416,0.2401123046875,1.0047762393951416,0.002976791489345487,-0.026774376194225624,-44.11508011817932,0.2,-0.030688920989632607,1223.0,-2.206560545454545
1821,14336,28,7,0.01646918,0.0004092704424510632,0.0010042786598205566,432,0.2286376953125,1.0042258501052856,0.08185950701590627,-0.022156136328703724,-44.1156804561615,0.2,0.00773455947637558,1223.0,-2.206560545454545
1818,14848,29,8,0.020201655,0.0004092704424510632,0.0019832253456115723,448,0.244140625,1.004661202430725,0.0014887223060213728,-0.025609728108975105,-44.10413897037506,0.2,-0.053330522030591965,1223.0,-2.210816083333333
1817,15360,30,8,0.01651028,0.0004092704424510632,0.0015496611595153809,464,0.1988525390625,1.0048058032989502,0.08292890759184957,-0.019304010143969208,-44.11955380439758,0.2,0.004262235015630722,1223.0,-2.210816083333333
1814,15872,31,8,0.018269926,0.0004092704424510632,-0.027809858322143555,480,0.20458984375,1.0065979957580566,0.0017046968096110504,-0.021758793329354376,-44.141284823417664,0.2,-0.03506925702095032,1223.0,-2.210816083333333
1811,16384,32,9,0.016230628,0.0004092704424510632,0.00017756223678588867,496,0.212158203125,1.0083577632904053,0.00275728168344358,-0.023254357802215964,-44.20461666584015,0.2,-0.03653942421078682,1223.0,-2.2060361538461537
1809,16896,33,9,0.036141563,0.0004092704424510632,0.0008835196495056152,512,0.28076171875,1.0079996585845947,0.07261838531121612,-0.021383964209235273,-44.22439503669739,0.2,-0.009817782789468765,1223.0,-2.2060361538461537
1806,17408,34,9,0.024478577,0.0004092704424510632,-0.0045087337493896484,528,0.2794189453125,1.007673740386963,0.0026314109527447727,-0.03285173015319742,-44.211639761924744,0.2,-0.03647329658269882,1223.0,-2.2163194285714285
1803,17920,35,9,0.025338588,0.0004092704424510632,0.0008071660995483398,544,0.272216796875,1.007030963897705,0.10630273399874568,-0.02666822145693004,-44.19092607498169,0.2,0.011816024780273438,1223.0,-2.2163194285714285
1800,18432,36,10,0.026867062,0.0004092704424510632,-0.015785813331604004,560,0.3153076171875,1.0065746307373047,0.0015997614627849543,-0.03563609949196689,-44.17113268375397,0.2,-0.04921145364642143,1223.0,-2.2168359333333334
1800,18944,37,10,0.018442526,0.0004092704424510632,0.001130223274230957,576,0.21484375,1.0059844255447388,0.109694056911394,-0.02149634438683279,-44.163392305374146,0.2,0.030230160802602768,1223.0,-2.2168359333333334
1798,19456,38,10,0.020002216,0.0004092704424510632,-0.025831222534179688,592,0.215576171875,1.0045922994613647,0.0018914332849817583,-0.025681993371108547,-44.134454131126404,0.2,-0.047017041593790054,1223.0,-2.2168359333333334
1799,19968,39,11,0.016215721,0.0004092704424510632,-0.0006440877914428711,608,0.2215576171875,1.004234790802002,0.0028737548054778017,-0.025515346860629506,-44.09363317489624,0.2,-0.027989668771624565,1223.0,-2.2162746875
1799,20480,40,11,0.014067113,0.0004092704424510632,0.0006822347640991211,624,0.16845703125,1.0043059587478638,0.12806944246403873,-0.018844390062440652,-44.09338366985321,0.2,0.04051540791988373,1223.0,-2.2162746875
1800,20992,41,11,0.027801875,0.0004092704424510632,0.001073300838470459,640,0.2762451171875,1.0036898851394653,0.0014499659173452528,-0.031193169415928423,-44.088926553726196,0.2,-0.03622448071837425,1223.0,-2.217284882352941
1799,21504,42,11,0.020729594,0.0004092704424510632,0.001324474811553955,656,0.212158203125,1.003078818321228,0.12081052758730948,-0.02240870107198134,-44.067233085632324,0.2,0.02184068039059639,1223.0,-2.217284882352941
1797,22016,43,12,0.018205307,0.0004092704424510632,-0.017374157905578613,672,0.268310546875,1.0027611255645752,0.0017851029515441041,-0.02921485730621498,-44.05255305767059,0.2,-0.045696329325437546,1223.0,-2.2195986111111115
1795,22528,44,12,0.01799568,0.0004092704424510632,0.0015110969543457031,688,0.2315673828125,1.0009232759475708,0.1203400562517345,-0.02402793497458333,-44.02561819553375,0.2,0.019694320857524872,1223.0,-2.2195986111111115
1793,23040,45,12,0.010501744,0.0004092704424510632,0.0008526444435119629,704,0.135498046875,1.0006431341171265,0.0025586543124518357,-0.016332789440639317,-43.98068940639496,0.2,-0.024483438581228256,1223.0,-2.2195986111111115
1792,23552,46,13,0.022139117,0.0004092704424510632,-0.0015244483947753906,720,0.2244873046875,1.0003578662872314,0.0026132395178137813,-0.022376646316843107,-43.98291993141174,0.2,-0.039088331162929535,1223.0,-2.226394421052632
1790,24064,47,13,0.027584186,0.0004092704424510632,0.00038743019104003906,736,0.2855224609375,1.0006896257400513,0.14224883820861578,-0.030129506485536695,-43.97785139083862,0.2,0.035768356174230576,1223.0,-2.226394421052632
1788,24576,48,13,0.033285715,0.0004092704424510632,-0.01718926429748535,752,0.26171875,1.0016118288040161,0.0014160696200633538,-0.026443711103638634,-43.99100971221924,0.2,-0.030811047181487083,1223.0,-2.2236181000000004
1787,25088,49,14,0.016632188,0.0004092704424510632,0.000494837760925293,768,0.231689453125,1.0014312267303467,0.1372868507169187,-0.02214158723654691,-44.00733041763306,0.2,0.016441330313682556,1223.0,-2.2236181000000004
1784,25600,50,14,0.016273241,0.0004092704424510632,-0.017557978630065918,784,0.2294921875,1.0005786418914795,0.0014996033041825285,-0.025329815660370514,-43.98822522163391,0.2,-0.044239576905965805,1223.0,-2.2236181000000004
1782,26112,51,14,0.023966316,0.0004092704424510632,-0.0020585060119628906,800,0.2786865234375,1.0019943714141846,0.002390009853115771,-0.02928514519589953,-43.98574960231781,0.2,-0.057189423590898514,1223.0,-2.2171550952380956
1781,26624,52,14,0.02284184,0.0004092704424510632,0.0003154277801513672,816,0.24169921875,1.0004130601882935,0.1478791879490018,-0.02675010552047752,-44.001609444618225,0.2,0.045321911573410034,1223.0,-2.2171550952380956
1779,27136,53,15,0.018160772,0.0004092704424510632,-0.006345391273498535,832,0.2254638671875,0.999529242515564,0.001350004029518459,-0.02172611834248528,-43.94530701637268,0.2,-0.02571343630552292,1223.0,-2.212155045454546
1777,27648,54,15,0.019364519,0.0004092704424510632,0.0005657672882080078,848,0.2432861328125,0.9991575479507446,0.15026517841033638,-0.026121175789739937,-43.928388714790344,0.2,0.035915590822696686,1223.0,-2.212155045454546
1775,28160,55,15,0.016065307,0.0004092704424510632,-0.018587827682495117,864,0.1905517578125,0.9960499405860901,0.0015216893079923466,-0.019287742528831586,-43.882036209106445,0.2,-0.02884860895574093,1223.0,-2.216164130434783
1772,28672,56,16,0.020931609,0.0004092704424510632,0.0007255673408508301,880,0.246337890625,0.9937312602996826,0.14336220687255263,-0.02684976607270073,-43.78511142730713,0.2,0.02755199372768402,1223.0,-2.216164130434783
1770,29184,57,16,0.017100869,0.0004092704424510632,-0.04332125186920166,896,0.243896484375,0.9923986792564392,0.0022371392587956507,-0.025947815185645595,-43.7256805896759,0.2,-0.037678007036447525,1223.0,-2.216164130434783
1768,29696,58,16,0.017120067,0.0004092704424510632,0.0002880096435546875,912,0.217041015625,0.9933483600616455,0.002905074241425609,-0.02285197846504161,-43.7137668132782,0.2,-0.02751138247549534,1223.0,-2.2162275416666666
1766,30208,59,17,0.028229324,0.0004092704424510632,0.00037610530853271484,928,0.2886962890625,0.9924440979957581,0.15759537718258798,-0.030441977956797928,-43.730958104133606,0.2,0.03937870264053345,1223.0,-2.2162275416666666
1763,30720,60,17,0.027926765,0.0004092704424510632,-0.0009870529174804688,944,0.289306640625,0.9920807480812073,0.0014281591666076565,-0.029291580052813515,-43.69513142108917,0.2,-0.033230751752853394,1223.0,-2.21381524
1761,31232,61,17,0.022437219,0.0004092704424510632,0.00043904781341552734,960,0.251220703125,0.991056501865387,0.15351248136721551,-0.026801878339028917,-43.68498945236206,0.2,0.04863758012652397,1223.0,-2.21381524
1759,31744,62,18,0.01594918,0.0004092704424510632,-0.0003337860107421875,976,0.208251953125,0.9911692142486572,0.0015793010970810428,-0.021008822019211948,-43.65581679344177,0.2,-0.034599874168634415,1223.0,-2.21381524
1757,32256,63,18,0.024688825,0.0004092704424510632,-0.0006088018417358398,992,0.2666015625,0.9916591644287109,0.002489508049620781,-0.027885778952622786,-43.6731835603714,0.2,-0.03377458453178406,1223.0,-2.2098255769230772
1755,32768,64,18,0.027472533,0.0004092704424510632,0.00031512975692749023,1008,0.2432861328125,0.9915964007377625,0.15850041271187365,-0.02435236392193474,-43.68068563938141,0.2,0.04814011976122856,1223.0,-2.2098255769230772
1756,33280,65,18,0.027521672,0.0004092704424510632,-0.002319931983947754,1024,0.25,0.9888303279876709,0.0021076198481750907,-0.027090808871435,-43.6444753408432,0.2,-0.030259359627962112,1223.0,-2.2109625185185187
1757,33792,66,19,0.022585906,0.0004092704424510632,0.0001461505889892578,1040,0.250244140625,0.9895477890968323,0.16762176365591586,-0.026138433226151392,-43.59068048000336,0.2,0.054023128002882004,1223.0,-2.2109625185185187
1759,34304,67,19,0.023488365,0.0004092704424510632,-0.003353118896484375,1056,0.259765625,0.9885355830192566,0.0013730232658417663,-0.030792483710683882,-43.60099506378174,0.2,-0.04607976973056793,1223.0,-2.210016535714286
1760,34816,68,19,0.020057222,0.0004092704424510632,0.00023412704467773438,1072,0.24365234375,0.9877917170524597,0.15870136162266135,-0.024715669816941954,-43.56828308105469,0.2,0.05075611546635628,1223.0,-2.210016535714286
1761,35328,69,20,0.017470539,0.0004092704424510632,-0.002030611038208008,1088,0.21142578125,0.9877326488494873,0.002278991469211178,-0.024344569734239485,-43.55376875400543,0.2,-0.03143100067973137,1223.0,-2.210016535714286
1762,35840,70,20,0.013818697,0.0004092704424510632,-0.0018014907836914062,1104,0.19189453125,0.9899970293045044,0.00237595614453312,-0.022215600452909712,-43.58642363548279,0.2,-0.03679739311337471,1223.0,-2.2046477241379314
1762,36352,71,20,0.021626137,0.0004092704424510632,0.00024330615997314453,1120,0.2581787109375,0.9904977083206177,0.16592382011003792,-0.025106942397542298,-43.63366448879242,0.2,0.06326568126678467,1223.0,-2.2046477241379314
1763,36864,72,20,0.020082276,0.0004092704424510632,-0.003106236457824707,1136,0.2532958984375,0.9893225431442261,0.0013265691377455369,-0.023133964685257524,-43.61967360973358,0.2,-0.03249718248844147,1223.0,-2.2010541333333338
1764,37376,73,21,0.019032935,0.0004092704424510632,0.0004884004592895508,1152,0.2589111328125,0.9873788952827454,0.155904327519238,-0.030012249742867425,-43.56726777553558,0.2,0.033801108598709106,1223.0,-2.2010541333333338
1766,37888,74,21,0.01433772,0.0004092704424510632,-0.006662487983703613,1168,0.2060546875,0.9865609407424927,0.0015420197232742794,-0.020785394444828853,-43.513102293014526,0.2,-0.027695437893271446,1223.0,-2.2010541333333338
1767,38400,75,21,0.021969613,0.0004092704424510632,-0.00043320655822753906,1184,0.2608642578125,0.9866498112678528,0.0027315682018524967,-0.028143923365860246,-43.50509238243103,0.2,-0.03478604927659035,1223.0,-2.196404290322581
1768,38912,76,21,0.039758205,0.0004092704424510632,0.0002422928810119629,1200,0.311767578125,0.9861952066421509,0.1197668919339776,-0.027839021960971877,-43.49794292449951,0.2,0.023357894271612167,1223.0,-2.196404290322581
1769,39424,77,22,0.020723289,0.0004092704424510632,-0.006746649742126465,1216,0.252197265625,0.9859200119972229,0.0020586609352903906,-0.025096470664720982,-43.48576068878174,0.2,-0.03249427676200867,1223.0,-2.19480034375
1770,39936,78,22,0.020070747,0.0004092704424510632,0.0004862546920776367,1232,0.2288818359375,0.984677255153656,0.17697181785479188,-0.024282228128868155,-43.464916467666626,0.2,0.06050306186079979,1223.0,-2.19480034375
1770,40448,79,22,0.022507915,0.0004092704424510632,-0.023473739624023438,1248,0.2889404296875,0.9835900664329529,0.0014984766494308133,-0.03021025040652603,-43.42560911178589,0.2,-0.03903485834598541,1223.0,-2.1920238181818177
1771,40960,80,23,0.017511625,0.0004092704424510632,0.0002371072769165039,1264,0.2108154296875,0.9844889640808105,0.17275426513515413,-0.021234413565252908,-43.413750648498535,0.2,0.04330006241798401,1223.0,-2.1920238181818177
1772,41472,81,23,0.022550102,0.0004092704424510632,0.0005775094032287598,1280,0.2489013671875,0.9835215210914612,0.002572919987869682,-0.028732287319144234,-43.424219489097595,0.2,-0.02541661076247692,1223.0,-2.1920238181818177
1772,41984,82,23,0.019540435,0.0004092704424510632,-0.001252293586730957,1296,0.2379150390625,0.9843412637710571,0.002394175317022018,-0.027943612265517004,-43.40450727939606,0.2,-0.03241073712706566,1223.0,-2.194276970588235
1774,42496,83,23,0.015834833,0.0004092704424510632,0.0001437664031982422,1312,0.2371826171875,0.984157145023346,0.1803505765274167,-0.02517225733026862,-43.42616009712219,0.2,0.05107336491346359,1223.0,-2.194276970588235
1775,43008,84,24,0.019242242,0.0004092704424510632,-0.0008541345596313477,1328,0.2396240234375,0.9840273857116699,0.0011796482967838529,-0.02766968571813777,-43.41948223114014,0.2,-0.024981360882520676,1223.0,-2.1945856857142854
1776,43520,85,24,0.024768876,0.0004092704424510632,0.0004036426544189453,1344,0.23583984375,0.9842875003814697,0.16973358346149325,-0.024110386904794723,-43.42057538032532,0.2,0.04063389450311661,1223.0,-2.1945856857142854
1776,44032,86,24,0.016206931,0.0004092704424510632,-0.00486445426940918,1360,0.232421875,0.9841957688331604,0.0014839030391158303,-0.026261222374159843,-43.427106976509094,0.2,-0.043474726378917694,1223.0,-2.1939163055555557
1771,44544,87,25,0.017958146,0.0004092704424510632,0.00039136409759521484,1376,0.2135009765625,0.9835297465324402,0.16402401332743466,-0.02269358534249477,-43.40743386745453,0.2,0.045164335519075394,1223.0,-2.1939163055555557
1767,45056,88,25,0.014899673,0.0004092704424510632,-0.002812981605529785,1392,0.246337890625,0.9832860231399536,0.002595112044218695,-0.026180137821938843,-43.38695669174194,0.2,-0.026730332523584366,1223.0,-2.1939163055555557
1766,45568,89,25,0.018621374,0.0004092704424510632,-0.0004941225051879883,1408,0.2213134765625,0.9828729033470154,0.0019491531384119298,-0.02494393941015005,-43.37658953666687,0.2,-0.024500466883182526,1223.0,-2.1905556486486484
1767,46080,90,26,0.015905531,0.0004092704424510632,0.0002803206443786621,1424,0.224853515625,0.9822220206260681,0.16654651681892574,-0.023587300966028124,-43.35120761394501,0.2,0.04014972969889641,1223.0,-2.1905556486486484
1768,46592,91,26,0.0161624,0.0004092704424510632,-0.004002690315246582,1440,0.2325439453125,0.9827235341072083,0.0015501252146350453,-0.023636864869331475,-43.34577810764313,0.2,-0.0353793203830719,1223.0,-2.190331236842105
1767,47104,92,26,0.02054365,0.0004092704424510632,0.000359952449798584,1456,0.272216796875,0.9828612804412842,0.1584740944672376,-0.027217259019380435,-43.36773931980133,0.2,0.036962974816560745,1223.0,-2.190331236842105
1768,47616,93,26,0.019342985,0.0004092704424510632,-0.010541439056396484,1472,0.234619140625,0.9819382429122925,0.0016123763198265806,-0.02485179968061857,-43.34884858131409,0.2,-0.040347445756196976,1223.0,-2.190331236842105
1770,48128,94,27,0.01671959,0.0004092704424510632,-0.001066446304321289,1488,0.221923828125,0.9802794456481934,0.003016486720298417,-0.02388705449993722,-43.31603026390076,0.2,-0.030715713277459145,1223.0,-2.1968576153846153
1771,48640,95,27,0.020886775,0.0004092704424510632,0.00019347667694091797,1504,0.2327880859375,0.9807803630828857,0.17408785177394748,-0.025679346406832337,-43.28822386264801,0.2,0.06209178268909454,1223.0,-2.1968576153846153
1773,49152,96,27,0.013478583,0.0004092704424510632,-0.00442957878112793,1520,0.19091796875,0.9817596077919006,0.0013322129252628656,-0.017396974177245283,-43.32248604297638,0.2,-0.02735929563641548,1223.0,-2.195047325
1774,49664,97,27,0.0261726,0.0004092704424510632,0.0002828836441040039,1536,0.2742919921875,0.9831679463386536,0.1713746590539813,-0.03048740720259957,-43.35747730731964,0.2,0.06038058549165726,1223.0,-2.195047325
1776,50176,98,28,0.01344398,0.0004092704424510632,-0.001648545265197754,1552,0.207763671875,0.9831544160842896,0.0013831521191605134,-0.024631761058117263,-43.38728630542755,0.2,-0.03954173997044563,1223.0,-2.194333073170732
1779,50688,99,28,0.02217367,0.0004092704424510632,0.00033736228942871094,1568,0.2381591796875,0.9828744530677795,0.16416205721907318,-0.026241959480103105,-43.37569999694824,0.2,0.058336082845926285,1223.0,-2.194333073170732
1780,51200,100,28,0.011398425,0.0004092704424510632,-0.02232944965362549,1584,0.168212890625,0.9824755787849426,0.001996907598368125,-0.022220886225113645,-43.353482723236084,0.2,-0.03130701929330826,1223.0,-2.194333073170732
1782,51712,101,29,0.016991353,0.0004092704424510632,-0.0005059242248535156,1600,0.2293701171875,0.9825913906097412,0.0032711399107938632,-0.024069735081866384,-43.342628836631775,0.2,-0.030579470098018646,1223.0,-2.193342523809524
1783,52224,102,29,0.014617091,0.0004092704424510632,0.00015175342559814453,1616,0.1947021484375,0.980613112449646,0.1799062117934227,-0.023562328424304724,-43.31680643558502,0.2,0.04387205094099045,1223.0,-2.193342523809524
1784,52736,103,29,0.019723646,0.0004092704424510632,-0.0033936500549316406,1632,0.2640380859375,0.9798170924186707,0.0016472376919409726,-0.028041274868883193,-43.262725710868835,0.2,-0.03899741172790527,1223.0,-2.1969094418604653
1784,53248,104,29,0.019133423,0.0004092704424510632,0.00011622905731201172,1648,0.2210693359375,0.9813128709793091,0.17100067343562841,-0.022890184569405392,-43.26712620258331,0.2,0.05855268985033035,1223.0,-2.1969094418604653
1786,53760,105,30,0.015389212,0.0004092704424510632,-6.914138793945312e-05,1664,0.1905517578125,0.9816901087760925,0.0015073539689183235,-0.020049916085554287,-43.30605888366699,0.2,-0.02516680210828781,1223.0,-2.1969094418604653
1787,54272,106,30,0.015518004,0.0004092704424510632,0.00016874074935913086,1680,0.198974609375,0.981360137462616,0.0030114815963315777,-0.0220082817832008,-43.298662185668945,0.2,-0.02630959078669548,1223.0,-2.196561363636364
1788,54784,107,30,0.024349488,0.0004092704424510632,6.562471389770508e-05,1696,0.2669677734375,0.9818050861358643,0.17175116576254368,-0.02805768375401385,-43.29848504066467,0.2,0.043906889855861664,1223.0,-2.196561363636364
1789,55296,108,30,0.013907671,0.0004092704424510632,0.0012635588645935059,1712,0.1802978515625,0.9825841188430786,0.0019121394925605273,-0.019109414773993194,-43.31269419193268,0.2,-0.02919127233326435,1223.0,-2.197450533333334
1790,55808,109,31,0.023871217,0.0004092704424510632,9.208917617797852e-05,1728,0.260498046875,0.9821527600288391,0.18962606554850936,-0.027319513726979494,-43.320773124694824,0.2,0.06599722802639008,1223.0,-2.197450533333334
1791,56320,110,31,0.013007417,0.0004092704424510632,-0.0022869110107421875,1744,0.1893310546875,0.981769323348999,0.001185089944556239,-0.023333130142418668,-43.30196714401245,0.2,-0.03453807532787323,1223.0,-2.197730782608696
1792,56832,111,31,0.018786129,0.0004092704424510632,9.298324584960938e-05,1760,0.214111328125,0.9799680113792419,0.1748311910778284,-0.02012097703118343,-43.264880657196045,0.2,0.061041831970214844,1223.0,-2.197730782608696
1793,57344,112,31,0.014216797,0.0004092704424510632,0.0001614689826965332,1776,0.1851806640625,0.9800218343734741,0.002848021835234249,-0.01711792372225318,-43.230472445487976,0.2,-0.0032585232984274626,1223.0,-2.197730782608696
1793,57856,113,32,0.019228715,0.0004092704424510632,-0.0006409883499145508,1792,0.249755859375,0.9792789816856384,0.0019326457913848571,-0.028328914137091488,-43.23002731800079,0.2,-0.03904002532362938,1223.0,-2.1987724893617027
1794,58368,114,32,0.02034075,0.0004092704424510632,9.5367431640625e-05,1808,0.2354736328125,0.9781268835067749,0.18587081646546721,-0.024253898809547536,-43.19547975063324,0.2,0.06218764930963516,1223.0,-2.1987724893617027
1794,58880,115,32,0.014029827,0.0004092704424510632,0.0004068613052368164,1824,0.191162109375,0.9804026484489441,0.001490536271376186,-0.02160326200828422,-43.19840228557587,0.2,-0.04505810886621475,1223.0,-2.20193675
1795,59392,116,33,0.018034086,0.0004092704424510632,9.149312973022461e-05,1840,0.242431640625,0.978520929813385,0.17933188984170556,-0.025924866989953443,-43.227049469947815,0.2,0.05170082300901413,1223.0,-2.20193675
1795,59904,117,33,0.020094424,0.0004092704424510632,-0.0007940530776977539,1856,0.259033203125,0.9761433601379395,0.0014688751962239621,-0.02835178535315208,-43.135671496391296,0.2,-0.04181893914937973,1223.0,-2.20193675
1796,60416,118,33,0.016998408,0.0004092704424510632,6.461143493652344e-05,1872,0.2030029296875,0.9750895500183105,0.0026930155836453196,-0.02058815592317842,-43.079256772994995,0.2,-0.024727238342165947,1223.0,-2.2016462244897963
1797,60928,119,33,0.02998491,0.0004092704424510632,7.873773574829102e-05,1888,0.2860107421875,0.9758340120315552,0.13209664588794112,-0.025886002855258994,-43.0678436756134,0.2,0.021568648517131805,1223.0,-2.2016462244897963
1796,61440,120,34,0.021757884,0.0004092704424510632,-0.0023343563079833984,1904,0.24072265625,0.9763814210891724,0.0023740286196698435,-0.02366750423971098,-43.09556865692139,0.2,-0.03592698276042938,1223.0,-2.2054026400000004
1796,61952,121,34,0.019708384,0.0004092704424510632,4.32133674621582e-05,1920,0.25732421875,0.9763897061347961,0.20978989824652672,-0.026362092190538533,-43.10119545459747,0.2,0.06444647908210754,1223.0,-2.2054026400000004
1796,62464,122,34,0.022747383,0.0004092704424510632,-0.020505070686340332,1936,0.2969970703125,0.9775188565254211,0.0009634147490942269,-0.028851171664427966,-43.115339159965515,0.2,-0.04763377085328102,1223.0,-2.204257196078432
1796,62976,123,35,0.026935954,0.0004092704424510632,4.1425228118896484e-05,1952,0.2562255859375,0.9783555865287781,0.19706356199458241,-0.029359215957811102,-43.154439210891724,0.2,0.07350387424230576,1223.0,-2.204257196078432
1796,63488,124,35,0.016571704,0.0004092704424510632,-0.0002086162567138672,1968,0.2325439453125,0.9791296720504761,0.002349065209273249,-0.02715655461361166,-43.17147088050842,0.2,-0.036140818148851395,1223.0,-2.204257196078432
1796,64000,125,35,0.018777316,0.0004092704424510632,-0.0002803802490234375,1984,0.2799072265625,0.98002690076828,0.0028878265293315053,-0.030294969998067245,-43.20344614982605,0.2,-0.05319596454501152,1223.0,-2.2052834038461544
1795,64512,126,35,0.014322054,0.0004092704424510632,2.8967857360839844e-05,2000,0.1998291015625,0.9791123867034912,0.21285869786515832,-0.019538371023372747,-43.20487976074219,0.2,0.06495273858308792,1223.0,-2.2052834038461544
1794,65024,127,36,0.011000451,0.0004092704424510632,-0.0005499124526977539,2016,0.168701171875,0.978879988193512,0.0015697631297371117,-0.01793163496768102,-43.17783558368683,0.2,-0.020489241927862167,1223.0,-2.207382849056604
1792,65536,128,36,0.025154034,0.0004092704424510632,5.459785461425781e-05,2032,0.25341796875,0.9784323573112488,0.19349715672433376,-0.026662866061087698,-43.16665506362915,0.2,0.04942450299859047,1223.0,-2.207382849056604
1792,66048,129,36,0.022299733,0.0004092704424510632,-0.0005785226821899414,2048,0.287109375,0.9788835644721985,0.0014592066017939942,-0.032709637307561934,-43.16047203540802,0.2,-0.03578788787126541,1223.0,-2.2059002222222226
1792,66560,130,37,0.017730875,0.0004092704424510632,8.881092071533203e-05,2064,0.2513427734375,0.9787986278533936,0.18588035134598613,-0.03041522958665155,-43.16683053970337,0.2,0.04038092494010925,1223.0,-2.2059002222222226
1792,67072,131,37,0.013812542,0.0004092704424510632,0.0007494688034057617,2080,0.2073974609375,0.9801999926567078,0.003057889854972018,-0.024237188845290802,-43.17346656322479,0.2,-0.03458622097969055,1223.0,-2.2059002222222226
1792,67584,132,37,0.018140767,0.0004092704424510632,5.5730342864990234e-05,2096,0.2633056640625,0.9792863726615906,0.0036696200477308594,-0.031395757832797244,-43.1949063539505,0.2,-0.04246034473180771,1223.0,-2.2087081090909093
1792,68096,133,37,0.017665245,0.0004092704424510632,2.485513687133789e-05,2112,0.2193603515625,0.9799510836601257,0.1966032567434013,-0.02230153715936467,-43.17350363731384,0.2,0.06553798913955688,1223.0,-2.2087081090909093
1793,68608,134,38,0.019940585,0.0004092704424510632,-0.000735163688659668,2128,0.234130859375,0.9787923693656921,0.001496254924859386,-0.022549647372215986,-43.17524480819702,0.2,-0.023553289473056793,1223.0,-2.2085163571428574
1793,69120,135,38,0.018951416,0.0004092704424510632,3.921985626220703e-05,2144,0.242431640625,0.9770644307136536,0.18410843098536134,-0.022697444452205673,-43.122161626815796,0.2,0.05298103019595146,1223.0,-2.2085163571428574
1794,69632,136,38,0.016278073,0.0004092704424510632,-0.0007065534591674805,2160,0.23291015625,0.9758243560791016,0.001510605728981318,-0.025927949987817556,-43.073848724365234,0.2,-0.032389722764492035,1223.0,-2.2085163571428574
1793,70144,137,39,0.013362953,0.0004092704424510632,-0.00047576427459716797,2176,0.217529296875,0.9765802025794983,0.0028205582493683323,-0.02336768980603665,-43.06536889076233,0.2,-0.033793170005083084,1223.0,-2.2063161403508773
1793,70656,138,39,0.024117354,0.0004092704424510632,2.5928020477294922e-05,2192,0.252685546875,0.9753096699714661,0.19314159778878093,-0.027245080651482567,-43.07815408706665,0.2,0.06560371816158295,1223.0,-2.2063161403508773
1793,71168,139,39,0.01905251,0.0004092704424510632,-0.0009425878524780273,2208,0.263427734375,0.9711429476737976,0.0015554783640254755,-0.03019360327743925,-42.99060130119324,0.2,-0.04396997019648552,1223.0,-2.2039738448275865
1793,71680,140,39,0.01818888,0.0004092704424510632,4.184246063232422e-05,2224,0.251220703125,0.9695042371749878,0.19074441795237362,-0.029203503479948267,-42.88141930103302,0.2,0.0630607008934021,1223.0,-2.2039738448275865
1792,72192,141,40,0.013963373,0.0004092704424510632,-0.0013445615768432617,2240,0.2275390625,0.9694510698318481,0.0012279123147891369,-0.02647236207849346,-42.861828207969666,0.2,-0.048707593232393265,1223.0,-2.204672372881356
1793,72704,142,40,0.017747343,0.0004092704424510632,5.924701690673828e-05,2256,0.232177734375,0.9698636531829834,0.1823091171681881,-0.022758145874831825,-42.86611866950989,0.2,0.0627894401550293,1223.0,-2.204672372881356
1793,73216,143,40,0.0112343,0.0004092704424510632,-0.0007537603378295898,2272,0.1964111328125,0.9690690636634827,0.002297021565027535,-0.021435007569380105,-42.86464273929596,0.2,-0.0293826125562191,1223.0,-2.204672372881356
1793,73728,144,41,0.01626374,0.0004092704424510632,0.0001608133316040039,2288,0.223876953125,0.968695342540741,0.002926308399764821,-0.022019040887244046,-42.82973909378052,0.2,-0.023330967873334885,1223.0,-2.20383235
1792,74240,145,41,0.022375306,0.0004092704424510632,3.8564205169677734e-05,2304,0.236328125,0.9686506986618042,0.18887976231053472,-0.02608650387264788,-42.82855176925659,0.2,0.06146734207868576,1223.0,-2.20383235
1792,74752,146,41,0.020859795,0.0004092704424510632,-0.00032448768615722656,2320,0.2457275390625,0.9686306118965149,0.00176067179927486,-0.02791169553529471,-42.82142376899719,0.2,-0.03900017961859703,1223.0,-2.204822327868852
1792,75264,147,41,0.016656652,0.0004092704424510632,5.632638931274414e-05,2336,0.2291259765625,0.9703125953674316,0.18494998081587255,-0.024478166989865713,-42.84769344329834,0.2,0.05661170184612274,1223.0,-2.204822327868852
4188,75776,1,0,0.017723408,0.0004092704424510632,-0.00042641162872314453,2352,0.23486328125,0.9713129997253418,0.0017811535944929346,-0.025951165807782672,-42.88895010948181,0.2,-0.03400092571973801,1223.0,-2.204822327868852
2588,76288,2,0,0.013723774,0.0004092704424510632,3.427267074584961e-05,2368,0.2000732421875,0.9704278707504272,0.0029241093252494466,-0.02373906878347043,-42.89594042301178,0.2,-0.028152525424957275,1223.0,-2.203660419354838
2197,76800,3,0,0.020843092,0.0004092704424510632,3.814697265625e-05,2384,0.226806640625,0.9705333113670349,0.18205984542146325,-0.02210175435175188,-42.87432074546814,0.2,0.06382064521312714,1223.0,-2.203660419354838
2057,77312,4,0,0.018296031,0.0004092704424510632,0.00016510486602783203,2400,0.275634765625,0.971407949924469,0.0028212555807840545,-0.02877566116512753,-42.89096558094025,0.2,-0.04883526265621185,1223.0,-2.203315539682539
2006,77824,5,1,0.018386288,0.0004092704424510632,4.023313522338867e-05,2416,0.245849609375,0.9720783233642578,0.19912752229720354,-0.024677080538822338,-42.91979932785034,0.2,0.052403949201107025,1223.0,-2.203315539682539
1981,78336,6,1,0.012102401,0.0004092704424510632,-0.0007439851760864258,2432,0.1878662109375,0.972202718257904,0.001581009626534069,-0.020172827295027673,-42.93208408355713,0.2,-0.025312650948762894,1223.0,-2.20278846875
1941,78848,7,1,0.02485276,0.0004092704424510632,5.227327346801758e-05,2448,0.2779541015625,0.97077476978302,0.1802222146652639,-0.028147670920589007,-42.915608644485474,0.2,0.048322293907403946,1223.0,-2.20278846875
1901,79360,8,2,0.017633408,0.0004092704424510632,0.0002256631851196289,2464,0.223876953125,0.9693950414657593,0.002199359816586366,-0.026202403067145497,-42.86099302768707,0.2,-0.05033550038933754,1223.0,-2.20278846875
1836,79872,9,2,0.020857845,0.0004092704424510632,-0.0007356405258178711,2480,0.2491455078125,0.9707165360450745,0.002273469315696275,-0.025127496337518096,-42.853633999824524,0.2,-0.034420643001794815,1223.0,-2.2015616153846156
1795,80384,10,2,0.018267086,0.0004092704424510632,3.8623809814453125e-05,2496,0.2354736328125,0.9695996642112732,0.19522726349532604,-0.025089890317758545,-42.87569034099579,0.2,0.056587692350149155,1223.0,-2.2015616153846156
1801,80896,11,3,0.02251918,0.0004092704424510632,-0.0006728172302246094,2512,0.2587890625,0.9680195450782776,0.0017412889501429163,-0.029301348695298657,-42.82206571102142,0.2,-0.042736370116472244,1223.0,-2.203070984848485
1811,81408,12,3,0.018023439,0.0004092704424510632,6.872415542602539e-05,2528,0.2315673828125,0.9664595723152161,0.1848451686091721,-0.025344773661345243,-42.77722978591919,0.2,0.03426744416356087,1223.0,-2.203070984848485
1816,81920,13,3,0.020111118,0.0004092704424510632,-0.0002682209014892578,2544,0.2880859375,0.9668295383453369,0.001710669690510258,-0.03153240983374417,-42.749247670173645,0.2,-0.03158031404018402,1223.0,-2.203070984848485
1821,82432,14,3,0.019448455,0.0004092704424510632,4.565715789794922e-05,2560,0.26611328125,0.9658578038215637,0.0028919173128088005,-0.02825153105368372,-42.750683188438416,0.2,-0.03517978638410568,1223.0,-2.204366656716418
1823,82944,15,4,0.034367442,0.0004092704424510632,1.9848346710205078e-05,2576,0.301025390625,0.9640945196151733,0.12864108756184578,-0.02528999128844589,-42.689783453941345,0.2,0.03206697106361389,1223.0,-2.204366656716418
1823,83456,16,4,0.019051768,0.0004092704424510632,-0.0001004934310913086,2592,0.244873046875,0.962265133857727,0.0020681345122284256,-0.029806454316712916,-42.63745987415314,0.2,-0.041391771286726,1223.0,-2.204279117647059
1819,83968,17,4,0.018326983,0.0004092704424510632,1.3589859008789062e-05,2608,0.1962890625,0.9606114029884338,0.20652743196114898,-0.022247598768444732,-42.56723117828369,0.2,0.04119393602013588,1223.0,-2.204279117647059
1817,84480,18,5,0.027830234,0.0004092704424510632,-0.0005067586898803711,2624,0.27685546875,0.9595617055892944,0.0015249492362272576,-0.029362348388531245,-42.528032541275024,0.2,-0.028220688924193382,1223.0,-2.203023057971015
1814,84992,19,5,0.020236867,0.0004092704424510632,1.6987323760986328e-05,2640,0.2410888671875,0.9569775462150574,0.19560845429077744,-0.028516570542706177,-42.470935225486755,0.2,0.032633062452077866,1223.0,-2.203023057971015
1812,85504,20,5,0.014888891,0.0004092704424510632,-3.361701965332031e-05,2656,0.2225341796875,0.9561671018600464,0.0019664902793010697,-0.02688406420929823,-42.404261350631714,0.2,-0.04331899434328079,1223.0,-2.203023057971015
1810,86016,21,5,0.017970473,0.0004092704424510632,-0.0003485679626464844,2672,0.2364501953125,0.9575141072273254,0.0021019192136009224,-0.022834372066427022,-42.41773235797882,0.2,-0.031404588371515274,1223.0,-2.199337228571429
1811,86528,22,6,0.018399619,0.0004092704424510632,1.2934207916259766e-05,2688,0.2265625,0.9564489722251892,0.2056384915485978,-0.0240920674696099,-42.436052203178406,0.2,0.08948759734630585,1223.0,-2.199337228571429
1813,87040,23,6,0.01609736,0.0004092704424510632,-0.0004703998565673828,2704,0.217041015625,0.9530624151229858,0.001313098154241743,-0.025736984302056953,-42.36269557476044,0.2,-0.03657902404665947,1223.0,-2.1982054084507046
1816,87552,24,6,0.015760882,0.0004092704424510632,2.2590160369873047e-05,2720,0.2060546875,0.9521465301513672,0.19111113948747516,-0.02294903332949616,-42.28032827377319,0.2,0.05786381661891937,1223.0,-2.1982054084507046
1818,88064,25,7,0.0248616,0.0004092704424510632,0.0004430413246154785,2736,0.2816162109375,0.9528127908706665,0.0017884384997159941,-0.030722462543053553,-42.284549593925476,0.2,-0.03890111297369003,1223.0,-2.197965
1820,88576,26,7,0.019846786,0.0004092704424510632,2.09808349609375e-05,2752,0.26953125,0.9536019563674927,0.1783015951514244,-0.030102520206128247,-42.306623101234436,0.2,0.03474820405244827,1223.0,-2.197965
1819,89088,27,7,0.019201485,0.0004092704424510632,9.697675704956055e-05,2768,0.2445068359375,0.954062283039093,0.0036774270702153444,-0.028196753381052986,-42.32422208786011,0.2,-0.03403885290026665,1223.0,-2.197965
1818,89600,28,7,0.02141413,0.0004092704424510632,-7.915496826171875e-05,2784,0.2506103515625,0.95237797498703,0.0025466961378697306,-0.028150563201052137,-42.31314742565155,0.2,-0.0384642519056797,1223.0,-2.19819502739726
1818,90112,29,8,0.014997901,0.0004092704424510632,2.1219253540039062e-05,2800,0.2254638671875,0.9502342939376831,0.19204082619398832,-0.02247112078111968,-42.24404263496399,0.2,0.07014966011047363,1223.0,-2.19819502739726
1813,90624,30,8,0.019060258,0.0004092704424510632,-0.000438690185546875,2816,0.241455078125,0.9476367235183716,0.0017836972765508108,-0.02562897148891352,-42.163249015808105,0.2,-0.043758172541856766,1223.0,-2.1992823108108106
1806,91136,31,8,0.022260826,0.0004092704424510632,3.2067298889160156e-05,2832,0.279296875,0.9478925466537476,0.17753211548551917,-0.02868898617452942,-42.10923767089844,0.2,0.035435162484645844,1223.0,-2.1992823108108106
1805,91648,32,9,0.019912113,0.0004092704424510632,-0.00030422210693359375,2848,0.2430419921875,0.9465776681900024,0.0019231953883718234,-0.02602800821478013,-42.1031140089035,0.2,-0.028028426691889763,1223.0,-2.1992823108108106
1806,92160,33,9,0.015760494,0.0004092704424510632,-0.0003829002380371094,2864,0.227783203125,0.9454803466796875,0.0023254502775671426,-0.02813320283894427,-42.048147559165955,0.2,-0.03607384115457535,1223.0,-2.1971829866666663
1808,92672,34,9,0.021747366,0.0004092704424510632,2.8908252716064453e-05,2880,0.24365234375,0.9460347890853882,0.1896328367292881,-0.027503621502546594,-42.040040493011475,0.2,0.0756472498178482,1223.0,-2.1971829866666663
1807,93184,35,9,0.01912722,0.0004092704424510632,-0.0025366544723510742,2896,0.262451171875,0.944977879524231,0.001761214085490792,-0.03009077109163627,-42.0360301733017,0.2,-0.03936411440372467,1223.0,-2.195187486842105
1807,93696,36,10,0.027922591,0.0004092704424510632,1.6510486602783203e-05,2912,0.2554931640625,0.9442792534828186,0.18682618904858828,-0.024944767268607393,-41.996384143829346,0.2,0.07624944299459457,1223.0,-2.195187486842105
1807,94208,37,10,0.019037481,0.0004092704424510632,-0.0004888772964477539,2928,0.2513427734375,0.9452701210975647,0.0012480527293519117,-0.02632939472096041,-42.005263686180115,0.2,-0.044483624398708344,1223.0,-2.1936645324675323
1808,94720,38,10,0.031695053,0.0004092704424510632,3.0100345611572266e-05,2944,0.251220703125,0.9456433653831482,0.1761158045846969,-0.02779869467485696,-42.03241562843323,0.2,0.029861614108085632,1223.0,-2.1936645324675323
1807,95232,39,11,0.013215928,0.0004092704424510632,-4.279613494873047e-05,2960,0.18017578125,0.9468863010406494,0.002826674699463183,-0.021365732653066516,-42.04758882522583,0.2,-0.04071979597210884,1223.0,-2.1936645324675323
1809,95744,40,11,0.02378873,0.0004092704424510632,-0.0001266002655029297,2976,0.259765625,0.9466727375984192,0.0020942884802934714,-0.025053276040125638,-42.07366156578064,0.2,-0.027269167825579643,1223.0,-2.191793192307692
1811,96256,41,11,0.023499284,0.0004092704424510632,3.17692756652832e-05,2992,0.247314453125,0.946715772151947,0.18583877617493272,-0.02372862698393874,-42.05922532081604,0.2,0.07586554437875748,1223.0,-2.191793192307692
1813,96768,42,11,0.024951767,0.0004092704424510632,-0.0004551410675048828,3008,0.270751953125,0.9469720125198364,0.001795493699319195,-0.028686334131634794,-42.06159460544586,0.2,-0.04528617858886719,1223.0,-2.1914238101265817
1812,97280,43,12,0.01777856,0.0004092704424510632,5.14984130859375e-05,3024,0.1983642578125,0.9457020163536072,0.17907834239304066,-0.019280865337350406,-42.04794490337372,0.2,0.053038090467453,1223.0,-2.1914238101265817
1813,97792,44,12,0.019331254,0.0004092704424510632,-0.0001405477523803711,3040,0.286865234375,0.9438024759292603,0.0018831464367394801,-0.032718303496949375,-41.98780846595764,0.2,-0.04750187322497368,1223.0,-2.1914238101265817
1812,98304,45,12,0.01780701,0.0004092704424510632,6.0617923736572266e-05,3056,0.2646484375,0.9441267251968384,0.002114703307597665,-0.028768869655323215,-41.954453110694885,0.2,-0.037387438118457794,1223.0,-2.1884531375
1810,98816,46,13,0.025901731,0.0004092704424510632,2.0205974578857422e-05,3072,0.2464599609375,0.9438871145248413,0.17220039246603847,-0.02418953547021374,-41.96578073501587,0.2,0.038023173809051514,1223.0,-2.1884531375
1809,99328,47,13,0.021151096,0.0004092704424510632,0.0001957416534423828,3088,0.265380859375,0.9433133602142334,0.002469048758939607,-0.029546818797825836,-41.94368553161621,0.2,-0.03573353961110115,1223.0,-2.1876454197530864
1811,99840,48,13,0.024513457,0.0004092704424510632,6.9141387939453125e-06,3104,0.265380859375,0.9429046511650085,0.1899340390227735,-0.027712741604773328,-41.9239262342453,0.2,0.05700230225920677,1223.0,-2.1876454197530864
1812,100352,49,13,0.01917624,0.0004092704424510632,-0.00032770633697509766,3120,0.22509765625,0.9425842761993408,0.0012846693662140751,-0.023904805770143867,-41.91435921192169,0.2,-0.038884468376636505,1223.0,-2.1854771829268294
1812,100864,50,14,0.020248592,0.0004092704424510632,9.47713851928711e-06,3136,0.2305908203125,0.9417965412139893,0.18023247411474586,-0.025497436348814517,-41.89599823951721,0.2,0.041305407881736755,1223.0,-2.1854771829268294
1814,101376,51,14,0.02114438,0.0004092704424510632,-0.00015652179718017578,3152,0.2427978515625,0.941677451133728,0.0026758064959722105,-0.028113055392168462,-41.88276982307434,0.2,-0.03201161324977875,1223.0,-2.1854771829268294
1815,101888,52,14,0.02419046,0.0004092704424510632,-6.16312026977539e-05,3168,0.263427734375,0.9389302134513855,0.0027772626090154517,-0.028975688910577446,-41.84512424468994,0.2,-0.046132080256938934,1223.0,-2.18289243373494
1816,102400,53,14,0.01503084,0.0004092704424510632,7.62939453125e-06,3184,0.232177734375,0.9377040863037109,0.18901219544932246,-0.02168938137765508,-41.77125823497772,0.2,0.058429054915905,1223.0,-2.18289243373494
1817,102912,54,15,0.018222142,0.0004092704424510632,-9.965896606445312e-05,3200,0.2528076171875,0.9366569519042969,0.0017200049915118143,-0.026527326976065524,-41.7461496591568,0.2,-0.04044882953166962,1223.0,-2.1836944285714286
1816,103424,55,15,0.016371844,0.0004092704424510632,1.341104507446289e-05,3216,0.2432861328125,0.9357556700706482,0.17783045675605536,-0.024705600342713296,-41.70752394199371,0.2,0.06187897175550461,1223.0,-2.1836944285714286
1813,103936,56,15,0.021055339,0.0004092704424510632,-0.00011444091796875,3232,0.273681640625,0.934180736541748,0.0015862555846979376,-0.02868697496887762,-41.67358338832855,0.2,-0.043903645128011703,1223.0,-2.1836944285714286
1806,104448,57,16,0.017545369,0.0004092704424510632,-9.226799011230469e-05,3248,0.2484130859375,0.9326186776161194,0.0030411690786422696,-0.02406806731596589,-41.61875593662262,0.2,-0.03095693141222,1223.0,-2.182891176470588
1799,104960,58,16,0.039456233,0.0004092704424510632,8.344650268554688e-06,3264,0.314697265625,0.9317127466201782,0.11407494335435331,-0.023353941665845923,-41.576786518096924,0.2,0.026686374098062515,1223.0,-2.182891176470588
1794,105472,59,16,0.02082589,0.0004092704424510632,-3.0875205993652344e-05,3280,0.2828369140625,0.9320687055587769,0.002925935998064233,-0.029896202104282565,-41.56041622161865,0.2,-0.03582476079463959,1223.0,-2.181329918604651
1789,105984,60,17,0.016471948,0.0004092704424510632,1.4603137969970703e-05,3296,0.23291015625,0.9338074922561646,0.20323731377720833,-0.025088234557188116,-41.59648406505585,0.2,0.08552412688732147,1223.0,-2.181329918604651
1785,106496,61,17,0.015882608,0.0004092704424510632,-0.001051783561706543,3312,0.222412109375,0.9337680339813232,0.0016169229911611183,-0.025107692505116574,-41.63217544555664,0.2,-0.03209136798977852,1223.0,-2.1786989655172415
1780,107008,62,17,0.022029813,0.0004092704424510632,1.2695789337158203e-05,3328,0.2652587890625,0.9333365559577942,0.1877922103740275,-0.024968591358629055,-41.61501920223236,0.2,0.07025760412216187,1223.0,-2.1786989655172415
1775,107520,63,18,0.023309229,0.0004092704424510632,0.00041049718856811523,3344,0.2796630859375,0.9346686601638794,0.002993005393364001,-0.03178636201482732,-41.62293982505798,0.2,-0.03971842676401138,1223.0,-2.1786989655172415
1770,108032,64,18,0.021400966,0.0004092704424510632,-4.7206878662109375e-05,3360,0.2559814453125,0.9345728754997253,0.0024646553756610956,-0.025020571527420543,-41.65088248252869,0.2,-0.04078278690576553,1223.0,-2.176546375
1765,108544,65,18,0.018386358,0.0004092704424510632,6.854534149169922e-06,3376,0.2379150390625,0.9344521164894104,0.19943691371008754,-0.02794462647580076,-41.64868652820587,0.2,0.06140176206827164,1223.0,-2.176546375
1761,109056,66,19,0.020307146,0.0004092704424510632,-9.47713851928711e-05,3392,0.2877197265625,0.9339708685874939,0.0015407756909553427,-0.025283392460551113,-41.64175248146057,0.2,-0.04116392508149147,1223.0,-2.1740289887640447
1759,109568,67,19,0.025520422,0.0004092704424510632,1.0311603546142578e-05,3408,0.252685546875,0.9337223172187805,0.18604529928416014,-0.025706291111418977,-41.628477692604065,0.2,0.05380704626441002,1223.0,-2.1740289887640447
1757,110080,68,19,0.014876703,0.0004092704424510632,-0.00019657611846923828,3424,0.212158203125,0.9303850531578064,0.0014657134197477717,-0.023460580603568815,-41.582388043403625,0.2,-0.036615315824747086,1223.0,-2.1722419222222222
1752,110592,69,20,0.018401213,0.0004092704424510632,1.4662742614746094e-05,3440,0.2332763671875,0.9290686845779419,0.17449524672701955,-0.02559505368117243,-41.48527014255524,0.2,0.038525789976119995,1223.0,-2.1722419222222222
1747,111104,70,20,0.01781962,0.0004092704424510632,-0.00020229816436767578,3456,0.25390625,0.9284113049507141,0.002932282477559056,-0.02834723301930353,-41.45562124252319,0.2,-0.04103412479162216,1223.0,-2.1722419222222222
1744,111616,71,20,0.01766191,0.0004092704424510632,-0.00013911724090576172,3472,0.2344970703125,0.9274770021438599,0.0022915798363101203,-0.026676814653910697,-41.4351224899292,0.2,-0.031603895127773285,1223.0,-2.171251032967033
1742,112128,72,21,0.018341,0.0004092704424510632,6.496906280517578e-06,3488,0.24169921875,0.9274218082427979,0.1846135826781392,-0.025376161342137493,-41.414857625961304,0.2,0.04722980782389641,1223.0,-2.171251032967033
1740,112640,73,21,0.021435851,0.0004092704424510632,-0.0004956722259521484,3504,0.2313232421875,0.9277817606925964,0.0015040871076053008,-0.025138048877124675,-41.42045247554779,0.2,-0.03598036989569664,1223.0,-2.1696737826086956
1737,113152,74,21,0.017639108,0.0004092704424510632,1.7642974853515625e-05,3520,0.244384765625,0.9281148314476013,0.1698430753313005,-0.02356619517377112,-41.428266286849976,0.2,0.027464047074317932,1223.0,-2.1696737826086956
1736,113664,75,22,0.013674502,0.0004092704424510632,-0.0001652240753173828,3536,0.2373046875,0.9301111698150635,0.0017912602979777148,-0.030266230518464,-41.4569708108902,0.2,-0.041471414268016815,1223.0,-2.1696737826086956
1734,114176,76,22,0.02121065,0.0004092704424510632,-0.0002486705780029297,3552,0.259765625,0.9295467138290405,0.0026394822416477837,-0.028370542684569955,-41.49054539203644,0.2,-0.03914547711610794,1223.0,-2.1678171505376342
1732,114688,77,22,0.021627925,0.0004092704424510632,8.046627044677734e-06,3568,0.267822265625,0.9294319152832031,0.17929227137938142,-0.025189626700012013,-41.474629282951355,0.2,0.06221485510468483,1223.0,-2.1678171505376342
1730,115200,78,23,0.016323324,0.0004092704424510632,-0.0004239082336425781,3584,0.2381591796875,0.9276648163795471,0.0021066380031697918,-0.023933606324135326,-41.45195388793945,0.2,-0.03190331161022186,1223.0,-2.1675590106382976
1728,115712,79,23,0.015246369,0.0004092704424510632,0.0,3600,0.2135009765625,0.9236171245574951,0.17768252966925502,-0.023242488925461657,-41.36747968196869,0.2,0.052647776901721954,1223.0,-2.1675590106382976
1726,116224,80,23,0.015981488,0.0004092704424510632,-0.0006003379821777344,3616,0.203125,0.9219858646392822,0.00134811127827561,-0.02397017105249688,-41.2500433921814,0.2,-0.04334191605448723,1223.0,-2.1658712315789472
1723,116736,81,24,0.021051034,0.0004092704424510632,6.616115570068359e-06,3632,0.2470703125,0.9208467602729797,0.1665161286946386,-0.024100183974951506,-41.214035987854004,0.2,0.03785550594329834,1223.0,-2.1658712315789472
1720,117248,82,24,0.024825174,0.0004092704424510632,-4.661083221435547e-05,3648,0.286865234375,0.9204385876655579,0.0025358722850796767,-0.028762523405021057,-41.178638219833374,0.2,-0.043124206364154816,1223.0,-2.1658712315789472
1716,117760,83,24,0.02090449,0.0004092704424510632,-4.3511390686035156e-05,3664,0.2696533203125,0.9196020364761353,0.00206753938618931,-0.027724952764401678,-41.169477581977844,0.2,-0.033136021345853806,1223.0,-2.16331859375
1713,118272,84,25,0.015792526,0.0004092704424510632,1.2159347534179688e-05,3680,0.2120361328125,0.9183897376060486,0.1792142349295318,-0.022503195592435077,-41.13333332538605,0.2,0.04386457800865173,1223.0,-2.16331859375
1710,118784,85,25,0.024281729,0.0004092704424510632,-6.031990051269531e-05,3696,0.268310546875,0.9169660806655884,0.0014550466039509047,-0.026557560864603147,-41.09100794792175,0.2,-0.044013287872076035,1223.0,-2.1617126701030926
1707,119296,86,25,0.020528853,0.0004092704424510632,3.135204315185547e-05,3712,0.229248046875,0.9148676991462708,0.165855769533664,-0.025407250112039037,-41.026885986328125,0.2,0.04875908046960831,1223.0,-2.1617126701030926
1704,119808,87,26,0.017713472,0.0004092704424510632,-0.0029685497283935547,3728,0.2119140625,0.9137211441993713,0.0016121581375045935,-0.024489440853358246,-40.97339904308319,0.2,-0.03199957311153412,1223.0,-2.1617126701030926
1704,120320,88,26,0.023487467,0.0004092704424510632,-7.963180541992188e-05,3744,0.2447509765625,0.9130845069885254,0.0020897045360470656,-0.02504385635984363,-40.948631167411804,0.2,-0.03887783735990524,1223.0,-2.160306948979592
1704,120832,89,26,0.024631448,0.0004092704424510632,1.2934207916259766e-05,3760,0.2554931640625,0.9122698903083801,0.16156547563150525,-0.023679131671087816,-40.9221932888031,0.2,0.045606937259435654,1223.0,-2.160306948979592
1703,121344,90,27,0.019965533,0.0004092704424510632,-0.0007388591766357422,3776,0.2685546875,0.912840723991394,0.00210275245262892,-0.028335176553810015,-40.908607959747314,0.2,-0.04566892236471176,1223.0,-2.159961303030303
1702,121856,91,27,0.013987364,0.0004092704424510632,5.185604095458984e-06,3792,0.2274169921875,0.9122065305709839,0.1808642609976232,-0.0234982370166108,-40.916043281555176,0.2,0.065671406686306,1223.0,-2.159961303030303
1701,122368,92,27,0.025174191,0.0004092704424510632,-0.00032961368560791016,3808,0.2923583984375,0.9109690189361572,0.0011875591198986513,-0.030627602012827992,-40.87078332901001,0.2,-0.0412556454539299,1223.0,-2.15754145
1701,122880,93,27,0.019079722,0.0004092704424510632,1.3649463653564453e-05,3824,0.28271484375,0.9118043780326843,0.16875981516204774,-0.029879504814743996,-40.862545013427734,0.2,0.05735209584236145,1223.0,-2.15754145
1700,123392,94,28,0.016096788,0.0004092704424510632,-5.9485435485839844e-05,3840,0.2137451171875,0.9105559587478638,0.00233977139214403,-0.023381136590614915,-40.872190833091736,0.2,-0.029036132618784904,1223.0,-2.15754145
1700,123904,95,28,0.024210576,0.0004092704424510632,-0.00023293495178222656,3856,0.2869873046875,0.9109290242195129,0.0018949718978547025,-0.029952909229905345,-40.84218096733093,0.2,-0.03640960529446602,1223.0,-2.1547259000000003
1698,124416,96,28,0.019795407,0.0004092704424510632,1.245737075805664e-05,3872,0.2476806640625,0.9105114340782166,0.1745262136682868,-0.021942587598459795,-40.8557733297348,0.2,0.04808355122804642,1223.0,-2.1547259000000003
1696,124928,97,29,0.02504769,0.0004092704424510632,-0.00041496753692626953,3888,0.27734375,0.9102924466133118,0.0014231045897759032,-0.03459655157348607,-40.83695340156555,0.2,-0.04605570062994957,1223.0,-2.15038948
1696,125440,98,29,0.017952072,0.0004092704424510632,2.3424625396728516e-05,3904,0.22998046875,0.9105657935142517,0.16390932444483042,-0.02264337963424623,-40.83996880054474,0.2,0.046518512070178986,1223.0,-2.15038948
1696,125952,99,29,0.028316805,0.0004092704424510632,0.0004897713661193848,3920,0.3218994140625,0.9100702404975891,0.0013281921364978189,-0.03365404895157553,-40.835304975509644,0.2,-0.03438498452305794,1223.0,-2.15038948
1695,126464,100,30,0.015334255,0.0004092704424510632,-5.0067901611328125e-05,3936,0.2105712890625,0.9103783369064331,0.003180539217282785,-0.023241597387823276,-40.8232057094574,0.2,-0.03295116871595383,1223.0,-2.14910132
1695,126976,101,30,0.029956102,0.0004092704424510632,2.5033950805664062e-06,3952,0.3048095703125,0.9100967645645142,0.09868194465525448,-0.024778881313977763,-40.83183515071869,0.2,0.018521111458539963,1223.0,-2.14910132
1694,127488,102,30,0.017201522,0.0004092704424510632,-3.9577484130859375e-05,3968,0.2532958984375,0.9106726050376892,0.0021294818179740105,-0.02468948189925868,-40.82678151130676,0.2,-0.03404855728149414,1223.0,-2.14650924
1693,128000,103,31,0.022043495,0.0004092704424510632,4.947185516357422e-06,3984,0.2728271484375,0.9107136726379395,0.18947126111015677,-0.028846181070548482,-40.8407324552536,0.2,0.0378546416759491,1223.0,-2.14650924
1692,128512,104,31,0.020928059,0.0004092704424510632,-0.0002372264862060547,4000,0.2779541015625,0.910190224647522,0.0014638210705015808,-0.030880168924340978,-40.83080577850342,0.2,-0.03696508705615997,1223.0,-2.1430760699999998
1692,129024,105,31,0.0155393705,0.0004092704424510632,1.341104507446289e-05,4016,0.232666015625,0.9091159701347351,0.1724446159787476,-0.022442975488957018,-40.80983567237854,0.2,0.025935400277376175,1223.0,-2.1430760699999998
1691,129536,106,32,0.015535716,0.0004092704424510632,-1.239776611328125e-05,4032,0.2200927734375,0.9100053310394287,0.0023493867192883044,-0.02329650202591438,-40.79127526283264,0.2,-0.03915395587682724,1223.0,-2.1430760699999998
1690,130048,107,32,0.018535437,0.0004092704424510632,-6.198883056640625e-05,4048,0.244140625,0.9102420806884766,0.0024327234968950506,-0.023664916079724208,-40.826823353767395,0.2,-0.036200445145368576,1223.0,-2.14039751
1688,130560,108,32,0.01846807,0.0004092704424510632,3.2782554626464844e-06,4064,0.2547607421875,0.9111559391021729,0.17937675421126187,-0.025605258997529745,-40.8446147441864,0.2,0.04904141277074814,1223.0,-2.14039751
1687,131072,109,33,0.025685709,0.0004092704424510632,-0.00018858909606933594,4080,0.28955078125,0.9121206402778625,0.0012297841658437392,-0.030894975308910944,-40.881598114967346,0.2,-0.0448075495660305,1223.0,-2.13709131
1686,131584,110,33,0.0162066,0.0004092704424510632,7.450580596923828e-06,4096,0.2193603515625,0.9108101725578308,0.17038966715335846,-0.02284962439443916,-40.88100719451904,0.2,0.04671391844749451,1223.0,-2.13709131
1686,132096,111,33,0.01620011,0.0004092704424510632,-0.0005183219909667969,4112,0.2259521484375,0.9097641706466675,0.0016845732170622796,-0.022620955322054215,-40.839587450027466,0.2,-0.027701834216713905,1223.0,-2.1367367
1684,132608,112,34,0.025532398,0.0004092704424510632,1.0728836059570312e-06,4128,0.29541015625,0.9108955264091492,0.15697174612432718,-0.03052092391590122,-40.8380743265152,0.2,0.023804157972335815,1223.0,-2.1367367
1682,133120,113,34,0.01676052,0.0004092704424510632,-1.430511474609375e-06,4144,0.2178955078125,0.9117377400398254,0.0028872751536255237,-0.023849804216297343,-40.87221014499664,0.2,-0.031489335000514984,1223.0,-2.1367367
1680,133632,114,34,0.017085936,0.0004092704424510632,-1.7642974853515625e-05,4160,0.2259521484375,0.9095721244812012,0.0021914419303357136,-0.02239496410038555,-40.86157429218292,0.2,-0.02352336049079895,1223.0,-2.13370302
1679,134144,115,35,0.021346996,0.0004092704424510632,4.231929779052734e-06,4176,0.2384033203125,0.9085185527801514,0.17046420136466622,-0.023210714192828164,-40.791478633880615,0.2,0.05962017923593521,1223.0,-2.13370302
1677,134656,116,35,0.017051112,0.0004092704424510632,-8.45193862915039e-05,4192,0.2423095703125,0.9082440137863159,0.0013426177774817916,-0.022729188989615068,-40.78033530712128,0.2,-0.031397175043821335,1223.0,-2.13331999
1676,135168,117,35,0.023563096,0.0004092704424510632,6.794929504394531e-06,4208,0.292236328125,0.9078909158706665,0.16218023491092026,-0.029430298411170952,-40.76528000831604,0.2,0.0490620955824852,1223.0,-2.13331999
1674,135680,118,36,0.020436667,0.0004092704424510632,-9.66787338256836e-05,4224,0.23583984375,0.9079295992851257,0.0019093661030638032,-0.024968551835627295,-40.75818943977356,0.2,-0.04397648200392723,1223.0,-2.13331999
1674,136192,119,36,0.019489432,0.0004092704424510632,-0.00017333030700683594,4240,0.2410888671875,0.9076079726219177,0.0020821328143938445,-0.02596129856829066,-40.755282044410706,0.2,-0.029233355075120926,1223.0,-2.1306146900000003
1674,136704,120,36,0.014208254,0.0004092704424510632,6.020069122314453e-06,4256,0.18798828125,0.905830442905426,0.16953754238784313,-0.014645745657617226,-40.71690285205841,0.2,0.07864870876073837,1223.0,-2.1306146900000003
1672,137216,121,37,0.01274805,0.0004092704424510632,-0.000507354736328125,4272,0.1890869140625,0.9054911732673645,0.0014553387300111353,-0.02263204930932261,-40.66922473907471,0.2,-0.035221487283706665,1223.0,-2.12817664
1671,137728,122,37,0.018240068,0.0004092704424510632,1.0848045349121094e-05,4288,0.240966796875,0.905189037322998,0.16397663881070912,-0.023931389761855826,-40.66638708114624,0.2,0.04638932645320892,1223.0,-2.12817664
1670,138240,123,37,0.01809315,0.0004092704424510632,-0.003865957260131836,4304,0.244140625,0.9032347202301025,0.001097333048164728,-0.02504576393403113,-40.62184548377991,0.2,-0.0404539592564106,1223.0,-2.12624491
1668,138752,124,38,0.020238984,0.0004092704424510632,-1.1324882507324219e-05,4320,0.2509765625,0.9035459756851196,0.15086923982016742,-0.02633142701233737,-40.58393704891205,0.2,0.032091137021780014,1223.0,-2.12624491
1664,139264,125,38,0.019435031,0.0004092704424510632,1.6689300537109375e-06,4336,0.239013671875,0.9049292206764221,0.0021751766980742104,-0.024519735467038117,-40.61742722988129,0.2,-0.03189275786280632,1223.0,-2.12624491
1662,139776,126,38,0.01698532,0.0004092704424510632,-1.3947486877441406e-05,4352,0.2119140625,0.904725193977356,0.0019513580300554167,-0.022440963482949883,-40.645105957984924,0.2,-0.03761669620871544,1223.0,-2.1224466
1661,140288,127,39,0.021840729,0.0004092704424510632,-2.384185791015625e-07,4368,0.2509765625,0.9045013785362244,0.15872604865580797,-0.024961067596450448,-40.6339476108551,0.2,0.04779702425003052,1223.0,-2.1224466
1660,140800,128,39,0.017276492,0.0004092704424510632,-1.1444091796875e-05,4384,0.263916015625,0.9042985439300537,0.0013303937939781463,-0.028148843586677685,-40.63311517238617,0.2,-0.03796771541237831,1223.0,-2.11967184
1659,141312,129,39,0.027468096,0.0004092704424510632,5.960464477539062e-07,4400,0.2877197265625,0.9058705568313599,0.15017169271595776,-0.02892850093485322,-40.64606165885925,0.2,0.03620634227991104,1223.0,-2.11967184
1658,141824,130,40,0.014132083,0.0004092704424510632,-6.67572021484375e-06,4416,0.2347412109375,0.9040557742118835,0.0022826884596724994,-0.03164236183511093,-40.65442717075348,0.2,-0.051072727888822556,1223.0,-2.11967184
1658,142336,131,40,0.014916578,0.0004092704424510632,-1.239776611328125e-05,4432,0.22900390625,0.9041089415550232,0.0022374708933057263,-0.026280428806785494,-40.60402715206146,0.2,-0.033094294369220734,1223.0,-2.11790907
1658,142848,132,40,0.024509467,0.0004092704424510632,2.980232238769531e-07,4448,0.27587890625,0.9042474627494812,0.14598361565731466,-0.02304324324359186,-40.616984367370605,0.2,0.049821216613054276,1223.0,-2.11790907
1657,143360,133,41,0.013042266,0.0004092704424510632,-1.823902130126953e-05,4464,0.1939697265625,0.9028632640838623,0.0017077539796446217,-0.018904170603491366,-40.594592690467834,0.2,-0.028307924047112465,1223.0,-2.1135531000000003
1656,143872,134,41,0.019122984,0.0004092704424510632,3.5762786865234375e-07,4480,0.252197265625,0.9028910994529724,0.16238690027967095,-0.02370068247546442,-40.560436844825745,0.2,0.020620379596948624,1223.0,-2.1135531000000003
1656,144384,135,41,0.024203178,0.0004092704424510632,-5.424022674560547e-05,4496,0.257568359375,0.9029836058616638,0.001098089555853221,-0.027109842048957944,-40.55962908267975,0.2,-0.03994731977581978,1223.0,-2.11049395
1656,144896,136,42,0.019881032,0.0004092704424510632,0.0,4512,0.2425537109375,0.9030673503875732,0.1490525344852358,-0.026198356528766453,-40.553802371025085,0.2,0.03811183571815491,1223.0,-2.11049395
1654,145408,137,42,0.015551647,0.0004092704424510632,-9.298324584960938e-06,4528,0.244140625,0.9024309515953064,0.0026031527486338746,-0.026688387035392225,-40.54353070259094,0.2,-0.04133689031004906,1223.0,-2.11049395
1654,145920,138,42,0.016412694,0.0004092704424510632,-5.960464477539062e-07,4544,0.232666015625,0.9005648493766785,0.0030912710572010837,-0.023903705383418128,-40.49961757659912,0.2,-0.033714357763528824,1223.0,-2.1074783299999997
1654,146432,139,43,0.019336144,0.0004092704424510632,2.980232238769531e-07,4560,0.253173828125,0.8987415432929993,0.15941463015042245,-0.025766636535990983,-40.43439781665802,0.2,0.04081304743885994,1223.0,-2.1074783299999997
1653,146944,140,43,0.024336053,0.0004092704424510632,-8.463859558105469e-06,4576,0.2808837890625,0.8993974924087524,0.0013075881670374656,-0.02592083664785605,-40.399834513664246,0.2,-0.036616045981645584,1223.0,-2.1052603700000003
1653,147456,141,43,0.02483856,0.0004092704424510632,2.980232238769531e-07,4592,0.3011474609375,0.8996694087982178,0.15269302180968225,-0.031843807169934735,-40.42721211910248,0.2,0.03575894981622696,1223.0,-2.1052603700000003
1652,147968,142,44,0.01757373,0.0004092704424510632,-8.58306884765625e-06,4608,0.242919921875,0.8997594714164734,0.0016631955695629586,-0.025177190284011886,-40.42808675765991,0.2,-0.038949210196733475,1223.0,-2.1052603700000003
1651,148480,143,44,0.018052943,0.0004092704424510632,-1.3470649719238281e-05,4624,0.2242431640625,0.9001707434654236,0.0019839121559925843,-0.026083691540407017,-40.43799936771393,0.2,-0.03596140071749687,1223.0,-2.1031826000000002
1650,148992,144,44,0.032513097,0.0004092704424510632,5.364418029785156e-07,4640,0.3072509765625,0.9006668925285339,0.08408925496041775,-0.027845788121339865,-40.4466986656189,0.2,0.0004573315382003784,1223.0,-2.1031826000000002
1649,149504,145,45,0.022734644,0.0004092704424510632,-1.5497207641601562e-06,4656,0.27734375,0.8998470902442932,0.0020421985900611617,-0.028502385393949226,-40.44661271572113,0.2,-0.04563649371266365,1223.0,-2.1027658400000004
1647,150016,146,45,0.01344508,0.0004092704424510632,2.384185791015625e-07,4672,0.2017822265625,0.8993895649909973,0.17748952144756913,-0.022949767590034753,-40.4093291759491,0.2,0.06058773770928383,1223.0,-2.1027658400000004
1646,150528,147,45,0.015032669,0.0004092704424510632,-1.4185905456542969e-05,4688,0.2115478515625,0.8976815938949585,0.0013377597024373244,-0.021300293345120735,-40.37416958808899,0.2,-0.029098449274897575,1223.0,-2.1002478700000005
4054,151040,1,0,0.01969911,0.0004092704424510632,1.7881393432617188e-07,4704,0.2767333984375,0.895912230014801,0.1662976210936904,-0.0296119351987727,-40.30970513820648,0.2,0.04436377063393593,1223.0,-2.1002478700000005
2277,151552,2,0,0.011918291,0.0004092704424510632,-7.987022399902344e-06,4720,0.182861328125,0.8954524993896484,0.002386709878919646,-0.020272550638765097,-40.268218755722046,0.2,-0.031047137454152107,1223.0,-2.1002478700000005
1937,152064,3,0,0.016923178,0.0004092704424510632,-8.106231689453125e-06,4736,0.24560546875,0.8966981172561646,0.0017905108798004221,-0.024963206975371577,-40.27637159824371,0.2,-0.041657209396362305,1223.0,-2.0972697500000006
1792,152576,4,1,0.019443857,0.0004092704424510632,0.0,4752,0.2801513671875,0.8958913683891296,0.1742033609189093,-0.02775705626117997,-40.295920729637146,0.2,0.0531277135014534,1223.0,-2.0972697500000006
1751,153088,5,1,0.017586552,0.0004092704424510632,-1.2159347534179688e-05,4768,0.244384765625,0.8942753076553345,0.0014975126014178386,-0.026567219756543636,-40.251341342926025,0.2,-0.05616345256567001,1223.0,-2.0953713
1726,153600,6,1,0.016473882,0.0004092704424510632,1.7881393432617188e-07,4784,0.2181396484375,0.8947532176971436,0.1606742898002267,-0.020402061156346463,-40.23158514499664,0.2,0.059980399906635284,1223.0,-2.0953713
1702,154112,7,2,0.020243146,0.0004092704424510632,-6.556510925292969e-06,4800,0.2247314453125,0.8938024044036865,0.0011556861081771785,-0.022395652282284573,-40.2402468919754,0.2,-0.027604680508375168,1223.0,-2.09361182
1690,154624,8,2,0.022217598,0.0004092704424510632,2.980232238769531e-07,4816,0.2586669921875,0.8934152722358704,0.15572312474250793,-0.02622384569258429,-40.2064847946167,0.2,0.04174848645925522,1223.0,-2.09361182
1671,155136,9,2,0.02121988,0.0004092704424510632,5.0067901611328125e-06,4832,0.2725830078125,0.8941311836242676,0.0025545525531924795,-0.03427327515964862,-40.19972503185272,0.2,-0.04737549275159836,1223.0,-2.09361182
1647,155648,10,3,0.023508394,0.0004092704424510632,-1.4066696166992188e-05,4848,0.2857666015625,0.8933944702148438,0.0021759761475550476,-0.029304639814654365,-40.21011161804199,0.2,-0.03680022805929184,1223.0,-2.0913689599999996
1629,156160,11,3,0.019162841,0.0004092704424510632,-4.76837158203125e-07,4864,0.2476806640625,0.8939626216888428,0.1633766135200858,-0.02649441221728921,-40.19677138328552,0.2,0.043907128274440765,1223.0,-2.0913689599999996
1621,156672,12,3,0.02394324,0.0004092704424510632,-1.7881393432617188e-05,4880,0.2447509765625,0.8938562870025635,0.0012705268909485312,-0.028904697886900976,-40.214357018470764,0.2,-0.04765743017196655,1223.0,-2.09044749
1620,157184,13,4,0.020617204,0.0004092704424510632,3.5762786865234375e-07,4896,0.2396240234375,0.8936406373977661,0.1568513959646225,-0.024900593765778467,-40.20238542556763,0.2,0.04136717692017555,1223.0,-2.09044749
1621,157696,14,4,0.013030403,0.0004092704424510632,-9.655952453613281e-06,4912,0.19140625,0.893156886100769,0.0018005592173722107,-0.020208223664667457,-40.191446185112,0.2,-0.025366606190800667,1223.0,-2.09044749
1616,158208,15,4,0.019376185,0.0004092704424510632,-3.337860107421875e-06,4928,0.2427978515625,0.8939126133918762,0.001845671849878272,-0.025508572478429414,-40.18951094150543,0.2,-0.03566201031208038,1223.0,-2.08783386
1599,158720,16,5,0.021841183,0.0004092704424510632,3.5762786865234375e-07,4944,0.2821044921875,0.8940180540084839,0.1578040758613497,-0.02564491383964196,-40.21331548690796,0.2,0.029510309919714928,1223.0,-2.08783386
1597,159232,17,5,0.025524057,0.0004092704424510632,-1.9073486328125e-05,4960,0.3040771484375,0.8936845660209656,0.0013816670070809778,-0.03189427775214426,-40.20589053630829,0.2,-0.04041534289717674,1223.0,-2.0858090300000005
1602,159744,18,5,0.020429824,0.0004092704424510632,2.980232238769531e-07,4976,0.2486572265625,0.8925173878669739,0.16063198447227478,-0.024005151964956895,-40.18258762359619,0.2,0.03453756123781204,1223.0,-2.0858090300000005
1607,160256,19,6,0.020506356,0.0004092704424510632,-3.5643577575683594e-05,4992,0.263916015625,0.8922110795974731,0.0010798671519296477,-0.02849044465983752,-40.147828102111816,0.2,-0.030648475512862206,1223.0,-2.08338365
1611,160768,20,6,0.020610403,0.0004092704424510632,1.7881393432617188e-07,5008,0.2845458984375,0.8909262418746948,0.1452848855406046,-0.029568960366304964,-40.13502085208893,0.2,0.02592860907316208,1223.0,-2.08338365
1614,161280,21,6,0.010977486,0.0004092704424510632,-4.0531158447265625e-06,5024,0.162109375,0.8917829394340515,0.002265489092678763,-0.01982808977481909,-40.11276018619537,0.2,-0.034369923174381256,1223.0,-2.08338365
1615,161792,22,6,0.01285289,0.0004092704424510632,-8.106231689453125e-06,5040,0.17578125,0.892337441444397,0.0016803837388579268,-0.01849345871596597,-40.14810371398926,0.2,-0.02689066343009472,1223.0,-2.08157542
1613,162304,23,7,0.022170018,0.0004092704424510632,-1.1920928955078125e-07,5056,0.253662109375,0.8909233808517456,0.15550993289798498,-0.02659316238714382,-40.13560140132904,0.2,0.04024096578359604,1223.0,-2.08157542
1611,162816,24,7,0.016924549,0.0004092704424510632,-5.602836608886719e-06,5072,0.2322998046875,0.8897951245307922,0.00133642575929116,-0.02470208759768866,-40.08947432041168,0.2,-0.032022345811128616,1223.0,-2.08103321
1609,163328,25,7,0.01562607,0.0004092704424510632,4.172325134277344e-07,5088,0.2218017578125,0.8894075751304626,0.14825170999392867,-0.02473886417283211,-40.063177704811096,0.2,0.034807875752449036,1223.0,-2.08103321
1608,163840,26,8,0.018710949,0.0004092704424510632,-6.67572021484375e-06,5104,0.2532958984375,0.8903734087944031,0.0018479788250260754,-0.028711614206258673,-40.082987546920776,0.2,-0.035805124789476395,1223.0,-2.08103321
1607,164352,27,8,0.019928254,0.0004092704424510632,-9.894371032714844e-06,5120,0.2491455078125,0.8911948800086975,0.0018567443294159602,-0.02629790219361894,-40.12332725524902,0.2,-0.038761697709560394,1223.0,-2.07698476
1605,164864,28,8,0.03618853,0.0004092704424510632,5.364418029785156e-07,5136,0.348388671875,0.8913611769676208,0.14328743005171418,-0.033267006947426125,-40.13212502002716,0.2,0.020423494279384613,1223.0,-2.07698476
1604,165376,29,9,0.017901093,0.0004092704424510632,-8.702278137207031e-06,5152,0.2176513671875,0.8913180828094482,0.001869686939244275,-0.02430727839237079,-40.13044893741608,0.2,-0.03232676535844803,1223.0,-2.0748443300000003
1604,165888,30,9,0.017708935,0.0004092704424510632,1.7881393432617188e-07,5168,0.2579345703125,0.8904480338096619,0.16246126242913306,-0.024398628709604964,-40.11389183998108,0.2,0.05998776853084564,1223.0,-2.0748443300000003
1602,166400,31,9,0.012903957,0.0004092704424510632,-1.9669532775878906e-05,5184,0.20654296875,0.8883087038993835,0.0014784616960241692,-0.022228265646845102,-40.051496386528015,0.2,-0.03388595953583717,1223.0,-2.0727783000000004
1601,166912,32,10,0.022369798,0.0004092704424510632,1.7881393432617188e-07,5200,0.2803955078125,0.8867602348327637,0.15479768090881407,-0.02872917099739425,-39.981647968292236,0.2,0.036609724164009094,1223.0,-2.0727783000000004
1599,167424,33,10,0.016139723,0.0004092704424510632,-7.033348083496094e-06,5216,0.2352294921875,0.8866285681724548,0.0019232886006648187,-0.02689928664767649,-39.949620485305786,0.2,-0.03561394661664963,1223.0,-2.0727783000000004
1598,167936,34,10,0.021267697,0.0004092704424510632,-7.987022399902344e-06,5232,0.257080078125,0.8862637877464294,0.0016939639226620784,-0.028569382440764457,-39.94155991077423,0.2,-0.03559217229485512,1223.0,-2.07175054
1597,168448,35,11,0.019027755,0.0004092704424510632,0.0,5248,0.2427978515625,0.8863574266433716,0.16066340496763587,-0.024415998632321134,-39.93612062931061,0.2,0.02638155221939087,1223.0,-2.07175054
1597,168960,36,11,0.01991764,0.0004092704424510632,-3.337860107421875e-06,5264,0.250244140625,0.8861640095710754,0.001329577891738154,-0.02730562620854471,-39.931313276290894,0.2,-0.03319748863577843,1223.0,-2.06890395
1595,169472,37,11,0.017766599,0.0004092704424510632,5.364418029785156e-07,5280,0.22021484375,0.8858670592308044,0.14868681132793427,-0.023894367419416085,-39.9310165643692,0.2,0.03990459442138672,1223.0,-2.06890395
1590,169984,38,12,0.013811205,0.0004092704424510632,-5.245208740234375e-06,5296,0.2047119140625,0.8857355713844299,0.0016754272728576325,-0.02489447154221125,-39.92481982707977,0.2,-0.03151536360383034,1223.0,-2.06890395
1591,170496,39,12,0.0147257205,0.0004092704424510632,-9.059906005859375e-06,5312,0.186767578125,0.8853719234466553,0.002265015078592114,-0.022637400186795276,-39.92052710056305,0.2,-0.033174462616443634,1223.0,-2.06413606
1591,171008,40,12,0.033643804,0.0004092704424510632,2.980232238769531e-07,5328,0.292236328125,0.8835752606391907,0.07450471201445907,-0.023576084306114353,-39.88869559764862,0.2,-0.0014852732419967651,1223.0,-2.06413606
1591,171520,41,13,0.017839871,0.0004092704424510632,-4.76837158203125e-07,5344,0.250732421875,0.8832679986953735,0.002384675022767624,-0.024461789231281728,-39.84544253349304,0.2,-0.03884300962090492,1223.0,-2.0624616000000002
1591,172032,42,13,0.020579481,0.0004092704424510632,0.0,5360,0.2374267578125,0.8820555806159973,0.17718781251460314,-0.02407643070910126,-39.824094414711,0.2,0.06023189052939415,1223.0,-2.0624616000000002
1589,172544,43,13,0.019446697,0.0004092704424510632,-1.2636184692382812e-05,5376,0.238037109375,0.8819820284843445,0.0014830868385615759,-0.025744323327671736,-39.793776631355286,0.2,-0.038011882454156876,1223.0,-2.0609271900000006
1589,173056,44,14,0.015852204,0.0004092704424510632,-1.1920928955078125e-07,5392,0.2403564453125,0.8825598955154419,0.1632782630622387,-0.02257783804088831,-39.80809783935547,0.2,0.051398634910583496,1223.0,-2.0609271900000006
1590,173568,45,14,0.0131458845,0.0004092704424510632,-3.4570693969726562e-06,5408,0.1998291015625,0.8813830614089966,0.0016030484748625895,-0.02381568873533979,-39.80387759208679,0.2,-0.022506969049572945,1223.0,-2.0609271900000006
1591,174080,46,14,0.01933142,0.0004092704424510632,-6.67572021484375e-06,5424,0.236328125,0.8803855180740356,0.002036839348875219,-0.023608575575053692,-39.755932569503784,0.2,-0.04532184824347496,1223.0,-2.0575297200000002
1592,174592,47,15,0.019502714,0.0004092704424510632,1.7881393432617188e-07,5440,0.2431640625,0.8791539669036865,0.16824454022571445,-0.026079993913299404,-39.720940589904785,0.2,0.047488026320934296,1223.0,-2.0575297200000002
1592,175104,48,15,0.019791381,0.0004092704424510632,-1.5974044799804688e-05,5456,0.258056640625,0.8795474767684937,0.0012586617140186718,-0.027061406202847138,-39.6995769739151,0.2,-0.04168247431516647,1223.0,-2.05291005
1592,175616,49,15,0.0119532915,0.0004092704424510632,2.980232238769531e-07,5472,0.1842041015625,0.8802531957626343,0.16262510395608842,-0.018689524818910286,-39.73503756523132,0.2,0.07317029684782028,1223.0,-2.05291005
1592,176128,50,16,0.018823504,0.0004092704424510632,-2.6226043701171875e-06,5488,0.2349853515625,0.8810960054397583,0.00139400832085812,-0.02731806438532658,-39.763437390327454,0.2,-0.029772458598017693,1223.0,-2.0499208
1591,176640,51,16,0.020258103,0.0004092704424510632,1.1920928955078125e-07,5504,0.2418212890625,0.881712794303894,0.15183990285731852,-0.025428753375308588,-39.78847682476044,0.2,0.049433063715696335,1223.0,-2.0499208
1590,177152,52,16,0.017267277,0.0004092704424510632,4.231929779052734e-06,5520,0.218994140625,0.8811086416244507,0.002288536914420547,-0.026764956099214032,-39.79525053501129,0.2,-0.040684182196855545,1223.0,-2.0499208
1590,177664,53,17,0.015229473,0.0004092704424510632,-6.4373016357421875e-06,5536,0.2249755859375,0.880198061466217,0.0024598124946351163,-0.026375790970632806,-39.76756572723389,0.2,-0.0410824753344059,1223.0,-2.04755749
1587,178176,54,17,0.014011602,0.0004092704424510632,-2.384185791015625e-07,5552,0.2071533203125,0.8787713050842285,0.16428166069090366,-0.023825939191738144,-39.73149061203003,0.2,0.04497113823890686,1223.0,-2.04755749
1582,178688,55,17,0.019951005,0.0004092704424510632,-8.344650268554688e-07,5568,0.2786865234375,0.878612220287323,0.001357717223072541,-0.031213745518471114,-39.69814217090607,0.2,-0.05027182772755623,1223.0,-2.04450729
1583,179200,56,18,0.019999089,0.0004092704424510632,0.0,5584,0.2169189453125,0.8783131837844849,0.15507352608256042,-0.025315644634247292,-39.69605016708374,0.2,0.05599868297576904,1223.0,-2.04450729
1583,179712,57,18,0.020126738,0.0004092704424510632,-1.3947486877441406e-05,5600,0.269287109375,0.8768824338912964,0.001785279186151456,-0.027574376377742738,-39.66171157360077,0.2,-0.038548775017261505,1223.0,-2.04450729
1582,180224,58,18,0.015004717,0.0004092704424510632,-3.0994415283203125e-06,5616,0.2061767578125,0.8761866092681885,0.0018958709588332567,-0.023560411733342335,-39.6259104013443,0.2,-0.03944353386759758,1223.0,-2.0420802300000003
1581,180736,59,19,0.019241987,0.0004092704424510632,5.364418029785156e-07,5632,0.26123046875,0.8746287226676941,0.1613629963248968,-0.027152225142344832,-39.58658981323242,0.2,0.04312090948224068,1223.0,-2.0420802300000003
1584,181248,60,19,0.01617422,0.0004092704424510632,-1.2874603271484375e-05,5648,0.1962890625,0.874953031539917,0.00144015296609723,-0.02043614887224976,-39.551199555397034,0.2,-0.03524951636791229,1223.0,-2.0364603100000007
1585,181760,61,19,0.014309971,0.0004092704424510632,1.7881393432617188e-07,5664,0.2069091796875,0.8758631348609924,0.161321428604424,-0.02109758395818062,-39.5697546005249,0.2,0.047306276857852936,1223.0,-2.0364603100000007
1586,182272,62,20,0.016653178,0.0004092704424510632,-8.821487426757812e-06,5680,0.2042236328125,0.8758695721626282,0.0010979621147271246,-0.021396128024207428,-39.594825983047485,0.2,-0.03464644029736519,1223.0,-2.0348649300000003
1586,182784,63,20,0.016215945,0.0004092704424510632,0.0,5696,0.2305908203125,0.873603343963623,0.14811507612466812,-0.027916733364691027,-39.56278645992279,0.2,0.03069373592734337,1223.0,-2.0348649300000003
1587,183296,64,20,0.0160839,0.0004092704424510632,-4.172325134277344e-06,5712,0.205322265625,0.8729736804962158,0.002339709102670895,-0.024257855795440264,-39.495877265930176,0.2,-0.0316573902964592,1223.0,-2.0348649300000003
1587,183808,65,20,0.014713429,0.0004092704424510632,-2.5033950805664062e-06,5728,0.222900390625,0.8719969987869263,0.0017893656931846635,-0.025304922688519582,-39.48180389404297,0.2,-0.03483601287007332,1223.0,-2.0314835099999997
1588,184320,66,21,0.023147414,0.0004092704424510632,4.76837158203125e-07,5744,0.2513427734375,0.8709040284156799,0.1565988971851766,-0.026455070823431015,-39.442272424697876,0.2,0.044319842010736465,1223.0,-2.0314835099999997
1588,184832,67,21,0.017012741,0.0004092704424510632,-9.894371032714844e-06,5760,0.2423095703125,0.8704912662506104,0.001237660895640147,-0.029796380767947994,-39.41576445102692,0.2,-0.03829515725374222,1223.0,-2.02883486
1589,185344,68,21,0.018580465,0.0004092704424510632,1.7881393432617188e-07,5776,0.2445068359375,0.8693912625312805,0.14908849890343845,-0.02448009609361179,-39.39297354221344,0.2,0.0276319682598114,1223.0,-2.02883486
1591,185856,69,22,0.019295052,0.0004092704424510632,-3.337860107421875e-06,5792,0.248291015625,0.8675862550735474,0.002097572294587735,-0.02813321238500066,-39.34113693237305,0.2,-0.0337333157658577,1223.0,-2.02883486
1593,186368,70,22,0.01590529,0.0004092704424510632,-5.9604644775390625e-06,5808,0.23046875,0.8672501444816589,0.0023730460525257513,-0.023504212964326143,-39.30649256706238,0.2,-0.030273711308836937,1223.0,-2.02636164
1595,186880,71,22,0.027402487,0.0004092704424510632,-1.1920928955078125e-07,5824,0.281005859375,0.8670236468315125,0.13904084614478052,-0.02356134043657221,-39.30062210559845,0.2,0.030106931924819946,1223.0,-2.02636164
1596,187392,72,23,0.012585184,0.0004092704424510632,-3.0994415283203125e-06,5840,0.1973876953125,0.8661245703697205,0.0020375564527057577,-0.02149402532086242,-39.28959596157074,0.2,-0.012335877865552902,1223.0,-2.02171379
1599,187904,73,23,0.019820776,0.0004092704424510632,1.1920928955078125e-07,5856,0.2503662109375,0.8657535910606384,0.16108353901654482,-0.025968049973016605,-39.258838295936584,0.2,0.04016213119029999,1223.0,-2.02171379
1601,188416,74,23,0.020458553,0.0004092704424510632,-6.794929504394531e-06,5872,0.26611328125,0.8670770525932312,0.001013102261822496,-0.027121610361064086,-39.27253723144531,0.2,-0.032105378806591034,1223.0,-2.0192127799999997
1604,188928,75,23,0.01766153,0.0004092704424510632,0.0,5888,0.2218017578125,0.865364670753479,0.14974763127975166,-0.02252082033373881,-39.282877922058105,0.2,0.05331278592348099,1223.0,-2.0192127799999997
1606,189440,76,24,0.013597954,0.0004092704424510632,-1.0728836059570312e-06,5904,0.1962890625,0.8673091530799866,0.0025771595319383778,-0.021564036476775073,-39.25103425979614,0.2,-0.028116581961512566,1223.0,-2.0192127799999997
1609,189952,77,24,0.01863439,0.0004092704424510632,-5.960464477539062e-07,5920,0.2503662109375,0.8682543635368347,0.0020627550475182943,-0.028237804261152633,-39.323025822639465,0.2,-0.044980067759752274,1223.0,-2.0150269
1610,190464,78,24,0.014770508,0.0004092704424510632,-1.1920928955078125e-07,5936,0.2196044921875,0.8669366240501404,0.16164763341657817,-0.022846218256745487,-39.30968749523163,0.2,0.05651164427399635,1223.0,-2.0150269
1612,190976,79,25,0.02424857,0.0004092704424510632,-4.0531158447265625e-06,5952,0.281005859375,0.8651250600814819,0.001651484639296541,-0.028287266904953867,-39.24705696105957,0.2,-0.03118077851831913,1223.0,-2.01231738
1614,191488,80,25,0.015703864,0.0004092704424510632,1.1920928955078125e-07,5968,0.2197265625,0.8649223446846008,0.1473118243739009,-0.02071523852646351,-39.21102213859558,0.2,0.049100883305072784,1223.0,-2.01231738
1616,192000,81,25,0.022386517,0.0004092704424510632,-3.5762786865234375e-06,5984,0.25830078125,0.8655698299407959,0.0014743743449798785,-0.029748472923529334,-39.213415026664734,0.2,-0.042641542851924896,1223.0,-2.01231738
1617,192512,82,25,0.02178862,0.0004092704424510632,-2.9802322387695312e-06,6000,0.225830078125,0.8649280667304993,0.002546849900681991,-0.022735982667654753,-39.209909200668335,0.2,-0.023569798097014427,1223.0,-2.00959148
1618,193024,83,26,0.036133774,0.0004092704424510632,2.384185791015625e-07,6016,0.2755126953125,0.8649572730064392,0.06444012961583212,-0.02492737627471797,-39.18377244472504,0.2,0.004319000989198685,1223.0,-2.00959148
1620,193536,84,26,0.016171196,0.0004092704424510632,-3.337860107421875e-06,6032,0.2064208984375,0.8652693033218384,0.0015093510555743705,-0.021590039104921743,-39.19328570365906,0.2,-0.032041970640420914,1223.0,-2.00615791
1622,194048,85,26,0.014294708,0.0004092704424510632,5.960464477539063e-08,6048,0.21435546875,0.865806519985199,0.17127671418711543,-0.022933922489755787,-39.19754946231842,0.2,0.0703776553273201,1223.0,-2.00615791
1624,194560,86,27,0.017595368,0.0004092704424510632,-1.7404556274414062e-05,6064,0.270751953125,0.8662237524986267,0.0013169260855647735,-0.027358449704479426,-39.22218430042267,0.2,-0.03757157549262047,1223.0,-2.00257737
1626,195072,87,27,0.016365359,0.0004092704424510632,0.0,6080,0.2301025390625,0.8661453127861023,0.1595845683477819,-0.023501608142396435,-39.22807705402374,0.2,0.021707892417907715,1223.0,-2.00257737
1627,195584,88,27,0.013831722,0.0004092704424510632,-7.152557373046875e-06,6096,0.1910400390625,0.8663774132728577,0.001845100923674181,-0.02216506886179559,-39.22024190425873,0.2,-0.030753642320632935,1223.0,-2.00257737
1628,196096,89,27,0.018291589,0.0004092704424510632,1.7881393432617188e-07,6112,0.255126953125,0.8655821681022644,0.002141211440175539,-0.024426356045296416,-39.212281823158264,0.2,-0.03194034472107887,1223.0,-1.9984172100000002
1631,196608,90,28,0.020467818,0.0004092704424510632,2.980232238769531e-07,6128,0.2579345703125,0.8644351959228516,0.1645929671358317,-0.02845115654054098,-39.17450213432312,0.2,0.02803022414445877,1223.0,-1.9984172100000002
1632,197120,91,28,0.016730856,0.0004092704424510632,-6.198883056640625e-06,6144,0.2420654296875,0.8637003898620605,0.0014873898689984344,-0.02786389278480783,-39.13814342021942,0.2,-0.03026813454926014,1223.0,-1.99380278
1633,197632,92,28,0.019777212,0.0004092704424510632,2.980232238769531e-07,6160,0.264892578125,0.862966775894165,0.15254746610298753,-0.027047385199693963,-39.10441982746124,0.2,0.021317388862371445,1223.0,-1.99380278
1634,198144,93,29,0.011643941,0.0004092704424510632,-4.76837158203125e-07,6176,0.201416015625,0.8635776042938232,0.0012962212604179513,-0.020610371604561806,-39.09509837627411,0.2,-0.026445165276527405,1223.0,-1.9905791
1635,198656,94,29,0.020473663,0.0004092704424510632,2.384185791015625e-07,6192,0.2691650390625,0.8647903203964233,0.14320000866428018,-0.028292132396018133,-39.11629378795624,0.2,0.04253412410616875,1223.0,-1.9905791
1636,199168,95,29,0.014745278,0.0004092704424510632,6.556510925292969e-07,6208,0.2093505859375,0.8652545809745789,0.002392618316662265,-0.025031664030393586,-39.14897978305817,0.2,-0.033820997923612595,1223.0,-1.9905791
1637,199680,96,30,0.015890887,0.0004092704424510632,-2.1457672119140625e-06,6224,0.241943359375,0.8634046316146851,0.0025416758726350963,-0.030232761200750247,-39.126322746276855,0.2,-0.04310641065239906,1223.0,-1.9877100499999998
1637,200192,97,30,0.015577956,0.0004092704424510632,-1.1920928955078125e-07,6240,0.2060546875,0.8628765344619751,0.14979511545971036,-0.02001377346459776,-39.07092320919037,0.2,0.06084718182682991,1223.0,-1.9877100499999998
1637,200704,98,30,0.017679084,0.0004092704424510632,-1.895427703857422e-05,6256,0.2056884765625,0.8642236590385437,0.001363712999591371,-0.023704845341853797,-39.08960425853729,0.2,-0.030867518857121468,1223.0,-1.9846539099999998
1638,201216,99,30,0.020560209,0.0004092704424510632,1.1920928955078125e-07,6272,0.2647705078125,0.8640963435173035,0.14362910692580044,-0.02957928186515346,-39.1214143037796,0.2,0.034852296113967896,1223.0,-1.9846539099999998
1638,201728,100,31,0.017602645,0.0004092704424510632,-1.0371208190917969e-05,6288,0.262939453125,0.8642210960388184,0.0016450491984869586,-0.029495763272279873,-39.10850155353546,0.2,-0.036610204726457596,1223.0,-1.9846539099999998
1638,202240,101,31,0.018341966,0.0004092704424510632,-4.410743713378906e-06,6304,0.2294921875,0.8641836047172546,0.0018084370749420486,-0.025137966164038517,-39.094322204589844,0.2,-0.029710177332162857,1223.0,-1.98203321
1638,202752,102,31,0.02378418,0.0004092704424510632,4.172325134277344e-07,6320,0.2923583984375,0.8645294904708862,0.1477383456658572,-0.02729536560946144,-39.088926911354065,0.2,0.042886316776275635,1223.0,-1.98203321
1639,203264,103,32,0.016129483,0.0004092704424510632,-8.225440979003906e-06,6336,0.2392578125,0.8644710779190063,0.001552736070152605,-0.02577725870651193,-39.09977626800537,0.2,-0.041550807654857635,1223.0,-1.9772841600000002
1639,203776,104,32,0.01768991,0.0004092704424510632,4.172325134277344e-07,6352,0.2625732421875,0.8633374571800232,0.15027317637577653,-0.02595159457268892,-39.08098542690277,0.2,0.04087577760219574,1223.0,-1.9772841600000002
1639,204288,105,32,0.016222814,0.0004092704424510632,-9.417533874511719e-06,6368,0.2344970703125,0.8626311421394348,0.0014347768228617497,-0.023644253000384197,-39.0380562543869,0.2,-0.036323558539152145,1223.0,-1.97321377
1640,204800,106,33,0.02103542,0.0004092704424510632,1.1920928955078125e-07,6384,0.2650146484375,0.8619759678840637,0.13978385040536523,-0.03175333046237938,-39.0226948261261,0.2,0.024035632610321045,1223.0,-1.97321377
1640,205312,107,33,0.02183571,0.0004092704424510632,-2.6226043701171875e-06,6400,0.2362060546875,0.8611306548118591,0.00223208394163521,-0.027187437444808893,-38.99894940853119,0.2,-0.03092499077320099,1223.0,-1.97321377
1641,205824,108,33,0.016692594,0.0004092704424510632,-9.417533874511719e-06,6416,0.2216796875,0.8599357604980469,0.0014360177356138593,-0.026904390237177722,-38.96059536933899,0.2,-0.0403151772916317,1223.0,-1.9679337200000004
1643,206336,109,33,0.01593998,0.0004092704424510632,2.384185791015625e-07,6432,0.249267578125,0.8597759008407593,0.14209154760465026,-0.026370477164164186,-38.92886996269226,0.2,0.01882258430123329,1223.0,-1.9679337200000004
1644,206848,110,34,0.014230556,0.0004092704424510632,-3.6954879760742188e-06,6448,0.2171630859375,0.8594708442687988,0.001157392709501437,-0.022634259730693884,-38.9247841835022,0.2,-0.033676132559776306,1223.0,-1.96467976
1646,207360,111,34,0.01662638,0.0004092704424510632,4.172325134277344e-07,6464,0.2457275390625,0.8600348234176636,0.1373667144216597,-0.023939464357681572,-38.92258536815643,0.2,0.041910696774721146,1223.0,-1.96467976
1648,207872,112,34,0.013564048,0.0004092704424510632,4.76837158203125e-07,6480,0.1790771484375,0.8614665865898132,0.0014936753814254189,-0.02231722119904589,-38.95726799964905,0.2,-0.03363307565450668,1223.0,-1.96467976
1649,208384,113,35,0.018113993,0.0004092704424510632,-5.0067901611328125e-06,6496,0.23974609375,0.8627411127090454,0.0024268537199532147,-0.026466202893061563,-38.99933576583862,0.2,-0.04479482024908066,1223.0,-1.9628766500000003
1650,208896,114,35,0.026067436,0.0004092704424510632,1.7881393432617188e-07,6512,0.289794921875,0.863029956817627,0.12303260643966496,-0.025022073761647334,-39.03040254116058,0.2,0.019971661269664764,1223.0,-1.9628766500000003
1651,209408,115,35,0.020891115,0.0004092704424510632,-4.887580871582031e-06,6528,0.242431640625,0.8627073168754578,0.0020352413157525007,-0.02345356796286069,-39.02893328666687,0.2,-0.03915444761514664,1223.0,-1.96120921
1651,209920,116,35,0.021613698,0.0004092704424510632,4.172325134277344e-07,6544,0.27197265625,0.8629071712493896,0.14934186777099967,-0.026678617694415152,-39.024330496788025,0.2,0.04497023671865463,1223.0,-1.96120921
1651,210432,117,36,0.019537553,0.0004092704424510632,2.9802322387695312e-06,6560,0.255126953125,0.8617483377456665,0.00150783161916479,-0.028262512350920588,-39.019636154174805,0.2,-0.03727923706173897,1223.0,-1.95929366
1652,210944,118,36,0.020015024,0.0004092704424510632,2.980232238769531e-07,6576,0.271728515625,0.8602017164230347,0.14148468687199056,-0.028823365544667467,-38.966814279556274,0.2,0.0325995571911335,1223.0,-1.95929366
1653,211456,119,36,0.012080059,0.0004092704424510632,6.4373016357421875e-06,6592,0.1973876953125,0.8594911098480225,0.0017823686284828,-0.021185394027270377,-38.93075227737427,0.2,-0.030100589618086815,1223.0,-1.95929366
1654,211968,120,37,0.015721478,0.0004092704424510632,-2.86102294921875e-06,6608,0.2197265625,0.8590778112411499,0.0024419008041149937,-0.024671186081832275,-38.91300690174103,0.2,-0.02103319764137268,1223.0,-1.95439943
1654,212480,121,37,0.018081062,0.0004092704424510632,2.980232238769531e-07,6624,0.21875,0.858116090297699,0.15111177135258913,-0.026829528767848387,-38.89721667766571,0.2,0.02438436448574066,1223.0,-1.95439943
1655,212992,122,37,0.021051988,0.0004092704424510632,-5.0067901611328125e-06,6640,0.2568359375,0.8579064607620239,0.0012500040593295125,-0.027113264513900504,-38.87570416927338,0.2,-0.038741566240787506,1223.0,-1.9508145000000001
1656,213504,123,38,0.012677578,0.0004092704424510632,2.980232238769531e-07,6656,0.20556640625,0.8593560457229614,0.13951645488850772,-0.022521873499499634,-38.895878076553345,0.2,0.027971580624580383,1223.0,-1.9508145000000001
1657,214016,124,38,0.013415829,0.0004092704424510632,-5.364418029785156e-06,6672,0.2005615234375,0.8604734539985657,0.001462169489968801,-0.021207895333645865,-38.94345307350159,0.2,-0.03196142613887787,1223.0,-1.9508145000000001
1658,214528,125,38,0.021051075,0.0004092704424510632,-2.0265579223632812e-06,6688,0.2757568359375,0.8605124354362488,0.0024464128546242137,-0.030212514742743224,-38.956390738487244,0.2,-0.046900685876607895,1223.0,-1.9499052400000003
1659,215040,126,38,0.027608756,0.0004092704424510632,7.748603820800781e-07,6704,0.262451171875,0.8599820733070374,0.05334407155169174,-0.019953140144934878,-38.94318175315857,0.2,0.00412464514374733,1223.0,-1.9499052400000003
1659,215552,127,39,0.01491232,0.0004092704424510632,-4.76837158203125e-07,6720,0.233642578125,0.8585345149040222,0.0017641510949033545,-0.027364380715880543,-38.9163738489151,0.2,-0.04148515313863754,1223.0,-1.94854648
1658,216064,128,39,0.014381869,0.0004092704424510632,1.7881393432617188e-07,6736,0.2264404296875,0.8576163649559021,0.16568109299987555,-0.024672101222677156,-38.86755859851837,0.2,0.03606168180704117,1223.0,-1.94854648
1657,216576,129,39,0.0185365,0.0004092704424510632,8.344650268554688e-07,6752,0.236083984375,0.8575268387794495,0.001114251053877524,-0.026103723750566132,-38.846004366874695,0.2,-0.03743639588356018,1223.0,-1.94659408
1658,217088,130,40,0.017374609,0.0004092704424510632,2.980232238769531e-07,6768,0.2203369140625,0.8580812811851501,0.15391838317736983,-0.02356891136150807,-38.84597647190094,0.2,0.038643792271614075,1223.0,-1.94659408
1659,217600,131,40,0.014346,0.0004092704424510632,-1.3113021850585938e-06,6784,0.193115234375,0.8588775992393494,0.002029149662121199,-0.02031151411938481,-38.869887471199036,0.2,-0.030101265758275986,1223.0,-1.94659408
1659,218112,132,40,0.014953773,0.0004092704424510632,-6.794929504394531e-06,6800,0.2177734375,0.8579909801483154,0.002116948202456115,-0.024351067710085772,-38.87824189662933,0.2,-0.03387833014130592,1223.0,-1.94448982
1659,218624,133,41,0.01532117,0.0004092704424510632,1.1920928955078125e-07,6816,0.228759765625,0.8563687205314636,0.1666893574874848,-0.0227479315653909,-38.8269522190094,0.2,0.05493474379181862,1223.0,-1.94448982
1659,219136,134,41,0.01715897,0.0004092704424510632,-8.702278137207031e-06,6832,0.232177734375,0.855893611907959,0.0014403252262127353,-0.022350132814608514,-38.77971386909485,0.2,-0.03959793969988823,1223.0,-1.94058265
1660,219648,135,41,0.021482397,0.0004092704424510632,1.1920928955078125e-07,6848,0.2412109375,0.8541896939277649,0.15338225290179253,-0.023460520227672532,-38.75273549556732,0.2,0.03713428974151611,1223.0,-1.94058265
1661,220160,136,41,0.019399524,0.0004092704424510632,-1.3709068298339844e-05,6864,0.2535400390625,0.8541353344917297,0.0009027276901178993,-0.028257891550310887,-38.70204269886017,0.2,-0.047711122781038284,1223.0,-1.93719404
1662,220672,137,42,0.020987466,0.0004092704424510632,5.364418029785156e-07,6880,0.261474609375,0.8537960648536682,0.14179872791282833,-0.027713889634469524,-38.69853150844574,0.2,0.03184960037469864,1223.0,-1.93719404
1662,221184,138,42,0.0120412465,0.0004092704424510632,6.079673767089844e-06,6896,0.18505859375,0.8534206748008728,0.0022439995227614418,-0.019785430864430964,-38.67738330364227,0.2,-0.03661807253956795,1223.0,-1.93719404
1662,221696,139,42,0.02565052,0.0004092704424510632,-3.814697265625e-06,6912,0.292236328125,0.8540750741958618,0.0017351328824588563,-0.02708245679968968,-38.6790030002594,0.2,-0.032372042536735535,1223.0,-1.9340403600000002
1663,222208,140,43,0.01695215,0.0004092704424510632,2.384185791015625e-07,6928,0.2257080078125,0.8546069860458374,0.1433522196020931,-0.02722852714941837,-38.700801730155945,0.2,0.015773680061101913,1223.0,-1.9340403600000002
1664,222720,141,43,0.021203931,0.0004092704424510632,-1.3589859008789062e-05,6944,0.2373046875,0.853192150592804,0.0013317464054125594,-0.023310775810386986,-38.676531195640564,0.2,-0.03701470047235489,1223.0,-1.93365351
1664,223232,142,43,0.016489135,0.0004092704424510632,2.980232238769531e-07,6960,0.20166015625,0.8528531789779663,0.1424400806427002,-0.021446455735713243,-38.62588310241699,0.2,0.030411429703235626,1223.0,-1.93365351
1664,223744,143,43,0.018953195,0.0004092704424510632,-4.291534423828125e-06,6976,0.2249755859375,0.8531461954116821,0.0015603816682414617,-0.02223778855841374,-38.621615290641785,0.2,-0.03615020215511322,1223.0,-1.93365351
1664,224256,144,44,0.022969902,0.0004092704424510632,-5.125999450683594e-06,6992,0.26123046875,0.8525094389915466,0.0017675713079370325,-0.02961843486991711,-38.61933970451355,0.2,-0.03046763688325882,1223.0,-1.93093394
1665,224768,145,44,0.012301867,0.0004092704424510632,2.384185791015625e-07,7008,0.197509765625,0.8532152771949768,0.14264634065330029,-0.020575985035975464,-38.61725676059723,0.2,0.03330225497484207,1223.0,-1.93093394
1665,225280,146,44,0.019395426,0.0004092704424510632,-7.748603820800781e-06,7024,0.2508544921875,0.8548009991645813,0.0019603111377364257,-0.022513290474307723,-38.661317348480225,0.2,-0.025240514427423477,1223.0,-1.9285774699999998
1666,225792,147,45,0.019465342,0.0004092704424510632,1.7881393432617188e-07,7040,0.2366943359375,0.8545118570327759,0.14570595626719296,-0.022547424130607396,-38.696617007255554,0.2,0.04517689719796181,1223.0,-1.9285774699999998
4118,226304,1,0,0.02160812,0.0004092704424510632,-1.6927719116210938e-05,7056,0.2562255859375,0.8541339635848999,0.001213159584949608,-0.025524990538542625,-38.68011510372162,0.2,-0.035930559039115906,1223.0,-1.92541224
2514,226816,2,0,0.016872793,0.0004092704424510632,-1.1920928955078125e-07,7072,0.2513427734375,0.8531880378723145,0.13907256117090583,-0.026154065679293126,-38.66019916534424,0.2,0.03912421688437462,1223.0,-1.92541224
2195,227328,3,0,0.021906147,0.0004092704424510632,-2.9802322387695312e-06,7088,0.2508544921875,0.851432204246521,0.0018059190006169956,-0.02536084534949623,-38.610408902168274,0.2,-0.039273813366889954,1223.0,-1.92541224
2064,227840,4,0,0.020870063,0.0004092704424510632,-3.814697265625e-06,7104,0.2613525390625,0.8513079285621643,0.0018481362567399628,-0.03102765922085382,-38.576096534729004,0.2,-0.0434684157371521,1223.0,-1.9216092099999995
1996,228352,5,1,0.020875309,0.0004092704424510632,1.1920928955078125e-07,7120,0.27099609375,0.8507111072540283,0.14735647570341825,-0.028935345268109813,-38.58119785785675,0.2,0.031930193305015564,1223.0,-1.9216092099999995
1933,228864,6,1,0.0216517,0.0004092704424510632,-5.245208740234375e-06,7136,0.2725830078125,0.8506408333778381,0.0012912969668832375,-0.0237141648249235,-38.560006856918335,0.2,-0.03223763778805733,1223.0,-1.9212316699999996
1886,229376,7,1,0.019233523,0.0004092704424510632,2.384185791015625e-07,7152,0.2340087890625,0.8519296050071716,0.13480472820810974,-0.025262574883527122,-38.58366930484772,0.2,0.02440941333770752,1223.0,-1.9212316699999996
1850,229888,8,2,0.012521746,0.0004092704424510632,6.556510925292969e-07,7168,0.15625,0.8511032462120056,0.0017957065101654734,-0.013981477706693113,-38.5987114906311,0.2,-0.027423636987805367,1223.0,-1.9212316699999996
1820,230400,9,2,0.017084405,0.0004092704424510632,-1.0371208190917969e-05,7184,0.232177734375,0.8489019274711609,0.0021956875643809326,-0.024364383021747926,-38.54860055446625,0.2,-0.03604818135499954,1223.0,-1.9187165
1813,230912,10,2,0.040448867,0.0004092704424510632,2.384185791015625e-07,7200,0.3333740234375,0.8482986092567444,0.12026769458316267,-0.03262162650935352,-38.489657402038574,0.2,0.011234328150749207,1223.0,-1.9187165
1806,231424,11,3,0.019144272,0.0004092704424510632,-3.4570693969726562e-06,7216,0.252197265625,0.8488620519638062,0.0019756296860578004,-0.0267900312137499,-38.48475742340088,0.2,-0.037989530712366104,1223.0,-1.9169340599999998
1803,231936,12,3,0.018598456,0.0004092704424510632,1.7881393432617188e-07,7232,0.2593994140625,0.8481978178024292,0.14863561769016087,-0.025408616464119405,-38.49503493309021,0.2,0.04127851128578186,1223.0,-1.9169340599999998
1799,232448,13,3,0.023172718,0.0004092704424510632,1.519918441772461e-05,7248,0.3006591796875,0.8480967879295349,0.0009965949338948121,-0.02911203494295478,-38.471583008766174,0.2,-0.04398941248655319,1223.0,-1.9155286099999997
1786,232960,14,4,0.0195952,0.0004092704424510632,2.384185791015625e-07,7264,0.2410888671875,0.8476872444152832,0.13936050073243678,-0.02132329691085033,-38.46605598926544,0.2,0.04197372868657112,1223.0,-1.9155286099999997
1783,233472,15,4,0.0153218955,0.0004092704424510632,6.67572021484375e-06,7280,0.2159423828125,0.8460831046104431,0.0019609871742432006,-0.022353817388648167,-38.44359469413757,0.2,-0.032189927995204926,1223.0,-1.9155286099999997
1775,233984,16,4,0.018536408,0.0004092704424510632,-3.2186508178710938e-06,7296,0.2470703125,0.846177339553833,0.0018937575878226198,-0.024829605099512264,-38.40447771549225,0.2,-0.03102077730000019,1223.0,-1.9121086100000002
1771,234496,17,4,0.01747955,0.0004092704424510632,1.7881393432617188e-07,7312,0.2603759765625,0.8461198210716248,0.14459525048732758,-0.028358054085401818,-38.41642725467682,0.2,0.02614142745733261,1223.0,-1.9121086100000002
1768,235008,18,5,0.02116562,0.0004092704424510632,-6.198883056640625e-06,7328,0.266845703125,0.8471258878707886,0.0013849049046257278,-0.028411565188434906,-38.44162881374359,0.2,-0.03984581679105759,1223.0,-1.9105657300000005
1766,235520,19,5,0.019619118,0.0004092704424510632,0.0,7344,0.212890625,0.8492218852043152,0.1352583598345518,-0.024174702673917636,-38.50764346122742,0.2,0.029536794871091843,1223.0,-1.9105657300000005
1768,236032,20,5,0.018531762,0.0004092704424510632,2.3245811462402344e-06,7360,0.2454833984375,0.8494048714637756,0.0012514389563875739,-0.026003692095400766,-38.54965806007385,0.2,-0.031586479395627975,1223.0,-1.9105657300000005
1764,236544,21,6,0.016739704,0.0004092704424510632,-4.291534423828125e-06,7376,0.1986083984375,0.8497698307037354,0.002594132634840207,-0.019967780681326985,-38.552005648612976,0.2,-0.03695086017251015,1223.0,-1.9096074
1765,237056,22,6,0.037044466,0.0004092704424510632,3.5762786865234375e-07,7392,0.2841796875,0.8496155738830566,0.04204316011600895,-0.02011661407595966,-38.551992893218994,0.2,-0.0021925941109657288,1223.0,-1.9096074
1768,237568,23,6,0.013874542,0.0004092704424510632,-1.9073486328125e-06,7408,0.20068359375,0.8494441509246826,0.002076391378068365,-0.02245006154407747,-38.54320430755615,0.2,-0.031794000416994095,1223.0,-1.90596757
1767,238080,24,6,0.018683199,0.0004092704424510632,1.1920928955078125e-07,7424,0.228759765625,0.8502526879310608,0.15818272903561592,-0.023603598434419837,-38.55030417442322,0.2,0.03315937519073486,1223.0,-1.90596757
1764,238592,25,7,0.016825877,0.0004092704424510632,-9.179115295410156e-06,7440,0.2425537109375,0.8487610220909119,0.0018895853991125477,-0.0243337840984168,-38.55377495288849,0.2,-0.035544898360967636,1223.0,-1.9060923200000004
1762,239104,26,7,0.022027133,0.0004092704424510632,1.7881393432617188e-07,7456,0.2738037109375,0.8476451635360718,0.1488797958008945,-0.02810101123759523,-38.49978220462799,0.2,0.04395931214094162,1223.0,-1.9060923200000004
1758,239616,27,7,0.018309157,0.0004092704424510632,-1.4781951904296875e-05,7472,0.2724609375,0.8468315005302429,0.001789553487469675,-0.02857660426525399,-38.46634328365326,0.2,-0.04744638130068779,1223.0,-1.9060923200000004
1753,240128,28,8,0.018764112,0.0004092704424510632,-2.5033950805664062e-06,7488,0.2593994140625,0.8453924655914307,0.0020391245634527877,-0.025949963950552046,-38.420950055122375,0.2,-0.04880142584443092,1223.0,-1.9057340600000003
1745,240640,29,8,0.020270277,0.0004092704424510632,3.5762786865234375e-07,7504,0.2574462890625,0.8450562357902527,0.16394211305305362,-0.023759459625580348,-38.380526304244995,0.2,0.05240285396575928,1223.0,-1.9057340600000003
1741,241152,30,8,0.015831616,0.0004092704424510632,-1.1086463928222656e-05,7520,0.19970703125,0.8442296385765076,0.0012288473390071886,-0.02372863981872797,-38.362422585487366,0.2,-0.03482070565223694,1223.0,-1.9030817300000007
1738,241664,31,9,0.021411307,0.0004092704424510632,1.7881393432617188e-07,7536,0.2723388671875,0.8432313203811646,0.1505140122026205,-0.02628298444324173,-38.32383859157562,0.2,0.04061917960643768,1223.0,-1.9030817300000007
1736,242176,32,9,0.018184192,0.0004092704424510632,-1.7881393432617188e-06,7552,0.238525390625,0.8430001735687256,0.0012454505613277433,-0.025567977179889567,-38.297202944755554,0.2,-0.04014237970113754,1223.0,-1.9007964300000004
1736,242688,33,9,0.019222144,0.0004092704424510632,2.384185791015625e-07,7568,0.238037109375,0.8425643444061279,0.14273263374343514,-0.025004726012411993,-38.28691637516022,0.2,0.03560008481144905,1223.0,-1.9007964300000004
1730,243200,34,10,0.014499835,0.0004092704424510632,-2.384185791015625e-06,7584,0.2220458984375,0.8436419367790222,0.001803934730560286,-0.022948484169319272,-38.28674101829529,0.2,-0.03234236314892769,1223.0,-1.9007964300000004
1731,243712,35,10,0.01763152,0.0004092704424510632,1.4901161193847656e-06,7600,0.2471923828125,0.844448983669281,0.0023219688300741836,-0.02560248176450841,-38.32547867298126,0.2,-0.04002497345209122,1223.0,-1.89752174
1727,244224,36,10,0.016961755,0.0004092704424510632,2.384185791015625e-07,7616,0.2178955078125,0.8438050746917725,0.14295437559485435,-0.02506313641788438,-38.33511519432068,0.2,0.035355791449546814,1223.0,-1.89752174
1725,244736,37,10,0.018184638,0.0004092704424510632,3.814697265625e-06,7632,0.214111328125,0.8431225419044495,0.0012522817160061095,-0.024860858713509515,-38.311951637268066,0.2,-0.026999184861779213,1223.0,-1.8954860000000002
1722,245248,38,11,0.021025166,0.0004092704424510632,1.1920928955078125e-07,7648,0.247802734375,0.841988742351532,0.13452491746284068,-0.023710146750090644,-38.28955328464508,0.2,0.03619983419775963,1223.0,-1.8954860000000002
1719,245760,39,11,0.014265986,0.0004092704424510632,-4.887580871582031e-06,7664,0.2154541015625,0.8413317203521729,0.0016542957055207808,-0.024529121670639142,-38.24741542339325,0.2,-0.02141246199607849,1223.0,-1.8954860000000002
1716,246272,40,11,0.022606503,0.0004092704424510632,-5.602836608886719e-06,7680,0.2928466796875,0.8411720991134644,0.0021177875132707413,-0.029242193850222975,-38.23406481742859,0.2,-0.045178450644016266,1223.0,-1.8959506400000004
1714,246784,41,12,0.020160176,0.0004092704424510632,2.980232238769531e-07,7696,0.23974609375,0.8412156701087952,0.14718148903921247,-0.020431251439731568,-38.23264741897583,0.2,0.03779132664203644,1223.0,-1.8959506400000004
1714,247296,42,12,0.01945477,0.0004092704424510632,-3.337860107421875e-06,7712,0.2471923828125,0.841044008731842,0.0015898399833531585,-0.026542810155660845,-38.23634195327759,0.2,-0.03879936784505844,1223.0,-1.8953956800000002
1715,247808,43,12,0.014370498,0.0004092704424510632,1.7881393432617188e-07,7728,0.2130126953125,0.8411065936088562,0.145163704873994,-0.02330306061776355,-38.23466610908508,0.2,0.06088472902774811,1223.0,-1.8953956800000002
1717,248320,44,13,0.013850921,0.0004092704424510632,-7.987022399902344e-06,7744,0.19873046875,0.8409566283226013,0.00104743751398928,-0.01941560988780111,-38.236241579055786,0.2,-0.02793307788670063,1223.0,-1.8930641700000002
1717,248832,45,13,0.018869998,0.0004092704424510632,1.1920928955078125e-07,7760,0.2359619140625,0.8404445052146912,0.13674298883415759,-0.02307703366386704,-38.22856271266937,0.2,0.02904568985104561,1223.0,-1.8930641700000002
1718,249344,46,13,0.023420177,0.0004092704424510632,-4.649162292480469e-06,7776,0.2567138671875,0.840297520160675,0.002215613490989199,-0.030211427685571834,-38.20770311355591,0.2,-0.04960651323199272,1223.0,-1.8930641700000002
1721,249856,47,13,0.016122174,0.0004092704424510632,9.5367431640625e-07,7792,0.25439453125,0.8402590751647949,0.0015237904444802552,-0.02774582071288023,-38.21183955669403,0.2,-0.038636572659015656,1223.0,-1.89202699
1724,250368,48,14,0.019796947,0.0004092704424510632,2.980232238769531e-07,7808,0.29345703125,0.8398261070251465,0.14338521170429885,-0.0363076769572217,-38.20145809650421,0.2,0.015817642211914062,1223.0,-1.89202699
1728,250880,49,14,0.019634757,0.0004092704424510632,-4.887580871582031e-06,7824,0.22900390625,0.8400947451591492,0.0012466634743759641,-0.021537073262152262,-38.19001615047455,0.2,-0.039632026106119156,1223.0,-1.8921105
1732,251392,50,14,0.017224226,0.0004092704424510632,3.5762786865234375e-07,7840,0.24755859375,0.8389491438865662,0.13768320181407034,-0.024704808405658696,-38.18405222892761,0.2,0.04772798344492912,1223.0,-1.8921105
1734,251904,51,15,0.013257206,0.0004092704424510632,1.1324882507324219e-06,7856,0.198486328125,0.8393262028694153,0.001852914567280095,-0.022676247404888272,-38.15403389930725,0.2,-0.027936197817325592,1223.0,-1.8921105
1737,252416,52,15,0.017154954,0.0004092704424510632,-1.0132789611816406e-05,7872,0.2294921875,0.8383418321609497,0.002145199010556098,-0.023019328800728545,-38.16023862361908,0.2,-0.026774421334266663,1223.0,-1.89223282
1739,252928,53,15,0.023393381,0.0004092704424510632,-1.1920928955078125e-07,7888,0.2440185546875,0.837385356426239,0.12245344184339046,-0.018668106858967803,-38.12619364261627,0.2,0.0426362007856369,1223.0,-1.89223282
1742,253440,54,15,0.020197887,0.0004092704424510632,4.76837158203125e-06,7904,0.2640380859375,0.8365353941917419,0.0015878923568379832,-0.026097542548086494,-38.10039687156677,0.2,-0.0423700176179409,1223.0,-1.8926877299999998
1744,253952,55,16,0.021235213,0.0004092704424510632,4.172325134277344e-07,7920,0.2843017578125,0.8349531888961792,0.15382997505366802,-0.026392394123831764,-38.06288397312164,0.2,0.04794268310070038,1223.0,-1.8926877299999998
1746,254464,56,16,0.012225125,0.0004092704424510632,7.569789886474609e-06,7936,0.21044921875,0.8333163857460022,0.0012513506662799045,-0.023431633235304616,-38.0079790353775,0.2,-0.03710004314780235,1223.0,-1.8904189200000001
1747,254976,57,16,0.018965952,0.0004092704424510632,2.384185791015625e-07,7952,0.25341796875,0.8329365849494934,0.1440188460983336,-0.023382736748317257,-37.98122549057007,0.2,0.03515700250864029,1223.0,-1.8904189200000001
1748,255488,58,16,0.016910462,0.0004092704424510632,-6.67572021484375e-06,7968,0.243408203125,0.8329882621765137,0.001730191561364336,-0.02694480174977798,-37.987303376197815,0.2,-0.02847359888255596,1223.0,-1.8904189200000001
1749,256000,59,17,0.023141481,0.0004092704424510632,-1.0728836059570312e-06,7984,0.25732421875,0.8309508562088013,0.0021387195265560877,-0.025149430366582237,-37.95702397823334,0.2,-0.038902685046195984,1223.0,-1.88738731
1749,256512,60,17,0.016136311,0.0004092704424510632,1.7881393432617188e-07,8000,0.202880859375,0.8298574686050415,0.15339988283813,-0.021854352627997287,-37.892722725868225,0.2,0.03890898823738098,1223.0,-1.88738731
1749,257024,61,17,0.016171034,0.0004092704424510632,7.152557373046875e-07,8016,0.2235107421875,0.8292247653007507,0.0013076577706669923,-0.023993859387701377,-37.865312337875366,0.2,-0.031072981655597687,1223.0,-1.8860942
1749,257536,62,18,0.01618125,0.0004092704424510632,2.384185791015625e-07,8032,0.2176513671875,0.8290061354637146,0.14238950586877763,-0.024476674603647552,-37.85129475593567,0.2,0.04302184656262398,1223.0,-1.8860942
1749,258048,63,18,0.020353306,0.0004092704424510632,5.066394805908203e-06,8048,0.29541015625,0.8295001983642578,0.0014793690752412658,-0.029154210089473054,-37.84297251701355,0.2,-0.03547346219420433,1223.0,-1.8860942
1747,258560,64,18,0.017603924,0.0004092704424510632,-2.0265579223632812e-06,8064,0.23828125,0.830475389957428,0.0034296524172532372,-0.025530387909384444,-37.863874316215515,0.2,-0.03732666000723839,1223.0,-1.8847071100000001
1748,259072,65,19,0.027624557,0.0004092704424510632,2.384185791015625e-07,8080,0.272705078125,0.8312328457832336,0.03306853838148527,-0.020168948874925263,-37.893423557281494,0.2,-0.014667082577943802,1223.0,-1.8847071100000001
1748,259584,66,19,0.015475085,0.0004092704424510632,-3.337860107421875e-06,8096,0.260498046875,0.8308524489402771,0.002277895651786821,-0.03217611074796878,-37.913580656051636,0.2,-0.04855687543749809,1223.0,-1.8830285100000004
1749,260096,67,19,0.013776021,0.0004092704424510632,1.1920928955078125e-07,8112,0.2333984375,0.8301370739936829,0.16604829113930464,-0.026227327456581406,-37.89406943321228,0.2,0.051444049924612045,1223.0,-1.8830285100000004
1750,260608,68,19,0.015259936,0.0004092704424510632,-2.09808349609375e-05,8128,0.232177734375,0.8304140567779541,0.0012380542029859498,-0.026006471103755757,-37.883687257766724,0.2,-0.02327052131295204,1223.0,-1.88077095
1750,261120,69,20,0.026280195,0.0004092704424510632,0.0,8144,0.2537841796875,0.8307622075080872,0.15022675157524645,-0.02493597925058566,-37.900853753089905,0.2,0.057007767260074615,1223.0,-1.88077095
1750,261632,70,20,0.020895176,0.0004092704424510632,-7.748603820800781e-06,8160,0.237548828125,0.8327280282974243,0.0017670404522505123,-0.023678270896198228,-37.948347330093384,0.2,-0.03338366001844406,1223.0,-1.88077095
1752,262144,71,20,0.013683364,0.0004092704424510632,-7.033348083496094e-06,8176,0.1954345703125,0.8331310153007507,0.0018980819331773091,-0.02137981038686121,-38.00167679786682,0.2,-0.03807833790779114,1223.0,-1.8791071000000001
1753,262656,72,21,0.0140336305,0.0004092704424510632,1.1920928955078125e-07,8192,0.2349853515625,0.8320392370223999,0.15959654049947858,-0.023254668416484492,-37.98979938030243,0.2,0.05324971675872803,1223.0,-1.8791071000000001
1754,263168,73,21,0.015185979,0.0004092704424510632,-1.1682510375976562e-05,8208,0.210205078125,0.832332193851471,0.0010642897996149259,-0.021068062735139392,-37.97106623649597,0.2,-0.033750638365745544,1223.0,-1.8780393800000001
1756,263680,74,21,0.014859788,0.0004092704424510632,4.172325134277344e-07,8224,0.220703125,0.8334595561027527,0.15080706938169897,-0.024580451543442905,-38.00024437904358,0.2,0.036495693027973175,1223.0,-1.8780393800000001
1757,264192,75,21,0.015848229,0.0004092704424510632,-5.364418029785156e-06,8240,0.23193359375,0.8333645462989807,0.0010375602905696724,-0.024370326937059872,-38.01639723777771,0.2,-0.03146432340145111,1223.0,-1.87662316
1754,264704,76,22,0.017418915,0.0004092704424510632,1.1920928955078125e-07,8256,0.2152099609375,0.8327030539512634,0.1386603033170104,-0.021398385149950627,-37.9899959564209,0.2,0.03422658145427704,1223.0,-1.87662316
1751,265216,77,22,0.017627751,0.0004092704424510632,-3.5762786865234375e-07,8272,0.21533203125,0.8327762484550476,0.0024382327173952945,-0.02374954189872369,-37.974992871284485,0.2,-0.035620205104351044,1223.0,-1.87662316
1750,265728,78,22,0.018654045,0.0004092704424510632,-1.6689300537109375e-06,8288,0.2236328125,0.8325564861297607,0.0020782662031706423,-0.026509988587349653,-37.975364565849304,0.2,-0.031618881970644,1223.0,-1.8760297700000002
1752,266240,79,23,0.016907878,0.0004092704424510632,2.384185791015625e-07,8304,0.244873046875,0.8324635624885559,0.14433109131641686,-0.021966631524264812,-37.971490144729614,0.2,0.04877423495054245,1223.0,-1.8760297700000002
1754,266752,80,23,0.017413117,0.0004092704424510632,-1.239776611328125e-05,8320,0.23828125,0.832705557346344,0.0011374305177014321,-0.02461594733176753,-37.97523605823517,0.2,-0.02821938879787922,1223.0,-1.8739267200000003
1755,267264,81,23,0.021614814,0.0004092704424510632,0.0,8336,0.254150390625,0.8316329717636108,0.13619487709365785,-0.02359356454689987,-37.97320330142975,0.2,0.03376610949635506,1223.0,-1.8739267200000003
1757,267776,82,23,0.017193824,0.0004092704424510632,-1.0728836059570312e-06,8352,0.2493896484375,0.8308958411216736,0.0015427514790644636,-0.026172557249083184,-37.92433786392212,0.2,-0.030859308317303658,1223.0,-1.8739267200000003
1759,268288,83,24,0.016094014,0.0004092704424510632,-3.6954879760742188e-06,8368,0.228271484375,0.8309299349784851,0.0018218241493741516,-0.02586079269531183,-37.91340410709381,0.2,-0.04488224908709526,1223.0,-1.87101636
1759,268800,84,24,0.021100087,0.0004092704424510632,2.384185791015625e-07,8384,0.28955078125,0.8301722407341003,0.1393170445226133,-0.02617348314379342,-37.90364444255829,0.2,0.030256733298301697,1223.0,-1.87101636
1759,269312,85,24,0.020489965,0.0004092704424510632,-4.291534423828125e-06,8400,0.2667236328125,0.8295803666114807,0.0018477273060852895,-0.03234994992817519,-37.86565029621124,0.2,-0.04314877465367317,1223.0,-1.86890183
1759,269824,86,25,0.021145798,0.0004092704424510632,2.980232238769531e-07,8416,0.2628173828125,0.830329418182373,0.144059396116063,-0.029710836242884398,-37.86966609954834,0.2,0.024265579879283905,1223.0,-1.86890183
1760,270336,87,25,0.014761666,0.0004092704424510632,-1.1801719665527344e-05,8432,0.2021484375,0.8302121162414551,0.001139821637480054,-0.02395235163567122,-37.886080503463745,0.2,-0.02212906815111637,1223.0,-1.8686275000000003
1760,270848,88,25,0.022390975,0.0004092704424510632,2.384185791015625e-07,8448,0.2806396484375,0.828267514705658,0.13302982761524618,-0.02693267287395429,-37.8503280878067,0.2,0.01341211050748825,1223.0,-1.8686275000000003
1761,271360,89,25,0.016589385,0.0004092704424510632,-1.1920928955078125e-06,8464,0.2396240234375,0.826645016670227,0.002624731285322923,-0.027586789961787872,-37.77608585357666,0.2,-0.03610522300004959,1223.0,-1.8686275000000003
1761,271872,90,26,0.019833675,0.0004092704424510632,-2.9802322387695312e-06,8480,0.244140625,0.8259841203689575,0.00137446635926608,-0.02679191395873204,-37.72067081928253,0.2,-0.035689614713191986,1223.0,-1.8650432000000001
1762,272384,91,26,0.019747064,0.0004092704424510632,5.364418029785156e-07,8496,0.2672119140625,0.8246445059776306,0.1373327982146293,-0.024814647767925635,-37.685262799263,0.2,0.03519564867019653,1223.0,-1.8650432000000001
1762,272896,92,26,0.016663775,0.0004092704424510632,-2.2649765014648438e-06,8512,0.2352294921875,0.8249335289001465,0.00115726171679853,-0.02489894480095245,-37.65810477733612,0.2,-0.046965423971414566,1223.0,-1.86207473
1763,273408,93,26,0.023545664,0.0004092704424510632,5.960464477539062e-07,8528,0.256591796875,0.8244889974594116,0.12823800253681839,-0.025882815330987796,-37.668665647506714,0.2,0.028982453048229218,1223.0,-1.86207473
1764,273920,94,27,0.016524171,0.0004092704424510632,-7.152557373046875e-07,8544,0.225830078125,0.8241940140724182,0.0018124971757060848,-0.0274298565054778,-37.64294695854187,0.2,-0.02659691870212555,1223.0,-1.86207473
1764,274432,95,27,0.021930024,0.0004092704424510632,-6.67572021484375e-06,8560,0.267578125,0.8263329267501831,0.0021493438216566574,-0.029852874373318627,-37.67256546020508,0.2,-0.045698825269937515,1223.0,-1.86055202
1765,274944,96,27,0.02410027,0.0004092704424510632,-1.1920928955078125e-07,8576,0.2818603515625,0.8268097043037415,0.10916048777289689,-0.025506857462460175,-37.74291718006134,0.2,0.028591182082891464,1223.0,-1.86055202
1765,275456,97,28,0.018193733,0.0004092704424510632,-3.0994415283203125e-06,8592,0.2110595703125,0.8265725374221802,0.0012837655358453048,-0.021785405711852945,-37.73135328292847,0.2,-0.040114518254995346,1223.0,-1.8569115600000001
1763,275968,98,28,0.018316673,0.0004092704424510632,2.980232238769531e-07,8608,0.2271728515625,0.8268564939498901,0.13867999939247966,-0.02200935033033602,-37.73607611656189,0.2,0.04339408129453659,1223.0,-1.8569115600000001
1764,276480,99,28,0.01892529,0.0004092704424510632,4.410743713378906e-06,8624,0.24658203125,0.826066792011261,0.0011744299736164976,-0.027415284821472596,-37.730234026908875,0.2,-0.0412893146276474,1223.0,-1.85533818
1764,276992,100,29,0.018972788,0.0004092704424510632,3.5762786865234375e-07,8640,0.2366943359375,0.8273476362228394,0.12843609577976167,-0.024572392168920487,-37.727455854415894,0.2,0.03962411731481552,1223.0,-1.85533818
1765,277504,101,29,0.019684035,0.0004092704424510632,2.8014183044433594e-06,8656,0.253173828125,0.8265945315361023,0.0021519645997614134,-0.024925362726207823,-37.75036549568176,0.2,-0.03753412887454033,1223.0,-1.85533818
1765,278016,102,29,0.018688714,0.0004092704424510632,-6.318092346191406e-06,8672,0.245849609375,0.8263225555419922,0.001847092204116052,-0.02661801633075811,-37.71403753757477,0.2,-0.03574163466691971,1223.0,-1.8530543800000001
1766,278528,103,29,0.014768526,0.0004092704424510632,-2.384185791015625e-07,8688,0.230712890625,0.826717734336853,0.13968296255916357,-0.027284573123324662,-37.715290784835815,0.2,0.03501005470752716,1223.0,-1.8530543800000001
1767,279040,104,30,0.0149815045,0.0004092704424510632,-1.71661376953125e-05,8704,0.2178955078125,0.8258625864982605,0.0010346237359044608,-0.02417595019505825,-37.71146202087402,0.2,-0.0377327986061573,1223.0,-1.84888809
1767,279552,105,30,0.020083614,0.0004092704424510632,2.384185791015625e-07,8720,0.241455078125,0.8259072303771973,0.13000322156585753,-0.023898844403447583,-37.69226098060608,0.2,0.039383415132761,1223.0,-1.84888809
1767,280064,106,30,0.016881233,0.0004092704424510632,1.3113021850585938e-06,8736,0.205078125,0.8266415596008301,0.0016394624908571132,-0.018560562493803445,-37.7110071182251,0.2,-0.023930005729198456,1223.0,-1.84888809
1767,280576,107,30,0.018377867,0.0004092704424510632,-2.2649765014648438e-06,8752,0.237548828125,0.8258534073829651,0.0022354382126650307,-0.027050122153013945,-37.71913540363312,0.2,-0.041343674063682556,1223.0,-1.8500750900000003
1767,281088,108,31,0.017898824,0.0004092704424510632,3.5762786865234375e-07,8768,0.205322265625,0.824338972568512,0.0198049356622505,-0.015330326532421168,-37.664153814315796,0.2,-0.0023607290349900723,1223.0,-1.8500750900000003
1768,281600,109,31,0.01739189,0.0004092704424510632,-1.7881393432617188e-06,8784,0.2591552734375,0.8238552808761597,0.0017745364057191182,-0.02950076965498738,-37.627193093299866,0.2,-0.041504111140966415,1223.0,-1.8486340700000001
1768,282112,110,31,0.014469238,0.0004092704424510632,1.1920928955078125e-07,8800,0.2115478515625,0.8238430023193359,0.15194355649873614,-0.022185029738466255,-37.62371861934662,0.2,0.0582471564412117,1223.0,-1.8486340700000001
1768,282624,111,32,0.018402476,0.0004092704424510632,-1.4543533325195312e-05,8816,0.236572265625,0.8229385018348694,0.0009466054680160596,-0.022733971953130094,-37.612374782562256,0.2,-0.03352566435933113,1223.0,-1.8480628000000001
1768,283136,112,32,0.014163688,0.0004092704424510632,4.172325134277344e-07,8832,0.1927490234375,0.8217614889144897,0.142328868387267,-0.019397041309275664,-37.561279296875,0.2,0.03975445777177811,1223.0,-1.8480628000000001
1769,283648,113,32,0.020584622,0.0004092704424510632,-3.6954879760742188e-06,8848,0.2491455078125,0.8214014768600464,0.001982842881261604,-0.025451034278376028,-37.5286682844162,0.2,-0.029753703624010086,1223.0,-1.8480628000000001
1769,284160,114,32,0.020236652,0.0004092704424510632,1.1920928955078125e-07,8864,0.2513427734375,0.8224998712539673,0.0014697305068693822,-0.025696011522086337,-37.544869780540466,0.2,-0.023831447586417198,1223.0,-1.8458971400000004
1768,284672,115,33,0.014283683,0.0004092704424510632,2.980232238769531e-07,8880,0.2008056640625,0.8240460157394409,0.15032887691631913,-0.020535603194730356,-37.587164998054504,0.2,0.04847685620188713,1223.0,-1.8458971400000004
1768,285184,116,33,0.01997482,0.0004092704424510632,-8.821487426757812e-06,8896,0.2674560546875,0.8261058926582336,0.0010205313074038713,-0.028750127356033772,-37.64328956604004,0.2,-0.054865892976522446,1223.0,-1.8430714000000001
1768,285696,117,33,0.014658073,0.0004092704424510632,2.384185791015625e-07,8912,0.217041015625,0.8266518115997314,0.14380253083072603,-0.021665863823727705,-37.69388794898987,0.2,0.036271240562200546,1223.0,-1.8430714000000001
1768,286208,118,34,0.012050612,0.0004092704424510632,-1.0728836059570312e-06,8928,0.1572265625,0.8278138637542725,0.0011112713164038723,-0.01812895169132389,-37.71257197856903,0.2,-0.03415362536907196,1223.0,-1.84198922
1767,286720,119,34,0.022312272,0.0004092704424510632,3.5762786865234375e-07,8944,0.27490234375,0.8280052542686462,0.1301721364725381,-0.028416555520379916,-37.74392580986023,0.2,0.026417125016450882,1223.0,-1.84198922
1767,287232,120,34,0.013964713,0.0004092704424510632,-1.7881393432617188e-06,8960,0.2222900390625,0.8277590274810791,0.002224021627625916,-0.025655726494733244,-37.74703121185303,0.2,-0.030787907540798187,1223.0,-1.84198922
1766,287744,121,35,0.017217154,0.0004092704424510632,-1.1920928955078125e-06,8976,0.2423095703125,0.8274317979812622,0.002366185373830376,-0.02709396748105064,-37.739542961120605,0.2,-0.034701377153396606,1223.0,-1.8417961400000002
1766,288256,122,35,0.013043568,0.0004092704424510632,2.980232238769531e-07,8992,0.2103271484375,0.8264192938804626,0.14266387885436416,-0.02032307847184711,-37.71084642410278,0.2,0.03194928914308548,1223.0,-1.8417961400000002
1765,288768,123,35,0.01301099,0.0004092704424510632,-8.463859558105469e-06,9008,0.197021484375,0.8260636925697327,0.001445952731955913,-0.02119888720335439,-37.68063509464264,0.2,-0.02484031952917576,1223.0,-1.8401899200000003
1764,289280,124,35,0.018184306,0.0004092704424510632,1.1920928955078125e-07,9024,0.2545166015625,0.8254936933517456,0.13628532667644322,-0.02657046465901658,-37.678908467292786,0.2,0.03614645451307297,1223.0,-1.8401899200000003
1763,289792,125,36,0.015490068,0.0004092704424510632,-1.3709068298339844e-05,9040,0.202880859375,0.825279951095581,0.0015012904186733067,-0.023070470371749252,-37.65766227245331,0.2,-0.033096104860305786,1223.0,-1.8401899200000003
1762,290304,126,36,0.018605914,0.0004092704424510632,-1.6689300537109375e-06,9056,0.22900390625,0.8248304724693298,0.001926132186781615,-0.02330557360255625,-37.64765989780426,0.2,-0.02837269939482212,1223.0,-1.83811352
1758,290816,127,36,0.018729998,0.0004092704424510632,4.172325134277344e-07,9072,0.2469482421875,0.8244675993919373,0.13723960262723267,-0.022023685305612162,-37.63149642944336,0.2,0.049177199602127075,1223.0,-1.83811352
1756,291328,128,37,0.016428968,0.0004092704424510632,-1.0728836059570312e-06,9088,0.19921875,0.8238977193832397,0.0017981686069106217,-0.024237162149802316,-37.61308443546295,0.2,-0.02992941625416279,1223.0,-1.83631328
1755,291840,129,37,0.017162718,0.0004092704424510632,2.980232238769531e-07,9104,0.251220703125,0.8215578198432922,0.14168651355430484,-0.027687498659361154,-37.56437921524048,0.2,0.02749376744031906,1223.0,-1.83631328
1753,292352,130,37,0.01532542,0.0004092704424510632,1.3470649719238281e-05,9120,0.1988525390625,0.8201494812965393,0.0008216575461119646,-0.023830368561903015,-37.482430934906006,0.2,-0.037773530930280685,1223.0,-1.8338177599999994
1751,292864,131,38,0.01674679,0.0004092704424510632,2.384185791015625e-07,9136,0.233154296875,0.820332944393158,0.1273753324057907,-0.024124550982378423,-37.4597452878952,0.2,0.032386161386966705,1223.0,-1.8338177599999994
1750,293376,132,38,0.016167158,0.0004092704424510632,-4.76837158203125e-07,9152,0.21533203125,0.8200624585151672,0.002404872233455535,-0.021554266597377136,-37.46246349811554,0.2,-0.029575290158391,1223.0,-1.8338177599999994
1749,293888,133,38,0.014469806,0.0004092704424510632,8.940696716308594e-07,9168,0.21240234375,0.8209536671638489,0.002828235607012175,-0.019209601770853624,-37.465465784072876,0.2,-0.025593506172299385,1223.0,-1.8328567499999997
1748,294400,134,39,0.015889958,0.0004092704424510632,0.0,9184,0.2393798828125,0.820813775062561,0.13800366828218102,-0.025275613166741095,-37.48638606071472,0.2,0.03873823583126068,1223.0,-1.8328567499999997
1747,294912,135,39,0.025196001,0.0004092704424510632,4.827976226806641e-06,9200,0.31591796875,0.8202277421951294,0.0008794064797257306,-0.03480000593117438,-37.46981155872345,0.2,-0.04593444988131523,1223.0,-1.8297578399999999
1746,295424,136,39,0.017676558,0.0004092704424510632,3.5762786865234375e-07,9216,0.2720947265625,0.8191470503807068,0.12920303083956242,-0.03135426584049128,-37.441861271858215,0.2,0.0271807499229908,1223.0,-1.8297578399999999
1745,295936,137,40,0.020047525,0.0004092704424510632,-3.5762786865234375e-07,9232,0.2767333984375,0.817527174949646,0.0016188203335332219,-0.033090155659010634,-37.39369237422943,0.2,-0.047437023371458054,1223.0,-1.8297578399999999
1743,296448,138,40,0.016352741,0.0004092704424510632,-3.4570693969726562e-06,9248,0.226318359375,0.8162623047828674,0.0020462605680222623,-0.024876276846043766,-37.323583245277405,0.2,-0.04443689063191414,1223.0,-1.8307469199999997
1742,296960,139,40,0.030247921,0.0004092704424510632,3.5762786865234375e-07,9264,0.3079833984375,0.8145349025726318,0.10916094074491411,-0.025566712487488985,-37.2671332359314,0.2,0.01787053793668747,1223.0,-1.8307469199999997
1741,297472,140,41,0.027289871,0.0004092704424510632,-7.3909759521484375e-06,9280,0.3355712890625,0.8135960698127747,0.0016871414609340718,-0.029849117330741137,-37.20132327079773,0.2,-0.050354983657598495,1223.0,-1.8295778499999997
1740,297984,141,41,0.026351297,0.0004092704424510632,1.1920928955078125e-07,9296,0.2957763671875,0.8124390244483948,0.14373592543415725,-0.03188399631471839,-37.16309106349945,0.2,0.03122449666261673,1223.0,-1.8295778499999997
1738,298496,142,41,0.026832774,0.0004092704424510632,-1.4185905456542969e-05,9312,0.3145751953125,0.8118610382080078,0.0009691308505352936,-0.03153892715636175,-37.12089765071869,0.2,-0.05314864590764046,1223.0,-1.8282699299999998
1735,299008,143,42,0.019030772,0.0004092704424510632,1.1920928955078125e-07,9328,0.2525634765625,0.81216961145401,0.1348481378518045,-0.022483182227006182,-37.11035430431366,0.2,0.04618695378303528,1223.0,-1.8282699299999998
1732,299520,144,42,0.019693393,0.0004092704424510632,-3.2186508178710938e-06,9344,0.2615966796875,0.8125911951065063,0.001857592025771737,-0.029083353758323938,-37.12326729297638,0.2,-0.04656858742237091,1223.0,-1.8282699299999998
1731,300032,145,42,0.02077058,0.0004092704424510632,-2.384185791015625e-06,9360,0.2645263671875,0.8123983144760132,0.0016783126520749647,-0.027835727189085446,-37.127477169036865,0.2,-0.02778034843504429,1223.0,-1.8250577800000003
1730,300544,146,43,0.01989165,0.0004092704424510632,2.384185791015625e-07,9376,0.2471923828125,0.8117848038673401,0.13727699825540185,-0.02232133358484134,-37.10403347015381,0.2,0.025970954447984695,1223.0,-1.8250577800000003
1729,301056,147,43,0.01744611,0.0004092704424510632,-3.814697265625e-06,9392,0.236328125,0.8116132616996765,0.0012061412144248607,-0.02489692039671354,-37.08343768119812,0.2,-0.04194232448935509,1223.0,-1.82275423
