time/fps,time/total_timesteps,time/iterations,time/time_elapsed,train/approx_kl,train/learning_rate,train/explained_variance,train/n_updates,train/clip_fraction,train/std,train/value_loss,train/policy_gradient_loss,train/entropy_loss,train/clip_range,train/loss,rollout/ep_len_mean,rollout/ep_rew_mean
4149,512,1,0,,,,,,,,,,,,,
2532,1024,2,0,0.014853809,0.0004092704424510632,-0.04069697856903076,16,0.2144775390625,1.001527190208435,0.09985107364627765,-0.023240030190208927,-44.013763070106506,0.2,-0.03293265029788017,,
2219,1536,3,0,0.021662582,0.0004092704424510632,0.008521497249603271,32,0.3057861328125,1.0019302368164062,0.0021453582412505057,-0.027312479360261932,-44.04203152656555,0.2,-0.04698638245463371,1223.0,-2.24988
2121,2048,4,0,0.027960595,0.0004092704424510632,-0.0027960538864135742,48,0.3187255859375,1.0020166635513306,0.02444492490030825,-0.029666787711903453,-44.045085310935974,0.2,-0.02304372936487198,1223.0,-2.24988
2056,2560,5,1,0.017959122,0.0004092704424510632,0.019433140754699707,64,0.2515869140625,1.0014398097991943,0.0013369784210226499,-0.023226566321682185,-44.04294979572296,0.2,-0.03276236727833748,1223.0,-2.15677
2016,3072,6,1,0.02248191,0.0004092704424510632,0.0028218626976013184,80,0.3201904296875,0.9997997283935547,0.011604264655034058,-0.03212854262528708,-44.00595223903656,0.2,-0.03358861058950424,1223.0,-2.15677
1991,3584,7,1,0.015013965,0.0004092704424510632,0.0197906494140625,96,0.2188720703125,0.9982805848121643,0.0020424547146831173,-0.02356979125761427,-43.950923681259155,0.2,-0.023403583094477654,1223.0,-2.15677
1967,4096,8,2,0.021877348,0.0004092704424510632,0.016091525554656982,112,0.3018798828125,0.9979293942451477,0.0018921461632999126,-0.03254676239157561,-43.91733157634735,0.2,-0.0446680448949337,1223.0,-2.1106813333333334
1960,4608,9,2,0.018249094,0.0004092704424510632,0.014442205429077148,128,0.252197265625,0.9974455833435059,0.0035038570495089516,-0.03024185635149479,-43.90842950344086,0.2,-0.04663415625691414,1223.0,-2.1106813333333334
1958,5120,10,2,0.019736744,0.0004092704424510632,0.014403939247131348,144,0.2767333984375,0.9980849623680115,0.0013321348142198985,-0.02748010540381074,-43.90729355812073,0.2,-0.042450278997421265,1223.0,-2.07462775
1949,5632,11,2,0.018231573,0.0004092704424510632,0.024250507354736328,160,0.2093505859375,0.9980868697166443,0.00225902108286391,-0.022417916348786093,-43.92203652858734,0.2,-0.022363118827342987,1223.0,-2.07462775
1939,6144,12,3,0.017008387,0.0004092704424510632,0.003102719783782959,176,0.2618408203125,0.9966726899147034,0.001224519841343863,-0.028640212025493383,-43.90229690074921,0.2,-0.03417734429240227,1223.0,-2.0800229999999997
1935,6656,13,3,0.015974937,0.0004092704424510632,0.0017803311347961426,192,0.229248046875,0.996256947517395,0.0037593892848235555,-0.021897142549278215,-43.86038291454315,0.2,-0.017721764743328094,1223.0,-2.0800229999999997
1925,7168,14,3,0.013483187,0.0004092704424510632,0.019618868827819824,208,0.213623046875,0.9965595006942749,0.002157447801437229,-0.022419295244617388,-43.863908648490906,0.2,-0.028467953205108643,1223.0,-2.0800229999999997
1913,7680,15,4,0.022961766,0.0004092704424510632,0.006087362766265869,224,0.2529296875,0.9964004755020142,0.0025666791989351623,-0.02751829315093346,-43.86475372314453,0.2,-0.0435110405087471,1223.0,-2.1015515
1901,8192,16,4,0.015591493,0.0004092704424510632,8.058547973632812e-05,240,0.2313232421875,0.9958466291427612,0.008400265520322137,-0.02537459967425093,-43.85674858093262,0.2,-0.03223098814487457,1223.0,-2.1015515
1888,8704,17,4,0.013919286,0.0004092704424510632,0.011668622493743896,256,0.22900390625,0.9975548386573792,0.0015004074703028891,-0.028777916537364945,-43.86559975147247,0.2,-0.03827687352895737,1223.0,-2.1273718571428573
1873,9216,18,4,0.013812851,0.0004092704424510632,0.0005620718002319336,272,0.1929931640625,0.9973536133766174,0.012161980295786634,-0.019440867472440004,-43.903456687927246,0.2,-0.01723189279437065,1223.0,-2.1273718571428573
1863,9728,19,5,0.020613533,0.0004092704424510632,0.009452104568481445,288,0.2325439453125,0.9959863424301147,0.001700894046734902,-0.025855222484096885,-43.86767494678497,0.2,-0.039296939969062805,1223.0,-2.1273718571428573
1858,10240,20,5,0.018733226,0.0004092704424510632,0.011736929416656494,304,0.2237548828125,0.9944584965705872,0.0021935218428552616,-0.026571190945105627,-43.82397735118866,0.2,-0.04412299394607544,1223.0,-2.1335525
1854,10752,21,5,0.027538853,0.0004092704424510632,-0.0001741647720336914,320,0.234130859375,0.9940455555915833,0.02030809031566605,-0.02565092159784399,-43.79491662979126,0.2,-0.029258398339152336,1223.0,-2.1335525
1847,11264,22,6,0.018119628,0.0004092704424510632,0.0019290447235107422,336,0.2489013671875,0.9929113984107971,0.0024082135896605905,-0.03117610867775511,-43.77102518081665,0.2,-0.03430410847067833,1223.0,-2.149030888888889
1841,11776,23,6,0.014391173,0.0004092704424510632,0.0009108781814575195,352,0.187255859375,0.9920604825019836,0.02775739907519892,-0.022540679841767997,-43.73655581474304,0.2,-0.023113008588552475,1223.0,-2.149030888888889
1837,12288,24,6,0.018740077,0.0004092704424510632,0.018782734870910645,368,0.2615966796875,0.9920198321342468,0.001241309824763448,-0.031062959096743725,-43.71825814247131,0.2,-0.03900548070669174,1223.0,-2.1435579000000002
1832,12800,25,6,0.015482382,0.0004092704424510632,0.00017845630645751953,384,0.186279296875,0.9927202463150024,0.030240682885050774,-0.024122580012772232,-43.72737264633179,0.2,-0.02203444205224514,1223.0,-2.1435579000000002
1828,13312,26,7,0.018330297,0.0004092704424510632,0.006875872611999512,400,0.1810302734375,0.9898853898048401,0.0026802073989529163,-0.02254106265900191,-43.70158886909485,0.2,-0.03601721674203873,1223.0,-2.1435579000000002
1828,13824,27,7,0.02719529,0.0004092704424510632,0.007454872131347656,416,0.2613525390625,0.9889890551567078,0.0020821108901145635,-0.0298258246621117,-43.62434720993042,0.2,-0.044541385024785995,1223.0,-2.147186181818182
1830,14336,28,7,0.020901192,0.0004092704424510632,0.0005016326904296875,432,0.2347412109375,0.9868907332420349,0.04223567177541554,-0.02574742736760527,-43.5922749042511,0.2,-0.00996285118162632,1223.0,-2.147186181818182
1827,14848,29,8,0.021724995,0.0004092704424510632,0.0024139881134033203,448,0.22900390625,0.9860092401504517,0.0018834670627256855,-0.02445236344647128,-43.5310138463974,0.2,-0.034765034914016724,1223.0,-2.1554454166666663
1825,15360,30,8,0.02411719,0.0004092704424510632,0.000701904296875,464,0.2598876953125,0.9858863353729248,0.04779847653117031,-0.027924954556510784,-43.52075254917145,0.2,-0.008736716583371162,1223.0,-2.1554454166666663
1824,15872,31,8,0.02100619,0.0004092704424510632,0.006461381912231445,480,0.240478515625,0.9875365495681763,0.0017560986416356172,-0.02718473706045188,-43.533422350883484,0.2,-0.04069037362933159,1223.0,-2.1554454166666663
1824,16384,32,8,0.017489221,0.0004092704424510632,0.006742537021636963,496,0.2313232421875,0.9863628149032593,0.002378188117290847,-0.027534293389180675,-43.55454993247986,0.2,-0.03599533811211586,1223.0,-2.1501806923076923
1820,16896,33,9,0.04074954,0.0004092704424510632,-0.0005125999450683594,512,0.308349609375,0.9831108450889587,0.04268400033470243,-0.026955443958286196,-43.48195290565491,0.2,-0.013732247054576874,1223.0,-2.1501806923076923
1817,17408,34,9,0.01925219,0.0004092704424510632,0.005843400955200195,528,0.24169921875,0.9825844168663025,0.0021202887801337056,-0.02601852809311822,-43.40832602977753,0.2,-0.03813645616173744,1223.0,-2.143596571428571
1816,17920,35,9,0.020587778,0.0004092704424510632,0.00030666589736938477,544,0.262451171875,0.9831895232200623,0.06329228868708014,-0.027375557903724257,-43.423075795173645,0.2,-0.009190518409013748,1223.0,-2.143596571428571
1818,18432,36,10,0.0150283575,0.0004092704424510632,0.0051195621490478516,560,0.201904296875,0.9838983416557312,0.0017325993794656824,-0.021153117224457674,-43.44025230407715,0.2,-0.01190587691962719,1223.0,-2.1366761999999997
1818,18944,37,10,0.017843027,0.0004092704424510632,0.00036650896072387695,576,0.2218017578125,0.9843526482582092,0.0671008579665795,-0.025644843728514388,-43.465378284454346,0.2,-0.005969718098640442,1223.0,-2.1366761999999997
1817,19456,38,10,0.023682691,0.0004092704424510632,0.0028303861618041992,592,0.2484130859375,0.9843847751617432,0.003345591641846113,-0.026163164409808815,-43.46723735332489,0.2,-0.042142353951931,1223.0,-2.1366761999999997
1816,19968,39,10,0.018614497,0.0004092704424510632,0.0013501644134521484,608,0.2384033203125,0.9862689971923828,0.002273963502375409,-0.027862918766913936,-43.497012972831726,0.2,-0.03465652838349342,1223.0,-2.1411354375
1816,20480,40,11,0.02986698,0.0004092704424510632,0.00044208765029907227,624,0.275390625,0.9856124520301819,0.08205896522849798,-0.03076949770184001,-43.53070843219757,0.2,0.008767686784267426,1223.0,-2.1411354375
1816,20992,41,11,0.022511175,0.0004092704424510632,0.0008507370948791504,640,0.22802734375,0.983022928237915,0.0015362190661107888,-0.029906404437497258,-43.46816146373749,0.2,-0.04417041316628456,1223.0,-2.152453705882353
1813,21504,42,11,0.025755137,0.0004092704424510632,0.0010696649551391602,656,0.255615234375,0.9835197329521179,0.08154626155737787,-0.0246890373819042,-43.42864000797272,0.2,0.00784195214509964,1223.0,-2.152453705882353
1812,22016,43,12,0.014197817,0.0004092704424510632,-0.020398616790771484,672,0.204833984375,0.9836837649345398,0.0012907310119771864,-0.026428083978316863,-43.4485502243042,0.2,-0.03261538967490196,1223.0,-2.147501
1808,22528,44,12,0.013973721,0.0004092704424510632,0.00034046173095703125,688,0.1641845703125,0.9833051562309265,0.08391814841888845,-0.017927090186276473,-43.44238781929016,0.2,0.026974014937877655,1223.0,-2.147501
1804,23040,45,12,0.019674003,0.0004092704424510632,0.004003286361694336,704,0.23486328125,0.9821200966835022,0.0024859984441718552,-0.028392457665177062,-43.416884541511536,0.2,-0.04753076657652855,1223.0,-2.147501
1801,23552,46,13,0.022925977,0.0004092704424510632,0.0022588372230529785,720,0.2518310546875,0.9794059991836548,0.00211999380189809,-0.028314799477811903,-43.35770583152771,0.2,-0.051049862056970596,1223.0,-2.1400466315789473
1798,24064,47,13,0.021352813,0.0004092704424510632,0.00046879053115844727,736,0.2623291015625,0.9767431020736694,0.09576459834352136,-0.029000898604863323,-43.26490271091461,0.2,-0.002948977053165436,1223.0,-2.1400466315789473
1796,24576,48,13,0.018123355,0.0004092704424510632,-0.0032423734664916992,752,0.2166748046875,0.9757669568061829,0.0016069600242190063,-0.022394627681933343,-43.201411843299866,0.2,-0.03016461431980133,1223.0,-2.1428874
1795,25088,49,13,0.018273218,0.0004092704424510632,0.0007832050323486328,768,0.2393798828125,0.974916398525238,0.09238422685302794,-0.022672910257824697,-43.17901349067688,0.2,0.021314937621355057,1223.0,-2.1428874
1794,25600,50,14,0.018535707,0.0004092704424510632,-0.03425896167755127,784,0.2423095703125,0.9741870760917664,0.0015010751867521321,-0.024996332555019762,-43.15305757522583,0.2,-0.030725570395588875,1223.0,-2.1428874
1792,26112,51,14,0.017841272,0.0004092704424510632,-0.0018466711044311523,800,0.2330322265625,0.9729637503623962,0.0022176117345225066,-0.028065865713870153,-43.126856327056885,0.2,-0.03647693246603012,1223.0,-2.1393595238095235
1792,26624,52,14,0.013522148,0.0004092704424510632,0.00047665834426879883,816,0.14111328125,0.9732984304428101,0.10587489069439471,-0.01931482521467842,-43.10759902000427,0.2,0.010423943400382996,1223.0,-2.1393595238095235
1792,27136,53,15,0.01853371,0.0004092704424510632,-0.005281805992126465,832,0.1932373046875,0.9726191163063049,0.001527415257442044,-0.01981285642250441,-43.110244274139404,0.2,-0.03023872710764408,1223.0,-2.138907409090909
1793,27648,54,15,0.019321367,0.0004092704424510632,0.0007604360580444336,848,0.21337890625,0.9735001921653748,0.10583822359330952,-0.023954124393640086,-43.10530149936676,0.2,0.009724244475364685,1223.0,-2.138907409090909
1793,28160,55,15,0.013329473,0.0004092704424510632,-0.02375209331512451,864,0.174072265625,0.9747884273529053,0.0012910413424833678,-0.023017299186903983,-43.14270889759064,0.2,-0.036297932267189026,1223.0,-2.1357234347826086
1791,28672,56,16,0.020494226,0.0004092704424510632,0.0004603862762451172,880,0.2232666015625,0.9740452766418457,0.10897848615422845,-0.0267239753738977,-43.15743899345398,0.2,0.020993191748857498,1223.0,-2.1357234347826086
1785,29184,57,16,0.021478638,0.0004092704424510632,0.0019236207008361816,896,0.2635498046875,0.9735051393508911,0.0023554480212624185,-0.03267819789471105,-43.125972270965576,0.2,-0.050914544612169266,1223.0,-2.1357234347826086
1782,29696,58,16,0.014794919,0.0004092704424510632,0.0013003945350646973,912,0.1961669921875,0.9735495448112488,0.002887017348257359,-0.022526428670971654,-43.1078155040741,0.2,-0.033664874732494354,1223.0,-2.1374831249999997
1781,30208,59,16,0.02540091,0.0004092704424510632,0.00038421154022216797,928,0.279052734375,0.9737326502799988,0.1262510190717876,-0.033251580185606144,-43.11648201942444,0.2,0.018734067678451538,1223.0,-2.1374831249999997
1779,30720,60,17,0.016518757,0.0004092704424510632,0.0012608766555786133,944,0.1971435546875,0.9744964241981506,0.0013723247684538364,-0.020097701584745664,-43.13343024253845,0.2,-0.03862630948424339,1223.0,-2.1383491599999997
1778,31232,61,17,0.019969486,0.0004092704424510632,0.0005384683609008789,960,0.212646484375,0.9732955098152161,0.12547630863264203,-0.021573926031123847,-43.13151288032532,0.2,0.035628724843263626,1223.0,-2.1383491599999997
1776,31744,62,17,0.018225327,0.0004092704424510632,0.000844419002532959,976,0.2181396484375,0.9735351800918579,0.0018196646706201136,-0.021328536240616813,-43.10752522945404,0.2,-0.03846026957035065,1223.0,-2.1383491599999997
1775,32256,63,18,0.020955862,0.0004092704424510632,-0.0004955530166625977,992,0.2589111328125,0.9736809134483337,0.002286959275807021,-0.02962316377670504,-43.11795735359192,0.2,-0.04629102349281311,1223.0,-2.129761115384615
1774,32768,64,18,0.025022529,0.0004092704424510632,0.0004767179489135742,1008,0.248046875,0.972571611404419,0.13600145326927304,-0.029854127613361925,-43.100451946258545,0.2,0.022694624960422516,1223.0,-2.129761115384615
1774,33280,65,18,0.019020189,0.0004092704424510632,-0.0016373395919799805,1024,0.21630859375,0.9722734093666077,0.0020214265896356665,-0.02674199122702703,-43.0756094455719,0.2,-0.03612002730369568,1223.0,-2.1300008888888886
1777,33792,66,19,0.01419933,0.0004092704424510632,0.0004800558090209961,1040,0.17919921875,0.9725930690765381,0.14561445405706763,-0.021117042371770367,-43.08083188533783,0.2,0.04049484804272652,1223.0,-2.1300008888888886
1779,34304,67,19,0.019067982,0.0004092704424510632,-0.03161907196044922,1056,0.19482421875,0.9727379083633423,0.0009637636503612157,-0.021810853271745145,-43.08881855010986,0.2,-0.03339049220085144,1223.0,-2.1299944642857143
1781,34816,68,19,0.02446539,0.0004092704424510632,0.0006043910980224609,1072,0.2724609375,0.974229633808136,0.136793939396739,-0.031567334444844164,-43.10997533798218,0.2,0.021890506148338318,1223.0,-2.1299944642857143
1784,35328,69,19,0.012860596,0.0004092704424510632,-0.001492619514465332,1088,0.18017578125,0.9765920042991638,0.00215657736043795,-0.021002279507229105,-43.171212911605835,0.2,-0.02684422768652439,1223.0,-2.1299944642857143
1787,35840,70,20,0.035215396,0.0004092704424510632,-0.0015834569931030273,1104,0.2972412109375,0.9780599474906921,0.0023716182877251413,-0.03324830319616012,-43.233819007873535,0.2,-0.03738604485988617,1223.0,-2.129383620689655
1790,36352,71,20,0.017794434,0.0004092704424510632,0.0004891753196716309,1120,0.20654296875,0.9794585704803467,0.15067780041135848,-0.02497610342106782,-43.28217422962189,0.2,0.043743833899497986,1223.0,-2.129383620689655
1792,36864,72,20,0.01833062,0.0004092704424510632,-0.0014796257019042969,1136,0.206298828125,0.9787911176681519,0.0011635590763034998,-0.025811291619902477,-43.29899561405182,0.2,-0.03893604129552841,1223.0,-2.1278404999999996
1789,37376,73,20,0.018463643,0.0004092704424510632,0.0008606314659118652,1152,0.220947265625,0.9786781668663025,0.1423745802603662,-0.024558123346650973,-43.281835198402405,0.2,0.025806766003370285,1223.0,-2.1278404999999996
1791,37888,74,21,0.02472052,0.0004092704424510632,0.012161493301391602,1168,0.2713623046875,0.9770799279212952,0.0016374447659472935,-0.030369634623639286,-43.25911056995392,0.2,-0.04968689754605293,1223.0,-2.1278404999999996
1792,38400,75,21,0.01934773,0.0004092704424510632,0.0032733678817749023,1184,0.214111328125,0.9771611094474792,0.0025790063737076707,-0.02179627478471957,-43.223737597465515,0.2,-0.035250935703516006,1223.0,-2.1249401935483867
1794,38912,76,21,0.039264724,0.0004092704424510632,0.0002014636993408203,1200,0.3218994140625,0.9779521226882935,0.11079230392351747,-0.02982666011666879,-43.24296522140503,0.2,0.0015802942216396332,1223.0,-2.1249401935483867
1796,39424,77,21,0.019697743,0.0004092704424510632,-0.0005872249603271484,1216,0.252197265625,0.9770331978797913,0.0025565980540704913,-0.025189313120790757,-43.24783968925476,0.2,-0.03853238373994827,1223.0,-2.1268526875
1797,39936,78,22,0.028176736,0.0004092704424510632,0.0003933906555175781,1232,0.2547607421875,0.977135956287384,0.16175343398936093,-0.025152388130663894,-43.21959662437439,0.2,0.056228574365377426,1223.0,-2.1268526875
1799,40448,79,22,0.02183855,0.0004092704424510632,-0.022185087203979492,1248,0.261962890625,0.9770036339759827,0.0015679210828238865,-0.02689999448193703,-43.226783990859985,0.2,-0.035316597670316696,1223.0,-2.1278443939393936
1800,40960,80,22,0.021436227,0.0004092704424510632,0.0004367828369140625,1264,0.2254638671875,0.9781448245048523,0.15791991678997874,-0.025813591724727303,-43.23386836051941,0.2,0.04335322231054306,1223.0,-2.1278443939393936
1801,41472,81,23,0.017865017,0.0004092704424510632,0.002871096134185791,1280,0.20654296875,0.9769047498703003,0.0021413404538179748,-0.025478939947788604,-43.243744134902954,0.2,-0.03984096273779869,1223.0,-2.1278443939393936
1802,41984,82,23,0.018594824,0.0004092704424510632,-0.0021209716796875,1296,0.22509765625,0.9768081307411194,0.002784076663374435,-0.024636794012621976,-43.20843958854675,0.2,-0.044555697590112686,1223.0,-2.128463911764706
1803,42496,83,23,0.0228247,0.0004092704424510632,0.00036084651947021484,1312,0.2396240234375,0.9758714437484741,0.17372434306889772,-0.022542982016602764,-43.19775986671448,0.2,0.06186996400356293,1223.0,-2.128463911764706
1803,43008,84,23,0.015261483,0.0004092704424510632,-0.0039179325103759766,1328,0.1998291015625,0.9769027233123779,0.001313565504460712,-0.020395677536725998,-43.190292954444885,0.2,-0.03947538509964943,1223.0,-2.1298887428571427
1804,43520,85,24,0.020537015,0.0004092704424510632,0.0003808736801147461,1344,0.217041015625,0.9752516150474548,0.16278944397345185,-0.022317341485177167,-43.195563077926636,0.2,0.0490136444568634,1223.0,-2.1298887428571427
1805,44032,86,24,0.01717572,0.0004092704424510632,-0.0019812583923339844,1360,0.231201171875,0.9750122427940369,0.001411006303897011,-0.025166452047415078,-43.14663541316986,0.2,-0.023921813815832138,1223.0,-2.1295553611111107
1805,44544,87,24,0.019374158,0.0004092704424510632,0.0006528496742248535,1376,0.219482421875,0.9758831262588501,0.15600756462663412,-0.025204641482559964,-43.16611707210541,0.2,0.040457770228385925,1223.0,-2.1295553611111107
1807,45056,88,24,0.017555425,0.0004092704424510632,0.0014966726303100586,1392,0.232666015625,0.975768506526947,0.0027955716650467366,-0.02747192099923268,-43.183269023895264,0.2,-0.04849487543106079,1223.0,-2.1295553611111107
1808,45568,89,25,0.015443154,0.0004092704424510632,7.194280624389648e-05,1408,0.1871337890625,0.9763429760932922,0.0018913576132035814,-0.020376020882395096,-43.184266567230225,0.2,-0.025006575509905815,1223.0,-2.126273189189189
1807,46080,90,25,0.028010989,0.0004092704424510632,0.0002803206443786621,1424,0.2608642578125,0.9759339094161987,0.16278128419071436,-0.025117042096098885,-43.19695055484772,0.2,0.044135913252830505,1223.0,-2.126273189189189
1809,46592,91,25,0.017112639,0.0004092704424510632,-0.0007445812225341797,1440,0.2398681640625,0.9763264060020447,0.0013269895243865903,-0.023944480853970163,-43.183061838150024,0.2,-0.03281334415078163,1223.0,-2.124727157894737
1811,47104,92,26,0.021618798,0.0004092704424510632,0.0004839301109313965,1456,0.2232666015625,0.9769038558006287,0.16146080917678773,-0.023952309362357482,-43.20116972923279,0.2,0.06260570883750916,1223.0,-2.124727157894737
1812,47616,93,26,0.018115846,0.0004092704424510632,-0.000592350959777832,1472,0.23095703125,0.9759863018989563,0.0017760016344254836,-0.02227849981863983,-43.20087671279907,0.2,-0.023013081401586533,1223.0,-2.124727157894737
1813,48128,94,26,0.018362544,0.0004092704424510632,-0.0013659000396728516,1488,0.227783203125,0.9741429686546326,0.002579234744189307,-0.02744119503768161,-43.156585335731506,0.2,-0.035297591239213943,1223.0,-2.1252353333333334
1814,48640,95,26,0.012548939,0.0004092704424510632,0.00024402141571044922,1504,0.159423828125,0.9711689949035645,0.169453761074692,-0.018289704516064376,-43.07594859600067,0.2,0.042780619114637375,1223.0,-2.1252353333333334
1815,49152,96,27,0.02307598,0.0004092704424510632,-0.009121060371398926,1520,0.2530517578125,0.9692261219024658,0.0015323831630666973,-0.02580654808843974,-42.99403917789459,0.2,-0.023337388411164284,1223.0,-2.124386175
1816,49664,97,27,0.01802911,0.0004092704424510632,0.00045180320739746094,1536,0.216064453125,0.9691036939620972,0.16543029574677348,-0.022474781901109964,-42.95418083667755,0.2,0.04082580283284187,1223.0,-2.124386175
1817,50176,98,27,0.015585996,0.0004092704424510632,-0.014627814292907715,1552,0.210205078125,0.9697316288948059,0.0011167871434736298,-0.023101386046619155,-42.95674908161163,0.2,-0.03766235336661339,1223.0,-2.127359926829268
1819,50688,99,27,0.020713814,0.0004092704424510632,0.0004442930221557617,1568,0.2794189453125,0.9697524905204773,0.1598622587043792,-0.028673633656580932,-42.97421133518219,0.2,0.0298580564558506,1223.0,-2.127359926829268
1820,51200,100,28,0.01415527,0.0004092704424510632,-0.0006996393203735352,1584,0.2080078125,0.9697906970977783,0.0023090764916560147,-0.022939065704122186,-42.96508502960205,0.2,-0.031235916540026665,1223.0,-2.127359926829268
1821,51712,101,28,0.018347397,0.0004092704424510632,-0.0012434720993041992,1600,0.221923828125,0.9702712893486023,0.002238827339169802,-0.02345172967761755,-42.97575092315674,0.2,-0.03258192911744118,1223.0,-2.124190619047619
1823,52224,102,28,0.018994503,0.0004092704424510632,0.0002529621124267578,1616,0.2010498046875,0.9691049456596375,0.16498679015785456,-0.024183215253287926,-42.96338701248169,0.2,0.04059004411101341,1223.0,-2.124190619047619
1823,52736,103,28,0.017279746,0.0004092704424510632,-0.004591107368469238,1632,0.24072265625,0.9676704406738281,0.001497464927524561,-0.027871044527273625,-42.923691391944885,0.2,-0.045927152037620544,1223.0,-2.126107372093023
1823,53248,104,29,0.018587146,0.0004092704424510632,0.00045496225357055664,1648,0.2554931640625,0.965685248374939,0.16299493564292789,-0.02868073486024514,-42.8690482378006,0.2,0.04371674358844757,1223.0,-2.126107372093023
1823,53760,105,29,0.017494395,0.0004092704424510632,-0.008648037910461426,1664,0.2093505859375,0.9648364186286926,0.0014459839949267916,-0.025899953790940344,-42.82040214538574,0.2,-0.042428385466337204,1223.0,-2.126107372093023
1823,54272,106,29,0.017815098,0.0004092704424510632,-0.003390669822692871,1680,0.2061767578125,0.965522050857544,0.0020422167453943985,-0.021552185542532243,-42.820682525634766,0.2,-0.026987474411725998,1223.0,-2.125751045454545
1823,54784,107,30,0.023771856,0.0004092704424510632,0.0002713203430175781,1696,0.230712890625,0.9652024507522583,0.16344978869892657,-0.023339006846072152,-42.83484899997711,0.2,0.04532797262072563,1223.0,-2.125751045454545
1822,55296,108,30,0.0153026255,0.0004092704424510632,-0.013700604438781738,1712,0.2420654296875,0.964209258556366,0.001927749546666746,-0.024790759562165476,-42.81315279006958,0.2,-0.0238689836114645,1223.0,-2.1263096666666663
1823,55808,109,30,0.01931886,0.0004092704424510632,0.00024712085723876953,1728,0.240478515625,0.9640375971794128,0.1757423565723002,-0.024432688471279107,-42.793784499168396,0.2,0.045777469873428345,1223.0,-2.1263096666666663
1824,56320,110,30,0.016469121,0.0004092704424510632,-0.01739966869354248,1744,0.21728515625,0.964165210723877,0.0010372467413617414,-0.023070325012668036,-42.79124963283539,0.2,-0.03950003162026405,1223.0,-2.127178260869565
1825,56832,111,31,0.02035581,0.0004092704424510632,0.00032788515090942383,1760,0.25732421875,0.9655892848968506,0.16428373008966446,-0.0259946133592166,-42.8100403547287,0.2,0.05036359280347824,1223.0,-2.127178260869565
1826,57344,112,31,0.021122374,0.0004092704424510632,0.0038149356842041016,1776,0.24072265625,0.9672473669052124,0.0022708357791998424,-0.02722165492014028,-42.86145055294037,0.2,-0.05222170799970627,1223.0,-2.127178260869565
1827,57856,113,31,0.018458921,0.0004092704424510632,-0.0016088485717773438,1792,0.211669921875,0.968210756778717,0.0025948117036023177,-0.020709014526801184,-42.89754867553711,0.2,-0.027655305340886116,1223.0,-2.127345489361702
1828,58368,114,31,0.023696145,0.0004092704424510632,0.00018233060836791992,1808,0.2459716796875,0.9682786464691162,0.17733528884127736,-0.0245730916649336,-42.911670088768005,0.2,0.06536377221345901,1223.0,-2.127345489361702
1829,58880,115,32,0.013902055,0.0004092704424510632,-0.0019515752792358398,1824,0.1988525390625,0.9659735560417175,0.0011684875335049583,-0.02105284240678884,-42.88189911842346,0.2,-0.04073263332247734,1223.0,-2.1271432291666668
1830,59392,116,32,0.021448769,0.0004092704424510632,0.00037860870361328125,1840,0.2633056640625,0.9628041386604309,0.16484502307139337,-0.031023363466374576,-42.79079449176788,0.2,0.03534460440278053,1223.0,-2.1271432291666668
1831,59904,117,32,0.016216882,0.0004092704424510632,0.004008769989013672,1856,0.2086181640625,0.9614285826683044,0.002050233568297699,-0.02318456365901511,-42.71141743659973,0.2,-0.032140474766492844,1223.0,-2.1271432291666668
1831,60416,118,32,0.017390426,0.0004092704424510632,0.0005887150764465332,1872,0.1971435546875,0.9609737396240234,0.002475133922416717,-0.019701018696650863,-42.683252930641174,0.2,-0.028516946360468864,1223.0,-2.1277053469387757
1830,60928,119,33,0.040008824,0.0004092704424510632,8.624792098999023e-05,1888,0.3095703125,0.9596458077430725,0.12106100807432085,-0.022665591284749098,-42.65062856674194,0.2,0.018271159380674362,1223.0,-2.1277053469387757
1829,61440,120,33,0.019953124,0.0004092704424510632,-0.0010499954223632812,1904,0.276611328125,0.9584131836891174,0.002528154796891613,-0.02470212330808863,-42.605645298957825,0.2,-0.030230244621634483,1223.0,-2.1285241200000002
1830,61952,121,33,0.02018362,0.0004092704424510632,0.00018584728240966797,1920,0.2572021484375,0.9556463956832886,0.18943170364946127,-0.02637509856140241,-42.54277217388153,0.2,0.0543689988553524,1223.0,-2.1285241200000002
1831,62464,122,34,0.019700777,0.0004092704424510632,-0.01527702808380127,1936,0.2337646484375,0.9547870755195618,0.001031701320243883,-0.023566993564600125,-42.47256255149841,0.2,-0.03134332597255707,1223.0,-2.125354862745098
1832,62976,123,34,0.019180134,0.0004092704424510632,0.00023001432418823242,1952,0.225830078125,0.9559059143066406,0.17090883338823915,-0.019451939908321947,-42.48348569869995,0.2,0.05959039553999901,1223.0,-2.125354862745098
1832,63488,124,34,0.014088099,0.0004092704424510632,0.003730297088623047,1968,0.1995849609375,0.9543739557266235,0.002217943434516201,-0.02152793892310001,-42.4845073223114,0.2,-0.03013211116194725,1223.0,-2.125354862745098
1833,64000,125,34,0.019151997,0.0004092704424510632,0.00010889768600463867,1984,0.247314453125,0.9546512365341187,0.002717220068007009,-0.02609118929831311,-42.444713830947876,0.2,-0.045717835426330566,1223.0,-2.1237712115384615
1833,64512,126,35,0.019773064,0.0004092704424510632,0.00014901161193847656,2000,0.2349853515625,0.9529883861541748,0.1821006080135703,-0.02526064999983646,-42.43736207485199,0.2,0.0597604364156723,1223.0,-2.1237712115384615
1834,65024,127,35,0.017793268,0.0004092704424510632,-0.00048363208770751953,2016,0.223876953125,0.9531244039535522,0.0011395559722586768,-0.019881146770785563,-42.396381855010986,0.2,-0.029870901256799698,1223.0,-2.12248141509434
1835,65536,128,35,0.019565951,0.0004092704424510632,0.00030040740966796875,2032,0.24609375,0.9537544846534729,0.16794166597537696,-0.02359920271555893,-42.42609786987305,0.2,0.06917373836040497,1223.0,-2.12248141509434
1836,66048,129,35,0.017781027,0.0004092704424510632,0.0035770535469055176,2048,0.2318115234375,0.9539204835891724,0.0011910130469914293,-0.023873085032391828,-42.43686497211456,0.2,-0.03747129067778587,1223.0,-2.1218283333333336
1837,66560,130,36,0.019595172,0.0004092704424510632,0.0002384781837463379,2064,0.27001953125,0.9528900384902954,0.16606107540428638,-0.027506090991664678,-42.42641997337341,0.2,0.040584612637758255,1223.0,-2.1218283333333336
1839,67072,131,36,0.0118763335,0.0004092704424510632,-1.0728836059570312e-05,2080,0.1900634765625,0.949949324131012,0.0027586836149566807,-0.022467622125986964,-42.36475157737732,0.2,-0.030609147623181343,1223.0,-2.1218283333333336
1839,67584,132,36,0.018833216,0.0004092704424510632,-0.00024712085723876953,2096,0.2166748046875,0.9486740827560425,0.0018098857581207994,-0.023230565537232906,-42.285483717918396,0.2,-0.042294442653656006,1223.0,-2.1177084363636367
1840,68096,133,37,0.019809738,0.0004092704424510632,8.225440979003906e-05,2112,0.228759765625,0.9488115906715393,0.17042674776166677,-0.023854359169490635,-42.266724586486816,0.2,0.0591217577457428,1223.0,-2.1177084363636367
1839,68608,134,37,0.016152646,0.0004092704424510632,-0.0015846490859985352,2128,0.2060546875,0.9483334422111511,0.0010616099862090778,-0.023245359683642164,-42.263516426086426,0.2,-0.034733328968286514,1223.0,-2.112687
1839,69120,135,37,0.022665203,0.0004092704424510632,0.00011932849884033203,2144,0.2401123046875,0.9476027488708496,0.1539260447025299,-0.02442068626987748,-42.237895369529724,0.2,0.04082396626472473,1223.0,-2.112687
1838,69632,136,37,0.019358903,0.0004092704424510632,-0.0013703107833862305,2160,0.23974609375,0.9478554725646973,0.0013967238191980869,-0.025077639700612053,-42.22548174858093,0.2,-0.028461065143346786,1223.0,-2.112687
1838,70144,137,38,0.017727517,0.0004092704424510632,-0.0004665851593017578,2176,0.20263671875,0.9479268789291382,0.0026800213308888488,-0.02329861809266731,-42.23665487766266,0.2,-0.042438995093107224,1223.0,-2.1094178596491227
1839,70656,138,38,0.022503134,0.0004092704424510632,0.00010764598846435547,2192,0.274169921875,0.9473697543144226,0.16270460840314627,-0.03051724430406466,-42.22460436820984,0.2,0.040873318910598755,1223.0,-2.1094178596491227
1840,71168,139,38,0.021646548,0.0004092704424510632,-0.0013082027435302734,2208,0.271240234375,0.948552668094635,0.00122639128130686,-0.02813246610458009,-42.22853446006775,0.2,-0.04389895498752594,1223.0,-2.106043603448276
1842,71680,140,38,0.015148067,0.0004092704424510632,0.00022876262664794922,2224,0.2371826171875,0.948532223701477,0.15989118535071611,-0.027056752111093374,-42.25413525104523,0.2,0.036697641015052795,1223.0,-2.106043603448276
1843,72192,141,39,0.020889912,0.0004092704424510632,-0.011601924896240234,2240,0.223388671875,0.9469921588897705,0.0011113904183730483,-0.023036476552078966,-42.23103630542755,0.2,-0.031080828979611397,1223.0,-2.1065534745762715
1844,72704,142,39,0.018686775,0.0004092704424510632,0.00019544363021850586,2256,0.2681884765625,0.9466718435287476,0.1508584211114794,-0.027876627675141208,-42.19173228740692,0.2,0.033806636929512024,1223.0,-2.1065534745762715
1845,73216,143,39,0.023843396,0.0004092704424510632,0.0001736283302307129,2272,0.2515869140625,0.9453245401382446,0.0029023531496932264,-0.024541161001252476,-42.17564785480499,0.2,-0.030965551733970642,1223.0,-2.1065534745762715
1846,73728,144,39,0.018607028,0.0004092704424510632,-0.00016558170318603516,2288,0.2379150390625,0.9425948858261108,0.0019931605966121424,-0.026240364895784296,-42.10650944709778,0.2,-0.029794715344905853,1223.0,-2.1049108500000004
1848,74240,145,40,0.015761876,0.0004092704424510632,0.00014334917068481445,2304,0.2105712890625,0.939772367477417,0.16192043176852167,-0.019536405787221156,-42.00546610355377,0.2,0.04880538955330849,1223.0,-2.1049108500000004
1848,74752,146,40,0.016336653,0.0004092704424510632,-0.005196690559387207,2320,0.1988525390625,0.9400513172149658,0.0011719559406628832,-0.021287344919983298,-41.95027279853821,0.2,-0.03885248303413391,1223.0,-2.1033794262295085
1849,75264,147,40,0.018671524,0.0004092704424510632,0.00016939640045166016,2336,0.223388671875,0.9405038356781006,0.15469911717809737,-0.022521744351251982,-41.97019922733307,0.2,0.02959718555212021,1223.0,-2.1033794262295085
4330,75776,1,0,0.019953918,0.0004092704424510632,0.0008420348167419434,2352,0.2249755859375,0.9386405348777771,0.001607569443876855,-0.023229044571053237,-41.95224690437317,0.2,-0.03859188035130501,1223.0,-2.1033794262295085
2611,76288,2,0,0.017523816,0.0004092704424510632,-0.00015842914581298828,2368,0.2371826171875,0.9394804239273071,0.0024128211734932847,-0.02764947133255191,-41.91377234458923,0.2,-0.04851555451750755,1223.0,-2.0994824032258066
2344,76800,3,0,0.023925703,0.0004092704424510632,0.00011044740676879883,2384,0.223876953125,0.939802348613739,0.15288802864961326,-0.023531802202342078,-41.946181774139404,0.2,0.03125111386179924,1223.0,-2.0994824032258066
2256,77312,4,0,0.017725572,0.0004092704424510632,0.0014782547950744629,2400,0.22119140625,0.9398061633110046,0.0018607307283673435,-0.02131281820766162,-41.94005000591278,0.2,-0.024366246536374092,1223.0,-2.0987283333333333
2191,77824,5,1,0.017074045,0.0004092704424510632,3.68952751159668e-05,2416,0.241943359375,0.9393590092658997,0.1660687681287527,-0.027846490527736023,-41.941630721092224,0.2,0.04119568690657616,1223.0,-2.0987283333333333
2120,78336,6,1,0.014419889,0.0004092704424510632,-0.0006175041198730469,2432,0.168212890625,0.9370362758636475,0.001398867198076914,-0.018473194977559615,-41.89689755439758,0.2,-0.03190777450799942,1223.0,-2.0989988750000004
2093,78848,7,1,0.017878313,0.0004092704424510632,6.091594696044922e-05,2448,0.2220458984375,0.9350095987319946,0.15580045036040246,-0.02044468274107203,-41.82613205909729,0.2,0.03798201307654381,1223.0,-2.0989988750000004
2073,79360,8,1,0.019441407,0.0004092704424510632,0.00033795833587646484,2464,0.265869140625,0.9347209334373474,0.0025227675687347073,-0.027938779821852222,-41.78703689575195,0.2,-0.03576945513486862,1223.0,-2.0989988750000004
2059,79872,9,2,0.01789561,0.0004092704424510632,-0.0003349781036376953,2480,0.21484375,0.9343467354774475,0.0018909553255070932,-0.0235902828280814,-41.78311276435852,0.2,-0.03621649369597435,1223.0,-2.096773892307693
2056,80384,10,2,0.018963104,0.0004092704424510632,6.651878356933594e-05,2496,0.2242431640625,0.9341861009597778,0.16859637387096882,-0.025017363572260365,-41.773046016693115,0.2,0.05149870365858078,1223.0,-2.096773892307693
2053,80896,11,2,0.01760855,0.0004092704424510632,-0.0003769397735595703,2512,0.2742919921875,0.93353271484375,0.001563926411108696,-0.025054698082385585,-41.76036083698273,0.2,-0.0474696159362793,1223.0,-2.0958626212121216
2034,81408,12,3,0.020438442,0.0004092704424510632,0.00012367963790893555,2528,0.22412109375,0.9323948621749878,0.15594502608291805,-0.02324669429799542,-41.73034882545471,0.2,0.055548716336488724,1223.0,-2.0958626212121216
2032,81920,13,3,0.016821334,0.0004092704424510632,0.005687415599822998,2544,0.2218017578125,0.9319786429405212,0.0013595599539257819,-0.025150767498416826,-41.69544184207916,0.2,-0.031219622120261192,1223.0,-2.0958626212121216
2034,82432,14,3,0.01341586,0.0004092704424510632,0.000736236572265625,2560,0.1824951171875,0.9318646788597107,0.0024037998155108653,-0.019991498142189812,-41.69261586666107,0.2,-0.03876378387212753,1223.0,-2.0946200298507467
2032,82944,15,3,0.028600566,0.0004092704424510632,6.437301635742188e-05,2576,0.266357421875,0.931237518787384,0.10866855969652534,-0.02429847529856488,-41.678329944610596,0.2,0.03703371435403824,1223.0,-2.0946200298507467
2031,83456,16,4,0.023195354,0.0004092704424510632,-0.001225113868713379,2592,0.2825927734375,0.9315716028213501,0.002115326642524451,-0.030327207350637764,-41.670111536979675,0.2,-0.051290109753608704,1223.0,-2.0951975294117653
2028,83968,17,4,0.024857799,0.0004092704424510632,0.00012356042861938477,2608,0.245361328125,0.932187557220459,0.17911359760910273,-0.025548294550389983,-41.68911111354828,0.2,0.05443907901644707,1223.0,-2.0951975294117653
2026,84480,18,4,0.021825742,0.0004092704424510632,-0.008568882942199707,2624,0.2335205078125,0.9324935078620911,0.0011770485434681177,-0.02474314020946622,-41.7041152715683,0.2,-0.027612434700131416,1223.0,-2.092110202898551
2022,84992,19,4,0.024194917,0.0004092704424510632,8.147954940795898e-05,2640,0.2784423828125,0.9319033622741699,0.16354369348846376,-0.02797550537798088,-41.70214080810547,0.2,0.051340483129024506,1223.0,-2.092110202898551
2018,85504,20,5,0.019660091,0.0004092704424510632,0.0005117058753967285,2656,0.2236328125,0.9311138391494751,0.002254875682410784,-0.02224983338965103,-41.67355144023895,0.2,-0.03654618188738823,1223.0,-2.092110202898551
2012,86016,21,5,0.01714955,0.0004092704424510632,4.208087921142578e-05,2672,0.2303466796875,0.9316971898078918,0.0022802072126069106,-0.02430622768588364,-41.66974973678589,0.2,-0.03213952109217644,1223.0,-2.091542642857143
2006,86528,22,5,0.018565305,0.0004092704424510632,7.265806198120117e-05,2688,0.220703125,0.9315738081932068,0.1832259870134294,-0.022122526075690985,-41.68122208118439,0.2,0.0649796575307846,1223.0,-2.091542642857143
2005,87040,23,5,0.02120452,0.0004092704424510632,0.00041472911834716797,2704,0.258544921875,0.9298629760742188,0.0013513847752619768,-0.02780915425682906,-41.64776575565338,0.2,-0.03520163148641586,1223.0,-2.0922947042253526
2005,87552,24,6,0.014723383,0.0004092704424510632,0.00014638900756835938,2720,0.17919921875,0.9288241863250732,0.16433696495369077,-0.02121976546186488,-41.60060715675354,0.2,0.057874955236911774,1223.0,-2.0922947042253526
2007,88064,25,6,0.018017642,0.0004092704424510632,-0.0002777576446533203,2736,0.2447509765625,0.9271687269210815,0.0017786200805858243,-0.025500807096250355,-41.560242891311646,0.2,-0.033942341804504395,1223.0,-2.0909961249999998
2007,88576,26,6,0.017772283,0.0004092704424510632,0.00014549493789672852,2752,0.23486328125,0.9266201257705688,0.16147434036247432,-0.023847856777138077,-41.511221051216125,0.2,0.03361508995294571,1223.0,-2.0909961249999998
2007,89088,27,6,0.019817185,0.0004092704424510632,0.0007185935974121094,2768,0.247314453125,0.9256398677825928,0.0024135390194715,-0.02607955556595698,-41.48801839351654,0.2,-0.042150262743234634,1223.0,-2.0909961249999998
2006,89600,28,7,0.016507268,0.0004092704424510632,-0.0005123615264892578,2784,0.1798095703125,0.9259029030799866,0.001966788453501067,-0.021842472968273796,-41.46288228034973,0.2,-0.0341106615960598,1223.0,-2.090181547945205
2006,90112,29,7,0.015618926,0.0004092704424510632,9.530782699584961e-05,2800,0.2235107421875,0.9254269003868103,0.16393917240202427,-0.0226757683994947,-41.46948480606079,0.2,0.05522572249174118,1223.0,-2.090181547945205
2008,90624,30,7,0.020887598,0.0004092704424510632,0.0001259446144104004,2816,0.2647705078125,0.9230135679244995,0.001753184860717738,-0.032892062328755856,-41.420369267463684,0.2,-0.03734119236469269,1223.0,-2.0891416621621617
2009,91136,31,7,0.022844866,0.0004092704424510632,0.00013428926467895508,2832,0.249267578125,0.9232431650161743,0.15532988822087646,-0.02567408632603474,-41.369006395339966,0.2,0.06607293337583542,1223.0,-2.0891416621621617
2012,91648,32,8,0.024320997,0.0004092704424510632,0.01501774787902832,2848,0.265625,0.9246116280555725,0.0018622485185915139,-0.027131510141771287,-41.40561819076538,0.2,-0.02838478796184063,1223.0,-2.0891416621621617
2013,92160,33,8,0.020271234,0.0004092704424510632,9.125471115112305e-05,2864,0.217041015625,0.9251003265380859,0.0017619562149775447,-0.024829145550029352,-41.44167506694794,0.2,-0.037188708782196045,1223.0,-2.0863434666666665
2015,92672,34,8,0.02625518,0.0004092704424510632,7.390975952148438e-05,2880,0.286865234375,0.9243423938751221,0.16492545697838068,-0.027511783337104134,-41.431211709976196,0.2,0.03422248736023903,1223.0,-2.0863434666666665
2015,93184,35,8,0.023226146,0.0004092704424510632,-0.0005966424942016602,2896,0.239501953125,0.9231017231941223,0.0015312054219975835,-0.025612844357965514,-41.3992258310318,0.2,-0.04441337287425995,1223.0,-2.085525394736842
2016,93696,36,9,0.016906302,0.0004092704424510632,5.3882598876953125e-05,2912,0.2119140625,0.9220802783966064,0.1646352899260819,-0.01864499322255142,-41.36040163040161,0.2,0.05989858880639076,1223.0,-2.085525394736842
2016,94208,37,9,0.019982945,0.0004092704424510632,-0.0007711648941040039,2928,0.2442626953125,0.9201125502586365,0.001255026833860029,-0.031492554568103515,-41.316219449043274,0.2,-0.05022163689136505,1223.0,-2.085277545454545
2016,94720,38,9,0.023369111,0.0004092704424510632,6.449222564697266e-05,2944,0.25732421875,0.9189924001693726,0.1493166391737759,-0.0315557902213186,-41.2559369802475,0.2,0.04387066513299942,1223.0,-2.085277545454545
2015,95232,39,9,0.013136482,0.0004092704424510632,-0.0003998279571533203,2960,0.2523193359375,0.9179272651672363,0.0026659414543246385,-0.02638206770643592,-41.220250844955444,0.2,-0.04223693162202835,1223.0,-2.085277545454545
2013,95744,40,10,0.018571531,0.0004092704424510632,-0.00010073184967041016,2976,0.2371826171875,0.9177277684211731,0.002454935816786019,-0.02535116986837238,-41.198516964912415,0.2,-0.022917814552783966,1223.0,-2.0857892307692305
2012,96256,41,10,0.021128811,0.0004092704424510632,5.626678466796875e-05,2992,0.2625732421875,0.9179793000221252,0.16368458303622901,-0.02794812648789957,-41.203338980674744,0.2,0.038537200540304184,1223.0,-2.0857892307692305
2010,96768,42,10,0.018304272,0.0004092704424510632,-0.00021564960479736328,3008,0.260986328125,0.9183281660079956,0.0017619431782804895,-0.028069304215023294,-41.21731352806091,0.2,-0.037593189626932144,1223.0,-2.085499556962025
2008,97280,43,10,0.026346598,0.0004092704424510632,7.843971252441406e-05,3024,0.2392578125,0.9172362685203552,0.1562156043946743,-0.027888383308891207,-41.21573889255524,0.2,0.03994572162628174,1223.0,-2.085499556962025
2006,97792,44,11,0.0151511105,0.0004092704424510632,-7.18832015991211e-05,3040,0.2142333984375,0.9171066284179688,0.0016498431850777706,-0.02875570350443013,-41.1806138753891,0.2,-0.051272809505462646,1223.0,-2.085499556962025
2003,98304,45,11,0.018083405,0.0004092704424510632,2.6047229766845703e-05,3056,0.2308349609375,0.9163282513618469,0.002372587645368185,-0.025131246526143514,-41.17275404930115,0.2,-0.03844863176345825,1223.0,-2.0839045250000003
2001,98816,46,11,0.029219622,0.0004092704424510632,4.8279762268066406e-05,3072,0.29638671875,0.915531575679779,0.1525851448532194,-0.030221879453165457,-41.14180672168732,0.2,0.03068907931447029,1223.0,-2.0839045250000003
1999,99328,47,12,0.0152186025,0.0004092704424510632,-0.0002480745315551758,3088,0.2110595703125,0.916018545627594,0.0018059651429211954,-0.02372369599470403,-41.13714671134949,0.2,-0.026887409389019012,1223.0,-2.08231662962963
1999,99840,48,12,0.0197431,0.0004092704424510632,3.701448440551758e-05,3104,0.2518310546875,0.9169273376464844,0.16192440083250403,-0.025215893067070283,-41.1684285402298,0.2,0.04371165484189987,1223.0,-2.08231662962963
1998,100352,49,12,0.014590827,0.0004092704424510632,-0.0002542734146118164,3120,0.1922607421875,0.9166114926338196,0.0014058044589546626,-0.023426788015058264,-41.17857587337494,0.2,-0.04051890969276428,1223.0,-2.0820396097560976
1998,100864,50,12,0.02307707,0.0004092704424510632,3.904104232788086e-05,3136,0.2757568359375,0.9150286912918091,0.15432703401893377,-0.027334523852914572,-41.14210748672485,0.2,0.049561042338609695,1223.0,-2.0820396097560976
1997,101376,51,13,0.016231472,0.0004092704424510632,0.00011783838272094727,3152,0.1961669921875,0.913598358631134,0.0025765614518604707,-0.0237166493316181,-41.08996558189392,0.2,-0.027761617675423622,1223.0,-2.0820396097560976
1998,101888,52,13,0.01741912,0.0004092704424510632,-0.00017142295837402344,3168,0.226318359375,0.911753237247467,0.002179789611545857,-0.023758464347338304,-41.0372189283371,0.2,-0.03519359230995178,1223.0,-2.0820778795180725
1998,102400,53,13,0.026926327,0.0004092704424510632,4.392862319946289e-05,3184,0.2911376953125,0.9106171131134033,0.16519717872142792,-0.026359074174251873,-40.981013894081116,0.2,0.059470225125551224,1223.0,-2.0820778795180725
1998,102912,54,13,0.01821373,0.0004092704424510632,2.682209014892578e-06,3200,0.2459716796875,0.9097132682800293,0.0016803398357296828,-0.026373690023319796,-40.940412759780884,0.2,-0.04557518661022186,1223.0,-2.082146904761905
1996,103424,55,14,0.014700295,0.0004092704424510632,7.265806198120117e-05,3216,0.177978515625,0.90815269947052,0.16315484000369906,-0.017488860961748287,-40.904765129089355,0.2,0.0475342720746994,1223.0,-2.082146904761905
1992,103936,56,14,0.017489754,0.0004092704424510632,0.0002499818801879883,3232,0.201171875,0.9074693322181702,0.0016313702199113322,-0.02155017899349332,-40.853076338768005,0.2,-0.03216373547911644,1223.0,-2.082146904761905
1988,104448,57,14,0.018637527,0.0004092704424510632,0.00039833784103393555,3248,0.26318359375,0.9068430662155151,0.002097834145388333,-0.029026977048488334,-40.83478629589081,0.2,-0.04489690810441971,1223.0,-2.0807964352941175
1984,104960,58,14,0.04503934,0.0004092704424510632,3.838539123535156e-05,3264,0.3402099609375,0.9059221148490906,0.10265412996523082,-0.027538703638128936,-40.80871903896332,0.2,-0.0031820647418498993,1223.0,-2.0807964352941175
1981,105472,59,15,0.019638455,0.0004092704424510632,-0.0008833408355712891,3280,0.251708984375,0.9043144583702087,0.0015825153604964726,-0.028548550195409916,-40.770350098609924,0.2,-0.04225661978125572,1223.0,-2.077995895348837
1977,105984,60,15,0.020914942,0.0004092704424510632,4.565715789794922e-05,3296,0.2510986328125,0.9025831818580627,0.18185903085395694,-0.027209670923184603,-40.71095371246338,0.2,0.054408326745033264,1223.0,-2.077995895348837
1972,106496,61,15,0.029349558,0.0004092704424510632,-0.0004595518112182617,3312,0.27392578125,0.9018779993057251,0.001356059927275055,-0.03104436758439988,-40.66664409637451,0.2,-0.04087667539715767,1223.0,-2.0766294597701145
1968,107008,62,16,0.019600017,0.0004092704424510632,5.7637691497802734e-05,3328,0.2205810546875,0.9008537530899048,0.16494688135571778,-0.024560147372540087,-40.65234649181366,0.2,0.04461278021335602,1223.0,-2.0766294597701145
1963,107520,63,16,0.017001815,0.0004092704424510632,0.00017899274826049805,3344,0.2337646484375,0.9011005163192749,0.002139890108082909,-0.02550832027918659,-40.62953054904938,0.2,-0.026604721322655678,1223.0,-2.0766294597701145
1957,108032,64,16,0.014886757,0.0004092704424510632,2.9385089874267578e-05,3360,0.193359375,0.9007587432861328,0.00206375608468079,-0.020113211183343083,-40.636592864990234,0.2,-0.028788184747099876,1223.0,-2.073979
1953,108544,65,17,0.014185992,0.0004092704424510632,4.696846008300781e-05,3376,0.1817626953125,0.9004058241844177,0.1768003129400313,-0.01972881259280257,-40.61315441131592,0.2,0.07740424573421478,1223.0,-2.073979
1949,109056,66,17,0.014602756,0.0004092704424510632,-0.0004667043685913086,3392,0.1905517578125,0.9004226326942444,0.0010738219252743875,-0.019537923188181594,-40.61044752597809,0.2,-0.03562983497977257,1223.0,-2.072194865168539
1943,109568,67,17,0.024152525,0.0004092704424510632,6.127357482910156e-05,3408,0.2606201171875,0.8992581963539124,0.1636937502771616,-0.030364670703420416,-40.59394347667694,0.2,0.031929511576890945,1223.0,-2.072194865168539
1940,110080,68,17,0.016125806,0.0004092704424510632,3.2782554626464844e-06,3424,0.24072265625,0.8995650410652161,0.0014544300665875198,-0.026828135014511645,-40.57268488407135,0.2,-0.02628319337964058,1223.0,-2.0688242444444445
1940,110592,69,18,0.018082395,0.0004092704424510632,8.052587509155273e-05,3440,0.2200927734375,0.8971304297447205,0.15330913802608848,-0.022364592732628807,-40.553309202194214,0.2,0.049179382622241974,1223.0,-2.0688242444444445
1939,111104,70,18,0.012058639,0.0004092704424510632,0.00010454654693603516,3456,0.20166015625,0.8966305255889893,0.0025710083973535802,-0.024312580455443822,-40.48654854297638,0.2,-0.03716474398970604,1223.0,-2.0688242444444445
1939,111616,71,18,0.016662844,0.0004092704424510632,-9.930133819580078e-05,3472,0.17626953125,0.8957635164260864,0.0024635057598061394,-0.01981683450867422,-40.47441589832306,0.2,-0.024257859215140343,1223.0,-2.068342956043956
1939,112128,72,19,0.017492779,0.0004092704424510632,5.4895877838134766e-05,3488,0.2161865234375,0.8949429392814636,0.1620694464072585,-0.022131555917439982,-40.437713742256165,0.2,0.039705343544483185,1223.0,-2.068342956043956
1937,112640,73,19,0.014505818,0.0004092704424510632,-0.0007506608963012695,3504,0.20654296875,0.8947395086288452,0.001368555622320855,-0.024084002317977138,-40.41391921043396,0.2,-0.03699343279004097,1223.0,-2.067694804347826
1938,113152,74,19,0.026089765,0.0004092704424510632,6.270408630371094e-05,3520,0.27197265625,0.8952208757400513,0.14919990324415267,-0.028766146351699717,-40.417144536972046,0.2,0.01680399477481842,1223.0,-2.067694804347826
1938,113664,75,19,0.017885756,0.0004092704424510632,0.0005533099174499512,3536,0.230224609375,0.8949986696243286,0.0018415794693282805,-0.023258984219864942,-40.422770977020264,0.2,-0.02937132678925991,1223.0,-2.067694804347826
1939,114176,76,20,0.0201791,0.0004092704424510632,-4.3272972106933594e-05,3552,0.2509765625,0.8932331204414368,0.0019471120431262534,-0.030228939023800194,-40.39567840099335,0.2,-0.03922073170542717,1223.0,-2.065115182795699
1939,114688,77,20,0.019311856,0.0004092704424510632,2.771615982055664e-05,3568,0.246826171875,0.891865611076355,0.1613551303744316,-0.025056344544282183,-40.32743942737579,0.2,0.04818263649940491,1223.0,-2.065115182795699
1940,115200,78,20,0.023661258,0.0004092704424510632,0.0003314018249511719,3584,0.2716064453125,0.892011821269989,0.001186732733003737,-0.027465845545521006,-40.304367899894714,0.2,-0.03823300451040268,1223.0,-2.0637966170212767
1940,115712,79,20,0.018433765,0.0004092704424510632,2.956390380859375e-05,3600,0.2569580078125,0.8931599855422974,0.15619292366318405,-0.026673718457459472,-40.32963716983795,0.2,0.04040617495775223,1223.0,-2.0637966170212767
1940,116224,80,21,0.021984149,0.0004092704424510632,-0.0002447366714477539,3616,0.295166015625,0.8934906721115112,0.0010054264739665086,-0.029197146592196077,-40.354482531547546,0.2,-0.034668371081352234,1223.0,-2.062590147368421
1940,116736,81,21,0.020641867,0.0004092704424510632,5.513429641723633e-05,3632,0.230224609375,0.8926915526390076,0.14370973617769778,-0.026723670569481328,-40.343589544296265,0.2,0.032304324209690094,1223.0,-2.062590147368421
1940,117248,82,21,0.020743374,0.0004092704424510632,2.0265579223632812e-05,3648,0.2513427734375,0.8932578563690186,0.003137614192382898,-0.03020881410338916,-40.33578157424927,0.2,-0.02582433633506298,1223.0,-2.062590147368421
1938,117760,83,21,0.017030817,0.0004092704424510632,-6.270408630371094e-05,3664,0.268310546875,0.8935720324516296,0.00168749910153565,-0.028775568847777322,-40.357799887657166,0.2,-0.04849039390683174,1223.0,-2.0614094479166667
1936,118272,84,22,0.01516099,0.0004092704424510632,2.1338462829589844e-05,3680,0.210693359375,0.893974244594574,0.15572640160098672,-0.02282003205618821,-40.371010303497314,0.2,0.03731011599302292,1223.0,-2.0614094479166667
1934,118784,85,22,0.018857533,0.0004092704424510632,-0.00010180473327636719,3696,0.21728515625,0.895266592502594,0.0013209012668085052,-0.023060660154442303,-40.39536154270172,0.2,-0.03672544285655022,1223.0,-2.0603291546391755
1933,119296,86,22,0.018283123,0.0004092704424510632,4.2438507080078125e-05,3712,0.227294921875,0.8951589465141296,0.14780897530727088,-0.026149193668970838,-40.42074513435364,0.2,0.028550002723932266,1223.0,-2.0603291546391755
1932,119808,87,23,0.021956678,0.0004092704424510632,0.00017774105072021484,3728,0.257080078125,0.894245445728302,0.0016279969258903293,-0.025978824924095534,-40.398157477378845,0.2,-0.03106760047376156,1223.0,-2.0603291546391755
1930,120320,88,23,0.016799537,0.0004092704424510632,2.1219253540039062e-05,3744,0.2236328125,0.8939947485923767,0.0023894524420029484,-0.022375816959538497,-40.38096332550049,0.2,-0.030597612261772156,1223.0,-2.0600355204081633
1929,120832,89,23,0.022942312,0.0004092704424510632,3.24249267578125e-05,3760,0.215576171875,0.8927045464515686,0.14314746297895908,-0.0190475330746267,-40.35869896411896,0.2,0.030258458107709885,1223.0,-2.0600355204081633
1929,121344,90,23,0.020747542,0.0004092704424510632,-0.00034117698669433594,3776,0.2271728515625,0.8911433815956116,0.0017086331645259634,-0.0233246979478281,-40.30637216567993,0.2,-0.030133428052067757,1223.0,-2.0595886060606063
1928,121856,91,24,0.017788004,0.0004092704424510632,1.1801719665527344e-05,3792,0.2406005859375,0.8900060057640076,0.16115879407152534,-0.02431365205848124,-40.261971831321716,0.2,0.04863494634628296,1223.0,-2.0595886060606063
1927,122368,92,24,0.016107121,0.0004092704424510632,-0.00022470951080322266,3808,0.23583984375,0.8904773592948914,0.0010532361366131227,-0.026193779456662014,-40.237924456596375,0.2,-0.03966124728322029,1223.0,-2.0577044000000004
1926,122880,93,24,0.016711354,0.0004092704424510632,3.3915042877197266e-05,3824,0.2080078125,0.8910917043685913,0.14679665677249432,-0.02339023124659434,-40.2626017332077,0.2,0.02937503159046173,1223.0,-2.0577044000000004
1924,123392,94,25,0.013640489,0.0004092704424510632,6.532669067382812e-05,3840,0.209228515625,0.8921038508415222,0.0026752249323180877,-0.023618325365532655,-40.28118658065796,0.2,-0.03461984172463417,1223.0,-2.0577044000000004
1923,123904,95,25,0.02108672,0.0004092704424510632,-6.222724914550781e-05,3856,0.2301025390625,0.8937360644340515,0.0023543031384178903,-0.02392935103853233,-40.32905435562134,0.2,-0.03226358816027641,1223.0,-2.0551975100000006
1923,124416,96,25,0.017959863,0.0004092704424510632,2.5987625122070312e-05,3872,0.2659912109375,0.8945251107215881,0.16211019200272858,-0.026136066240724176,-40.37334334850311,0.2,0.033916883170604706,1223.0,-2.0551975100000006
1924,124928,97,25,0.022548849,0.0004092704424510632,-0.00024235248565673828,3888,0.277099609375,0.8940776586532593,0.0012394846744427923,-0.029509837680961937,-40.37239456176758,0.2,-0.0499374121427536,1223.0,-2.05405563
1925,125440,98,26,0.021028183,0.0004092704424510632,4.696846008300781e-05,3904,0.235107421875,0.8930072784423828,0.14642419619485736,-0.023612102748302277,-40.34904897212982,0.2,0.0384119413793087,1223.0,-2.05405563
1926,125952,99,26,0.017731154,0.0004092704424510632,0.0002962350845336914,3920,0.2568359375,0.8910917043685913,0.0021448224688356277,-0.027689688926329836,-40.29555857181549,0.2,-0.040127310901880264,1223.0,-2.05405563
1926,126464,100,26,0.014865801,0.0004092704424510632,0.00015813112258911133,3936,0.206298828125,0.8905236721038818,0.00233711085820687,-0.021468034727149643,-40.24286377429962,0.2,-0.03526899591088295,1223.0,-2.05452284
1928,126976,101,26,0.033827633,0.0004092704424510632,2.6226043701171875e-05,3952,0.28369140625,0.8904565572738647,0.0898187062703073,-0.024341239244677126,-40.23475968837738,0.2,0.009088657796382904,1223.0,-2.05452284
1929,127488,102,27,0.023293525,0.0004092704424510632,-0.0003949403762817383,3968,0.2520751953125,0.8902244567871094,0.0017572855831531342,-0.026680745562771335,-40.22990572452545,0.2,-0.05031568184494972,1223.0,-2.05388263
1929,128000,103,27,0.014111024,0.0004092704424510632,8.58306884765625e-06,3984,0.1669921875,0.8894335627555847,0.1761097745038569,-0.017330054957710672,-40.216196179389954,0.2,0.0665237158536911,1223.0,-2.05388263
1930,128512,104,27,0.023417946,0.0004092704424510632,-0.002167940139770508,4000,0.2449951171875,0.8880524039268494,0.0011680329425871605,-0.02509629238920752,-40.17223370075226,0.2,-0.03287610784173012,1223.0,-2.05333942
1930,129024,105,27,0.021831088,0.0004092704424510632,2.09808349609375e-05,4016,0.2738037109375,0.8875464200973511,0.16477162623777986,-0.028634528600377962,-40.138346433639526,0.2,0.05423244461417198,1223.0,-2.05333942
1931,129536,106,28,0.018329937,0.0004092704424510632,1.2934207916259766e-05,4032,0.21435546875,0.8862388730049133,0.002364672654948663,-0.022997744665190112,-40.11235952377319,0.2,-0.0297669917345047,1223.0,-2.05333942
1932,130048,107,28,0.018942056,0.0004092704424510632,1.6987323760986328e-05,4048,0.2406005859375,0.8861914277076721,0.001982661142392317,-0.028321827412582934,-40.07296824455261,0.2,-0.04163597524166107,1223.0,-2.05079805
1933,130560,108,28,0.013519334,0.0004092704424510632,1.1444091796875e-05,4064,0.2061767578125,0.886589765548706,0.17461890866979957,-0.02140400986536406,-40.076858043670654,0.2,0.06503528356552124,1223.0,-2.05079805
1933,131072,109,28,0.02295604,0.0004092704424510632,-0.0002804994583129883,4080,0.234375,0.8867519497871399,0.0012492648438637843,-0.0252873589633964,-40.082271218299866,0.2,-0.03319314494729042,1223.0,-2.0473526900000003
1935,131584,110,29,0.017302088,0.0004092704424510632,2.2172927856445312e-05,4096,0.2669677734375,0.8874343633651733,0.16238385811448097,-0.02735640872560907,-40.098268032073975,0.2,0.03999171033501625,1223.0,-2.0473526900000003
1935,132096,111,29,0.016920023,0.0004092704424510632,-0.00011444091796875,4112,0.2127685546875,0.8858722448348999,0.001329611081018811,-0.02422947730519809,-40.091230511665344,0.2,-0.039643097668886185,1223.0,-2.0447801500000002
1935,132608,112,29,0.021943424,0.0004092704424510632,2.4616718292236328e-05,4128,0.293701171875,0.8859636783599854,0.15163868246600032,-0.03156998839403968,-40.04963755607605,0.2,0.03464856371283531,1223.0,-2.0447801500000002
1935,133120,113,29,0.020345734,0.0004092704424510632,-5.8770179748535156e-05,4144,0.252685546875,0.88385009765625,0.002708388117753202,-0.029132108436897397,-40.02783012390137,0.2,-0.04184707626700401,1223.0,-2.0447801500000002
1936,133632,114,30,0.02115753,0.0004092704424510632,4.3332576751708984e-05,4160,0.284423828125,0.8836358785629272,0.0020425052316568326,-0.027617805506451987,-39.969680309295654,0.2,-0.045749519020318985,1223.0,-2.0413540900000005
1936,134144,115,30,0.016734611,0.0004092704424510632,7.033348083496094e-06,4176,0.2532958984375,0.8833101987838745,0.16112889093346894,-0.02507111024169717,-39.96669363975525,0.2,0.040143415331840515,1223.0,-2.0413540900000005
1937,134656,116,30,0.016779905,0.0004092704424510632,-0.0001430511474609375,4192,0.2320556640625,0.8824963569641113,0.0012750045189022785,-0.024062560027232394,-39.94169354438782,0.2,-0.04581578075885773,1223.0,-2.03938487
1937,135168,117,30,0.016687289,0.0004092704424510632,2.9861927032470703e-05,4208,0.2232666015625,0.8816593885421753,0.15182915539480746,-0.01923236106085824,-39.91573107242584,0.2,0.04173197224736214,1223.0,-2.03938487
1936,135680,118,31,0.015254581,0.0004092704424510632,0.0025550127029418945,4224,0.2119140625,0.880881667137146,0.0020121798625041265,-0.01982439900166355,-39.88684570789337,0.2,-0.021614860743284225,1223.0,-2.03938487
1935,136192,119,31,0.023015473,0.0004092704424510632,5.239248275756836e-05,4240,0.281005859375,0.880297064781189,0.002284328093082877,-0.03198181910556741,-39.86674475669861,0.2,-0.056631725281476974,1223.0,-2.0374014600000003
1935,136704,120,31,0.021427512,0.0004092704424510632,2.0265579223632812e-06,4256,0.2449951171875,0.879547119140625,0.16053877770900726,-0.024183800094760954,-39.840267300605774,0.2,0.035828109830617905,1223.0,-2.0374014600000003
1934,137216,121,32,0.018802214,0.0004092704424510632,-7.95125961303711e-05,4272,0.282470703125,0.8787193894386292,0.0014626485281041823,-0.032728880032664165,-39.81471061706543,0.2,-0.05043596774339676,1223.0,-2.0337293
1934,137728,122,32,0.01849737,0.0004092704424510632,1.1563301086425781e-05,4288,0.21337890625,0.8770449757575989,0.15466079767793417,-0.02001020181342028,-39.768778920173645,0.2,0.03593159839510918,1223.0,-2.0337293
1934,138240,123,32,0.020818926,0.0004092704424510632,-0.0001252889633178711,4304,0.23095703125,0.8759608268737793,0.0012863957499575918,-0.028408973914338276,-39.719720005989075,0.2,-0.036811765283346176,1223.0,-2.03144079
1934,138752,124,32,0.0207765,0.0004092704424510632,1.0788440704345703e-05,4320,0.2529296875,0.8765684962272644,0.14636218664236367,-0.024739915446843952,-39.70984625816345,0.2,0.0436616875231266,1223.0,-2.03144079
1933,139264,125,33,0.01600701,0.0004092704424510632,-4.649162292480469e-05,4336,0.18115234375,0.8767947554588318,0.002506053351680748,-0.019795705942669883,-39.734142780303955,0.2,-0.025705385953187943,1223.0,-2.03144079
1933,139776,126,33,0.023377333,0.0004092704424510632,1.3113021850585938e-05,4352,0.26220703125,0.8771872520446777,0.0023087956542440224,-0.025867644566460513,-39.73549020290375,0.2,-0.04128275811672211,1223.0,-2.0306201400000004
1934,140288,127,33,0.021820972,0.0004092704424510632,1.233816146850586e-05,4368,0.22802734375,0.8762811422348022,0.15647054626606405,-0.02411728401784785,-39.731322288513184,0.2,0.046174123883247375,1223.0,-2.0306201400000004
1935,140800,128,33,0.01681451,0.0004092704424510632,-2.1696090698242188e-05,4384,0.23193359375,0.8759647607803345,0.0013115704095980618,-0.02010721096303314,-39.70182514190674,0.2,-0.024187052622437477,1223.0,-2.02874333
1935,141312,129,34,0.017661283,0.0004092704424510632,1.5556812286376953e-05,4400,0.2237548828125,0.8748743534088135,0.14753657625988126,-0.023533936095191166,-39.68550789356232,0.2,0.03680957108736038,1223.0,-2.02874333
1936,141824,130,34,0.016147148,0.0004092704424510632,2.8848648071289062e-05,4416,0.197509765625,0.8735883235931396,0.002228689736512024,-0.02115549726295285,-39.632893204689026,0.2,-0.03583288937807083,1223.0,-2.02874333
1937,142336,131,34,0.017700523,0.0004092704424510632,-3.826618194580078e-05,4432,0.20751953125,0.8736009001731873,0.0021860526030650362,-0.022729836869984865,-39.60206890106201,0.2,-0.023249976336956024,1223.0,-2.0259476600000004
1937,142848,132,34,0.018633736,0.0004092704424510632,8.881092071533203e-06,4448,0.2083740234375,0.8738430142402649,0.14159352937713265,-0.019956326425017323,-39.61658322811127,0.2,0.028671905398368835,1223.0,-2.0259476600000004
1937,143360,133,35,0.01949964,0.0004092704424510632,-0.00010585784912109375,4464,0.22509765625,0.8733654022216797,0.00167741694713186,-0.02497404726454988,-39.614331126213074,0.2,-0.02907276153564453,1223.0,-2.0210189400000007
1938,143872,134,35,0.02128318,0.0004092704424510632,1.5020370483398438e-05,4480,0.275146484375,0.8736661672592163,0.15939977206289768,-0.0295251408679178,-39.61036944389343,0.2,0.035417214035987854,1223.0,-2.0210189400000007
1939,144384,135,35,0.01972131,0.0004092704424510632,-0.00021278858184814453,4496,0.21044921875,0.8740481734275818,0.0011525830677783233,-0.0181091379490681,-39.62885344028473,0.2,-0.03885785862803459,1223.0,-2.0186349900000002
1939,144896,136,35,0.023722775,0.0004092704424510632,1.2159347534179688e-05,4512,0.258544921875,0.8741560578346252,0.14710074895992875,-0.029804975958541036,-39.637072682380676,0.2,0.02703307941555977,1223.0,-2.0186349900000002
1940,145408,137,36,0.016658489,0.0004092704424510632,-9.548664093017578e-05,4528,0.2156982421875,0.8743849396705627,0.0021649864138453268,-0.022673035724437796,-39.63558256626129,0.2,-0.03802172467112541,1223.0,-2.0186349900000002
1941,145920,138,36,0.01556566,0.0004092704424510632,-3.9458274841308594e-05,4544,0.215087890625,0.8737301230430603,0.0019463356948108412,-0.02505606044724118,-39.633272647857666,0.2,-0.02832498401403427,1223.0,-2.01674815
1941,146432,139,36,0.020445107,0.0004092704424510632,8.702278137207031e-06,4560,0.2393798828125,0.8713236451148987,0.15889915847219527,-0.027085174166131765,-39.580519914627075,0.2,0.040028173476457596,1223.0,-2.01674815
1941,146944,140,36,0.02544491,0.0004092704424510632,-4.4345855712890625e-05,4576,0.2977294921875,0.8714627027511597,0.0011742832994059427,-0.03056886760168709,-39.52149033546448,0.2,-0.04488937929272652,1223.0,-2.01334235
1942,147456,141,37,0.025444213,0.0004092704424510632,1.6808509826660156e-05,4592,0.270751953125,0.8721109628677368,0.1467448805924505,-0.02758896502200514,-39.55546236038208,0.2,0.04343085736036301,1223.0,-2.01334235
1942,147968,142,37,0.02456088,0.0004092704424510632,-6.282329559326172e-05,4608,0.3046875,0.8708613514900208,0.0020204128231853247,-0.03504658871679567,-39.54856252670288,0.2,-0.04949044808745384,1223.0,-2.01334235
1941,148480,143,37,0.019116493,0.0004092704424510632,3.129243850708008e-05,4624,0.20849609375,0.8681896328926086,0.002340020666451892,-0.024289704859256744,-39.47875249385834,0.2,-0.04186152666807175,1223.0,-2.01249078
1940,148992,144,37,0.038920816,0.0004092704424510632,9.119510650634766e-06,4640,0.35888671875,0.8671184778213501,0.08169268409255892,-0.028324119746685028,-39.40369188785553,0.2,0.013952910900115967,1223.0,-2.01249078
1938,149504,145,38,0.028637733,0.0004092704424510632,-9.644031524658203e-05,4656,0.2882080078125,0.8672283291816711,0.002233847979368875,-0.025352425611345097,-39.3852995634079,0.2,-0.029872776940464973,1223.0,-2.0094353799999998
1935,150016,146,38,0.022230383,0.0004092704424510632,7.3909759521484375e-06,4672,0.269775390625,0.8671848177909851,0.17184119042940438,-0.02759292919654399,-39.393805384635925,0.2,0.04478762671351433,1223.0,-2.0094353799999998
1932,150528,147,38,0.019162789,0.0004092704424510632,-0.0002543926239013672,4688,0.2547607421875,0.8665306568145752,0.001223935798407183,-0.024554440795327537,-39.376710295677185,0.2,-0.04405678063631058,1223.0,-2.00752667
3957,151040,1,0,0.023416761,0.0004092704424510632,1.436471939086914e-05,4704,0.255859375,0.866713285446167,0.15897470712661743,-0.02873972267843783,-39.363694071769714,0.2,0.04406958818435669,1223.0,-2.00752667
2299,151552,2,0,0.019074693,0.0004092704424510632,-0.00014925003051757812,4720,0.2523193359375,0.8639732599258423,0.002096042790071806,-0.027168770611751825,-39.331321239471436,0.2,-0.03182539716362953,1223.0,-2.00752667
2012,152064,3,0,0.017416656,0.0004092704424510632,-0.00010967254638671875,4736,0.242919921875,0.8619354367256165,0.0016239687483903253,-0.02610435034148395,-39.23291075229645,0.2,-0.024811042472720146,1223.0,-2.00368645
1894,152576,4,1,0.017016465,0.0004092704424510632,1.531839370727539e-05,4752,0.2001953125,0.8624979853630066,0.16765693528577685,-0.022987869735516142,-39.20448625087738,0.2,0.04299196973443031,1223.0,-2.00368645
1823,153088,5,1,0.021069346,0.0004092704424510632,1.430511474609375e-05,4768,0.2403564453125,0.8610996603965759,0.0011684309520205716,-0.024430071192909963,-39.209221720695496,0.2,-0.03145374357700348,1223.0,-1.99978976
1792,153600,6,1,0.02539346,0.0004092704424510632,-8.702278137207031e-06,4784,0.2745361328125,0.8593541979789734,0.15399325406178832,-0.03049384683254175,-39.13910782337189,0.2,0.036009497940540314,1223.0,-1.99978976
1767,154112,7,2,0.016285453,0.0004092704424510632,-0.0003337860107421875,4800,0.2452392578125,0.8577795624732971,0.0014430933297262527,-0.02832180794212036,-39.08799695968628,0.2,-0.03600630909204483,1223.0,-1.9983365400000002
1745,154624,8,2,0.025635058,0.0004092704424510632,1.4960765838623047e-05,4816,0.2696533203125,0.8565661907196045,0.14024901762604713,-0.024202989327022806,-39.03155338764191,0.2,0.03940516337752342,1223.0,-1.9983365400000002
1725,155136,9,2,0.019584633,0.0004092704424510632,-0.00018739700317382812,4832,0.249755859375,0.8568829894065857,0.002034309676673729,-0.02914978118496947,-39.01100265979767,0.2,-0.02757464349269867,1223.0,-1.9983365400000002
1713,155648,10,2,0.019484242,0.0004092704424510632,-5.173683166503906e-05,4848,0.2591552734375,0.8593502640724182,0.0021635824305121787,-0.025637754471972585,-39.05286943912506,0.2,-0.03482440486550331,1223.0,-1.9942094
1726,156160,11,3,0.020871423,0.0004092704424510632,1.9311904907226562e-05,4864,0.26611328125,0.8594118356704712,0.1507795990910381,-0.025704502448206767,-39.11389088630676,0.2,0.037292249500751495,1223.0,-1.9942094
1741,156672,12,3,0.018297995,0.0004092704424510632,-0.0035371780395507812,4880,0.2529296875,0.8582702279090881,0.0009440750391149777,-0.02669890777906403,-39.0853214263916,0.2,-0.03290337324142456,1223.0,-1.9911038399999998
1748,157184,13,3,0.020907208,0.0004092704424510632,1.1920928955078125e-05,4896,0.2550048828125,0.8564475774765015,0.13859627791680396,-0.025685798755148426,-39.029319643974304,0.2,0.03525418043136597,1223.0,-1.9911038399999998
1758,157696,14,4,0.015781026,0.0004092704424510632,-4.088878631591797e-05,4912,0.197998046875,0.8572993278503418,0.0017464242828282295,-0.019924738502595574,-39.00476121902466,0.2,-0.02093433029949665,1223.0,-1.9911038399999998
1749,158208,15,4,0.013592256,0.0004092704424510632,-7.784366607666016e-05,4928,0.2264404296875,0.8563406467437744,0.0019116807125101332,-0.022906245372723788,-39.020652055740356,0.2,-0.034126877784729004,1223.0,-1.9889012400000001
1752,158720,16,4,0.025774356,0.0004092704424510632,6.020069122314453e-06,4944,0.2647705078125,0.8571901917457581,0.14621643419377506,-0.026605892431689426,-39.001277446746826,0.2,0.04961342364549637,1223.0,-1.9889012400000001
1755,159232,17,4,0.01303084,0.0004092704424510632,-0.0001926422119140625,4960,0.175537109375,0.8558122515678406,0.001333848862486775,-0.016402830980950966,-39.01447331905365,0.2,-0.024491870775818825,1223.0,-1.98698687
1757,159744,18,5,0.02066284,0.0004092704424510632,3.4570693969726562e-06,4976,0.222900390625,0.8560739159584045,0.1491161489393562,-0.025224766941391863,-38.97156548500061,0.2,0.045034267008304596,1223.0,-1.98698687
1760,160256,19,5,0.014842977,0.0004092704424510632,-0.00028383731842041016,4992,0.2086181640625,0.8555889129638672,0.0010981234008795582,-0.02484715572791174,-38.97782027721405,0.2,-0.03536009043455124,1223.0,-1.9846697
1763,160768,20,5,0.021683205,0.0004092704424510632,1.1146068572998047e-05,5008,0.234375,0.8543495535850525,0.13813801971264184,-0.026615125781972893,-38.950549840927124,0.2,0.03500358760356903,1223.0,-1.9846697
1764,161280,21,6,0.019051548,0.0004092704424510632,-2.682209014892578e-05,5024,0.2667236328125,0.8523651361465454,0.002884885783714708,-0.031244726545992307,-38.88724207878113,0.2,-0.04763833433389664,1223.0,-1.9846697
1762,161792,22,6,0.018580023,0.0004092704424510632,-5.412101745605469e-05,5040,0.2987060546875,0.8533318042755127,0.0022123199960333295,-0.030550858165952377,-38.85484850406647,0.2,-0.040106505155563354,1223.0,-1.9820431000000003
1765,162304,23,6,0.022910863,0.0004092704424510632,1.5497207641601562e-05,5056,0.2833251953125,0.8546860814094543,0.14585327240638435,-0.02641627032426186,-38.91280794143677,0.2,0.0350993350148201,1223.0,-1.9820431000000003
1767,162816,24,6,0.01740225,0.0004092704424510632,-2.372264862060547e-05,5072,0.2291259765625,0.8553870916366577,0.0011920078286493663,-0.025434537121327594,-38.9456182718277,0.2,-0.03302929177880287,1223.0,-1.9785787400000001
1769,163328,25,7,0.01777849,0.0004092704424510632,1.823902130126953e-05,5088,0.23193359375,0.8541520833969116,0.13653007708489895,-0.022040727999410592,-38.940409779548645,0.2,0.026836618781089783,1223.0,-1.9785787400000001
1770,163840,26,7,0.017756745,0.0004092704424510632,-6.365776062011719e-05,5104,0.23486328125,0.854912519454956,0.0018437341241224203,-0.02663158331415616,-38.91548240184784,0.2,-0.04402219504117966,1223.0,-1.9785787400000001
1775,164352,27,7,0.019687116,0.0004092704424510632,3.7789344787597656e-05,5120,0.23486328125,0.8557692170143127,0.002251420108223101,-0.02554142181907082,-38.948606848716736,0.2,-0.028653105720877647,1223.0,-1.9768022100000004
1777,164864,28,8,0.025106914,0.0004092704424510632,3.814697265625e-06,5136,0.243408203125,0.8565295338630676,0.13263217732310295,-0.022265171515755355,-38.97488284111023,0.2,0.025141015648841858,1223.0,-1.9768022100000004
1769,165376,29,8,0.019612202,0.0004092704424510632,-8.285045623779297e-05,5152,0.256103515625,0.8569668531417847,0.001545455615996616,-0.024166822113329545,-38.99225962162018,0.2,-0.03859734535217285,1223.0,-1.9726955500000003
1762,165888,30,8,0.026682448,0.0004092704424510632,1.049041748046875e-05,5168,0.2923583984375,0.8566768765449524,0.15025753318332136,-0.027975895878626034,-39.002429127693176,0.2,0.018385376781225204,1223.0,-1.9726955500000003
1755,166400,31,9,0.02189841,0.0004092704424510632,-0.00010526180267333984,5184,0.2601318359375,0.85556960105896,0.0012418749302014476,-0.026950505329295993,-38.972601652145386,0.2,-0.02002948895096779,1223.0,-1.97016258
1746,166912,32,9,0.017921716,0.0004092704424510632,1.4126300811767578e-05,5200,0.2427978515625,0.8550254106521606,0.139586737845093,-0.026837025448912755,-38.94222640991211,0.2,0.029903732240200043,1223.0,-1.97016258
1736,167424,33,9,0.019418336,0.0004092704424510632,8.225440979003906e-05,5216,0.21484375,0.8563694953918457,0.002072696413961239,-0.024018755750148557,-38.95490801334381,0.2,-0.033145010471343994,1223.0,-1.97016258
1727,167936,34,10,0.01701067,0.0004092704424510632,-5.364418029785156e-05,5232,0.1885986328125,0.8567899465560913,0.0023911832213343587,-0.023339223233051598,-38.99756944179535,0.2,-0.026829158887267113,1223.0,-1.96846858
1721,168448,35,10,0.023436558,0.0004092704424510632,4.947185516357422e-06,5248,0.2835693359375,0.8564063310623169,0.15207791049033403,-0.028934377784025855,-38.99386954307556,0.2,0.04557321220636368,1223.0,-1.96846858
1715,168960,36,10,0.021889111,0.0004092704424510632,-9.655952453613281e-06,5264,0.234375,0.8547333478927612,0.0012934237220179057,-0.02524946749326773,-38.968165040016174,0.2,-0.04322094842791557,1223.0,-1.9665719699999997
1712,169472,37,11,0.02438087,0.0004092704424510632,9.5367431640625e-06,5280,0.249267578125,0.853354275226593,0.1392927817068994,-0.022882703691720963,-38.90421521663666,0.2,0.02683289907872677,1223.0,-1.9665719699999997
1708,169984,38,11,0.021646183,0.0004092704424510632,1.4007091522216797e-05,5296,0.268798828125,0.8524091839790344,0.001694153064818238,-0.026428675308125094,-38.86570429801941,0.2,-0.037948187440633774,1223.0,-1.9665719699999997
1705,170496,39,11,0.013213517,0.0004092704424510632,-7.128715515136719e-05,5312,0.21630859375,0.8528622388839722,0.002276900162542006,-0.024561798622016795,-38.85076463222504,0.2,-0.03204862028360367,1223.0,-1.9644034300000002
1699,171008,40,12,0.030750321,0.0004092704424510632,6.735324859619141e-06,5328,0.2681884765625,0.8526516556739807,0.07096789963543415,-0.02453505582525395,-38.86629128456116,0.2,-0.002833135426044464,1223.0,-1.9644034300000002
1695,171520,41,12,0.013980254,0.0004092704424510632,-0.00010454654693603516,5344,0.2349853515625,0.8542615175247192,0.001937819206432323,-0.02334781759418547,-38.877909660339355,0.2,-0.0407918356359005,1223.0,-1.9630684600000001
1691,172032,42,12,0.022424396,0.0004092704424510632,4.291534423828125e-06,5360,0.2425537109375,0.852643609046936,0.16492040175944567,-0.024428440505289473,-38.895981311798096,0.2,0.05465256795287132,1223.0,-1.9630684600000001
1688,172544,43,13,0.019025885,0.0004092704424510632,-0.00025212764739990234,5376,0.2254638671875,0.8518679141998291,0.001246937503310619,-0.02605005148507189,-38.836753487586975,0.2,-0.03583937883377075,1223.0,-1.95991849
1685,173056,44,13,0.018237837,0.0004092704424510632,3.5762786865234375e-06,5392,0.230224609375,0.8515715599060059,0.15754760359413922,-0.023247888224432245,-38.823946833610535,0.2,0.052642449736595154,1223.0,-1.95991849
1682,173568,45,13,0.019390218,0.0004092704424510632,-0.00016188621520996094,5408,0.26904296875,0.850540280342102,0.0021140551543794572,-0.030155148648191243,-38.79870963096619,0.2,-0.03797711804509163,1223.0,-1.95991849
1680,174080,46,14,0.018365912,0.0004092704424510632,-7.152557373046875e-06,5424,0.2254638671875,0.8517400026321411,0.0017794932646211237,-0.023737853596685454,-38.78954064846039,0.2,-0.03188469633460045,1223.0,-1.95749417
1678,174592,47,14,0.01896671,0.0004092704424510632,7.569789886474609e-06,5440,0.27490234375,0.8503515720367432,0.1630952642299235,-0.03021192067535594,-38.804465651512146,0.2,0.04310387000441551,1223.0,-1.95749417
1676,175104,48,14,0.02597665,0.0004092704424510632,-1.7881393432617188e-05,5456,0.2830810546875,0.8488829731941223,0.0014014888020028593,-0.02681819978170097,-38.74141812324524,0.2,-0.0404164120554924,1223.0,-1.9536337899999998
1674,175616,49,14,0.013520893,0.0004092704424510632,9.000301361083984e-06,5472,0.23583984375,0.8474839925765991,0.15278916666284204,-0.021547349053435028,-38.691463112831116,0.2,0.06024496257305145,1223.0,-1.9536337899999998
1673,176128,50,15,0.012038374,0.0004092704424510632,2.6404857635498047e-05,5488,0.18505859375,0.8471565246582031,0.0015186371711024549,-0.018669148106710054,-38.652239203453064,0.2,-0.02841341122984886,1223.0,-1.95021951
1671,176640,51,15,0.017015345,0.0004092704424510632,1.2636184692382812e-05,5504,0.2197265625,0.845851719379425,0.1385303270071745,-0.021820514841238037,-38.62747347354889,0.2,0.03655891865491867,1223.0,-1.95021951
1669,177152,52,15,0.01874981,0.0004092704424510632,-0.00013697147369384766,5520,0.2274169921875,0.846183180809021,0.002312172822712455,-0.0277327927906299,-38.59831082820892,0.2,-0.049751218408346176,1223.0,-1.95021951
1666,177664,53,16,0.018397914,0.0004092704424510632,-1.800060272216797e-05,5536,0.2283935546875,0.8465880751609802,0.002066063960228348,-0.023726207291474566,-38.62093949317932,0.2,-0.030157051980495453,1223.0,-1.9468032299999998
1663,178176,54,16,0.018489212,0.0004092704424510632,5.125999450683594e-06,5552,0.2503662109375,0.8468894362449646,0.1526231626048684,-0.025332556004286744,-38.63110160827637,0.2,0.039681196212768555,1223.0,-1.9468032299999998
1661,178688,55,16,0.029956589,0.0004092704424510632,-5.7220458984375e-05,5568,0.3017578125,0.84749835729599,0.0012543444227048894,-0.03280844519031234,-38.646987557411194,0.2,-0.053102221339941025,1223.0,-1.94270433
1658,179200,56,17,0.022632547,0.0004092704424510632,1.1444091796875e-05,5584,0.2603759765625,0.8477802872657776,0.1402936491649598,-0.026838074627448805,-38.66001045703888,0.2,0.04174858331680298,1223.0,-1.94270433
1657,179712,57,17,0.015747055,0.0004092704424510632,-0.0006041526794433594,5600,0.231689453125,0.8484246134757996,0.0019464201141090598,-0.02642927701526787,-38.67451190948486,0.2,-0.0370720736682415,1223.0,-1.94270433
1655,180224,58,17,0.01665876,0.0004092704424510632,1.0013580322265625e-05,5616,0.2178955078125,0.8485879302024841,0.0020520263751677703,-0.024442609050311148,-38.68984806537628,0.2,-0.03837653994560242,1223.0,-1.9396063899999996
1651,180736,59,18,0.03111991,0.0004092704424510632,1.055002212524414e-05,5632,0.3297119140625,0.8486725687980652,0.14632473746314645,-0.03486857943062205,-38.693591356277466,0.2,0.03321223706007004,1223.0,-1.9396063899999996
1650,181248,60,18,0.014096297,0.0004092704424510632,-4.208087921142578e-05,5648,0.185546875,0.8486477136611938,0.0014440007471421268,-0.021730124644818716,-38.688724875450134,0.2,-0.03125528246164322,1223.0,-1.9360440599999997
1649,181760,61,18,0.020744354,0.0004092704424510632,5.900859832763672e-06,5664,0.2220458984375,0.8477359414100647,0.14751459192484617,-0.021074887074064463,-38.67632520198822,0.2,0.04821456968784332,1223.0,-1.9360440599999997
1648,182272,62,19,0.024157193,0.0004092704424510632,-0.0007460117340087891,5680,0.2479248046875,0.8473315834999084,0.0012588479730766267,-0.024875152797903866,-38.64852273464203,0.2,-0.03169891983270645,1223.0,-1.93305554
1647,182784,63,19,0.014436644,0.0004092704424510632,-1.6689300537109375e-06,5696,0.222412109375,0.8473545908927917,0.13908858480863273,-0.023571010096929967,-38.637635588645935,0.2,0.04299038648605347,1223.0,-1.93305554
1643,183296,64,19,0.014249222,0.0004092704424510632,-0.0002225637435913086,5712,0.1968994140625,0.8505611419677734,0.002662172406417085,-0.02599329898657743,-38.68317449092865,0.2,-0.03497476503252983,1223.0,-1.93305554
1642,183808,65,20,0.016541913,0.0004092704424510632,5.501508712768555e-05,5728,0.225341796875,0.8516097068786621,0.002424162103125127,-0.02434251076192595,-38.77693843841553,0.2,-0.028556043282151222,1223.0,-1.93062864
1642,184320,66,20,0.013640462,0.0004092704424510632,1.2278556823730469e-05,5744,0.2154541015625,0.8516197800636292,0.14468316989950836,-0.02355268671817612,-38.78920912742615,0.2,0.037481144070625305,1223.0,-1.93062864
1642,184832,67,20,0.012329278,0.0004092704424510632,-1.7404556274414062e-05,5760,0.1876220703125,0.8511527180671692,0.0010761636076495051,-0.022328321501845494,-38.78121745586395,0.2,-0.034293707460165024,1223.0,-1.9285093899999999
1641,185344,68,21,0.014850531,0.0004092704424510632,1.3828277587890625e-05,5776,0.21630859375,0.8504348993301392,0.13772986736148596,-0.01925660570850596,-38.762245774269104,0.2,0.01961621642112732,1223.0,-1.9285093899999999
1640,185856,69,21,0.016861852,0.0004092704424510632,-0.00010120868682861328,5792,0.20458984375,0.8503584265708923,0.001652390343224397,-0.022251073351071682,-38.74602687358856,0.2,-0.025479912757873535,1223.0,-1.9285093899999999
1639,186368,70,21,0.019589253,0.0004092704424510632,-3.8504600524902344e-05,5808,0.2327880859375,0.8502512574195862,0.001879536714113783,-0.02416340484342072,-38.73488259315491,0.2,-0.035252079367637634,1223.0,-1.92567073
1639,186880,71,22,0.024864387,0.0004092704424510632,9.894371032714844e-06,5824,0.2861328125,0.8506079912185669,0.12679044785909355,-0.027513913897564635,-38.73377561569214,0.2,0.026844758540391922,1223.0,-1.92567073
1639,187392,72,22,0.018807165,0.0004092704424510632,-0.00027954578399658203,5840,0.224853515625,0.8515250086784363,0.001738724582537543,-0.020934676664182916,-38.7540762424469,0.2,-0.022408751770853996,1223.0,-1.9236766799999998
1638,187904,73,22,0.017013565,0.0004092704424510632,4.112720489501953e-06,5856,0.2183837890625,0.8514310121536255,0.14764409861527383,-0.02169405149470549,-38.77501571178436,0.2,0.03329284489154816,1223.0,-1.9236766799999998
1638,188416,74,23,0.022178385,0.0004092704424510632,-0.00013399124145507812,5872,0.28515625,0.8518306016921997,0.0012127083527957438,-0.03013535961508751,-38.77456331253052,0.2,-0.039464421570301056,1223.0,-1.92169357
1638,188928,75,23,0.01815457,0.0004092704424510632,1.3172626495361328e-05,5888,0.21923828125,0.8514453172683716,0.136660092510283,-0.022017379436874762,-38.786834359169006,0.2,0.03858962655067444,1223.0,-1.92169357
1633,189440,76,23,0.019443545,0.0004092704424510632,2.753734588623047e-05,5904,0.2391357421875,0.853318452835083,0.00215199440572178,-0.02876144030597061,-38.79754650592804,0.2,-0.04945867136120796,1223.0,-1.92169357
1632,189952,77,24,0.018763728,0.0004092704424510632,-6.914138793945312e-05,5920,0.2216796875,0.8528725504875183,0.0019425743994361255,-0.023927374902996235,-38.83827090263367,0.2,-0.03711472451686859,1223.0,-1.9213181799999999
1632,190464,78,24,0.019530885,0.0004092704424510632,9.238719940185547e-06,5936,0.23291015625,0.8515140414237976,0.14845444913953543,-0.023585989169077948,-38.79208314418793,0.2,0.04070988669991493,1223.0,-1.9213181799999999
1631,190976,79,24,0.018714853,0.0004092704424510632,-0.0002657175064086914,5952,0.2437744140625,0.8503126502037048,0.0008325632061314536,-0.029809804836986586,-38.74376952648163,0.2,-0.04219122231006622,1223.0,-1.92211733
1630,191488,80,25,0.019811258,0.0004092704424510632,2.8312206268310547e-05,5968,0.2615966796875,0.849947452545166,0.13754347618669271,-0.02883399187703617,-38.707348346710205,0.2,0.033894918859004974,1223.0,-1.92211733
1624,192000,81,25,0.023230417,0.0004092704424510632,-2.968311309814453e-05,5984,0.2835693359375,0.8490430116653442,0.0016694118967279792,-0.032901471364311874,-38.68457508087158,0.2,-0.04015287756919861,1223.0,-1.92211733
1619,192512,82,25,0.017830327,0.0004092704424510632,-1.609325408935547e-05,6000,0.23046875,0.8489147424697876,0.0022721883760823403,-0.02100178287946619,-38.6564998626709,0.2,-0.025135114789009094,1223.0,-1.92159244
1619,193024,83,26,0.034788646,0.0004092704424510632,1.3470649719238281e-05,6016,0.275146484375,0.8485687375068665,0.06039693276397884,-0.02373671355599072,-38.65305495262146,0.2,-0.0029448848217725754,1223.0,-1.92159244
1619,193536,84,26,0.013539055,0.0004092704424510632,-0.0001207590103149414,6032,0.2044677734375,0.8482204079627991,0.001958931821718579,-0.02120421854488086,-38.64028251171112,0.2,-0.03077145293354988,1223.0,-1.9207343000000001
1616,194048,85,26,0.016077738,0.0004092704424510632,1.2695789337158203e-05,6048,0.1968994140625,0.8489317297935486,0.16069739521481097,-0.025941895190044306,-38.64454472064972,0.2,0.05165597051382065,1223.0,-1.9207343000000001
1614,194560,86,27,0.016317172,0.0004092704424510632,-0.0010107755661010742,6064,0.198974609375,0.850119411945343,0.001138421896030195,-0.021052761119790375,-38.67416322231293,0.2,-0.027818167582154274,1223.0,-1.91671912
1614,195072,87,27,0.01548034,0.0004092704424510632,-8.225440979003906e-06,6080,0.2313232421875,0.8500716686248779,0.14568086108192801,-0.022021406242856756,-38.69079828262329,0.2,0.03249352425336838,1223.0,-1.91671912
1614,195584,88,27,0.014783537,0.0004092704424510632,-0.0012772083282470703,6096,0.19921875,0.8494189977645874,0.0015939935929054627,-0.02154330289340578,-38.67011559009552,0.2,-0.036974307149648666,1223.0,-1.91671912
1614,196096,89,28,0.019331735,0.0004092704424510632,-0.00010514259338378906,6112,0.2342529296875,0.8499857783317566,0.0014972886001487495,-0.023852482583606616,-38.66524827480316,0.2,-0.038222603499889374,1223.0,-1.91378464
1613,196608,90,28,0.021741513,0.0004092704424510632,8.821487426757812e-06,6128,0.238037109375,0.8496415019035339,0.15560417110100389,-0.02578832483413862,-38.678590536117554,0.2,0.03879210352897644,1223.0,-1.91378464
1613,197120,91,28,0.018224478,0.0004092704424510632,-9.381771087646484e-05,6144,0.222900390625,0.8495040535926819,0.0015175652297330089,-0.022818632976850495,-38.66259753704071,0.2,-0.02561368979513645,1223.0,-1.9123087300000003
1613,197632,92,29,0.01832452,0.0004092704424510632,5.424022674560547e-06,6160,0.237548828125,0.8496115803718567,0.1457532129716128,-0.024594491173047572,-38.66927874088287,0.2,0.021535731852054596,1223.0,-1.9123087300000003
1613,198144,93,29,0.016458243,0.0004092704424510632,-0.00022876262664794922,6176,0.23779296875,0.8500678539276123,0.001469860042561777,-0.02861355278582778,-38.66612184047699,0.2,-0.05029573664069176,1223.0,-1.91227103
1613,198656,94,29,0.021141192,0.0004092704424510632,5.304813385009766e-06,6192,0.2513427734375,0.8515405058860779,0.13570931530557573,-0.025424272156669758,-38.69727301597595,0.2,0.04222125932574272,1223.0,-1.91227103
1613,199168,95,30,0.01435717,0.0004092704424510632,-8.463859558105469e-06,6208,0.21435546875,0.8526769280433655,0.002403428363322746,-0.024812310162815265,-38.744118452072144,0.2,-0.04241454228758812,1223.0,-1.91227103
1613,199680,96,30,0.015208788,0.0004092704424510632,-3.2186508178710938e-06,6224,0.2344970703125,0.8509194850921631,0.0017713634770188946,-0.024381214432651177,-38.746119141578674,0.2,-0.035273950546979904,1223.0,-1.9096876399999996
1613,200192,97,30,0.013101095,0.0004092704424510632,4.291534423828125e-06,6240,0.2022705078125,0.8493527770042419,0.140015983954072,-0.023414483046508394,-38.668203473091125,0.2,0.02875261753797531,1223.0,-1.9096876399999996
1613,200704,98,31,0.027674109,0.0004092704424510632,-9.5367431640625e-06,6256,0.2762451171875,0.8489862680435181,0.0009207786060869694,-0.027327693300321698,-38.633747696876526,0.2,-0.04367147386074066,1223.0,-1.9057773399999995
1613,201216,99,31,0.022360949,0.0004092704424510632,6.377696990966797e-06,6272,0.237548828125,0.8480974435806274,0.13483070232905447,-0.027400744322221726,-38.61390542984009,0.2,0.03928295895457268,1223.0,-1.9057773399999995
1613,201728,100,31,0.015099313,0.0004092704424510632,-8.463859558105469e-06,6288,0.230712890625,0.8474156260490417,0.001687877214862965,-0.026302010475774296,-38.58988177776337,0.2,-0.04035003483295441,1223.0,-1.9057773399999995
1612,202240,101,32,0.02061147,0.0004092704424510632,-3.24249267578125e-05,6304,0.23388671875,0.8459316492080688,0.00220287799675134,-0.025370050047058612,-38.55116558074951,0.2,-0.034849438816308975,1223.0,-1.9046251899999995
1612,202752,102,32,0.02541402,0.0004092704424510632,3.039836883544922e-06,6320,0.265380859375,0.845052182674408,0.1373310515191406,-0.025216166104655713,-38.504488706588745,0.2,0.03448910266160965,1223.0,-1.9046251899999995
1612,203264,103,32,0.022237923,0.0004092704424510632,-4.661083221435547e-05,6336,0.2603759765625,0.846171498298645,0.0013709443737752736,-0.028487845323979855,-38.507479190826416,0.2,-0.03596961870789528,1223.0,-1.90147652
1610,203776,104,33,0.012748695,0.0004092704424510632,2.1457672119140625e-06,6352,0.208984375,0.8455603718757629,0.14031388540752232,-0.02254607665236108,-38.543120980262756,0.2,0.03348030522465706,1223.0,-1.90147652
1608,204288,105,33,0.016664686,0.0004092704424510632,-0.0004137754440307617,6368,0.194580078125,0.8438253998756409,0.0012672048815147718,-0.018823465594323352,-38.49228000640869,0.2,-0.03315826877951622,1223.0,-1.89857268
1609,204800,106,33,0.01878868,0.0004092704424510632,-2.014636993408203e-05,6384,0.2205810546875,0.8437435030937195,0.12616791133768857,-0.022395075153326616,-38.45291578769684,0.2,0.03324934095144272,1223.0,-1.89857268
1609,205312,107,34,0.014800884,0.0004092704424510632,-1.1801719665527344e-05,6400,0.16357421875,0.8450128436088562,0.0025652367803559173,-0.02134430671867449,-38.47515940666199,0.2,-0.03812549635767937,1223.0,-1.89857268
1609,205824,108,34,0.015801478,0.0004092704424510632,-1.3470649719238281e-05,6416,0.2392578125,0.8442551493644714,0.0020810962087125517,-0.028490005963249132,-38.49368131160736,0.2,-0.04885176569223404,1223.0,-1.89626083
1609,206336,109,34,0.018445581,0.0004092704424510632,1.1742115020751953e-05,6432,0.1903076171875,0.844047486782074,0.13851668499410152,-0.020833099420997314,-38.46621835231781,0.2,0.036904484033584595,1223.0,-1.89626083
1609,206848,110,34,0.020159002,0.0004092704424510632,-1.704692840576172e-05,6448,0.2559814453125,0.8453590273857117,0.0012663243596762186,-0.029070639779092744,-38.4860782623291,0.2,-0.051068153232336044,1223.0,-1.8958848500000003
1609,207360,111,35,0.025174093,0.0004092704424510632,4.76837158203125e-06,6464,0.2486572265625,0.8447744846343994,0.13012625719420612,-0.02595134409784805,-38.513795495033264,0.2,0.04238920658826828,1223.0,-1.8958848500000003
1609,207872,112,35,0.017528743,0.0004092704424510632,-1.4662742614746094e-05,6480,0.2401123046875,0.8451429605484009,0.0013766118936473504,-0.025375368117238395,-38.49940085411072,0.2,-0.034748271107673645,1223.0,-1.8958848500000003
1610,208384,113,35,0.014026421,0.0004092704424510632,-3.337860107421875e-05,6496,0.19189453125,0.845022439956665,0.002070166439807508,-0.02156112893135287,-38.51959753036499,0.2,-0.03440387174487114,1223.0,-1.8930469399999998
1609,208896,114,36,0.03808748,0.0004092704424510632,5.364418029785156e-06,6512,0.3404541015625,0.8433662056922913,0.11847109976224601,-0.030500704189762473,-38.49458205699921,0.2,0.012820981442928314,1223.0,-1.8930469399999998
1606,209408,115,36,0.021771565,0.0004092704424510632,-0.00010609626770019531,6528,0.268798828125,0.8420778512954712,0.0012984879394934978,-0.033955833554500714,-38.4367219209671,0.2,-0.03767765685915947,1223.0,-1.88777074
1596,209920,116,37,0.017593287,0.0004092704424510632,2.86102294921875e-06,6544,0.229248046875,0.8419583439826965,0.1436718727927655,-0.02225408298545517,-38.41259944438934,0.2,0.03505908325314522,1223.0,-1.88777074
1595,210432,117,37,0.020936724,0.0004092704424510632,-0.0002580881118774414,6560,0.2359619140625,0.8417711853981018,0.0010856769349629758,-0.022590418899198994,-38.40660905838013,0.2,-0.030694443732500076,1223.0,-1.8859582700000002
1594,210944,118,37,0.018008959,0.0004092704424510632,1.2695789337158203e-05,6576,0.2359619140625,0.8427234292030334,0.13110426883213222,-0.02580555460008327,-38.41722810268402,0.2,0.03307788446545601,1223.0,-1.8859582700000002
1593,211456,119,38,0.013899405,0.0004092704424510632,5.453824996948242e-05,6592,0.203857421875,0.8423523306846619,0.0023250352205650415,-0.02544533190666698,-38.44079637527466,0.2,-0.034085456281900406,1223.0,-1.8859582700000002
1592,211968,120,38,0.015590111,0.0004092704424510632,-1.4901161193847656e-05,6608,0.2281494140625,0.8406273126602173,0.001935340951604303,-0.025561975926393643,-38.39230561256409,0.2,-0.029978862032294273,1223.0,-1.8846352000000002
1592,212480,121,38,0.022771701,0.0004092704424510632,6.556510925292969e-06,6624,0.2437744140625,0.8383275866508484,0.1423526310827583,-0.025240992472390644,-38.31473457813263,0.2,0.04109841212630272,1223.0,-1.8846352000000002
1592,212992,122,39,0.023207342,0.0004092704424510632,4.172325134277344e-07,6640,0.2677001953125,0.8386346101760864,0.0012811641245207284,-0.02817793890426401,-38.259536147117615,0.2,-0.04231749102473259,1223.0,-1.8812830600000003
1592,213504,123,39,0.013059421,0.0004092704424510632,1.4483928680419922e-05,6656,0.20068359375,0.8389974236488342,0.13196825864724815,-0.01983914032462053,-38.27466285228729,0.2,0.04454804211854935,1223.0,-1.8812830600000003
1592,214016,124,39,0.017253507,0.0004092704424510632,-0.0002319812774658203,6672,0.2315673828125,0.8386189937591553,0.001670294313953491,-0.02279684311361052,-38.269060373306274,0.2,-0.028798246756196022,1223.0,-1.8812830600000003
1592,214528,125,40,0.019204758,0.0004092704424510632,-6.9141387939453125e-06,6688,0.2496337890625,0.8388057947158813,0.0019342410778335761,-0.02585436862136703,-38.251805782318115,0.2,-0.038014695048332214,1223.0,-1.8808002100000005
1592,215040,126,40,0.031103846,0.0004092704424510632,5.066394805908203e-06,6704,0.303466796875,0.838032603263855,0.04822107660584152,-0.021675182884791866,-38.243478298187256,0.2,-0.011986366473138332,1223.0,-1.8808002100000005
1593,215552,127,40,0.015444463,0.0004092704424510632,-3.0159950256347656e-05,6720,0.242431640625,0.8372710347175598,0.0020944435163983144,-0.02248489111661911,-38.203521728515625,0.2,-0.036764997988939285,1223.0,-1.8789432200000005
1592,216064,128,41,0.021290932,0.0004092704424510632,2.86102294921875e-06,6736,0.2333984375,0.835579514503479,0.15306925168260932,-0.024115649954183027,-38.16282498836517,0.2,0.04880416393280029,1223.0,-1.8789432200000005
1591,216576,129,41,0.01947943,0.0004092704424510632,-9.334087371826172e-05,6752,0.223876953125,0.8348395228385925,0.0012323616629146272,-0.027159053919604048,-38.10911810398102,0.2,-0.03790504112839699,1223.0,-1.8761332800000006
1592,217088,130,41,0.019163325,0.0004092704424510632,4.351139068603516e-06,6768,0.23974609375,0.8346922397613525,0.13992782100103796,-0.0248047552886419,-38.091025829315186,0.2,0.035938799381256104,1223.0,-1.8761332800000006
1592,217600,131,42,0.019436102,0.0004092704424510632,-5.4836273193359375e-06,6784,0.2493896484375,0.8346362709999084,0.0019648424749902915,-0.02551642204343807,-38.08430016040802,0.2,-0.036562614142894745,1223.0,-1.8761332800000006
1593,218112,132,42,0.020687466,0.0004092704424510632,-2.4199485778808594e-05,6800,0.261962890625,0.8359653949737549,0.0018323492331546731,-0.024166017974494025,-38.10824930667877,0.2,-0.032477110624313354,1223.0,-1.8725929200000004
1593,218624,133,42,0.016910344,0.0004092704424510632,5.543231964111328e-06,6816,0.248291015625,0.8358129858970642,0.14976353337988257,-0.025740935016074218,-38.130075335502625,0.2,0.034023743122816086,1223.0,-1.8725929200000004
1593,219136,134,43,0.018614694,0.0004092704424510632,-0.00013136863708496094,6832,0.244873046875,0.8355078101158142,0.0011532739026733907,-0.023831860118662007,-38.11262619495392,0.2,-0.0417281910777092,1223.0,-1.8686740600000002
1592,219648,135,43,0.024430303,0.0004092704424510632,-1.3113021850585938e-06,6848,0.265625,0.8341493010520935,0.14405325520783663,-0.0261437208391726,-38.08895123004913,0.2,0.04485401511192322,1223.0,-1.8686740600000002
1591,220160,136,43,0.023667036,0.0004092704424510632,-9.059906005859375e-05,6864,0.27734375,0.8331736922264099,0.001156300322691095,-0.02888863143743947,-38.03547430038452,0.2,-0.041195500642061234,1223.0,-1.8667987100000003
1591,220672,137,44,0.019634444,0.0004092704424510632,1.049041748046875e-05,6880,0.2625732421875,0.8329338431358337,0.12991959741339087,-0.028681306430371478,-38.013259291648865,0.2,0.02801356464624405,1223.0,-1.8667987100000003
1591,221184,138,44,0.014155487,0.0004092704424510632,-2.6464462280273438e-05,6896,0.219482421875,0.8342481851577759,0.002160184958484024,-0.025104256070335396,-38.03039503097534,0.2,-0.030381955206394196,1223.0,-1.8667987100000003
1592,221696,139,44,0.018778581,0.0004092704424510632,-1.5497207641601562e-06,6912,0.2265625,0.8343769311904907,0.001720618693070719,-0.028809447365347296,-38.066084146499634,0.2,-0.03352336212992668,1223.0,-1.8637247100000003
1591,222208,140,45,0.015608114,0.0004092704424510632,1.1324882507324219e-05,6928,0.2313232421875,0.8338088989257812,0.13712825858965516,-0.023613945064425934,-38.0414434671402,0.2,0.02745121717453003,1223.0,-1.8637247100000003
1591,222720,141,45,0.020136228,0.0004092704424510632,-8.344650268554688e-06,6944,0.253662109375,0.8321709632873535,0.0014066262820051634,-0.029740219215455,-38.00808048248291,0.2,-0.048399217426776886,1223.0,-1.8622524700000003
1591,223232,142,45,0.020233747,0.0004092704424510632,1.3947486877441406e-05,6960,0.280029296875,0.8311185240745544,0.133042469387874,-0.031193792645353824,-37.961236357688904,0.2,0.026651568710803986,1223.0,-1.8622524700000003
1591,223744,143,46,0.019865066,0.0004092704424510632,8.022785186767578e-05,6976,0.2569580078125,0.8302586674690247,0.0016483120234624948,-0.024412515544099733,-37.92693603038788,0.2,-0.024601008743047714,1223.0,-1.8622524700000003
1590,224256,144,46,0.01875895,0.0004092704424510632,-0.00019407272338867188,6992,0.24755859375,0.8303440809249878,0.0015062790171214147,-0.026163624082983006,-37.90891623497009,0.2,-0.04186711087822914,1223.0,-1.8582015300000003
1590,224768,145,46,0.017014977,0.0004092704424510632,6.794929504394531e-06,7008,0.209716796875,0.8305919766426086,0.1346181253902614,-0.016607505618594587,-37.91951632499695,0.2,0.058275941759347916,1223.0,-1.8582015300000003
1589,225280,146,47,0.017726716,0.0004092704424510632,0.00044524669647216797,7024,0.2440185546875,0.8298389911651611,0.0017971902871067869,-0.021370006259530783,-37.90565645694733,0.2,-0.025234801694750786,1223.0,-1.85611616
1589,225792,147,47,0.016855482,0.0004092704424510632,-2.384185791015625e-06,7040,0.2197265625,0.8301426768302917,0.13814396760426462,-0.02143450122093782,-37.89078438282013,0.2,0.051792602986097336,1223.0,-1.85611616
3956,226304,1,0,0.018344484,0.0004092704424510632,-0.0005285739898681641,7056,0.2650146484375,0.8300050497055054,0.001023621214699233,-0.030336990545038134,-37.90299677848816,0.2,-0.03960801661014557,1223.0,-1.85324597
2223,226816,2,0,0.018529322,0.0004092704424510632,1.1026859283447266e-05,7072,0.228759765625,0.828141987323761,0.12472704937681556,-0.025377504207426682,-37.86908757686615,0.2,0.03539251908659935,1223.0,-1.85324597
1946,227328,3,0,0.013703991,0.0004092704424510632,7.319450378417969e-05,7088,0.2366943359375,0.8280974626541138,0.0020186241999908816,-0.025024101021699607,-37.817152976989746,0.2,-0.032632842659950256,1223.0,-1.85324597
1831,227840,4,1,0.020363051,0.0004092704424510632,1.1742115020751953e-05,7104,0.2684326171875,0.8293219208717346,0.001936615695740329,-0.027084638772066683,-37.8440158367157,0.2,-0.033277351409196854,1223.0,-1.85204331
1763,228352,5,1,0.014138265,0.0004092704424510632,1.0132789611816406e-05,7120,0.22021484375,0.8276680111885071,0.13392940117046237,-0.02396534357103519,-37.84104061126709,0.2,0.03152911737561226,1223.0,-1.85204331
1714,228864,6,1,0.017070986,0.0004092704424510632,-1.430511474609375e-06,7136,0.237060546875,0.827530026435852,0.0007701378872297937,-0.026093365187989548,-37.790273785591125,0.2,-0.04215357080101967,1223.0,-1.8498975
1688,229376,7,2,0.020214261,0.0004092704424510632,1.0848045349121094e-05,7152,0.24658203125,0.8264904618263245,0.12811042880639434,-0.027544084907276556,-37.782012701034546,0.2,0.019402287900447845,1223.0,-1.8498975
1679,229888,8,2,0.017642733,0.0004092704424510632,1.5795230865478516e-05,7168,0.230712890625,0.8255193829536438,0.0016934406485233922,-0.02495477383490652,-37.732932329177856,0.2,-0.043369192630052567,1223.0,-1.8498975
1671,230400,9,2,0.020639947,0.0004092704424510632,-3.9577484130859375e-05,7184,0.2646484375,0.8253219723701477,0.001777924713678658,-0.029396604833891615,-37.71317529678345,0.2,-0.046946894377470016,1223.0,-1.8487780800000002
1656,230912,10,3,0.025729299,0.0004092704424510632,9.834766387939453e-06,7200,0.2672119140625,0.8238971829414368,0.1116206229198724,-0.02494676996138878,-37.688549637794495,0.2,0.009869061410427094,1223.0,-1.8487780800000002
1646,231424,11,3,0.018348232,0.0004092704424510632,-0.0003249645233154297,7216,0.224853515625,0.8232519030570984,0.0014220653010852402,-0.023033862802549265,-37.64206862449646,0.2,-0.02782297320663929,1223.0,-1.8466101000000004
1642,231936,12,3,0.017373607,0.0004092704424510632,5.602836608886719e-06,7232,0.21923828125,0.8231528997421265,0.13733046362176538,-0.0239915790152736,-37.62515616416931,0.2,0.03679344803094864,1223.0,-1.8466101000000004
1643,232448,13,4,0.015600614,0.0004092704424510632,-0.001278996467590332,7248,0.2406005859375,0.8224930167198181,0.0012649610016524093,-0.027313169499393553,-37.61547064781189,0.2,-0.035682667046785355,1223.0,-1.8464174900000005
1643,232960,14,4,0.024080718,0.0004092704424510632,4.5299530029296875e-06,7264,0.268798828125,0.8229900598526001,0.12548039760440588,-0.03335782088106498,-37.60717701911926,0.2,0.027255501598119736,1223.0,-1.8464174900000005
1655,233472,15,4,0.012192087,0.0004092704424510632,-3.5643577575683594e-05,7280,0.1805419921875,0.8225101828575134,0.002053819836874027,-0.020202548468660098,-37.604095339775085,0.2,-0.02986343391239643,1223.0,-1.8464174900000005
1664,233984,16,4,0.013205769,0.0004092704424510632,4.231929779052734e-06,7296,0.1973876953125,0.8221020698547363,0.0016871010084287263,-0.0210754939034814,-37.57917618751526,0.2,-0.024936947971582413,1223.0,-1.8425707500000001
1672,234496,17,5,0.016187398,0.0004092704424510632,1.2874603271484375e-05,7312,0.1849365234375,0.8232713937759399,0.13431832124479115,-0.0211873511725571,-37.58708465099335,0.2,0.03509733825922012,1223.0,-1.8425707500000001
1680,235008,18,5,0.01353707,0.0004092704424510632,-0.0001423358917236328,7328,0.202880859375,0.8232557773590088,0.0008321521600009874,-0.023219980823341757,-37.6130211353302,0.2,-0.036461468786001205,1223.0,-1.8376339000000002
1687,235520,19,5,0.021298103,0.0004092704424510632,2.6464462280273438e-05,7344,0.2646484375,0.8234063386917114,0.11782398889772594,-0.02655981767748017,-37.6132630109787,0.2,0.045167624950408936,1223.0,-1.8376339000000002
1693,236032,20,6,0.021386014,0.0004092704424510632,-4.410743713378906e-05,7360,0.2783203125,0.8234493732452393,0.0017035925720847445,-0.036908540889271535,-37.61973810195923,0.2,-0.05735236406326294,1223.0,-1.8376339000000002
1697,236544,21,6,0.014353584,0.0004092704424510632,-5.9604644775390625e-06,7376,0.212158203125,0.8223771452903748,0.0018344369600526989,-0.02465071514598094,-37.59180450439453,0.2,-0.0377344973385334,1223.0,-1.8372640800000002
1701,237056,22,6,0.027304847,0.0004092704424510632,8.344650268554688e-06,7392,0.2867431640625,0.8223501443862915,0.037338391004595906,-0.023141960991779342,-37.555095076560974,0.2,-0.0137709379196167,1223.0,-1.8372640800000002
1703,237568,23,6,0.018822558,0.0004092704424510632,-0.00010228157043457031,7408,0.26513671875,0.8221995234489441,0.002062898376607336,-0.02754284522961825,-37.562684178352356,0.2,-0.047999341040849686,1223.0,-1.8353020999999998
1709,238080,24,7,0.021623887,0.0004092704424510632,2.7418136596679688e-06,7424,0.2274169921875,0.8232228755950928,0.13788688881322742,-0.021532713319174945,-37.56711149215698,0.2,0.03754404932260513,1223.0,-1.8353020999999998
1712,238592,25,7,0.019929474,0.0004092704424510632,-0.0001347064971923828,7440,0.2427978515625,0.8226624727249146,0.0012128061243856791,-0.025757561350474134,-37.58344900608063,0.2,-0.03655475378036499,1223.0,-1.8328814899999997
1715,239104,26,7,0.023307163,0.0004092704424510632,1.33514404296875e-05,7456,0.2747802734375,0.821962833404541,0.1246039995457977,-0.027941519307205454,-37.5559960603714,0.2,0.02287418022751808,1223.0,-1.8328814899999997
1712,239616,27,8,0.015942773,0.0004092704424510632,-1.33514404296875e-05,7472,0.2374267578125,0.8223134875297546,0.0022423531700042076,-0.0251157017191872,-37.54939889907837,0.2,-0.0353374108672142,1223.0,-1.8328814899999997
1716,240128,28,8,0.01636604,0.0004092704424510632,-0.0001628398895263672,7488,0.216064453125,0.8213129639625549,0.0015497732201765757,-0.02177635463885963,-37.55728590488434,0.2,-0.03131090849637985,1223.0,-1.83113512
1713,240640,29,8,0.023923539,0.0004092704424510632,1.4483928680419922e-05,7504,0.258544921875,0.8199378848075867,0.14197625871747732,-0.028242326588951983,-37.51006817817688,0.2,0.04229142144322395,1223.0,-1.83113512
1717,241152,30,8,0.016933234,0.0004092704424510632,-0.005403399467468262,7520,0.2589111328125,0.8193898797035217,0.0008801708272585529,-0.029055564693408087,-37.475058913230896,0.2,-0.04343428462743759,1223.0,-1.82947824
1718,241664,31,9,0.019523721,0.0004092704424510632,6.079673767089844e-06,7536,0.2528076171875,0.8189964294433594,0.1315657515078783,-0.02766521179000847,-37.46260964870453,0.2,0.03646418824791908,1223.0,-1.82947824
1721,242176,32,9,0.018085498,0.0004092704424510632,-2.384185791015625e-06,7552,0.233154296875,0.8178762793540955,0.0015469298632524442,-0.027770380082074553,-37.437411189079285,0.2,-0.0389750711619854,1223.0,-1.8266134499999997
1721,242688,33,9,0.020550147,0.0004092704424510632,2.1457672119140625e-06,7568,0.2528076171875,0.8180678486824036,0.12206158717162907,-0.027894953469512984,-37.41657543182373,0.2,0.014643687754869461,1223.0,-1.8266134499999997
1723,243200,34,10,0.016542245,0.0004092704424510632,6.67572021484375e-06,7584,0.213623046875,0.8194992542266846,0.0019114406022708863,-0.02595346502494067,-37.45438742637634,0.2,-0.04102719575166702,1223.0,-1.8266134499999997
1725,243712,35,10,0.018661696,0.0004092704424510632,-1.811981201171875e-05,7600,0.228515625,0.82083660364151,0.002028745031566359,-0.02597884347778745,-37.5035355091095,0.2,-0.035324349999427795,1223.0,-1.8232227999999997
1727,244224,36,10,0.024587952,0.0004092704424510632,4.589557647705078e-06,7616,0.26416015625,0.8203683495521545,0.13102687196806073,-0.023442204081220552,-37.529231667518616,0.2,0.027337834239006042,1223.0,-1.8232227999999997
1727,244736,37,10,0.020898726,0.0004092704424510632,-7.343292236328125e-05,7632,0.2701416015625,0.8187981843948364,0.0009072742132048006,-0.028736492968164384,-37.48514246940613,0.2,-0.034597255289554596,1223.0,-1.82174632
1729,245248,38,11,0.018831054,0.0004092704424510632,7.808208465576172e-06,7648,0.2642822265625,0.8186826109886169,0.12160884612239897,-0.026406581353512593,-37.44511270523071,0.2,0.025123877450823784,1223.0,-1.82174632
1729,245760,39,11,0.024047002,0.0004092704424510632,6.556510925292969e-07,7664,0.300048828125,0.8190863728523254,0.0023647976377105806,-0.0313630457239924,-37.45020318031311,0.2,-0.039465371519327164,1223.0,-1.82174632
1729,246272,40,11,0.013684432,0.0004092704424510632,-2.2411346435546875e-05,7680,0.215087890625,0.8192154169082642,0.0038791395199950784,-0.02296306544667459,-37.45077860355377,0.2,-0.028920993208885193,1223.0,-1.8196453
1731,246784,41,12,0.024241328,0.0004092704424510632,8.046627044677734e-06,7696,0.272705078125,0.8167169094085693,0.1301102382130921,-0.02931787726993207,-37.41347289085388,0.2,0.019700001925230026,1223.0,-1.8196453
1733,247296,42,12,0.016753446,0.0004092704424510632,0.00019848346710205078,7712,0.1973876953125,0.8148701190948486,0.002181528961955337,-0.01913449729909189,-37.31796681880951,0.2,-0.03902594745159149,1223.0,-1.81911534
1732,247808,43,12,0.020251611,0.0004092704424510632,1.1265277862548828e-05,7728,0.242919921875,0.813761293888092,0.13511461322195828,-0.02343683032086119,-37.275641560554504,0.2,0.029882632195949554,1223.0,-1.81911534
1729,248320,44,13,0.017449483,0.0004092704424510632,-0.0002048015594482422,7744,0.22900390625,0.8143025636672974,0.0008425277019341593,-0.023642314452445135,-37.25476670265198,0.2,-0.03779326751828194,1223.0,-1.8145794899999999
1728,248832,45,13,0.017585577,0.0004092704424510632,7.3909759521484375e-06,7760,0.2337646484375,0.813510000705719,0.1238727152813226,-0.023465180333005264,-37.26952409744263,0.2,0.031235530972480774,1223.0,-1.8145794899999999
1726,249344,46,13,0.017934032,0.0004092704424510632,0.00021380186080932617,7776,0.2257080078125,0.8129196166992188,0.0021090581285534427,-0.024932266787800472,-37.23035526275635,0.2,-0.03535652905702591,1223.0,-1.8145794899999999
1724,249856,47,13,0.023798708,0.0004092704424510632,7.271766662597656e-06,7792,0.2652587890625,0.8125258684158325,0.0019840823479171377,-0.029409261944238096,-37.221238136291504,0.2,-0.04003028944134712,1223.0,-1.8128668199999998
1723,250368,48,14,0.02054333,0.0004092704424510632,4.351139068603516e-06,7808,0.2557373046875,0.8109495639801025,0.13173942849971354,-0.029817912116413936,-37.1899733543396,0.2,0.007290661334991455,1223.0,-1.8128668199999998
1722,250880,49,14,0.02164599,0.0004092704424510632,-1.7881393432617188e-06,7824,0.24267578125,0.8113480806350708,0.0013749116624239832,-0.026425032265251502,-37.15432250499725,0.2,-0.04107522591948509,1223.0,-1.8101112499999998
1720,251392,50,14,0.013357028,0.0004092704424510632,1.7285346984863281e-06,7840,0.174072265625,0.8122187256813049,0.1208727890625596,-0.02011917208437808,-37.19609832763672,0.2,0.024146851152181625,1223.0,-1.8101112499999998
1719,251904,51,15,0.01873419,0.0004092704424510632,-8.344650268554688e-06,7856,0.2452392578125,0.8130038976669312,0.0021008034564147238,-0.023968865541974083,-37.23427140712738,0.2,-0.039127152413129807,1223.0,-1.8101112499999998
1718,252416,52,15,0.016416376,0.0004092704424510632,-2.4080276489257812e-05,7872,0.214599609375,0.8139959573745728,0.002381221089308383,-0.02257914542860817,-37.26984202861786,0.2,-0.03752632811665535,1223.0,-1.8086323999999998
1719,252928,53,15,0.02574094,0.0004092704424510632,1.9669532775878906e-06,7888,0.26171875,0.8138588666915894,0.1071223490871489,-0.025383414395037107,-37.29633450508118,0.2,0.010628428310155869,1223.0,-1.8086323999999998
1720,253440,54,16,0.01671518,0.0004092704424510632,-3.0517578125e-05,7904,0.2078857421875,0.8141530752182007,0.0014051316902623512,-0.02000948416389292,-37.30050349235535,0.2,-0.031184567138552666,1223.0,-1.80507962
1721,253952,55,16,0.01848371,0.0004092704424510632,2.8014183044433594e-06,7920,0.21240234375,0.815237283706665,0.1340093002654612,-0.021770819585071877,-37.319446325302124,0.2,0.04695521295070648,1223.0,-1.80507962
1722,254464,56,16,0.01648425,0.0004092704424510632,-1.0132789611816406e-05,7936,0.2432861328125,0.8155767917633057,0.0012369761225272669,-0.026973707746947184,-37.34600901603699,0.2,-0.03733066841959953,1223.0,-1.8024352000000001
1724,254976,57,16,0.021021288,0.0004092704424510632,3.7550926208496094e-06,7952,0.269775390625,0.8151156902313232,0.12382282875478268,-0.030697431197040714,-37.34094202518463,0.2,0.007437542080879211,1223.0,-1.8024352000000001
1726,255488,58,17,0.016048234,0.0004092704424510632,-1.7881393432617188e-06,7968,0.2103271484375,0.8135675191879272,0.0020295620561228134,-0.02327825440443121,-37.303404569625854,0.2,-0.02634923718869686,1223.0,-1.8024352000000001
1727,256000,59,17,0.015028341,0.0004092704424510632,-2.47955322265625e-05,7984,0.253662109375,0.8132309317588806,0.0019143098434142303,-0.02685892381123267,-37.25427961349487,0.2,-0.04199928790330887,1223.0,-1.7999093000000002
1726,256512,60,17,0.01961216,0.0004092704424510632,3.039836883544922e-06,8000,0.2821044921875,0.813025176525116,0.12892445246689022,-0.03157329189707525,-37.25105619430542,0.2,0.019442856311798096,1223.0,-1.7999093000000002
1726,257024,61,18,0.022100251,0.0004092704424510632,4.172325134277344e-07,8016,0.2626953125,0.8128344416618347,0.0010609506534819957,-0.024216175283072516,-37.239020228385925,0.2,-0.03865749016404152,1223.0,-1.7998502800000002
1725,257536,62,18,0.015571779,0.0004092704424510632,4.112720489501953e-06,8032,0.2303466796875,0.813413143157959,0.12109018093906343,-0.02007879121811129,-37.24525499343872,0.2,0.01760553941130638,1223.0,-1.7998502800000002
1723,258048,63,18,0.016202904,0.0004092704424510632,-3.361701965332031e-05,8048,0.2513427734375,0.8129833936691284,0.0012157578912592726,-0.0263493760721758,-37.24952268600464,0.2,-0.034515924751758575,1223.0,-1.7998502800000002
1722,258560,64,19,0.017477453,0.0004092704424510632,-4.172325134277344e-05,8064,0.2613525390625,0.8127055764198303,0.0014811192941124318,-0.029626073584950063,-37.24119234085083,0.2,-0.04214755445718765,1223.0,-1.7959251100000002
1721,259072,65,19,0.024207227,0.0004092704424510632,3.993511199951172e-06,8080,0.2347412109375,0.8125668168067932,0.02889424073509872,-0.02111707063158974,-37.23266160488129,0.2,-0.016667421907186508,1223.0,-1.7959251100000002
1721,259584,66,19,0.014513554,0.0004092704424510632,-2.4557113647460938e-05,8096,0.1937255859375,0.8129722476005554,0.0016255805567197967,-0.021135882052476518,-37.2428195476532,0.2,-0.03386582434177399,1223.0,-1.7927693000000002
1723,260096,67,19,0.032050774,0.0004092704424510632,3.516674041748047e-06,8112,0.284423828125,0.8118597269058228,0.13827558304183185,-0.027947119437158108,-37.233017802238464,0.2,0.0232606939971447,1223.0,-1.7927693000000002
1723,260608,68,20,0.0148151545,0.0004092704424510632,-2.765655517578125e-05,8128,0.2205810546875,0.8126943111419678,0.0009282727041863836,-0.02300936882966198,-37.20651066303253,0.2,-0.0317668691277504,1223.0,-1.7895987000000002
1724,261120,69,20,0.024621516,0.0004092704424510632,4.827976226806641e-06,8144,0.29296875,0.8115555047988892,0.12539201835170388,-0.02961930085439235,-37.22152936458588,0.2,0.0100669264793396,1223.0,-1.7895987000000002
1721,261632,70,20,0.014203187,0.0004092704424510632,-2.5153160095214844e-05,8160,0.1898193359375,0.8105388879776001,0.0018236269606859423,-0.01931846463412512,-37.1591956615448,0.2,-0.022336792200803757,1223.0,-1.7895987000000002
1721,262144,71,21,0.01753845,0.0004092704424510632,-3.838539123535156e-05,8176,0.2069091796875,0.8108696341514587,0.0024516183038940653,-0.02034151020052377,-37.14782786369324,0.2,-0.03134830296039581,1223.0,-1.7882500000000001
1722,262656,72,21,0.015122995,0.0004092704424510632,5.125999450683594e-06,8192,0.2354736328125,0.8117202520370483,0.1399779519997537,-0.022523300169268623,-37.1691015958786,0.2,0.021360274404287338,1223.0,-1.7882500000000001
1723,263168,73,21,0.018948233,0.0004092704424510632,-4.0531158447265625e-06,8208,0.2611083984375,0.8115535378456116,0.001098398002795875,-0.02782002932508476,-37.18216896057129,0.2,-0.04062066972255707,1223.0,-1.7864620200000005
1725,263680,74,21,0.022748414,0.0004092704424510632,8.046627044677734e-06,8224,0.2723388671875,0.8097179532051086,0.1309655774384737,-0.02897163332090713,-37.14447867870331,0.2,0.030147165060043335,1223.0,-1.7864620200000005
1725,264192,75,22,0.017497193,0.0004092704424510632,-4.863739013671875e-05,8240,0.2237548828125,0.8098465204238892,0.0014219842851161957,-0.021597784681944177,-37.09160661697388,0.2,-0.028424745425581932,1223.0,-1.7837654700000005
1724,264704,76,22,0.026323237,0.0004092704424510632,1.5079975128173828e-05,8256,0.306396484375,0.80955970287323,0.11977127380669117,-0.031015300541184843,-37.095152735710144,0.2,0.009051516652107239,1223.0,-1.7837654700000005
1721,265216,77,22,0.01636289,0.0004092704424510632,-5.0067901611328125e-06,8272,0.242919921875,0.8095932006835938,0.0018765472777886316,-0.030859750426316168,-37.081547498703,0.2,-0.0405585914850235,1223.0,-1.7837654700000005
1718,265728,78,23,0.016329646,0.0004092704424510632,-7.152557373046875e-07,8288,0.216552734375,0.8073326945304871,0.0022450986580224708,-0.02582663210341707,-37.049872517585754,0.2,-0.03723924607038498,1223.0,-1.7826520100000007
1717,266240,79,23,0.017992679,0.0004092704424510632,8.285045623779297e-06,8304,0.2467041015625,0.8051031231880188,0.12225731904618442,-0.025629555311752483,-36.956846714019775,0.2,0.021916761994361877,1223.0,-1.7826520100000007
1716,266752,80,23,0.017041618,0.0004092704424510632,8.046627044677734e-05,8320,0.237060546875,0.804298996925354,0.0007578057502541924,-0.026502838896703906,-36.88988399505615,0.2,-0.04165882244706154,1223.0,-1.7795746300000002
1712,267264,81,24,0.02371969,0.0004092704424510632,3.933906555175781e-06,8336,0.2662353515625,0.803619384765625,0.11547912657260895,-0.03064991856808774,-36.864883065223694,0.2,0.020123708993196487,1223.0,-1.7795746300000002
1709,267776,82,24,0.016164668,0.0004092704424510632,-6.42538070678711e-05,8352,0.2490234375,0.8046154975891113,0.0014970329193602083,-0.024517473175365012,-36.86370587348938,0.2,-0.03441797196865082,1223.0,-1.7795746300000002
1707,268288,83,24,0.028624434,0.0004092704424510632,-2.86102294921875e-05,8368,0.2845458984375,0.8055023550987244,0.0018570184511190746,-0.03142945728905033,-36.89995193481445,0.2,-0.03731471300125122,1223.0,-1.7774627
1703,268800,84,25,0.01843217,0.0004092704424510632,5.543231964111328e-06,8384,0.2587890625,0.8066661953926086,0.11952685727737844,-0.025158781791105866,-36.92464542388916,0.2,0.023208990693092346,1223.0,-1.7774627
1702,269312,85,25,0.022066507,0.0004092704424510632,-5.996227264404297e-05,8400,0.2509765625,0.8045653700828552,0.0022049408216844313,-0.025855844432953745,-36.91851210594177,0.2,-0.035313427448272705,1223.0,-1.7767639200000003
1700,269824,86,25,0.013538594,0.0004092704424510632,2.384185791015625e-06,8416,0.2216796875,0.803669810295105,0.1255250684916973,-0.02445914271811489,-36.843899726867676,0.2,0.02865278348326683,1223.0,-1.7767639200000003
1699,270336,87,26,0.015872844,0.0004092704424510632,-0.00025832653045654297,8432,0.2076416015625,0.8028082847595215,0.0011504939484439092,-0.024981887894682586,-36.81074643135071,0.2,-0.026620272547006607,1223.0,-1.77503222
1698,270848,88,26,0.01896716,0.0004092704424510632,1.430511474609375e-06,8448,0.200439453125,0.803058922290802,0.11649448447860777,-0.023194991052150726,-36.797221660614014,0.2,0.02594807744026184,1223.0,-1.77503222
1697,271360,89,26,0.01603163,0.0004092704424510632,3.7550926208496094e-06,8464,0.2369384765625,0.803376317024231,0.002022777815000154,-0.02567143592023058,-36.81651294231415,0.2,-0.052595946937799454,1223.0,-1.77503222
1696,271872,90,27,0.027951822,0.0004092704424510632,-7.748603820800781e-06,8480,0.2822265625,0.8028179407119751,0.001645053671381902,-0.030187592245056294,-36.80968499183655,0.2,-0.02111479453742504,1223.0,-1.7730408800000002
1694,272384,91,27,0.015166166,0.0004092704424510632,3.5762786865234375e-06,8496,0.23876953125,0.8032254576683044,0.12389696971513331,-0.02270841778954491,-36.80417776107788,0.2,0.028304949402809143,1223.0,-1.7730408800000002
1693,272896,92,27,0.020573594,0.0004092704424510632,8.64267349243164e-06,8512,0.2459716796875,0.8032866716384888,0.0012064179736626102,-0.023483939905418083,-36.81571447849274,0.2,-0.035213686525821686,1223.0,-1.7720735500000004
1692,273408,93,28,0.025719471,0.0004092704424510632,6.258487701416016e-06,8528,0.2850341796875,0.8019028306007385,0.11754021933302283,-0.029601479531265795,-36.78823208808899,0.2,0.015145055949687958,1223.0,-1.7720735500000004
1691,273920,94,28,0.013439719,0.0004092704424510632,5.7220458984375e-06,8544,0.1680908203125,0.7998830676078796,0.0013182687016524142,-0.01781980725354515,-36.72330701351166,0.2,-0.02630416303873062,1223.0,-1.7720735500000004
1689,274432,95,28,0.017605476,0.0004092704424510632,-4.3272972106933594e-05,8560,0.2347412109375,0.8003768920898438,0.001939444940944668,-0.023142830679717008,-36.67622351646423,0.2,-0.041222382336854935,1223.0,-1.76999628
1687,274944,96,29,0.02255494,0.0004092704424510632,3.3974647521972656e-06,8576,0.257080078125,0.799423336982727,0.09875868540257215,-0.021839964218088426,-36.68373990058899,0.2,0.020122025161981583,1223.0,-1.76999628
1687,275456,97,29,0.022354398,0.0004092704424510632,-0.0001004934310913086,8592,0.2493896484375,0.7977384924888611,0.0014622046528529609,-0.026877411757595837,-36.60961043834686,0.2,-0.035599589347839355,1223.0,-1.7690750000000002
1686,275968,98,29,0.0123872785,0.0004092704424510632,5.662441253662109e-06,8608,0.1484375,0.7971377968788147,0.12521717278286815,-0.01652792055392638,-36.562551736831665,0.2,0.03973134234547615,1223.0,-1.7690750000000002
1686,276480,99,30,0.017328415,0.0004092704424510632,-0.0008172988891601562,8624,0.20458984375,0.7965112328529358,0.0008957152904258692,-0.02108889455848839,-36.53509712219238,0.2,-0.036807212978601456,1223.0,-1.7668961900000002
1686,276992,100,30,0.01801351,0.0004092704424510632,-9.5367431640625e-07,8640,0.223876953125,0.7949052453041077,0.11561466846615076,-0.028536848665680736,-36.49725270271301,0.2,0.013370923697948456,1223.0,-1.7668961900000002
1686,277504,101,30,0.024743505,0.0004092704424510632,0.0001823902130126953,8656,0.2789306640625,0.79358971118927,0.0016087435105873737,-0.02921592246275395,-36.431835770606995,0.2,-0.02752060629427433,1223.0,-1.7668961900000002
1686,278016,102,30,0.01678199,0.0004092704424510632,1.1920928955078125e-07,8672,0.2581787109375,0.79348224401474,0.001679895089182537,-0.026681343573727645,-36.403573751449585,0.2,-0.029546668753027916,1223.0,-1.7658825800000004
1687,278528,103,31,0.020924218,0.0004092704424510632,3.516674041748047e-06,8688,0.256591796875,0.7930263876914978,0.12047397717833519,-0.02759740727924509,-36.38703227043152,0.2,0.01919597014784813,1223.0,-1.7658825800000004
1687,279040,104,31,0.017674282,0.0004092704424510632,3.039836883544922e-06,8704,0.231201171875,0.7913482785224915,0.000994178633845877,-0.026402168259664904,-36.33788442611694,0.2,-0.047251179814338684,1223.0,-1.7630407900000002
1688,279552,105,31,0.023154471,0.0004092704424510632,3.933906555175781e-06,8720,0.25732421875,0.7904376983642578,0.11029273201711476,-0.024881376877601724,-36.279348731040955,0.2,0.02673044055700302,1223.0,-1.7630407900000002
1689,280064,106,32,0.01623897,0.0004092704424510632,8.761882781982422e-06,8736,0.188720703125,0.7889219522476196,0.0015928169777907897,-0.021922881292994134,-36.242642641067505,0.2,-0.0191701278090477,1223.0,-1.7630407900000002
1690,280576,107,32,0.019798405,0.0004092704424510632,-1.4424324035644531e-05,8752,0.2408447265625,0.7900434732437134,0.00161164531527902,-0.025036094317329116,-36.22813606262207,0.2,-0.03803475201129913,1223.0,-1.7610753200000004
1691,281088,108,32,0.02067528,0.0004092704424510632,2.6226043701171875e-06,8768,0.2509765625,0.7919755578041077,0.01655453107014182,-0.017353994699078612,-36.296428084373474,0.2,-0.02129187062382698,1223.0,-1.7610753200000004
1691,281600,109,32,0.01751598,0.0004092704424510632,-2.0384788513183594e-05,8784,0.2335205078125,0.7926388382911682,0.001835948209190974,-0.026562909042695537,-36.35157608985901,0.2,-0.03203662857413292,1223.0,-1.75762834
1692,282112,110,33,0.020399697,0.0004092704424510632,3.159046173095703e-06,8800,0.2760009765625,0.7928904891014099,0.13034794968552887,-0.027064096273534233,-36.36733341217041,0.2,0.029293641448020935,1223.0,-1.75762834
1693,282624,111,33,0.016082685,0.0004092704424510632,-3.218650817871094e-05,8816,0.246826171875,0.7937095165252686,0.001017364413200994,-0.030644337530247867,-36.38185441493988,0.2,-0.03918159753084183,1223.0,-1.7559782099999999
1694,283136,112,33,0.016853675,0.0004092704424510632,3.7550926208496094e-06,8832,0.2119140625,0.7935150861740112,0.12066526850685477,-0.023349562630755827,-36.39192509651184,0.2,0.02816535159945488,1223.0,-1.7559782099999999
1695,283648,113,34,0.022073068,0.0004092704424510632,2.5570392608642578e-05,8848,0.2313232421875,0.7933465838432312,0.0017306362933595665,-0.02247425148379989,-36.36261427402496,0.2,-0.03820820152759552,1223.0,-1.7559782099999999
1695,284160,114,34,0.014259357,0.0004092704424510632,1.0848045349121094e-05,8864,0.18701171875,0.7952257990837097,0.0019966380859841593,-0.02152482779638376,-36.38968026638031,0.2,-0.033730559051036835,1223.0,-1.7527781900000001
1695,284672,115,34,0.023091713,0.0004092704424510632,7.62939453125e-06,8880,0.2393798828125,0.7944714426994324,0.12586202123202384,-0.023394932330120355,-36.42389917373657,0.2,0.03732551634311676,1223.0,-1.7527781900000001
1695,285184,116,35,0.020775665,0.0004092704424510632,1.2755393981933594e-05,8896,0.2823486328125,0.7949317097663879,0.0011502180150273489,-0.02714573053526692,-36.40113019943237,0.2,-0.03895295411348343,1223.0,-1.75040673
1696,285696,117,35,0.016141832,0.0004092704424510632,9.000301361083984e-06,8912,0.22265625,0.7949877381324768,0.11653554067015648,-0.022075948683777824,-36.42517685890198,0.2,0.02645585499703884,1223.0,-1.75040673
1695,286208,118,35,0.023555432,0.0004092704424510632,-6.699562072753906e-05,8928,0.2789306640625,0.7966631054878235,0.0009575483345543034,-0.03137603646609932,-36.44067418575287,0.2,-0.03805188834667206,1223.0,-1.74698481
1695,286720,119,35,0.020229453,0.0004092704424510632,6.258487701416016e-06,8944,0.3021240234375,0.7973361015319824,0.10930358595214784,-0.03340003141784109,-36.500271677970886,0.2,-8.828938007354736e-05,1223.0,-1.74698481
1695,287232,120,36,0.014343193,0.0004092704424510632,-2.002716064453125e-05,8960,0.1983642578125,0.796236515045166,0.0019790477999777067,-0.0214617191668367,-36.48704981803894,0.2,-0.02678239718079567,1223.0,-1.74698481
1694,287744,121,36,0.01697125,0.0004092704424510632,-3.4809112548828125e-05,8976,0.2352294921875,0.7959752082824707,0.0016665201001160312,-0.02424958339179284,-36.45305895805359,0.2,-0.04160890728235245,1223.0,-1.74541992
1693,288256,122,36,0.017053653,0.0004092704424510632,3.5762786865234375e-06,8992,0.1898193359375,0.7951227426528931,0.11707113846205175,-0.019939567158871796,-36.441694259643555,0.2,0.031070899218320847,1223.0,-1.74541992
1693,288768,123,37,0.012571863,0.0004092704424510632,-7.665157318115234e-05,9008,0.1641845703125,0.7930695414543152,0.000902119940292323,-0.01963497861288488,-36.38353967666626,0.2,-0.028023095801472664,1223.0,-1.7430352900000003
1693,289280,124,37,0.014829123,0.0004092704424510632,5.7220458984375e-06,9024,0.1748046875,0.7928526401519775,0.10550588765181601,-0.021573584352154285,-36.32659435272217,0.2,0.013653784990310669,1223.0,-1.7430352900000003
1693,289792,125,37,0.020686474,0.0004092704424510632,2.2470951080322266e-05,9040,0.2647705078125,0.792079746723175,0.001572258221131051,-0.02823899910436012,-36.31316030025482,0.2,-0.03998084366321564,1223.0,-1.7430352900000003
1695,290304,126,38,0.018634122,0.0004092704424510632,4.589557647705078e-06,9056,0.2469482421875,0.791955292224884,0.001771057904988993,-0.025834194559138268,-36.29396939277649,0.2,-0.0276000015437603,1223.0,-1.74075355
1694,290816,127,38,0.014866822,0.0004092704424510632,2.1159648895263672e-05,9072,0.2100830078125,0.7920151948928833,0.11155219539068639,-0.02120145328808576,-36.30492651462555,0.2,0.03017774224281311,1223.0,-1.74075355
1695,291328,128,38,0.020901479,0.0004092704424510632,0.002844870090484619,9088,0.2454833984375,0.7928484082221985,0.0010731396687333472,-0.024995840576593764,-36.31452190876007,0.2,-0.04949529469013214,1223.0,-1.73777372
1696,291840,129,38,0.01983545,0.0004092704424510632,1.5497207641601562e-06,9104,0.259765625,0.7937365174293518,0.11289263749495149,-0.028788838360924274,-36.3400764465332,0.2,0.0225832499563694,1223.0,-1.73777372
1696,292352,130,39,0.01387413,0.0004092704424510632,-2.6226043701171875e-05,9120,0.1942138671875,0.7942891120910645,0.0008012022954062559,-0.021819921712449286,-36.371288537979126,0.2,-0.036638908088207245,1223.0,-1.7347646600000002
1696,292864,131,39,0.018388387,0.0004092704424510632,3.4570693969726562e-06,9136,0.2496337890625,0.7940940260887146,0.1049428335390985,-0.026953945722198114,-36.376908659935,0.2,0.02115536853671074,1223.0,-1.7347646600000002
1697,293376,132,39,0.017995035,0.0004092704424510632,8.106231689453125e-06,9152,0.2523193359375,0.7940838932991028,0.002069289010250941,-0.027150196183356456,-36.36082684993744,0.2,-0.037020180374383926,1223.0,-1.7347646600000002
1698,293888,133,40,0.016680487,0.0004092704424510632,-1.1801719665527344e-05,9168,0.2265625,0.7933980822563171,0.0019619462509581354,-0.0227768516051583,-36.35066735744476,0.2,-0.03284601494669914,1223.0,-1.7317418800000004
1698,294400,134,40,0.01595484,0.0004092704424510632,4.76837158203125e-06,9184,0.2052001953125,0.7924467921257019,0.11636500852182508,-0.023204912489745766,-36.31021451950073,0.2,0.030048081651329994,1223.0,-1.7317418800000004
1698,294912,135,40,0.024627216,0.0004092704424510632,-8.344650268554688e-07,9200,0.275146484375,0.7912758588790894,0.0008553757334084366,-0.02930608375754673,-36.281787037849426,0.2,-0.04649977385997772,1223.0,-1.7273381100000003
1698,295424,136,40,0.01667068,0.0004092704424510632,5.304813385009766e-06,9216,0.220458984375,0.7907920479774475,0.10519568575546145,-0.027235333545831963,-36.24503540992737,0.2,0.01169949397444725,1223.0,-1.7273381100000003
1699,295936,137,41,0.024526082,0.0004092704424510632,-4.76837158203125e-07,9232,0.30224609375,0.7916075587272644,0.0016226983516389737,-0.028085401456337422,-36.24996304512024,0.2,-0.033269479870796204,1223.0,-1.7273381100000003
1699,296448,138,41,0.016964324,0.0004092704424510632,-7.3909759521484375e-06,9248,0.253662109375,0.7899813652038574,0.0023632309203094337,-0.0279286418663105,-36.24813091754913,0.2,-0.036791153252124786,1223.0,-1.7273911100000001
1700,296960,139,41,0.032781713,0.0004092704424510632,5.841255187988281e-06,9264,0.3001708984375,0.7899043560028076,0.08763625181745738,-0.028754061000654474,-36.20224475860596,0.2,0.005872510373592377,1223.0,-1.7273911100000001
1700,297472,140,42,0.018007997,0.0004092704424510632,-0.00013577938079833984,9280,0.2454833984375,0.7918367981910706,0.0016213463677559048,-0.027173087626579218,-36.22852945327759,0.2,-0.034549057483673096,1223.0,-1.72612616
1701,297984,141,42,0.016697813,0.0004092704424510632,1.2516975402832031e-06,9296,0.2095947265625,0.7927360534667969,0.12145435530692339,-0.026557470104307868,-36.29058027267456,0.2,0.028858445584774017,1223.0,-1.72612616
1701,298496,142,42,0.021857593,0.0004092704424510632,-0.00012683868408203125,9312,0.2803955078125,0.792815089225769,0.0008755311118875397,-0.03044511642656289,-36.312620997428894,0.2,-0.047068040817976,1223.0,-1.72461953
1702,299008,143,43,0.02609551,0.0004092704424510632,4.76837158203125e-07,9328,0.2694091796875,0.79229336977005,0.11168787954375148,-0.03037186608707998,-36.311206698417664,0.2,-0.002553798258304596,1223.0,-1.72461953
1703,299520,144,43,0.015885139,0.0004092704424510632,-1.6689300537109375e-06,9344,0.2432861328125,0.7918545603752136,0.0014991620955697726,-0.0279432465613354,-36.291831493377686,0.2,-0.038577139377593994,1223.0,-1.72461953
1703,300032,145,43,0.019503668,0.0004092704424510632,2.5033950805664062e-06,9360,0.2777099609375,0.7914000153541565,0.0023802720752428286,-0.029380404041148722,-36.275678515434265,0.2,-0.04361245036125183,1223.0,-1.72310888
1704,300544,146,43,0.016336514,0.0004092704424510632,1.6093254089355469e-06,9376,0.2230224609375,0.7913594841957092,0.11979662114754319,-0.02372241159901023,-36.26389491558075,0.2,0.019517816603183746,1223.0,-1.72310888
1704,301056,147,44,0.013067215,0.0004092704424510632,1.7881393432617188e-05,9392,0.2017822265625,0.7909545302391052,0.000764074217840971,-0.018219660152681172,-36.25692594051361,0.2,-0.023563764989376068,1223.0,-1.7215641400000001
