time/total_timesteps,time/time_elapsed,time/fps,time/iterations,train/learning_rate,train/value_loss,train/loss,train/approx_kl,train/std,train/clip_fraction,train/n_updates,train/clip_range,train/explained_variance,train/policy_gradient_loss,train/entropy_loss,rollout/ep_rew_mean,rollout/ep_len_mean
512,0,4001,1,,,,,,,,,,,,,
1024,0,1919,2,0.0004092704424510632,0.10269121019155136,-0.03225049376487732,0.022114528,1.0005332231521606,0.27197265625,16,0.2,-1.519324541091919,-0.03269561684282962,-43.993571281433105,,
1536,0,1645,3,0.0004092704424510632,0.0028541074752865825,-0.03148018196225166,0.01908275,0.999367892742157,0.247314453125,32,0.2,1.3709068298339844e-05,-0.027758174794143997,-43.98709177970886,-2.680661,1258.0
2048,1,1535,4,0.0004092704424510632,0.015013193944469094,-0.032226528972387314,0.027129725,0.9971672892570496,0.32666015625,48,0.2,-0.0002950429916381836,-0.03158056357642636,-43.93243396282196,-2.680661,1258.0
2560,1,1475,5,0.0004092704424510632,0.0029529699277190957,-0.046915922313928604,0.019793415,0.998551070690155,0.317138671875,64,0.2,0.004276692867279053,-0.031197645803331397,-43.907280802726746,-2.6557085000000002,1258.0
3072,2,1436,6,0.0004092704424510632,0.02237848611548543,-0.02851453796029091,0.019655447,0.9988002777099609,0.28173828125,80,0.2,0.004669785499572754,-0.028909485670737922,-43.94480490684509,-2.6557085000000002,1258.0
3584,2,1411,7,0.0004092704424510632,0.0016305472763633588,-0.0366276316344738,0.018979672,0.9976277947425842,0.294921875,96,0.2,-0.0004843473434448242,-0.028194945363793522,-43.92859506607056,-2.6557085000000002,1258.0
4096,2,1394,8,0.0004092704424510632,0.010407622583443299,-0.027184894308447838,0.018324632,0.9966138005256653,0.2625732421875,112,0.2,0.004019618034362793,-0.020928085112245753,-43.89400613307953,-2.698434666666667,1258.0
4608,3,1385,9,0.0004092704424510632,0.02867547527421266,-0.03050793521106243,0.01708672,0.9966911673545837,0.26611328125,128,0.2,0.0025894641876220703,-0.028195384511491284,-43.87587249279022,-2.698434666666667,1258.0
5120,3,1373,10,0.0004092704424510632,0.002954521529318299,-0.041039567440748215,0.021303222,0.9963348507881165,0.2930908203125,144,0.2,0.002111673355102539,-0.029465440442436375,-43.876970410346985,-2.7630555,1258.0
5632,4,1366,11,0.0004092704424510632,0.056295036687515676,-0.017277143895626068,0.021383569,0.9945870041847229,0.254150390625,160,0.2,0.0028606057167053223,-0.025508881051791832,-43.84582781791687,-2.7630555,1258.0
6144,4,1358,12,0.0004092704424510632,0.0014370324242918286,-0.023978736251592636,0.018102061,0.9942795634269714,0.274658203125,176,0.2,0.05192846059799194,-0.024398678142460994,-43.797842144966125,-2.7630555,1258.0
6656,4,1352,13,0.0004092704424510632,0.010520422249101102,-0.04316404089331627,0.020672645,0.9922009110450745,0.25830078125,192,0.2,0.011197507381439209,-0.029646759619936347,-43.77261662483215,-2.7859828,1258.0
7168,5,1348,14,0.0004092704424510632,0.055794494110159576,-0.012627050280570984,0.014647951,0.9908722639083862,0.2237548828125,208,0.2,0.0046599507331848145,-0.02470111069851555,-43.70921039581299,-2.7859828,1258.0
7680,5,1343,15,0.0004092704424510632,0.004441559241968207,-0.02259662002325058,0.024262186,0.9898414015769958,0.2637939453125,224,0.2,-0.008611917495727539,-0.03015183546813205,-43.67289423942566,-2.7626183333333336,1258.0
8192,6,1338,16,0.0004092704424510632,0.08414434408769011,0.004121009260416031,0.020752855,0.9889081120491028,0.2421875,240,0.2,0.0027207136154174805,-0.026231931238726247,-43.646140694618225,-2.7626183333333336,1258.0
8704,6,1334,17,0.0004092704424510632,0.0025467699924774934,-0.0474715419113636,0.024181131,0.9911989569664001,0.21533203125,256,0.2,-0.033269405364990234,-0.024986922013340518,-43.65599167346954,-2.7626183333333336,1258.0
9216,6,1332,18,0.0004092704424510632,0.0117242721025832,-0.031306616961956024,0.020231478,0.9922276735305786,0.2325439453125,272,0.2,0.009562075138092041,-0.022760980122257024,-43.71777534484863,-2.7547032857142857,1258.0
9728,7,1329,19,0.0004092704424510632,0.10558495437726378,0.010220739990472794,0.021116517,0.9905430674552917,0.24072265625,288,0.2,0.007342219352722168,-0.023429025532095693,-43.71006906032562,-2.7547032857142857,1258.0
10240,7,1326,20,0.0004092704424510632,0.002330780615011463,-0.036319799721241,0.013367802,0.9903653264045715,0.185546875,304,0.2,-0.1069488525390625,-0.022674264677334577,-43.66620171070099,-2.75827475,1258.0
10752,8,1324,21,0.0004092704424510632,0.1158896773122251,0.013690706342458725,0.01960235,0.9885315299034119,0.22314453125,320,0.2,0.0031432509422302246,-0.024386124074226245,-43.65057134628296,-2.75827475,1258.0
11264,8,1322,22,0.0004092704424510632,0.0024097210516629275,-0.034922562539577484,0.018601185,0.987999677658081,0.2467041015625,336,0.2,-0.39145052433013916,-0.026642039461876266,-43.602354764938354,-2.75827475,1258.0
11776,8,1320,23,0.0004092704424510632,0.012605603056726977,-0.03939826041460037,0.020879947,0.9870043992996216,0.2738037109375,352,0.2,0.16787678003311157,-0.027721278893295676,-43.58045172691345,-2.7461351111111107,1258.0
12288,9,1319,24,0.0004092704424510632,0.10944609413854778,-0.007069796323776245,0.028675806,0.9849852323532104,0.3013916015625,368,0.2,0.005463778972625732,-0.029436990211252123,-43.53341627120972,-2.7461351111111107,1258.0
12800,9,1317,25,0.0004092704424510632,0.0028588824279722758,-0.03689230605959892,0.0141909905,0.9843341708183289,0.1741943359375,384,0.2,-0.801300048828125,-0.020273334346711636,-43.48503041267395,-2.7323952,1258.0
13312,10,1316,26,0.0004092704424510632,0.16606688359752297,0.04146116226911545,0.032739036,0.9851221442222595,0.267822265625,400,0.2,0.0015573501586914062,-0.03135869593825191,-43.49389827251434,-2.7323952,1258.0
13824,10,1313,27,0.0004092704424510632,0.0021932277086307295,-0.037233591079711914,0.016013324,0.9840931296348572,0.2237548828125,416,0.2,-0.02488839626312256,-0.023822321978514083,-43.495535016059875,-2.7323952,1258.0
14336,10,1312,28,0.0004092704424510632,0.011873954383190721,-0.029695244506001472,0.018935673,0.9835665225982666,0.232177734375,432,0.2,0.01459360122680664,-0.027920507767703384,-43.46251142024994,-2.723936636363636,1258.0
14848,11,1311,29,0.0004092704424510632,0.07874450599774718,-0.00032700225710868835,0.042655077,0.9818190932273865,0.3250732421875,448,0.2,0.028005897998809814,-0.025631484779296443,-43.42629909515381,-2.723936636363636,1258.0
15360,11,1310,30,0.0004092704424510632,0.002511409213184379,-0.04065302386879921,0.012010727,0.9806200861930847,0.1820068359375,464,0.2,-0.55784010887146,-0.022505038999952376,-43.379064440727234,-2.7159526666666665,1258.0
15872,12,1310,31,0.0004092704424510632,0.1473216915037483,0.02043813094496727,0.021238966,0.9801572561264038,0.2257080078125,480,0.2,0.013527154922485352,-0.024440700566628948,-43.35209131240845,-2.7159526666666665,1258.0
16384,12,1309,32,0.0004092704424510632,0.004163830089964904,-0.038772884756326675,0.021174973,0.9827138185501099,0.2386474609375,496,0.2,-0.5193426609039307,-0.030450757913058624,-43.37134349346161,-2.716023538461538,1258.0
16896,12,1308,33,0.0004092704424510632,0.14590820879675448,0.017648614943027496,0.019351438,0.9826804399490356,0.203857421875,512,0.2,0.10116827487945557,-0.02404651485630893,-43.42955553531647,-2.716023538461538,1258.0
17408,13,1307,34,0.0004092704424510632,0.013183780596591532,-0.02856437675654888,0.019208983,0.9820799231529236,0.217041015625,528,0.2,-0.6255546808242798,-0.02577985312382225,-43.40575969219208,-2.716023538461538,1258.0
17920,13,1306,35,0.0004092704424510632,0.005491665760928299,-0.032313887029886246,0.014533542,0.9821664094924927,0.1986083984375,544,0.2,-0.22532439231872559,-0.020854814458289184,-43.3956173658371,-2.7088833571428568,1258.0
18432,14,1305,36,0.0004092704424510632,0.15887013636529446,0.02852754294872284,0.019584924,0.9819923043251038,0.2041015625,560,0.2,0.020447492599487305,-0.021455187525134534,-43.3917201757431,-2.7088833571428568,1258.0
18944,14,1305,37,0.0004092704424510632,0.006508723534352612,-0.037339501082897186,0.02189293,0.980834424495697,0.183349609375,576,0.2,-0.6082127094268799,-0.022889134066645056,-43.37119793891907,-2.7004501999999997,1258.0
19456,14,1304,38,0.0004092704424510632,0.1366358264349401,0.03220987319946289,0.022537578,0.9803473949432373,0.1806640625,592,0.2,0.22659814357757568,-0.024005536615732126,-43.33897423744202,-2.7004501999999997,1258.0
19968,15,1304,39,0.0004092704424510632,0.0025808622849581297,-0.039908986538648605,0.022330627,0.9787143468856812,0.2391357421875,608,0.2,-2.1445486545562744,-0.02475723637326155,-43.31060433387756,-2.7004501999999997,1258.0
20480,15,1303,40,0.0004092704424510632,0.009386515637743287,-0.027847211807966232,0.02186704,0.9764421582221985,0.2254638671875,624,0.2,0.08166992664337158,-0.0224408587673679,-43.248281478881836,-2.696801,1258.0
20992,16,1303,41,0.0004092704424510632,0.1269229887984693,0.018071386963129044,0.017548364,0.9764799475669861,0.1947021484375,640,0.2,0.13335859775543213,-0.02200654603075236,-43.20130395889282,-2.696801,1258.0
21504,16,1303,42,0.0004092704424510632,0.00796236782480264,-0.0195298008620739,0.011506691,0.975303590297699,0.15625,656,0.2,-3.3333606719970703,-0.018002370314206928,-43.19517648220062,-2.7083915294117644,1258.0
22016,16,1303,43,0.0004092704424510632,0.16258628712967038,0.05441238731145859,0.017145488,0.9732663035392761,0.1907958984375,672,0.2,0.15670114755630493,-0.0211424911103677,-43.141401171684265,-2.7083915294117644,1258.0
22528,17,1303,44,0.0004092704424510632,0.0035425120040599722,-0.04526029899716377,0.023461178,0.9715572595596313,0.2808837890625,688,0.2,-3.773442268371582,-0.030934499576687813,-43.07783305644989,-2.7083915294117644,1258.0
23040,17,1303,45,0.0004092704424510632,0.010034663384431042,-0.036152251064777374,0.029917873,0.9711796641349792,0.28515625,704,0.2,0.13100701570510864,-0.0282451699313242,-43.042309284210205,-2.696882,1258.0
23552,18,1302,46,0.0004092704424510632,0.1787703342270106,0.009787671267986298,0.022060027,0.9711660742759705,0.162841796875,720,0.2,0.1895872950553894,-0.023009732205537148,-43.036189913749695,-2.696882,1258.0
24064,18,1302,47,0.0004092704424510632,0.01448493184580002,-0.023650454357266426,0.013379481,0.9715863466262817,0.1649169921875,736,0.2,-3.6066293716430664,-0.017189860343933105,-43.03903150558472,-2.693802947368421,1258.0
24576,18,1302,48,0.0004092704424510632,0.2115687858313322,0.0372004359960556,0.02884154,0.9720196723937988,0.2681884765625,752,0.2,0.07620054483413696,-0.024836188633344136,-43.062692165374756,-2.693802947368421,1258.0
25088,19,1302,49,0.0004092704424510632,0.005121283822518308,-0.039388835430145264,0.02163821,0.9717641472816467,0.263916015625,768,0.2,-2.979290723800659,-0.024951165163656697,-43.06348395347595,-2.693802947368421,1258.0
25600,19,1301,50,0.0004092704424510632,0.010455581155838445,-0.024040434509515762,0.014979632,0.9700958728790283,0.2208251953125,784,0.2,0.14718890190124512,-0.023273508952115662,-43.032073974609375,-2.6945056,1258.0
26112,20,1300,51,0.0004092704424510632,0.18315329821780324,0.016070708632469177,0.015448559,0.9684818387031555,0.0963134765625,800,0.2,0.20434612035751343,-0.0156027927150717,-42.97684574127197,-2.6945056,1258.0
26624,20,1300,52,0.0004092704424510632,0.024848432978615165,-0.0228128582239151,0.017844994,0.9675902724266052,0.1728515625,816,0.2,-3.007223129272461,-0.020906451158225536,-42.93170094490051,-2.6859827619047616,1258.0
27136,20,1300,53,0.0004092704424510632,0.23064838629215956,0.05369731783866882,0.018283557,0.9669278264045715,0.1688232421875,832,0.2,0.3928103446960449,-0.019416756491409615,-42.91064655780792,-2.6859827619047616,1258.0
27648,21,1300,54,0.0004092704424510632,0.0336824445403181,-0.029852895066142082,0.022643197,0.9671281576156616,0.178955078125,848,0.2,-2.6336405277252197,-0.025249718317354564,-42.90024423599243,-2.6859827619047616,1258.0
28160,21,1300,55,0.0004092704424510632,0.04583489301148802,-0.02955492213368416,0.024359424,0.966105043888092,0.2481689453125,864,0.2,0.5989259481430054,-0.027934785175602883,-42.89254975318909,-2.6919750454545452,1258.0
28672,22,1299,56,0.0004092704424510632,0.12440230208449066,0.0037606917321681976,0.05055797,0.96572345495224,0.33251953125,880,0.2,0.5681605935096741,-0.026815387507667765,-42.862173199653625,-2.6919750454545452,1258.0
29184,22,1299,57,0.0004092704424510632,0.011294552270555869,-0.030765127390623093,0.018785562,0.9667505025863647,0.1973876953125,896,0.2,-3.415468692779541,-0.020238108358171303,-42.86733031272888,-2.687028956521739,1258.0
29696,22,1298,58,0.0004092704424510632,0.21795321675017476,0.05094094201922417,0.01808312,0.9667743444442749,0.156005859375,912,0.2,0.14934462308883667,-0.01691292121540755,-42.89788377285004,-2.687028956521739,1258.0
30208,23,1298,59,0.0004092704424510632,0.007195802594651468,-0.03426916524767876,0.019725312,0.9671991467475891,0.250732421875,928,0.2,-0.2501610517501831,-0.02452275982068386,-42.898191690444946,-2.684952416666667,1258.0
30720,23,1298,60,0.0004092704424510632,0.2760167238302529,0.07334806770086288,0.022750432,0.9669943451881409,0.1688232421875,944,0.2,0.08683055639266968,-0.0169695200456772,-42.90100049972534,-2.684952416666667,1258.0
31232,24,1298,61,0.0004092704424510632,0.018682339636143297,-0.032992441207170486,0.016062234,0.966532826423645,0.22998046875,960,0.2,-2.637115478515625,-0.02573709016724024,-42.89054834842682,-2.684952416666667,1258.0
31744,24,1297,62,0.0004092704424510632,0.003516629381920211,-0.028582142665982246,0.014542947,0.967147946357727,0.197998046875,976,0.2,-0.08048379421234131,-0.021237173947156407,-42.888293862342834,-2.6938624800000004,1258.0
32256,24,1296,63,0.0004092704424510632,0.29265861911699176,0.05145451799035072,0.016268574,0.9665537476539612,0.1455078125,992,0.2,0.06228947639465332,-0.01910444549866952,-42.896297335624695,-2.6938624800000004,1258.0
32768,25,1296,64,0.0004092704424510632,0.006717185155139305,-0.03885700926184654,0.013446869,0.9685400724411011,0.1959228515625,1008,0.2,-3.9656405448913574,-0.02080900855071377,-42.90428566932678,-2.6896463846153846,1258.0
33280,25,1296,65,0.0004092704424510632,0.3078355793841183,0.06393337994813919,0.01431615,0.9701080322265625,0.069580078125,1024,0.2,0.1280234456062317,-0.013403239179751836,-42.9804744720459,-2.6896463846153846,1258.0
33792,26,1296,66,0.0004092704424510632,0.006961874005355639,-0.032587092369794846,0.019467745,0.9701232314109802,0.2462158203125,1040,0.2,-11.793547630310059,-0.026058158720843494,-43.00825846195221,-2.6896463846153846,1258.0
34304,26,1296,67,0.0004092704424510632,0.009790339696337469,-0.03865049034357071,0.02048336,0.9713677167892456,0.2421875,1056,0.2,0.05758637189865112,-0.025631880125729367,-43.017521142959595,-2.6900073333333334,1258.0
34816,26,1296,68,0.0004092704424510632,0.4114287127740681,0.05428938567638397,0.032743532,0.9719215631484985,0.2869873046875,1072,0.2,0.07029831409454346,-0.030150552687700838,-43.05200457572937,-2.6900073333333334,1258.0
35328,27,1296,69,0.0004092704424510632,0.015180872680502944,-0.01716952957212925,0.018439747,0.9705158472061157,0.2261962890625,1088,0.2,-2.4943437576293945,-0.022701487148879096,-43.03996241092682,-2.684924642857143,1258.0
35840,27,1295,70,0.0004092704424510632,0.37145521538332105,0.05545178800821304,0.026341364,0.9703482985496521,0.2210693359375,1104,0.2,0.19838941097259521,-0.025994127994636074,-43.00390887260437,-2.684924642857143,1258.0
36352,28,1295,71,0.0004092704424510632,0.009837111163506052,-0.03393259271979332,0.018481668,0.9704720377922058,0.230712890625,1120,0.2,-13.696300506591797,-0.024467875497066416,-43.005775809288025,-2.684924642857143,1258.0
36864,28,1295,72,0.0004092704424510632,0.008156162555678748,-0.036241788417100906,0.016180672,0.9714785814285278,0.2626953125,1136,0.2,0.13027995824813843,-0.02758423879276961,-43.0199111700058,-2.684828034482759,1258.0
37376,28,1295,73,0.0004092704424510632,0.43674189411103725,0.07299169898033142,0.012622161,0.971435546875,0.0814208984375,1152,0.2,0.07994610071182251,-0.014066409326915164,-43.04223680496216,-2.684828034482759,1258.0
37888,29,1295,74,0.0004092704424510632,0.024496168742189184,-0.031172694638371468,0.021813694,0.9701981544494629,0.2286376953125,1168,0.2,-2.9764857292175293,-0.02860560201224871,-43.016128182411194,-2.677025766666667,1258.0
38400,29,1295,75,0.0004092704424510632,0.4837865708395839,0.10711778700351715,0.017187607,0.969845175743103,0.197509765625,1184,0.2,0.08071792125701904,-0.019386094936635345,-42.9888916015625,-2.677025766666667,1258.0
38912,30,1295,76,0.0004092704424510632,0.005755475172918523,-0.024739142507314682,0.021901015,0.9722824692726135,0.2288818359375,1200,0.2,-7.02777099609375,-0.02411777821544092,-43.01051127910614,-2.677025766666667,1258.0
39424,30,1295,77,0.0004092704424510632,0.009739208151586354,-0.04148253798484802,0.018992037,0.9728714823722839,0.2589111328125,1216,0.2,0.14738601446151733,-0.027326476643793285,-43.07591104507446,-2.677418741935484,1258.0
39936,30,1295,78,0.0004092704424510632,0.40929881297051907,0.03196829929947853,0.020626947,0.972654402256012,0.1630859375,1232,0.2,0.1051831841468811,-0.017898711914313026,-43.07147443294525,-2.677418741935484,1258.0
40448,31,1295,79,0.0004092704424510632,0.04637802438810468,-0.01203558873385191,0.015498828,0.9721679091453552,0.157958984375,1248,0.2,-3.1852431297302246,-0.016575237721554004,-43.06292116641998,-2.6715800625,1258.0
40960,31,1295,80,0.0004092704424510632,0.5050668194890022,0.12734633684158325,0.023340754,0.9717239737510681,0.1766357421875,1264,0.2,0.2500658631324768,-0.02252069667883916,-43.04202222824097,-2.6715800625,1258.0
41472,32,1295,81,0.0004092704424510632,0.014987469403422438,-0.04253828153014183,0.020110777,0.9734541177749634,0.2855224609375,1280,0.2,-4.6405110359191895,-0.032006336376070976,-43.057053565979004,-2.6715800625,1258.0
41984,32,1295,82,0.0004092704424510632,0.010416537741548382,-0.020956724882125854,0.017172247,0.9743816256523132,0.2452392578125,1296,0.2,0.22050529718399048,-0.021319012499589007,-43.11009979248047,-2.6738358787878784,1258.0
42496,32,1294,83,0.0004092704424510632,0.2606923943385482,0.03314647078514099,0.01962689,0.9741817116737366,0.1673583984375,1312,0.2,0.25730979442596436,-0.01747144643741194,-43.115514039993286,-2.6738358787878784,1258.0
43008,33,1294,84,0.0004092704424510632,0.051048049179371446,-0.019411180168390274,0.020454533,0.9747880101203918,0.1776123046875,1328,0.2,-3.0612192153930664,-0.01847008222830482,-43.114128828048706,-2.6746234999999996,1258.0
43520,33,1294,85,0.0004092704424510632,0.4438321078196168,0.10372915118932724,0.01388557,0.9749202728271484,0.115478515625,1344,0.2,0.17062169313430786,-0.016042545626987703,-43.13296294212341,-2.6746234999999996,1258.0
44032,34,1294,86,0.0004092704424510632,0.050914423423819244,-0.017471028491854668,0.025800891,0.9727422595024109,0.258544921875,1360,0.2,0.19703686237335205,-0.02721248910529539,-43.103967905044556,-2.6744374571428566,1258.0
44544,34,1294,87,0.0004092704424510632,0.4019892606884241,0.11958528310060501,0.014607979,0.9723166823387146,0.0692138671875,1376,0.2,0.5747362375259399,-0.012323963193921372,-43.04633128643036,-2.6744374571428566,1258.0
45056,34,1294,88,0.0004092704424510632,0.008480487042106688,-0.026776054874062538,0.021573592,0.9724956750869751,0.2451171875,1392,0.2,-16.652170181274414,-0.024105908738420112,-43.049341797828674,-2.6744374571428566,1258.0
45568,35,1295,89,0.0004092704424510632,0.002912403218942927,-0.027338450774550438,0.016586864,0.972973108291626,0.240234375,1408,0.2,-0.0036122798919677734,-0.024643427117553074,-43.05854892730713,-2.677789166666666,1258.0
46080,35,1295,90,0.0004092704424510632,0.6080898297950625,0.08439707010984421,0.01269179,0.9733783006668091,0.0916748046875,1424,0.2,0.05633610486984253,-0.016340621194103733,-43.0731440782547,-2.677789166666666,1258.0
46592,35,1295,91,0.0004092704424510632,0.025820497481618077,-0.0202191099524498,0.018438645,0.9726971983909607,0.2391357421875,1440,0.2,-0.6282238960266113,-0.024484577355906367,-43.07133507728577,-2.6749918918918913,1258.0
47104,36,1295,92,0.0004092704424510632,0.4140255185775459,0.1521705687046051,0.014945701,0.9728263020515442,0.1046142578125,1456,0.2,0.5338230729103088,-0.018030791252385825,-43.05154490470886,-2.6749918918918913,1258.0
47616,36,1294,93,0.0004092704424510632,0.010217386494332459,-0.037572965025901794,0.021403292,0.976408839225769,0.2337646484375,1472,0.2,-16.34171485900879,-0.029799513475154527,-43.09959948062897,-2.6749918918918913,1258.0
48128,37,1294,94,0.0004092704424510632,0.010601630754536018,-0.04172753542661667,0.022043224,0.9761695265769958,0.26708984375,1488,0.2,0.031177639961242676,-0.02768852982262615,-43.18417727947235,-2.67503747368421,1258.0
48640,37,1294,95,0.0004092704424510632,0.7128256838768721,0.15812896192073822,0.009590039,0.9759304523468018,0.05078125,1504,0.2,0.055530548095703125,-0.010625246999552473,-43.15541434288025,-2.67503747368421,1258.0
49152,37,1294,96,0.0004092704424510632,0.0570786987664178,-0.03537173196673393,0.024359776,0.9749109148979187,0.277099609375,1520,0.2,-0.6826363801956177,-0.0315856559027452,-43.14663279056549,-2.6740803076923076,1258.0
49664,38,1294,97,0.0004092704424510632,0.5568983806297183,0.20962199568748474,0.015196271,0.9737042188644409,0.0941162109375,1536,0.2,0.5014710426330566,-0.012017456159810536,-43.106345534324646,-2.6740803076923076,1258.0
50176,38,1294,98,0.0004092704424510632,0.00833691217849264,-0.03831782191991806,0.017834961,0.9753676652908325,0.2451171875,1552,0.2,-10.568706512451172,-0.02812627404637169,-43.10449683666229,-2.6740803076923076,1258.0
50688,39,1294,99,0.0004092704424510632,0.01038918984704651,-0.037463702261447906,0.028642984,0.9759944081306458,0.2862548828125,1568,0.2,0.11787724494934082,-0.02740292766247876,-43.15642559528351,-2.669577275,1258.0
51200,39,1293,100,0.0004092704424510632,0.3953822157345712,0.07126815617084503,0.010522583,0.9762495160102844,0.086669921875,1584,0.2,0.19007271528244019,-0.013994315406307578,-43.163832664489746,-2.669577275,1258.0
51712,39,1293,101,0.0004092704424510632,0.03147322061704472,-0.02333887107670307,0.018071998,0.9785851836204529,0.2113037109375,1600,0.2,-1.4294309616088867,-0.02296141898841597,-43.19801104068756,-2.673595512195122,1258.0
52224,40,1293,102,0.0004092704424510632,0.36814515106379986,0.11778564751148224,0.017336287,0.9793129563331604,0.116455078125,1616,0.2,0.5112220048904419,-0.015774861443787813,-43.25813150405884,-2.673595512195122,1258.0
52736,40,1293,103,0.0004092704424510632,0.015295514182071202,-0.037652384489774704,0.018078394,0.9796119332313538,0.2154541015625,1632,0.2,-6.222124099731445,-0.02307761608972214,-43.26842129230499,-2.673595512195122,1258.0
53248,41,1293,104,0.0004092704424510632,0.012931499193655327,-0.039853520691394806,0.019115662,0.9793401956558228,0.286865234375,1648,0.2,0.10091471672058105,-0.029762927428237163,-43.263052582740784,-2.6746591904761905,1258.0
53760,41,1293,105,0.0004092704424510632,0.37922361795790493,0.06416691839694977,0.015993126,0.9798905253410339,0.0850830078125,1664,0.2,0.1797480583190918,-0.014759918401978211,-43.26769959926605,-2.6746591904761905,1258.0
54272,41,1293,106,0.0004092704424510632,0.04998980718664825,-0.02052924409508705,0.021514408,0.9794427156448364,0.21435546875,1680,0.2,-1.3252248764038086,-0.022369912097929046,-43.27457582950592,-2.674039674418605,1258.0
54784,42,1293,107,0.0004092704424510632,0.3702117446810007,0.08344926685094833,0.018194908,0.9791672229766846,0.1353759765625,1696,0.2,0.4639667868614197,-0.024790702169411816,-43.24978542327881,-2.674039674418605,1258.0
55296,42,1293,108,0.0004092704424510632,0.021904506953433156,-0.024468928575515747,0.022570403,0.978511393070221,0.271728515625,1712,0.2,-1.9287753105163574,-0.027154115407029167,-43.23880338668823,-2.674039674418605,1258.0
55808,43,1293,109,0.0004092704424510632,0.015408748091431335,-0.03599398955702782,0.021878887,0.9767353534698486,0.275390625,1728,0.2,0.15039032697677612,-0.026733750622952357,-43.20285713672638,-2.6776672272727278,1258.0
56320,43,1293,110,0.0004092704424510632,0.29128409503027797,0.01762382686138153,0.016417813,0.9767210483551025,0.098876953125,1744,0.2,0.35958224534988403,-0.01443534775171429,-43.17335271835327,-2.6776672272727278,1258.0
56832,43,1292,111,0.0004092704424510632,0.04544870147947222,-0.01536726113408804,0.022299206,0.9751179218292236,0.251220703125,1760,0.2,-2.3039958477020264,-0.023823434283258393,-43.157421469688416,-2.6762371777777783,1258.0
57344,44,1292,112,0.0004092704424510632,0.39295548805966973,0.09327329695224762,0.0103507945,0.9744746088981628,0.0401611328125,1776,0.2,0.4209705591201782,-0.010006400814745575,-43.112804651260376,-2.6762371777777783,1258.0
57856,44,1292,113,0.0004092704424510632,0.010196018090937287,-0.04363204911351204,0.017107159,0.9738397002220154,0.234619140625,1792,0.2,-1.3113808631896973,-0.024621810065582395,-43.096797466278076,-2.6762371777777783,1258.0
58368,45,1292,114,0.0004092704424510632,0.027404234395362437,-0.02719259262084961,0.016346758,0.9717776775360107,0.2344970703125,1808,0.2,0.4839046597480774,-0.026274677220499143,-43.06046426296234,-2.673401434782609,1258.0
58880,45,1292,115,0.0004092704424510632,0.29422911209985614,0.03270396217703819,0.029409468,0.9715074300765991,0.2208251953125,1824,0.2,0.31899672746658325,-0.023919483937788755,-43.013643860816956,-2.673401434782609,1258.0
59392,45,1292,116,0.0004092704424510632,0.10406948253512383,0.004638476297259331,0.016317416,0.9718247652053833,0.147216796875,1840,0.2,-2.5012106895446777,-0.017710322557832114,-43.01584053039551,-2.6711516170212772,1258.0
59904,46,1292,117,0.0004092704424510632,0.6086374577134848,0.15357445180416107,0.01063285,0.971779465675354,0.05322265625,1856,0.2,0.19558775424957275,-0.014135132820229046,-43.02289700508118,-2.6711516170212772,1258.0
60416,46,1292,118,0.0004092704424510632,0.007781850596074946,-0.03855838254094124,0.017368235,0.9725936055183411,0.241943359375,1872,0.2,-5.293533802032471,-0.024909346393542364,-43.028337478637695,-2.6719170208333334,1258.0
60928,47,1292,119,0.0004092704424510632,0.7848173109814525,0.1764475405216217,0.010024034,0.972914457321167,0.0712890625,1888,0.2,0.10820561647415161,-0.015995984023902565,-43.05055832862854,-2.6719170208333334,1258.0
61440,47,1292,120,0.0004092704424510632,0.012027579432469793,-0.040087148547172546,0.017242167,0.9721515774726868,0.1903076171875,1904,0.2,-7.723065376281738,-0.020975817998987623,-43.04400622844696,-2.6719170208333334,1258.0
61952,47,1292,121,0.0004092704424510632,0.0071659878885839134,-0.0453207902610302,0.02072578,0.9717127680778503,0.2987060546875,1920,0.2,0.027308225631713867,-0.029091496107866988,-43.01491320133209,-2.670782510204081,1258.0
62464,48,1292,122,0.0004092704424510632,0.734406016767025,0.12121717631816864,0.015319819,0.9714223742485046,0.1087646484375,1936,0.2,0.048268258571624756,-0.015844240959268063,-43.00526022911072,-2.670782510204081,1258.0
62976,48,1292,123,0.0004092704424510632,0.029305284784641117,-0.033543430268764496,0.020065047,0.9709199070930481,0.239013671875,1952,0.2,-1.4347686767578125,-0.023239387170178816,-42.9937846660614,-2.66793546,1258.0
63488,49,1292,124,0.0004092704424510632,0.4673386085778475,0.2113252729177475,0.025864962,0.9708565473556519,0.1337890625,1968,0.2,0.5000799298286438,-0.0153020515863318,-42.97995376586914,-2.66793546,1258.0
64000,49,1292,125,0.0004092704424510632,0.0028939163639734033,-0.025986259803175926,0.018926278,0.9702014923095703,0.258544921875,1984,0.2,-6.5745697021484375,-0.02699493570253253,-42.971296548843384,-2.66793546,1258.0
64512,49,1292,126,0.0004092704424510632,0.009670475526945665,-0.03268520534038544,0.02242789,0.9715315103530884,0.308837890625,2000,0.2,0.09114742279052734,-0.031441152619663626,-42.97202956676483,-2.6677567843137258,1258.0
65024,50,1292,127,0.0004092704424510632,0.44149981485679746,0.09263341128826141,0.022502929,0.9721086025238037,0.115478515625,2016,0.2,0.21609985828399658,-0.019397116808249848,-43.00998938083649,-2.6677567843137258,1258.0
65536,50,1292,128,0.0004092704424510632,0.026233163196593523,-0.03732950612902641,0.021571187,0.971314549446106,0.2777099609375,2032,0.2,-2.117095470428467,-0.027283667062874883,-43.01048719882965,-2.6693639615384614,1258.0
66048,51,1292,129,0.0004092704424510632,0.4640724193304777,0.09254198521375656,0.010788277,0.97103351354599,0.05322265625,2048,0.2,0.37169361114501953,-0.008943497741711326,-42.985543727874756,-2.6693639615384614,1258.0
66560,51,1292,130,0.0004092704424510632,0.011671707310597412,-0.033668819814920425,0.018597255,0.9706695675849915,0.2193603515625,2064,0.2,-12.745515823364258,-0.024796397716272622,-42.980594515800476,-2.6693639615384614,1258.0
67072,51,1292,131,0.0004092704424510632,0.011563928739633411,-0.043450433760881424,0.028842133,0.9729557037353516,0.3026123046875,2080,0.2,0.06933879852294922,-0.02914677042281255,-43.00146746635437,-2.6650746603773587,1258.0
67584,52,1292,132,0.0004092704424510632,0.6376620470546186,0.08065085113048553,0.016287649,0.9735830426216125,0.1131591796875,2096,0.2,0.09570956230163574,-0.021727615559939295,-43.06054508686066,-2.6650746603773587,1258.0
68096,52,1292,133,0.0004092704424510632,0.037010748812463135,-0.019351407885551453,0.020459868,0.972512423992157,0.26611328125,2112,0.2,-2.567890167236328,-0.027614238468231633,-43.0521045923233,-2.668216740740741,1258.0
68608,53,1292,134,0.0004092704424510632,0.42301147151738405,0.07659031450748444,0.018666543,0.9719603061676025,0.165283203125,2128,0.2,0.29740065336227417,-0.016752223746152595,-43.01892602443695,-2.668216740740741,1258.0
69120,53,1292,135,0.0004092704424510632,0.003592320244933944,-0.026799481362104416,0.017302953,0.972490668296814,0.27490234375,2144,0.2,-9.670066833496094,-0.023215703840833157,-43.018672823905945,-2.668216740740741,1258.0
69632,53,1292,136,0.0004092704424510632,0.009257921992684714,-0.02369554340839386,0.015365577,0.9749272465705872,0.2462158203125,2160,0.2,0.15764117240905762,-0.0258739092387259,-43.06135082244873,-2.668383036363637,1258.0
70144,54,1292,137,0.0004092704424510632,0.5515938843600452,0.0326385498046875,0.018672127,0.9757199287414551,0.139892578125,2176,0.2,0.2103213667869568,-0.015197447646642104,-43.121734619140625,-2.668383036363637,1258.0
70656,54,1292,138,0.0004092704424510632,0.017898302292451262,-0.02412831224501133,0.01827054,0.976058840751648,0.2239990234375,2192,0.2,-3.9170336723327637,-0.02211462231935002,-43.12981152534485,-2.6685598928571426,1258.0
71168,55,1292,139,0.0004092704424510632,0.8362758257426322,0.08628299832344055,0.017207067,0.9759975075721741,0.1544189453125,2208,0.2,0.04238557815551758,-0.020296956121455878,-43.139557242393494,-2.6685598928571426,1258.0
71680,55,1292,140,0.0004092704424510632,0.036660774378106,-0.025274693965911865,0.021179851,0.9756022095680237,0.2816162109375,2224,0.2,-0.4293249845504761,-0.027650103816995397,-43.125582575798035,-2.6685598928571426,1258.0
72192,55,1292,141,0.0004092704424510632,0.0630795817123726,-0.01142161339521408,0.012881964,0.9765534996986389,0.221435546875,2240,0.2,0.547714114189148,-0.02654957126651425,-43.13181734085083,-2.669696087719298,1258.0
72704,56,1292,142,0.0004092704424510632,0.30356313404627144,0.0014532208442687988,0.031508513,0.9769208431243896,0.225830078125,2256,0.2,0.4508972764015198,-0.02309454622445628,-43.1535964012146,-2.669696087719298,1258.0
73216,56,1292,143,0.0004092704424510632,0.031065794581081718,-0.025882111862301826,0.031434786,0.9780790209770203,0.283935546875,2272,0.2,-3.140284538269043,-0.02736351959174499,-43.16783058643341,-2.668236775862069,1258.0
73728,57,1292,144,0.0004092704424510632,0.7595498329028487,0.14102420210838318,0.011047486,0.9785448312759399,0.0916748046875,2288,0.2,0.2939242720603943,-0.009960705850971863,-43.20051550865173,-2.668236775862069,1258.0
74240,57,1291,145,0.0004092704424510632,0.010563868359895423,-0.02684182859957218,0.019825913,0.9791527390480042,0.2723388671875,2304,0.2,-1.8049423694610596,-0.025164449267322198,-43.209816455841064,-2.667707152542373,1258.0
74752,57,1291,146,0.0004092704424510632,0.8427194077521563,0.18746113777160645,0.013387801,0.9791725873947144,0.0848388671875,2320,0.2,0.2881782650947571,-0.010155751704587601,-43.22984480857849,-2.667707152542373,1258.0
75264,58,1291,147,0.0004092704424510632,0.010670739153283648,-0.04827863723039627,0.01753699,0.9785792827606201,0.2794189453125,2336,0.2,-8.811456680297852,-0.02934363973326981,-43.217716097831726,-2.667707152542373,1258.0
75776,0,3883,1,0.0004092704424510632,0.0023613773519173265,-0.02685641124844551,0.013004351,0.9760020971298218,0.170654296875,2352,0.2,-0.06627905368804932,-0.01749528362415731,-43.168396949768066,-2.6679494333333333,1258.0
76288,0,1890,2,0.0004092704424510632,1.0534672904759645,0.14916320145130157,0.011950996,0.9751932621002197,0.0648193359375,2368,0.2,0.08715742826461792,-0.012010576712782495,-43.10704529285431,-2.6679494333333333,1258.0
76800,0,1632,3,0.0004092704424510632,0.018707973504206166,-0.02814256027340889,0.014431486,0.9724456071853638,0.2098388671875,2384,0.2,-2.9344418048858643,-0.022320000105537474,-43.0660365819931,-2.6666381475409837,1258.0
77312,1,1528,4,0.0004092704424510632,0.7946336772292852,0.19357353448867798,0.011925882,0.9712296724319458,0.0706787109375,2400,0.2,0.18258368968963623,-0.01075263174425345,-42.98514437675476,-2.6666381475409837,1258.0
77824,1,1470,5,0.0004092704424510632,0.004794256346940529,-0.026504527777433395,0.018556863,0.9696813225746155,0.2672119140625,2416,0.2,-9.259641647338867,-0.02203245232522022,-42.953938603401184,-2.6666381475409837,1258.0
78336,2,1434,6,0.0004092704424510632,0.0063937159211491235,-0.02237950824201107,0.017197223,0.9696194529533386,0.2464599609375,2432,0.2,0.08345043659210205,-0.022534526244271547,-42.91809701919556,-2.6632257096774197,1258.0
78848,2,1409,7,0.0004092704424510632,0.7959746392443776,0.23577378690242767,0.014477381,0.9696287512779236,0.1024169921875,2448,0.2,0.1416880488395691,-0.016810517190606333,-42.925376772880554,-2.6632257096774197,1258.0
79360,2,1391,8,0.0004092704424510632,0.03789740090724081,-0.014927497133612633,0.018295363,0.9713768362998962,0.2427978515625,2464,0.2,-2.533728837966919,-0.02307672842289321,-42.942012429237366,-2.6604635555555562,1258.0
79872,3,1380,9,0.0004092704424510632,0.6745647890493274,0.1648656278848648,0.009426927,0.9718161821365356,0.0377197265625,2480,0.2,0.38541704416275024,-0.010142774612177163,-42.9905549287796,-2.6604635555555562,1258.0
80384,3,1369,10,0.0004092704424510632,0.0031855918750807177,-0.0250942911952734,0.01884915,0.9736999273300171,0.2784423828125,2496,0.2,-8.18848991394043,-0.024574836905230768,-43.01154363155365,-2.6604635555555562,1258.0
80896,4,1361,11,0.0004092704424510632,0.008670124458149076,-0.03387719392776489,0.016570926,0.9752713441848755,0.2711181640625,2512,0.2,0.1443699598312378,-0.026975535147357732,-43.06713092327118,-2.6577638749999997,1258.0
81408,4,1354,12,0.0004092704424510632,0.9747709082439542,0.158532053232193,0.008831556,0.9760251045227051,0.036376953125,2528,0.2,0.213623046875,-0.007543976986198686,-43.10998201370239,-2.6577638749999997,1258.0
81920,4,1349,13,0.0004092704424510632,0.056793536641635,-0.023043841123580933,0.023363616,0.9757227897644043,0.2005615234375,2544,0.2,-2.592376232147217,-0.01848336259718053,-43.11905479431152,-2.655767261538461,1258.0
82432,5,1344,14,0.0004092704424510632,0.7558237761259079,0.1828063726425171,0.010539017,0.9754188060760498,0.10205078125,2560,0.2,0.23520416021347046,-0.013240416534245014,-43.11040449142456,-2.655767261538461,1258.0
82944,5,1339,15,0.0004092704424510632,0.004321009786508512,-0.024866588413715363,0.013892313,0.9763109683990479,0.201171875,2576,0.2,-4.743306636810303,-0.02063271291262936,-43.11654818058014,-2.655767261538461,1258.0
83456,6,1334,16,0.0004092704424510632,0.012119443650590256,-0.027759987860918045,0.018176656,0.9761912822723389,0.2532958984375,2592,0.2,0.16271865367889404,-0.022459086845628917,-43.137385845184326,-2.6558006515151513,1258.0
83968,6,1330,17,0.0004092704424510632,0.8733064280822873,0.10576154291629791,0.014967009,0.9760421514511108,0.09521484375,2608,0.2,0.2425074577331543,-0.015256363491062075,-43.12821626663208,-2.6558006515151513,1258.0
84480,6,1328,18,0.0004092704424510632,0.061879488348495215,-0.021157359704375267,0.020308781,0.9765538573265076,0.21484375,2624,0.2,-2.344022274017334,-0.022219191610929556,-43.13108706474304,-2.656915537313433,1258.0
84992,7,1326,19,0.0004092704424510632,0.9941303161904216,0.13400639593601227,0.009026023,0.9768970608711243,0.0455322265625,2640,0.2,0.18830060958862305,-0.007365202691289596,-43.14479959011078,-2.656915537313433,1258.0
85504,7,1323,20,0.0004092704424510632,0.03313499368960038,-0.01888858526945114,0.021420047,0.9776150584220886,0.305419921875,2656,0.2,-0.1998809576034546,-0.031005197030026466,-43.15839505195618,-2.656915537313433,1258.0
86016,8,1320,21,0.0004092704424510632,0.031005346798337996,-0.02485170029103756,0.016506819,0.9795981645584106,0.2645263671875,2672,0.2,0.3754904270172119,-0.026647788763511926,-43.195191740989685,-2.6552451029411763,1258.0
86528,8,1317,22,0.0004092704424510632,0.37966438313014805,0.03424247354269028,0.019993482,0.9805546402931213,0.133056640625,2688,0.2,0.4201028347015381,-0.01693689434614498,-43.24530601501465,-2.6552451029411763,1258.0
87040,8,1315,23,0.0004092704424510632,0.04975462949369103,-0.011111490428447723,0.021085527,0.9808664917945862,0.224853515625,2704,0.2,-3.921623706817627,-0.021486049488885328,-43.2683767080307,-2.6557262898550724,1258.0
87552,9,1312,24,0.0004092704424510632,0.6805271347984672,0.09299556910991669,0.01567595,0.9807055592536926,0.089599609375,2720,0.2,0.31125348806381226,-0.015049985915538855,-43.26785862445831,-2.6557262898550724,1258.0
88064,9,1310,25,0.0004092704424510632,0.0673150127986446,-0.016722429543733597,0.025514606,0.979141116142273,0.322509765625,2736,0.2,0.31328874826431274,-0.027847391800605692,-43.24600923061371,-2.654764285714286,1258.0
88576,10,1309,26,0.0004092704424510632,0.6576406350359321,0.18634428083896637,0.023326956,0.9786497950553894,0.1337890625,2752,0.2,0.538544774055481,-0.018261791883560363,-43.20595359802246,-2.654764285714286,1258.0
89088,10,1306,27,0.0004092704424510632,0.010661815125786234,-0.02351316809654236,0.021055069,0.9771702289581299,0.2412109375,2768,0.2,-20.53514862060547,-0.019961914425948635,-43.18440914154053,-2.654764285714286,1258.0
89600,10,1305,28,0.0004092704424510632,0.0028295785887166858,-0.04699108004570007,0.021895614,0.9773474931716919,0.28515625,2784,0.2,-0.024834036827087402,-0.029934520745882764,-43.151147961616516,-2.655421,1258.0
90112,11,1304,29,0.0004092704424510632,1.2691173860803246,0.09906915575265884,0.008302325,0.9775621891021729,0.0643310546875,2800,0.2,0.08458507061004639,-0.009982426941860467,-43.16330528259277,-2.655421,1258.0
90624,11,1303,30,0.0004092704424510632,0.025514117907732725,-0.030046869069337845,0.021516323,0.9779800772666931,0.2467041015625,2816,0.2,-5.159481048583984,-0.025713613780681044,-43.17374563217163,-2.654097833333333,1258.0
91136,12,1302,31,0.0004092704424510632,0.9686194323003292,0.18911239504814148,0.014601177,0.9779526591300964,0.0947265625,2832,0.2,0.08820068836212158,-0.017320570899755694,-43.18080174922943,-2.654097833333333,1258.0
91648,12,1301,32,0.0004092704424510632,0.0052337806882860605,-0.030899375677108765,0.02170312,0.9781730771064758,0.2579345703125,2848,0.2,-12.548852920532227,-0.024531690127332695,-43.17947041988373,-2.654097833333333,1258.0
92160,12,1300,33,0.0004092704424510632,0.009391728628543206,-0.03545641154050827,0.028835375,0.9776560068130493,0.3271484375,2864,0.2,0.04928070306777954,-0.02711698375060223,-43.17321276664734,-2.652602684931507,1258.0
92672,13,1300,34,0.0004092704424510632,1.0004928791895509,0.11733207106590271,0.016821595,0.9774119853973389,0.1104736328125,2880,0.2,0.13542383909225464,-0.021154432790353894,-43.15540587902069,-2.652602684931507,1258.0
93184,13,1299,35,0.0004092704424510632,0.07054846698883921,-0.015715166926383972,0.017517392,0.9775717854499817,0.186767578125,2896,0.2,-1.957334280014038,-0.019834619772154838,-43.152846455574036,-2.65059522972973,1258.0
93696,14,1299,36,0.0004092704424510632,0.6911365352571011,0.13344033062458038,0.011451735,0.9773048162460327,0.065185546875,2912,0.2,0.5161905288696289,-0.008115404314594343,-43.14935791492462,-2.65059522972973,1258.0
94208,14,1298,37,0.0004092704424510632,0.007089793492923491,-0.03180487081408501,0.017451584,0.9763047099113464,0.2667236328125,2928,0.2,-8.429804801940918,-0.026236707723001018,-43.12947344779968,-2.65059522972973,1258.0
94720,14,1298,38,0.0004092704424510632,0.010075535043142736,-0.02842499502003193,0.018554552,0.9773769378662109,0.2633056640625,2944,0.2,0.09039574861526489,-0.026984713957062922,-43.12700808048248,-2.6507508533333333,1258.0
95232,15,1297,39,0.0004092704424510632,0.9058886473067105,0.19620434939861298,0.01272529,0.9778510332107544,0.0682373046875,2960,0.2,0.1398795247077942,-0.018385130708338693,-43.15702509880066,-2.6507508533333333,1258.0
95744,15,1297,40,0.0004092704424510632,0.06748212489765137,-0.009781153872609138,0.018158482,0.9782479405403137,0.2261962890625,2976,0.2,-1.1278598308563232,-0.021895834390306845,-43.16637980937958,-2.649733657894737,1258.0
96256,16,1297,41,0.0004092704424510632,0.9056886974722147,0.14249274134635925,0.013009698,0.9781572222709656,0.089599609375,2992,0.2,0.4493475556373596,-0.014020792688825168,-43.1740198135376,-2.649733657894737,1258.0
96768,16,1297,42,0.0004092704424510632,0.008175707982445601,-0.04039492458105087,0.020156097,0.9775874018669128,0.267333984375,3008,0.2,-3.577989101409912,-0.02771486373967491,-43.16132390499115,-2.649733657894737,1258.0
97280,16,1297,43,0.0004092704424510632,0.011010749702109024,-0.020500915125012398,0.014436509,0.9782218933105469,0.24462890625,3024,0.2,0.09916448593139648,-0.021876448416151106,-43.15814447402954,-2.6502281818181816,1258.0
97792,17,1296,44,0.0004092704424510632,1.2345080547966063,0.13312171399593353,0.008623593,0.9780848026275635,0.0528564453125,3040,0.2,0.11513131856918335,-0.008682044339366257,-43.16787910461426,-2.6502281818181816,1258.0
98304,17,1295,45,0.0004092704424510632,0.06211565400008112,-0.03849609196186066,0.02475895,0.9767329096794128,0.246337890625,3056,0.2,-1.9259374141693115,-0.027793382498202845,-43.151315689086914,-2.6501287948717946,1258.0
98816,18,1295,46,0.0004092704424510632,0.6905989143997431,0.1970180869102478,0.025632288,0.9765565395355225,0.1905517578125,3072,0.2,0.3141133189201355,-0.0197116180206649,-43.11620485782623,-2.6501287948717946,1258.0
99328,18,1294,47,0.0004092704424510632,0.011784039583289996,-0.02582596056163311,0.021109479,0.9762477874755859,0.2763671875,3088,0.2,-0.7718713283538818,-0.02972978308389429,-43.117573499679565,-2.6501287948717946,1258.0
99840,18,1294,48,0.0004092704424510632,0.019355077587533742,-0.035110779106616974,0.0227295,0.9737533926963806,0.31591796875,3104,0.2,0.3655167818069458,-0.03360139668802731,-43.07318615913391,-2.6499960632911392,1258.0
100352,19,1293,49,0.0004092704424510632,0.4529312460217625,0.023227375000715256,0.01599676,0.9728162884712219,0.1279296875,3120,0.2,0.41766679286956787,-0.014762973063625395,-43.004717111587524,-2.6499960632911392,1258.0
100864,19,1293,50,0.0004092704424510632,0.030803417903371155,-0.01963011547923088,0.017393127,0.9749662280082703,0.2171630859375,3136,0.2,-3.7112650871276855,-0.020501426930422895,-43.01757001876831,-2.6491868,1258.0
101376,20,1293,51,0.0004092704424510632,0.7498384397476912,0.24380731582641602,0.009914186,0.9759006500244141,0.0394287109375,3152,0.2,0.2947693467140198,-0.010540605901042,-43.08677589893341,-2.6491868,1258.0
101888,20,1292,52,0.0004092704424510632,0.005538244469789788,-0.03859614208340645,0.01840279,0.9753040075302124,0.269775390625,3168,0.2,-2.2151646614074707,-0.02643998569692485,-43.08664155006409,-2.6491868,1258.0
102400,20,1292,53,0.0004092704424510632,0.03913338639540598,-0.01685470901429653,0.015879989,0.9757965803146362,0.2108154296875,3184,0.2,0.5224174857139587,-0.02130131423473358,-43.078434109687805,-2.648022382716049,1258.0
102912,21,1292,54,0.0004092704424510632,0.48759481869637966,0.002438623458147049,0.02422254,0.9761103391647339,0.1953125,3200,0.2,0.35156774520874023,-0.019402318328502588,-43.097965478897095,-2.648022382716049,1258.0
103424,21,1291,55,0.0004092704424510632,0.044744383019860834,-0.02432895451784134,0.02202285,0.9752556681632996,0.2479248046875,3216,0.2,-3.7216367721557617,-0.027204727637581527,-43.091601490974426,-2.646205695121951,1258.0
103936,22,1291,56,0.0004092704424510632,1.036958433687687,0.18691128492355347,0.01501991,0.9748294353485107,0.074462890625,3232,0.2,0.205000102519989,-0.01466442079981789,-43.065813422203064,-2.646205695121951,1258.0
104448,22,1291,57,0.0004092704424510632,0.02718243550043553,-0.029538027942180634,0.02018206,0.9746502041816711,0.2724609375,3248,0.2,-0.6663626432418823,-0.023917635866382625,-43.05700862407684,-2.646336361445783,1258.0
104960,23,1290,58,0.0004092704424510632,0.8530451552942395,0.21585990488529205,0.01252312,0.9746587872505188,0.07568359375,3264,0.2,0.5185922384262085,-0.014256788890634198,-43.04839360713959,-2.646336361445783,1258.0
105472,23,1290,59,0.0004092704424510632,0.010572435276117176,-0.03077450394630432,0.014990905,0.9728668928146362,0.2222900390625,3280,0.2,-25.08297348022461,-0.022560739620530512,-43.0259804725647,-2.646336361445783,1258.0
105984,23,1290,60,0.0004092704424510632,0.0075897196074947715,-0.044001199305057526,0.018817127,0.9725831151008606,0.2386474609375,3296,0.2,0.04928183555603027,-0.02586908511875663,-42.97524893283844,-2.643814702380952,1258.0
106496,24,1290,61,0.0004092704424510632,1.0751661360263824,0.28805631399154663,0.01120642,0.9727014303207397,0.0528564453125,3312,0.2,0.10195142030715942,-0.009540469749481417,-42.97964096069336,-2.643814702380952,1258.0
107008,24,1290,62,0.0004092704424510632,0.1121177354361862,0.01339012011885643,0.01928221,0.9711373448371887,0.2303466796875,3328,0.2,-0.38649046421051025,-0.022553319940925576,-42.96039652824402,-2.6418269882352936,1258.0
107520,24,1290,63,0.0004092704424510632,0.9220227021723986,0.31564611196517944,0.019211289,0.9703689217567444,0.1187744140625,3344,0.2,0.7240781188011169,-0.017290612406213768,-42.910704374313354,-2.6418269882352936,1258.0
108032,25,1290,64,0.0004092704424510632,0.010759654629509896,-0.04132821410894394,0.0156007465,0.9664462208747864,0.224853515625,3360,0.2,-19.93701934814453,-0.024872608031728305,-42.852025508880615,-2.6418269882352936,1258.0
108544,25,1290,65,0.0004092704424510632,0.009848473258898593,-0.02729037031531334,0.019366298,0.9661678075790405,0.3070068359375,3376,0.2,0.06834739446640015,-0.027190294102183543,-42.7656147480011,-2.641770953488372,1258.0
109056,26,1289,66,0.0004092704424510632,0.9577073976397514,0.11084248125553131,0.01151782,0.966661274433136,0.068603515625,3392,0.2,0.1451178789138794,-0.011692767962813377,-42.77827560901642,-2.641770953488372,1258.0
109568,26,1288,67,0.0004092704424510632,0.01975372724700719,-0.03686421737074852,0.01742442,0.9643515348434448,0.2261962890625,3408,0.2,-3.354379653930664,-0.024866135689080693,-42.75497579574585,-2.6416633103448275,1258.0
110080,27,1288,68,0.0004092704424510632,1.2999563487246633,0.23746764659881592,0.00690193,0.9635277986526489,0.06982421875,3424,0.2,0.21698832511901855,-0.00754001023597084,-42.690152049064636,-2.6416633103448275,1258.0
110592,27,1288,69,0.0004092704424510632,0.008763940717471996,-0.04512264207005501,0.025557416,0.9628559350967407,0.3111572265625,3440,0.2,-8.524073600769043,-0.030953276829677634,-42.67586851119995,-2.6416633103448275,1258.0
111104,27,1288,70,0.0004092704424510632,0.010510354186408222,-0.032281406223773956,0.018292736,0.9625137448310852,0.2913818359375,3456,0.2,0.12847477197647095,-0.02992091912892647,-42.65213477611542,-2.641099727272727,1258.0
111616,28,1288,71,0.0004092704424510632,0.9449424357153475,0.1391046643257141,0.013078326,0.962333619594574,0.0848388671875,3472,0.2,0.1815217137336731,-0.012768465603585355,-42.647496938705444,-2.641099727272727,1258.0
112128,28,1288,72,0.0004092704424510632,0.07743592245969921,-0.00547090545296669,0.018149488,0.961467444896698,0.2440185546875,3488,0.2,-3.411141872406006,-0.023651366216654424,-42.63103008270264,-2.640031674157303,1258.0
112640,29,1288,73,0.0004092704424510632,0.9555443460121751,0.1469275951385498,0.010331556,0.9609206318855286,0.078369140625,3504,0.2,0.227125346660614,-0.01150998004595749,-42.59908974170685,-2.640031674157303,1258.0
113152,29,1288,74,0.0004092704424510632,0.004130534227442695,-0.04034487530589104,0.021644006,0.9572887420654297,0.294921875,3520,0.2,-9.378016471862793,-0.028108561076805927,-42.546489238739014,-2.640031674157303,1258.0
113664,29,1288,75,0.0004092704424510632,0.00872116289974656,-0.03315172344446182,0.020974584,0.9565218091011047,0.294921875,3536,0.2,0.20677077770233154,-0.02829335769638419,-42.455660343170166,-2.6381336111111104,1258.0
114176,30,1288,76,0.0004092704424510632,0.798722468316555,0.06137068569660187,0.010594795,0.9567511081695557,0.04248046875,3552,0.2,0.25507861375808716,-0.007997298162081279,-42.45723223686218,-2.6381336111111104,1258.0
114688,30,1288,77,0.0004092704424510632,0.04697831952944398,-0.025784458965063095,0.020074353,0.9556884765625,0.23876953125,3568,0.2,-4.515608787536621,-0.024204668603488244,-42.45058023929596,-2.6369596813186806,1258.0
115200,31,1288,78,0.0004092704424510632,1.4220781968906522,0.21819666028022766,0.009118089,0.9553204774856567,0.078125,3584,0.2,0.1359090805053711,-0.01056590503139887,-42.41973698139191,-2.6369596813186806,1258.0
115712,31,1288,79,0.0004092704424510632,0.004142027595662512,-0.027451042085886,0.014232991,0.9552390575408936,0.23388671875,3600,0.2,-3.785855293273926,-0.024115942127536982,-42.417385935783386,-2.6369596813186806,1258.0
116224,31,1287,80,0.0004092704424510632,0.04456741304602474,-0.017916012555360794,0.01674026,0.9523417949676514,0.2716064453125,3616,0.2,0.46321719884872437,-0.026003708262578584,-42.37127876281738,-2.636219076086956,1258.0
116736,32,1287,81,0.0004092704424510632,0.5276243190746754,-0.0018689371645450592,0.025077097,0.9513034224510193,0.136474609375,3632,0.2,0.3763936161994934,-0.01759785540343728,-42.287965297698975,-2.636219076086956,1258.0
117248,32,1287,82,0.0004092704424510632,0.020203288993798196,-0.030906252562999725,0.0221226,0.9522053003311157,0.2545166015625,3648,0.2,-4.447707176208496,-0.02399804380547721,-42.28784728050232,-2.636083655913978,1258.0
117760,33,1287,83,0.0004092704424510632,0.968119140714407,0.17038372159004211,0.01513174,0.9525195956230164,0.0968017578125,3664,0.2,0.17916882038116455,-0.015839331143070012,-42.317646622657776,-2.636083655913978,1258.0
118272,33,1287,84,0.0004092704424510632,0.020646712539019063,-0.024340614676475525,0.01768073,0.953944981098175,0.245849609375,3680,0.2,-2.5491902828216553,-0.022198723338078707,-42.33448386192322,-2.634166489361702,1258.0
118784,33,1287,85,0.0004092704424510632,1.1077779084444046,0.2295168936252594,0.0072867433,0.9543128609657288,0.05029296875,3696,0.2,0.4510084390640259,-0.003006264589203056,-42.373438477516174,-2.634166489361702,1258.0
119296,34,1287,86,0.0004092704424510632,0.0070747125064372085,-0.021609816700220108,0.018206365,0.952285647392273,0.2314453125,3712,0.2,-10.45263957977295,-0.021305033820681274,-42.34961771965027,-2.634166489361702,1258.0
119808,34,1287,87,0.0004092704424510632,0.001956169886398129,-0.04014921560883522,0.012800288,0.9494186639785767,0.262939453125,3728,0.2,-0.13592910766601562,-0.027808040205854923,-42.26449227333069,-2.6308988315789468,1258.0
120320,35,1286,88,0.0004092704424510632,1.0623262217268348,0.14157924056053162,0.012886158,0.9486649632453918,0.0728759765625,3744,0.2,0.14459145069122314,-0.011794235440902412,-42.199960589408875,-2.6308988315789468,1258.0
120832,35,1286,89,0.0004092704424510632,0.013978677423438057,-0.034113213419914246,0.017436441,0.9488703608512878,0.261474609375,3760,0.2,-2.5713040828704834,-0.027597186068305746,-42.1890504360199,-2.6282293229166664,1258.0
121344,35,1286,90,0.0004092704424510632,0.9971314808353782,0.23413126170635223,0.01636044,0.9492421746253967,0.0589599609375,3776,0.2,0.4062168598175049,-0.0067312487663002685,-42.19164752960205,-2.6282293229166664,1258.0
121856,36,1286,91,0.0004092704424510632,0.004753852495923638,-0.03830009326338768,0.017582128,0.9501322507858276,0.293701171875,3792,0.2,-11.473062515258789,-0.028019497636705637,-42.20945382118225,-2.6282293229166664,1258.0
122368,36,1286,92,0.0004092704424510632,0.009248182803275995,-0.0339650958776474,0.018748939,0.9505186676979065,0.2545166015625,3808,0.2,0.06233525276184082,-0.021526287629967555,-42.227810978889465,-2.6293429896907217,1258.0
122880,37,1286,93,0.0004092704424510632,1.1814567558467388,0.12133084237575531,0.013964577,0.950646698474884,0.0604248046875,3824,0.2,0.19343990087509155,-0.01391721999971196,-42.22999656200409,-2.6293429896907217,1258.0
123392,37,1285,94,0.0004092704424510632,0.02325573895359412,-0.02479645237326622,0.017501917,0.9509926438331604,0.216552734375,3840,0.2,-2.979125499725342,-0.021815146988956258,-42.23684918880463,-2.62980812244898,1258.0
123904,37,1285,95,0.0004092704424510632,1.0067528411746025,0.15655970573425293,0.012146675,0.9511799812316895,0.0584716796875,3856,0.2,0.4164416790008545,-0.00922953404369764,-42.244763135910034,-2.62980812244898,1258.0
124416,38,1285,96,0.0004092704424510632,0.007726244642981328,-0.023559166118502617,0.020473396,0.9496831297874451,0.2791748046875,3872,0.2,-7.5576581954956055,-0.02413881129177753,-42.231937408447266,-2.62980812244898,1258.0
124928,38,1285,97,0.0004092704424510632,0.00791632040636614,-0.02379062958061695,0.020227801,0.9512962698936462,0.318115234375,3888,0.2,0.1544000506401062,-0.03113343848963268,-42.209577798843384,-2.629094050505051,1258.0
125440,39,1285,98,0.0004092704424510632,1.1291865855455399,0.13354849815368652,0.01133205,0.9521668553352356,0.0714111328125,3904,0.2,0.24189376831054688,-0.011594014649745077,-42.259157538414,-2.629094050505051,1258.0
125952,39,1285,99,0.0004092704424510632,0.08351701684296131,-0.0041480399668216705,0.016392887,0.9538155794143677,0.1624755859375,3920,0.2,-2.5814177989959717,-0.01749329340236727,-42.28779852390289,-2.6281903700000004,1258.0
126464,39,1285,100,0.0004092704424510632,0.8429780062288046,0.26144108176231384,0.010328542,0.9544870853424072,0.081787109375,3936,0.2,0.5122955441474915,-0.01042516389861703,-42.33906042575836,-2.6281903700000004,1258.0
126976,40,1285,101,0.0004092704424510632,0.017432788081350736,-0.021161656826734543,0.013599579,0.9544127583503723,0.1927490234375,3952,0.2,-13.826265335083008,-0.021587142517091706,-42.34127652645111,-2.6281903700000004,1258.0
127488,40,1285,102,0.0004092704424510632,0.012708868074696511,-0.019091129302978516,0.013153663,0.9541429877281189,0.1846923828125,3968,0.2,0.08734673261642456,-0.017931263326318003,-42.343026518821716,-2.62660582,1258.0
128000,41,1285,103,0.0004092704424510632,1.0728295054286718,0.06468396633863449,0.008323222,0.9538300633430481,0.029541015625,3984,0.2,0.1286887526512146,-0.009744033784954809,-42.33370351791382,-2.62660582,1258.0
128512,41,1285,104,0.0004092704424510632,0.03467287780949846,-0.013371100649237633,0.019366547,0.951229989528656,0.2266845703125,4000,0.2,-3.1351799964904785,-0.021165473546716385,-42.29586207866669,-2.625714409999999,1258.0
129024,41,1284,105,0.0004092704424510632,1.1518198121339083,0.2273620069026947,0.0063341237,0.950359046459198,0.044189453125,4016,0.2,0.17098098993301392,-0.0029369633411988616,-42.22230291366577,-2.625714409999999,1258.0
129536,42,1284,106,0.0004092704424510632,0.0762055543018505,-0.006942708045244217,0.024489656,0.9487748742103577,0.2940673828125,4032,0.2,0.09846007823944092,-0.0306840586126782,-42.196282744407654,-2.625714409999999,1258.0
130048,42,1284,107,0.0004092704424510632,0.11477105622179806,0.0428931899368763,0.022111805,0.9483193755149841,0.2764892578125,4048,0.2,0.45130741596221924,-0.023433123133145273,-42.15461003780365,-2.6220352099999995,1258.0
130560,43,1284,108,0.0004092704424510632,0.5283658250700682,0.0257495678961277,0.026557695,0.9481895565986633,0.2315673828125,4064,0.2,0.5456380248069763,-0.021027071197750047,-42.150615215301514,-2.6220352099999995,1258.0
131072,43,1284,109,0.0004092704424510632,0.04984065413009375,-0.031810127198696136,0.018700458,0.9451192021369934,0.247314453125,4080,0.2,-3.287994861602783,-0.027227499689615797,-42.109874844551086,-2.6185791600000003,1258.0
131584,43,1284,110,0.0004092704424510632,1.1590433595702052,0.24936868250370026,0.012721916,0.9440304636955261,0.103515625,4096,0.2,0.17895746231079102,-0.013134414199157618,-42.021647572517395,-2.6185791600000003,1258.0
132096,44,1283,111,0.0004092704424510632,0.108751435065642,0.009437404572963715,0.028420007,0.9452358484268188,0.353271484375,4112,0.2,-0.054651856422424316,-0.03515338321449235,-42.026755928993225,-2.61732221,1258.0
132608,44,1284,112,0.0004092704424510632,0.9097814299166203,0.4978572726249695,0.010013208,0.9454510807991028,0.050048828125,4128,0.2,0.739645779132843,-0.00897078451816924,-42.051852226257324,-2.61732221,1258.0
133120,45,1283,113,0.0004092704424510632,0.010013528662966564,-0.03201630711555481,0.022205045,0.9449782967567444,0.28955078125,4144,0.2,-19.767982482910156,-0.027993163821520284,-42.046923756599426,-2.61732221,1258.0
133632,45,1283,114,0.0004092704424510632,0.0036238320390111767,-0.033334195613861084,0.018456548,0.9456045031547546,0.2772216796875,4160,0.2,-0.047847628593444824,-0.02574019238818437,-42.047589898109436,-2.6184581500000004,1258.0
134144,45,1283,115,0.0004092704424510632,1.1463992707431316,0.10019546747207642,0.014459798,0.9462448358535767,0.0767822265625,4176,0.2,0.10101252794265747,-0.016466159038827755,-42.0714967250824,-2.6184581500000004,1258.0
134656,46,1283,116,0.0004092704424510632,0.020917442394420505,-0.015049595385789871,0.020285666,0.9477428197860718,0.3009033203125,4192,0.2,-1.7580256462097168,-0.028980274728382938,-42.103111267089844,-2.61681628,1258.0
135168,46,1283,117,0.0004092704424510632,0.8344767363741994,0.18171696364879608,0.018331133,0.9480755925178528,0.125,4208,0.2,0.5917083024978638,-0.014883058778650593,-42.139652490615845,-2.61681628,1258.0
135680,47,1283,118,0.0004092704424510632,0.007998204840987455,-0.04829728230834007,0.022134475,0.9458955526351929,0.2978515625,4224,0.2,-13.044655799865723,-0.030642988669569604,-42.111345291137695,-2.61681628,1258.0
136192,47,1283,119,0.0004092704424510632,0.0055702264289720915,-0.01365246344357729,0.015147309,0.9443585872650146,0.2252197265625,4240,0.2,0.09342372417449951,-0.019959017081419006,-42.03218686580658,-2.61357604,1258.0
136704,47,1283,120,0.0004092704424510632,1.0223738979548216,0.16511517763137817,0.006582465,0.9438637495040894,0.017822265625,4256,0.2,0.2066134214401245,-0.007821554929250851,-42.000524282455444,-2.61357604,1258.0
137216,48,1283,121,0.0004092704424510632,0.021387363551184535,-0.032556530088186264,0.025211716,0.9436108469963074,0.299560546875,4272,0.2,-2.2539477348327637,-0.029568707017460838,-41.990233302116394,-2.6125395499999997,1258.0
137728,48,1283,122,0.0004092704424510632,0.7939327787607908,0.15735596418380737,0.017530505,0.9436492323875427,0.0770263671875,4288,0.2,0.3763501048088074,-0.014308629193692468,-41.98206150531769,-2.6125395499999997,1258.0
138240,49,1283,123,0.0004092704424510632,0.004787541631230852,-0.03744855523109436,0.020590685,0.9444867968559265,0.3004150390625,4304,0.2,-7.520204544067383,-0.028925268634338863,-41.99922323226929,-2.6125395499999997,1258.0
138752,49,1283,124,0.0004092704424510632,0.006117418939538766,-0.03932630643248558,0.019087771,0.9430496096611023,0.2750244140625,4320,0.2,0.13116443157196045,-0.029205687533249147,-42.00761032104492,-2.60973503,1258.0
139264,49,1282,125,0.0004092704424510632,1.0306576807051897,0.24825890362262726,0.01343234,0.9425581693649292,0.0706787109375,4336,0.2,0.26411378383636475,-0.011464633949799463,-41.966546416282654,-2.60973503,1258.0
139776,50,1282,126,0.0004092704424510632,0.07662752061150968,-0.009625479578971863,0.02197139,0.942559003829956,0.2625732421875,4352,0.2,-1.792745590209961,-0.027286692795314593,-41.962254762649536,-2.6070393199999997,1258.0
140288,50,1282,127,0.0004092704424510632,0.8270286591723561,0.25350889563560486,0.0044987015,0.9425145983695984,0.0057373046875,4368,0.2,0.625032901763916,-0.0031277356974896975,-41.96168076992035,-2.6070393199999997,1258.0
140800,51,1282,128,0.0004092704424510632,0.0035744684864766896,-0.047908663749694824,0.016290028,0.941952645778656,0.2647705078125,4384,0.2,-7.920840263366699,-0.029339957458432764,-41.95262587070465,-2.6070393199999997,1258.0
141312,51,1282,129,0.0004092704424510632,0.011335695802699775,-0.03422049432992935,0.017750233,0.9416775107383728,0.3162841796875,4400,0.2,0.1443873643875122,-0.027175172028364614,-41.93746316432953,-2.60542642,1258.0
141824,51,1282,130,0.0004092704424510632,0.8362627900205553,0.05793499946594238,0.019112926,0.9419254660606384,0.087890625,4416,0.2,0.3032771348953247,-0.01603791327215731,-41.93710923194885,-2.60542642,1258.0
142336,52,1282,131,0.0004092704424510632,0.08804631128441542,-0.00020307116210460663,0.015105865,0.9443023204803467,0.20361328125,4432,0.2,-2.540384292602539,-0.02273306096321903,-41.973034381866455,-2.60268843,1258.0
142848,52,1281,132,0.0004092704424510632,0.7938483972102404,0.16430313885211945,0.009264413,0.9450956583023071,0.03759765625,4448,0.2,0.4496743679046631,-0.007255619624629617,-42.044052839279175,-2.60268843,1258.0
143360,53,1281,133,0.0004092704424510632,0.012602884380612522,-0.05268524959683418,0.019811928,0.9434579610824585,0.305419921875,4464,0.2,-0.6325333118438721,-0.03248764088493772,-42.031001567840576,-2.60268843,1258.0
143872,53,1281,134,0.0004092704424510632,0.009052607711055316,-0.03075050376355648,0.017480481,0.9442486763000488,0.28662109375,4480,0.2,0.14942967891693115,-0.027847122197272256,-42.01043426990509,-2.6010641600000004,1258.0
144384,53,1281,135,0.0004092704424510632,0.7419507978484035,0.048129476606845856,0.015456116,0.9446269273757935,0.0877685546875,4496,0.2,0.23847275972366333,-0.011612953414442018,-42.04598820209503,-2.6010641600000004,1258.0
144896,54,1281,136,0.0004092704424510632,0.08290670718997717,-0.006365623325109482,0.015871683,0.9439184069633484,0.1768798828125,4512,0.2,-4.071018218994141,-0.018882378353737295,-42.04447591304779,-2.5980557199999996,1258.0
145408,54,1281,137,0.0004092704424510632,0.8188211284577847,0.10020727664232254,0.01370975,0.9434531331062317,0.0567626953125,4528,0.2,0.36837470531463623,-0.00896848292904906,-42.02194309234619,-2.5980557199999996,1258.0
145920,55,1281,138,0.0004092704424510632,0.025803371070651338,-0.03240986540913582,0.020278234,0.941791832447052,0.2520751953125,4544,0.2,-2.9059603214263916,-0.02814678863796871,-41.99578845500946,-2.5980557199999996,1258.0
146432,55,1281,139,0.0004092704424510632,0.07327940105460584,-0.0029722005128860474,0.01944792,0.9405553936958313,0.258056640625,4560,0.2,0.5445446968078613,-0.02545032747730147,-41.94702434539795,-2.59452091,1258.0
146944,55,1281,140,0.0004092704424510632,0.3130522014107555,0.12030017375946045,0.022057537,0.9402451515197754,0.2298583984375,4576,0.2,0.5054053068161011,-0.017848309740656987,-41.919591188430786,-2.59452091,1258.0
147456,56,1281,141,0.0004092704424510632,0.00996664680133108,-0.031623661518096924,0.016276475,0.9416609406471252,0.2392578125,4592,0.2,-3.227832317352295,-0.022476703059510328,-41.939133167266846,-2.5889509599999996,1258.0
147968,56,1281,142,0.0004092704424510632,0.7003223663195968,0.09285628795623779,0.023381263,0.9419954419136047,0.08251953125,4608,0.2,0.26695555448532104,-0.014293809697846882,-41.97694730758667,-2.5889509599999996,1258.0
148480,57,1281,143,0.0004092704424510632,0.009240938641596586,-0.036562416702508926,0.02212621,0.9396317601203918,0.2977294921875,4624,0.2,-4.251063346862793,-0.02563810662832111,-41.94559931755066,-2.58795799,1258.0
148992,57,1281,144,0.0004092704424510632,0.7226608702912927,0.10227362811565399,0.008842474,0.9387720227241516,0.0816650390625,4640,0.2,0.35556113719940186,-0.011164227624249179,-41.879648089408875,-2.58795799,1258.0
149504,57,1281,145,0.0004092704424510632,0.0032424952478322666,-0.03877409175038338,0.019038623,0.9385794401168823,0.2813720703125,4656,0.2,-9.224540710449219,-0.025316093757282943,-41.86752474308014,-2.58795799,1258.0
150016,58,1280,146,0.0004092704424510632,0.008923227651393972,-0.02712181583046913,0.016528454,0.9370128512382507,0.2635498046875,4672,0.2,0.048083484172821045,-0.026486766699235886,-41.844521164894104,-2.58395908,1258.0
150528,58,1280,147,0.0004092704424510632,1.121436054352671,0.1001950278878212,0.01118755,0.9364078640937805,0.037109375,4688,0.2,0.23435193300247192,-0.011133451131172478,-41.79771876335144,-2.58395908,1258.0
151040,0,3943,1,0.0004092704424510632,0.03255625767633319,-0.027622247114777565,0.022762686,0.9377394914627075,0.3109130859375,4704,0.2,-0.9102076292037964,-0.027578482622629963,-41.81146776676178,-2.5798415500000003,1258.0
151552,0,1857,2,0.0004092704424510632,0.7255434757098556,0.4104425013065338,0.018467467,0.9385125041007996,0.1036376953125,4720,0.2,0.6378293037414551,-0.015029937669169158,-41.861971974372864,-2.5798415500000003,1258.0
152064,0,1623,3,0.0004092704424510632,0.013033227733103558,-0.0375710092484951,0.018887714,0.9384500980377197,0.266357421875,4736,0.2,-14.480466842651367,-0.02967771579278633,-41.87469744682312,-2.5798415500000003,1258.0
152576,1,1482,4,0.0004092704424510632,0.005997960208333097,-0.03645893186330795,0.018992519,0.9389477372169495,0.28759765625,4752,0.2,0.06551235914230347,-0.02459147633635439,-41.87802338600159,-2.57810755,1258.0
153088,1,1441,5,0.0004092704424510632,0.9734701290726662,0.10272905975580215,0.016148929,0.9391330480575562,0.0792236328125,4768,0.2,0.1647360920906067,-0.009134526379057206,-41.890549659729004,-2.57810755,1258.0
153600,2,1410,6,0.0004092704424510632,0.010240472402074374,-0.03936411440372467,0.019109614,0.9389792084693909,0.3160400390625,4784,0.2,-3.5746450424194336,-0.02602096615009941,-41.89381814002991,-2.5764687,1258.0
154112,2,1390,7,0.0004092704424510632,0.9744371296837926,0.13139688968658447,0.010237282,0.9389835000038147,0.062744140625,4800,0.2,0.29005366563796997,-0.009751453835633583,-41.8902325630188,-2.5764687,1258.0
154624,2,1376,8,0.0004092704424510632,0.004288578817067901,-0.020923618227243423,0.021510253,0.940772294998169,0.298583984375,4816,0.2,-4.882607936859131,-0.027689341368386522,-41.91612708568573,-2.5764687,1258.0
155136,3,1369,9,0.0004092704424510632,0.00915214658016339,-0.030879929661750793,0.01841923,0.939828634262085,0.25732421875,4832,0.2,0.1560608148574829,-0.028524570720037445,-41.94340395927429,-2.5758905199999997,1258.0
155648,3,1360,10,0.0004092704424510632,0.6842215261422098,0.1275130808353424,0.01629717,0.9394331574440002,0.118896484375,4848,0.2,0.33154118061065674,-0.01623382227262482,-41.913002729415894,-2.5758905199999997,1258.0
156160,4,1353,11,0.0004092704424510632,0.012264381148270331,-0.029870621860027313,0.012859664,0.9380488991737366,0.20849609375,4864,0.2,-3.7304883003234863,-0.020856021874351427,-41.889912366867065,-2.5724519900000002,1258.0
156672,4,1348,12,0.0004092704424510632,1.2766944011673331,0.1430685818195343,0.008461364,0.9375102519989014,0.05224609375,4880,0.2,0.27305400371551514,-0.009425905867828988,-41.849929094314575,-2.5724519900000002,1258.0
157184,4,1346,13,0.0004092704424510632,0.003991369507275522,-0.029849255457520485,0.017879479,0.9377912282943726,0.255126953125,4896,0.2,-7.432859420776367,-0.025729076776769944,-41.84789741039276,-2.5724519900000002,1258.0
157696,5,1341,14,0.0004092704424510632,0.010663376742741093,-0.04026634991168976,0.021211633,0.9358948469161987,0.30810546875,4912,0.2,0.21743077039718628,-0.030902123253326863,-41.82891011238098,-2.56863428,1258.0
158208,5,1336,15,0.0004092704424510632,0.797287649475038,0.11911844462156296,0.014076468,0.9351148009300232,0.04736328125,4928,0.2,0.3363618850708008,-0.009223499961080961,-41.76672053337097,-2.56863428,1258.0
158720,6,1333,16,0.0004092704424510632,0.06776408571749926,-0.013615932315587997,0.017181434,0.9350343346595764,0.213134765625,4944,0.2,-4.5783371925354,-0.021886387839913368,-41.756234645843506,-2.56791466,1258.0
159232,6,1331,17,0.0004092704424510632,1.4191091936081648,0.3798990845680237,0.0060280105,0.9349588751792908,0.0133056640625,4960,0.2,0.102841317653656,-0.007280666250153445,-41.75388264656067,-2.56791466,1258.0
159744,6,1329,18,0.0004092704424510632,0.00492674000270199,-0.020283831283450127,0.013529113,0.9338167309761047,0.1968994140625,4976,0.2,-3.493386745452881,-0.022305019054329023,-41.73884201049805,-2.56791466,1258.0
160256,7,1326,19,0.0004092704424510632,0.06410609325394034,0.0018272176384925842,0.013556896,0.9343676567077637,0.18896484375,4992,0.2,0.5052621960639954,-0.017681476194411516,-41.72143065929413,-2.5654475000000003,1258.0
160768,7,1325,20,0.0004092704424510632,0.7824644397478551,0.00879138708114624,0.02883843,0.9338653087615967,0.1607666015625,5008,0.2,0.44019562005996704,-0.018894149077823386,-41.727375626564026,-2.5654475000000003,1258.0
161280,8,1324,21,0.0004092704424510632,0.029034261271590367,-0.023858092725276947,0.029976092,0.9342418909072876,0.2843017578125,5024,0.2,-4.652456760406494,-0.024921167350839823,-41.71146845817566,-2.56467376,1258.0
161792,8,1323,22,0.0004092704424510632,2.7145043443888426,0.7216967344284058,0.008809092,0.9344578385353088,0.033935546875,5040,0.2,0.04215961694717407,-0.012563746553496458,-41.72140717506409,-2.56467376,1258.0
162304,8,1321,23,0.0004092704424510632,0.034623391256900504,-0.02883918397128582,0.015578817,0.935441792011261,0.2083740234375,5056,0.2,-4.503334045410156,-0.022524971223901957,-41.73252892494202,-2.56156363,1258.0
162816,9,1320,24,0.0004092704424510632,1.660635706037283,0.06708651781082153,0.01378167,0.9357991218566895,0.092529296875,5072,0.2,0.040064871311187744,-0.019109989749267697,-41.7655303478241,-2.56156363,1258.0
163328,9,1316,25,0.0004092704424510632,0.006731029883667361,-0.032909996807575226,0.02232355,0.9370166063308716,0.2718505859375,5088,0.2,-6.457493305206299,-0.023919816630950663,-41.7822470664978,-2.56156363,1258.0
163840,10,1316,26,0.0004092704424510632,0.002182107420594548,-0.035499364137649536,0.016963603,0.9361317157745361,0.2711181640625,5104,0.2,-0.010464310646057129,-0.02692794709582813,-41.80572509765625,-2.5611968699999994,1258.0
164352,10,1315,27,0.0004092704424510632,0.9612702820450068,0.15815074741840363,0.01684248,0.9356620907783508,0.07275390625,5120,0.2,0.12695956230163574,-0.017095542105380446,-41.77541959285736,-2.5611968699999994,1258.0
164864,10,1314,28,0.0004092704424510632,0.006402473372872919,-0.03487258031964302,0.019332495,0.9377707839012146,0.2696533203125,5136,0.2,-2.5142366886138916,-0.024989997051307,-41.79735279083252,-2.5582753299999994,1258.0
165376,11,1314,29,0.0004092704424510632,1.0686879958957434,0.17759127914905548,0.006023025,0.9386021494865417,0.013916015625,5152,0.2,0.34990453720092773,-0.003358391193614807,-41.85166263580322,-2.5582753299999994,1258.0
165888,11,1313,30,0.0004092704424510632,0.0057708669010025915,-0.04003404080867767,0.022168187,0.9398134350776672,0.3125,5168,0.2,-9.505236625671387,-0.03136001026723534,-41.87292265892029,-2.5582753299999994,1258.0
166400,12,1313,31,0.0004092704424510632,0.006554087245604023,-0.049591172486543655,0.024571236,0.9386894702911377,0.3447265625,5184,0.2,0.05285829305648804,-0.03475566755514592,-41.89189350605011,-2.5562070099999996,1258.0
166912,12,1313,32,0.0004092704424510632,1.1852104598656297,0.2132032811641693,0.008395884,0.9381060004234314,0.0345458984375,5200,0.2,0.2053910493850708,-0.008119639125652611,-41.846532106399536,-2.5562070099999996,1258.0
167424,12,1313,33,0.0004092704424510632,0.017451510502723977,-0.03430188074707985,0.019816637,0.9398669600486755,0.28369140625,5216,0.2,-3.044070243835449,-0.02646737458417192,-41.863818287849426,-2.55203978,1258.0
167936,13,1313,34,0.0004092704424510632,1.0369890304282308,0.14757579565048218,0.009011103,0.9406570792198181,0.02880859375,5232,0.2,0.4421113133430481,-0.0038543658010894433,-41.91935968399048,-2.55203978,1258.0
168448,13,1312,35,0.0004092704424510632,0.005082909145130543,-0.03305109590291977,0.013820343,0.940779983997345,0.2154541015625,5248,0.2,-5.150828838348389,-0.0184151138382731,-41.931017994880676,-2.55203978,1258.0
168960,14,1312,36,0.0004092704424510632,0.007376561188721098,-0.02847723476588726,0.01609154,0.9435643553733826,0.239013671875,5264,0.2,0.14830410480499268,-0.02581154799554497,-41.97017180919647,-2.5503445100000004,1258.0
169472,14,1312,37,0.0004092704424510632,1.0251669166609645,0.10059919953346252,0.014583908,0.9447067379951477,0.0594482421875,5280,0.2,0.3027019500732422,-0.01299014931282727,-42.05833637714386,-2.5503445100000004,1258.0
169984,14,1310,38,0.0004092704424510632,0.027439327270258218,-0.022674091160297394,0.022555184,0.9445226788520813,0.285888671875,5296,0.2,-1.9874601364135742,-0.02349177308497019,-42.06927525997162,-2.54782014,1258.0
170496,15,1310,39,0.0004092704424510632,0.8989189509302378,0.12206750363111496,0.011782432,0.9444903135299683,0.056640625,5312,0.2,0.37668395042419434,-0.00994777277810499,-42.06018924713135,-2.54782014,1258.0
171008,15,1309,40,0.0004092704424510632,0.0032328963534382638,-0.03897003084421158,0.021806525,0.9448084831237793,0.2694091796875,5328,0.2,-7.358262062072754,-0.025992533657699823,-42.063674092292786,-2.54782014,1258.0
171520,16,1309,41,0.0004092704424510632,0.011010860704118386,-0.026093732565641403,0.015789486,0.9467539191246033,0.238525390625,5344,0.2,0.032796382904052734,-0.02177608828060329,-42.08947241306305,-2.5444452099999997,1258.0
172032,16,1309,42,0.0004092704424510632,1.496227266266942,0.1531718671321869,0.006129518,0.9474805593490601,0.0174560546875,5360,0.2,0.04380011558532715,-0.0065731718932511285,-42.152480363845825,-2.5444452099999997,1258.0
172544,16,1310,43,0.0004092704424510632,0.006670571645372547,-0.023533912375569344,0.017178401,0.9468758702278137,0.2818603515625,5376,0.2,-2.4434268474578857,-0.02336419650237076,-42.15271210670471,-2.5433616,1258.0
173056,17,1309,44,0.0004092704424510632,1.5829269289970398,0.20137156546115875,0.00762411,0.9465826749801636,0.0299072265625,5392,0.2,0.31430917978286743,-0.007915891605080105,-42.132036089897156,-2.5433616,1258.0
173568,17,1309,45,0.0004092704424510632,0.019119504664558917,-0.015868665650486946,0.018465128,0.9467465877532959,0.2333984375,5408,0.2,-1.3458600044250488,-0.020702448557130992,-42.13168227672577,-2.5433616,1258.0
174080,17,1309,46,0.0004092704424510632,0.044669006019830704,-0.015717225149273872,0.017695775,0.9462437629699707,0.258544921875,5424,0.2,0.4009436368942261,-0.02651460256311111,-42.12664580345154,-2.54131588,1258.0
174592,18,1309,47,0.0004092704424510632,0.3475481659406796,-0.003010813146829605,0.030262709,0.9460346698760986,0.131591796875,5440,0.2,0.5474402904510498,-0.017561700980877504,-42.11720359325409,-2.54131588,1258.0
175104,18,1309,48,0.0004092704424510632,0.04002652608323842,-0.018650930374860764,0.017395996,0.9468395709991455,0.2384033203125,5456,0.2,-5.829651832580566,-0.022917258989764377,-42.12176501750946,-2.53870339,1258.0
175616,19,1309,49,0.0004092704424510632,1.4401833228766918,0.2226920872926712,0.006840697,0.9470902681350708,0.0240478515625,5472,0.2,0.26802438497543335,-0.008966795416199602,-42.142720222473145,-2.53870339,1258.0
176128,19,1309,50,0.0004092704424510632,0.02537598874187097,-0.037209395319223404,0.022820268,0.9463843107223511,0.2774658203125,5488,0.2,-0.7566285133361816,-0.02781966552720405,-42.13192903995514,-2.5370248399999995,1258.0
176640,19,1309,51,0.0004092704424510632,1.0101383943110704,0.3520984649658203,0.0120149115,0.9460511803627014,0.0650634765625,5504,0.2,0.6562016010284424,-0.011973763670539483,-42.111387729644775,-2.5370248399999995,1258.0
177152,20,1309,52,0.0004092704424510632,0.013611205635243095,-0.03942514955997467,0.02007639,0.9453489184379578,0.2362060546875,5520,0.2,-22.528926849365234,-0.024443234891805332,-42.0981171131134,-2.5370248399999995,1258.0
177664,20,1309,53,0.0004092704424510632,0.00231503449685988,-0.02641071006655693,0.014733171,0.9439038038253784,0.2108154296875,5536,0.2,-0.16209161281585693,-0.021033314027590677,-42.065534234046936,-2.5324743099999996,1258.0
178176,21,1309,54,0.0004092704424510632,0.9621277055703104,0.09303729236125946,0.014205211,0.9433791637420654,0.0635986328125,5552,0.2,0.17041540145874023,-0.014528211606375407,-42.03673851490021,-2.5324743099999996,1258.0
178688,21,1309,55,0.0004092704424510632,0.02966589480638504,-0.03814258053898811,0.020477433,0.9427271485328674,0.297119140625,5568,0.2,-0.5768218040466309,-0.028179980377899483,-42.022249817848206,-2.5306507,1258.0
179200,21,1309,56,0.0004092704424510632,0.9193579722195864,0.36881014704704285,0.019204333,0.94255131483078,0.1202392578125,5584,0.2,0.6031121015548706,-0.018294760928256437,-42.00230062007904,-2.5306507,1258.0
179712,22,1308,57,0.0004092704424510632,0.00330221568037814,-0.035823576152324677,0.015646711,0.9429646134376526,0.259033203125,5600,0.2,-9.232547760009766,-0.02621133103093598,-42.00704872608185,-2.5306507,1258.0
180224,22,1308,58,0.0004092704424510632,0.008701355880475603,-0.0342901386320591,0.013366594,0.9420393705368042,0.2718505859375,5616,0.2,0.04313051700592041,-0.022967999306274578,-42.00290036201477,-2.53134817,1258.0
180736,23,1308,59,0.0004092704424510632,1.1224768632091582,0.15749165415763855,0.0072692325,0.9417165517807007,0.0189208984375,5632,0.2,0.2450692057609558,-0.005031881097238511,-41.979581117630005,-2.53134817,1258.0
181248,23,1308,60,0.0004092704424510632,0.014650193334091455,-0.030797217041254044,0.02754255,0.9445506930351257,0.318603515625,5648,0.2,-2.3942224979400635,-0.02651179068197962,-42.011285185813904,-2.5288843099999996,1258.0
181760,23,1307,61,0.0004092704424510632,0.9866311037912965,0.1589794158935547,0.013516223,0.945641815662384,0.075439453125,5664,0.2,0.40207308530807495,-0.01155160325288307,-42.09941637516022,-2.5288843099999996,1258.0
182272,24,1306,62,0.0004092704424510632,0.009119110050960444,-0.027022382244467735,0.016276661,0.9468551874160767,0.2047119140625,5680,0.2,-11.460477828979492,-0.017636074422625825,-42.1196711063385,-2.5288843099999996,1258.0
182784,24,1306,63,0.0004092704424510632,0.009788767114514485,-0.040014736354351044,0.021924935,0.9467663168907166,0.3153076171875,5696,0.2,0.10911321640014648,-0.02931112071382813,-42.15006124973297,-2.52637454,1258.0
183296,25,1306,64,0.0004092704424510632,1.0505133885890245,0.11052151769399643,0.012847407,0.9469272494316101,0.06884765625,5712,0.2,0.27631521224975586,-0.009695868400740437,-42.139734506607056,-2.52637454,1258.0
183808,25,1306,65,0.0004092704424510632,0.021492159110493958,-0.03750230744481087,0.020251758,0.9472747445106506,0.2802734375,5728,0.2,-4.613625526428223,-0.02927503947285004,-42.15591621398926,-2.5246283199999997,1258.0
184320,25,1306,66,0.0004092704424510632,1.3536388827487826,0.2521083652973175,0.009163111,0.9472545385360718,0.038818359375,5744,0.2,0.14564865827560425,-0.008003826733329333,-42.16135036945343,-2.5246283199999997,1258.0
184832,26,1306,67,0.0004092704424510632,0.004910646544885822,-0.028146956115961075,0.019904194,0.9480602145195007,0.265380859375,5760,0.2,-8.456742286682129,-0.025042048349860124,-42.17151761054993,-2.5246283199999997,1258.0
185344,26,1305,68,0.0004092704424510632,0.010350640339311212,-0.03663453832268715,0.021220375,0.9478679895401001,0.29345703125,5776,0.2,0.10624253749847412,-0.028642020850384142,-42.19817352294922,-2.52370853,1258.0
185856,27,1305,69,0.0004092704424510632,1.0435242312960327,0.2047996073961258,0.008648845,0.9477547407150269,0.0308837890625,5792,0.2,0.26788055896759033,-0.005781459920399357,-42.19094407558441,-2.52370853,1258.0
186368,27,1305,70,0.0004092704424510632,0.062499861465767026,-0.005572739988565445,0.021794917,0.948714017868042,0.2374267578125,5808,0.2,-1.1090621948242188,-0.021874339232454076,-42.19757330417633,-2.52358476,1258.0
186880,27,1305,71,0.0004092704424510632,1.084104236215353,0.17104314267635345,0.011981066,0.9493427872657776,0.0504150390625,5824,0.2,0.47858214378356934,-0.010340849737985991,-42.236220955848694,-2.52358476,1258.0
187392,28,1304,72,0.0004092704424510632,0.0044972500727453735,-0.04470287635922432,0.01883259,0.9494547843933105,0.262451171875,5840,0.2,-8.63564395904541,-0.027144073079398368,-42.24149560928345,-2.52358476,1258.0
187904,28,1304,73,0.0004092704424510632,0.012033558246912435,-0.030481556430459023,0.024099395,0.9478392004966736,0.29296875,5856,0.2,0.296869158744812,-0.025237102090613917,-42.232317090034485,-2.52217227,1258.0
188416,29,1304,74,0.0004092704424510632,0.5046064739581198,0.03371066972613335,0.014148447,0.9470522403717041,0.0875244140625,5872,0.2,0.3621654510498047,-0.010986390640027821,-42.18527400493622,-2.52217227,1258.0
188928,29,1304,75,0.0004092704424510632,0.03141917451284826,-0.025700241327285767,0.012275555,0.9467831254005432,0.238037109375,5888,0.2,-5.305793285369873,-0.025116352873737924,-42.16448473930359,-2.5211161,1258.0
189440,29,1304,76,0.0004092704424510632,1.2165717436000705,0.20332489907741547,0.013671277,0.9467719793319702,0.0599365234375,5904,0.2,0.29907190799713135,-0.014390505850315094,-42.15409982204437,-2.5211161,1258.0
189952,30,1304,77,0.0004092704424510632,0.004759845109219896,-0.03153209760785103,0.016466375,0.9473340511322021,0.236572265625,5920,0.2,-2.7457425594329834,-0.024935610475949943,-42.16209959983826,-2.5211161,1258.0
190464,30,1303,78,0.0004092704424510632,0.11039296630769968,0.007788967341184616,0.018713523,0.9470653533935547,0.2540283203125,5936,0.2,0.5675475597381592,-0.028016832075081766,-42.17264437675476,-2.5187061600000002,1258.0
190976,31,1303,79,0.0004092704424510632,0.3952446938492358,0.058566320687532425,0.023289427,0.9466728568077087,0.1719970703125,5952,0.2,0.3935509920120239,-0.01551146456040442,-42.15716242790222,-2.5187061600000002,1258.0
191488,31,1303,80,0.0004092704424510632,0.01313151947397273,-0.02572847530245781,0.017759886,0.944553017616272,0.2607421875,5968,0.2,-7.443878173828125,-0.024824226507917047,-42.13038456439972,-2.51520524,1258.0
192000,31,1302,81,0.0004092704424510632,1.3835875280201435,0.2061392366886139,0.010602469,0.9435240030288696,0.0770263671875,5984,0.2,0.1332191824913025,-0.008540461349184625,-42.06058180332184,-2.51520524,1258.0
192512,32,1302,82,0.0004092704424510632,0.010053084086393937,-0.029981501400470734,0.018758036,0.9438945651054382,0.2813720703125,6000,0.2,-6.542430877685547,-0.02509619305783417,-42.05774688720703,-2.5157855399999995,1258.0
193024,32,1302,83,0.0004092704424510632,1.4783708900213242,0.17900708317756653,0.010720112,0.9440845251083374,0.065673828125,6016,0.2,0.14079564809799194,-0.011016506890882738,-42.07629346847534,-2.5157855399999995,1258.0
193536,33,1302,84,0.0004092704424510632,0.004253005532518728,-0.035287607461214066,0.022777453,0.9436501264572144,0.3226318359375,6032,0.2,-11.875520706176758,-0.029681573636480607,-42.07157838344574,-2.5157855399999995,1258.0
194048,33,1302,85,0.0004092704424510632,0.010458944307174534,-0.03039727173745632,0.029363936,0.944634199142456,0.300048828125,6048,0.2,0.041300415992736816,-0.024786828609649092,-42.08330059051514,-2.51374081,1258.0
194560,33,1302,86,0.0004092704424510632,1.4077609423547983,0.5528241991996765,0.009443669,0.944915771484375,0.02783203125,6064,0.2,0.21966993808746338,-0.005913017972488888,-42.106257915496826,-2.51374081,1258.0
195072,34,1302,87,0.0004092704424510632,0.0676660230383277,-0.023334719240665436,0.019897029,0.9435890913009644,0.2611083984375,6080,0.2,-3.4473514556884766,-0.03074959277000744,-42.09515929222107,-2.51156144,1258.0
195584,34,1301,88,0.0004092704424510632,1.1987724713981152,0.5444154143333435,0.009442192,0.94286048412323,0.0567626953125,6096,0.2,0.7060629725456238,-0.006384015112416819,-42.05311918258667,-2.51156144,1258.0
196096,34,1301,89,0.0004092704424510632,0.003117354945061379,-0.03866148367524147,0.025493555,0.9422740936279297,0.3021240234375,6112,0.2,-10.4424467086792,-0.024660707189468667,-42.038408041000366,-2.51156144,1258.0
196608,35,1302,90,0.0004092704424510632,0.008451865360257216,-0.03238027170300484,0.020668019,0.9425707459449768,0.28173828125,6128,0.2,0.06157791614532471,-0.027718982470105402,-42.03351008892059,-2.50905917,1258.0
197120,35,1302,91,0.0004092704424510632,1.248103467747569,0.24919316172599792,0.008979963,0.942613422870636,0.038330078125,6144,0.2,0.2606405019760132,-0.006704843781335512,-42.04136407375336,-2.50905917,1258.0
197632,36,1302,92,0.0004092704424510632,0.011163964911247604,-0.033401213586330414,0.015382273,0.9429386258125305,0.2283935546875,6160,0.2,-3.018371105194092,-0.023225861994433217,-42.05057942867279,-2.5074510699999997,1258.0
198144,36,1302,93,0.0004092704424510632,1.3858610903844237,0.19877472519874573,0.010138257,0.943216860294342,0.03662109375,6176,0.2,0.2503332495689392,-0.01287349515769165,-42.07151234149933,-2.5074510699999997,1258.0
198656,36,1301,94,0.0004092704424510632,0.0031819193573028315,-0.04068917781114578,0.022834336,0.9433518648147583,0.2828369140625,6192,0.2,-7.839226722717285,-0.02951958085759543,-42.07997441291809,-2.5074510699999997,1258.0
199168,37,1301,95,0.0004092704424510632,0.009434794163098559,-0.029891472309827805,0.021335512,0.942816436290741,0.2921142578125,6208,0.2,0.09530031681060791,-0.03228361066430807,-42.07903790473938,-2.50545047,1258.0
199680,37,1301,96,0.0004092704424510632,1.0743597745895386,0.09229486435651779,0.017671641,0.9425647258758545,0.10888671875,6224,0.2,0.29385918378829956,-0.014456258664722554,-42.05783689022064,-2.50545047,1258.0
200192,38,1301,97,0.0004092704424510632,0.062261538580060005,-0.017011594027280807,0.016014665,0.9412766695022583,0.2423095703125,6240,0.2,-4.476787090301514,-0.0233221845846856,-42.038583159446716,-2.5027047799999997,1258.0
200704,38,1301,98,0.0004092704424510632,0.7534941993653774,0.24267813563346863,0.026241764,0.9406679272651672,0.1298828125,6256,0.2,0.5071625709533691,-0.016343663177394774,-41.99730730056763,-2.5027047799999997,1258.0
201216,38,1301,99,0.0004092704424510632,0.008932886594266165,-0.03371904045343399,0.019056907,0.9427833557128906,0.2705078125,6272,0.2,-9.939929008483887,-0.02931198474834673,-42.016382813453674,-2.5027047799999997,1258.0
201728,39,1301,100,0.0004092704424510632,0.008689169801073149,-0.034472618252038956,0.017719205,0.9447648525238037,0.2674560546875,6288,0.2,0.19858527183532715,-0.027226135265664198,-42.09773862361908,-2.49862677,1258.0
202240,39,1301,101,0.0004092704424510632,0.6867253761738539,0.06458607316017151,0.014733469,0.9451147317886353,0.0885009765625,6304,0.2,0.34005630016326904,-0.013802822795696557,-42.13025915622711,-2.49862677,1258.0
202752,40,1301,102,0.0004092704424510632,0.01526612087036483,-0.028381891548633575,0.019073606,0.9432291388511658,0.2808837890625,6320,0.2,-5.374621868133545,-0.02574638623627834,-42.11044681072235,-2.4948276399999996,1258.0
203264,40,1301,103,0.0004092704424510632,1.3755471985787153,0.1757817566394806,0.012446867,0.9423629641532898,0.05810546875,6336,0.2,0.0810289978981018,-0.010642771172570065,-42.05151438713074,-2.4948276399999996,1258.0
203776,40,1301,104,0.0004092704424510632,0.003534183430019766,-0.03677942976355553,0.019928709,0.944965660572052,0.2982177734375,6352,0.2,-6.97044038772583,-0.028396360197803006,-42.072696566581726,-2.4948276399999996,1258.0
204288,41,1300,105,0.0004092704424510632,0.10735957883298397,0.02456149458885193,0.017793965,0.9457138180732727,0.218994140625,6368,0.2,0.4487394094467163,-0.026049383843201213,-42.149696350097656,-2.49588996,1258.0
204800,41,1300,106,0.0004092704424510632,0.28111811680719256,0.05454598739743233,0.028147362,0.945425808429718,0.153076171875,6384,0.2,0.59656822681427,-0.018132507655536756,-42.14958345890045,-2.49588996,1258.0
205312,42,1300,107,0.0004092704424510632,0.029366569564444944,-0.029230039566755295,0.02043563,0.9448753595352173,0.2540283203125,6400,0.2,-6.443631172180176,-0.027231981424847618,-42.14065706729889,-2.4954564799999996,1258.0
205824,42,1300,108,0.0004092704424510632,1.3882028041407466,0.16312409937381744,0.014401188,0.9444273710250854,0.07177734375,6416,0.2,0.14353448152542114,-0.010841112161870115,-42.11864912509918,-2.4954564799999996,1258.0
206336,42,1301,109,0.0004092704424510632,0.032099442614708096,-0.013953473418951035,0.022399705,0.9447616934776306,0.2342529296875,6432,0.2,-2.9278321266174316,-0.019500421272823587,-42.11589777469635,-2.49522797,1258.0
206848,43,1300,110,0.0004092704424510632,1.9521811194717884,0.1292661875486374,0.010541739,0.9449002742767334,0.085205078125,6448,0.2,0.11817777156829834,-0.010766218154458329,-42.12413501739502,-2.49522797,1258.0
207360,43,1300,111,0.0004092704424510632,0.00679432302058558,-0.03102264739573002,0.027371228,0.9454911947250366,0.2886962890625,6464,0.2,-9.500890731811523,-0.026576475720503367,-42.13186049461365,-2.49522797,1258.0
207872,44,1300,112,0.0004092704424510632,0.0023807418037904426,-0.03881743550300598,0.017984873,0.9468133449554443,0.2310791015625,6480,0.2,-0.006618142127990723,-0.02392149658408016,-42.16646456718445,-2.4940591,1258.0
208384,44,1300,113,0.0004092704424510632,1.875973217189312,0.1336672008037567,0.0049447045,0.9467294812202454,0.008056640625,6496,0.2,0.137462317943573,-0.007783720167935826,-42.18652939796448,-2.4940591,1258.0
208896,44,1300,114,0.0004092704424510632,0.03384633921086788,-0.030579952523112297,0.02533412,0.9468144774436951,0.2991943359375,6512,0.2,-0.9526910781860352,-0.027128954738145694,-42.18207621574402,-2.49084303,1258.0
209408,45,1299,115,0.0004092704424510632,1.0721131451427937,0.2242988646030426,0.009555321,0.9469956159591675,0.0455322265625,6528,0.2,0.4831066131591797,-0.006210615625604987,-42.18789875507355,-2.49084303,1258.0
209920,45,1297,116,0.0004092704424510632,0.005549884343054146,-0.04773681238293648,0.02784944,0.9468510746955872,0.3123779296875,6544,0.2,-8.31457233428955,-0.03211661396198906,-42.187625765800476,-2.49084303,1258.0
210432,46,1297,117,0.0004092704424510632,0.008291929538245313,-0.0381816029548645,0.02201461,0.9468990564346313,0.3009033203125,6560,0.2,0.04589498043060303,-0.030282296589575708,-42.18803822994232,-2.48933801,1258.0
210944,46,1297,118,0.0004092704424510632,1.2228251658380032,0.3050372898578644,0.008491939,0.9468501806259155,0.02685546875,6576,0.2,0.2576233744621277,-0.0070933416282059625,-42.189637660980225,-2.48933801,1258.0
211456,46,1297,119,0.0004092704424510632,0.049891478556673974,-0.005187682807445526,0.019452445,0.9476513862609863,0.2467041015625,6592,0.2,-4.723574638366699,-0.021736874725320376,-42.19306015968323,-2.48752477,1258.0
211968,47,1297,120,0.0004092704424510632,1.0510418135672808,0.5389916896820068,0.00880613,0.9480087757110596,0.0426025390625,6608,0.2,0.43291205167770386,-0.009626922445022501,-42.21838688850403,-2.48752477,1258.0
212480,47,1297,121,0.0004092704424510632,0.01699793704028707,-0.034232061356306076,0.020709071,0.9483707547187805,0.27978515625,6624,0.2,-9.739469528198242,-0.025106476168730296,-42.222927927970886,-2.48752477,1258.0
212992,48,1297,122,0.0004092704424510632,0.008269571408163756,-0.029935751110315323,0.017055187,0.950149655342102,0.2657470703125,6640,0.2,0.10884654521942139,-0.025202813849318773,-42.25335717201233,-2.4831837599999997,1258.0
213504,48,1297,123,0.0004092704424510632,1.1566379498690367,0.13145796954631805,0.011555774,0.950674831867218,0.05712890625,6656,0.2,0.31733405590057373,-0.01023742466350086,-42.30129027366638,-2.4831837599999997,1258.0
214016,48,1297,124,0.0004092704424510632,0.023895143589470536,-0.018996408209204674,0.016342336,0.9503306746482849,0.2421875,6672,0.2,-4.209847450256348,-0.022617769107455388,-42.300211668014526,-2.4811699999999997,1258.0
214528,49,1296,125,0.0004092704424510632,0.9905727612785995,0.107584148645401,0.016573334,0.9502905607223511,0.099609375,6688,0.2,0.35172373056411743,-0.01204562999191694,-42.287535071372986,-2.4811699999999997,1258.0
215040,49,1296,126,0.0004092704424510632,0.005039504336309619,-0.038176435977220535,0.016647581,0.9513331651687622,0.2652587890625,6704,0.2,-7.018272399902344,-0.024953514184744563,-42.3042733669281,-2.4811699999999997,1258.0
215552,50,1296,127,0.0004092704424510632,0.011638046882580966,-0.03853204846382141,0.02348886,0.951574981212616,0.285888671875,6720,0.2,0.16743987798690796,-0.02671519991417881,-42.32972204685211,-2.4799179,1258.0
216064,50,1296,128,0.0004092704424510632,0.8694978575222194,0.10336313396692276,0.010453982,0.9514918327331543,0.04248046875,6736,0.2,0.3505234718322754,-0.01055829097458627,-42.33744430541992,-2.4799179,1258.0
216576,50,1296,129,0.0004092704424510632,0.015362721460405737,-0.02323528379201889,0.019238202,0.9522726535797119,0.2493896484375,6752,0.2,-5.134527206420898,-0.02294974534015637,-42.34136199951172,-2.47848638,1258.0
217088,51,1296,130,0.0004092704424510632,1.2349624810740352,0.13485103845596313,0.004481214,0.9525503516197205,0.0054931640625,6768,0.2,0.2206764817237854,-0.0024533467294531874,-42.363112926483154,-2.47848638,1258.0
217600,51,1296,131,0.0004092704424510632,0.0145204510045005,-0.0408465713262558,0.0166497,0.9499144554138184,0.25537109375,6784,0.2,-2.612231492996216,-0.029318464468815364,-42.33175301551819,-2.47848638,1258.0
218112,52,1296,132,0.0004092704424510632,0.14109686948359013,0.0279298797249794,0.016065214,0.9490529894828796,0.16748046875,6800,0.2,0.28124284744262695,-0.016641833732137457,-42.258123993873596,-2.47531081,1258.0
218624,52,1296,133,0.0004092704424510632,0.21643240959383547,0.01503976434469223,0.032890633,0.9491783976554871,0.1956787109375,6816,0.2,0.7734089493751526,-0.020529446803266183,-42.25469517707825,-2.47531081,1258.0
219136,52,1296,134,0.0004092704424510632,0.06739087647292763,-0.022217411547899246,0.016596109,0.9482042193412781,0.216552734375,6832,0.2,-6.153552055358887,-0.021738916242611594,-42.24656641483307,-2.47554572,1258.0
219648,53,1297,135,0.0004092704424510632,1.1695700511336327,0.17213088274002075,0.0075853267,0.9475809335708618,0.0220947265625,6848,0.2,0.19853746891021729,-0.0052649157514679246,-42.21157145500183,-2.47554572,1258.0
220160,53,1297,136,0.0004092704424510632,0.014189233261276968,-0.03079533949494362,0.02881143,0.9489652514457703,0.297607421875,6864,0.2,-10.341615676879883,-0.025084619701374322,-42.216739654541016,-2.47418798,1258.0
220672,54,1297,137,0.0004092704424510632,1.7797389347106218,0.19758710265159607,0.0085511515,0.949654221534729,0.03076171875,6880,0.2,0.14500397443771362,-0.009362365242850501,-42.26582729816437,-2.47418798,1258.0
221184,54,1297,138,0.0004092704424510632,0.002489836697350256,-0.029381535947322845,0.022320148,0.9492868781089783,0.283203125,6896,0.2,-1.4674437046051025,-0.02563865350384731,-42.269930720329285,-2.47418798,1258.0
221696,54,1297,139,0.0004092704424510632,0.0022503217151097488,-0.04660196974873543,0.017165802,0.9489179849624634,0.257568359375,6912,0.2,0.0069062113761901855,-0.030957013135775924,-42.26082003116608,-2.4709269899999997,1258.0
222208,55,1297,140,0.0004092704424510632,1.3313827142119408,0.14242681860923767,0.008958681,0.9487184882164001,0.03955078125,6928,0.2,0.09106695652008057,-0.011441785838542273,-42.25571918487549,-2.4709269899999997,1258.0
222720,55,1297,141,0.0004092704424510632,0.030628318490926176,-0.023540610447525978,0.020628313,0.9464605450630188,0.24267578125,6944,0.2,-3.197556495666504,-0.018143431734642945,-42.22466325759888,-2.46859176,1258.0
223232,56,1297,142,0.0004092704424510632,1.3532764706760645,0.21770653128623962,0.008912817,0.945726752281189,0.058349609375,6960,0.2,0.5342453718185425,-0.011771453457185999,-42.16302490234375,-2.46859176,1258.0
223744,56,1296,143,0.0004092704424510632,0.009971180574211758,-0.026624254882335663,0.020508973,0.9448373317718506,0.27392578125,6976,0.2,-11.731586456298828,-0.02347716579970438,-42.146742820739746,-2.46859176,1258.0
224256,56,1296,144,0.0004092704424510632,0.007199303596280515,-0.034902431070804596,0.0158973,0.9449697136878967,0.2467041015625,6992,0.2,0.051046907901763916,-0.02478249408886768,-42.12548291683197,-2.4651778099999997,1258.0
224768,57,1296,145,0.0004092704424510632,0.8803787883371115,0.12726610898971558,0.010237845,0.9450650215148926,0.0386962890625,7008,0.2,0.25101423263549805,-0.007163275797211099,-42.13976061344147,-2.4651778099999997,1258.0
225280,57,1296,146,0.0004092704424510632,0.011878014134708792,-0.0281645767390728,0.019509368,0.944685161113739,0.2716064453125,7024,0.2,-3.326231002807617,-0.023686182874371298,-42.131550312042236,-2.46463484,1258.0
225792,58,1296,147,0.0004092704424510632,1.718831729143858,0.42424851655960083,0.010663852,0.9445933699607849,0.080322265625,7040,0.2,0.1360785961151123,-0.00968218652997166,-42.12354230880737,-2.46463484,1258.0
226304,0,4226,1,0.0004092704424510632,0.002379240635491442,-0.0422130823135376,0.019123293,0.9450675249099731,0.269775390625,7056,0.2,-1.216219186782837,-0.02812739272485487,-42.12475323677063,-2.46463484,1258.0
226816,0,1969,2,0.0004092704424510632,0.011115795801742934,-0.03729001432657242,0.024732973,0.9491372108459473,0.3167724609375,7072,0.2,0.10066533088684082,-0.03087516874074936,-42.193177700042725,-2.46535774,1258.0
227328,0,1669,3,0.0004092704424510632,1.1751505360007286,0.36445409059524536,0.0082073435,0.9504608511924744,0.02392578125,7088,0.2,0.3865486979484558,-0.00816777054569684,-42.30410706996918,-2.46535774,1258.0
227840,1,1549,4,0.0004092704424510632,0.05802966665942222,-0.005828134715557098,0.017047301,0.9501951932907104,0.2113037109375,7104,0.2,-4.920566558837891,-0.019132140369038098,-42.31278419494629,-2.46471471,1258.0
228352,1,1484,5,0.0004092704424510632,1.1973451739177108,0.2321784943342209,0.00927498,0.9499865770339966,0.046875,7120,0.2,0.4712783098220825,-0.011180313580553047,-42.29658222198486,-2.46471471,1258.0
228864,2,1442,6,0.0004092704424510632,0.009905730417813174,-0.03959213197231293,0.02521852,0.9493330121040344,0.285888671875,7136,0.2,-8.760897636413574,-0.025656407451606356,-42.286038637161255,-2.46471471,1258.0
229376,2,1416,7,0.0004092704424510632,0.010147007240448147,-0.03369642049074173,0.022297718,0.9487238526344299,0.29150390625,7152,0.2,0.13257622718811035,-0.028840663260780275,-42.26459312438965,-2.4645488799999997,1258.0
229888,2,1398,8,0.0004092704424510632,0.9372264128178358,0.11975941061973572,0.009823736,0.9484511017799377,0.044677734375,7168,0.2,0.2962857484817505,-0.009466100884310436,-42.24220311641693,-2.4645488799999997,1258.0
230400,3,1383,9,0.0004092704424510632,0.053333910065703094,-0.018944676965475082,0.019447034,0.9481715559959412,0.2015380859375,7184,0.2,-4.836520671844482,-0.018908583479060326,-42.23866415023804,-2.4635617400000003,1258.0
230912,3,1369,10,0.0004092704424510632,0.9176649218425155,0.24325238168239594,0.010532495,0.9480084776878357,0.0506591796875,7200,0.2,0.436387300491333,-0.007791557094606105,-42.22562563419342,-2.4635617400000003,1258.0
231424,4,1361,11,0.0004092704424510632,0.006986631327890791,-0.01676788367331028,0.019867409,0.9462501406669617,0.2723388671875,7216,0.2,-4.673067569732666,-0.023525329626863822,-42.202173829078674,-2.4635617400000003,1258.0
231936,4,1354,12,0.0004092704424510632,0.010733464907389134,-0.028614994138479233,0.021507923,0.9437944889068604,0.280517578125,7232,0.2,0.18356859683990479,-0.025451081339269876,-42.139601826667786,-2.4662769499999997,1258.0
232448,4,1348,13,0.0004092704424510632,0.6176236656028777,0.023021996021270752,0.014534773,0.9431161284446716,0.06494140625,7248,0.2,0.3454798460006714,-0.010963572916807607,-42.07939803600311,-2.4662769499999997,1258.0
232960,5,1342,14,0.0004092704424510632,0.030450166173977777,-0.025781622156500816,0.01754646,0.9418542385101318,0.214111328125,7264,0.2,-6.7289934158325195,-0.020530795940430835,-42.062873125076294,-2.4667070599999996,1258.0
233472,5,1338,15,0.0004092704424510632,1.6342988228425384,0.1313435137271881,0.006649874,0.9412557482719421,0.016357421875,7280,0.2,0.15918636322021484,-0.00864824146265164,-42.01809573173523,-2.4667070599999996,1258.0
233984,6,1334,16,0.0004092704424510632,0.014414207835216075,-0.03481448441743851,0.030619923,0.9409307837486267,0.338134765625,7296,0.2,-1.3409144878387451,-0.03373781158734346,-42.009878516197205,-2.4667070599999996,1258.0
234496,6,1331,17,0.0004092704424510632,0.30894235242158175,0.13108377158641815,0.0164507,0.9417375326156616,0.207275390625,7312,0.2,0.5766233205795288,-0.021990189081407152,-42.00209188461304,-2.4661137299999996,1258.0
235008,6,1328,18,0.0004092704424510632,0.0974083449691534,-0.0007583703845739365,0.014327094,0.9423001408576965,0.2066650390625,7328,0.2,0.4880104660987854,-0.01440889755031094,-42.03263485431671,-2.4661137299999996,1258.0
235520,7,1324,19,0.0004092704424510632,0.013460557791404426,-0.04007883742451668,0.02248281,0.9432784914970398,0.2791748046875,7344,0.2,-5.548701286315918,-0.025869344302918762,-42.05268061161041,-2.46519745,1258.0
236032,7,1322,20,0.0004092704424510632,0.9350216817110777,0.14028751850128174,0.013461325,0.9431420564651489,0.0521240234375,7360,0.2,0.20915520191192627,-0.01262801060511265,-42.07441604137421,-2.46519745,1258.0
236544,8,1320,21,0.0004092704424510632,0.0054389093347708695,-0.029245315119624138,0.022011476,0.9451890587806702,0.2611083984375,7376,0.2,-4.2271881103515625,-0.020237650074705016,-42.08959650993347,-2.4645961799999996,1258.0
237056,8,1318,22,0.0004092704424510632,1.0223422078415751,0.14371232688426971,0.013179043,0.946283757686615,0.056884765625,7392,0.2,0.22128164768218994,-0.009571737959049642,-42.15967118740082,-2.4645961799999996,1258.0
237568,8,1316,23,0.0004092704424510632,0.0026536274490354117,-0.04515167698264122,0.02976808,0.945163369178772,0.3531494140625,7408,0.2,-8.075180053710938,-0.034522539674071595,-42.158745646476746,-2.4645961799999996,1258.0
238080,9,1314,24,0.0004092704424510632,0.010388206472271122,-0.03468959778547287,0.017936364,0.9450230598449707,0.286376953125,7424,0.2,0.04087376594543457,-0.028212205055751838,-42.13110637664795,-2.46418188,1258.0
238592,9,1313,25,0.0004092704424510632,1.1556744361296296,0.23578596115112305,0.007438777,0.9449172616004944,0.026611328125,7440,0.2,0.3180297613143921,-0.003720292108482681,-42.13701319694519,-2.46418188,1258.0
239104,10,1311,26,0.0004092704424510632,0.016456478595500812,-0.04352625086903572,0.01960764,0.9428073763847351,0.2833251953125,7456,0.2,-4.9717817306518555,-0.02625405830622185,-42.10506618022919,-2.46330576,1258.0
239616,10,1310,27,0.0004092704424510632,1.8060195883736014,0.31202438473701477,0.0069206324,0.9424195885658264,0.0205078125,7472,0.2,0.17327487468719482,-0.004441716882865876,-42.045631647109985,-2.46330576,1258.0
240128,10,1309,28,0.0004092704424510632,0.003522162362060044,-0.02917448803782463,0.017430404,0.9426072835922241,0.259033203125,7488,0.2,-1.9721271991729736,-0.025140423844277393,-42.04651463031769,-2.46330576,1258.0
240640,11,1308,29,0.0004092704424510632,0.009045673243235797,-0.030422624200582504,0.019863881,0.9440124034881592,0.28955078125,7504,0.2,0.08618354797363281,-0.029264685872476548,-42.06604051589966,-2.46238022,1258.0
241152,11,1307,30,0.0004092704424510632,1.116458280943334,0.13626277446746826,0.010878646,0.9446119666099548,0.0318603515625,7520,0.2,0.34108585119247437,-0.006150623383291531,-42.09983503818512,-2.46238022,1258.0
241664,12,1307,31,0.0004092704424510632,0.014623173366999254,-0.02810416743159294,0.019706178,0.9459176659584045,0.3116455078125,7536,0.2,-3.0614633560180664,-0.028288345158216543,-42.125927805900574,-2.4613,1258.0
242176,12,1305,32,0.0004092704424510632,1.7359743425622582,0.1696643978357315,0.006555496,0.9463242292404175,0.0223388671875,7552,0.2,0.15835899114608765,-0.008436060277745128,-42.1573224067688,-2.4613,1258.0
242688,12,1305,33,0.0004092704424510632,0.005876880382857053,-0.035108402371406555,0.018709317,0.9461197853088379,0.2803955078125,7568,0.2,-6.784393787384033,-0.027509321662364528,-42.15759265422821,-2.4613,1258.0
243200,13,1304,34,0.0004092704424510632,0.007469337011571042,-0.02439967542886734,0.01734035,0.9478452205657959,0.2698974609375,7584,0.2,0.10862380266189575,-0.02489696217526216,-42.170716881752014,-2.4569879,1258.0
243712,13,1302,35,0.0004092704424510632,0.8876263503916562,0.18181262910366058,0.013599303,0.9485029578208923,0.0623779296875,7600,0.2,0.26174867153167725,-0.011727139048161916,-42.21820652484894,-2.4569879,1258.0
244224,14,1302,36,0.0004092704424510632,0.011197251064004377,-0.03634748235344887,0.019355437,0.9478198885917664,0.2730712890625,7616,0.2,-2.6680495738983154,-0.027497406052134465,-42.21812570095062,-2.45571437,1258.0
244736,14,1301,37,0.0004092704424510632,1.2211819235235453,0.1933087855577469,0.007971037,0.9476941823959351,0.032470703125,7632,0.2,0.2937690019607544,-0.009368871571496129,-42.19715178012848,-2.45571437,1258.0
245248,14,1301,38,0.0004092704424510632,0.006601111985219177,-0.04417554289102554,0.020436615,0.9491894841194153,0.2767333984375,7648,0.2,-1.612070083618164,-0.0269817179068923,-42.21531367301941,-2.45571437,1258.0
245760,15,1300,39,0.0004092704424510632,0.01320589956594631,-0.034238301217556,0.019767668,0.9486667513847351,0.2939453125,7664,0.2,0.2567651867866516,-0.02713790547568351,-42.246859192848206,-2.45581166,1258.0
246272,15,1299,40,0.0004092704424510632,0.7621016530320048,0.07267385721206665,0.007423883,0.9480463266372681,0.0284423828125,7680,0.2,0.431870698928833,-0.009188889802317135,-42.21916735172272,-2.45581166,1258.0
246784,16,1298,41,0.0004092704424510632,0.08180558669846505,-0.005161125212907791,0.020341504,0.9479014873504639,0.24169921875,7696,0.2,-6.001302719116211,-0.02393596548063215,-42.20847702026367,-2.45654377,1258.0
247296,16,1298,42,0.0004092704424510632,1.1015863288193941,0.3406720757484436,0.01342976,0.9480708241462708,0.09521484375,7712,0.2,0.24557220935821533,-0.011179996989085339,-42.21152853965759,-2.45654377,1258.0
247808,16,1297,43,0.0004092704424510632,0.009018730284878984,-0.03467262536287308,0.021678839,0.9477343559265137,0.289794921875,7728,0.2,-12.345947265625,-0.026234823861159384,-42.207143664360046,-2.45654377,1258.0
248320,17,1297,44,0.0004092704424510632,0.029025566414929926,-0.012271706014871597,0.015605632,0.9484841227531433,0.2406005859375,7744,0.2,0.39781492948532104,-0.0255250004993286,-42.20975863933563,-2.45261976,1258.0
248832,17,1296,45,0.0004092704424510632,0.44859873125096783,0.018387282267212868,0.019657495,0.9487881660461426,0.0821533203125,7760,0.2,0.22325283288955688,-0.010370038988185115,-42.22814762592316,-2.45261976,1258.0
249344,18,1296,46,0.0004092704424510632,0.03119915968272835,-0.03733012080192566,0.022736222,0.9502066373825073,0.2642822265625,7776,0.2,-5.646031379699707,-0.025881986308377236,-42.24769163131714,-2.45187379,1258.0
249856,18,1296,47,0.0004092704424510632,1.6534077757969499,0.1303032785654068,0.008684656,0.9509264826774597,0.0345458984375,7792,0.2,0.13119292259216309,-0.008799542338238098,-42.2901736497879,-2.45187379,1258.0
250368,18,1295,48,0.0004092704424510632,0.02110092231305316,-0.029615648090839386,0.029770862,0.9511508345603943,0.308349609375,7808,0.2,-1.3725104331970215,-0.028928182320669293,-42.30571496486664,-2.4512839399999997,1258.0
250880,19,1295,49,0.0004092704424510632,0.9975975789129734,0.3214689791202545,0.010004224,0.9510672688484192,0.056640625,7824,0.2,0.6434374451637268,-0.009483047819230705,-42.30397844314575,-2.4512839399999997,1258.0
251392,19,1294,50,0.0004092704424510632,0.0043758029241871554,-0.04175290837883949,0.021776086,0.9508944749832153,0.2633056640625,7840,0.2,-11.452472686767578,-0.02722144772997126,-42.298916935920715,-2.4512839399999997,1258.0
251904,20,1294,51,0.0004092704424510632,0.002663354061951395,-0.033175237476825714,0.018253552,0.9502739310264587,0.251220703125,7856,0.2,-0.06596803665161133,-0.026622048957506195,-42.28220283985138,-2.44977827,1258.0
252416,20,1294,52,0.0004092704424510632,1.4206844680011272,0.2630573511123657,0.0073245578,0.9497909545898438,0.0350341796875,7872,0.2,0.2127498984336853,-0.009998802066547796,-42.260804891586304,-2.44977827,1258.0
252928,20,1294,53,0.0004092704424510632,0.012087222872651182,-0.030512018129229546,0.022227352,0.9479403495788574,0.2672119140625,7888,0.2,-1.1301770210266113,-0.025613489546230994,-42.22608411312103,-2.44810748,1258.0
253440,21,1293,54,0.0004092704424510632,1.473714081570506,0.17590153217315674,0.010973161,0.9476677775382996,0.041259765625,7904,0.2,0.36571913957595825,-0.010145722702873172,-42.18341815471649,-2.44810748,1258.0
253952,21,1293,55,0.0004092704424510632,0.0032074616610771045,-0.034188318997621536,0.020052671,0.9484133720397949,0.292724609375,7920,0.2,-10.4539794921875,-0.028173128128401004,-42.19340705871582,-2.44810748,1258.0
254464,22,1293,56,0.0004092704424510632,0.00936964456923306,-0.03822213038802147,0.02788432,0.9493033289909363,0.322509765625,7936,0.2,0.04157918691635132,-0.029076558974338695,-42.22128200531006,-2.44590002,1258.0
254976,22,1292,57,0.0004092704424510632,1.1719542555510998,0.3045867681503296,0.012763033,0.9494161009788513,0.0675048828125,7952,0.2,0.23789763450622559,-0.011194519844138995,-42.239043831825256,-2.44590002,1258.0
255488,22,1292,58,0.0004092704424510632,0.05450876452960074,-0.013841528445482254,0.016072938,0.9496597051620483,0.2386474609375,7968,0.2,-2.6554596424102783,-0.02273148321546614,-42.24063444137573,-2.4444864699999997,1258.0
256000,23,1292,59,0.0004092704424510632,1.2673745825886726,0.2807016670703888,0.0073969937,0.949597954750061,0.0189208984375,7984,0.2,0.6905268430709839,-0.005922294556512497,-42.238553166389465,-2.4444864699999997,1258.0
256512,23,1292,60,0.0004092704424510632,0.005324107994965743,-0.03527843952178955,0.032199897,0.9480701088905334,0.3114013671875,8000,0.2,-8.430943489074707,-0.026638204988557845,-42.2154643535614,-2.4444864699999997,1258.0
257024,24,1292,61,0.0004092704424510632,0.009621101300581358,-0.02086619846522808,0.014702579,0.9482357501983643,0.2413330078125,8016,0.2,0.08874648809432983,-0.022036435053450987,-42.18438994884491,-2.44083822,1258.0
257536,24,1292,62,0.0004092704424510632,1.0930826496332884,0.11869979649782181,0.008190405,0.9482755064964294,0.016845703125,8032,0.2,0.3033853769302368,-0.0073395533981965855,-42.19437265396118,-2.44083822,1258.0
258048,24,1292,63,0.0004092704424510632,0.015240856009768322,-0.03203527256846428,0.013679165,0.9488255977630615,0.225830078125,8048,0.2,-4.146533012390137,-0.023063644650392234,-42.19383931159973,-2.4368411899999995,1258.0
258560,25,1292,64,0.0004092704424510632,1.3267610520124435,0.17332521080970764,0.0055887224,0.9490890502929688,0.01513671875,8064,0.2,0.30433177947998047,-0.001364600277156569,-42.21310472488403,-2.4368411899999995,1258.0
259072,25,1291,65,0.0004092704424510632,0.005435655250039417,-0.03749518841505051,0.01690219,0.9487531185150146,0.285400390625,8080,0.2,-3.390538215637207,-0.028799774605431594,-42.20722937583923,-2.4368411899999995,1258.0
259584,26,1291,66,0.0004092704424510632,0.008906790651963092,-0.015251286327838898,0.020829517,0.9480254650115967,0.2930908203125,8096,0.2,0.17229533195495605,-0.027020670182537287,-42.190701961517334,-2.43257573,1258.0
260096,26,1291,67,0.0004092704424510632,0.9269993044435978,0.20549894869327545,0.0099431155,0.9477867484092712,0.044921875,8112,0.2,0.34924954175949097,-0.009313241062045563,-42.16795074939728,-2.43257573,1258.0
260608,26,1291,68,0.0004092704424510632,0.035760365513851866,-0.03308325260877609,0.022020236,0.948098361492157,0.2496337890625,8128,0.2,-5.71718168258667,-0.024536112876376137,-42.17014217376709,-2.4304211299999996,1258.0
261120,27,1291,69,0.0004092704424510632,1.0877248626202345,0.15982025861740112,0.013265943,0.9482542872428894,0.0528564453125,8144,0.2,0.27102798223495483,-0.01048079704924021,-42.1806378364563,-2.4304211299999996,1258.0
261632,27,1291,70,0.0004092704424510632,0.004813871477381326,-0.03486163914203644,0.025389738,0.9469583034515381,0.308349609375,8160,0.2,-1.950697422027588,-0.031680974512710236,-42.16854190826416,-2.4304211299999996,1258.0
262144,28,1291,71,0.0004092704424510632,0.01572877145372331,-0.030772924423217773,0.022752106,0.9467670321464539,0.303955078125,8176,0.2,0.2182808518409729,-0.02746262919390574,-42.133392214775085,-2.4291354599999995,1258.0
262656,28,1291,72,0.0004092704424510632,0.6616754620335996,0.03870655596256256,0.020950565,0.9464809894561768,0.0849609375,8192,0.2,0.1815335750579834,-0.016933054430410266,-42.12564766407013,-2.4291354599999995,1258.0
263168,28,1291,73,0.0004092704424510632,0.031526090984698385,-0.015143997967243195,0.017842606,0.9471107125282288,0.2484130859375,8208,0.2,-5.8338623046875,-0.02073843200923875,-42.12368381023407,-2.4269768,1258.0
263680,29,1291,74,0.0004092704424510632,1.3443647418171167,0.15828952193260193,0.008003522,0.9472349882125854,0.02392578125,8224,0.2,0.22927802801132202,-0.0077711401172564365,-42.14592444896698,-2.4269768,1258.0
264192,29,1290,75,0.0004092704424510632,0.01892123304423876,-0.027823057025671005,0.022564203,0.9485087990760803,0.2608642578125,8240,0.2,-6.368185520172119,-0.024492257420206442,-42.16306507587433,-2.4275614699999997,1258.0
264704,30,1290,76,0.0004092704424510632,1.8876604866236448,0.19156572222709656,0.004947505,0.9490496516227722,0.00927734375,8256,0.2,0.14488756656646729,-0.003883681602019351,-42.20363116264343,-2.4275614699999997,1258.0
265216,30,1290,77,0.0004092704424510632,0.006615135123865912,-0.04046085476875305,0.021748893,0.9489564299583435,0.2786865234375,8272,0.2,-13.871789932250977,-0.028890054760267958,-42.20804023742676,-2.4275614699999997,1258.0
265728,30,1290,78,0.0004092704424510632,0.0030721754374098964,-0.023313196375966072,0.013257271,0.947468638420105,0.2264404296875,8288,0.2,-0.016668200492858887,-0.021421296129119582,-42.18614685535431,-2.42957858,1258.0
266240,31,1289,79,0.0004092704424510632,1.720249150879681,0.1263304501771927,0.0047244756,0.946998119354248,0.0086669921875,8304,0.2,0.1812775731086731,-0.002542142952734139,-42.151914834976196,-2.42957858,1258.0
266752,31,1289,80,0.0004092704424510632,0.0183100969879888,-0.01936762034893036,0.021092594,0.9484289884567261,0.252197265625,8320,0.2,-3.971031665802002,-0.02077837154502049,-42.16608786582947,-2.4270898499999998,1258.0
267264,32,1289,81,0.0004092704424510632,1.385577155277133,0.13719162344932556,0.008445329,0.9487406015396118,0.03271484375,8336,0.2,0.3252101540565491,-0.005206954519962892,-42.206295132637024,-2.4270898499999998,1258.0
267776,32,1289,82,0.0004092704424510632,0.005278595781419426,-0.01454429142177105,0.015774153,0.949370265007019,0.220947265625,8352,0.2,-9.061902046203613,-0.017682015677564777,-42.21451926231384,-2.4270898499999998,1258.0
268288,32,1289,83,0.0004092704424510632,0.00906424860295374,-0.02341746911406517,0.019426793,0.9491329193115234,0.2911376953125,8368,0.2,0.04977315664291382,-0.029916174884419888,-42.22761833667755,-2.42679033,1258.0
268800,33,1289,84,0.0004092704424510632,1.098680753260851,0.20308418571949005,0.015221571,0.9492465853691101,0.0733642578125,8384,0.2,0.3116534948348999,-0.012560144779854454,-42.22351849079132,-2.42679033,1258.0
269312,33,1289,85,0.0004092704424510632,0.008451924091787077,-0.019088685512542725,0.018414889,0.9485843777656555,0.247314453125,8400,0.2,-4.256326675415039,-0.023628888418897986,-42.21754503250122,-2.42385441,1258.0
269824,34,1289,86,0.0004092704424510632,1.41558719240129,0.17470583319664001,0.007563994,0.9483501315116882,0.02734375,8416,0.2,0.2823401093482971,-0.010746602521976456,-42.201353311538696,-2.42385441,1258.0
270336,34,1289,87,0.0004092704424510632,0.00786853820682154,-0.049166239798069,0.021402685,0.9479643106460571,0.250244140625,8432,0.2,-14.456722259521484,-0.025773945468245074,-42.19543242454529,-2.42385441,1258.0
270848,34,1289,88,0.0004092704424510632,0.006735483446391299,-0.031423475593328476,0.022102088,0.9477354288101196,0.3199462890625,8448,0.2,0.08841872215270996,-0.029382604574493598,-42.1790132522583,-2.4220259100000003,1258.0
271360,35,1287,89,0.0004092704424510632,1.0590504528954625,0.21726208925247192,0.016360318,0.947665810585022,0.0673828125,8464,0.2,0.28397202491760254,-0.013208784715970978,-42.178709626197815,-2.4220259100000003,1258.0
271872,35,1287,90,0.0004092704424510632,0.005793666219688021,-0.03748955950140953,0.024929462,0.9491435289382935,0.3031005859375,8480,0.2,-5.021331787109375,-0.024618900439236313,-42.19669735431671,-2.4245030499999998,1258.0
272384,36,1287,91,0.0004092704424510632,1.2860219655558467,0.32558608055114746,0.0153098665,0.9495269060134888,0.1103515625,8496,0.2,0.23234623670578003,-0.014656089930213057,-42.231884598731995,-2.4245030499999998,1258.0
272896,36,1287,92,0.0004092704424510632,0.007646729609405156,-0.03946424648165703,0.02112652,0.9515231847763062,0.289794921875,8512,0.2,-11.343648910522461,-0.024303700382006355,-42.2559859752655,-2.4245030499999998,1258.0
273408,37,1286,93,0.0004092704424510632,0.008125726177240722,-0.03507145121693611,0.021532461,0.9533822536468506,0.262939453125,8528,0.2,0.13593369722366333,-0.02818698978808243,-42.3274827003479,-2.4237072299999998,1258.0
273920,37,1286,94,0.0004092704424510632,0.879899840336293,0.09356223046779633,0.015567936,0.9538378715515137,0.067626953125,8544,0.2,0.3040998578071594,-0.009976596280466765,-42.36597990989685,-2.4237072299999998,1258.0
274432,37,1286,95,0.0004092704424510632,0.03035357326734811,-0.041195098310709,0.02385535,0.9548785090446472,0.27392578125,8560,0.2,-7.9768171310424805,-0.024578952929005027,-42.38195514678955,-2.42298437,1258.0
274944,38,1286,96,0.0004092704424510632,1.9237678591161966,0.15647825598716736,0.009748889,0.9550990462303162,0.0543212890625,8576,0.2,0.13695895671844482,-0.013044080420513637,-42.402379631996155,-2.42298437,1258.0
275456,38,1286,97,0.0004092704424510632,0.002534912789997179,-0.03040209971368313,0.011555005,0.9543803930282593,0.2069091796875,8592,0.2,-1.6449172496795654,-0.019808656885288656,-42.39607906341553,-2.42298437,1258.0
275968,39,1286,98,0.0004092704424510632,0.012455261719878763,-0.027128832414746284,0.020292442,0.9526503086090088,0.2567138671875,8608,0.2,0.10473060607910156,-0.02279148268280551,-42.35374903678894,-2.42593699,1258.0
276480,39,1286,99,0.0004092704424510632,0.9443489573895931,0.07156450301408768,0.013028521,0.9521198868751526,0.0526123046875,8624,0.2,0.22689861059188843,-0.01246368364081718,-42.30946934223175,-2.42593699,1258.0
276992,39,1286,100,0.0004092704424510632,0.02379202761221677,-0.01994723081588745,0.014187744,0.9507174491882324,0.1732177734375,8640,0.2,-3.6480488777160645,-0.015591335126373451,-42.286680459976196,-2.4255952899999995,1258.0
277504,40,1286,101,0.0004092704424510632,1.6408640975132585,0.16352760791778564,0.0069035236,0.9502471089363098,0.021484375,8656,0.2,0.13159197568893433,-0.005921702366322279,-42.24745535850525,-2.4255952899999995,1258.0
278016,40,1286,102,0.0004092704424510632,0.008584502211306244,-0.034926801919937134,0.016276788,0.9511988162994385,0.20751953125,8672,0.2,-3.512605667114258,-0.022280686229350977,-42.258479952812195,-2.4255952899999995,1258.0
278528,40,1286,103,0.0004092704424510632,0.29733858443796635,0.1165667325258255,0.02218409,0.9527992606163025,0.2459716796875,8688,0.2,0.5325345993041992,-0.024458397761918604,-42.305599331855774,-2.4229962,1258.0
279040,41,1286,104,0.0004092704424510632,0.0843649136768363,0.0014690728858113289,0.020364694,0.9529586434364319,0.2237548828125,8704,0.2,0.4065930247306824,-0.012735597265418619,-42.33327400684357,-2.4229962,1258.0
279552,41,1286,105,0.0004092704424510632,0.0062310299690579996,-0.02880234457552433,0.02898528,0.952821671962738,0.2967529296875,8720,0.2,-6.962522983551025,-0.024922383279772475,-42.33198130130768,-2.41734831,1258.0
280064,42,1286,106,0.0004092704424510632,2.690950706601143,0.22458818554878235,0.006576295,0.952774703502655,0.02294921875,8736,0.2,0.07078474760055542,-0.006697779543173965,-42.32581901550293,-2.41734831,1258.0
280576,42,1286,107,0.0004092704424510632,0.006166139886772726,-0.03249259293079376,0.020573195,0.9519976377487183,0.2496337890625,8752,0.2,-3.5386438369750977,-0.0219924240373075,-42.316025137901306,-2.41482269,1258.0
281088,42,1286,108,0.0004092704424510632,3.124033812433481,0.37337571382522583,0.009610691,0.9517896175384521,0.06787109375,8768,0.2,0.034731268882751465,-0.014077756917686202,-42.299346804618835,-2.41482269,1258.0
281600,43,1286,109,0.0004092704424510632,0.003827555266980198,-0.03906325623393059,0.021560587,0.9527844190597534,0.2784423828125,8784,0.2,-4.682877063751221,-0.02871741377748549,-42.30991840362549,-2.41482269,1258.0
282112,43,1286,110,0.0004092704424510632,0.005460535554448143,-0.0218807402998209,0.019346803,0.9528537392616272,0.2432861328125,8800,0.2,0.04344850778579712,-0.02091297083097743,-42.32770586013794,-2.4144091,1258.0
282624,44,1285,111,0.0004092704424510632,1.0696433451958,0.2903667986392975,0.01115004,0.9529121518135071,0.0731201171875,8816,0.2,0.20905834436416626,-0.011708802572684363,-42.32488822937012,-2.4144091,1258.0
283136,44,1286,112,0.0004092704424510632,0.0052172623909427784,-0.03672246262431145,0.018559273,0.9530331492424011,0.2591552734375,8832,0.2,-1.799753189086914,-0.024107331031700596,-42.32624638080597,-2.41159066,1258.0
283648,44,1286,113,0.0004092704424510632,1.2910015787929296,0.18763938546180725,0.011209908,0.9528248310089111,0.052001953125,8848,0.2,0.34203124046325684,-0.005865226121386513,-42.32102334499359,-2.41159066,1258.0
284160,45,1285,114,0.0004092704424510632,0.005505808374437038,-0.040906667709350586,0.02089549,0.9534595012664795,0.314453125,8864,0.2,-5.240043640136719,-0.02665503822208848,-42.32453513145447,-2.41159066,1258.0
284672,45,1285,115,0.0004092704424510632,0.007722460781224072,-0.0461469404399395,0.030677672,0.9537761807441711,0.3240966796875,8880,0.2,0.06655997037887573,-0.032288260670611635,-42.34735143184662,-2.4103801799999998,1258.0
285184,46,1285,116,0.0004092704424510632,1.1573353176936507,0.13146904110908508,0.014008703,0.9538021683692932,0.0748291015625,8896,0.2,0.28441107273101807,-0.010992246359819546,-42.34840655326843,-2.4103801799999998,1258.0
285696,46,1285,117,0.0004092704424510632,0.07531334110535681,-0.0005986839532852173,0.025192957,0.9554687738418579,0.2559814453125,8912,0.2,-1.2147109508514404,-0.02341737945971545,-42.370776891708374,-2.40958767,1258.0
286208,46,1285,118,0.0004092704424510632,1.037681539542973,0.3902636170387268,0.009569257,0.9559248685836792,0.0533447265625,8928,0.2,0.6659330129623413,-0.0051994934474350885,-42.41233158111572,-2.40958767,1258.0
286720,47,1285,119,0.0004092704424510632,0.003305325375549728,-0.026873771101236343,0.018056199,0.9555860161781311,0.2496337890625,8944,0.2,-6.765330791473389,-0.02333833549346309,-42.41155016422272,-2.40958767,1258.0
287232,47,1285,120,0.0004092704424510632,0.00777032965561375,-0.0326564721763134,0.01380044,0.954457700252533,0.233642578125,8960,0.2,0.14559400081634521,-0.024816787728923373,-42.38829982280731,-2.4068221800000003,1258.0
287744,48,1285,121,0.0004092704424510632,1.0939755076542497,0.11166296899318695,0.008532172,0.9542489051818848,0.0384521484375,8976,0.2,0.42647022008895874,-0.010319523396901786,-42.36577808856964,-2.4068221800000003,1258.0
288256,48,1285,122,0.0004092704424510632,0.03883372189011425,-0.023075062781572342,0.022034077,0.9536932110786438,0.2353515625,8992,0.2,-3.6368813514709473,-0.018241371057229117,-42.35470175743103,-2.40710566,1258.0
288768,48,1285,123,0.0004092704424510632,1.8639654237776995,0.3249208927154541,0.006412589,0.9534965753555298,0.02490234375,9008,0.2,0.17562532424926758,-0.004903901208308525,-42.339720726013184,-2.40710566,1258.0
289280,49,1285,124,0.0004092704424510632,0.007167192263295874,-0.03307930380105972,0.01762444,0.9536340832710266,0.3001708984375,9024,0.2,-0.3804079294204712,-0.028692681284155697,-42.336933612823486,-2.40710566,1258.0
289792,49,1285,125,0.0004092704424510632,0.010510924505069852,-0.022370079532265663,0.01556202,0.952294111251831,0.2452392578125,9040,0.2,0.30404436588287354,-0.024125962088874076,-42.31659948825836,-2.4057425,1258.0
290304,50,1285,126,0.0004092704424510632,0.7104024384170771,0.05705475062131882,0.0103473645,0.95171058177948,0.033447265625,9056,0.2,0.4585855007171631,-0.012114708733861335,-42.268275022506714,-2.4057425,1258.0
290816,50,1285,127,0.0004092704424510632,0.056100678571965545,-0.02283816784620285,0.024384025,0.9537564516067505,0.2271728515625,9072,0.2,-6.143739700317383,-0.020105861767660826,-42.284316420555115,-2.40468839,1258.0
291328,50,1285,128,0.0004092704424510632,1.6406444804742932,0.1479453444480896,0.0062355762,0.9542803764343262,0.026123046875,9088,0.2,0.15824878215789795,-0.003718744912475813,-42.3419554233551,-2.40468839,1258.0
291840,51,1285,129,0.0004092704424510632,0.0071148474962683395,-0.038860023021698,0.024518652,0.9553837180137634,0.3094482421875,9104,0.2,-6.622725963592529,-0.02993868026533164,-42.35825431346893,-2.40468839,1258.0
292352,51,1285,130,0.0004092704424510632,0.10814136953558773,0.005008690059185028,0.010017737,0.9554252624511719,0.177978515625,9120,0.2,0.5047740936279297,-0.019353015581145883,-42.390475034713745,-2.4040573800000002,1258.0
292864,52,1285,131,0.0004092704424510632,0.18379501631716266,-0.026620442047715187,0.023345804,0.9547507166862488,0.17431640625,9136,0.2,0.560250997543335,-0.02229364232334774,-42.37905168533325,-2.4040573800000002,1258.0
293376,52,1285,132,0.0004092704424510632,0.012914789956994355,-0.03634040430188179,0.021091439,0.9536399841308594,0.2955322265625,9152,0.2,-6.703943729400635,-0.02981880104925949,-42.352346539497375,-2.4030004700000003,1258.0
293888,52,1285,133,0.0004092704424510632,1.6169553771615028,0.4142604172229767,0.008775752,0.9532425403594971,0.037841796875,9168,0.2,0.10377156734466553,-0.009434514562599361,-42.32150614261627,-2.4030004700000003,1258.0
294400,53,1285,134,0.0004092704424510632,0.0047838882710493635,-0.03839251771569252,0.023823086,0.9547774791717529,0.290283203125,9184,0.2,-2.9472692012786865,-0.02557621052255854,-42.338531851768494,-2.4025592400000004,1258.0
294912,53,1285,135,0.0004092704424510632,1.11829914432019,0.1439162939786911,0.009543849,0.9546167254447937,0.0457763671875,9200,0.2,0.2630205750465393,-0.0052500272140605375,-42.378244280815125,-2.4025592400000004,1258.0
295424,54,1285,136,0.0004092704424510632,0.0022330181436700514,-0.048787228763103485,0.031892177,0.9576232433319092,0.358642578125,9216,0.2,-6.59503698348999,-0.03693186747113941,-42.40126669406891,-2.4025592400000004,1258.0
295936,54,1285,137,0.0004092704424510632,0.0025277343738707714,-0.04644668847322464,0.017593239,0.9582083821296692,0.3023681640625,9232,0.2,0.0235975980758667,-0.03197542639099993,-42.490113615989685,-2.4036303200000004,1258.0
296448,54,1285,138,0.0004092704424510632,1.4169818721711636,0.14559930562973022,0.008538657,0.9580782651901245,0.033935546875,9248,0.2,0.29547619819641113,-0.01146621658699587,-42.49063575267792,-2.4036303200000004,1258.0
296960,55,1285,139,0.0004092704424510632,0.02811127674067393,-0.021282481029629707,0.02398399,0.9578230381011963,0.298828125,9264,0.2,-2.0593297481536865,-0.025681034137960523,-42.487982749938965,-2.4032127900000004,1258.0
297472,55,1285,140,0.0004092704424510632,1.5042333519086242,0.33107423782348633,0.007819901,0.9576864838600159,0.053955078125,9280,0.2,0.3295847773551941,-0.007237098790938035,-42.47945988178253,-2.4032127900000004,1258.0
297984,56,1285,141,0.0004092704424510632,0.004643212152586784,-0.01756228506565094,0.020731397,0.9570978283882141,0.2738037109375,9296,0.2,-14.607521057128906,-0.024206417743698694,-42.46881914138794,-2.4032127900000004,1258.0
298496,56,1285,142,0.0004092704424510632,0.008981146151199937,-0.03267398849129677,0.017107062,0.9564900994300842,0.244873046875,9312,0.2,0.06158357858657837,-0.025694979180116206,-42.44791758060455,-2.40152776,1258.0
299008,56,1285,143,0.0004092704424510632,1.2221854804083705,0.1311424970626831,0.005856937,0.9566112756729126,0.0079345703125,9328,0.2,0.34410327672958374,-0.0027438502002041787,-42.435293674468994,-2.40152776,1258.0
299520,57,1285,144,0.0004092704424510632,0.009130640159128234,-0.031519580632448196,0.031112703,0.9565294981002808,0.3153076171875,9344,0.2,-5.13955545425415,-0.02820269223593641,-42.43518400192261,-2.4016703600000002,1258.0
300032,57,1285,145,0.0004092704424510632,1.584480319172144,0.12422304600477219,0.011815194,0.9564942121505737,0.10693359375,9360,0.2,0.1309295892715454,-0.01359051106555853,-42.425052523612976,-2.4016703600000002,1258.0
300544,58,1285,146,0.0004092704424510632,0.00279556546411186,-0.03547658771276474,0.017694023,0.9564270377159119,0.2708740234375,9376,0.2,-5.733834743499756,-0.024928806858952157,-42.419891238212585,-2.4016703600000002,1258.0
301056,58,1285,147,0.0004092704424510632,0.009998458146583289,-0.01796775311231613,0.015472123,0.9566042423248291,0.2293701171875,9392,0.2,0.16869759559631348,-0.023666834065807052,-42.421377062797546,-2.40348009,1258.0
