time/fps,time/iterations,time/total_timesteps,time/time_elapsed,train/entropy_loss,train/approx_kl,train/loss,train/value_loss,train/explained_variance,train/n_updates,train/learning_rate,train/clip_range,train/clip_fraction,train/policy_gradient_loss,train/std,rollout/ep_rew_mean,rollout/ep_len_mean
4148,1,512,0,,,,,,,,,,,,,
2455,2,1024,0,-43.998406171798706,0.016997293,-0.04927067086100578,0.16569647114374675,-0.48100996017456055,16,0.0004092704424510632,0.2,0.2728271484375,-0.03834528525476344,1.0012435913085938,,
2198,3,1536,0,-44.043506026268005,0.020474356,-0.03255509212613106,0.003766886395169422,0.0464397668838501,32,0.0004092704424510632,0.2,0.2801513671875,-0.03176955462549813,1.0019779205322266,-2.225709,1257.0
2053,4,2048,0,-44.03248751163483,0.018722363,-0.03174698352813721,0.011366708407877013,-0.011942386627197266,48,0.0004092704424510632,0.2,0.3111572265625,-0.026756425853818655,1.0010104179382324,-2.225709,1257.0
2004,5,2560,1,-44.014477372169495,0.014335414,-0.03307889774441719,0.0024206724810937885,0.09359252452850342,64,0.0004092704424510632,0.2,0.222412109375,-0.027594003302510828,1.0011712312698364,-2.276485,1257.0
1954,6,3072,1,-44.0129017829895,0.020935187,-0.035992011427879333,0.020562849938869476,-0.0162581205368042,80,0.0004092704424510632,0.2,0.307861328125,-0.03139397021732293,1.000107765197754,-2.276485,1257.0
1917,7,3584,1,-43.96295988559723,0.021952113,-0.051632605493068695,0.004811283921299037,0.03503096103668213,96,0.0004092704424510632,0.2,0.324462890625,-0.03683492713025771,0.999032199382782,-2.276485,1257.0
1894,8,4096,2,-43.923298478126526,0.018573035,-0.02713940665125847,0.004573598889692221,0.01215207576751709,112,0.0004092704424510632,0.2,0.256591796875,-0.024036750037339516,0.9970398545265198,-2.3545273333333334,1257.0
1875,9,4608,2,-43.889010310173035,0.021208987,-0.022071467712521553,0.03073924029013142,0.0007118582725524902,128,0.0004092704424510632,0.2,0.28857421875,-0.026594284310704097,0.997869074344635,-2.3545273333333334,1257.0
1862,10,5120,2,-43.89936029911041,0.015562559,-0.030153511092066765,0.001920084272569511,0.0394253134727478,144,0.0004092704424510632,0.2,0.2423095703125,-0.027177857904462144,0.9965329170227051,-2.33859275,1257.0
1853,11,5632,3,-43.80459916591644,0.01447677,-0.009151477366685867,0.037826054031029344,-0.003829479217529297,160,0.0004092704424510632,0.2,0.21728515625,-0.02113357286725659,0.9921229481697083,-2.33859275,1257.0
1847,12,6144,3,-43.69170951843262,0.015279037,-0.029124537482857704,0.004774738532432821,0.04169708490371704,176,0.0004092704424510632,0.2,0.2576904296875,-0.026368147606262937,0.9907457828521729,-2.33859275,1257.0
1839,13,6656,3,-43.679691553115845,0.01904716,-0.037299204617738724,0.0045326822000788525,0.009686291217803955,192,0.0004092704424510632,0.2,0.2354736328125,-0.02418863572529517,0.9905469417572021,-2.3601404,1257.0
1839,14,7168,3,-43.67758095264435,0.029225048,-0.019214386120438576,0.0486754912417382,0.001282036304473877,208,0.0004092704424510632,0.2,0.29296875,-0.031401245134475175,0.990558922290802,-2.3601404,1257.0
1835,15,7680,4,-43.66151297092438,0.014110265,-0.02006303146481514,0.0028868116460216697,0.005697906017303467,224,0.0004092704424510632,0.2,0.2049560546875,-0.02148059438331984,0.989220917224884,-2.2963750000000003,1257.0
1827,16,8192,4,-43.59611415863037,0.018121647,-0.01286526583135128,0.051184991956688464,0.00022751092910766602,240,0.0004092704424510632,0.2,0.2484130859375,-0.024855606970959343,0.9866697192192078,-2.2963750000000003,1257.0
1822,17,8704,4,-43.53806662559509,0.017701099,-0.03304554522037506,0.0042568659846438095,0.02648770809173584,256,0.0004092704424510632,0.2,0.20849609375,-0.02237060110201128,0.9861947894096375,-2.2963750000000003,1257.0
1816,18,9216,5,-43.553654074668884,0.014387179,-0.022009769454598427,0.004656684817746282,0.0054340362548828125,272,0.0004092704424510632,0.2,0.182373046875,-0.01886039700184483,0.9873301982879639,-2.295309,1257.0
1811,19,9728,5,-43.60711622238159,0.026592813,-0.011622410267591476,0.07063713588286191,0.0025132298469543457,288,0.0004092704424510632,0.2,0.277587890625,-0.030083096251473762,0.989439070224762,-2.295309,1257.0
1807,20,10240,5,-43.633439898490906,0.017518902,-0.02951221726834774,0.00314106635414646,-0.05858957767486572,304,0.0004092704424510632,0.2,0.229248046875,-0.023852726561017334,0.9885787963867188,-2.312063375,1257.0
1804,21,10752,5,-43.56319344043732,0.01697627,0.01209857128560543,0.0767947806743905,0.0001455545425415039,320,0.0004092704424510632,0.2,0.2757568359375,-0.025640478612331208,0.9851916432380676,-2.312063375,1257.0
1804,22,11264,6,-43.488255739212036,0.02812408,-0.04298970475792885,0.004075576864124741,0.010025739669799805,336,0.0004092704424510632,0.2,0.2840576171875,-0.029391815041890368,0.9851933717727661,-2.312063375,1257.0
1805,23,11776,6,-43.52148115634918,0.018193498,-0.039654459804296494,0.0036885417430312373,0.036938369274139404,352,0.0004092704424510632,0.2,0.2415771484375,-0.02670597902033478,0.986431896686554,-2.3035282222222224,1257.0
1806,24,12288,6,-43.55305278301239,0.025010925,-0.0017867013812065125,0.08566249976865947,0.002093076705932617,368,0.0004092704424510632,0.2,0.26220703125,-0.02947880153078586,0.9872061014175415,-2.3035282222222224,1257.0
1806,25,12800,7,-43.54888439178467,0.020049613,-0.03900253027677536,0.004202560106932651,-0.13587772846221924,384,0.0004092704424510632,0.2,0.2274169921875,-0.028324697399511933,0.9860730171203613,-2.3163743000000006,1257.0
1808,26,13312,7,-43.517892360687256,0.02060837,-0.0012404769659042358,0.08801403804682195,0.00204545259475708,400,0.0004092704424510632,0.2,0.241455078125,-0.023742199380649254,0.9861820936203003,-2.3163743000000006,1257.0
1806,27,13824,7,-43.52846002578735,0.018346189,-0.03464413806796074,0.0035983549169031903,0.03841125965118408,416,0.0004092704424510632,0.2,0.24658203125,-0.025061088876100257,0.9863467812538147,-2.3163743000000006,1257.0
1803,28,14336,7,-43.52263152599335,0.016101118,-0.04382266476750374,0.003610880230553448,0.02793097496032715,432,0.0004092704424510632,0.2,0.201904296875,-0.023591575984028168,0.9860895276069641,-2.307073545454546,1257.0
1800,29,14848,8,-43.546191692352295,0.017049309,-0.011117222718894482,0.01807049568014918,0.00527876615524292,448,0.0004092704424510632,0.2,0.1964111328125,-0.01803226102492772,0.9880446195602417,-2.307073545454546,1257.0
1798,30,15360,8,-43.60918641090393,0.020835562,-0.03925733268260956,0.005976847271085717,0.00801229476928711,464,0.0004092704424510632,0.2,0.2540283203125,-0.027609801472863182,0.9899680614471436,-2.31595475,1257.0
1797,31,15872,8,-43.648579359054565,0.02093329,0.06306343525648117,0.1256201162468642,0.003308236598968506,480,0.0004092704424510632,0.2,0.24169921875,-0.02650210601859726,0.9901630282402039,-2.31595475,1257.0
1798,32,16384,9,-43.63975393772125,0.018577047,-0.03887751325964928,0.008030504464841215,-1.1014254093170166,496,0.0004092704424510632,0.2,0.2569580078125,-0.02805245052149985,0.9900537133216858,-2.319329769230769,1257.0
1797,33,16896,9,-43.62060618400574,0.020832017,0.038248006254434586,0.13107772776857018,-0.003965616226196289,512,0.0004092704424510632,0.2,0.2845458984375,-0.02653776202350855,0.9882423877716064,-2.319329769230769,1257.0
1796,34,17408,9,-43.579031229019165,0.018389441,-0.030441459268331528,0.0040102001948980615,-0.020235061645507812,528,0.0004092704424510632,0.2,0.2535400390625,-0.024573348462581635,0.9883214235305786,-2.319329769230769,1257.0
1794,35,17920,9,-43.57501935958862,0.014122939,-0.03166770562529564,0.0038107813597889617,0.001839280128479004,544,0.0004092704424510632,0.2,0.1790771484375,-0.020701860812550876,0.9876090884208679,-2.3182365714285713,1257.0
1794,36,18432,10,-43.548611760139465,0.019977208,0.030107703059911728,0.14666992938145995,0.0006202459335327148,560,0.0004092704424510632,0.2,0.2105712890625,-0.022881223550939467,0.9872173070907593,-2.3182365714285713,1257.0
1793,37,18944,10,-43.53324866294861,0.016448762,-0.0465242937207222,0.002335556815523887,0.0010614395141601562,576,0.0004092704424510632,0.2,0.22900390625,-0.027719790959963575,0.9867451786994934,-2.3218869333333334,1257.0
1792,38,19456,10,-43.51829195022583,0.024425492,0.042039427906274796,0.13463374134153128,0.0003654956817626953,592,0.0004092704424510632,0.2,0.247802734375,-0.026022179750725627,0.985838770866394,-2.3218869333333334,1257.0
1790,39,19968,11,-43.498905181884766,0.025988154,-0.04499641805887222,0.0037131179924472235,-0.0030263662338256836,608,0.0004092704424510632,0.2,0.2962646484375,-0.03025175494258292,0.9860268235206604,-2.3218869333333334,1257.0
1790,40,20480,11,-43.509339809417725,0.02152127,-0.03783327713608742,0.0036844911373918876,0.001385331153869629,624,0.0004092704424510632,0.2,0.2884521484375,-0.03166580473771319,0.986219048500061,-2.31690925,1257.0
1788,41,20992,11,-43.51937747001648,0.02108136,0.048265255987644196,0.15508162905462086,0.0013661980628967285,640,0.0004092704424510632,0.2,0.2120361328125,-0.020500808823271655,0.9867425560951233,-2.31690925,1257.0
1788,42,21504,12,-43.55167245864868,0.016244002,-0.03126126527786255,0.0026021669873443898,-0.45221900939941406,656,0.0004092704424510632,0.2,0.20556640625,-0.02551238553132862,0.9881739616394043,-2.317633882352941,1257.0
1787,43,22016,12,-43.57408559322357,0.023570782,0.0397321991622448,0.1397918052971363,0.0006691217422485352,672,0.0004092704424510632,0.2,0.24267578125,-0.02659752022009343,0.9879279732704163,-2.317633882352941,1257.0
1784,44,22528,12,-43.54252111911774,0.021305932,-0.04919016733765602,0.0030992377578513697,-0.09411442279815674,688,0.0004092704424510632,0.2,0.276123046875,-0.028777029103366658,0.986365556716919,-2.317633882352941,1257.0
1783,45,23040,12,-43.52823281288147,0.013842459,-0.032923631370067596,0.004402841550472658,0.0004165768623352051,704,0.0004092704424510632,0.2,0.1961669921875,-0.02410694173158845,0.9877209067344666,-2.3164863333333336,1257.0
1783,46,23552,13,-43.56658065319061,0.028672604,0.059682827442884445,0.1658518398180604,0.0004730224609375,720,0.0004092704424510632,0.2,0.2542724609375,-0.028732449427479878,0.9879067540168762,-2.3164863333333336,1257.0
1782,47,24064,13,-43.569387793540955,0.02097851,-0.03679654374718666,0.002927197539975168,-0.12130749225616455,736,0.0004092704424510632,0.2,0.269287109375,-0.030803375673713163,0.9882246851921082,-2.3246850000000006,1257.0
1781,48,24576,13,-43.57386839389801,0.016885232,0.04716974124312401,0.15412085852585733,0.0024451017379760742,752,0.0004092704424510632,0.2,0.23388671875,-0.02241834111919161,0.9882084727287292,-2.3246850000000006,1257.0
1780,49,25088,14,-43.551241636276245,0.020837158,-0.0498819462954998,0.004524196847341955,0.004426181316375732,768,0.0004092704424510632,0.2,0.2823486328125,-0.028759876848198473,0.986984133720398,-2.3246850000000006,1257.0
1781,50,25600,14,-43.51832342147827,0.019769136,-0.029846757650375366,0.005270627210848033,-2.0265579223632812e-05,784,0.0004092704424510632,0.2,0.2667236328125,-0.030680938318255357,0.9865432381629944,-2.3340709000000004,1257.0
1781,51,26112,14,-43.52973937988281,0.024413243,0.03735511377453804,0.17968106735497713,0.0003428459167480469,800,0.0004092704424510632,0.2,0.267333984375,-0.0278885294101201,0.9883501529693604,-2.3340709000000004,1257.0
1780,52,26624,14,-43.58619785308838,0.014981726,-0.03395163267850876,0.0035547794032027014,-0.018366336822509766,816,0.0004092704424510632,0.2,0.2186279296875,-0.024735824852541555,0.9902645945549011,-2.3241270000000003,1257.0
1780,53,27136,15,-43.64846909046173,0.016409578,0.06359518319368362,0.1853491822257638,0.0008539557456970215,832,0.0004092704424510632,0.2,0.1744384765625,-0.019716915874596452,0.9920709729194641,-2.3241270000000003,1257.0
1780,54,27648,15,-43.67011249065399,0.03041606,-0.04000285267829895,0.0032881952356547117,-0.024097204208374023,848,0.0004092704424510632,0.2,0.273681640625,-0.02847162468242459,0.9914650321006775,-2.3241270000000003,1257.0
1780,55,28160,15,-43.640092849731445,0.024433814,-0.03962469473481178,0.004458175360923633,0.0011872649192810059,864,0.0004092704424510632,0.2,0.2633056640625,-0.02951605415728409,0.9907256364822388,-2.3173973181818184,1257.0
1780,56,28672,16,-43.62911641597748,0.033427026,-0.0038504283875226974,0.05544480565004051,0.0005995631217956543,880,0.0004092704424510632,0.2,0.2652587890625,-0.021685932646505535,0.9908710718154907,-2.3173973181818184,1257.0
1778,57,29184,16,-43.60252487659454,0.013908449,-0.03032798320055008,0.004361889245046768,-9.047985076904297e-05,896,0.0004092704424510632,0.2,0.1949462890625,-0.02280469635297777,0.9885711669921875,-2.3242821739130437,1257.0
1777,58,29696,16,-43.54997539520264,0.021294944,0.09518446028232574,0.2270693415775895,0.000938713550567627,912,0.0004092704424510632,0.2,0.2113037109375,-0.020843698919634335,0.9882042407989502,-2.3242821739130437,1257.0
1778,59,30208,16,-43.575915813446045,0.03267319,-0.0387624055147171,0.003010701602761401,-0.12786173820495605,928,0.0004092704424510632,0.2,0.2733154296875,-0.02761597507924307,0.9902694821357727,-2.322547,1257.0
1779,60,30720,17,-43.617562770843506,0.020310652,0.06832411885261536,0.21732960594817996,0.0007669925689697266,944,0.0004092704424510632,0.2,0.28515625,-0.027088356582680717,0.9898114800453186,-2.322547,1257.0
1780,61,31232,17,-43.593998312950134,0.014490612,-0.03488306328654289,0.004262839516741224,-0.4370577335357666,960,0.0004092704424510632,0.2,0.199462890625,-0.02075383748888271,0.9898067712783813,-2.322547,1257.0
1780,62,31744,17,-43.59864008426666,0.01963773,-0.04210339114069939,0.003744358655239921,0.0003286600112915039,976,0.0004092704424510632,0.2,0.2677001953125,-0.02843473118264228,0.9898273944854736,-2.3178998,1257.0
1779,63,32256,18,-43.612261176109314,0.020799879,0.0548156201839447,0.22781337657943368,0.00033026933670043945,992,0.0004092704424510632,0.2,0.2403564453125,-0.029354709666222334,0.9915907979011536,-2.3178998,1257.0
1779,64,32768,18,-43.66851103305817,0.013769384,-0.032179590314626694,0.0018826516716217156,-0.2168196439743042,1008,0.0004092704424510632,0.2,0.212890625,-0.024403587594861165,0.9924749135971069,-2.3149356153846155,1257.0
1779,65,33280,18,-43.647648096084595,0.01989593,0.055457040667533875,0.19916562596336007,0.00024390220642089844,1024,0.0004092704424510632,0.2,0.2237548828125,-0.025754333852091804,0.9905190467834473,-2.3149356153846155,1257.0
1779,66,33792,18,-43.63388228416443,0.018177517,-0.026517516002058983,0.0036991200176998973,0.00031876564025878906,1040,0.0004092704424510632,0.2,0.2216796875,-0.0247247167135356,0.9926902055740356,-2.3149356153846155,1257.0
1778,67,34304,19,-43.674965023994446,0.015407464,-0.033298563212156296,0.0038496127745020203,0.0006397366523742676,1056,0.0004092704424510632,0.2,0.2283935546875,-0.026528626738581806,0.9917778968811035,-2.306740555555556,1257.0
1779,68,34816,19,-43.63506090641022,0.023172036,0.042778003960847855,0.20614483579993248,0.0003910660743713379,1072,0.0004092704424510632,0.2,0.2431640625,-0.02674879335972946,0.9911250472068787,-2.306740555555556,1257.0
1778,69,35328,19,-43.65286481380463,0.01446708,-0.035434793680906296,0.003413756341615226,-0.26164019107818604,1088,0.0004092704424510632,0.2,0.20556640625,-0.023031662654830143,0.9932020306587219,-2.303167535714286,1257.0
1778,70,35840,20,-43.696348428726196,0.021792928,0.056242942810058594,0.1905663162469864,0.0002943873405456543,1104,0.0004092704424510632,0.2,0.2095947265625,-0.024612770677777007,0.9930387735366821,-2.303167535714286,1257.0
1778,71,36352,20,-43.6955064535141,0.02434577,-0.03761930763721466,0.004972765949787572,-0.004469156265258789,1120,0.0004092704424510632,0.2,0.248291015625,-0.025860993919195607,0.9939885139465332,-2.303167535714286,1257.0
1778,72,36864,20,-43.71413445472717,0.021401858,-0.04224493354558945,0.0049125333316624165,0.0005776286125183105,1136,0.0004092704424510632,0.2,0.2757568359375,-0.03129746491322294,0.994392454624176,-2.3025814827586206,1257.0
1778,73,37376,21,-43.702468156814575,0.017417215,0.06451400369405746,0.20386876771226525,0.00025266408920288086,1152,0.0004092704424510632,0.2,0.2142333984375,-0.022878128540469334,0.9931476712226868,-2.3025814827586206,1257.0
1778,74,37888,21,-43.66970372200012,0.017917022,-0.03338969871401787,0.00303875437748502,-0.0004165172576904297,1168,0.0004092704424510632,0.2,0.215576171875,-0.023022465145913884,0.9930294752120972,-2.3020901,1257.0
1778,75,38400,21,-43.65770125389099,0.02365313,0.040817465633153915,0.1902062026783824,0.0009147524833679199,1184,0.0004092704424510632,0.2,0.263916015625,-0.028693983767880127,0.9923617243766785,-2.3020901,1257.0
1778,76,38912,21,-43.61497926712036,0.01774567,-0.029061870649456978,0.0031259140378097072,-0.10765719413757324,1200,0.0004092704424510632,0.2,0.21044921875,-0.024392603139858693,0.9906825423240662,-2.3020901,1257.0
1777,77,39424,22,-43.57690787315369,0.02138433,-0.04876500368118286,0.003098713292274624,0.0010793805122375488,1216,0.0004092704424510632,0.2,0.2457275390625,-0.02833150015794672,0.9898934960365295,-2.3000909999999997,1257.0
1777,78,39936,22,-43.55751442909241,0.020389736,0.07153701782226562,0.19735067849978805,0.00026732683181762695,1232,0.0004092704424510632,0.2,0.2293701171875,-0.02174090305925347,0.9895150661468506,-2.3000909999999997,1257.0
1777,79,40448,22,-43.53291618824005,0.015144478,-0.03150888532400131,0.003556052986823488,0.018827378749847412,1248,0.0004092704424510632,0.2,0.214599609375,-0.022569367720279843,0.9886755347251892,-2.3010947187500004,1257.0
1776,80,40960,23,-43.51986753940582,0.015703674,0.05838513374328613,0.18772435514256358,0.0003165602684020996,1264,0.0004092704424510632,0.2,0.205322265625,-0.021256165258819237,0.989096462726593,-2.3010947187500004,1257.0
1776,81,41472,23,-43.531678199768066,0.022199906,-0.03174227476119995,0.005993525803205557,0.03852969408035278,1280,0.0004092704424510632,0.2,0.2340087890625,-0.025607475807191804,0.989115297794342,-2.3010947187500004,1257.0
1777,82,41984,23,-43.54061758518219,0.01571197,-0.03756575658917427,0.00305938784731552,0.00011438131332397461,1296,0.0004092704424510632,0.2,0.19140625,-0.02285307989222929,0.9902722239494324,-2.2981617272727277,1257.0
1777,83,42496,23,-43.57907259464264,0.024645217,0.013944143429398537,0.06674532336182892,6.639957427978516e-05,1312,0.0004092704424510632,0.2,0.269775390625,-0.02178568471572362,0.9914957284927368,-2.2981617272727277,1257.0
1777,84,43008,24,-43.57223045825958,0.02040601,-0.039367254823446274,0.0048960139756673016,-1.6927719116210938e-05,1328,0.0004092704424510632,0.2,0.227783203125,-0.026618680451065302,0.9895649552345276,-2.2976832941176477,1257.0
1777,85,43520,24,-43.50351405143738,0.024836186,0.047856405377388,0.20351984351873398,9.518861770629883e-05,1344,0.0004092704424510632,0.2,0.3597412109375,-0.03265380488301162,0.9880518913269043,-2.2976832941176477,1257.0
1776,86,44032,24,-43.451494455337524,0.018983312,-0.029468808323144913,0.003912045729521196,-0.0026661157608032227,1360,0.0004092704424510632,0.2,0.2567138671875,-0.02455895856837742,0.9860846996307373,-2.297604857142858,1257.0
1777,87,44544,25,-43.39663302898407,0.016622143,0.07854503393173218,0.19671218935400248,0.00010466575622558594,1376,0.0004092704424510632,0.2,0.2208251953125,-0.01997691989527084,0.984626054763794,-2.297604857142858,1257.0
1778,88,45056,25,-43.349878430366516,0.019688454,-0.019321562722325325,0.00343369383335812,-0.0009225606918334961,1392,0.0004092704424510632,0.2,0.266357421875,-0.027018105989554897,0.9827097058296204,-2.297604857142858,1257.0
1778,89,45568,25,-43.31475603580475,0.018936908,-0.03952788934111595,0.003852120767987799,-0.00031757354736328125,1408,0.0004092704424510632,0.2,0.2371826171875,-0.026666307589039207,0.9830538034439087,-2.2961095277777783,1257.0
1778,90,46080,25,-43.331111788749695,0.027807135,0.07045803964138031,0.2137588276527822,0.0001417398452758789,1424,0.0004092704424510632,0.2,0.294921875,-0.031449672242160887,0.9827103018760681,-2.2961095277777783,1257.0
1778,91,46592,26,-43.3076114654541,0.014491962,-0.03401774540543556,0.0026673862848838326,-0.002543330192565918,1440,0.0004092704424510632,0.2,0.2142333984375,-0.026285032290616073,0.9817675948143005,-2.2940468648648658,1257.0
1779,92,47104,26,-43.27673590183258,0.02113088,0.06375139206647873,0.1927057821303606,0.0013772845268249512,1456,0.0004092704424510632,0.2,0.2550048828125,-0.02817929338198155,0.9808306694030762,-2.2940468648648658,1257.0
1780,93,47616,26,-43.24152648448944,0.021792347,-0.04524637386202812,0.004812653751287144,-0.23800551891326904,1472,0.0004092704424510632,0.2,0.2926025390625,-0.03319495882897172,0.9791558980941772,-2.2940468648648658,1257.0
1780,94,48128,27,-43.20018017292023,0.023252968,-0.04234788566827774,0.003955210850108415,-0.00026798248291015625,1488,0.0004092704424510632,0.2,0.2447509765625,-0.02707624995673541,0.9794195294380188,-2.296182500000001,1257.0
1780,95,48640,27,-43.18756675720215,0.018243678,0.04240208491683006,0.19905851315706968,5.602836608886719e-05,1504,0.0004092704424510632,0.2,0.218505859375,-0.022621190058998764,0.9776229858398438,-2.296182500000001,1257.0
1781,96,49152,27,-43.11518633365631,0.019156337,-0.041597649455070496,0.003233858551539015,-0.001573801040649414,1520,0.0004092704424510632,0.2,0.2529296875,-0.032643243415805046,0.9754706025123596,-2.295801153846155,1257.0
1781,97,49664,27,-43.069451451301575,0.01802413,0.05031491070985794,0.18990448908880353,7.414817810058594e-05,1536,0.0004092704424510632,0.2,0.2242431640625,-0.025324886955786496,0.9748374819755554,-2.295801153846155,1257.0
1781,98,50176,28,-43.049808979034424,0.015124872,-0.02643118053674698,0.003484385168121662,-0.023685336112976074,1552,0.0004092704424510632,0.2,0.1973876953125,-0.019499893416650593,0.9737042784690857,-2.295801153846155,1257.0
1781,99,50688,28,-43.01133918762207,0.019935198,-0.027363384142518044,0.004942978572216816,-6.80685043334961e-05,1568,0.0004092704424510632,0.2,0.2554931640625,-0.02733611859730445,0.9725390076637268,-2.2961706250000002,1257.0
1780,100,51200,28,-42.984612345695496,0.02483347,0.03403124213218689,0.19894626806490123,6.210803985595703e-05,1584,0.0004092704424510632,0.2,0.233642578125,-0.023468050712835975,0.9724743962287903,-2.2961706250000002,1257.0
1780,101,51712,29,-42.97862696647644,0.012354463,-0.03424949571490288,0.0034338993064011447,-0.0001608133316040039,1600,0.0004092704424510632,0.2,0.1798095703125,-0.02178618690231815,0.9719127416610718,-2.2947974878048782,1257.0
1780,102,52224,29,-42.92657792568207,0.01576302,0.06475528329610825,0.1915560862980783,9.244680404663086e-05,1616,0.0004092704424510632,0.2,0.179931640625,-0.019221600552555174,0.9692535400390625,-2.2947974878048782,1257.0
1780,103,52736,29,-42.84256398677826,0.028103957,-0.03445042297244072,0.0039451978300348856,-0.000779271125793457,1632,0.0004092704424510632,0.2,0.255126953125,-0.024056395574007183,0.9669605493545532,-2.2947974878048782,1257.0
1780,104,53248,29,-42.76759326457977,0.01818141,-0.021344397217035294,0.003992347472376423,-0.00016987323760986328,1648,0.0004092704424510632,0.2,0.216064453125,-0.020590756510500796,0.9646673798561096,-2.2999058571428574,1257.0
1781,105,53760,30,-42.698874711990356,0.019551083,0.046442389488220215,0.20254501700401306,9.703636169433594e-05,1664,0.0004092704424510632,0.2,0.2177734375,-0.02311541250674054,0.9628196954727173,-2.2999058571428574,1257.0
1780,106,54272,30,-42.646260261535645,0.025330562,-0.041426192969083786,0.003665168405859731,-0.006563663482666016,1680,0.0004092704424510632,0.2,0.2701416015625,-0.025914150319295004,0.9617235660552979,-2.2974238837209304,1257.0
1781,107,54784,30,-42.62880313396454,0.0170035,0.07384434342384338,0.20309814624488354,0.00022107362747192383,1696,0.0004092704424510632,0.2,0.228271484375,-0.023138094431487843,0.9616615772247314,-2.2974238837209304,1257.0
1781,108,55296,31,-42.61713135242462,0.0159611,-0.026019128039479256,0.0033603800111450255,-0.027442455291748047,1712,0.0004092704424510632,0.2,0.21435546875,-0.01867693020903971,0.9603821635246277,-2.2974238837209304,1257.0
1780,109,55808,31,-42.58197999000549,0.015592487,-0.03686319291591644,0.004034295889141504,0.0004763007164001465,1728,0.0004092704424510632,0.2,0.2288818359375,-0.023036675818730146,0.9600818157196045,-2.2944676363636365,1257.0
1781,110,56320,31,-42.58820617198944,0.028164204,0.006169924512505531,0.09672979917377234,0.000110626220703125,1744,0.0004092704424510632,0.2,0.3154296875,-0.023050740666803904,0.9604633450508118,-2.2944676363636365,1257.0
1780,111,56832,31,-42.5796275138855,0.014397371,-0.03926730528473854,0.0024468761403113604,-0.028430938720703125,1760,0.0004092704424510632,0.2,0.2354736328125,-0.02667609229683876,0.9593290686607361,-2.290135955555556,1257.0
1781,112,57344,32,-42.53965127468109,0.024666302,0.05752994865179062,0.2368922969326377,0.0002511143684387207,1776,0.0004092704424510632,0.2,0.26318359375,-0.026428616751218215,0.9584475159645081,-2.290135955555556,1257.0
1781,113,57856,32,-42.51486945152283,0.026293265,-0.04509913921356201,0.002755692599748727,0.0024788975715637207,1792,0.0004092704424510632,0.2,0.279541015625,-0.027556569024454802,0.9570750594139099,-2.2865965000000004,1257.0
1781,114,58368,32,-42.47651255130768,0.022990037,0.06085764244198799,0.22608764143660665,-8.821487426757812e-06,1808,0.0004092704424510632,0.2,0.255126953125,-0.029222970362752676,0.9566730856895447,-2.2865965000000004,1257.0
1781,115,58880,33,-42.455453634262085,0.019083459,-0.041700445115566254,0.003321602525829803,0.00017523765563964844,1824,0.0004092704424510632,0.2,0.243896484375,-0.02836365409893915,0.955658495426178,-2.2865965000000004,1257.0
1781,116,59392,33,-42.39964735507965,0.013224599,-0.029960041865706444,0.0036262335852370597,0.00011897087097167969,1840,0.0004092704424510632,0.2,0.18798828125,-0.022442823348683305,0.9529669284820557,-2.288098085106383,1257.0
1780,117,59904,33,-42.31880700588226,0.020043258,0.07690908014774323,0.2328761788085103,4.369020462036133e-05,1856,0.0004092704424510632,0.2,0.249267578125,-0.025485567515715957,0.951336681842804,-2.288098085106383,1257.0
1779,118,60416,33,-42.27357006072998,0.018828232,-0.04128294065594673,0.0014688934952573618,-0.0034837722778320312,1872,0.0004092704424510632,0.2,0.2320556640625,-0.029657393126399256,0.9493755102157593,-2.2850909583333334,1257.0
1779,119,60928,34,-42.21510434150696,0.016677313,0.069832444190979,0.21783864963799715,1.4662742614746094e-05,1888,0.0004092704424510632,0.2,0.2117919921875,-0.021812777820741758,0.9475298523902893,-2.2850909583333334,1257.0
1779,120,61440,34,-42.18410074710846,0.013916075,-0.025086550042033195,0.005972201033728197,-6.198883056640625e-06,1904,0.0004092704424510632,0.2,0.1871337890625,-0.021081374783534557,0.9480254054069519,-2.2850909583333334,1257.0
1779,121,61952,34,-42.19695746898651,0.015412809,-0.04271199181675911,0.003937198300263844,2.0384788513183594e-05,1920,0.0004092704424510632,0.2,0.211181640625,-0.02458174391358625,0.9475103616714478,-2.283820142857143,1257.0
1777,122,62464,35,-42.16352689266205,0.018699657,0.07488015294075012,0.22903131553903222,4.4465065002441406e-05,1936,0.0004092704424510632,0.2,0.2169189453125,-0.02578261206508614,0.9459218382835388,-2.283820142857143,1257.0
1775,123,62976,35,-42.120232939720154,0.013834443,-0.02746618166565895,0.0027531917294254526,-0.0005778074264526367,1952,0.0004092704424510632,0.2,0.2049560546875,-0.024322093871887773,0.9455108642578125,-2.2792322,1257.0
1775,124,63488,35,-42.109140157699585,0.017984865,0.08785054087638855,0.21038727229461074,2.2411346435546875e-05,1968,0.0004092704424510632,0.2,0.248291015625,-0.025075396391912363,0.944205641746521,-2.2792322,1257.0
1773,125,64000,36,-42.0646094083786,0.022701208,-0.04657106101512909,0.003271034212957602,8.600950241088867e-05,1984,0.0004092704424510632,0.2,0.2535400390625,-0.027747133746743202,0.9433345794677734,-2.2792322,1257.0
1772,126,64512,36,-42.04417419433594,0.014252006,-0.018782183527946472,0.0043741180197685026,-9.5367431640625e-07,2000,0.0004092704424510632,0.2,0.143310546875,-0.01562490951619111,0.9425483345985413,-2.2750536078431374,1257.0
1771,127,65024,36,-42.029932260513306,0.017853122,0.09631393849849701,0.22912286082282662,4.017353057861328e-05,2016,0.0004092704424510632,0.2,0.20654296875,-0.02180278513696976,0.9429733753204346,-2.2750536078431374,1257.0
1771,128,65536,36,-42.0479199886322,0.012193667,-0.03786114230751991,0.0034187187120551243,-6.139278411865234e-05,2032,0.0004092704424510632,0.2,0.2049560546875,-0.023749977772240527,0.9431149959564209,-2.2738725,1257.0
1771,129,66048,37,-42.03075087070465,0.018884536,0.06594470143318176,0.2055112556554377,5.3942203521728516e-05,2048,0.0004092704424510632,0.2,0.232421875,-0.02309855545172468,0.9423357844352722,-2.2738725,1257.0
1771,130,66560,37,-42.02001702785492,0.022624474,-0.042796749621629715,0.003431124845519662,3.123283386230469e-05,2064,0.0004092704424510632,0.2,0.2523193359375,-0.024530032533220947,0.9424814581871033,-2.2738725,1257.0
1770,131,67072,37,-42.03866529464722,0.020115156,-0.04221104457974434,0.003940940456232056,0.00024944543838500977,2080,0.0004092704424510632,0.2,0.2313232421875,-0.024418384884484112,0.943530797958374,-2.2703383396226418,1257.0
1770,132,67584,38,-42.05840861797333,0.01888558,0.0751979723572731,0.21583321318030357,7.87973403930664e-05,2096,0.0004092704424510632,0.2,0.26708984375,-0.02640565218462143,0.9433774352073669,-2.2703383396226418,1257.0
1770,133,68096,38,-42.07776606082916,0.015040258,-0.036204781383275986,0.003022722441528458,-0.005984187126159668,2112,0.0004092704424510632,0.2,0.2125244140625,-0.021878316096263006,0.9455945491790771,-2.2681945925925926,1257.0
1769,134,68608,38,-42.11697769165039,0.017273463,0.052900586277246475,0.20653419010341167,6.443262100219727e-05,2128,0.0004092704424510632,0.2,0.2908935546875,-0.0273320925043663,0.9443351030349731,-2.2681945925925926,1257.0
1769,135,69120,39,-42.0470689535141,0.014957979,-0.025210337713360786,0.0032281644962495193,0.001005411148071289,2144,0.0004092704424510632,0.2,0.193115234375,-0.02016342245042324,0.942488431930542,-2.2681945925925926,1257.0
1769,136,69632,39,-42.01684808731079,0.029038068,-0.0529303103685379,0.004365701366623398,0.00033295154571533203,2160,0.0004092704424510632,0.2,0.2879638671875,-0.032511721045011654,0.9434223175048828,-2.2671338000000003,1257.0
1768,137,70144,39,-42.04884958267212,0.031145308,0.03249187022447586,0.1140095095615834,3.0159950256347656e-05,2176,0.0004092704424510632,0.2,0.278076171875,-0.021699083736166358,0.9436702728271484,-2.2671338000000003,1257.0
1768,138,70656,39,-42.04835391044617,0.01595769,-0.035402458161115646,0.003771486932237167,-9.21487808227539e-05,2192,0.0004092704424510632,0.2,0.207763671875,-0.022467778268037364,0.943295955657959,-2.2625372321428574,1257.0
1768,139,71168,40,-42.02251887321472,0.01905858,0.08077843487262726,0.2339980755932629,3.4868717193603516e-05,2208,0.0004092704424510632,0.2,0.216064453125,-0.021332285570679232,0.9422454237937927,-2.2625372321428574,1257.0
1767,140,71680,40,-42.01140296459198,0.020907637,-0.03630818426609039,0.0027188990170543548,-0.0003923177719116211,2224,0.0004092704424510632,0.2,0.25927734375,-0.028339248267002404,0.943444550037384,-2.2612758771929826,1257.0
1767,141,72192,40,-42.046900510787964,0.020179735,0.06687125563621521,0.2254792144522071,6.747245788574219e-05,2240,0.0004092704424510632,0.2,0.237548828125,-0.0253530305926688,0.943864107131958,-2.2612758771929826,1257.0
1766,142,72704,41,-42.02773070335388,0.018747255,-0.027376027777791023,0.003348935591930058,-0.1257789134979248,2256,0.0004092704424510632,0.2,0.2025146484375,-0.022298532276181504,0.9420549273490906,-2.2612758771929826,1257.0
1765,143,73216,41,-41.96552872657776,0.020708472,-0.037966106086969376,0.0038909043214516714,-1.6808509826660156e-05,2272,0.0004092704424510632,0.2,0.2410888671875,-0.025337356790259946,0.940819501876831,-2.2607133620689654,1257.0
1765,144,73728,41,-41.921849608421326,0.018283527,0.09322620928287506,0.2444136179983616,4.678964614868164e-05,2288,0.0004092704424510632,0.2,0.1964111328125,-0.019159917428623885,0.9393342733383179,-2.2607133620689654,1257.0
1765,145,74240,42,-41.890838265419006,0.016897203,-0.04025678336620331,0.0016914304724195972,0.00017565488815307617,2304,0.0004092704424510632,0.2,0.2216796875,-0.028496921819169074,0.9398865103721619,-2.2604887288135593,1257.0
1765,146,74752,42,-41.91712963581085,0.017347997,0.07928084582090378,0.2178557077422738,6.669759750366211e-05,2320,0.0004092704424510632,0.2,0.1978759765625,-0.022106662872829475,0.9405310750007629,-2.2604887288135593,1257.0
1764,147,75264,42,-41.94425165653229,0.023225714,-0.04364749789237976,0.004050359835673589,0.0002961158752441406,2336,0.0004092704424510632,0.2,0.2877197265625,-0.029573995590908453,0.9413851499557495,-2.2604887288135593,1257.0
4177,1,75776,0,-41.94896721839905,0.016823648,-0.027572104707360268,0.004719725620816462,-2.5033950805664062e-05,2352,0.0004092704424510632,0.2,0.21923828125,-0.026764576003188267,0.9411445260047913,-2.2627190166666664,1257.0
2491,2,76288,0,-41.94826889038086,0.016715042,0.09685620665550232,0.23537787795066833,6.222724914550781e-05,2368,0.0004092704424510632,0.2,0.223876953125,-0.023134375020163134,0.9414397478103638,-2.2627190166666664,1257.0
2163,3,76800,0,-41.97181713581085,0.015086504,-0.029203448444604874,0.0028642783690884244,-0.00037229061126708984,2384,0.0004092704424510632,0.2,0.1856689453125,-0.02160524798091501,0.9426609873771667,-2.259205590163934,1257.0
2031,4,77312,1,-41.97867822647095,0.02197756,0.05737164244055748,0.21303440118208528,0.00024968385696411133,2400,0.0004092704424510632,0.2,0.238525390625,-0.023451489803846925,0.9411637783050537,-2.259205590163934,1257.0
1976,5,77824,1,-41.92496049404144,0.02465843,-0.046092431992292404,0.003318666756968014,-0.12475275993347168,2416,0.0004092704424510632,0.2,0.3045654296875,-0.032885191263630986,0.9401850700378418,-2.259205590163934,1257.0
1928,6,78336,1,-41.9036580324173,0.01723869,-0.040033239871263504,0.003309250190795865,3.0875205993652344e-05,2432,0.0004092704424510632,0.2,0.1807861328125,-0.020379055160447024,0.9397406578063965,-2.254164758064516,1257.0
1896,7,78848,1,-41.90870416164398,0.021308891,0.08977746963500977,0.228406164329499,9.357929229736328e-06,2448,0.0004092704424510632,0.2,0.2247314453125,-0.025650796393165365,0.9399365782737732,-2.254164758064516,1257.0
1874,8,79360,2,-41.905460476875305,0.017814592,-0.018941227346658707,0.0036676021190942265,-5.4001808166503906e-05,2464,0.0004092704424510632,0.2,0.19970703125,-0.02131955182994716,0.9394930005073547,-2.251444587301587,1257.0
1848,9,79872,2,-41.879669547080994,0.026454292,0.07207459211349487,0.2120947102084756,5.0067901611328125e-06,2480,0.0004092704424510632,0.2,0.2227783203125,-0.02724134930758737,0.9381530284881592,-2.251444587301587,1257.0
1843,10,80384,2,-41.82980573177338,0.017692467,-0.03363410383462906,0.004018954699859023,1.6629695892333984e-05,2496,0.0004092704424510632,0.2,0.2142333984375,-0.02651428888202645,0.9369484186172485,-2.251444587301587,1257.0
1832,11,80896,3,-41.782949566841125,0.025200035,-0.030843202024698257,0.003344898021168774,1.7881393432617188e-06,2512,0.0004092704424510632,0.2,0.29931640625,-0.03081185983319301,0.9351383447647095,-2.2502351875000004,1257.0
1823,12,81408,3,-41.75357735157013,0.021285776,0.06078637018799782,0.22086729621514678,4.827976226806641e-06,2528,0.0004092704424510632,0.2,0.2618408203125,-0.024898930445488077,0.9361140727996826,-2.2502351875000004,1257.0
1810,13,81920,3,-41.77231800556183,0.02067433,-0.024966074153780937,0.0038907881316845305,-1.4901161193847656e-05,2544,0.0004092704424510632,0.2,0.244384765625,-0.02285679618944414,0.9354768395423889,-2.247399307692308,1257.0
1803,14,82432,3,-41.731488943099976,0.01714499,0.06941554695367813,0.2166000558063388,4.827976226806641e-06,2560,0.0004092704424510632,0.2,0.203125,-0.02565688565664459,0.9342029094696045,-2.247399307692308,1257.0
1802,15,82944,4,-41.71301317214966,0.020511996,-0.03510964661836624,0.00533468094363343,1.138448715209961e-05,2576,0.0004092704424510632,0.2,0.2322998046875,-0.02143753762356937,0.9350129961967468,-2.247399307692308,1257.0
1801,16,83456,4,-41.75167691707611,0.025569156,-0.05524381622672081,0.00519727361825062,2.7000904083251953e-05,2592,0.0004092704424510632,0.2,0.3001708984375,-0.03342643109499477,0.9362438321113586,-2.245828787878788,1257.0
1794,17,83968,4,-41.77427279949188,0.03405074,0.03192512318491936,0.13430404057726264,6.198883056640625e-06,2608,0.0004092704424510632,0.2,0.351806640625,-0.027902793051907793,0.9365477561950684,-2.245828787878788,1257.0
1791,18,84480,5,-41.76605796813965,0.020970475,-0.0271832887083292,0.004153525886067655,3.516674041748047e-06,2624,0.0004092704424510632,0.2,0.2530517578125,-0.027539577073184773,0.9359334111213684,-2.245411507462687,1257.0
1790,19,84992,5,-41.76088845729828,0.020535296,0.07941624522209167,0.23514937469735742,6.020069122314453e-06,2640,0.0004092704424510632,0.2,0.2825927734375,-0.028746264091751073,0.9367702007293701,-2.245411507462687,1257.0
1786,20,85504,5,-41.789573311805725,0.022565393,-0.037533704191446304,0.003286559684056556,4.5299530029296875e-06,2656,0.0004092704424510632,0.2,0.2579345703125,-0.02466673174058087,0.9378309845924377,-2.239828705882353,1257.0
1776,21,86016,6,-41.81883943080902,0.02112537,0.05605287104845047,0.2275481540709734,5.841255187988281e-06,2672,0.0004092704424510632,0.2,0.252685546875,-0.023985377803910524,0.9382556080818176,-2.239828705882353,1257.0
1771,22,86528,6,-41.81609547138214,0.024927408,-0.04575491324067116,0.004081825718458276,1.0848045349121094e-05,2688,0.0004092704424510632,0.2,0.331787109375,-0.0371665159764234,0.9375225305557251,-2.239828705882353,1257.0
1773,23,87040,6,-41.78769075870514,0.018937087,-0.023302679881453514,0.004234993983118329,1.531839370727539e-05,2704,0.0004092704424510632,0.2,0.2001953125,-0.023239790607476607,0.9366416931152344,-2.2365204492753628,1257.0
1774,24,87552,6,-41.75129854679108,0.017652346,0.06230046972632408,0.23658980103209615,8.58306884765625e-06,2720,0.0004092704424510632,0.2,0.2384033203125,-0.02720372684416361,0.9348858594894409,-2.2365204492753628,1257.0
1773,25,88064,7,-41.729769349098206,0.017362796,-0.02087595872581005,0.0029561222763732076,2.8431415557861328e-05,2736,0.0004092704424510632,0.2,0.237548828125,-0.02134121404378675,0.9362956881523132,-2.2342454571428574,1257.0
1773,26,88576,7,-41.775310039520264,0.018479932,0.06021430715918541,0.21702753379940987,9.000301361083984e-06,2752,0.0004092704424510632,0.2,0.2196044921875,-0.022437195642851293,0.9370976686477661,-2.2342454571428574,1257.0
1775,27,89088,7,-41.77074861526489,0.022019297,-0.023194516077637672,0.00460478291643085,1.239776611328125e-05,2768,0.0004092704424510632,0.2,0.2496337890625,-0.024511732102837414,0.9362385272979736,-2.2342454571428574,1257.0
1775,28,89600,8,-41.723448514938354,0.01817891,-0.04476706683635712,0.004955738986609504,4.786252975463867e-05,2784,0.0004092704424510632,0.2,0.241943359375,-0.02823491726303473,0.9340856075286865,-2.234102126760564,1257.0
1773,29,90112,8,-41.69350814819336,0.019382343,0.08089931309223175,0.22429221495985985,1.5795230865478516e-05,2800,0.0004092704424510632,0.2,0.2193603515625,-0.02183071119361557,0.9352439641952515,-2.234102126760564,1257.0
1773,30,90624,8,-41.71994364261627,0.016684964,-0.03212572634220123,0.0021977454125590157,0.0001786351203918457,2816,0.0004092704424510632,0.2,0.185302734375,-0.019528546021319926,0.9344817996025085,-2.234251791666667,1257.0
1773,31,91136,8,-41.6920862197876,0.017597988,0.06723692268133163,0.206780259963125,2.7120113372802734e-05,2832,0.0004092704424510632,0.2,0.2056884765625,-0.018143116860301234,0.9352326989173889,-2.234251791666667,1257.0
1773,32,91648,9,-41.71841549873352,0.011908675,-0.026193683966994286,0.0044191994311404414,0.00022399425506591797,2848,0.0004092704424510632,0.2,0.15283203125,-0.018689777818508446,0.935702383518219,-2.234251791666667,1257.0
1770,33,92160,9,-41.72946321964264,0.017691357,-0.03465889394283295,0.004837234191654716,0.0003445148468017578,2864,0.0004092704424510632,0.2,0.2142333984375,-0.0234980687382631,0.9365168213844299,-2.2324606027397262,1257.0
1768,34,92672,9,-41.75946640968323,0.020989452,0.09530017524957657,0.21544327633455396,1.5854835510253906e-05,2880,0.0004092704424510632,0.2,0.2181396484375,-0.024457675011944957,0.9374197721481323,-2.2324606027397262,1257.0
1768,35,93184,10,-41.77499008178711,0.02196531,-0.03888137638568878,0.0028930593180120923,2.3365020751953125e-05,2896,0.0004092704424510632,0.2,0.2537841796875,-0.0276443579205079,0.9375845193862915,-2.2273316891891897,1257.0
1766,36,93696,10,-41.77680230140686,0.030468624,0.04809992387890816,0.20426154136657715,1.8298625946044922e-05,2912,0.0004092704424510632,0.2,0.3114013671875,-0.03291288261243608,0.938132107257843,-2.2273316891891897,1257.0
1764,37,94208,10,-41.765918254852295,0.019551013,-0.04545329511165619,0.0033039409354387317,-0.0004941225051879883,2928,0.0004092704424510632,0.2,0.2601318359375,-0.028029621171299368,0.9370648860931396,-2.2273316891891897,1257.0
1763,38,94720,11,-41.69056010246277,0.015087478,-0.04020487144589424,0.004379541285743471,8.183717727661133e-05,2944,0.0004092704424510632,0.2,0.216552734375,-0.02527884848677786,0.9339779615402222,-2.227009013333334,1257.0
1761,39,95232,11,-41.58415699005127,0.021285588,0.08198860287666321,0.21556051122024655,1.9371509552001953e-05,2960,0.0004092704424510632,0.2,0.230712890625,-0.020943224080838263,0.9309180974960327,-2.227009013333334,1257.0
1759,40,95744,11,-41.50965893268585,0.014098948,-0.040271513164043427,0.004218900125124492,-0.00010693073272705078,2976,0.0004092704424510632,0.2,0.2315673828125,-0.02682391669077333,0.9296813011169434,-2.2285197500000002,1257.0
1758,41,96256,11,-41.48845112323761,0.014042301,0.07146890461444855,0.2132117049768567,1.996755599975586e-05,2992,0.0004092704424510632,0.2,0.202880859375,-0.0198223392253567,0.929556667804718,-2.2285197500000002,1257.0
1760,42,96768,12,-41.472912073135376,0.01737962,-0.04232051968574524,0.0033385275237378664,0.0002358555793762207,3008,0.0004092704424510632,0.2,0.2337646484375,-0.024766574715613388,0.9285634756088257,-2.2285197500000002,1257.0
1758,43,97280,12,-41.442607045173645,0.020660995,-0.03952784836292267,0.003285884315118892,0.00044602155685424805,3024,0.0004092704424510632,0.2,0.25537109375,-0.02923220537195448,0.9281960725784302,-2.2266257012987016,1257.0
1757,44,97792,12,-41.44859826564789,0.0285347,0.01593974605202675,0.14161418774165213,2.3066997528076172e-05,3040,0.0004092704424510632,0.2,0.27587890625,-0.02735967852640897,0.9290449619293213,-2.2266257012987016,1257.0
1756,45,98304,13,-41.446415424346924,0.025842259,-0.03996098414063454,0.004046445086714812,0.00017309188842773438,3056,0.0004092704424510632,0.2,0.2607421875,-0.029985287255840376,0.9275734424591064,-2.225069461538462,1257.0
1754,46,98816,13,-41.421762347221375,0.01898155,0.07693111896514893,0.22947964631021023,1.0848045349121094e-05,3072,0.0004092704424510632,0.2,0.1861572265625,-0.02304832378285937,0.9283073544502258,-2.225069461538462,1257.0
1752,47,99328,13,-41.478334069252014,0.021722808,-0.02811889350414276,0.003957843575335573,-0.00021266937255859375,3088,0.0004092704424510632,0.2,0.232666015625,-0.02189240453299135,0.9304200410842896,-2.2248533037974685,1257.0
1751,48,99840,14,-41.52039957046509,0.0208821,0.0614076592028141,0.22414823714643717,1.609325408935547e-05,3104,0.0004092704424510632,0.2,0.270751953125,-0.02897341073548887,0.9299611449241638,-2.2248533037974685,1257.0
1751,49,100352,14,-41.52564311027527,0.022686455,-0.03720021992921829,0.004525316173385363,-0.00243222713470459,3120,0.0004092704424510632,0.2,0.289306640625,-0.029289889556821436,0.9316506385803223,-2.2248533037974685,1257.0
1750,50,100864,14,-41.57532584667206,0.013657926,-0.027662670239806175,0.004440874996362254,-1.633167266845703e-05,3136,0.0004092704424510632,0.2,0.2080078125,-0.023511732841143385,0.9320679903030396,-2.2251306875,1257.0
1750,51,101376,14,-41.580068588256836,0.017195726,0.07825339585542679,0.2374778133817017,9.715557098388672e-06,3152,0.0004092704424510632,0.2,0.2354736328125,-0.02283282409189269,0.9322887063026428,-2.2251306875,1257.0
1750,52,101888,15,-41.591592669487,0.015370682,-0.03771977499127388,0.002538361124607036,-9.965896606445312e-05,3168,0.0004092704424510632,0.2,0.1973876953125,-0.020764384404174052,0.9327595829963684,-2.2242877407407406,1257.0
1750,53,102400,15,-41.60456943511963,0.016681168,0.0650518387556076,0.2163330581970513,1.621246337890625e-05,3184,0.0004092704424510632,0.2,0.1937255859375,-0.019410776207223535,0.9331665635108948,-2.2242877407407406,1257.0
1750,54,102912,15,-41.602285265922546,0.015969552,-0.013559111393988132,0.003317609014629852,-0.0003229379653930664,3200,0.0004092704424510632,0.2,0.2308349609375,-0.020017015864141285,0.9326631426811218,-2.2242877407407406,1257.0
1751,55,103424,16,-41.59625840187073,0.017417144,-0.030243851244449615,0.005614910878648516,-5.841255187988281e-06,3216,0.0004092704424510632,0.2,0.2230224609375,-0.024956580004072748,0.9327699542045593,-2.224846987804878,1257.0
1750,56,103936,16,-41.60476040840149,0.02327229,0.0651002824306488,0.23022207198664546,2.3245811462402344e-05,3232,0.0004092704424510632,0.2,0.2598876953125,-0.02703912672586739,0.9328892827033997,-2.224846987804878,1257.0
1751,57,104448,16,-41.59716534614563,0.013473074,-0.028368543833494186,0.002561119254096411,-0.0010074377059936523,3248,0.0004092704424510632,0.2,0.1934814453125,-0.020038569171447307,0.9322172999382019,-2.224503060240964,1257.0
1750,58,104960,16,-41.55260765552521,0.018578496,0.0636870265007019,0.2161577269434929,1.5616416931152344e-05,3264,0.0004092704424510632,0.2,0.2269287109375,-0.023650595743674785,0.9302302002906799,-2.224503060240964,1257.0
1750,59,105472,17,-41.47215521335602,0.02041825,-0.03544260188937187,0.003613626024161931,-0.0002124309539794922,3280,0.0004092704424510632,0.2,0.2158203125,-0.022259421457420103,0.9277048707008362,-2.224503060240964,1257.0
1749,60,105984,17,-41.387571573257446,0.023845311,-0.05406744405627251,0.003934324224246666,6.562471389770508e-05,3296,0.0004092704424510632,0.2,0.2598876953125,-0.032187511285883375,0.924788773059845,-2.223389,1257.0
1749,61,106496,17,-41.313435792922974,0.019053409,0.09142836928367615,0.224100720603019,3.522634506225586e-05,3312,0.0004092704424510632,0.2,0.2432861328125,-0.025378726684721187,0.9239755868911743,-2.223389,1257.0
1750,62,107008,18,-41.30937111377716,0.021915492,-0.030405722558498383,0.00445435327856103,1.33514404296875e-05,3328,0.0004092704424510632,0.2,0.24609375,-0.02427342798182508,0.9242089986801147,-2.2240353176470586,1257.0
1750,63,107520,18,-41.323686480522156,0.023649523,0.07512626051902771,0.20360284438356757,0.00011861324310302734,3344,0.0004092704424510632,0.2,0.2503662109375,-0.02701296484156046,0.924310028553009,-2.2240353176470586,1257.0
1749,64,108032,18,-41.2922203540802,0.02392981,-0.031409744173288345,0.0030171446269378066,-0.19324016571044922,3360,0.0004092704424510632,0.2,0.259765625,-0.025521613642922603,0.9221205115318298,-2.2240353176470586,1257.0
1749,65,108544,19,-41.24974703788757,0.013554109,-0.03547881543636322,0.0029950715907034464,-2.9802322387695312e-06,3376,0.0004092704424510632,0.2,0.1890869140625,-0.02158491316367872,0.9230786561965942,-2.2204981627906974,1257.0
1749,66,109056,19,-41.290194153785706,0.019856188,0.06886915862560272,0.22092903358861804,1.7881393432617188e-06,3392,0.0004092704424510632,0.2,0.2430419921875,-0.023816902714315802,0.9237504005432129,-2.2204981627906974,1257.0
1748,67,109568,19,-41.2901269197464,0.019669142,-0.0231500044465065,0.005728198513679672,-6.4373016357421875e-06,3408,0.0004092704424510632,0.2,0.2362060546875,-0.02581621728313621,0.9235193133354187,-2.220660114942529,1257.0
1748,68,110080,19,-41.269866704940796,0.01746706,0.08989168703556061,0.2167967171408236,1.1920928955078125e-06,3424,0.0004092704424510632,0.2,0.20263671875,-0.02013544659712352,0.9228002429008484,-2.220660114942529,1257.0
1748,69,110592,20,-41.24896967411041,0.024625007,-0.0400334931910038,0.005081542556581553,6.020069122314453e-06,3440,0.0004092704424510632,0.2,0.2725830078125,-0.029667215596418828,0.922706663608551,-2.220660114942529,1257.0
1748,70,111104,20,-41.26871085166931,0.011926478,-0.02596297673881054,0.004520890724961646,-3.2186508178710938e-06,3456,0.0004092704424510632,0.2,0.169921875,-0.020910387742333114,0.9238734841346741,-2.222713034090909,1257.0
1748,71,111616,20,-41.26548743247986,0.03329562,0.05295007675886154,0.15691772056743503,1.9073486328125e-06,3472,0.0004092704424510632,0.2,0.3123779296875,-0.0243725838518003,0.9218692779541016,-2.222713034090909,1257.0
1749,72,112128,21,-41.21899700164795,0.016138962,-0.043831076472997665,0.003675400894280756,-2.9802322387695312e-06,3488,0.0004092704424510632,0.2,0.24462890625,-0.02636228091432713,0.9221632480621338,-2.220732146067416,1257.0
1750,73,112640,21,-41.238444447517395,0.015386402,0.0886228084564209,0.23153479350730777,1.7285346984863281e-06,3504,0.0004092704424510632,0.2,0.2037353515625,-0.022226010834856424,0.9222546815872192,-2.220732146067416,1257.0
1750,74,113152,21,-41.218979477882385,0.023500953,-0.02605927549302578,0.004799049645953346,6.854534149169922e-06,3520,0.0004092704424510632,0.2,0.2962646484375,-0.03292793084983714,0.9213469624519348,-2.2187961444444446,1257.0
1750,75,113664,21,-41.16311049461365,0.018332463,0.08511441946029663,0.22983775567263365,1.0132789611816406e-06,3536,0.0004092704424510632,0.2,0.24169921875,-0.02364077471429482,0.9191235303878784,-2.2187961444444446,1257.0
1750,76,114176,22,-41.10163426399231,0.016545177,-0.02193918637931347,0.0041012227375176735,1.8477439880371094e-06,3552,0.0004092704424510632,0.2,0.1951904296875,-0.018910992512246594,0.9182509779930115,-2.2187961444444446,1257.0
1750,77,114688,22,-41.09262537956238,0.019203063,-0.029394321143627167,0.004980142090062145,-1.1920928955078125e-07,3568,0.0004092704424510632,0.2,0.228515625,-0.021785411721793935,0.9184218645095825,-2.219821571428571,1257.0
1750,78,115200,22,-41.0956791639328,0.0244959,0.07117325067520142,0.23849244182929397,1.9073486328125e-06,3584,0.0004092704424510632,0.2,0.25048828125,-0.028025907391565852,0.918215811252594,-2.219821571428571,1257.0
1750,79,115712,23,-41.089852690696716,0.016083324,-0.04798853397369385,0.002710476088395808,2.980232238769531e-07,3600,0.0004092704424510632,0.2,0.2156982421875,-0.027330246535711922,0.9180240035057068,-2.218615728260869,1257.0
1750,80,116224,23,-41.09699785709381,0.017830437,0.06988267600536346,0.21659428626298904,1.1920928955078125e-06,3616,0.0004092704424510632,0.2,0.2574462890625,-0.024562486476497725,0.9189967513084412,-2.218615728260869,1257.0
1750,81,116736,23,-41.12205624580383,0.021819148,-0.04737168177962303,0.004424366765306331,5.185604095458984e-06,3632,0.0004092704424510632,0.2,0.2447509765625,-0.028988378413487226,0.919236421585083,-2.218615728260869,1257.0
1750,82,117248,23,-41.120673298835754,0.013788171,-0.02993626706302166,0.003375715605216101,-1.1920928955078125e-06,3648,0.0004092704424510632,0.2,0.17041015625,-0.018616088549606502,0.9191080927848816,-2.216002021505376,1257.0
1751,83,117760,24,-41.117109417915344,0.018429343,0.07711346447467804,0.2265845756046474,2.0265579223632812e-06,3664,0.0004092704424510632,0.2,0.212158203125,-0.019029997565667145,0.9194455742835999,-2.216002021505376,1257.0
1750,84,118272,24,-41.13042891025543,0.024585228,-0.0428890697658062,0.003075247524975566,-3.5762786865234375e-07,3680,0.0004092704424510632,0.2,0.2808837890625,-0.034211889578728005,0.9195582866668701,-2.2148044361702124,1257.0
1751,85,118784,24,-41.10263669490814,0.017197847,0.05543025583028793,0.2093363362364471,1.5497207641601562e-06,3696,0.0004092704424510632,0.2,0.236083984375,-0.02517731802072376,0.9177900552749634,-2.2148044361702124,1257.0
1751,86,119296,25,-41.06341850757599,0.024365079,-0.019321562722325325,0.003502513878629543,2.9802322387695312e-06,3712,0.0004092704424510632,0.2,0.272705078125,-0.02954776308615692,0.9177135825157166,-2.2148044361702124,1257.0
1751,87,119808,25,-41.06442153453827,0.017591262,-0.023215508088469505,0.004338786799053196,2.2649765014648438e-06,3728,0.0004092704424510632,0.2,0.2083740234375,-0.024169433338101953,0.9172874093055725,-2.214307884210526,1257.0
1751,88,120320,25,-41.06837570667267,0.020517126,0.07370628416538239,0.21558772958815098,2.384185791015625e-06,3744,0.0004092704424510632,0.2,0.2437744140625,-0.0258648487215396,0.9182514548301697,-2.214307884210526,1257.0
1752,89,120832,26,-41.099719285964966,0.019086316,-0.043378278613090515,0.0028964726479898673,3.3974647521972656e-06,3760,0.0004092704424510632,0.2,0.25048828125,-0.030581501428969204,0.9187552332878113,-2.2147695625000003,1257.0
1752,90,121344,26,-41.106024622917175,0.017953988,0.0651688426733017,0.20823629666119814,2.1457672119140625e-06,3776,0.0004092704424510632,0.2,0.2088623046875,-0.022341011252137832,0.9195483326911926,-2.2147695625000003,1257.0
1752,91,121856,26,-41.12846004962921,0.02245014,-0.03603559359908104,0.0037562476354651153,8.165836334228516e-06,3792,0.0004092704424510632,0.2,0.2410888671875,-0.022878557676449418,0.9197944402694702,-2.2147695625000003,1257.0
1753,92,122368,26,-41.133779644966125,0.023658946,-0.03310778737068176,0.0038433411609730683,7.68899917602539e-06,3808,0.0004092704424510632,0.2,0.251708984375,-0.025985166110331193,0.9204594492912292,-2.213183608247423,1257.0
1753,93,122880,27,-41.154659032821655,0.028184919,0.04713716730475426,0.21684741647914052,2.9802322387695312e-06,3824,0.0004092704424510632,0.2,0.2647705078125,-0.0269390938046854,0.9211645722389221,-2.213183608247423,1257.0
1754,94,123392,27,-41.16524565219879,0.01742287,-0.04251938313245773,0.0036712015426019207,1.043081283569336e-05,3840,0.0004092704424510632,0.2,0.2540283203125,-0.02864179143216461,0.9209913611412048,-2.2114801326530618,1257.0
1753,95,123904,27,-41.140345335006714,0.02857684,0.06262806057929993,0.20799358328804374,4.351139068603516e-06,3856,0.0004092704424510632,0.2,0.224609375,-0.024889427768357564,0.9199652075767517,-2.2114801326530618,1257.0
1754,96,124416,28,-41.108248710632324,0.02428351,-0.05225662142038345,0.0038873972443980165,2.6404857635498047e-05,3872,0.0004092704424510632,0.2,0.2950439453125,-0.030872371658915654,0.9198983907699585,-2.2114801326530618,1257.0
1755,97,124928,28,-41.121569752693176,0.020426538,-0.023589108139276505,0.004319357103668153,3.260374069213867e-05,3888,0.0004092704424510632,0.2,0.244873046875,-0.02568988085113233,0.9203665852546692,-2.211950363636364,1257.0
1755,98,125440,28,-41.13013780117035,0.027673943,0.05126793310046196,0.16429273434914649,7.867813110351562e-06,3904,0.0004092704424510632,0.2,0.2818603515625,-0.02423420426202938,0.9207689762115479,-2.211950363636364,1257.0
1756,99,125952,28,-41.13334274291992,0.020199653,-0.034350812435150146,0.003332689004309941,0.0001933574676513672,3920,0.0004092704424510632,0.2,0.232421875,-0.02908915538864676,0.9202344417572021,-2.2109420600000003,1257.0
1756,100,126464,29,-41.09800183773041,0.020277418,0.07492990046739578,0.21856076177209616,8.344650268554688e-07,3936,0.0004092704424510632,0.2,0.243896484375,-0.02329718612600118,0.919370174407959,-2.2109420600000003,1257.0
1754,101,126976,29,-41.07940375804901,0.015331384,-0.023409118875861168,0.003306710517790634,-1.430511474609375e-06,3952,0.0004092704424510632,0.2,0.2047119140625,-0.022425119415856898,0.9193078875541687,-2.20911965,1257.0
1754,102,127488,29,-41.06495928764343,0.019862399,0.07461297512054443,0.21747642243281007,7.748603820800781e-07,3968,0.0004092704424510632,0.2,0.263671875,-0.030029170186026022,0.9177629947662354,-2.20911965,1257.0
1754,103,128000,30,-41.00188171863556,0.019187048,-0.03802843764424324,0.0032101076503749937,-7.510185241699219e-06,3984,0.0004092704424510632,0.2,0.215087890625,-0.0218097715114709,0.9161158800125122,-2.20911965,1257.0
1753,104,128512,30,-40.96398055553436,0.014083935,-0.030207520350813866,0.003499417580314912,-3.814697265625e-06,4000,0.0004092704424510632,0.2,0.19775390625,-0.022516143537359312,0.9158276915550232,-2.20520961,1257.0
1754,105,129024,30,-40.955363154411316,0.01880451,0.08801664412021637,0.21448230743408203,7.152557373046875e-07,4016,0.0004092704424510632,0.2,0.241943359375,-0.02561754680937156,0.914763867855072,-2.20520961,1257.0
1754,106,129536,30,-40.913031339645386,0.018101053,-0.029069088399410248,0.0026418159177410416,-1.5139579772949219e-05,4032,0.0004092704424510632,0.2,0.21826171875,-0.0245889401412569,0.9132782220840454,-2.20210552,1257.0
1754,107,130048,31,-40.87672734260559,0.026576016,0.07122335582971573,0.20843991823494434,5.960464477539062e-07,4048,0.0004092704424510632,0.2,0.26806640625,-0.026259462618327234,0.912179172039032,-2.20210552,1257.0
1754,108,130560,31,-40.856842160224915,0.020691466,-0.034090202301740646,0.0036918772239005193,6.556510925292969e-07,4064,0.0004092704424510632,0.2,0.2711181640625,-0.026310755201848224,0.9121012687683105,-2.20210552,1257.0
1755,109,131072,31,-40.86916637420654,0.023092669,-0.028538774698972702,0.0045823029286111705,-4.410743713378906e-06,4080,0.0004092704424510632,0.2,0.2568359375,-0.02642548749281559,0.9134652614593506,-2.1998340800000005,1257.0
1755,110,131584,32,-40.90558731555939,0.022113504,0.06053004041314125,0.21290144976228476,7.748603820800781e-07,4096,0.0004092704424510632,0.2,0.28125,-0.033588130230782554,0.9134770035743713,-2.1998340800000005,1257.0
1756,111,132096,32,-40.883734345436096,0.015510032,-0.03143078088760376,0.00333653796769795,-3.933906555175781e-06,4112,0.0004092704424510632,0.2,0.201171875,-0.020388921213452704,0.9122436046600342,-2.1958372400000004,1257.0
1756,112,132608,32,-40.83197641372681,0.016284373,0.07376039028167725,0.1959012160077691,5.960464477539062e-07,4128,0.0004092704424510632,0.2,0.1995849609375,-0.021131314817466773,0.9108794927597046,-2.1958372400000004,1257.0
1756,113,133120,32,-40.791502356529236,0.019134447,-0.033724281936883926,0.003812473180005327,-1.3113021850585938e-06,4144,0.0004092704424510632,0.2,0.253173828125,-0.02600393394823186,0.9096145033836365,-2.1958372400000004,1257.0
1756,114,133632,33,-40.74517571926117,0.020524042,-0.030161961913108826,0.004650760980439372,-2.5033950805664062e-06,4160,0.0004092704424510632,0.2,0.2369384765625,-0.024669711958267726,0.9083553552627563,-2.19722018,1257.0
1756,115,134144,33,-40.712092876434326,0.013363462,0.0694102868437767,0.21811236534267664,5.364418029785156e-07,4176,0.0004092704424510632,0.2,0.1583251953125,-0.017726270423736423,0.9082387089729309,-2.19722018,1257.0
1756,116,134656,33,-40.722572684288025,0.014915276,-0.04022552818059921,0.003651006358268205,-4.649162292480469e-06,4192,0.0004092704424510632,0.2,0.2200927734375,-0.02456511606578715,0.9091870188713074,-2.1966082,1257.0
1757,117,135168,34,-40.73800468444824,0.019127024,0.0481712743639946,0.20165201416239142,9.5367431640625e-07,4208,0.0004092704424510632,0.2,0.244384765625,-0.022881986835272983,0.9085720777511597,-2.1966082,1257.0
1757,118,135680,34,-40.702975392341614,0.027969658,-0.031853631138801575,0.0030558808721252717,-4.76837158203125e-06,4224,0.0004092704424510632,0.2,0.2451171875,-0.023134695467888378,0.9075477719306946,-2.1966082,1257.0
1758,119,136192,34,-40.66954731941223,0.019091414,-0.04285848140716553,0.0031758473087393213,-3.814697265625e-06,4240,0.0004092704424510632,0.2,0.2474365234375,-0.028419008303899318,0.9069185853004456,-2.1931922999999998,1257.0
1758,120,136704,34,-40.651947379112244,0.023636756,0.07985155284404755,0.22146500926464796,2.980232238769531e-07,4256,0.0004092704424510632,0.2,0.2388916015625,-0.024316049792105332,0.9061707854270935,-2.1931922999999998,1257.0
1759,121,137216,35,-40.63991045951843,0.018205825,-0.027856452390551567,0.003814292067545466,-1.7881393432617188e-06,4272,0.0004092704424510632,0.2,0.245361328125,-0.025222497060894966,0.9057889580726624,-2.1925562499999995,1257.0
1759,122,137728,35,-40.62061154842377,0.016825443,0.052140746265649796,0.20486749219708145,2.980232238769531e-07,4288,0.0004092704424510632,0.2,0.228759765625,-0.023505310513428412,0.9053409695625305,-2.1925562499999995,1257.0
1760,123,138240,35,-40.59460699558258,0.02079688,-0.03036966547369957,0.0035753060510614887,3.5762786865234375e-07,4304,0.0004092704424510632,0.2,0.2838134765625,-0.026652961227227934,0.9042865633964539,-2.1925562499999995,1257.0
1759,124,138752,36,-40.583521127700806,0.01698247,-0.035525016486644745,0.0038976634896243922,-2.5033950805664062e-06,4320,0.0004092704424510632,0.2,0.230224609375,-0.026771191391162574,0.9053855538368225,-2.1874955899999997,1257.0
1759,125,139264,36,-40.627639412879944,0.033839785,0.0627191960811615,0.16414361679926515,7.152557373046875e-07,4336,0.0004092704424510632,0.2,0.260498046875,-0.022469893883680925,0.9058181643486023,-2.1874955899999997,1257.0
1760,126,139776,36,-40.61700701713562,0.02067746,-0.033695537596940994,0.003664637573820073,-1.9073486328125e-06,4352,0.0004092704424510632,0.2,0.2850341796875,-0.030347197694936767,0.9049904942512512,-2.18314656,1257.0
1760,127,140288,36,-40.594364047050476,0.02087931,0.08501851558685303,0.21032831771299243,5.364418029785156e-07,4368,0.0004092704424510632,0.2,0.281005859375,-0.028876717784442008,0.9047853946685791,-2.18314656,1257.0
1760,128,140800,37,-40.61211180686951,0.014945488,-0.040646541863679886,0.003093745071964804,-1.1920928955078125e-06,4384,0.0004092704424510632,0.2,0.237060546875,-0.023495240238844417,0.906048595905304,-2.1778888000000003,1257.0
1761,129,141312,37,-40.629680037498474,0.02153159,0.0845717266201973,0.20444202655926347,9.5367431640625e-07,4400,0.0004092704424510632,0.2,0.2432861328125,-0.027097932463220786,0.9053148627281189,-2.1778888000000003,1257.0
1761,130,141824,37,-40.59036433696747,0.016911581,-0.02851492166519165,0.003865431048325263,-1.9073486328125e-06,4416,0.0004092704424510632,0.2,0.2095947265625,-0.01909717041417025,0.9042788743972778,-2.1778888000000003,1257.0
1761,131,142336,38,-40.5843471288681,0.024400499,-0.04142026603221893,0.0038084559637354687,-3.5762786865234375e-07,4432,0.0004092704424510632,0.2,0.2681884765625,-0.0286445045057917,0.9047436118125916,-2.17531286,1257.0
1761,132,142848,38,-40.58239734172821,0.028452072,0.07268542051315308,0.20452999649569392,8.344650268554688e-07,4448,0.0004092704424510632,0.2,0.31494140625,-0.02833924227161333,0.9033988118171692,-2.17531286,1257.0
1761,133,143360,38,-40.537007451057434,0.019588158,-0.036317870020866394,0.0023907015929580666,-7.152557373046875e-06,4464,0.0004092704424510632,0.2,0.25439453125,-0.024238812948169652,0.902575671672821,-2.1720143,1257.0
1762,134,143872,38,-40.5415700674057,0.020738248,0.07034315913915634,0.1916889580897987,4.76837158203125e-07,4480,0.0004092704424510632,0.2,0.2760009765625,-0.028685189347015694,0.903298020362854,-2.1720143,1257.0
1762,135,144384,39,-40.553839325904846,0.017212873,-0.024381112307310104,0.003196830097294878,-1.1920928955078125e-06,4496,0.0004092704424510632,0.2,0.2071533203125,-0.02169387083267793,0.9029210209846497,-2.1720143,1257.0
1763,136,144896,39,-40.54149055480957,0.01992758,-0.03629926219582558,0.003625878413004102,-5.4836273193359375e-06,4512,0.0004092704424510632,0.2,0.22705078125,-0.021222588955424726,0.902991533279419,-2.16666974,1257.0
1763,137,145408,39,-40.53761577606201,0.021211125,0.04885155335068703,0.19883123273029923,2.980232238769531e-07,4528,0.0004092704424510632,0.2,0.2425537109375,-0.02734907335252501,0.9028197526931763,-2.16666974,1257.0
1763,138,145920,40,-40.52993381023407,0.014667228,-0.0426662340760231,0.0035300595191074535,-3.0994415283203125e-06,4544,0.0004092704424510632,0.2,0.2122802734375,-0.025601795641705394,0.9028882384300232,-2.16643214,1257.0
1763,139,146432,40,-40.52639102935791,0.018861692,0.054794587194919586,0.18648295709863305,7.152557373046875e-07,4560,0.0004092704424510632,0.2,0.2318115234375,-0.02378360292641446,0.9030773043632507,-2.16643214,1257.0
1763,140,146944,40,-40.52637040615082,0.026298922,-0.0484999381005764,0.00448887162929168,2.086162567138672e-06,4576,0.0004092704424510632,0.2,0.29443359375,-0.031055293598910794,0.902259349822998,-2.16643214,1257.0
1763,141,147456,40,-40.51589906215668,0.017707147,-0.04938308894634247,0.003853405789413955,-1.3113021850585938e-06,4592,0.0004092704424510632,0.2,0.2244873046875,-0.027308431133860722,0.9033500552177429,-2.16293372,1257.0
1762,142,147968,41,-40.533565282821655,0.01903663,0.07013918459415436,0.1939845234155655,5.960464477539062e-07,4608,0.0004092704424510632,0.2,0.254638671875,-0.024586382729467005,0.9025303721427917,-2.16293372,1257.0
1763,143,148480,41,-40.50242280960083,0.015103109,-0.034853365272283554,0.004413180293340702,-2.9802322387695312e-06,4624,0.0004092704424510632,0.2,0.2269287109375,-0.024811957875499502,0.9021517634391785,-2.16212127,1257.0
1763,144,148992,41,-40.491302490234375,0.020991627,0.06307432800531387,0.18622555769979954,7.152557373046875e-07,4640,0.0004092704424510632,0.2,0.2703857421875,-0.02588482666760683,0.9015315771102905,-2.16212127,1257.0
1762,145,149504,42,-40.4821412563324,0.029517245,-0.03367571532726288,0.0030026476742932573,-5.602836608886719e-06,4656,0.0004092704424510632,0.2,0.2879638671875,-0.027727248787414283,0.9015693664550781,-2.16212127,1257.0
1762,146,150016,42,-40.4783239364624,0.0145783,-0.026370562613010406,0.004200607450911775,-1.5497207641601562e-06,4672,0.0004092704424510632,0.2,0.191650390625,-0.02074255925253965,0.9010009765625,-2.15735906,1257.0
1762,147,150528,42,-40.458240032196045,0.024168123,0.05828622728586197,0.19415631564334035,4.76837158203125e-07,4688,0.0004092704424510632,0.2,0.246337890625,-0.026812640629941598,0.9006718397140503,-2.15735906,1257.0
4153,1,151040,0,-40.467023968696594,0.016551001,-0.027685973793268204,0.002619711034640204,-6.198883056640625e-06,4704,0.0004092704424510632,0.2,0.2496337890625,-0.027491701970575377,0.9013370275497437,-2.1509739900000002,1257.0
2409,2,151552,0,-40.47071611881256,0.01741624,0.07389546930789948,0.1851850370876491,5.960464477539062e-07,4720,0.0004092704424510632,0.2,0.187744140625,-0.017754204629454762,0.8998980522155762,-2.1509739900000002,1257.0
2134,3,152064,0,-40.43512523174286,0.02019212,-0.02376878447830677,0.0030891818933014292,2.980232238769531e-07,4736,0.0004092704424510632,0.2,0.2528076171875,-0.024181907865568064,0.900600016117096,-2.1509739900000002,1257.0
2002,4,152576,1,-40.48164236545563,0.01540878,-0.02940150536596775,0.0048473883216502145,-2.2649765014648438e-06,4752,0.0004092704424510632,0.2,0.197998046875,-0.02228217202355154,0.9020406603813171,-2.15013998,1257.0
1949,5,153088,1,-40.52498435974121,0.028674103,0.04593362659215927,0.15442377352155745,5.960464477539062e-07,4768,0.0004092704424510632,0.2,0.3094482421875,-0.025575661726179533,0.9031921625137329,-2.15013998,1257.0
1914,6,153600,1,-40.54925572872162,0.019643258,-0.04094133526086807,0.0034981537828571163,-4.76837158203125e-07,4784,0.0004092704424510632,0.2,0.250732421875,-0.027307396958349273,0.9031640291213989,-2.14719361,1257.0
1887,7,154112,1,-40.518224477767944,0.01609186,0.0384853258728981,0.19039023155346513,6.556510925292969e-07,4800,0.0004092704424510632,0.2,0.2041015625,-0.021070176997454837,0.9011363387107849,-2.14719361,1257.0
1874,8,154624,2,-40.44732689857483,0.027344316,-0.03598932921886444,0.003950385027565062,-7.152557373046875e-07,4816,0.0004092704424510632,0.2,0.3216552734375,-0.035918049194151536,0.898953378200531,-2.14681429,1257.0
1853,9,155136,2,-40.38966751098633,0.01959281,0.05259142816066742,0.19613991817459464,5.364418029785156e-07,4832,0.0004092704424510632,0.2,0.2578125,-0.025871687976177782,0.897703230381012,-2.14681429,1257.0
1846,10,155648,2,-40.37659418582916,0.02154267,-0.028634624555706978,0.0033610859027248807,-2.7418136596679688e-06,4848,0.0004092704424510632,0.2,0.2877197265625,-0.02653772319899872,0.8983854055404663,-2.14681429,1257.0
1837,11,156160,3,-40.38886523246765,0.013386035,-0.01775967888534069,0.0045442679765983485,-8.344650268554688e-07,4864,0.0004092704424510632,0.2,0.1641845703125,-0.017850837248261087,0.8980262279510498,-2.1451553899999998,1257.0
1829,12,156672,3,-40.369964480400085,0.021676239,0.04267803207039833,0.19068267568945885,4.76837158203125e-07,4880,0.0004092704424510632,0.2,0.2674560546875,-0.02762712663388811,0.8979570865631104,-2.1451553899999998,1257.0
1820,13,157184,3,-40.358299016952515,0.019717548,-0.03700287640094757,0.0033584167358640116,-9.298324584960938e-06,4896,0.0004092704424510632,0.2,0.2135009765625,-0.020023391538416035,0.8975757360458374,-2.1430085,1257.0
1812,14,157696,3,-40.35470771789551,0.022604294,0.0378476120531559,0.19018490333110094,6.556510925292969e-07,4912,0.0004092704424510632,0.2,0.28125,-0.03341240354347974,0.8977338075637817,-2.1430085,1257.0
1812,15,158208,4,-40.369858503341675,0.020386625,-0.03597759082913399,0.005359767805202864,-1.1920928955078125e-06,4928,0.0004092704424510632,0.2,0.22802734375,-0.02334357553627342,0.8979015350341797,-2.1430085,1257.0
1805,16,158720,4,-40.3631706237793,0.016282612,-0.03309705853462219,0.003051670097192982,-3.0994415283203125e-06,4944,0.0004092704424510632,0.2,0.23291015625,-0.027859792986419052,0.8975067138671875,-2.14254129,1257.0
1801,17,159232,4,-40.35395264625549,0.025166227,0.06816799193620682,0.19659579219296575,5.960464477539062e-07,4960,0.0004092704424510632,0.2,0.2449951171875,-0.0246808078372851,0.8976367712020874,-2.14254129,1257.0
1796,18,159744,5,-40.3790420293808,0.019291244,-0.0418354757130146,0.0015035179731057724,-9.894371032714844e-06,4976,0.0004092704424510632,0.2,0.2353515625,-0.028340904726064764,0.8993079662322998,-2.1390064900000003,1257.0
1790,19,160256,5,-40.42467427253723,0.020350328,0.060559555888175964,0.17979284701868892,5.364418029785156e-07,4992,0.0004092704424510632,0.2,0.233154296875,-0.02672179089859128,0.9001778364181519,-2.1390064900000003,1257.0
1786,20,160768,5,-40.398908734321594,0.016943356,-0.031071480363607407,0.003882353012159001,-2.5033950805664062e-06,5008,0.0004092704424510632,0.2,0.251708984375,-0.02600042862468399,0.8976553082466125,-2.1390064900000003,1257.0
1784,21,161280,6,-40.325313448905945,0.010330616,-0.023831065744161606,0.0047222158827935345,-1.3113021850585938e-06,5024,0.0004092704424510632,0.2,0.142578125,-0.015482013070140965,0.8969716429710388,-2.1381558899999997,1257.0
1783,22,161792,6,-40.29838824272156,0.014736854,0.083568274974823,0.1867091772146523,5.960464477539062e-07,5040,0.0004092704424510632,0.2,0.213134765625,-0.020283700461732224,0.8954086899757385,-2.1381558899999997,1257.0
1778,23,162304,6,-40.25601124763489,0.016570453,-0.03402164205908775,0.002914479988248786,-2.9802322387695312e-06,5056,0.0004092704424510632,0.2,0.24853515625,-0.028205864582560025,0.8954862356185913,-2.13453154,1257.0
1776,24,162816,6,-40.27990674972534,0.017936736,0.058851923793554306,0.1832734076306224,4.76837158203125e-07,5072,0.0004092704424510632,0.2,0.2188720703125,-0.02271041380299721,0.8960132598876953,-2.13453154,1257.0
1773,25,163328,7,-40.27019691467285,0.022416271,-0.03209257498383522,0.004138109470659401,-2.2649765014648438e-06,5088,0.0004092704424510632,0.2,0.2947998046875,-0.029372913457336836,0.8948469758033752,-2.13453154,1257.0
1770,26,163840,7,-40.22687101364136,0.01595517,-0.035135846585035324,0.0029229711908556055,-2.0265579223632812e-06,5104,0.0004092704424510632,0.2,0.21435546875,-0.02436802072043065,0.894293487071991,-2.1304347999999997,1257.0
1768,27,164352,7,-40.20815300941467,0.025832001,0.04316631704568863,0.18503287667408586,6.556510925292969e-07,5120,0.0004092704424510632,0.2,0.2890625,-0.030981524905655533,0.8937851786613464,-2.1304347999999997,1257.0
1764,28,164864,8,-40.182352900505066,0.020439982,-0.03954867273569107,0.004422510293807136,-4.0531158447265625e-06,5136,0.0004092704424510632,0.2,0.2303466796875,-0.026705262935138308,0.8931357860565186,-2.12931318,1257.0
1762,29,165376,8,-40.15558648109436,0.018191945,0.05105917528271675,0.17735434928908944,5.960464477539062e-07,5152,0.0004092704424510632,0.2,0.2408447265625,-0.028533589997095987,0.8921910524368286,-2.12931318,1257.0
1759,30,165888,8,-40.12882947921753,0.015746871,-0.036734726279973984,0.0036234790895832703,-2.2649765014648438e-06,5168,0.0004092704424510632,0.2,0.2239990234375,-0.02143158932449296,0.8916163444519043,-2.12931318,1257.0
1757,31,166400,9,-40.12461709976196,0.022448014,-0.04191376641392708,0.0034262829285580665,-3.2186508178710938e-06,5184,0.0004092704424510632,0.2,0.274169921875,-0.0271354949218221,0.8920950889587402,-2.12544125,1257.0
1754,32,166912,9,-40.12297248840332,0.02073954,0.03698328882455826,0.15663205599412322,6.556510925292969e-07,5200,0.0004092704424510632,0.2,0.2894287109375,-0.026532589297858067,0.8907485008239746,-2.12544125,1257.0
1753,33,167424,9,-40.075918793678284,0.017313793,-0.020566612482070923,0.004460860509425402,2.980232238769531e-07,5216,0.0004092704424510632,0.2,0.2008056640625,-0.02265200178953819,0.8900347948074341,-2.1248888800000003,1257.0
1750,34,167936,9,-40.07812440395355,0.017244231,0.04076656699180603,0.1870235544629395,5.960464477539062e-07,5232,0.0004092704424510632,0.2,0.22216796875,-0.022739405190804973,0.8907709717750549,-2.1248888800000003,1257.0
1748,35,168448,10,-40.108317375183105,0.016909942,-0.026012612506747246,0.0033806873761932366,-5.960464477539062e-07,5248,0.0004092704424510632,0.2,0.2139892578125,-0.021521496222703718,0.892529308795929,-2.1218441300000004,1257.0
1748,36,168960,10,-40.13339364528656,0.017185047,0.059002846479415894,0.18682577274739742,6.556510925292969e-07,5264,0.0004092704424510632,0.2,0.222900390625,-0.02399043701007031,0.8916091322898865,-2.1218441300000004,1257.0
1746,37,169472,10,-40.09473538398743,0.016831193,-0.031041426584124565,0.003180724954290781,-1.3113021850585938e-06,5280,0.0004092704424510632,0.2,0.2337646484375,-0.023944310334627517,0.8911880850791931,-2.1218441300000004,1257.0
1745,38,169984,11,-40.10935652256012,0.018799607,-0.04254079982638359,0.005584900900430512,5.364418029785156e-07,5296,0.0004092704424510632,0.2,0.2589111328125,-0.026721241214545444,0.8922564387321472,-2.11914053,1257.0
1744,39,170496,11,-40.14924764633179,0.016544286,0.0632459819316864,0.17819887539371848,7.748603820800781e-07,5312,0.0004092704424510632,0.2,0.2406005859375,-0.025935433892300352,0.8933648467063904,-2.11914053,1257.0
1743,40,171008,11,-40.17536234855652,0.016971659,-0.03861050680279732,0.0026666381490940694,-8.225440979003906e-06,5328,0.0004092704424510632,0.2,0.2373046875,-0.02469231705617858,0.8937684297561646,-2.11551249,1257.0
1742,41,171520,12,-40.1500324010849,0.017912485,0.05757390707731247,0.17460693325847387,8.940696716308594e-07,5344,0.0004092704424510632,0.2,0.2430419921875,-0.024001053927349858,0.8921204805374146,-2.11551249,1257.0
1742,42,172032,12,-40.10233962535858,0.020298474,-0.03340904042124748,0.003931515253498219,-7.152557373046875e-07,5360,0.0004092704424510632,0.2,0.270751953125,-0.02497403894085437,0.8923255205154419,-2.11551249,1257.0
1742,43,172544,12,-40.11665391921997,0.021460664,-0.03087680973112583,0.0030723531381227076,-2.7418136596679688e-06,5376,0.0004092704424510632,0.2,0.244873046875,-0.025976188335334882,0.8928285837173462,-2.11244778,1257.0
1741,44,173056,12,-40.1079717874527,0.02595868,0.04176776111125946,0.18258111691102386,7.152557373046875e-07,5392,0.0004092704424510632,0.2,0.3297119140625,-0.028877718825242482,0.8923053741455078,-2.11244778,1257.0
1741,45,173568,13,-40.10078251361847,0.018000076,-0.04422629997134209,0.0034657007818168495,-1.9073486328125e-06,5408,0.0004092704424510632,0.2,0.2235107421875,-0.025925799971446395,0.8924031257629395,-2.10919447,1257.0
1740,46,174080,13,-40.08587467670441,0.022811994,0.05689958482980728,0.1707565668039024,5.364418029785156e-07,5424,0.0004092704424510632,0.2,0.2823486328125,-0.028937993076397106,0.890753984451294,-2.10919447,1257.0
1739,47,174592,13,-40.031773686409,0.024334539,-0.026149621233344078,0.00245720714883646,-3.933906555175781e-06,5440,0.0004092704424510632,0.2,0.274658203125,-0.023921824191347696,0.890500545501709,-2.10919447,1257.0
1738,48,175104,14,-40.037670373916626,0.0153060295,-0.027006002143025398,0.0037067796583869494,-1.3113021850585938e-06,5456,0.0004092704424510632,0.2,0.2095947265625,-0.022301609700662084,0.8910175561904907,-2.10521289,1257.0
1737,49,175616,14,-40.033191442489624,0.027111143,0.054460540413856506,0.18061086302623153,7.748603820800781e-07,5472,0.0004092704424510632,0.2,0.2823486328125,-0.028403361910022795,0.8899655342102051,-2.10521289,1257.0
1736,50,176128,14,-39.985102891922,0.019857066,-0.030304262414574623,0.0034209564328193665,-3.337860107421875e-06,5488,0.0004092704424510632,0.2,0.2513427734375,-0.025962300191167742,0.8885743021965027,-2.10153701,1257.0
1736,51,176640,15,-39.951674580574036,0.019751087,0.04449964314699173,0.16577635100111365,1.0132789611816406e-06,5504,0.0004092704424510632,0.2,0.2257080078125,-0.022675461732433178,0.8879805207252502,-2.10153701,1257.0
1736,52,177152,15,-39.94330656528473,0.015417941,-0.03529275953769684,0.0046346214367076755,9.5367431640625e-07,5520,0.0004092704424510632,0.2,0.2261962890625,-0.02802098705433309,0.8882840275764465,-2.10153701,1257.0
1735,53,177664,15,-39.94000995159149,0.016083669,-0.028708230704069138,0.004778688715305179,-1.1920928955078125e-06,5536,0.0004092704424510632,0.2,0.2423095703125,-0.026774999976623803,0.8866676688194275,-2.1014275700000002,1257.0
1735,54,178176,15,-39.89178955554962,0.020957842,0.05287522077560425,0.17835367564111948,1.7881393432617188e-07,5552,0.0004092704424510632,0.2,0.2451171875,-0.028844756045145914,0.8860516548156738,-2.1014275700000002,1257.0
1734,55,178688,16,-39.86781120300293,0.022722065,-0.04042980074882507,0.0038815287698525935,-4.291534423828125e-06,5568,0.0004092704424510632,0.2,0.29150390625,-0.029179477860452607,0.8841999769210815,-2.0959744000000002,1257.0
1735,56,179200,16,-39.81016743183136,0.022243395,0.05069369450211525,0.16905232658609748,8.344650268554688e-07,5584,0.0004092704424510632,0.2,0.2655029296875,-0.025809317419771105,0.8827964067459106,-2.0959744000000002,1257.0
1735,57,179712,16,-39.76854729652405,0.019021815,-0.028438657522201538,0.0030966953563620336,-9.059906005859375e-06,5600,0.0004092704424510632,0.2,0.230224609375,-0.022301253367913887,0.8812747001647949,-2.0959744000000002,1257.0
1733,58,180224,17,-39.719839572906494,0.014218917,-0.014583793468773365,0.0034619722064235248,-4.0531158447265625e-06,5616,0.0004092704424510632,0.2,0.200439453125,-0.0236384941090364,0.880438506603241,-2.09281028,1257.0
1733,59,180736,17,-39.67488253116608,0.021828456,0.050020743161439896,0.16001797886565328,1.3113021850585938e-06,5632,0.0004092704424510632,0.2,0.271484375,-0.02632730416371487,0.8783231377601624,-2.09281028,1257.0
1733,60,181248,17,-39.60975182056427,0.015237572,-0.043466780334711075,0.002307747730810661,-1.430511474609375e-06,5648,0.0004092704424510632,0.2,0.2130126953125,-0.025201508644386195,0.8774588108062744,-2.09081557,1257.0
1733,61,181760,18,-39.596689105033875,0.014545507,0.06599428504705429,0.17808714928105474,7.748603820800781e-07,5664,0.0004092704424510632,0.2,0.217529296875,-0.022870848970342195,0.877692461013794,-2.09081557,1257.0
1732,62,182272,18,-39.60036253929138,0.018347107,-0.035802844911813736,0.0032937571813818067,-3.6954879760742188e-06,5680,0.0004092704424510632,0.2,0.219482421875,-0.02263881146791391,0.8777969479560852,-2.0868359400000003,1257.0
1732,63,182784,18,-39.58230423927307,0.017510653,0.03332938253879547,0.16997263999655843,1.4901161193847656e-06,5696,0.0004092704424510632,0.2,0.2347412109375,-0.024299953220179304,0.8766714334487915,-2.0868359400000003,1257.0
1732,64,183296,18,-39.55336511135101,0.014991706,-0.02977598085999489,0.0036697636314784177,-5.841255187988281e-06,5712,0.0004092704424510632,0.2,0.189697265625,-0.02143173995136749,0.8767585754394531,-2.0868359400000003,1257.0
1732,65,183808,19,-39.54705274105072,0.016295837,-0.034596383571624756,0.004212220745102968,3.5762786865234375e-07,5728,0.0004092704424510632,0.2,0.2474365234375,-0.02742714415944647,0.8755263090133667,-2.08594077,1257.0
1732,66,184320,19,-39.499114632606506,0.025511116,0.051785655319690704,0.16624509450048208,2.086162567138672e-06,5744,0.0004092704424510632,0.2,0.2613525390625,-0.027557901601539925,0.8747408390045166,-2.08594077,1257.0
1732,67,184832,19,-39.45960557460785,0.016440088,-0.02804415673017502,0.0019198799855075777,-7.152557373046875e-06,5760,0.0004092704424510632,0.2,0.212158203125,-0.02087752489023842,0.8732033371925354,-2.0820362800000005,1257.0
1731,68,185344,20,-39.416741728782654,0.020960044,0.027261026203632355,0.1671048670541495,2.4437904357910156e-06,5776,0.0004092704424510632,0.2,0.233642578125,-0.027949344221269712,0.8724578022956848,-2.0820362800000005,1257.0
1731,69,185856,20,-39.409008622169495,0.01760202,-0.034726835787296295,0.0026955760113196447,-1.5735626220703125e-05,5792,0.0004092704424510632,0.2,0.2139892578125,-0.02100886507832911,0.8727633357048035,-2.0820362800000005,1257.0
1731,70,186368,20,-39.40375256538391,0.017812956,-0.03798731416463852,0.003849601635010913,-2.0265579223632812e-06,5808,0.0004092704424510632,0.2,0.25,-0.025900671287672594,0.8719423413276672,-2.0787732,1257.0
1731,71,186880,20,-39.34867882728577,0.019237962,0.043455660343170166,0.16765764262527227,2.3245811462402344e-06,5824,0.0004092704424510632,0.2,0.2459716796875,-0.022928200021851808,0.869372546672821,-2.0787732,1257.0
1731,72,187392,21,-39.26431918144226,0.022818457,-0.03757026046514511,0.0019129399188386742,-6.568431854248047e-05,5840,0.0004092704424510632,0.2,0.2498779296875,-0.02963637246284634,0.8682026863098145,-2.07508195,1257.0
1731,73,187904,21,-39.22460925579071,0.019074377,0.04160464555025101,0.15802156180143356,1.6093254089355469e-06,5856,0.0004092704424510632,0.2,0.2373046875,-0.022774193610530347,0.8672004342079163,-2.07508195,1257.0
1731,74,188416,21,-39.193944692611694,0.023487726,-0.03751068189740181,0.0038009310665074736,-4.374980926513672e-05,5872,0.0004092704424510632,0.2,0.2840576171875,-0.027903847076231614,0.8668509721755981,-2.07508195,1257.0
1731,75,188928,22,-39.186331152915955,0.01546014,-0.042840007692575455,0.004847946016525384,2.086162567138672e-06,5888,0.0004092704424510632,0.2,0.2186279296875,-0.026935296336887404,0.8666581511497498,-2.07444034,1257.0
1731,76,189440,22,-39.16211497783661,0.01684116,0.04336996749043465,0.17081957962363958,2.384185791015625e-06,5904,0.0004092704424510632,0.2,0.2108154296875,-0.0252417045267066,0.865714967250824,-2.07444034,1257.0
1731,77,189952,22,-39.10624670982361,0.021260766,-0.052385956048965454,0.0033109168216469698,-4.57763671875e-05,5920,0.0004092704424510632,0.2,0.2806396484375,-0.03066845389548689,0.8634554743766785,-2.0732625700000002,1257.0
1731,78,190464,23,-39.04404437541962,0.02181225,0.034596823155879974,0.15610392787493765,-2.0742416381835938e-05,5936,0.0004092704424510632,0.2,0.2301025390625,-0.022756866499548778,0.8627235889434814,-2.0732625700000002,1257.0
1730,79,190976,23,-39.04315757751465,0.019328605,-0.043071601539850235,0.0036243734211893752,-6.318092346191406e-06,5952,0.0004092704424510632,0.2,0.242431640625,-0.029000839771470055,0.8635393381118774,-2.0732625700000002,1257.0
1730,80,191488,23,-39.073410749435425,0.018741988,-0.02503470703959465,0.0057904486457118765,3.5762786865234375e-07,5968,0.0004092704424510632,0.2,0.2738037109375,-0.02827754740428645,0.8641555309295654,-2.07133349,1257.0
1730,81,192000,23,-39.102139592170715,0.01644809,0.05960481986403465,0.16521882405504584,-8.344650268554688e-07,5984,0.0004092704424510632,0.2,0.2440185546875,-0.02217841944366228,0.86527419090271,-2.07133349,1257.0
1730,82,192512,24,-39.118685603141785,0.016696118,-0.02200491912662983,0.003144466711091809,-7.867813110351562e-06,6000,0.0004092704424510632,0.2,0.21435546875,-0.02243730373447761,0.864700436592102,-2.0696338499999998,1257.0
1730,83,193024,24,-39.09828746318817,0.018260887,0.04369385540485382,0.15498483763076365,-2.384185791015625e-07,6016,0.0004092704424510632,0.2,0.2249755859375,-0.02431522755068727,0.8639342188835144,-2.0696338499999998,1257.0
1729,84,193536,24,-39.06959021091461,0.01589856,-0.022871946915984154,0.003183322354743723,-3.814697265625e-06,6032,0.0004092704424510632,0.2,0.2049560546875,-0.020394966297317296,0.8630697727203369,-2.0696338499999998,1257.0
1729,85,194048,25,-39.05616009235382,0.017503055,-0.02407671883702278,0.003532048962370027,-3.0994415283203125e-06,6048,0.0004092704424510632,0.2,0.2081298828125,-0.020819814933929592,0.863386869430542,-2.06648826,1257.0
1728,86,194560,25,-39.05599856376648,0.022789974,0.043883562088012695,0.14646385610103607,2.3245811462402344e-06,6064,0.0004092704424510632,0.2,0.259521484375,-0.026236540055833757,0.8629458546638489,-2.06648826,1257.0
1728,87,195072,25,-39.025681495666504,0.02439661,-0.04125548154115677,0.005306916042172816,3.2782554626464844e-06,6080,0.0004092704424510632,0.2,0.3096923828125,-0.03217163615045138,0.8616280555725098,-2.06275366,1257.0
1727,88,195584,26,-38.98471200466156,0.025621783,0.038346510380506516,0.16250402480363846,-1.3113021850585938e-06,6096,0.0004092704424510632,0.2,0.28857421875,-0.028632403424126096,0.8611896634101868,-2.06275366,1257.0
1727,89,196096,26,-38.956361413002014,0.0145546775,-0.032876670360565186,0.0033049470075638965,-3.6954879760742188e-06,6112,0.0004092704424510632,0.2,0.2354736328125,-0.02495603910938371,0.8598603010177612,-2.0620112799999997,1257.0
1727,90,196608,26,-38.88731133937836,0.023375988,0.05981629714369774,0.16090998030267656,1.430511474609375e-06,6128,0.0004092704424510632,0.2,0.2379150390625,-0.02365535151329823,0.8578606843948364,-2.0620112799999997,1257.0
1726,91,197120,26,-38.83209562301636,0.019029574,-0.03507222980260849,0.0035657955377246253,-4.887580871582031e-06,6144,0.0004092704424510632,0.2,0.25,-0.027140663776663132,0.857867419719696,-2.0620112799999997,1257.0
1726,92,197632,27,-38.83436667919159,0.021641804,-0.04057177156209946,0.0045388131475192495,1.1920928955078125e-07,6160,0.0004092704424510632,0.2,0.2403564453125,-0.024720023153349757,0.857470691204071,-2.06103655,1257.0
1726,93,198144,27,-38.785760045051575,0.023918442,0.027203373610973358,0.161788122728467,1.9073486328125e-06,6176,0.0004092704424510632,0.2,0.2674560546875,-0.02850409084931016,0.8549817800521851,-2.06103655,1257.0
1726,94,198656,27,-38.69016790390015,0.025748529,-0.044726744294166565,0.0025351831754960585,-8.58306884765625e-06,6192,0.0004092704424510632,0.2,0.2667236328125,-0.030066133535001427,0.8528010249137878,-2.0599694299999998,1257.0
1726,95,199168,28,-38.613324761390686,0.016910587,0.05623667687177658,0.1621944410726428,2.5033950805664062e-06,6208,0.0004092704424510632,0.2,0.2593994140625,-0.02686895607621409,0.8511777520179749,-2.0599694299999998,1257.0
1726,96,199680,28,-38.584038734436035,0.020425616,-0.049596820026636124,0.004214675951516256,-4.76837158203125e-06,6224,0.0004092704424510632,0.2,0.2628173828125,-0.02838197338860482,0.85091632604599,-2.0599694299999998,1257.0
1725,97,200192,28,-38.577688217163086,0.02155267,-0.0385763943195343,0.004628502370906062,-3.5762786865234375e-07,6240,0.0004092704424510632,0.2,0.283935546875,-0.03007345950754825,0.8507074117660522,-2.05811332,1257.0
1725,98,200704,29,-38.57116150856018,0.022577062,0.045306719839572906,0.16814877977594733,-1.1920928955078125e-06,6256,0.0004092704424510632,0.2,0.2935791015625,-0.030703962955158204,0.8505706787109375,-2.05811332,1257.0
1725,99,201216,29,-38.56219518184662,0.017351653,-0.032615017145872116,0.002412812871625647,-2.2172927856445312e-05,6272,0.0004092704424510632,0.2,0.244873046875,-0.024354598193895072,0.8502212762832642,-2.05364624,1257.0
1725,100,201728,29,-38.54372322559357,0.019480824,0.03316488862037659,0.15807381551712751,4.410743713378906e-06,6288,0.0004092704424510632,0.2,0.2203369140625,-0.021810837148223072,0.8493784070014954,-2.05364624,1257.0
1725,101,202240,29,-38.52973973751068,0.012918959,-0.03721098229289055,0.003774496930418536,5.7220458984375e-06,6304,0.0004092704424510632,0.2,0.2178955078125,-0.023015684477286413,0.8501223921775818,-2.05364624,1257.0
1725,102,202752,30,-38.54858112335205,0.013266525,-0.03171156719326973,0.004479229806747753,-1.1920928955078125e-06,6320,0.0004092704424510632,0.2,0.2130126953125,-0.0233467360958457,0.8495789766311646,-2.0523373,1257.0
1725,103,203264,30,-38.51430916786194,0.014400035,0.05416607856750488,0.16086490009911358,1.0192394256591797e-05,6336,0.0004092704424510632,0.2,0.1995849609375,-0.01953313162084669,0.8486799597740173,-2.0523373,1257.0
1725,104,203776,30,-38.49651920795441,0.019968864,-0.05053175240755081,0.0024923725868575275,-0.007126927375793457,6352,0.0004092704424510632,0.2,0.249755859375,-0.02777277323184535,0.849022388458252,-2.05057199,1257.0
1725,105,204288,31,-38.49432730674744,0.018523864,0.028370946645736694,0.15435704914852977,4.172325134277344e-07,6368,0.0004092704424510632,0.2,0.232177734375,-0.02692033475614153,0.8488696813583374,-2.05057199,1257.0
1725,106,204800,31,-38.458839774131775,0.011686697,-0.03519204631447792,0.0041363599739270285,-4.887580871582031e-06,6384,0.0004092704424510632,0.2,0.1895751953125,-0.02071497103315778,0.8481675386428833,-2.05057199,1257.0
1725,107,205312,31,-38.458536982536316,0.019810434,-0.030885279178619385,0.0030262426917033736,-1.9073486328125e-06,6400,0.0004092704424510632,0.2,0.2484130859375,-0.028037399621098302,0.8494433760643005,-2.04760521,1257.0
1726,108,205824,32,-38.51717281341553,0.016460303,0.04557888209819794,0.15758734149858356,9.5367431640625e-07,6416,0.0004092704424510632,0.2,0.199462890625,-0.023745854676235467,0.8502526879310608,-2.04760521,1257.0
1726,109,206336,32,-38.55522119998932,0.011294963,-0.02938266657292843,0.0032364676808356307,-4.410743713378906e-06,6432,0.0004092704424510632,0.2,0.141845703125,-0.015580239749397151,0.8517926931381226,-2.0431265099999996,1257.0
1726,110,206848,32,-38.59849762916565,0.01789901,0.04854204133152962,0.15203461470082402,2.980232238769531e-07,6448,0.0004092704424510632,0.2,0.216552734375,-0.020573342982970644,0.8521959781646729,-2.0431265099999996,1257.0
1726,111,207360,32,-38.58298587799072,0.034609426,-0.04141657054424286,0.004071178977028467,1.7881393432617188e-06,6464,0.0004092704424510632,0.2,0.31005859375,-0.029938877225504257,0.8510705828666687,-2.0431265099999996,1257.0
1726,112,207872,33,-38.566179275512695,0.013918834,-0.03186788409948349,0.003372721064806683,-2.384185791015625e-07,6480,0.0004092704424510632,0.2,0.218505859375,-0.022034495166735724,0.851187527179718,-2.0421454599999995,1257.0
1727,113,208384,33,-38.58490002155304,0.024191372,0.044520303606987,0.1533240550197661,6.556510925292969e-07,6496,0.0004092704424510632,0.2,0.30615234375,-0.027335505408700556,0.8515998721122742,-2.0421454599999995,1257.0
1726,114,208896,33,-38.55745339393616,0.017921027,-0.039153970777988434,0.0035479849539115094,1.7285346984863281e-06,6512,0.0004092704424510632,0.2,0.241455078125,-0.025864292270853184,0.8498191237449646,-2.0381497299999993,1257.0
1726,115,209408,34,-38.50003957748413,0.02620133,0.06550609320402145,0.16804444743320346,5.364418029785156e-07,6528,0.0004092704424510632,0.2,0.252197265625,-0.028034626157023013,0.848910927772522,-2.0381497299999993,1257.0
1727,116,209920,34,-38.49353504180908,0.02901497,-0.03689093887805939,0.0029991321644047275,-1.6689300537109375e-06,6544,0.0004092704424510632,0.2,0.2967529296875,-0.027128814632305875,0.8494780659675598,-2.0334960999999994,1257.0
1727,117,210432,34,-38.518741965293884,0.01683037,0.05244449898600578,0.16089301649481058,3.5762786865234375e-07,6560,0.0004092704424510632,0.2,0.271728515625,-0.022709826182108372,0.8499619364738464,-2.0334960999999994,1257.0
1727,118,210944,34,-38.5280179977417,0.016196454,-0.02879844419658184,0.0043313772839610465,9.5367431640625e-07,6576,0.0004092704424510632,0.2,0.267578125,-0.026326036924729124,0.8503578305244446,-2.0334960999999994,1257.0
1727,119,211456,35,-38.539398431777954,0.01720527,-0.030788451433181763,0.004717973220977001,-7.152557373046875e-07,6592,0.0004092704424510632,0.2,0.2496337890625,-0.02385223557939753,0.8509675860404968,-2.0359198199999993,1257.0
1727,120,211968,35,-38.5325391292572,0.016526937,0.04530753940343857,0.16163854952901602,1.7881393432617188e-07,6608,0.0004092704424510632,0.2,0.2386474609375,-0.024402934010140598,0.8496085405349731,-2.0359198199999993,1257.0
1727,121,212480,35,-38.47793531417847,0.023564957,-0.049062132835388184,0.0027227143400523346,-2.7418136596679688e-06,6624,0.0004092704424510632,0.2,0.2884521484375,-0.027393425116315484,0.8486964106559753,-2.03352845,1257.0
1727,122,212992,36,-38.474313259124756,0.018105987,0.038143858313560486,0.15808826172724366,3.5762786865234375e-07,6640,0.0004092704424510632,0.2,0.2333984375,-0.02395278209587559,0.8491820693016052,-2.03352845,1257.0
1727,123,213504,36,-38.47691893577576,0.015395319,-0.02843181975185871,0.002847123370884219,8.404254913330078e-06,6656,0.0004092704424510632,0.2,0.2054443359375,-0.02342978265369311,0.8482356667518616,-2.03352845,1257.0
1726,124,214016,36,-38.4371839761734,0.015797999,-0.03413204103708267,0.003262193662521895,7.748603820800781e-07,6672,0.0004092704424510632,0.2,0.2081298828125,-0.0183624377095839,0.8475979566574097,-2.0298809799999997,1257.0
1726,125,214528,37,-38.42685866355896,0.017960306,0.038266897201538086,0.1656926916912198,2.980232238769531e-07,6688,0.0004092704424510632,0.2,0.2437744140625,-0.024194577883463353,0.8479897975921631,-2.0298809799999997,1257.0
1727,126,215040,37,-38.42288279533386,0.018758342,-0.05068381875753403,0.0018475809974916046,-6.079673767089844e-06,6704,0.0004092704424510632,0.2,0.2406005859375,-0.028222721681231633,0.8468565344810486,-2.02725755,1257.0
1726,127,215552,37,-38.381476163864136,0.01665036,0.05308247357606888,0.1517152765300125,4.76837158203125e-07,6720,0.0004092704424510632,0.2,0.2529296875,-0.02591607187059708,0.8462751507759094,-2.02725755,1257.0
1726,128,216064,37,-38.37654256820679,0.01930517,-0.03761870414018631,0.004463175617274828,4.76837158203125e-07,6736,0.0004092704424510632,0.2,0.239990234375,-0.0262075388309313,0.8463172316551208,-2.02725755,1257.0
1726,129,216576,38,-38.37834405899048,0.013116835,-0.01512605044990778,0.004582589230267331,-1.0728836059570312e-06,6752,0.0004092704424510632,0.2,0.1505126953125,-0.015073364324052818,0.8454698920249939,-2.02546848,1257.0
1726,130,217088,38,-38.35093903541565,0.019221548,0.05818531662225723,0.1702832104638219,1.7881393432617188e-07,6768,0.0004092704424510632,0.2,0.233642578125,-0.021797868379508145,0.8452672362327576,-2.02546848,1257.0
1726,131,217600,38,-38.34840750694275,0.016439054,-0.033173736184835434,0.0028531342977657914,-4.0531158447265625e-06,6784,0.0004092704424510632,0.2,0.2103271484375,-0.023684484098339453,0.8451603055000305,-2.0219946899999997,1257.0
1725,132,218112,39,-38.33427035808563,0.021497767,0.05088870972394943,0.15371324634179473,4.76837158203125e-07,6800,0.0004092704424510632,0.2,0.2862548828125,-0.025677424724563025,0.8451385498046875,-2.0219946899999997,1257.0
1725,133,218624,39,-38.35309135913849,0.014918312,-0.03612130507826805,0.003179040548275225,-5.245208740234375e-06,6816,0.0004092704424510632,0.2,0.2196044921875,-0.022434499667724594,0.8462304472923279,-2.0219946899999997,1257.0
1725,134,219136,39,-38.39016377925873,0.020846013,-0.046996112912893295,0.0037377572152763605,5.364418029785156e-07,6832,0.0004092704424510632,0.2,0.2862548828125,-0.03026624338235706,0.8469812870025635,-2.0221723599999994,1257.0
1725,135,219648,40,-38.413878202438354,0.02151005,0.039675191044807434,0.16547724464908242,1.1920928955078125e-07,6848,0.0004092704424510632,0.2,0.267333984375,-0.02863869068096392,0.8477529883384705,-2.0221723599999994,1257.0
1726,136,220160,40,-38.42691469192505,0.021796681,-0.03949006274342537,0.0033470563575974666,-3.337860107421875e-06,6864,0.0004092704424510632,0.2,0.2523193359375,-0.027384635846829042,0.8475568890571594,-2.0186678099999997,1257.0
1726,137,220672,40,-38.41969811916351,0.022023568,0.03631259500980377,0.1550827263854444,5.960464477539062e-07,6880,0.0004092704424510632,0.2,0.2642822265625,-0.027795067901024595,0.8471360206604004,-2.0186678099999997,1257.0
1726,138,221184,40,-38.3987500667572,0.015456982,-0.037306252866983414,0.002638028799992753,-2.1457672119140625e-06,6896,0.0004092704424510632,0.2,0.2086181640625,-0.023157751042163,0.8457812070846558,-2.0186678099999997,1257.0
1726,139,221696,41,-38.34350144863129,0.014989583,-0.030823800712823868,0.00450173340504989,-3.5762786865234375e-07,6912,0.0004092704424510632,0.2,0.215087890625,-0.026959701091982424,0.8442552089691162,-2.0165413599999997,1257.0
1726,140,222208,41,-38.31499516963959,0.021474421,0.059250857681035995,0.15863562794402242,-3.5762786865234375e-07,6928,0.0004092704424510632,0.2,0.255615234375,-0.02072997721552383,0.8442093133926392,-2.0165413599999997,1257.0
1725,141,222720,41,-38.31299710273743,0.016553137,-0.033436134457588196,0.004181799675279763,-1.9073486328125e-06,6944,0.0004092704424510632,0.2,0.20703125,-0.02337953753885813,0.8441590666770935,-2.01306445,1257.0
1725,142,223232,42,-38.292421102523804,0.023095282,0.025195471942424774,0.16488863620907068,-3.5762786865234375e-07,6960,0.0004092704424510632,0.2,0.2633056640625,-0.026656079848180525,0.8425789475440979,-2.01306445,1257.0
1725,143,223744,42,-38.215935945510864,0.025427531,-0.035413503646850586,0.004764772209455259,2.6226043701171875e-06,6976,0.0004092704424510632,0.2,0.2926025390625,-0.025417789074708708,0.840401291847229,-2.01306445,1257.0
1725,144,224256,42,-38.14577400684357,0.017093185,-0.03249117359519005,0.0032565018482273445,-5.960464477539062e-07,6992,0.0004092704424510632,0.2,0.2210693359375,-0.023586518567753956,0.8389031291007996,-2.0091435399999993,1257.0
1725,145,224768,43,-38.0870099067688,0.017480368,-0.015008021146059036,0.019447529324679635,7.152557373046875e-07,7008,0.0004092704424510632,0.2,0.236328125,-0.020981516950996593,0.8371179103851318,-2.0091435399999993,1257.0
1725,146,225280,43,-38.04888582229614,0.02068355,-0.029209185391664505,0.004060805462358985,-1.1920928955078125e-07,7024,0.0004092704424510632,0.2,0.2318115234375,-0.022782890853704885,0.8369505405426025,-2.0065281299999995,1257.0
1725,147,225792,43,-38.05780375003815,0.02207769,0.057108089327812195,0.18549515027552843,5.960464477539062e-07,7040,0.0004092704424510632,0.2,0.2608642578125,-0.02378106331161689,0.8379762768745422,-2.0065281299999995,1257.0
4163,1,226304,0,-38.080029010772705,0.025002375,-0.03665272891521454,0.00262991277850233,-3.933906555175781e-06,7056,0.0004092704424510632,0.2,0.2386474609375,-0.02382534503703937,0.8377833366394043,-2.0042431199999995,1257.0
2429,2,226816,0,-38.05447053909302,0.021221884,0.06280932575464249,0.18440294405445457,0.0,7072,0.0004092704424510632,0.2,0.230712890625,-0.024706090633117128,0.8368493914604187,-2.0042431199999995,1257.0
2145,3,227328,0,-38.05674397945404,0.021993596,-0.03483809158205986,0.003050375511520542,-4.172325134277344e-06,7088,0.0004092704424510632,0.2,0.265380859375,-0.02601724598207511,0.8376510143280029,-2.0042431199999995,1257.0
2032,4,227840,1,-38.074342012405396,0.019165594,-0.04140527918934822,0.004071126219059806,-1.6689300537109375e-06,7104,0.0004092704424510632,0.2,0.277099609375,-0.0315623223723378,0.8369693756103516,-2.0013420699999998,1257.0
1962,5,228352,1,-38.03552997112274,0.01804002,0.03672011196613312,0.18156558834016323,1.7881393432617188e-07,7120,0.0004092704424510632,0.2,0.22998046875,-0.022759687090001535,0.8360682129859924,-2.0013420699999998,1257.0
1916,6,228864,1,-37.98998212814331,0.01414218,-0.03412388265132904,0.0018596498139231699,-7.152557373046875e-06,7136,0.0004092704424510632,0.2,0.22900390625,-0.025953772041248158,0.8350844383239746,-1.9942721099999998,1257.0
1888,7,229376,1,-37.95500576496124,0.02288409,0.06014907732605934,0.1628101069945842,1.7881393432617188e-07,7152,0.0004092704424510632,0.2,0.2584228515625,-0.026894364244071767,0.8340440988540649,-1.9942721099999998,1257.0
1867,8,229888,2,-37.95650243759155,0.019891027,-0.04235200583934784,0.003616623973357491,-6.9141387939453125e-06,7168,0.0004092704424510632,0.2,0.263916015625,-0.025865771051030606,0.8347598314285278,-1.9942721099999998,1257.0
1851,9,230400,2,-37.975651144981384,0.01171587,-0.019265588372945786,0.003825062442047056,-2.1457672119140625e-06,7184,0.0004092704424510632,0.2,0.148681640625,-0.016833398447488435,0.8339537978172302,-1.98950265,1257.0
1847,10,230912,2,-37.94319295883179,0.018047707,0.05915404111146927,0.16847886494360864,3.5762786865234375e-07,7200,0.0004092704424510632,0.2,0.229736328125,-0.022828804969321936,0.8339942097663879,-1.98950265,1257.0
1832,11,231424,3,-37.92505645751953,0.032562837,-0.04797881469130516,0.0030695866407768335,-1.9073486328125e-06,7216,0.0004092704424510632,0.2,0.3104248046875,-0.03159688508458203,0.8324762582778931,-1.98554333,1257.0
1827,12,231936,3,-37.85950708389282,0.029648539,0.04540874436497688,0.16045583202503622,1.1920928955078125e-07,7232,0.0004092704424510632,0.2,0.306640625,-0.03392443398479372,0.8309558033943176,-1.98554333,1257.0
1823,13,232448,3,-37.831541419029236,0.016937166,-0.030039548873901367,0.004163918107224163,-9.5367431640625e-07,7248,0.0004092704424510632,0.2,0.2666015625,-0.027086319169029593,0.8306328654289246,-1.98554333,1257.0
1819,14,232960,3,-37.82399392127991,0.013697429,-0.018105467781424522,0.0036554319885908626,-9.5367431640625e-07,7264,0.0004092704424510632,0.2,0.2091064453125,-0.022494186901894864,0.830224871635437,-1.9805657700000003,1257.0
1813,15,233472,4,-37.77207016944885,0.020415515,0.04976572096347809,0.1674196757376194,1.7881393432617188e-07,7280,0.0004092704424510632,0.2,0.202392578125,-0.018368415214354172,0.8287132382392883,-1.9805657700000003,1257.0
1813,16,233984,4,-37.71400284767151,0.013995774,-0.023967701941728592,0.003611599313444458,-1.7881393432617188e-06,7296,0.0004092704424510632,0.2,0.19970703125,-0.023499003320466727,0.8280647993087769,-1.9802609000000002,1257.0
1812,17,234496,4,-37.69164752960205,0.0204626,0.047969140112400055,0.15556649677455425,1.7881393432617188e-07,7312,0.0004092704424510632,0.2,0.269775390625,-0.026721301568613853,0.8272866606712341,-1.9802609000000002,1257.0
1806,18,235008,5,-37.65073561668396,0.0208935,-0.03530656173825264,0.004316261729400139,1.9073486328125e-06,7328,0.0004092704424510632,0.2,0.2882080078125,-0.02927693841047585,0.8259419798851013,-1.9802609000000002,1257.0
1805,19,235520,5,-37.62128806114197,0.018992815,-0.024929946288466454,0.0036036365490872413,-3.0994415283203125e-06,7344,0.0004092704424510632,0.2,0.27197265625,-0.02718715713126585,0.8260968327522278,-1.97559964,1257.0
1801,20,236032,5,-37.62806451320648,0.021112135,0.03845231980085373,0.15456936554983258,0.0,7360,0.0004092704424510632,0.2,0.2508544921875,-0.024652703112224117,0.8258515000343323,-1.97559964,1257.0
1797,21,236544,5,-37.62164044380188,0.019291192,-0.03647930175065994,0.0037155768150114454,-1.3113021850585938e-06,7376,0.0004092704424510632,0.2,0.2388916015625,-0.026268774206982926,0.825950026512146,-1.96936206,1257.0
1794,22,237056,6,-37.62534987926483,0.019128501,0.05197679251432419,0.15854712668806314,4.76837158203125e-07,7392,0.0004092704424510632,0.2,0.2283935546875,-0.022279901197180152,0.826215922832489,-1.96936206,1257.0
1792,23,237568,6,-37.640456318855286,0.016685255,-0.03243454918265343,0.003019814204890281,-2.5033950805664062e-06,7408,0.0004092704424510632,0.2,0.250244140625,-0.02605836177826859,0.8263522982597351,-1.96936206,1257.0
1791,24,238080,6,-37.615105986595154,0.01977979,-0.028605492785573006,0.005039742303779349,5.960464477539062e-07,7424,0.0004092704424510632,0.2,0.2332763671875,-0.02550351247191429,0.8246152997016907,-1.9666552399999997,1257.0
1789,25,238592,7,-37.55739462375641,0.020737866,-0.010814117267727852,0.03680960136989597,4.172325134277344e-07,7440,0.0004092704424510632,0.2,0.239990234375,-0.01710523501242278,0.8239358067512512,-1.9666552399999997,1257.0
1787,26,239104,7,-37.56353032588959,0.016300285,-0.022313950583338737,0.004491857202083338,-5.960464477539062e-07,7456,0.0004092704424510632,0.2,0.21337890625,-0.023972400435013697,0.8242675065994263,-1.96423708,1257.0
1784,27,239616,7,-37.56209218502045,0.017459571,0.06366624683141708,0.17952544707804918,5.960464477539063e-08,7472,0.0004092704424510632,0.2,0.2391357421875,-0.02380104603798827,0.8240671753883362,-1.96423708,1257.0
1782,28,240128,8,-37.53623080253601,0.019751068,-0.040959447622299194,0.0024957655914477073,-8.344650268554688e-07,7488,0.0004092704424510632,0.2,0.258056640625,-0.028858189209131524,0.8227518200874329,-1.9593325099999999,1257.0
1780,29,240640,8,-37.485899448394775,0.021534957,0.032963141798973083,0.16983026964589953,5.960464477539063e-08,7504,0.0004092704424510632,0.2,0.3101806640625,-0.03222683047351893,0.8220874071121216,-1.9593325099999999,1257.0
1777,30,241152,8,-37.44220519065857,0.020806719,-0.03897355496883392,0.003178066821419634,-1.3113021850585938e-06,7520,0.0004092704424510632,0.2,0.2452392578125,-0.03144291546777822,0.8194271326065063,-1.9593325099999999,1257.0
1775,31,241664,8,-37.36370074748993,0.01867158,-0.041300445795059204,0.0035197270844946615,-8.344650268554688e-07,7536,0.0004092704424510632,0.2,0.25048828125,-0.027563093171920627,0.8184905052185059,-1.95547405,1257.0
1773,32,242176,9,-37.358938336372375,0.025833314,0.03401610627770424,0.1694676778279245,3.5762786865234375e-07,7552,0.0004092704424510632,0.2,0.27734375,-0.025742388825165108,0.8183454275131226,-1.95547405,1257.0
1773,33,242688,9,-37.357073187828064,0.01892402,-0.03501632809638977,0.0014827818285993999,-3.2186508178710938e-06,7568,0.0004092704424510632,0.2,0.2447509765625,-0.029624885399243794,0.8186386823654175,-1.9513252899999998,1257.0
1770,34,243200,9,-37.36126518249512,0.01859726,0.02469494566321373,0.15551404282450676,1.1920928955078125e-07,7584,0.0004092704424510632,0.2,0.2613525390625,-0.02706032310379669,0.8184774518013,-1.9513252899999998,1257.0
1769,35,243712,10,-37.35698425769806,0.02083257,-0.03346080705523491,0.0030957978742662817,-3.2186508178710938e-06,7600,0.0004092704424510632,0.2,0.25439453125,-0.024903444456867874,0.8183327317237854,-1.9513252899999998,1257.0
1767,36,244224,10,-37.339065074920654,0.021044683,-0.036676909774541855,0.0047044028688105755,-1.3113021850585938e-06,7616,0.0004092704424510632,0.2,0.2689208984375,-0.029147124121664092,0.8171899914741516,-1.94792732,1257.0
1766,37,244736,10,-37.331252336502075,0.014775973,0.04031975567340851,0.16116860508918762,1.1920928955078125e-07,7632,0.0004092704424510632,0.2,0.2183837890625,-0.02135625312803313,0.8183033466339111,-1.94792732,1257.0
1765,38,245248,11,-37.359583258628845,0.016210198,-0.0444759763777256,0.004595570593664888,1.1920928955078125e-07,7648,0.0004092704424510632,0.2,0.2518310546875,-0.03076410258654505,0.8179793357849121,-1.94286879,1257.0
1764,39,245760,11,-37.347288489341736,0.01662104,0.036070387810468674,0.14788011647760868,-1.1920928955078125e-07,7664,0.0004092704424510632,0.2,0.233642578125,-0.023604760819580406,0.8190625309944153,-1.94286879,1257.0
1762,40,246272,11,-37.39740800857544,0.016985418,-0.04020243510603905,0.003908226382918656,-2.9802322387695312e-06,7680,0.0004092704424510632,0.2,0.2274169921875,-0.02244683023309335,0.8195027709007263,-1.94286879,1257.0
1761,41,246784,11,-37.403326749801636,0.0146644125,-0.03241289407014847,0.003895481408108026,-1.0728836059570312e-06,7696,0.0004092704424510632,0.2,0.22216796875,-0.02470427107618889,0.8191993236541748,-1.9385999199999997,1257.0
1761,42,247296,12,-37.39746701717377,0.022659086,0.031782642006874084,0.1576520714443177,1.7881393432617188e-07,7712,0.0004092704424510632,0.2,0.2593994140625,-0.028577313059940934,0.8187782168388367,-1.9385999199999997,1257.0
1759,43,247808,12,-37.36283349990845,0.011199424,-0.02357853390276432,0.0036623461128328927,-1.0728836059570312e-06,7728,0.0004092704424510632,0.2,0.1796875,-0.021868630501558073,0.8171917200088501,-1.93637791,1257.0
1758,44,248320,12,-37.32482600212097,0.021287626,0.018237240612506866,0.14438087190501392,2.384185791015625e-07,7744,0.0004092704424510632,0.2,0.2720947265625,-0.03181506347755203,0.8177777528762817,-1.93637791,1257.0
1756,45,248832,13,-37.366764307022095,0.024518494,-0.03324796259403229,0.003682975162519142,1.9669532775878906e-06,7760,0.0004092704424510632,0.2,0.286376953125,-0.029896628257120028,0.8189975023269653,-1.93637791,1257.0
1756,46,249344,13,-37.41394603252411,0.014699075,-0.035886578261852264,0.0037257720687193796,-1.5497207641601562e-06,7776,0.0004092704424510632,0.2,0.22216796875,-0.02614898679894395,0.8202248215675354,-1.93188997,1257.0
1756,47,249856,13,-37.41819727420807,0.022275357,0.02916019782423973,0.14745776588097215,5.364418029785156e-07,7792,0.0004092704424510632,0.2,0.297119140625,-0.03358862124150619,0.8192360401153564,-1.93188997,1257.0
1755,48,250368,14,-37.37361288070679,0.015589855,-0.0213182270526886,0.003671684484288562,-2.6226043701171875e-06,7808,0.0004092704424510632,0.2,0.197021484375,-0.021828334967722185,0.818292498588562,-1.9268395700000003,1257.0
1754,49,250880,14,-37.35142111778259,0.025622863,0.03438008204102516,0.147729518590495,1.1920928955078125e-07,7824,0.0004092704424510632,0.2,0.2611083984375,-0.026322374382289127,0.8178902268409729,-1.9268395700000003,1257.0
1753,50,251392,14,-37.34069335460663,0.021365527,-0.029171595349907875,0.0035021526346099563,-2.7418136596679688e-06,7840,0.0004092704424510632,0.2,0.2320556640625,-0.02083134895656258,0.8178274035453796,-1.9268395700000003,1257.0
1752,51,251904,14,-37.333545327186584,0.012987165,-0.031328558921813965,0.0039738085979479365,-8.344650268554688e-07,7856,0.0004092704424510632,0.2,0.21337890625,-0.022930684295715764,0.817406952381134,-1.9232687700000002,1257.0
1753,52,252416,15,-37.29425299167633,0.035968576,-0.008135594427585602,0.050426208443241194,0.0,7872,0.0004092704424510632,0.2,0.318603515625,-0.024065819627139717,0.8164941072463989,-1.9232687700000002,1257.0
1752,53,252928,15,-37.26576626300812,0.010544498,-0.029291808605194092,0.004033987293951213,-1.6689300537109375e-06,7888,0.0004092704424510632,0.2,0.16845703125,-0.017959725995751796,0.8161590099334717,-1.9187503300000004,1257.0
1751,54,253440,15,-37.24205982685089,0.023531262,0.045225054025650024,0.1692149117588997,3.5762786865234375e-07,7904,0.0004092704424510632,0.2,0.2545166015625,-0.026325947808800265,0.8152015805244446,-1.9187503300000004,1257.0
1750,55,253952,16,-37.226192474365234,0.01815357,-0.023753980174660683,0.0028589451612788253,2.562999725341797e-06,7920,0.0004092704424510632,0.2,0.2418212890625,-0.02471736517327372,0.8158840537071228,-1.91711956,1257.0
1751,56,254464,16,-37.24387836456299,0.016462114,0.05429655313491821,0.16167054791003466,1.1920928955078125e-07,7936,0.0004092704424510632,0.2,0.2332763671875,-0.02371116727590561,0.8159096837043762,-1.91711956,1257.0
1751,57,254976,16,-37.24049437046051,0.01982649,-0.03408712148666382,0.0029698854996240698,-4.410743713378906e-06,7952,0.0004092704424510632,0.2,0.2791748046875,-0.028380336007103324,0.8159245848655701,-1.91711956,1257.0
1750,58,255488,16,-37.23126530647278,0.020543855,-0.044101834297180176,0.0036646165826823562,-3.5762786865234375e-06,7968,0.0004092704424510632,0.2,0.2706298828125,-0.031158677651546896,0.815284788608551,-1.9113845100000004,1257.0
1750,59,256000,17,-37.22127056121826,0.028042749,0.029542140662670135,0.16463200352154672,3.5762786865234375e-07,7984,0.0004092704424510632,0.2,0.2900390625,-0.034231161247589625,0.8157603144645691,-1.9113845100000004,1257.0
1750,60,256512,17,-37.22952210903168,0.01667425,-0.03380231559276581,0.0019453766581136733,-7.033348083496094e-06,8000,0.0004092704424510632,0.2,0.2276611328125,-0.028005408647004515,0.8154129385948181,-1.9086235399999998,1257.0
1749,61,257024,17,-37.22618055343628,0.017499987,0.038089603185653687,0.15072661312296987,0.0,8016,0.0004092704424510632,0.2,0.2523193359375,-0.024065791629254818,0.8157719373703003,-1.9086235399999998,1257.0
1749,62,257536,18,-37.255828738212585,0.023363346,-0.0356602743268013,0.003031904576346278,-2.86102294921875e-06,8032,0.0004092704424510632,0.2,0.23779296875,-0.024710430487175472,0.816850483417511,-1.9086235399999998,1257.0
1748,63,258048,18,-37.27570140361786,0.013371433,-0.019895460456609726,0.003448906594712753,-6.079673767089844e-06,8048,0.0004092704424510632,0.2,0.1961669921875,-0.019812656144495122,0.8163437843322754,-1.90450323,1257.0
1748,64,258560,18,-37.24732828140259,0.018041443,0.0319770947098732,0.16161931096576154,2.980232238769531e-07,8064,0.0004092704424510632,0.2,0.231689453125,-0.021713589725550264,0.8158782720565796,-1.90450323,1257.0
1748,65,259072,19,-37.23743486404419,0.02330131,-0.04599905014038086,0.002648969861184014,-4.410743713378906e-06,8080,0.0004092704424510632,0.2,0.283447265625,-0.03373659429780673,0.8161162734031677,-1.9010902299999999,1257.0
1748,66,259584,19,-37.24110221862793,0.020694721,0.037629030644893646,0.1476139798760414,2.980232238769531e-07,8096,0.0004092704424510632,0.2,0.25830078125,-0.0261329562345054,0.8160029053688049,-1.9010902299999999,1257.0
1748,67,260096,19,-37.240346908569336,0.025738042,-0.05495350435376167,0.00400934955541743,-1.430511474609375e-06,8112,0.0004092704424510632,0.2,0.2984619140625,-0.03259145747870207,0.8172560930252075,-1.9010902299999999,1257.0
1747,68,260608,19,-37.31884527206421,0.016554724,-0.038634948432445526,0.004730507265776396,-2.384185791015625e-07,8128,0.0004092704424510632,0.2,0.23583984375,-0.02774670804501511,0.8194083571434021,-1.8969295599999998,1257.0
1747,69,261120,20,-37.38267636299133,0.018861528,0.051388658583164215,0.15954611147753894,0.0,8144,0.0004092704424510632,0.2,0.2586669921875,-0.02905178628861904,0.8200097680091858,-1.8969295599999998,1257.0
1747,70,261632,20,-37.39369344711304,0.02071513,-0.04526829347014427,0.002705217048060149,0.0,8160,0.0004092704424510632,0.2,0.2691650390625,-0.03103542292956263,0.820260226726532,-1.8950095399999998,1257.0
1746,71,262144,20,-37.41649806499481,0.019630603,0.02359699457883835,0.14426535554230213,1.1920928955078125e-07,8176,0.0004092704424510632,0.2,0.297607421875,-0.03140212158905342,0.821241557598114,-1.8950095399999998,1257.0
1746,72,262656,21,-37.417529582977295,0.019906476,-0.03147111088037491,0.0033683702131384052,3.933906555175781e-06,8192,0.0004092704424510632,0.2,0.2569580078125,-0.018984840367920697,0.8202707767486572,-1.8950095399999998,1257.0
1745,73,263168,21,-37.38785481452942,0.01715944,-0.043931908905506134,0.004031778575154021,-1.0728836059570312e-06,8208,0.0004092704424510632,0.2,0.227783203125,-0.028460474859457463,0.8202320337295532,-1.8920901399999999,1257.0
1744,74,263680,21,-37.35670351982117,0.022009987,0.042402394115924835,0.1533091701567173,1.1920928955078125e-07,8224,0.0004092704424510632,0.2,0.241943359375,-0.023766503698425367,0.8180891275405884,-1.8920901399999999,1257.0
1744,75,264192,22,-37.28453254699707,0.024158552,-0.029297059401869774,0.0031787240332050715,-9.5367431640625e-07,8240,0.0004092704424510632,0.2,0.296875,-0.028952668304555118,0.8168900012969971,-1.8894970099999997,1257.0
1743,76,264704,22,-37.24644958972931,0.015355959,0.04733747988939285,0.15268497914075851,2.980232238769531e-07,8256,0.0004092704424510632,0.2,0.1971435546875,-0.021156899143534247,0.8160214424133301,-1.8894970099999997,1257.0
1744,77,265216,22,-37.208452343940735,0.02113959,-0.03460012003779411,0.003326488469610922,-7.152557373046875e-06,8272,0.0004092704424510632,0.2,0.265380859375,-0.02701563546725083,0.814886748790741,-1.8894970099999997,1257.0
1744,78,265728,22,-37.189988017082214,0.016176037,-0.03766241669654846,0.0038384846557164565,-3.5762786865234375e-07,8288,0.0004092704424510632,0.2,0.2232666015625,-0.023013932703179307,0.8154042959213257,-1.88925805,1257.0
1743,79,266240,23,-37.20396816730499,0.03473463,-0.0021168701350688934,0.06503524753497913,2.384185791015625e-07,8304,0.0004092704424510632,0.2,0.2911376953125,-0.023838864115532488,0.8149835467338562,-1.88925805,1257.0
1744,80,266752,23,-37.182807087898254,0.013662432,-0.02871233969926834,0.0040996855168486945,-8.344650268554688e-07,8320,0.0004092704424510632,0.2,0.2110595703125,-0.024252272152807564,0.814491331577301,-1.8878196400000002,1257.0
1744,81,267264,23,-37.15818893909454,0.015796168,0.05724228173494339,0.16980512673035264,0.0,8336,0.0004092704424510632,0.2,0.2110595703125,-0.024785593879641965,0.8142076134681702,-1.8878196400000002,1257.0
1743,82,267776,24,-37.14288783073425,0.022748105,-0.03270044922828674,0.0027494087516970467,-8.344650268554688e-07,8352,0.0004092704424510632,0.2,0.2296142578125,-0.020564732782077044,0.8139878511428833,-1.88491899,1257.0
1743,83,268288,24,-37.12438261508942,0.018833127,0.03295685350894928,0.1608426789753139,0.0,8368,0.0004092704424510632,0.2,0.257568359375,-0.026544407795881853,0.812549889087677,-1.88491899,1257.0
1743,84,268800,24,-37.078330636024475,0.026939925,-0.025741184130311012,0.0034724346915027127,1.0132789611816406e-06,8384,0.0004092704424510632,0.2,0.269287109375,-0.025248040299629793,0.8125503659248352,-1.88491899,1257.0
1743,85,269312,24,-37.09270739555359,0.017318152,-0.02554040402173996,0.0034274980243935715,-1.3113021850585938e-06,8400,0.0004092704424510632,0.2,0.234130859375,-0.02457108387898188,0.8125244975090027,-1.8821525000000003,1257.0
1744,86,269824,25,-37.11265766620636,0.016552426,0.05026199296116829,0.1664685420691967,-2.384185791015625e-07,8416,0.0004092704424510632,0.2,0.19580078125,-0.019715664500836283,0.8135941624641418,-1.8821525000000003,1257.0
1743,87,270336,25,-37.14568495750427,0.015934564,-0.033461928367614746,0.00226819913223153,-3.337860107421875e-06,8432,0.0004092704424510632,0.2,0.240234375,-0.025952283293008804,0.8139546513557434,-1.8819298500000001,1257.0
1743,88,270848,25,-37.150490522384644,0.01355951,0.03444511443376541,0.14984332746826112,4.172325134277344e-07,8448,0.0004092704424510632,0.2,0.1851806640625,-0.019050756869546603,0.8137904405593872,-1.8819298500000001,1257.0
1743,89,271360,26,-37.16265594959259,0.018598258,-0.039943695068359375,0.003728662159119267,-9.5367431640625e-06,8464,0.0004092704424510632,0.2,0.242431640625,-0.027238878930802457,0.8141670227050781,-1.8819298500000001,1257.0
1743,90,271872,26,-37.18705439567566,0.020639976,-0.03562239557504654,0.002950740799860796,-4.172325134277344e-06,8480,0.0004092704424510632,0.2,0.2720947265625,-0.027990913076791912,0.8152350187301636,-1.8773950600000004,1257.0
1743,91,272384,26,-37.227925419807434,0.017461747,0.041727159172296524,0.16320357145741582,-2.384185791015625e-07,8496,0.0004092704424510632,0.2,0.22265625,-0.017694370857498143,0.8162198662757874,-1.8773950600000004,1257.0
1742,92,272896,27,-37.26418495178223,0.02326,-0.053782861679792404,0.0041985350617324,-1.1920928955078125e-06,8512,0.0004092704424510632,0.2,0.2633056640625,-0.03149702948576305,0.8174325823783875,-1.8777999000000003,1257.0
1743,93,273408,27,-37.29908847808838,0.016748384,0.056227803230285645,0.15268126013688743,0.0,8528,0.0004092704424510632,0.2,0.220947265625,-0.020186623733025044,0.8175303936004639,-1.8777999000000003,1257.0
1743,94,273920,27,-37.30046057701111,0.024713343,-0.03996085748076439,0.00452901662356453,1.9669532775878906e-06,8544,0.0004092704424510632,0.2,0.2767333984375,-0.027437740383902565,0.8184364438056946,-1.8777999000000003,1257.0
1743,95,274432,27,-37.324018239974976,0.016766611,-0.04372933506965637,0.0039503950320067815,-1.430511474609375e-06,8560,0.0004092704424510632,0.2,0.2457275390625,-0.03107195009943098,0.8179602026939392,-1.8754304900000003,1257.0
1743,96,274944,28,-37.27584409713745,0.020503081,0.038569092750549316,0.15858227526769042,1.1920928955078125e-07,8576,0.0004092704424510632,0.2,0.30029296875,-0.030638357711723074,0.8164376020431519,-1.8754304900000003,1257.0
1743,97,275456,28,-37.2392053604126,0.019959338,-0.052307337522506714,0.004207984609820414,-8.344650268554688e-07,8592,0.0004092704424510632,0.2,0.2618408203125,-0.028578374651260674,0.8165190815925598,-1.8720701800000001,1257.0
1743,98,275968,28,-37.25981652736664,0.014477545,0.045526519417762756,0.14756960957311094,1.7881393432617188e-07,8608,0.0004092704424510632,0.2,0.2177734375,-0.022799327329266816,0.8173485994338989,-1.8720701800000001,1257.0
1743,99,276480,29,-37.292012214660645,0.018695498,-0.03408817574381828,0.0053700168209616095,-1.6689300537109375e-06,8624,0.0004092704424510632,0.2,0.249755859375,-0.024907124301535077,0.8179832100868225,-1.8720701800000001,1257.0
1743,100,276992,29,-37.30619728565216,0.01699911,-0.026273421943187714,0.002645216118253302,-2.5033950805664062e-06,8640,0.0004092704424510632,0.2,0.2269287109375,-0.024108486046316102,0.8177727460861206,-1.8712569800000003,1257.0
1743,101,277504,29,-37.319514989852905,0.023155222,0.0356193482875824,0.1527474680915475,1.7881393432617188e-07,8656,0.0004092704424510632,0.2,0.251220703125,-0.026143476730794646,0.8185262084007263,-1.8712569800000003,1257.0
1743,102,278016,29,-37.348294615745544,0.02083236,-0.046462152153253555,0.003937589775887318,-1.6689300537109375e-06,8672,0.0004092704424510632,0.2,0.2806396484375,-0.028067664650734514,0.8183190226554871,-1.8684299599999996,1257.0
1742,103,278528,30,-37.33170568943024,0.020308431,0.04267776757478714,0.14613381121307611,2.384185791015625e-07,8688,0.0004092704424510632,0.2,0.2757568359375,-0.02841228060424328,0.8179463148117065,-1.8684299599999996,1257.0
1742,104,279040,30,-37.35757625102997,0.01613014,-0.02462153509259224,0.003085700278461445,-3.337860107421875e-06,8704,0.0004092704424510632,0.2,0.22607421875,-0.024097329762298614,0.819801926612854,-1.8684299599999996,1257.0
1741,105,279552,30,-37.38435339927673,0.015889209,-0.02120240405201912,0.003289760345069226,-5.960464477539062e-07,8720,0.0004092704424510632,0.2,0.20068359375,-0.020185589033644646,0.8179911971092224,-1.86562726,1257.0
1740,106,280064,31,-37.28446650505066,0.03641766,-0.007949301972985268,0.07560953742358834,2.980232238769531e-07,8736,0.0004092704424510632,0.2,0.3424072265625,-0.028923604018928017,0.8154212832450867,-1.86562726,1257.0
1740,107,280576,31,-37.22616386413574,0.016242228,-0.02686518058180809,0.0029399742888926994,-1.0728836059570312e-06,8752,0.0004092704424510632,0.2,0.248046875,-0.027136802891618572,0.815069854259491,-1.8575537799999997,1257.0
1739,108,281088,31,-37.22913467884064,0.016765408,0.04102955758571625,0.15804901625961065,3.5762786865234375e-07,8768,0.0004092704424510632,0.2,0.2325439453125,-0.025855186162516475,0.8146656155586243,-1.8575537799999997,1257.0
1739,109,281600,32,-37.206339955329895,0.023776472,-0.03651823103427887,0.0034668893204070628,1.7881393432617188e-06,8784,0.0004092704424510632,0.2,0.253173828125,-0.02733420077129267,0.8141669631004333,-1.85518429,1257.0
1738,110,282112,32,-37.17870557308197,0.01963837,0.038949280977249146,0.1516658109612763,2.980232238769531e-07,8800,0.0004092704424510632,0.2,0.25830078125,-0.026817949925316498,0.8132029175758362,-1.85518429,1257.0
1739,111,282624,32,-37.137974858284,0.017237704,-0.037213172763586044,0.004121583056985401,0.0,8816,0.0004092704424510632,0.2,0.2598876953125,-0.023956582095706835,0.8125425577163696,-1.85518429,1257.0
1738,112,283136,32,-37.106491565704346,0.013978096,-0.03609975054860115,0.003488150759949349,-1.9073486328125e-06,8832,0.0004092704424510632,0.2,0.2264404296875,-0.02319673213060014,0.81123948097229,-1.85360526,1257.0
1738,113,283648,33,-37.07050597667694,0.015284043,0.05029008910059929,0.1629241844639182,5.364418029785156e-07,8848,0.0004092704424510632,0.2,0.22119140625,-0.021294036967447028,0.8113101124763489,-1.85360526,1257.0
1737,114,284160,33,-37.055115818977356,0.0154013205,-0.039226628839969635,0.00215481721170363,-8.344650268554688e-07,8864,0.0004092704424510632,0.2,0.2164306640625,-0.022418253734940663,0.8103309869766235,-1.8493540400000004,1257.0
1736,115,284672,33,-37.0380939245224,0.019039417,0.04182828962802887,0.15061089559458196,2.980232238769531e-07,8880,0.0004092704424510632,0.2,0.24267578125,-0.024735548184253275,0.8109633922576904,-1.8493540400000004,1257.0
1736,116,285184,34,-37.05200898647308,0.02033602,-0.03955884650349617,0.002865204958652612,-2.384185791015625e-06,8896,0.0004092704424510632,0.2,0.2576904296875,-0.024041457363637164,0.8105294704437256,-1.8493540400000004,1257.0
1736,117,285696,34,-37.02885055541992,0.014419062,-0.03266800567507744,0.003772249328903854,-1.1920928955078125e-06,8912,0.0004092704424510632,0.2,0.1883544921875,-0.020803699182579294,0.8098623752593994,-1.8483119399999999,1257.0
1735,118,286208,34,-37.006977558135986,0.025725037,0.02810695767402649,0.1529038578737527,4.76837158203125e-07,8928,0.0004092704424510632,0.2,0.256591796875,-0.02300147301866673,0.8093168139457703,-1.8483119399999999,1257.0
1735,119,286720,35,-36.972129106521606,0.015641874,-0.03222748637199402,0.002782311537885107,1.7285346984863281e-06,8944,0.0004092704424510632,0.2,0.2318115234375,-0.02261160538182594,0.8079078197479248,-1.8448561700000001,1257.0
1736,120,287232,35,-36.92668151855469,0.018594284,0.05793285742402077,0.1429565518628806,7.748603820800781e-07,8960,0.0004092704424510632,0.2,0.233642578125,-0.02201837213942781,0.806885302066803,-1.8448561700000001,1257.0
1735,121,287744,35,-36.900763630867004,0.019359306,-0.03065335378050804,0.0030454921288765036,2.682209014892578e-06,8976,0.0004092704424510632,0.2,0.250732421875,-0.020967145945178345,0.8061530590057373,-1.8448561700000001,1257.0
1735,122,288256,35,-36.882293462753296,0.013703186,-0.02524922788143158,0.00445919072808465,-8.344650268554688e-07,8992,0.0004092704424510632,0.2,0.2255859375,-0.026043690944788978,0.805558443069458,-1.84297246,1257.0
1735,123,288768,36,-36.864582538604736,0.024345383,0.033513493835926056,0.14964182930998504,4.172325134277344e-07,9008,0.0004092704424510632,0.2,0.268310546875,-0.029807914135744795,0.8053773045539856,-1.84297246,1257.0
1736,124,289280,36,-36.86857080459595,0.020447826,-0.03896763548254967,0.0033370392193319276,4.172325134277344e-07,9024,0.0004092704424510632,0.2,0.2838134765625,-0.031091951939743012,0.8058368563652039,-1.8417945800000002,1257.0
1735,125,289792,36,-36.891833782196045,0.016589034,0.036310937255620956,0.1410463007632643,7.748603820800781e-07,9040,0.0004092704424510632,0.2,0.22314453125,-0.02431318289018236,0.8059894442558289,-1.8417945800000002,1257.0
1735,126,290304,37,-36.892261385917664,0.021291371,-0.03245389834046364,0.0038207312463782728,-4.5299530029296875e-06,9056,0.0004092704424510632,0.2,0.248046875,-0.02420582843478769,0.8059248328208923,-1.8417945800000002,1257.0
1736,127,290816,37,-36.871701836586,0.01943,-0.045306496322155,0.0038110418536234647,5.364418029785156e-07,9072,0.0004092704424510632,0.2,0.2431640625,-0.026478411629796028,0.8044919371604919,-1.8374906500000001,1257.0
1736,128,291328,37,-36.81624376773834,0.018838229,0.037765294313430786,0.1430621959734708,7.152557373046875e-07,9088,0.0004092704424510632,0.2,0.2332763671875,-0.02368633946753107,0.8040717840194702,-1.8374906500000001,1257.0
1736,129,291840,38,-36.812731981277466,0.020826101,-0.03392822667956352,0.0033896563181770034,-2.7418136596679688e-06,9104,0.0004092704424510632,0.2,0.23291015625,-0.02610189188271761,0.8034479022026062,-1.83402327,1257.0
1736,130,292352,38,-36.778194308280945,0.013876409,0.05681765824556351,0.13888530898839235,3.5762786865234375e-07,9120,0.0004092704424510632,0.2,0.1884765625,-0.020580327458446845,0.8021026253700256,-1.83402327,1257.0
1736,131,292864,38,-36.72033154964447,0.020590998,-0.027704650536179543,0.0024420233894488774,-1.2874603271484375e-05,9136,0.0004092704424510632,0.2,0.245849609375,-0.02490912799112266,0.801002025604248,-1.83402327,1257.0
1737,132,293376,38,-36.69427287578583,0.019333076,-0.03499048575758934,0.004195843335764948,-9.5367431640625e-07,9152,0.0004092704424510632,0.2,0.2421875,-0.03206533734919503,0.8003451824188232,-1.82960335,1257.0
1737,133,293888,39,-36.65110182762146,0.03653842,0.0013581477105617523,0.08052126213442534,2.980232238769531e-07,9168,0.0004092704424510632,0.2,0.3331298828125,-0.026532127041718923,0.7986851334571838,-1.82960335,1257.0
1737,134,294400,39,-36.612828850746155,0.014724772,-0.03084925189614296,0.003984517265053,-1.1920928955078125e-06,9184,0.0004092704424510632,0.2,0.2230224609375,-0.022894763329531997,0.7985554337501526,-1.82609463,1257.0
1737,135,294912,39,-36.61838674545288,0.019753046,0.03229822590947151,0.14546115091070533,4.172325134277344e-07,9200,0.0004092704424510632,0.2,0.2440185546875,-0.02830250028637238,0.7986369132995605,-1.82609463,1257.0
1737,136,295424,40,-36.62226390838623,0.015769213,-0.027787690982222557,0.003436133272771258,2.2649765014648438e-06,9216,0.0004092704424510632,0.2,0.1947021484375,-0.016136226331582293,0.798789381980896,-1.82164862,1257.0
1737,137,295936,40,-36.624898076057434,0.022266667,0.04436559975147247,0.14341052318923175,2.980232238769531e-07,9232,0.0004092704424510632,0.2,0.250732421875,-0.023159746488090605,0.7985336780548096,-1.82164862,1257.0
1737,138,296448,40,-36.61535716056824,0.018155811,-0.04158591106534004,0.003636134584667161,-2.86102294921875e-06,9248,0.0004092704424510632,0.2,0.259521484375,-0.026023106096545234,0.7980234026908875,-1.82164862,1257.0
1737,139,296960,40,-36.59221053123474,0.021981537,-0.0295528806746006,0.0026342363926232792,-1.0728836059570312e-06,9264,0.0004092704424510632,0.2,0.269287109375,-0.026314571587136015,0.7977489829063416,-1.8191010600000004,1257.0
1737,140,297472,41,-36.571765661239624,0.014596389,0.0502300038933754,0.15403009089641273,1.1920928955078125e-07,9280,0.0004092704424510632,0.2,0.2208251953125,-0.02393550710985437,0.7969880700111389,-1.8191010600000004,1257.0
1736,141,297984,41,-36.539403557777405,0.022316914,-0.03569602593779564,0.00263188780809287,-4.76837158203125e-07,9296,0.0004092704424510632,0.2,0.2672119140625,-0.02938837140391115,0.7965419292449951,-1.8159807000000001,1257.0
1736,142,298496,41,-36.51159203052521,0.01787902,0.04501777142286301,0.1369895269162953,3.5762786865234375e-07,9312,0.0004092704424510632,0.2,0.2462158203125,-0.025252302351873368,0.7952449917793274,-1.8159807000000001,1257.0
1735,143,299008,42,-36.47332501411438,0.013452598,-0.03160121664404869,0.0033679390107863583,-3.4570693969726562e-06,9328,0.0004092704424510632,0.2,0.2115478515625,-0.019615688681369647,0.7948726415634155,-1.8159807000000001,1257.0
1735,144,299520,42,-36.48439848423004,0.012934718,-0.046884685754776,0.0035257436902611516,1.1920928955078125e-07,9344,0.0004092704424510632,0.2,0.213134765625,-0.021160919044632465,0.7954738140106201,-1.8119386899999999,1257.0
1735,145,300032,42,-36.524529576301575,0.01823329,0.02909237891435623,0.14195376401767135,-2.384185791015625e-07,9360,0.0004092704424510632,0.2,0.2386474609375,-0.02394013370212633,0.7967706918716431,-1.8119386899999999,1257.0
1734,146,300544,43,-36.577420592308044,0.015658855,-0.051258429884910583,0.002801347029162571,-1.1920928955078125e-06,9376,0.0004092704424510632,0.2,0.218017578125,-0.025274588988395408,0.7983484864234924,-1.80947781,1257.0
1734,147,301056,43,-36.61218798160553,0.01833646,0.03940165415406227,0.13121368223801255,5.960464477539062e-07,9392,0.0004092704424510632,0.2,0.25244140625,-0.025970342045184225,0.7984169125556946,-1.80947781,1257.0
