time/total_timesteps,time/iterations,time/time_elapsed,time/fps,train/clip_fraction,train/n_updates,train/learning_rate,train/value_loss,train/clip_range,train/policy_gradient_loss,train/loss,train/explained_variance,train/approx_kl,train/std,train/entropy_loss,rollout/ep_rew_mean,rollout/ep_len_mean
512,1,0,4047,,,,,,,,,,,,,
1024,2,0,1868,0.3389892578125,16,0.0004092704424510632,0.07793326250248356,0.2,-0.04141958168474957,-0.04332606494426727,-0.46593713760375977,0.021952918,1.000847339630127,-43.995840668678284,,
1536,3,0,1599,0.28662109375,32,0.0004092704424510632,0.003391473845113069,0.2,-0.03003957877808716,-0.03878302499651909,-0.003448486328125,0.021972794,1.001123309135437,-44.02035403251648,-2.495833,1258.0
2048,4,1,1494,0.279052734375,48,0.0004092704424510632,0.005534187643206678,0.2,-0.028739468893036246,-0.03624827414751053,0.009879350662231445,0.01893925,0.9978535771369934,-43.97813153266907,-2.495833,1258.0
2560,5,1,1433,0.2548828125,64,0.0004092704424510632,0.0036897394893458113,0.2,-0.027096453122794628,-0.039137259125709534,0.03503221273422241,0.017202321,0.9974056482315063,-43.90550136566162,-2.509899,1258.0
3072,6,2,1397,0.2559814453125,80,0.0004092704424510632,0.011854895390570164,0.2,-0.023855166669818573,-0.020196575671434402,0.01674020290374756,0.015593037,0.9980762600898743,-43.91190731525421,-2.509899,1258.0
3584,7,2,1373,0.288818359375,96,0.0004092704424510632,0.003297775569080841,0.2,-0.028520407213363796,-0.027448974549770355,0.047756195068359375,0.020296928,0.9980999231338501,-43.926591634750366,-2.509899,1258.0
4096,8,3,1359,0.250244140625,112,0.0004092704424510632,0.002660768925125012,0.2,-0.02495572017505765,-0.02976888418197632,0.10067880153656006,0.013659382,0.9983121752738953,-43.92417061328888,-2.531019,1258.0
4608,9,3,1346,0.220458984375,128,0.0004092704424510632,0.02054105937713757,0.2,-0.026853181276237592,-0.029578790068626404,0.027115821838378906,0.015512589,0.9955311417579651,-43.8952351808548,-2.531019,1258.0
5120,10,3,1336,0.3067626953125,144,0.0004092704424510632,0.0026257207318849396,0.2,-0.03197951253969222,-0.04381006956100464,0.2600064277648926,0.02360202,0.9944274425506592,-43.81777203083038,-2.5623395,1258.0
5632,11,4,1328,0.2418212890625,160,0.0004092704424510632,0.027784163423348218,0.2,-0.021234732041193638,-0.016002986580133438,0.05214303731918335,0.01882254,0.9940823912620544,-43.80422079563141,-2.5623395,1258.0
6144,12,4,1321,0.2705078125,176,0.0004092704424510632,0.003049442864721641,0.2,-0.027215213689487427,-0.04115214943885803,0.4845629334449768,0.017307017,0.9944506287574768,-43.7963844537735,-2.5623395,1258.0
6656,13,5,1316,0.26953125,192,0.0004092704424510632,0.002360684680752456,0.2,-0.029954376004752703,-0.034311532974243164,0.2927559018135071,0.01654357,0.9935734868049622,-43.79633009433746,-2.5185488000000005,1258.0
7168,14,5,1311,0.2744140625,208,0.0004092704424510632,0.03733755415305495,0.2,-0.024489184346748516,-0.02854485623538494,0.09146225452423096,0.021752674,0.9938881397247314,-43.77943825721741,-2.5185488000000005,1258.0
7680,15,5,1307,0.2056884765625,224,0.0004092704424510632,0.0035637679684441537,0.2,-0.019936103519285098,-0.02713732421398163,0.32679224014282227,0.013148397,0.9934699535369873,-43.780866265296936,-2.5090858333333337,1258.0
8192,16,6,1303,0.29443359375,240,0.0004092704424510632,0.038303277688100934,0.2,-0.026827182184206322,-0.01660536229610443,0.19376468658447266,0.01946824,0.9933313727378845,-43.76869475841522,-2.5090858333333337,1258.0
8704,17,6,1300,0.2581787109375,256,0.0004092704424510632,0.004609426905517466,0.2,-0.02767048036912456,-0.034196507185697556,0.5173202753067017,0.01940902,0.9932307600975037,-43.76187765598297,-2.5090858333333337,1258.0
9216,18,7,1298,0.2110595703125,272,0.0004092704424510632,0.0033354214938299265,0.2,-0.021647067711455747,-0.02228126861155033,-0.0758368968963623,0.014947068,0.9940940141677856,-43.772674441337585,-2.528480857142857,1258.0
9728,19,7,1295,0.2696533203125,288,0.0004092704424510632,0.049181634676642716,0.2,-0.029001213028095663,-0.01785432919859886,0.0299341082572937,0.01583158,0.9932447671890259,-43.77790892124176,-2.528480857142857,1258.0
10240,20,7,1292,0.1798095703125,304,0.0004092704424510632,0.0049063564074458554,0.2,-0.02021916859666817,-0.03291891887784004,-0.16123950481414795,0.0118607795,0.9943515062332153,-43.76534116268158,-2.51997325,1258.0
10752,21,8,1291,0.2281494140625,320,0.0004092704424510632,0.05499732925090939,0.2,-0.02280316813266836,-0.01384645700454712,0.27956831455230713,0.016834985,0.9923418760299683,-43.76938533782959,-2.51997325,1258.0
11264,22,8,1288,0.19580078125,336,0.0004092704424510632,0.005632884880469646,0.2,-0.019816136686131358,-0.016319366171956062,0.11099797487258911,0.016221734,0.9927268624305725,-43.72596323490143,-2.51997325,1258.0
11776,23,9,1286,0.2279052734375,352,0.0004092704424510632,0.0026641236363502685,0.2,-0.022584713442483917,-0.02952492982149124,0.10074412822723389,0.019511087,0.9936390519142151,-43.7597336769104,-2.509497777777778,1258.0
12288,24,9,1286,0.263671875,368,0.0004092704424510632,0.04850233829347417,0.2,-0.027720160549506545,-0.027814827859401703,0.15948134660720825,0.020436613,0.9935010671615601,-43.77461922168732,-2.509497777777778,1258.0
12800,25,9,1284,0.221923828125,384,0.0004092704424510632,0.009062790210009553,0.2,-0.02348130743484944,-0.02525298297405243,-2.055790901184082,0.014860513,0.9938055276870728,-43.76847493648529,-2.5187822,1258.0
13312,26,10,1283,0.2076416015625,400,0.0004092704424510632,0.05890546110458672,0.2,-0.022350253158947453,-0.009264055639505386,0.050169408321380615,0.015125751,0.994989812374115,-43.79261088371277,-2.5187822,1258.0
13824,27,10,1282,0.2703857421875,416,0.0004092704424510632,0.005777844671683852,0.2,-0.02820029378926847,-0.03438606858253479,0.015009641647338867,0.021632884,0.9963051676750183,-43.828484773635864,-2.5187822,1258.0
14336,28,11,1280,0.2474365234375,432,0.0004092704424510632,0.007533759227953851,0.2,-0.02455711223592516,-0.030332637950778008,0.5979562997817993,0.020685593,0.9950739145278931,-43.835983872413635,-2.5251773636363635,1258.0
14848,29,11,1279,0.32421875,448,0.0004092704424510632,0.02579256281023845,0.2,-0.02696290594758466,-0.024431666359305382,0.4931286573410034,0.042497143,0.993923008441925,-43.78857398033142,-2.5251773636363635,1258.0
15360,30,12,1278,0.191162109375,464,0.0004092704424510632,0.00669934086909052,0.2,-0.018092718804837205,-0.02798142470419407,-1.970106840133667,0.016455602,0.9935035705566406,-43.76541447639465,-2.5146528333333333,1258.0
15872,31,12,1277,0.265625,480,0.0004092704424510632,0.06431398342829198,0.2,-0.026479086809558794,-0.010334659367799759,0.11648273468017578,0.02207323,0.9930037260055542,-43.750640988349915,-2.5146528333333333,1258.0
16384,32,12,1277,0.2579345703125,496,0.0004092704424510632,0.006432126319850795,0.2,-0.028930566972121596,-0.03776783496141434,-0.6723920106887817,0.024237303,0.9948847889900208,-43.76698052883148,-2.513343153846154,1258.0
16896,33,13,1276,0.24267578125,512,0.0004092704424510632,0.06032869021873921,0.2,-0.025730713561642915,-0.019336584955453873,0.3771882653236389,0.020833869,0.9946338534355164,-43.802034974098206,-2.513343153846154,1258.0
17408,34,13,1275,0.2593994140625,528,0.0004092704424510632,0.010359448293456808,0.2,-0.026719306886661798,-0.03715895116329193,-0.3131793737411499,0.018931612,0.9945429563522339,-43.784141302108765,-2.513343153846154,1258.0
17920,35,14,1274,0.2193603515625,544,0.0004092704424510632,0.003163939618389122,0.2,-0.021325071284081787,-0.022576168179512024,0.1814408302307129,0.016053148,0.9934126138687134,-43.77434062957764,-2.492687357142857,1258.0
18432,36,14,1273,0.1748046875,560,0.0004092704424510632,0.08026322245132178,0.2,-0.021545486291870475,0.006403997540473938,0.20771920680999756,0.021598201,0.9925437569618225,-43.732152700424194,-2.492687357142857,1258.0
18944,37,14,1272,0.2291259765625,576,0.0004092704424510632,0.015277482889359817,0.2,-0.024500139654264785,-0.02924453280866146,-1.3546299934387207,0.01594159,0.9918959140777588,-43.70672941207886,-2.4952315333333335,1258.0
19456,38,15,1271,0.1837158203125,592,0.0004092704424510632,0.06538762571290135,0.2,-0.021129806409589946,0.0004783403128385544,0.3622763752937317,0.019533467,0.9901734590530396,-43.678940653800964,-2.4952315333333335,1258.0
19968,39,15,1271,0.256103515625,608,0.0004092704424510632,0.011143522031488828,0.2,-0.025386063301994,-0.04211306944489479,-0.7651443481445312,0.029643815,0.9910800457000732,-43.65095376968384,-2.4952315333333335,1258.0
20480,40,16,1268,0.2998046875,624,0.0004092704424510632,0.0023773315479047596,0.2,-0.027554225307540037,-0.041510358452796936,-0.6486527919769287,0.019939408,0.991631269454956,-43.68501055240631,-2.4964549375000002,1258.0
20992,41,16,1267,0.19970703125,640,0.0004092704424510632,0.07035620976239443,0.2,-0.02184686619148124,-0.011488562449812889,0.16985690593719482,0.018359313,0.9916213154792786,-43.69257032871246,-2.4964549375000002,1258.0
21504,42,16,1266,0.2513427734375,656,0.0004092704424510632,0.011386748767108656,0.2,-0.02776842043385841,-0.03319074213504791,-2.1480495929718018,0.020379063,0.9908922910690308,-43.6805944442749,-2.4904264705882357,1258.0
22016,43,17,1265,0.1466064453125,672,0.0004092704424510632,0.0921520059928298,0.2,-0.018414651363855228,-0.0031840242445468903,0.28005772829055786,0.0144383535,0.9901549816131592,-43.657853841781616,-2.4904264705882357,1258.0
22528,44,17,1265,0.209716796875,688,0.0004092704424510632,0.00920343391771894,0.2,-0.018696323415497318,-0.02652018330991268,-0.9591574668884277,0.016626846,0.991062581539154,-43.65342950820923,-2.4904264705882357,1258.0
23040,45,18,1265,0.212890625,704,0.0004092704424510632,0.003974796458351193,0.2,-0.024713113059988245,-0.026353323832154274,0.02913081645965576,0.014766246,0.9906551837921143,-43.673678159713745,-2.504582055555556,1258.0
23552,46,18,1264,0.173095703125,720,0.0004092704424510632,0.11317364673595876,0.2,-0.020028092461870983,-0.004995735362172127,0.05508911609649658,0.015530828,0.9904296398162842,-43.65251338481903,-2.504582055555556,1258.0
24064,47,19,1263,0.218017578125,736,0.0004092704424510632,0.01193939390941523,0.2,-0.02357962836686056,-0.033702537417411804,-2.578667640686035,0.018768836,0.9911605715751648,-43.66051399707794,-2.5009420526315793,1258.0
24576,48,19,1263,0.1597900390625,752,0.0004092704424510632,0.13785174756776541,0.2,-0.02013685056590475,0.0046349018812179565,0.08413416147232056,0.015738552,0.9919517040252686,-43.68051791191101,-2.5009420526315793,1258.0
25088,49,19,1263,0.1839599609375,768,0.0004092704424510632,0.017111527355154976,0.2,-0.019571034819819033,-0.02068941853940487,-2.9666571617126465,0.022922799,0.9919365048408508,-43.69450569152832,-2.5009420526315793,1258.0
25600,50,20,1262,0.2393798828125,784,0.0004092704424510632,0.003243144488806138,0.2,-0.022504070177092217,-0.03733021765947342,0.16122066974639893,0.01638651,0.9926932454109192,-43.69334924221039,-2.5073231500000004,1258.0
26112,51,20,1262,0.199462890625,800,0.0004092704424510632,0.08488943905103952,0.2,-0.023448227933840826,-0.017422271892428398,0.24509459733963013,0.02231592,0.992994487285614,-43.71333944797516,-2.5073231500000004,1258.0
26624,52,21,1261,0.22216796875,816,0.0004092704424510632,0.01054910008679144,0.2,-0.02109299838775769,-0.025408213958144188,-5.199203014373779,0.023477111,0.9926034212112427,-43.71079623699188,-2.5059500952380955,1258.0
27136,53,21,1261,0.1334228515625,832,0.0004092704424510632,0.13481289381161332,0.2,-0.02079163865710143,0.001311618834733963,0.10840582847595215,0.016359534,0.9934602379798889,-43.71395719051361,-2.5059500952380955,1258.0
27648,54,21,1261,0.230712890625,848,0.0004092704424510632,0.022179417283041403,0.2,-0.02456177314161323,-0.034332193434238434,-1.9431557655334473,0.027953833,0.9905915260314941,-43.698440194129944,-2.5059500952380955,1258.0
28160,55,22,1260,0.2095947265625,864,0.0004092704424510632,0.011584801395656541,0.2,-0.024351460830075666,-0.019841264933347702,0.6402096748352051,0.016049705,0.98873370885849,-43.5984126329422,-2.5006925909090914,1258.0
28672,56,22,1260,0.311767578125,880,0.0004092704424510632,0.0492194370017387,0.2,-0.026685067859943956,-0.027757223695516586,0.6693394184112549,0.030643845,0.9883922934532166,-43.5629266500473,-2.5006925909090914,1258.0
29184,57,23,1260,0.254638671875,896,0.0004092704424510632,0.016750888258684427,0.2,-0.02710698140435852,-0.027683928608894348,-6.499917507171631,0.03056516,0.9888840317726135,-43.56634473800659,-2.500836695652174,1258.0
29696,58,23,1260,0.2476806640625,912,0.0004092704424510632,0.14343996485695243,0.2,-0.019899519989849068,0.0035451147705316544,0.03910869359970093,0.019278398,0.9890159964561462,-43.58008813858032,-2.500836695652174,1258.0
30208,59,23,1260,0.25634765625,928,0.0004092704424510632,0.012018456211080775,0.2,-0.02646373605239205,-0.038305241614580154,-1.9846549034118652,0.022456959,0.9893768429756165,-43.58546721935272,-2.5065136666666668,1258.0
30720,60,24,1259,0.14453125,944,0.0004092704424510632,0.14381275651976466,0.2,-0.017066668602637947,0.003852086141705513,0.07796674966812134,0.01602616,0.9898265600204468,-43.59703516960144,-2.5065136666666668,1258.0
31232,61,24,1259,0.2354736328125,960,0.0004092704424510632,0.002210204904258717,0.2,-0.027196298440685496,-0.0409054271876812,-1.8484268188476562,0.021158867,0.9911671876907349,-43.6178240776062,-2.5065136666666668,1258.0
31744,62,25,1259,0.26171875,976,0.0004092704424510632,0.003484110173303634,0.2,-0.02561034513200866,-0.03331826627254486,0.0046915411949157715,0.022301711,0.9928146004676819,-43.6631805896759,-2.504929,1258.0
32256,63,25,1259,0.1881103515625,992,0.0004092704424510632,0.2064523680601269,0.2,-0.025637181402998976,0.0679025799036026,0.051758766174316406,0.021949,0.9926273226737976,-43.685370564460754,-2.504929,1258.0
32768,64,26,1258,0.225830078125,1008,0.0004092704424510632,0.037477494101040065,0.2,-0.021453243651194498,-0.03342072665691376,-2.8564281463623047,0.022755638,0.9919553995132446,-43.67283630371094,-2.515694576923077,1258.0
33280,65,26,1257,0.108154296875,1024,0.0004092704424510632,0.17210603901185095,0.2,-0.015815209641004913,0.016355156898498535,0.11238819360733032,0.012171327,0.9913075566291809,-43.64979922771454,-2.515694576923077,1258.0
33792,66,26,1257,0.230224609375,1040,0.0004092704424510632,0.008835234722937457,0.2,-0.022241782891796902,-0.03099210187792778,-0.7671133279800415,0.0206915,0.9917702078819275,-43.64342939853668,-2.515694576923077,1258.0
34304,67,27,1257,0.2470703125,1056,0.0004092704424510632,0.0031662390174460597,0.2,-0.030366192149813287,-0.040929343551397324,-0.8755449056625366,0.019845176,0.9942558407783508,-43.68990910053253,-2.519168037037037,1258.0
34816,68,27,1257,0.1341552734375,1072,0.0004092704424510632,0.17764217918738723,0.2,-0.017286332222283818,0.024169541895389557,0.14270269870758057,0.014853643,0.9953014850616455,-43.74816823005676,-2.519168037037037,1258.0
35328,69,28,1257,0.23095703125,1088,0.0004092704424510632,0.011052784320781939,0.2,-0.025255688349716365,-0.030134059488773346,-3.2856369018554688,0.020051528,0.9958534836769104,-43.76866161823273,-2.517735714285714,1258.0
35840,70,28,1257,0.0999755859375,1104,0.0004092704424510632,0.24954146589152515,0.2,-0.014489244713331573,0.020659636706113815,0.12427210807800293,0.014106354,0.9955481290817261,-43.778240442276,-2.517735714285714,1258.0
36352,71,28,1256,0.2835693359375,1120,0.0004092704424510632,0.011714274296537042,0.2,-0.028654604888288304,-0.028593048453330994,-2.223905324935913,0.024545526,0.9952184557914734,-43.763004302978516,-2.517735714285714,1258.0
36864,72,29,1256,0.2142333984375,1136,0.0004092704424510632,0.0037615093460772187,0.2,-0.02410664279886987,-0.030825234949588776,-0.5655461549758911,0.01447477,0.9944469332695007,-43.74669003486633,-2.5181530344827587,1258.0
37376,73,29,1256,0.0980224609375,1152,0.0004092704424510632,0.23411074886098504,0.2,-0.018583658849820495,0.005244756117463112,0.14843857288360596,0.016974479,0.9945692420005798,-43.731502294540405,-2.5181530344827587,1258.0
37888,74,30,1256,0.26806640625,1168,0.0004092704424510632,0.01867462758673355,0.2,-0.02721930709958542,-0.04637851193547249,-4.469840049743652,0.02237233,0.9958989024162292,-43.745757937431335,-2.5183316999999996,1258.0
38400,75,30,1256,0.066162109375,1184,0.0004092704424510632,0.2544413940049708,0.2,-0.011131532184663229,0.022482087835669518,0.16769850254058838,0.012111952,0.9963104724884033,-43.78335952758789,-2.5183316999999996,1258.0
38912,76,30,1256,0.256591796875,1200,0.0004092704424510632,0.012632644618861377,0.2,-0.01649897983588744,-0.02210230752825737,-3.0128235816955566,0.016933339,0.995420515537262,-43.77199983596802,-2.5183316999999996,1258.0
39424,77,31,1255,0.29296875,1216,0.0004092704424510632,0.0036244168477423955,0.2,-0.02986979525303468,-0.039715055376291275,0.08837878704071045,0.020616023,0.9951834678649902,-43.75448298454285,-2.519508709677419,1258.0
39936,78,31,1255,0.12060546875,1232,0.0004092704424510632,0.19256021664477885,0.2,-0.018824654747731984,0.025328684598207474,0.2140136957168579,0.016326914,0.9952179789543152,-43.75319170951843,-2.519508709677419,1258.0
40448,79,32,1255,0.2823486328125,1248,0.0004092704424510632,0.01412068514036946,0.2,-0.028485034112236463,-0.03231959789991379,-4.204202651977539,0.024365773,0.9953522086143494,-43.753376722335815,-2.5224952812500003,1258.0
40960,80,32,1255,0.07177734375,1264,0.0004092704424510632,0.3809611084870994,0.2,-0.013322099082870409,0.04298791289329529,0.14253658056259155,0.011999257,0.9953812956809998,-43.75148034095764,-2.5224952812500003,1258.0
41472,81,33,1255,0.2891845703125,1280,0.0004092704424510632,0.04996909014880657,0.2,-0.031317722459789366,-0.018785061314702034,-0.4927469491958618,0.032085247,0.9962613582611084,-43.7604683637619,-2.5224952812500003,1258.0
41984,82,33,1255,0.26708984375,1296,0.0004092704424510632,0.04766486142762005,0.2,-0.02637090593634639,-0.01455366238951683,0.532631516456604,0.019614525,0.9958341121673584,-43.772311329841614,-2.519535181818182,1258.0
42496,83,33,1255,0.2623291015625,1312,0.0004092704424510632,0.08928984950762242,0.2,-0.02526452418533154,-0.018046312034130096,0.7900002002716064,0.030673899,0.9949849843978882,-43.741448640823364,-2.519535181818182,1258.0
43008,84,34,1255,0.2435302734375,1328,0.0004092704424510632,0.031421581166796386,0.2,-0.02167069894494489,-0.031345538794994354,-6.623080253601074,0.021507597,0.9943447113037109,-43.72399830818176,-2.519595352941177,1258.0
43520,85,34,1254,0.22705078125,1344,0.0004092704424510632,0.2812368713784963,0.2,-0.02220248628873378,0.001074332743883133,0.027985095977783203,0.0230297,0.9947373270988464,-43.715527415275574,-2.519595352941177,1258.0
44032,86,35,1254,0.2269287109375,1360,0.0004092704424510632,0.009180728098726831,0.2,-0.019124939972243737,-0.025494134053587914,-2.7588179111480713,0.016683295,0.9963805675506592,-43.74794089794159,-2.522090085714286,1258.0
44544,87,35,1254,0.223876953125,1376,0.0004092704424510632,0.31535011949017644,0.2,-0.02207343744521495,-0.007109157741069794,0.020403265953063965,0.023229538,0.9971835017204285,-43.79208171367645,-2.522090085714286,1258.0
45056,88,35,1254,0.296875,1392,0.0004092704424510632,0.0027198086645512376,0.2,-0.03256837552180514,-0.04762280732393265,-2.1068413257598877,0.022162106,0.9979295134544373,-43.81367778778076,-2.522090085714286,1258.0
45568,89,36,1253,0.2772216796875,1408,0.0004092704424510632,0.003250531415687874,0.2,-0.029951854958198965,-0.04127255454659462,0.01894742250442505,0.027190156,0.9982339143753052,-43.83042335510254,-2.5230166944444448,1258.0
46080,90,36,1253,0.0989990234375,1424,0.0004092704424510632,0.3568598423153162,0.2,-0.016267012571915984,0.02397065982222557,0.055293262004852295,0.011013781,0.997831404209137,-43.82451868057251,-2.5230166944444448,1258.0
46592,91,37,1253,0.2235107421875,1440,0.0004092704424510632,0.0255226913432125,0.2,-0.022365125812939368,-0.02410593256354332,-4.717869758605957,0.018881548,0.998173177242279,-43.81563949584961,-2.5250936216216218,1258.0
47104,92,37,1253,0.056884765625,1456,0.0004092704424510632,0.30303335073404014,0.2,-0.010972471063723788,0.02941814996302128,0.26267361640930176,0.010496065,0.9977927803993225,-43.821579933166504,-2.5250936216216218,1258.0
47616,93,37,1253,0.2508544921875,1472,0.0004092704424510632,0.006976221498916857,0.2,-0.019904176268028095,-0.03754653036594391,-17.512022018432617,0.01948331,0.9972408413887024,-43.79969799518585,-2.5250936216216218,1258.0
48128,94,38,1253,0.235595703125,1488,0.0004092704424510632,0.0023838824927224778,0.2,-0.025251617975300178,-0.025181908160448074,0.037886619567871094,0.014464024,0.996787428855896,-43.78697693347931,-2.5248471842105262,1258.0
48640,95,38,1253,0.126953125,1504,0.0004092704424510632,0.479176233522594,0.2,-0.01600254187360406,0.05323455110192299,0.06661367416381836,0.015899945,0.9970239996910095,-43.785900354385376,-2.5248471842105262,1258.0
49152,96,39,1253,0.288818359375,1520,0.0004092704424510632,0.015576308127492666,0.2,-0.01970639207866043,-0.028971979394555092,-2.81826114654541,0.022138227,0.9976627230644226,-43.7969673871994,-2.52721158974359,1258.0
49664,97,39,1253,0.145751953125,1536,0.0004092704424510632,0.35545855201780796,0.2,-0.01959906265255995,0.026790689677000046,0.2533106207847595,0.022072114,0.9979194402694702,-43.810534715652466,-2.52721158974359,1258.0
50176,98,40,1253,0.2713623046875,1552,0.0004092704424510632,0.008663138083647937,0.2,-0.02361030517204199,-0.02951250784099102,-4.0418267250061035,0.016597042,0.9995242953300476,-43.83820140361786,-2.52721158974359,1258.0
50688,99,40,1252,0.271240234375,1568,0.0004092704424510632,0.0033405839203624055,0.2,-0.023909651150461286,-0.04329395666718483,0.009668588638305664,0.017491031,0.9991140961647034,-43.86623013019562,-2.526883475,1258.0
51200,100,40,1253,0.115478515625,1584,0.0004092704424510632,0.4942701915279031,0.2,-0.019498438836308196,0.09340228885412216,0.11706620454788208,0.018933669,0.9986311197280884,-43.84998893737793,-2.526883475,1258.0
51712,101,41,1252,0.2791748046875,1600,0.0004092704424510632,0.018502200371585786,0.2,-0.0259964840952307,-0.031948402523994446,-1.8149147033691406,0.016940583,0.9968979358673096,-43.82424759864807,-2.5201513902439023,1258.0
52224,102,41,1252,0.071533203125,1616,0.0004092704424510632,0.5091776619665325,0.2,-0.01154368874267675,0.07263842225074768,0.1712583303451538,0.01136088,0.9960949420928955,-43.776294589042664,-2.5201513902439023,1258.0
52736,103,42,1252,0.223388671875,1632,0.0004092704424510632,0.02990982012124732,0.2,-0.01992004952626303,-0.021952716633677483,-1.7757632732391357,0.0224843,0.9959056377410889,-43.765854239463806,-2.5201513902439023,1258.0
53248,104,42,1252,0.311279296875,1648,0.0004092704424510632,0.0032076407042040955,0.2,-0.02912568108877167,-0.035202756524086,0.0734664797782898,0.026814811,0.9952666759490967,-43.75556457042694,-2.518765380952381,1258.0
53760,105,42,1251,0.0601806640625,1664,0.0004092704424510632,0.3924989781808108,0.2,-0.010182635865930934,0.027154022827744484,0.2588574290275574,0.012830777,0.9946280121803284,-43.72907996177673,-2.518765380952381,1258.0
54272,106,43,1251,0.1859130859375,1680,0.0004092704424510632,0.05951993906637654,0.2,-0.018871862892410718,-0.019114822149276733,-5.5454912185668945,0.018091954,0.9948321580886841,-43.71699786186218,-2.5214111860465116,1258.0
54784,107,43,1251,0.0438232421875,1696,0.0004092704424510632,0.49264002963900566,0.2,-0.010142931874725036,0.06983720511198044,0.21087682247161865,0.00880141,0.9949361681938171,-43.72748672962189,-2.5214111860465116,1258.0
55296,108,44,1251,0.275390625,1712,0.0004092704424510632,0.018153074182919227,0.2,-0.026037916977657005,-0.02829977683722973,-4.920143127441406,0.024010334,0.9965723156929016,-43.744478940963745,-2.5214111860465116,1258.0
55808,109,44,1251,0.2081298828125,1728,0.0004092704424510632,0.00319848274011747,0.2,-0.02460932478425093,-0.035686880350112915,0.12236475944519043,0.013668852,0.9959002733230591,-43.7700799703598,-2.5212674545454545,1258.0
56320,110,45,1251,0.1212158203125,1744,0.0004092704424510632,0.27576441154815257,0.2,-0.016120129846967757,0.019987087696790695,0.16635334491729736,0.014244467,0.9957594275474548,-43.74253761768341,-2.5212674545454545,1258.0
56832,111,45,1251,0.24755859375,1760,0.0004092704424510632,0.02025155400042422,0.2,-0.02361555609968491,-0.037290893495082855,-8.507392883300781,0.021154832,0.9941890239715576,-43.723745226860046,-2.5223967555555555,1258.0
57344,112,45,1250,0.1083984375,1776,0.0004092704424510632,0.48406466376036406,0.2,-0.016160844708792865,0.06524848937988281,0.12050986289978027,0.016091196,0.9933071136474609,-43.68088412284851,-2.5223967555555555,1258.0
57856,113,46,1250,0.285400390625,1792,0.0004092704424510632,0.01224581222049892,0.2,-0.03023427663720213,-0.028782973065972328,-2.2284388542175293,0.026806474,0.9923617839813232,-43.65401601791382,-2.5223967555555555,1258.0
58368,114,46,1250,0.2718505859375,1808,0.0004092704424510632,0.04874908609781414,0.2,-0.029529858264140785,-0.018397118896245956,0.4617661237716675,0.014916143,0.9913609027862549,-43.622687339782715,-2.520745760869565,1258.0
58880,115,47,1250,0.253662109375,1824,0.0004092704424510632,0.0959908363292925,0.2,-0.023536526277894154,-0.00842265784740448,0.6132433414459229,0.037086748,0.990490198135376,-43.59495460987091,-2.520745760869565,1258.0
59392,116,47,1250,0.2540283203125,1840,0.0004092704424510632,0.04943828156683594,0.2,-0.02188407911307877,-0.009238237515091896,-2.179757833480835,0.024818327,0.9896876215934753,-43.57033634185791,-2.5216697021276593,1258.0
59904,117,47,1250,0.07080078125,1856,0.0004092704424510632,0.4552876998204738,0.2,-0.012448295048670843,0.03558499738574028,0.09937810897827148,0.014058925,0.9895428419113159,-43.55775487422943,-2.5216697021276593,1258.0
60416,118,48,1249,0.29833984375,1872,0.0004092704424510632,0.008275242857052945,0.2,-0.027258344372967258,-0.04359021782875061,-4.160862445831299,0.02610344,0.9885866045951843,-43.540425419807434,-2.5226534166666665,1258.0
60928,119,48,1249,0.0870361328125,1888,0.0004092704424510632,0.6363801909610629,0.2,-0.018709573545493186,0.13631734251976013,0.04976391792297363,0.012309955,0.9885125160217285,-43.51686656475067,-2.5226534166666665,1258.0
61440,120,49,1249,0.2335205078125,1904,0.0004092704424510632,0.005485605783178471,0.2,-0.02289532811846584,-0.034854620695114136,-0.5206602811813354,0.016569963,0.9901228547096252,-43.53808343410492,-2.5226534166666665,1258.0
61952,121,49,1249,0.2593994140625,1920,0.0004092704424510632,0.002281190438225167,0.2,-0.02524829257163219,-0.038381822407245636,-0.30565178394317627,0.013988914,0.9908929467201233,-43.58003771305084,-2.5219408163265307,1258.0
62464,122,50,1249,0.023681640625,1936,0.0004092704424510632,0.40450939163565636,0.2,-0.007765359070617706,0.07466946542263031,0.21987074613571167,0.0068813064,0.9904322624206543,-43.57626974582672,-2.5219408163265307,1258.0
62976,123,50,1248,0.25634765625,1952,0.0004092704424510632,0.018687772448174655,0.2,-0.02467637755034957,-0.034405846148729324,-6.026102542877197,0.027838366,0.9902104139328003,-43.5606746673584,-2.52433996,1258.0
63488,124,50,1248,0.0374755859375,1968,0.0004092704424510632,0.5721868718974292,0.2,-0.007700395857682452,0.0647403746843338,0.08749169111251831,0.012103073,0.990132749080658,-43.555694818496704,-2.52433996,1258.0
64000,125,51,1248,0.26611328125,1984,0.0004092704424510632,0.009693860563857015,0.2,-0.023437954136170447,-0.031109154224395752,-11.853470802307129,0.02524136,0.9913944602012634,-43.57058143615723,-2.52433996,1258.0
64512,126,51,1248,0.2742919921875,2000,0.0004092704424510632,0.00310441652618465,0.2,-0.028963550052139908,-0.03751671314239502,-0.004662513732910156,0.020671487,0.9910891652107239,-43.58884525299072,-2.5263083529411765,1258.0
65024,127,52,1248,0.046142578125,2016,0.0004092704424510632,0.7443712675012648,0.2,-0.011763429451093543,0.052899282425642014,0.06248205900192261,0.010644832,0.990571916103363,-43.56977415084839,-2.5263083529411765,1258.0
65536,128,52,1248,0.2738037109375,2032,0.0004092704424510632,0.01183995179599151,0.2,-0.02713738990132697,-0.031321097165346146,-2.8461923599243164,0.028387023,0.9913510084152222,-43.5732342004776,-2.5248468461538462,1258.0
66048,129,52,1248,0.0404052734375,2048,0.0004092704424510632,0.6951381368562579,0.2,-0.007953552805702202,0.11786077916622162,0.2963082790374756,0.0086916275,0.9915032386779785,-43.59102022647858,-2.5248468461538462,1258.0
66560,130,53,1248,0.264404296875,2064,0.0004092704424510632,0.013371736073167995,0.2,-0.02585058282420505,-0.0343719944357872,-5.674862861633301,0.022803944,0.9908545017242432,-43.58005666732788,-2.5248468461538462,1258.0
67072,131,53,1248,0.268798828125,2080,0.0004092704424510632,0.0030044569793972187,0.2,-0.029950243362691253,-0.04890425130724907,0.0015946626663208008,0.020088527,0.9898217916488647,-43.54982650279999,-2.5211291886792453,1258.0
67584,132,54,1248,0.0699462890625,2096,0.0004092704424510632,0.5541171818040311,0.2,-0.015813021978829056,0.08033469319343567,0.19602370262145996,0.012162736,0.9896185994148254,-43.534242391586304,-2.5211291886792453,1258.0
68096,133,54,1248,0.2232666015625,2112,0.0004092704424510632,0.047479936096351594,0.2,-0.023233908228576183,-0.022350167855620384,-6.55537223815918,0.019219182,0.9903934597969055,-43.53631925582886,-2.5188048703703703,1258.0
68608,134,54,1248,0.0718994140625,2128,0.0004092704424510632,0.7080260929651558,0.2,-0.011679232346068602,0.0950806513428688,0.29120826721191406,0.009604756,0.99117112159729,-43.56927704811096,-2.5188048703703703,1258.0
69120,135,55,1248,0.27685546875,2144,0.0004092704424510632,0.010098680533701554,0.2,-0.026796722202561796,-0.03738338127732277,-3.7496275901794434,0.03312978,0.9910525679588318,-43.57556116580963,-2.5188048703703703,1258.0
69632,136,55,1248,0.2451171875,2160,0.0004092704424510632,0.003936275814339751,0.2,-0.0207789754786063,-0.02235008403658867,0.03148007392883301,0.019397218,0.9897124767303467,-43.55511164665222,-2.5145722545454543,1258.0
70144,137,56,1248,0.06494140625,2176,0.0004092704424510632,0.44515890069305897,0.2,-0.011498600026243366,0.05948275700211525,0.20134121179580688,0.012098366,0.9888878464698792,-43.515875458717346,-2.5145722545454543,1258.0
70656,138,56,1248,0.187255859375,2192,0.0004092704424510632,0.042925759276840836,0.2,-0.01739348996488843,-0.01783072203397751,-10.407366752624512,0.016574992,0.9873523116111755,-43.47780358791351,-2.516191875,1258.0
71168,139,57,1248,0.0372314453125,2208,0.0004092704424510632,0.6924950066022575,0.2,-0.009709885809570551,0.07222133874893188,0.14890789985656738,0.008178717,0.9867888689041138,-43.43975830078125,-2.516191875,1258.0
71680,140,57,1248,0.297607421875,2224,0.0004092704424510632,0.010049480843008496,0.2,-0.027417966339271516,-0.03592532128095627,-1.1075334548950195,0.028036352,0.9855216145515442,-43.4222811460495,-2.516191875,1258.0
72192,141,57,1247,0.213623046875,2240,0.0004092704424510632,0.041501504951156676,0.2,-0.02349674014840275,-0.01946515031158924,0.5500379800796509,0.017487764,0.9851974844932556,-43.39597952365875,-2.5145582456140354,1258.0
72704,142,58,1247,0.1817626953125,2256,0.0004092704424510632,0.1309102182276547,0.2,-0.023262280927156098,-0.014832837507128716,0.7063657641410828,0.03136406,0.9852591753005981,-43.3963041305542,-2.5145582456140354,1258.0
73216,143,58,1247,0.2169189453125,2272,0.0004092704424510632,0.029125211731297895,0.2,-0.023324765177676454,-0.023645518347620964,-12.867212295532227,0.022177696,0.9836704730987549,-43.37107956409454,-2.5128569655172415,1258.0
73728,144,59,1247,0.0230712890625,2288,0.0004092704424510632,0.7416913015767932,0.2,-0.008864914845617022,0.05959562212228775,0.06166863441467285,0.0072413515,0.9830300211906433,-43.32389461994171,-2.5128569655172415,1258.0
74240,145,59,1247,0.3013916015625,2304,0.0004092704424510632,0.013835594349075109,0.2,-0.02611365275515709,-0.029549600556492805,-4.021881580352783,0.034323964,0.9855079054832458,-43.341161251068115,-2.5138836440677967,1258.0
74752,146,59,1247,0.0823974609375,2320,0.0004092704424510632,0.4829010381363332,0.2,-0.01165120565565303,0.05582702159881592,0.21562403440475464,0.015177552,0.9861371517181396,-43.408894181251526,-2.5138836440677967,1258.0
75264,147,60,1247,0.277587890625,2336,0.0004092704424510632,0.0031381196931761224,0.2,-0.028097396425437182,-0.03802497312426567,-3.0993237495422363,0.018255508,0.9858034253120422,-43.404855608940125,-2.5138836440677967,1258.0
75776,1,0,4079,0.2852783203125,2352,0.0004092704424510632,0.003242217982915463,0.2,-0.02543086398509331,-0.024241480976343155,0.0038098692893981934,0.02399981,0.9858853220939636,-43.396151423454285,-2.5170438333333336,1258.0
76288,2,0,1907,0.0185546875,2368,0.0004092704424510632,0.7671485771425068,0.2,-0.008313930477015674,0.1761244833469391,0.21716231107711792,0.0075361095,0.9860311150550842,-43.401527762413025,-2.5170438333333336,1258.0
76800,3,0,1611,0.3016357421875,2384,0.0004092704424510632,0.008442732665571384,0.2,-0.030156958877341822,-0.0305163636803627,-3.028580665588379,0.025933981,0.9837050437927246,-43.37746608257294,-2.5169692950819673,1258.0
77312,4,1,1502,0.0572509765625,2400,0.0004092704424510632,0.6024673590436578,0.2,-0.008727106760488823,0.08615152537822723,0.28118664026260376,0.009551722,0.9825311303138733,-43.31001150608063,-2.5169692950819673,1258.0
77824,5,1,1434,0.3271484375,2416,0.0004092704424510632,0.012575933302287012,0.2,-0.03089637914672494,-0.037933703511953354,-2.914254665374756,0.043732926,0.9817411303520203,-43.283929228782654,-2.5169692950819673,1258.0
78336,6,2,1394,0.259765625,2432,0.0004092704424510632,0.002315942543646088,0.2,-0.02827741733926814,-0.04350552335381508,-0.013311386108398438,0.019137826,0.9782721996307373,-43.22038173675537,-2.5183614516129036,1258.0
78848,7,2,1369,0.0753173828125,2448,0.0004092704424510632,0.7020233040675521,0.2,-0.013884544037864543,0.04094768315553665,0.22534650564193726,0.012770683,0.9771705269813538,-43.13901662826538,-2.5183614516129036,1258.0
79360,8,3,1348,0.2237548828125,2464,0.0004092704424510632,0.03677528351545334,0.2,-0.019623220185167156,-0.0232546366751194,-6.9594807624816895,0.018307257,0.9760382175445557,-43.113449931144714,-2.5193478571428574,1258.0
79872,9,3,1334,0.0545654296875,2480,0.0004092704424510632,0.8600545367226005,0.2,-0.010966893620206974,0.1473524272441864,0.20212972164154053,0.011923934,0.975970447063446,-43.0896372795105,-2.5193478571428574,1258.0
80384,10,3,1323,0.2734375,2496,0.0004092704424510632,0.006949350674403831,0.2,-0.025617258244892582,-0.03437090665102005,-1.654646396636963,0.02225301,0.9765098094940186,-43.09349751472473,-2.5193478571428574,1258.0
80896,11,4,1313,0.2215576171875,2512,0.0004092704424510632,0.003263721111579798,0.2,-0.023528401041403413,-0.04620157927274704,-0.12769389152526855,0.016514419,0.9732998609542847,-43.0721253156662,-2.517211953125,1258.0
81408,12,4,1306,0.04248046875,2528,0.0004092704424510632,0.7440622951835394,0.2,-0.009543211970594712,0.05187522992491722,0.27344614267349243,0.0077774157,0.9718023538589478,-42.97716224193573,-2.517211953125,1258.0
81920,13,5,1299,0.272216796875,2544,0.0004092704424510632,0.021484527504071593,0.2,-0.026192229757725727,-0.03450217843055725,-4.775843143463135,0.028105307,0.9715458750724792,-42.960653424263,-2.5153034615384615,1258.0
82432,14,5,1292,0.0191650390625,2560,0.0004092704424510632,0.9298853520303965,0.2,-0.003955666921683587,0.11206698417663574,0.1860036849975586,0.0071111717,0.9711513519287109,-42.95114874839783,-2.5153034615384615,1258.0
82944,15,5,1288,0.248046875,2576,0.0004092704424510632,0.01589883708220441,0.2,-0.0224710239272099,-0.02869369275867939,-7.006178855895996,0.024413317,0.9709221124649048,-42.93987429141998,-2.5153034615384615,1258.0
83456,16,6,1283,0.3111572265625,2592,0.0004092704424510632,0.0034716094814939424,0.2,-0.034516022948082536,-0.05005165934562683,0.03074091672897339,0.02288166,0.9715269804000854,-42.94118928909302,-2.5146706515151513,1258.0
83968,17,6,1271,0.0408935546875,2608,0.0004092704424510632,0.6310652485117316,0.2,-0.009158853034023196,0.11938780546188354,0.18539202213287354,0.008882263,0.9719288945198059,-42.95696532726288,-2.5146706515151513,1258.0
84480,18,7,1268,0.314208984375,2624,0.0004092704424510632,0.020192077732644975,0.2,-0.030273123520601075,-0.03469022363424301,-2.269437789916992,0.02813809,0.9723760485649109,-42.97144865989685,-2.514289343283582,1258.0
84992,19,7,1267,0.047607421875,2640,0.0004092704424510632,0.7075064606033266,0.2,-0.0068746769247809425,0.14338526129722595,0.29324883222579956,0.010335375,0.9722906947135925,-42.98073852062225,-2.514289343283582,1258.0
85504,20,8,1266,0.28662109375,2656,0.0004092704424510632,0.04669340420514345,0.2,-0.03139557421673089,-0.027993861585855484,-0.34428465366363525,0.020759707,0.9712257981300354,-42.972899436950684,-2.514289343283582,1258.0
86016,21,8,1264,0.18505859375,2672,0.0004092704424510632,0.13765710964798927,0.2,-0.018626380886416882,0.039016082882881165,0.5490823984146118,0.018949887,0.9710912108421326,-42.95158767700195,-2.515572647058823,1258.0
86528,22,8,1262,0.1702880859375,2688,0.0004092704424510632,0.16137372725643218,0.2,-0.018774813463096507,0.03950773924589157,0.8874792456626892,0.026442789,0.9705489873886108,-42.94754183292389,-2.515572647058823,1258.0
87040,23,9,1261,0.212890625,2704,0.0004092704424510632,0.1177847117651254,0.2,-0.023325804955675267,-0.00962870940566063,-12.122756958007812,0.025672548,0.9719249606132507,-42.94753551483154,-2.513279188405797,1258.0
87552,24,9,1259,0.041748046875,2720,0.0004092704424510632,0.7056539412587881,0.2,-0.009339343421743251,0.059650301933288574,0.11433190107345581,0.010535553,0.9730859398841858,-43.00126111507416,-2.513279188405797,1258.0
88064,25,10,1259,0.2591552734375,2736,0.0004092704424510632,0.012373922028928064,0.2,-0.022066482917580288,-0.025408649817109108,-4.02711820602417,0.028726248,0.9719052314758301,-43.001312494277954,-2.5127771,1258.0
88576,26,10,1258,0.042236328125,2752,0.0004092704424510632,0.5631305566057563,0.2,-0.006242062561796047,0.08781741559505463,0.22863811254501343,0.009028324,0.9714627265930176,-42.96836507320404,-2.5127771,1258.0
89088,27,10,1257,0.2437744140625,2768,0.0004092704424510632,0.0026575424817565363,0.2,-0.02425273769767955,-0.03355257585644722,-3.1038174629211426,0.016758658,0.971955418586731,-42.97290813922882,-2.5127771,1258.0
89600,28,11,1255,0.2540283203125,2784,0.0004092704424510632,0.003208178506611148,0.2,-0.024449454722343944,-0.039802130311727524,0.04665040969848633,0.01749549,0.9730085134506226,-42.996580958366394,-2.512526563380282,1258.0
90112,29,11,1254,0.0828857421875,2800,0.0004092704424510632,0.5318339774385095,0.2,-0.01511627424042672,0.1375194489955902,0.2851663827896118,0.01616508,0.9730595350265503,-43.02120363712311,-2.512526563380282,1258.0
90624,30,12,1253,0.247802734375,2816,0.0004092704424510632,0.03764451888855547,0.2,-0.02493326729745604,-0.023014914244413376,-6.027039051055908,0.021613695,0.972888708114624,-43.01564931869507,-2.5100781388888884,1258.0
91136,31,12,1252,0.0618896484375,2832,0.0004092704424510632,0.8050312311388552,0.2,-0.011089276922575664,0.14104850590229034,0.1260412335395813,0.008247303,0.9726096391677856,-43.013580322265625,-2.5100781388888884,1258.0
91648,32,13,1251,0.3048095703125,2848,0.0004092704424510632,0.00488619455427397,0.2,-0.026086686717462726,-0.035627156496047974,-0.9194158315658569,0.024791542,0.9710792899131775,-42.98421025276184,-2.5100781388888884,1258.0
92160,33,13,1250,0.2420654296875,2864,0.0004092704424510632,0.003320927411550656,0.2,-0.02690088665985968,-0.03935113549232483,-0.06966507434844971,0.014731566,0.9691658020019531,-42.92980456352234,-2.5115088630136984,1258.0
92672,34,13,1249,0.075439453125,2880,0.0004092704424510632,0.8141458295285702,0.2,-0.01011897303396836,0.0848260298371315,0.32364457845687866,0.011065939,0.9681057333946228,-42.87548267841339,-2.5115088630136984,1258.0
93184,35,14,1249,0.262451171875,2896,0.0004092704424510632,0.0152657245635055,0.2,-0.02306263751233928,-0.03106444701552391,-5.805984973907471,0.03184685,0.9662042856216431,-42.8325469493866,-2.5115678648648645,1258.0
93696,36,14,1248,0.0592041015625,2912,0.0004092704424510632,0.7447064202278852,0.2,-0.014436675497563556,0.08792933821678162,0.13798624277114868,0.012407055,0.9656260013580322,-42.78784477710724,-2.5115678648648645,1258.0
94208,37,15,1248,0.19921875,2928,0.0004092704424510632,0.021849431795999408,0.2,-0.01923741625796538,-0.024164892733097076,-7.303881645202637,0.019145045,0.9669759273529053,-42.796345353126526,-2.5115678648648645,1258.0
94720,38,15,1247,0.2799072265625,2944,0.0004092704424510632,0.0028977846523048356,0.2,-0.029800946707837284,-0.031502865254879,0.005066514015197754,0.023294397,0.9695777893066406,-42.87264835834503,-2.509615426666666,1258.0
95232,39,16,1242,0.0782470703125,2960,0.0004092704424510632,0.8921569825615734,0.2,-0.013676178990863264,0.10111331939697266,0.13486486673355103,0.0144882,0.9702441096305847,-42.929271936416626,-2.509615426666666,1258.0
95744,40,16,1241,0.289794921875,2976,0.0004092704424510632,0.00712269710493274,0.2,-0.02607342075498309,-0.04064585641026497,-3.246992588043213,0.017814428,0.9686543941497803,-42.91522932052612,-2.510102776315789,1258.0
96256,41,16,1240,0.0465087890625,2992,0.0004092704424510632,1.0074274437502027,0.2,-0.0074227239965694025,0.08960515260696411,0.25321096181869507,0.007400152,0.9680537581443787,-42.87173402309418,-2.510102776315789,1258.0
96768,42,17,1240,0.2530517578125,3008,0.0004092704424510632,0.013974070403492078,0.2,-0.023599681677296758,-0.026698900386691093,-2.4191856384277344,0.02472727,0.9665493965148926,-42.84143078327179,-2.510102776315789,1258.0
97280,43,17,1240,0.2532958984375,3024,0.0004092704424510632,0.003758825798286125,0.2,-0.024910271720727906,-0.03855608031153679,0.08149409294128418,0.013083389,0.9651747941970825,-42.7825870513916,-2.5090949740259734,1258.0
97792,44,18,1239,0.078125,3040,0.0004092704424510632,0.5824004984460771,0.2,-0.009493202000157908,0.07496638596057892,0.3838125467300415,0.014488908,0.9647592306137085,-42.759557247161865,-2.5090949740259734,1258.0
98304,45,18,1239,0.2442626953125,3056,0.0004092704424510632,0.052494322444545105,0.2,-0.023358111473498866,-0.025902610272169113,-11.184886932373047,0.02656531,0.9660308361053467,-42.76682412624359,-2.5095673717948714,1258.0
98816,46,19,1239,0.0543212890625,3072,0.0004092704424510632,1.0874852295964956,0.2,-0.00905449221318122,0.09901490062475204,0.106326162815094,0.008051971,0.9664126038551331,-42.801188588142395,-2.5095673717948714,1258.0
99328,47,19,1237,0.257568359375,3088,0.0004092704424510632,0.008789341678493656,0.2,-0.022152997087687254,-0.03158878535032272,-2.960603713989258,0.025268542,0.9665896892547607,-42.80246078968048,-2.5095673717948714,1258.0
99840,48,19,1237,0.3565673828125,3104,0.0004092704424510632,0.005219643775490113,0.2,-0.038345613167621195,-0.047398604452610016,0.34356486797332764,0.030617986,0.9670624732971191,-42.8135039806366,-2.5082765063291133,1258.0
100352,49,20,1237,0.0849609375,3120,0.0004092704424510632,0.3765110212843865,0.2,-0.010639408188581001,0.021627027541399002,0.4958133101463318,0.012561819,0.9664929509162903,-42.81529128551483,-2.5082765063291133,1258.0
100864,50,20,1236,0.2235107421875,3136,0.0004092704424510632,0.06770446070004255,0.2,-0.02276348162558861,-0.013164451345801353,-6.35350227355957,0.019404866,0.9675865769386292,-42.81240129470825,-2.51027195,1258.0
101376,51,21,1237,0.019287109375,3152,0.0004092704424510632,0.6769623216241598,0.2,-0.005527342967980076,0.11214570701122284,0.38184672594070435,0.007515363,0.9678775072097778,-42.848215222358704,-2.51027195,1258.0
101888,52,21,1237,0.212890625,3168,0.0004092704424510632,0.016717318358132616,0.2,-0.01946324252639897,-0.017327744513750076,-4.484546184539795,0.019246247,0.9696389436721802,-42.87226057052612,-2.51027195,1258.0
102400,53,21,1237,0.2393798828125,3184,0.0004092704424510632,0.06219287449494004,0.2,-0.026360566029325128,-0.00817761942744255,0.39718836545944214,0.0191627,0.9697208404541016,-42.92272913455963,-2.5108385802469138,1258.0
102912,54,22,1237,0.2249755859375,3200,0.0004092704424510632,0.10877797851571813,0.2,-0.017865473113488406,-0.0195479616522789,0.3716561198234558,0.031374,0.9690336585044861,-42.90395534038544,-2.5108385802469138,1258.0
103424,55,22,1236,0.239013671875,3216,0.0004092704424510632,0.01607531716581434,0.2,-0.02112628817849327,-0.02731730230152607,-13.771434783935547,0.021572482,0.9688087105751038,-42.887292981147766,-2.5095109024390245,1258.0
103936,56,23,1236,0.0172119140625,3232,0.0004092704424510632,0.9797744615934789,0.2,-0.008304131293698447,0.0974397361278534,0.0948743224143982,0.006875495,0.9687788486480713,-42.889071464538574,-2.5095109024390245,1258.0
104448,57,23,1236,0.2957763671875,3248,0.0004092704424510632,0.00566537585837068,0.2,-0.025521406205371022,-0.03661240264773369,-2.1216065883636475,0.02248965,0.9671644568443298,-42.86646270751953,-2.5091029879518074,1258.0
104960,58,24,1236,0.1097412109375,3264,0.0004092704424510632,0.7965553142130375,0.2,-0.01658210562891327,0.2557664215564728,0.3827061653137207,0.013789101,0.9666813015937805,-42.81868064403534,-2.5091029879518074,1258.0
105472,59,24,1236,0.23388671875,3280,0.0004092704424510632,0.008549999445676804,0.2,-0.022150968346977606,-0.02541123889386654,-0.400301456451416,0.019790407,0.9652137756347656,-42.796560764312744,-2.5091029879518074,1258.0
105984,60,24,1236,0.251220703125,3296,0.0004092704424510632,0.003419302673137281,0.2,-0.026126045500859618,-0.043415140360593796,-0.0921790599822998,0.018714163,0.9668245911598206,-42.782997250556946,-2.509479154761905,1258.0
106496,61,25,1236,0.0655517578125,3312,0.0004092704424510632,0.7838029782287776,0.2,-0.011050806584535167,0.11090198159217834,0.34304410219192505,0.010903942,0.9675166606903076,-42.837525844573975,-2.509479154761905,1258.0
107008,62,25,1236,0.229736328125,3328,0.0004092704424510632,0.05876014963723719,0.2,-0.021352404466597363,-0.019244149327278137,-6.570658206939697,0.02617868,0.9689038991928101,-42.8596328496933,-2.5068234823529414,1258.0
107520,63,26,1236,0.0501708984375,3344,0.0004092704424510632,0.6933290851302445,0.2,-0.011655870199319907,0.09094209223985672,0.2462366819381714,0.009868793,0.9694850444793701,-42.90428948402405,-2.5068234823529414,1258.0
108032,64,26,1236,0.2828369140625,3360,0.0004092704424510632,0.006215944769792259,0.2,-0.021732764529588167,-0.03338674083352089,-5.4084930419921875,0.02202399,0.9704727530479431,-42.92163872718811,-2.5068234823529414,1258.0
108544,65,26,1236,0.23486328125,3376,0.0004092704424510632,0.0026413429441163316,0.2,-0.024714046419830993,-0.021948153153061867,0.03308004140853882,0.016821317,0.9696852564811707,-42.93343484401703,-2.50571973255814,1258.0
109056,66,27,1236,0.02587890625,3392,0.0004092704424510632,0.7218431383371353,0.2,-0.00937266054097563,0.07477410137653351,0.18751388788223267,0.009170632,0.9691511392593384,-42.902464628219604,-2.50571973255814,1258.0
109568,67,27,1236,0.2225341796875,3408,0.0004092704424510632,0.07829420745838434,0.2,-0.02215148159302771,-0.011617004871368408,-3.652517795562744,0.02452908,0.9688460230827332,-42.8924001455307,-2.5060332413793107,1258.0
110080,68,28,1236,0.0245361328125,3424,0.0004092704424510632,0.964495234657079,0.2,-0.007451899662555661,0.09691270440816879,0.25646770000457764,0.00937088,0.968668520450592,-42.881659507751465,-2.5060332413793107,1258.0
110592,69,28,1236,0.280517578125,3440,0.0004092704424510632,0.00797654620691901,0.2,-0.023850807745475322,-0.0383310467004776,-5.114553451538086,0.023596313,0.9692507386207581,-42.88927936553955,-2.5060332413793107,1258.0
111104,70,28,1236,0.2294921875,3456,0.0004092704424510632,0.0031960229607648216,0.2,-0.023543666509795003,-0.02969171851873398,-0.011005997657775879,0.012249789,0.969049334526062,-42.901517033576965,-2.505968068181818,1258.0
111616,71,29,1236,0.0321044921875,3472,0.0004092704424510632,0.8129519387148321,0.2,-0.011519218576722778,0.10455088317394257,0.23969119787216187,0.009985935,0.9685688018798828,-42.88669550418854,-2.505968068181818,1258.0
112128,72,29,1236,0.287841796875,3488,0.0004092704424510632,0.005903541095904075,0.2,-0.024191714575863443,-0.0333213284611702,-2.6986992359161377,0.030307803,0.967958390712738,-42.864901304244995,-2.506617797752809,1258.0
112640,73,30,1236,0.037109375,3504,0.0004092704424510632,1.1909457156434655,0.2,-0.005412369253463112,0.16167421638965607,0.10446488857269287,0.0070786793,0.9679993987083435,-42.859227895736694,-2.506617797752809,1258.0
113152,74,30,1236,0.217529296875,3520,0.0004092704424510632,0.005971532278636005,0.2,-0.021375115786213428,-0.03318571671843529,-0.5188256502151489,0.016003348,0.9668037295341492,-42.84272491931915,-2.506617797752809,1258.0
113664,75,31,1236,0.2562255859375,3536,0.0004092704424510632,0.003374800602614414,0.2,-0.027950639836490154,-0.03226165473461151,-0.028186798095703125,0.020714398,0.9644904136657715,-42.786325216293335,-2.505210477777778,1258.0
114176,76,31,1235,0.0164794921875,3552,0.0004092704424510632,0.6606411100365222,0.2,-0.00619564886437729,0.15462596714496613,0.3454151749610901,0.006432812,0.96371990442276,-42.73376739025116,-2.505210477777778,1258.0
114688,77,31,1235,0.2550048828125,3568,0.0004092704424510632,0.014478617755230516,0.2,-0.024041076278081164,-0.0329236276447773,-8.343144416809082,0.025314562,0.9642841219902039,-42.726972460746765,-2.504107494505495,1258.0
115200,78,32,1235,0.0196533203125,3584,0.0004092704424510632,1.3531507407315075,0.2,-0.008464035170618445,0.09497372806072235,0.13205403089523315,0.0059744865,0.9645959734916687,-42.75116324424744,-2.504107494505495,1258.0
115712,79,32,1235,0.2952880859375,3600,0.0004092704424510632,0.011244480207096785,0.2,-0.027703051928256173,-0.031288884580135345,-2.757148504257202,0.027539235,0.9645664691925049,-42.753031611442566,-2.504107494505495,1258.0
116224,80,33,1235,0.305908203125,3616,0.0004092704424510632,0.006175825161335524,0.2,-0.03511844060267322,-0.043743353337049484,0.14229243993759155,0.020787608,0.9630693793296814,-42.733519554138184,-2.5047611086956527,1258.0
116736,81,33,1235,0.11376953125,3632,0.0004092704424510632,0.5009600089397281,0.2,-0.016702235749107786,0.0007432997226715088,0.10011458396911621,0.022817936,0.9628891348838806,-42.68847632408142,-2.5047611086956527,1258.0
117248,82,33,1235,0.32568359375,3648,0.0004092704424510632,0.00708232768374728,0.2,-0.029248304112115875,-0.04120970889925957,-11.141191482543945,0.027587302,0.9656141996383667,-42.73072803020477,-2.5043735698924734,1258.0
117760,83,34,1235,0.0318603515625,3664,0.0004092704424510632,1.332761594094336,0.2,-0.006673975323792547,0.08834270387887955,0.14727288484573364,0.010016237,0.9665303230285645,-42.805325984954834,-2.5043735698924734,1258.0
118272,84,34,1235,0.3587646484375,3680,0.0004092704424510632,0.008505696867359802,0.2,-0.029285903059644625,-0.039147455245256424,-3.324587345123291,0.033083823,0.9672892689704895,-42.81860911846161,-2.502539446808511,1258.0
118784,85,35,1235,0.0877685546875,3696,0.0004092704424510632,1.7534344950690866,0.2,-0.00923013809369877,0.13402345776557922,0.02954798936843872,0.010104832,0.9676175117492676,-42.84013521671295,-2.502539446808511,1258.0
119296,86,35,1234,0.3135986328125,3712,0.0004092704424510632,0.006648961592873093,0.2,-0.03140175201406237,-0.044972144067287445,-1.391599416732788,0.02756095,0.9685301184654236,-42.85630202293396,-2.502539446808511,1258.0
119808,87,36,1234,0.3231201171875,3728,0.0004092704424510632,0.0035534458729671314,0.2,-0.03281069494551048,-0.04448984935879707,-0.010495781898498535,0.02879782,0.9665964245796204,-42.85275399684906,-2.502051073684211,1258.0
120320,88,36,1234,0.0196533203125,3744,0.0004092704424510632,0.9148436319082975,0.2,-0.005764041445218027,0.18039259314537048,0.262792706489563,0.006474496,0.9656280875205994,-42.78658998012543,-2.502051073684211,1258.0
120832,89,36,1234,0.26904296875,3760,0.0004092704424510632,0.012471199879655614,0.2,-0.023412472917698324,-0.030668210238218307,-3.769089698791504,0.021036115,0.9659509062767029,-42.78149461746216,-2.50208978125,1258.0
121344,90,37,1234,0.011962890625,3776,0.0004092704424510632,1.1733932550996542,0.2,-0.004574218146444764,0.12929467856884003,0.2686649560928345,0.0060121296,0.966222882270813,-42.79130744934082,-2.50208978125,1258.0
121856,91,37,1234,0.289794921875,3792,0.0004092704424510632,0.012820954303606413,0.2,-0.025030563061591238,-0.030126988887786865,-4.544918537139893,0.024706414,0.9661178588867188,-42.79983353614807,-2.50208978125,1258.0
122368,92,38,1234,0.307373046875,3808,0.0004092704424510632,0.0023155351809691638,0.2,-0.033648251730483025,-0.0412844642996788,-0.029775500297546387,0.024247332,0.9657485485076904,-42.7885936498642,-2.5014136494845363,1258.0
122880,93,38,1234,0.018310546875,3824,0.0004092704424510632,0.9582701805047691,0.2,-0.00845426455634879,0.16598530113697052,0.32940948009490967,0.007127546,0.9657434225082397,-42.78307914733887,-2.5014136494845363,1258.0
123392,94,38,1234,0.3057861328125,3840,0.0004092704424510632,0.007194003577751573,0.2,-0.02679114174679853,-0.031712573021650314,-4.989897727966309,0.023529101,0.9654890894889832,-42.77948248386383,-2.5020314591836734,1258.0
123904,95,39,1234,0.024169921875,3856,0.0004092704424510632,1.1558894319459796,0.2,-0.008314448787132278,0.18063856661319733,0.26715391874313354,0.007851032,0.9652971625328064,-42.7613867521286,-2.5020314591836734,1258.0
124416,96,39,1234,0.2606201171875,3872,0.0004092704424510632,0.005550488793232944,0.2,-0.027390269184252247,-0.037915170192718506,-2.610795736312866,0.022211928,0.9640299677848816,-42.7437459230423,-2.5020314591836734,1258.0
124928,97,40,1234,0.260986328125,3888,0.0004092704424510632,0.0022909527433512267,0.2,-0.026949882885674015,-0.0403275191783905,-0.1327507495880127,0.017964512,0.9608061909675598,-42.6727340221405,-2.499773626262626,1258.0
125440,98,40,1234,0.0418701171875,3904,0.0004092704424510632,0.8880565124563873,0.2,-0.00933480380626861,0.07786919176578522,0.33506715297698975,0.008942299,0.9598272442817688,-42.58940815925598,-2.499773626262626,1258.0
125952,99,41,1234,0.30078125,3920,0.0004092704424510632,0.032985672674840316,0.2,-0.023906741858809255,-0.02210228145122528,-8.67162799835205,0.035139054,0.9600808024406433,-42.57833969593048,-2.4994732099999997,1258.0
126464,100,41,1234,0.0185546875,3936,0.0004092704424510632,1.1427049185149372,0.2,-0.007753688783850521,0.09512146562337875,0.27076560258865356,0.006463266,0.9604567885398865,-42.59289765357971,-2.4994732099999997,1258.0
126976,101,41,1234,0.2548828125,3952,0.0004092704424510632,0.010054194266558625,0.2,-0.022707127005560324,-0.03985945135354996,-3.951429843902588,0.018127002,0.9592631459236145,-42.58460855484009,-2.4994732099999997,1258.0
127488,102,42,1234,0.2484130859375,3968,0.0004092704424510632,0.003512305371259572,0.2,-0.02700248065229971,-0.04358719289302826,0.06236642599105835,0.020016965,0.9594632983207703,-42.563923954963684,-2.49924422,1258.0
128000,103,42,1234,0.0419921875,3984,0.0004092704424510632,0.818628772161901,0.2,-0.005735598708270118,0.07483772933483124,0.3898242712020874,0.010160079,0.959378719329834,-42.567859053611755,-2.49924422,1258.0
128512,104,43,1234,0.243896484375,4000,0.0004092704424510632,0.027545563178136945,0.2,-0.019647619941679295,-0.007129323668777943,-2.9807751178741455,0.02634377,0.9608511924743652,-42.579641699790955,-2.49939606,1258.0
129024,105,43,1234,0.0247802734375,4016,0.0004092704424510632,1.1543312459252775,0.2,-0.009439212939469144,0.13858801126480103,0.3000835180282593,0.0069657397,0.9613193273544312,-42.62389659881592,-2.49939606,1258.0
129536,106,43,1234,0.2294921875,4032,0.0004092704424510632,0.02927123330300674,0.2,-0.020130453893216327,-0.025470785796642303,-1.6501288414001465,0.024892457,0.9621595740318298,-42.63054585456848,-2.49939606,1258.0
130048,107,44,1233,0.2669677734375,4048,0.0004092704424510632,0.02872875175671652,0.2,-0.027365329733584076,-0.012004043906927109,0.4188423752784729,0.020703048,0.9613855481147766,-42.637983322143555,-2.49803146,1258.0
130560,108,44,1233,0.1141357421875,4064,0.0004092704424510632,0.24622328754048795,0.2,-0.018821407764335163,0.0006861276924610138,0.6950984597206116,0.019955361,0.9612628817558289,-42.61523115634918,-2.49803146,1258.0
131072,109,45,1233,0.2601318359375,4080,0.0004092704424510632,0.0777304089278914,0.2,-0.024180610533221625,-0.00973491184413433,-10.50391960144043,0.025504816,0.9607541561126709,-42.61449146270752,-2.49757844,1258.0
131584,110,45,1233,0.119384765625,4096,0.0004092704424510632,0.6775580178946257,0.2,-0.01705766836676048,0.10169276595115662,0.355538547039032,0.017247261,0.9603304862976074,-42.596107602119446,-2.49757844,1258.0
132096,111,46,1234,0.2335205078125,4112,0.0004092704424510632,0.009123741183429956,0.2,-0.023866263421950862,-0.0294894240796566,-2.64690899848938,0.022991922,0.9599832892417908,-42.5842969417572,-2.49885902,1258.0
132608,112,46,1233,0.102294921875,4128,0.0004092704424510632,0.828932682517916,0.2,-0.014707188587635756,0.10983963310718536,0.3745952844619751,0.013233019,0.9598274230957031,-42.57279133796692,-2.49885902,1258.0
133120,113,46,1233,0.18505859375,4144,0.0004092704424510632,0.006603241290576989,0.2,-0.021029508570791222,-0.03474680706858635,-5.456851482391357,0.013677863,0.9597941637039185,-42.572399735450745,-2.49885902,1258.0
133632,114,47,1233,0.2572021484375,4160,0.0004092704424510632,0.003058293295907788,0.2,-0.022788849695643876,-0.026606619358062744,-0.059192538261413574,0.018706664,0.9594672918319702,-42.56460964679718,-2.4984081899999997,1258.0
134144,115,47,1233,0.04736328125,4176,0.0004092704424510632,1.065233624074608,0.2,-0.0094079819318722,0.09299137443304062,0.374001145362854,0.011021611,0.9592980742454529,-42.54298663139343,-2.4984081899999997,1258.0
134656,116,48,1232,0.2349853515625,4192,0.0004092704424510632,0.03264356462750584,0.2,-0.017031037161359563,-0.024973740801215172,-6.3953118324279785,0.021817561,0.9603022933006287,-42.55391180515289,-2.4969873899999997,1258.0
135168,117,48,1232,0.06494140625,4208,0.0004092704424510632,1.523936185054481,0.2,-0.005559396082389867,0.08197196573019028,0.14930224418640137,0.007874647,0.9607614874839783,-42.58721709251404,-2.4969873899999997,1258.0
135680,118,49,1232,0.34033203125,4224,0.0004092704424510632,0.027638317726086825,0.2,-0.0334170547866961,-0.03895727917551994,0.16533786058425903,0.021319173,0.9615551829338074,-42.59759771823883,-2.4969873899999997,1258.0
136192,119,49,1232,0.2877197265625,4240,0.0004092704424510632,0.001634259040656616,0.2,-0.031951848563039675,-0.04138559103012085,0.002040684223175049,0.015246394,0.961287796497345,-42.60802471637726,-2.49620486,1258.0
136704,120,49,1233,0.098388671875,4256,0.0004092704424510632,0.625502428971231,0.2,-0.011923614030820318,0.07284105569124222,0.399391770362854,0.011478312,0.9611882567405701,-42.59629809856415,-2.49620486,1258.0
137216,121,50,1233,0.3153076171875,4272,0.0004092704424510632,0.011833204713184386,0.2,-0.0281896152155241,-0.04066026210784912,-8.893689155578613,0.02826399,0.9612867832183838,-42.59733033180237,-2.49474614,1258.0
137728,122,50,1233,0.053466796875,4288,0.0004092704424510632,1.3033735817298293,0.2,-0.008746791558223777,0.1785811483860016,0.1332297921180725,0.009159939,0.9614551067352295,-42.60251200199127,-2.49474614,1258.0
138240,123,51,1233,0.253662109375,4304,0.0004092704424510632,0.004385728498164099,0.2,-0.02506442181766033,-0.02486947923898697,-0.36655759811401367,0.0229961,0.9613925814628601,-42.60530626773834,-2.49474614,1258.0
138752,124,51,1233,0.2996826171875,4320,0.0004092704424510632,0.0022891159933351446,0.2,-0.031175483600236475,-0.0382014736533165,-0.37213408946990967,0.023066647,0.9599926471710205,-42.58038794994354,-2.49363608,1258.0
139264,125,51,1233,0.034423828125,4336,0.0004092704424510632,0.987216625828296,0.2,-0.006907632123329677,0.18201331794261932,0.40125012397766113,0.009311562,0.959618091583252,-42.54434072971344,-2.49363608,1258.0
139776,126,52,1233,0.244873046875,4352,0.0004092704424510632,0.010170370456762612,0.2,-0.01923009146412369,-0.02716657891869545,-5.3867573738098145,0.023712873,0.9599562883377075,-42.543285608291626,-2.49136096,1258.0
140288,127,52,1233,0.0546875,4368,0.0004092704424510632,1.0550069739110768,0.2,-0.012215115028084256,0.1739446073770523,0.2492925524711609,0.012146506,0.9602445960044861,-42.55358815193176,-2.49136096,1258.0
140800,128,53,1233,0.281005859375,4384,0.0004092704424510632,0.006261709197133314,0.2,-0.020887985883746296,-0.020620478317141533,-2.042287826538086,0.02614044,0.9602530598640442,-42.558215498924255,-2.49136096,1258.0
141312,129,53,1233,0.2794189453125,4400,0.0004092704424510632,0.0036491681894403882,0.2,-0.030248390918131918,-0.04240931570529938,0.0614703893661499,0.019052837,0.9600246548652649,-42.55334281921387,-2.48921426,1258.0
141824,130,53,1233,0.020751953125,4416,0.0004092704424510632,0.9111076812259853,0.2,-0.005630946638120804,0.20179836452007294,0.40684616565704346,0.007279181,0.9595247507095337,-42.53612995147705,-2.48921426,1258.0
142336,131,54,1233,0.3057861328125,4432,0.0004092704424510632,0.008902731322450563,0.2,-0.02874695186619647,-0.0367092527449131,-6.13243293762207,0.023421332,0.959898829460144,-42.53564274311066,-2.4867194599999998,1258.0
142848,132,54,1233,0.055419921875,4448,0.0004092704424510632,0.9372728075832129,0.2,-0.004305221082177013,0.17201562225818634,0.25255054235458374,0.008914169,0.959792971611023,-42.53920030593872,-2.4867194599999998,1258.0
143360,133,55,1233,0.3009033203125,4464,0.0004092704424510632,0.024200246902182698,0.2,-0.026936546484648716,-0.027859603986144066,-5.4482011795043945,0.025723077,0.9580190181732178,-42.512115240097046,-2.4867194599999998,1258.0
143872,134,55,1233,0.238037109375,4480,0.0004092704424510632,0.0030544316723535303,0.2,-0.024161711480701342,-0.019090857356786728,0.3010110855102539,0.014505271,0.9602083563804626,-42.50821924209595,-2.4887678,1258.0
144384,135,56,1233,0.0618896484375,4496,0.0004092704424510632,0.4575834828428924,0.2,-0.008894947823137045,0.013870328664779663,0.4214770793914795,0.013786427,0.960471510887146,-42.56752336025238,-2.4887678,1258.0
144896,136,56,1233,0.2548828125,4512,0.0004092704424510632,0.07175392133649439,0.2,-0.023856252519180998,-0.000245681032538414,-4.369546413421631,0.02900324,0.9600489735603333,-42.559518337249756,-2.4866648700000002,1258.0
145408,137,56,1233,0.0439453125,4528,0.0004092704424510632,0.8224728051573038,0.2,-0.00834774064423982,0.09594982862472534,0.3997419476509094,0.009108331,0.9597316980361938,-42.54346036911011,-2.4866648700000002,1258.0
145920,138,57,1233,0.2186279296875,4544,0.0004092704424510632,0.03421181280282326,0.2,-0.021613485558191314,-0.02793922647833824,-6.172024726867676,0.021713056,0.9594935774803162,-42.534876704216,-2.4866648700000002,1258.0
146432,139,57,1233,0.2855224609375,4560,0.0004092704424510632,0.015784190851263702,0.2,-0.02205583397881128,-0.010586244985461235,-0.0416872501373291,0.025883403,0.9582424759864807,-42.50642395019531,-2.4861684399999997,1258.0
146944,140,58,1233,0.1619873046875,4576,0.0004092704424510632,0.19224322072113864,0.2,-0.015070437220856547,-0.018974782899022102,0.11172336339950562,0.024948403,0.957880437374115,-42.46662938594818,-2.4861684399999997,1258.0
147456,141,58,1233,0.234375,4592,0.0004092704424510632,0.045647684775758535,0.2,-0.022721047411323525,-0.03798314556479454,-14.841341972351074,0.028256759,0.9577997326850891,-42.46376836299896,-2.4861544500000003,1258.0
147968,142,58,1233,0.074951171875,4608,0.0004092704424510632,1.6059682834893465,0.2,-0.006835268606664613,0.1733545958995819,0.028330206871032715,0.008908921,0.9578337669372559,-42.46270668506622,-2.4861544500000003,1258.0
148480,143,59,1233,0.2930908203125,4624,0.0004092704424510632,0.013488923010299914,0.2,-0.02828080899780616,-0.03172120824456215,-5.001321315765381,0.030705966,0.9590524435043335,-42.47500503063202,-2.4827213,1258.0
148992,144,59,1233,0.029541015625,4640,0.0004092704424510632,1.185360670555383,0.2,-0.009024644998135045,0.13810020685195923,0.2779843807220459,0.007463083,0.9593647718429565,-42.51132261753082,-2.4827213,1258.0
149504,145,60,1233,0.2559814453125,4656,0.0004092704424510632,0.00557274113089079,0.2,-0.02719027499551885,-0.03912431001663208,-0.06954407691955566,0.015121879,0.9629387259483337,-42.561699867248535,-2.4827213,1258.0
150016,146,60,1233,0.26904296875,4672,0.0004092704424510632,0.0037907781297690235,0.2,-0.03097391735354904,-0.028720030561089516,0.006170690059661865,0.018919878,0.963646411895752,-42.643253445625305,-2.48122454,1258.0
150528,147,61,1233,0.0191650390625,4688,0.0004092704424510632,0.814762766007334,0.2,-0.006117165059549734,0.11449628323316574,0.24549853801727295,0.007153156,0.963607668876648,-42.646723985672,-2.48122454,1258.0
151040,1,0,4111,0.219482421875,4704,0.0004092704424510632,0.03670089499792084,0.2,-0.018577935559733305,-0.02319319359958172,-8.07231330871582,0.022216333,0.9648863077163696,-42.66231393814087,-2.4777039,1258.0
151552,2,0,1923,0.0311279296875,4720,0.0004092704424510632,0.8923833100125194,0.2,-0.005599246171186678,0.11834121495485306,0.2166312336921692,0.0074289404,0.9648391604423523,-42.685506939888,-2.4777039,1258.0
152064,3,0,1630,0.3087158203125,4736,0.0004092704424510632,0.008610865566879511,0.2,-0.027744709703256376,-0.02751941606402397,-9.681192398071289,0.026680475,0.9657168984413147,-42.68460655212402,-2.4777039,1258.0
152576,4,1,1513,0.247802734375,4752,0.0004092704424510632,0.002587148806924233,0.2,-0.02291737386258319,-0.04513188824057579,-0.026455044746398926,0.015844204,0.9681283235549927,-42.73965060710907,-2.47640479,1258.0
153088,5,1,1451,0.045654296875,4768,0.0004092704424510632,0.7830024785362184,0.2,-0.00574009443516843,0.15509408712387085,0.27074968814849854,0.009515518,0.9684889316558838,-42.79000437259674,-2.47640479,1258.0
153600,6,2,1418,0.2646484375,4784,0.0004092704424510632,0.05981221533147618,0.2,-0.025897899686242454,-0.026602203026413918,-6.097249984741211,0.026602887,0.9670207500457764,-42.77283763885498,-2.47806016,1258.0
154112,7,2,1387,0.0428466796875,4800,0.0004092704424510632,0.9904199633747339,0.2,-0.0066900105302920565,0.18259847164154053,0.2682446837425232,0.008839201,0.9666507244110107,-42.73933660984039,-2.47806016,1258.0
154624,8,3,1361,0.2672119140625,4816,0.0004092704424510632,0.0042334081008448265,0.2,-0.021447729610372335,-0.02574487030506134,-2.365083932876587,0.022063915,0.9667105078697205,-42.737587213516235,-2.47806016,1258.0
155136,9,3,1348,0.254638671875,4832,0.0004092704424510632,0.003678980290715117,0.2,-0.02814918947115075,-0.03582477197051048,-0.04108607769012451,0.016935037,0.9649106860160828,-42.71063840389252,-2.47695567,1258.0
155648,10,3,1337,0.0302734375,4848,0.0004092704424510632,0.8812415772117674,0.2,-0.0068920253979740664,0.08204568922519684,0.4001316428184509,0.006850494,0.9645212292671204,-42.6624516248703,-2.47695567,1258.0
156160,11,4,1329,0.260498046875,4864,0.0004092704424510632,0.16384411393664777,0.2,-0.024757739767665043,0.04427317902445793,-0.834646463394165,0.025270231,0.9635818004608154,-42.65050745010376,-2.47559726,1258.0
156672,12,4,1323,0.008544921875,4880,0.0004092704424510632,1.1067684129811823,0.2,-0.003841430851025507,0.1458601951599121,0.3476629853248596,0.005415839,0.9633006453514099,-42.62142050266266,-2.47559726,1258.0
157184,13,5,1316,0.2476806640625,4896,0.0004092704424510632,0.007812618445314001,0.2,-0.026918222109088674,-0.03275362774729729,-3.0344319343566895,0.014231216,0.9631052613258362,-42.61845815181732,-2.47559726,1258.0
157696,14,5,1308,0.258544921875,4912,0.0004092704424510632,0.003354111577209551,0.2,-0.027015226718503982,-0.03776568919420242,0.0053923726081848145,0.01642799,0.9628384709358215,-42.61581528186798,-2.47287051,1258.0
158208,15,5,1303,0.052490234375,4928,0.0004092704424510632,0.5664642360061407,0.2,-0.007255749209434725,0.05024419724941254,0.3886401057243347,0.013379159,0.9631055593490601,-42.608511447906494,-2.47287051,1258.0
158720,16,6,1296,0.248291015625,4944,0.0004092704424510632,0.01664528384571895,0.2,-0.027558540081372485,-0.03568851575255394,-10.669864654541016,0.021567611,0.9622394442558289,-42.61225211620331,-2.4681350499999994,1258.0
159232,17,6,1294,0.081787109375,4960,0.0004092704424510632,1.1674813954159617,0.2,-0.010786938393721357,0.09471043944358826,0.14857536554336548,0.013954116,0.9618163704872131,-42.57562267780304,-2.4681350499999994,1258.0
159744,18,7,1292,0.3271484375,4976,0.0004092704424510632,0.011886850727023557,0.2,-0.0304793979448732,-0.050634462386369705,-0.4370318651199341,0.02351765,0.9615934491157532,-42.57280957698822,-2.4681350499999994,1258.0
160256,19,7,1289,0.145263671875,4992,0.0004092704424510632,0.2316173375584185,0.2,-0.01720863963419106,0.06204427033662796,0.6140551567077637,0.022717532,0.960610032081604,-42.54770386219025,-2.4673352499999996,1258.0
160768,20,7,1286,0.319091796875,5008,0.0004092704424510632,0.09582064460846595,0.2,-0.028404248747392558,-0.03178457170724869,0.9091686010360718,0.035049357,0.9602848887443542,-42.52092146873474,-2.4673352499999996,1258.0
161280,21,8,1283,0.2432861328125,5024,0.0004092704424510632,0.022528132423758507,0.2,-0.022174530735355802,-0.038783084601163864,-16.240947723388672,0.026940785,0.9590871930122375,-42.5070903301239,-2.46468653,1258.0
161792,22,8,1280,0.0338134765625,5040,0.0004092704424510632,1.259729805868119,0.2,-0.008586049007135443,0.1842442750930786,0.08047622442245483,0.0077492055,0.95864337682724,-42.47583448886871,-2.46468653,1258.0
162304,23,9,1278,0.2630615234375,5056,0.0004092704424510632,0.003981141424446832,0.2,-0.027924113121116534,-0.03718302771449089,-1.3783605098724365,0.019645102,0.956964373588562,-42.44912898540497,-2.4631761399999994,1258.0
162816,24,9,1277,0.0234375,5072,0.0004092704424510632,0.9450470581650734,0.2,-0.007154083403293043,0.13063284754753113,0.4596290588378906,0.0070449607,0.956548810005188,-42.41201937198639,-2.4631761399999994,1258.0
163328,25,10,1277,0.246337890625,5088,0.0004092704424510632,0.006559554949490121,0.2,-0.026172419456997886,-0.03459351137280464,-5.597853660583496,0.017889649,0.956348180770874,-42.403573513031006,-2.4631761399999994,1258.0
163840,26,10,1276,0.281982421875,5104,0.0004092704424510632,0.003185050329193473,0.2,-0.02863877231720835,-0.03683466836810112,-0.15907180309295654,0.019968944,0.9581637382507324,-42.431161880493164,-2.4617409199999996,1258.0
164352,27,10,1275,0.01708984375,5120,0.0004092704424510632,1.1551232081837952,0.2,-0.006912287586601451,0.08475998044013977,0.3866249918937683,0.0063375095,0.9589105248451233,-42.484217166900635,-2.4617409199999996,1258.0
164864,28,11,1274,0.2823486328125,5136,0.0004092704424510632,0.02027730058762245,0.2,-0.026009167413576506,-0.026359718292951584,-9.812592506408691,0.023910034,0.9599970579147339,-42.501150369644165,-2.4630269599999997,1258.0
165376,29,11,1273,0.0439453125,5152,0.0004092704424510632,1.3004616699181497,0.2,-0.008820511644444196,0.11864644289016724,0.20452874898910522,0.007169691,0.960599422454834,-42.53323996067047,-2.4630269599999997,1258.0
165888,30,12,1273,0.2882080078125,5168,0.0004092704424510632,0.00489082853164291,0.2,-0.0253714116406627,-0.03164079040288925,-3.155032157897949,0.022506068,0.9611918926239014,-42.546841740608215,-2.4630269599999997,1258.0
166400,31,12,1272,0.2586669921875,5184,0.0004092704424510632,0.002525071449781535,0.2,-0.024335989641258493,-0.032072536647319794,-0.2129307985305786,0.021246184,0.9618648886680603,-42.57319724559784,-2.4616387399999997,1258.0
166912,32,12,1272,0.020751953125,5200,0.0004092704424510632,1.0840156548656523,0.2,-0.007658837108465377,0.0844775140285492,0.4009489417076111,0.0069348942,0.9619563817977905,-42.58630812168121,-2.4616387399999997,1258.0
167424,33,13,1272,0.2103271484375,5216,0.0004092704424510632,0.02777692282688804,0.2,-0.01838559634052217,-0.020687690004706383,-6.648889541625977,0.021617558,0.9634339809417725,-42.601412892341614,-2.4607783899999998,1258.0
167936,34,13,1271,0.1048583984375,5232,0.0004092704424510632,1.3361607207916677,0.2,-0.012276706242118962,0.08611635863780975,0.20840728282928467,0.011472196,0.9641417264938354,-42.641496658325195,-2.4607783899999998,1258.0
168448,35,14,1271,0.248046875,5248,0.0004092704424510632,0.005614948371658102,0.2,-0.024366206860577222,-0.023688986897468567,-0.907086968421936,0.021042462,0.9632906317710876,-42.63606584072113,-2.4607783899999998,1258.0
168960,36,14,1270,0.218994140625,5264,0.0004092704424510632,0.00308263128681574,0.2,-0.023012002202449366,-0.04151506349444389,-0.0012737512588500977,0.014195295,0.9611710906028748,-42.59328579902649,-2.45899338,1258.0
169472,37,14,1269,0.0245361328125,5280,0.0004092704424510632,1.7738255886361003,0.2,-0.011564160056877881,0.19010649621486664,0.03654402494430542,0.00688029,0.960361897945404,-42.531026124954224,-2.45899338,1258.0
169984,38,15,1269,0.2626953125,5296,0.0004092704424510632,0.021619230305077508,0.2,-0.025503707700408995,-0.031011907383799553,-7.437933921813965,0.026424833,0.9612847566604614,-42.53525161743164,-2.4552073799999996,1258.0
170496,39,15,1269,0.026123046875,5312,0.0004092704424510632,1.1197218862362206,0.2,-0.0045199341111583635,0.11451277881860733,0.3334372043609619,0.0063261744,0.9613451957702637,-42.555699944496155,-2.4552073799999996,1258.0
171008,40,16,1269,0.3104248046875,5328,0.0004092704424510632,0.007149078883230686,0.2,-0.02757454485981725,-0.03290553390979767,-4.235111236572266,0.024902117,0.96197909116745,-42.55761706829071,-2.4552073799999996,1258.0
171520,41,16,1268,0.28857421875,5344,0.0004092704424510632,0.0038009992567822337,0.2,-0.028807784197852015,-0.0360802561044693,0.20744633674621582,0.022321187,0.963053286075592,-42.589130997657776,-2.4517839699999997,1258.0
172032,42,16,1268,0.05078125,5360,0.0004092704424510632,0.5930674653500319,0.2,-0.010374909157690126,0.08032019436359406,0.5179097652435303,0.012976158,0.9629634618759155,-42.59406650066376,-2.4517839699999997,1258.0
172544,43,17,1267,0.3372802734375,5376,0.0004092704424510632,0.379862567409873,0.2,-0.029967222799314186,0.12156553566455841,-0.21892690658569336,0.035065763,0.9632492065429688,-42.59506928920746,-2.44921907,1258.0
173056,44,17,1267,0.0450439453125,5392,0.0004092704424510632,1.3995195105671883,0.2,-0.008141027523379307,0.3321022391319275,0.7803550958633423,0.0068829544,0.9630429148674011,-42.596704959869385,-2.44921907,1258.0
173568,45,18,1267,0.2713623046875,5408,0.0004092704424510632,0.6301393592730165,0.2,-0.02220494121138472,0.2361261248588562,-0.1020958423614502,0.024304241,0.9635654091835022,-42.601327657699585,-2.44921907,1258.0
174080,46,18,1267,0.1422119140625,5424,0.0004092704424510632,1.0465026572346687,0.2,-0.01655452631530352,0.4180409610271454,0.6776173114776611,0.019959494,0.9638050198554993,-42.6177624464035,-2.44893327,1258.0
174592,47,18,1267,0.3148193359375,5440,0.0004092704424510632,0.0446318507893011,0.2,-0.025724777457071468,-0.015846388414502144,0.9845534563064575,0.024287753,0.9636627435684204,-42.61717653274536,-2.44893327,1258.0
175104,48,19,1267,0.271728515625,5456,0.0004092704424510632,0.050278499082196504,0.2,-0.021997622199705802,-0.010107100009918213,-5.481823921203613,0.027498199,0.9647936224937439,-42.62229323387146,-2.44614143,1258.0
175616,49,19,1267,0.08056640625,5472,0.0004092704424510632,0.9175712908618152,0.2,-0.010170989335165359,0.1807916760444641,0.3370792269706726,0.013715902,0.9655483961105347,-42.664987087249756,-2.44614143,1258.0
176128,50,20,1267,0.254150390625,5488,0.0004092704424510632,0.0053209537290968,0.2,-0.026162512105656788,-0.029649389907717705,-0.39813685417175293,0.017218161,0.9638067483901978,-42.6530544757843,-2.44392635,1258.0
176640,51,20,1266,0.06298828125,5504,0.0004092704424510632,0.8162054494023323,0.2,-0.011411895866331179,0.14148002862930298,0.5759983062744141,0.009675496,0.9634326696395874,-42.60647773742676,-2.44392635,1258.0
177152,52,21,1266,0.253173828125,5520,0.0004092704424510632,0.002444007470330689,0.2,-0.02815325986011885,-0.036947742104530334,-5.250659465789795,0.021528546,0.9624220132827759,-42.59490239620209,-2.44392635,1258.0
177664,53,21,1265,0.2886962890625,5536,0.0004092704424510632,0.0025122338010987733,0.2,-0.026966885256115347,-0.031590644270181656,-0.022942304611206055,0.019364648,0.961767852306366,-42.564342617988586,-2.4433878999999994,1258.0
178176,54,21,1264,0.058349609375,5552,0.0004092704424510632,0.9343363563530147,0.2,-0.006323987698124256,0.12459522485733032,0.4435824155807495,0.008065436,0.9612942337989807,-42.54783606529236,-2.4433878999999994,1258.0
178688,55,22,1264,0.2042236328125,5568,0.0004092704424510632,0.008360942345461808,0.2,-0.02148892081459053,-0.0266148392111063,-2.9151713848114014,0.016552867,0.9606295824050903,-42.5279757976532,-2.4436440399999997,1258.0
179200,56,22,1264,0.0120849609375,5584,0.0004092704424510632,0.9595795222558081,0.2,-0.007699560432229191,0.09916342049837112,0.3885645270347595,0.0060932767,0.9603464603424072,-42.50965929031372,-2.4436440399999997,1258.0
179712,57,23,1263,0.249267578125,5600,0.0004092704424510632,0.019803209172096103,0.2,-0.023567907541291788,-0.02862456440925598,-0.08683586120605469,0.021188587,0.9571169018745422,-42.460381627082825,-2.4436440399999997,1258.0
180224,58,23,1263,0.2823486328125,5616,0.0004092704424510632,0.0034220292218378745,0.2,-0.025998030279879458,-0.04051072522997856,-5.1614813804626465,0.023410067,0.9574882388114929,-42.40327250957489,-2.4409404999999995,1258.0
180736,59,23,1263,0.060546875,5632,0.0004092704424510632,0.6851274603977799,0.2,-0.012672199081862345,0.03961551561951637,0.3383052945137024,0.011640311,0.9575865864753723,-42.420738220214844,-2.4409404999999995,1258.0
181248,60,24,1262,0.2965087890625,5648,0.0004092704424510632,0.015153538930462673,0.2,-0.026166688970988616,-0.03593020513653755,-5.017049789428711,0.032394685,0.9595115780830383,-42.44023287296295,-2.4386662099999996,1258.0
181760,61,24,1262,0.112548828125,5664,0.0004092704424510632,0.8107538255862892,0.2,-0.012118002166971564,0.09651786834001541,0.2343907356262207,0.014450089,0.9603716135025024,-42.49212336540222,-2.4386662099999996,1258.0
182272,62,25,1262,0.267578125,5680,0.0004092704424510632,0.005051437590736896,0.2,-0.02813024405622855,-0.038952894508838654,-0.435085654258728,0.022621714,0.9633690714836121,-42.53977715969086,-2.4386662099999996,1258.0
182784,63,25,1262,0.2506103515625,5696,0.0004092704424510632,0.003432185112615116,0.2,-0.03142865547852125,-0.04532996192574501,-0.26283979415893555,0.02089997,0.9635156989097595,-42.60432207584381,-2.43692098,1258.0
183296,64,25,1261,0.0625,5712,0.0004092704424510632,0.8508961396291852,0.2,-0.012140424267272465,0.06915314495563507,0.4565778374671936,0.010031917,0.9631049036979675,-42.594107031822205,-2.43692098,1258.0
183808,65,26,1261,0.2410888671875,5728,0.0004092704424510632,0.008806956117041409,0.2,-0.023683709412580356,-0.028911668807268143,-6.6607985496521,0.021076262,0.9675989747047424,-42.640833735466,-2.4365579499999996,1258.0
184320,66,26,1261,0.021728515625,5744,0.0004092704424510632,0.7899501947686076,0.2,-0.00713869458559202,0.10603563487529755,0.2819048762321472,0.007650509,0.9692613482475281,-42.771830558776855,-2.4365579499999996,1258.0
184832,67,27,1261,0.2879638671875,5760,0.0004092704424510632,0.006097771743952762,0.2,-0.02774973405757919,-0.043230440467596054,-2.603520631790161,0.025501112,0.970258355140686,-42.801535844802856,-2.4365579499999996,1258.0
185344,68,27,1261,0.21044921875,5776,0.0004092704424510632,0.0031960682026692666,0.2,-0.02655271513503976,-0.032594673335552216,0.09946620464324951,0.016409665,0.9715017676353455,-42.84140133857727,-2.4329948299999997,1258.0
185856,69,28,1260,0.08349609375,5792,0.0004092704424510632,0.5746590397320688,0.2,-0.014058598360861652,0.06148698180913925,0.46273350715637207,0.014630346,0.9716419577598572,-42.85732591152191,-2.4329948299999997,1258.0
186368,70,28,1260,0.2686767578125,5808,0.0004092704424510632,0.01619991476763971,0.2,-0.02391280239680782,-0.028041932731866837,-6.496577262878418,0.018549316,0.9710255861282349,-42.847883105278015,-2.43090241,1258.0
186880,71,28,1260,0.02294921875,5824,0.0004092704424510632,1.1112235798500478,0.2,-0.008791005137027241,0.0790436789393425,0.17545223236083984,0.007870457,0.9709877967834473,-42.83599090576172,-2.43090241,1258.0
187392,72,29,1260,0.294677734375,5840,0.0004092704424510632,0.007217122460133396,0.2,-0.023064676875947043,-0.026058170944452286,-1.465721607208252,0.03229382,0.9689623713493347,-42.81659746170044,-2.43090241,1258.0
187904,73,29,1260,0.2618408203125,5856,0.0004092704424510632,0.004616450263711158,0.2,-0.027488769817864522,-0.037672340869903564,0.5272021293640137,0.018014573,0.9674521684646606,-42.75404763221741,-2.43073096,1258.0
188416,74,30,1260,0.1883544921875,5872,0.0004092704424510632,0.32643204100895673,0.2,-0.019026070833206177,-0.011079186573624611,0.5592023134231567,0.021013457,0.9668188691139221,-42.727892994880676,-2.43073096,1258.0
188928,75,30,1259,0.3135986328125,5888,0.0004092704424510632,0.015024563152110204,0.2,-0.028080281044822186,-0.03253566101193428,-5.261728286743164,0.031223591,0.9637501239776611,-42.671854853630066,-2.4288730800000002,1258.0
189440,76,30,1259,0.046875,5904,0.0004092704424510632,0.8008239804767072,0.2,-0.009854632618953474,0.11360768973827362,0.2244260311126709,0.009269945,0.9627269506454468,-42.59446465969086,-2.4288730800000002,1258.0
189952,77,31,1259,0.2635498046875,5920,0.0004092704424510632,0.020467843452934176,0.2,-0.02157310974143911,-0.0216743815690279,-5.000036716461182,0.029393457,0.9634233117103577,-42.594340801239014,-2.4288730800000002,1258.0
190464,78,31,1259,0.188232421875,5936,0.0004092704424510632,0.24975129729136825,0.2,-0.020992718666093424,0.09110111743211746,0.3913540244102478,0.015482798,0.963543176651001,-42.60748505592346,-2.42553728,1258.0
190976,79,32,1259,0.3155517578125,5952,0.0004092704424510632,0.040949030517367646,0.2,-0.01650212389358785,-0.023528648540377617,0.7977581024169922,0.0308224,0.9636300206184387,-42.60275495052338,-2.42553728,1258.0
191488,80,32,1259,0.2994384765625,5968,0.0004092704424510632,0.004522601870121434,0.2,-0.025030253440490924,-0.03133572265505791,-3.6606130599975586,0.019843172,0.9654940962791443,-42.62825393676758,-2.4245739299999998,1258.0
192000,81,32,1259,0.0322265625,5984,0.0004092704424510632,0.8665522281080484,0.2,-0.0124549617030425,0.1686888039112091,0.18273824453353882,0.008345462,0.9660292267799377,-42.67612016201019,-2.4245739299999998,1258.0
192512,82,33,1258,0.32421875,6000,0.0004092704424510632,0.017930652626091614,0.2,-0.030312651011627167,-0.0339113287627697,-4.245662689208984,0.039083652,0.9664273262023926,-42.68290829658508,-2.42341735,1258.0
193024,83,33,1258,0.1134033203125,6016,0.0004092704424510632,1.0309116700664163,0.2,-0.015592960466165096,0.07885126024484634,0.2937544584274292,0.0128580155,0.9664700031280518,-42.69362151622772,-2.42341735,1258.0
193536,84,34,1258,0.2777099609375,6032,0.0004092704424510632,0.004552295824396424,0.2,-0.025732436988619156,-0.028457358479499817,-1.7136423587799072,0.020309865,0.9689385890960693,-42.72078847885132,-2.42341735,1258.0
194048,85,34,1258,0.249755859375,6048,0.0004092704424510632,0.0028829213151766453,0.2,-0.02467386913485825,-0.02786666341125965,-0.2731156349182129,0.022543605,0.9688156247138977,-42.76523578166962,-2.42381742,1258.0
194560,86,34,1258,0.0706787109375,6064,0.0004092704424510632,0.7079830192960799,0.2,-0.013318123201315757,0.06758510321378708,0.4528663754463196,0.014263426,0.9681397080421448,-42.73904466629028,-2.42381742,1258.0
195072,87,35,1258,0.25732421875,6080,0.0004092704424510632,0.027080524392658845,0.2,-0.02379459756775759,-0.0328044556081295,-6.213590621948242,0.026871974,0.9695188999176025,-42.744898319244385,-2.42359182,1258.0
195584,88,35,1257,0.058837890625,6096,0.0004092704424510632,1.3979624570347369,0.2,-0.011506228824146092,0.09925053268671036,0.184340238571167,0.009848907,0.9700775146484375,-42.783602714538574,-2.42359182,1258.0
196096,89,36,1257,0.2056884765625,6112,0.0004092704424510632,0.0041863826700137,0.2,-0.018959062159410678,-0.022319559007883072,-2.547333002090454,0.014873589,0.9694924354553223,-42.78144824504852,-2.42359182,1258.0
196608,90,36,1257,0.24658203125,6128,0.0004092704424510632,0.002619144848722499,0.2,-0.028044379432685673,-0.045420221984386444,-0.0022464990615844727,0.017191228,0.9714799523353577,-42.792733907699585,-2.4226106499999998,1258.0
197120,91,37,1256,0.0450439453125,6144,0.0004092704424510632,1.2099328311160207,0.2,-0.010796645423397422,0.08800052851438522,0.07413041591644287,0.008988723,0.9722626209259033,-42.85244953632355,-2.4226106499999998,1258.0
197632,92,37,1256,0.292724609375,6160,0.0004092704424510632,0.005512552765139844,0.2,-0.030392939050216228,-0.03763758763670921,-1.4336440563201904,0.024380824,0.9717686772346497,-42.85567510128021,-2.42057236,1258.0
198144,93,37,1256,0.0369873046875,6176,0.0004092704424510632,0.7909858035854995,0.2,-0.011121305215056054,0.09916812926530838,0.45325231552124023,0.0093439985,0.9710458517074585,-42.82626712322235,-2.42057236,1258.0
198656,94,38,1256,0.263671875,6192,0.0004092704424510632,0.008794744469923899,0.2,-0.02596691725193523,-0.041890017688274384,-3.0774784088134766,0.01826964,0.9690334796905518,-42.78851628303528,-2.42057236,1258.0
199168,95,38,1255,0.2197265625,6208,0.0004092704424510632,0.0031387485505547374,0.2,-0.021044395718490705,-0.029816115275025368,0.02390068769454956,0.014991314,0.966949462890625,-42.72309637069702,-2.4194867600000003,1258.0
199680,96,39,1255,0.021728515625,6224,0.0004092704424510632,0.7850350085645914,0.2,-0.005357195608667098,0.11539749801158905,0.2822747826576233,0.0069319354,0.9662734270095825,-42.66935312747955,-2.4194867600000003,1258.0
200192,97,39,1255,0.232177734375,6240,0.0004092704424510632,0.03936985303880647,0.2,-0.02022715324710589,-0.026164067909121513,-7.968548774719238,0.025836982,0.9673025608062744,-42.6743346452713,-2.41833373,1258.0
200704,98,39,1255,0.063720703125,6256,0.0004092704424510632,0.9064926635473967,0.2,-0.012139644226408564,0.11111978441476822,0.2517109513282776,0.012692874,0.967835545539856,-42.709569334983826,-2.41833373,1258.0
201216,99,40,1255,0.2269287109375,6272,0.0004092704424510632,0.10112975933589041,0.2,-0.024160139451851137,-0.0012366883456707,-0.12997150421142578,0.018284135,0.9691242575645447,-42.73080611228943,-2.41833373,1258.0
201728,100,40,1255,0.222900390625,6288,0.0004092704424510632,0.0026067217222589534,0.2,-0.025530345374136232,-0.027398092672228813,0.21996194124221802,0.01502389,0.9710187315940857,-42.78954303264618,-2.4140157499999995,1258.0
202240,101,41,1255,0.059326171875,6304,0.0004092704424510632,0.42645725328475237,0.2,-0.008794979919912294,0.02928750403225422,0.4644935131072998,0.015206752,0.9713693261146545,-42.83258616924286,-2.4140157499999995,1258.0
202752,102,41,1255,0.274658203125,6320,0.0004092704424510632,0.01809623536246363,0.2,-0.024918987706769258,-0.04241378232836723,-10.714860916137695,0.024769811,0.972396731376648,-42.84412384033203,-2.4116610699999996,1258.0
203264,103,42,1255,0.052978515625,6336,0.0004092704424510632,1.320894606411457,0.2,-0.011028125747543527,0.05117831006646156,0.18161547183990479,0.010313757,0.9728510975837708,-42.87522292137146,-2.4116610699999996,1258.0
203776,104,42,1255,0.286376953125,6352,0.0004092704424510632,0.010768642969196662,0.2,-0.026844977808650583,-0.040281567722558975,-0.6593219041824341,0.02077856,0.9740226864814758,-42.888373255729675,-2.4116610699999996,1258.0
204288,105,42,1255,0.1522216796875,6368,0.0004092704424510632,0.23186619114130735,0.2,-0.017822634094045497,0.044265758246183395,0.5958691835403442,0.015071397,0.9740563631057739,-42.90878939628601,-2.4080569599999997,1258.0
204800,106,43,1255,0.3492431640625,6384,0.0004092704424510632,0.10788572161982302,0.2,-0.027550164973945357,-0.029219040647149086,0.890062689781189,0.044006646,0.9728029370307922,-42.88152098655701,-2.4080569599999997,1258.0
205312,107,43,1255,0.293212890625,6400,0.0004092704424510632,0.0057028634182643145,0.2,-0.02145018067676574,-0.026841377839446068,-7.295682907104492,0.021514226,0.9735773205757141,-42.86215090751648,-2.40567463,1258.0
205824,108,44,1255,0.0146484375,6416,0.0004092704424510632,1.0020040324889123,0.2,-0.003606046950153541,0.17676231265068054,0.2649323344230652,0.006781802,0.9739681482315063,-42.892815947532654,-2.40567463,1258.0
206336,109,44,1255,0.24365234375,6432,0.0004092704424510632,0.020257662399671972,0.2,-0.021553876154939644,-0.03156079724431038,-5.534042835235596,0.019661054,0.9741957187652588,-42.89501357078552,-2.40415123,1258.0
206848,110,44,1255,0.00830078125,6448,0.0004092704424510632,1.4368582968600094,0.2,-0.00491278604749823,0.19514073431491852,0.1830751895904541,0.004741133,0.974392294883728,-42.90063560009003,-2.40415123,1258.0
207360,111,45,1255,0.221923828125,6464,0.0004092704424510632,0.0025166602681565564,0.2,-0.025495836831396446,-0.0316116102039814,-0.3646296262741089,0.014433717,0.9718196392059326,-42.86866211891174,-2.40415123,1258.0
207872,112,45,1255,0.259033203125,6480,0.0004092704424510632,0.0025176241906592622,0.2,-0.023761892909533344,-0.034793294966220856,-0.5243581533432007,0.01826987,0.9726466536521912,-42.81892001628876,-2.40360654,1258.0
208384,113,46,1254,0.0689697265625,6496,0.0004092704424510632,1.1480375584214926,0.2,-0.010717851953813806,0.07771345973014832,0.41413605213165283,0.009409122,0.9731555581092834,-42.85072159767151,-2.40360654,1258.0
208896,114,46,1254,0.251220703125,6512,0.0004092704424510632,0.0287029170722235,0.2,-0.020444121008040383,-0.016374409198760986,-6.100518703460693,0.026520606,0.9729587435722351,-42.84562265872955,-2.4035395000000004,1258.0
209408,115,46,1254,0.0277099609375,6528,0.0004092704424510632,0.9399784049019217,0.2,-0.008812183092231862,0.11937399208545685,0.2506603002548218,0.007624843,0.9728518724441528,-42.84168756008148,-2.4035395000000004,1258.0
209920,116,47,1254,0.2501220703125,6544,0.0004092704424510632,0.013852241623681039,0.2,-0.023668659501709044,-0.032038863748311996,-8.626540184020996,0.021735663,0.9713718295097351,-42.815757513046265,-2.4035395000000004,1258.0
210432,117,47,1254,0.2408447265625,6560,0.0004092704424510632,0.0026801763124240097,0.2,-0.025967426336137578,-0.04031804949045181,-0.0139007568359375,0.015647862,0.9699663519859314,-42.76032900810242,-2.4025537200000007,1258.0
210944,118,48,1254,0.04248046875,6576,0.0004092704424510632,1.0064501273445785,0.2,-0.006959450329304673,0.0654803067445755,0.2363925576210022,0.0074783424,0.9697398543357849,-42.725552797317505,-2.4025537200000007,1258.0
211456,119,48,1254,0.2593994140625,6592,0.0004092704424510632,0.03150699846446514,0.2,-0.02422681740426924,-0.03126909211277962,-6.7020344734191895,0.0275178,0.9695887565612793,-42.7209495306015,-2.3989555800000004,1258.0
211968,120,48,1254,0.0208740234375,6608,0.0004092704424510632,1.1924903215840459,0.2,-0.007143690105294809,0.09374527633190155,0.13698923587799072,0.007636853,0.9697893857955933,-42.71755135059357,-2.3989555800000004,1258.0
212480,121,49,1254,0.254150390625,6624,0.0004092704424510632,0.007652106913155876,0.2,-0.028648034000070766,-0.04393046721816063,-1.1541306972503662,0.01828511,0.9693628549575806,-42.7127925157547,-2.3989555800000004,1258.0
212992,122,49,1254,0.2470703125,6640,0.0004092704424510632,0.00295648929750314,0.2,-0.025190876258420758,-0.03048221953213215,-0.2394939661026001,0.017643068,0.971737802028656,-42.73790895938873,-2.3981415600000004,1258.0
213504,123,50,1254,0.0179443359375,6656,0.0004092704424510632,1.0333968396298587,0.2,-0.005850503584952094,0.06810025870800018,0.43901121616363525,0.005699959,0.9724668860435486,-42.80213785171509,-2.3981415600000004,1258.0
214016,124,50,1254,0.247802734375,6672,0.0004092704424510632,0.029218221869086847,0.2,-0.01902823816635646,-0.03200865909457207,-8.137895584106445,0.020514276,0.9705321192741394,-42.78435981273651,-2.39657913,1258.0
214528,125,51,1254,0.0233154296875,6688,0.0004092704424510632,1.2882046150043607,0.2,-0.00496185984229669,0.15911753475666046,0.16262465715408325,0.006426916,0.9699328541755676,-42.733330488204956,-2.39657913,1258.0
215040,126,51,1254,0.2666015625,6704,0.0004092704424510632,0.004417374337208457,0.2,-0.028501494409283623,-0.0374131016433239,-0.2215181589126587,0.018644327,0.9697398543357849,-42.72472941875458,-2.39657913,1258.0
215552,127,51,1254,0.2962646484375,6720,0.0004092704424510632,0.0090409188560443,0.2,-0.030468649260001257,-0.03596065938472748,0.3366481065750122,0.027240727,0.9703089594841003,-42.721885561943054,-2.39352004,1258.0
216064,128,52,1254,0.0657958984375,6736,0.0004092704424510632,0.6427775900810957,0.2,-0.01683097390923649,0.08813875168561935,0.6368530988693237,0.0136917,0.970405101776123,-42.736583828926086,-2.39352004,1258.0
216576,129,52,1253,0.25927734375,6752,0.0004092704424510632,0.3697915030643344,0.2,-0.028826306268456392,0.10897311568260193,-0.3035041093826294,0.024862863,0.9694057703018188,-42.72505807876587,-2.39307133,1258.0
217088,130,53,1253,0.021240234375,6768,0.0004092704424510632,1.109913408756256,0.2,-0.0031979241175577044,0.37633436918258667,0.7976071834564209,0.006587608,0.9689876437187195,-42.69732165336609,-2.39307133,1258.0
217600,131,53,1253,0.2481689453125,6784,0.0004092704424510632,0.26322617940604687,0.2,-0.023052795571857132,0.09025490283966064,-0.47948503494262695,0.022835394,0.9681243300437927,-42.67756521701813,-2.39307133,1258.0
218112,132,53,1253,0.080322265625,6800,0.0004092704424510632,0.9695999454706907,0.2,-0.015914930670987815,0.34621718525886536,0.7083134651184082,0.01359714,0.967942476272583,-42.65204739570618,-2.38919989,1258.0
218624,133,54,1253,0.315673828125,6816,0.0004092704424510632,0.03924323240062222,0.2,-0.02801713562803343,-0.02272220142185688,0.9890668988227844,0.030049011,0.9673848748207092,-42.64130401611328,-2.38919989,1258.0
219136,134,54,1253,0.249267578125,6832,0.0004092704424510632,0.036380862205987796,0.2,-0.023747224280668888,-0.026051849126815796,-16.681570053100586,0.028374232,0.9685444831848145,-42.6405463218689,-2.3855337899999998,1258.0
219648,135,55,1253,0.014404296875,6848,0.0004092704424510632,1.180114608258009,0.2,-0.006851240977994166,0.13687673211097717,0.13599014282226562,0.00590631,0.9689473509788513,-42.68180191516876,-2.3855337899999998,1258.0
220160,136,55,1253,0.2823486328125,6864,0.0004092704424510632,0.0050507763953646645,0.2,-0.027539496353711,-0.04212794825434685,-0.5458794832229614,0.020334044,0.9672244191169739,-42.65689170360565,-2.3838289,1258.0
220672,137,55,1253,0.0228271484375,6880,0.0004092704424510632,0.865195226855576,0.2,-0.009521795953332912,0.14769786596298218,0.5378610491752625,0.007964155,0.9665859341621399,-42.60814106464386,-2.3838289,1258.0
221184,138,56,1253,0.2340087890625,6896,0.0004092704424510632,0.006203334043675568,0.2,-0.023312578618060797,-0.03149982541799545,-2.953296184539795,0.015816132,0.9664527773857117,-42.59235429763794,-2.3838289,1258.0
221696,139,56,1253,0.3358154296875,6912,0.0004092704424510632,0.0025647391594247892,0.2,-0.031500873825279996,-0.050336189568042755,-0.0754537582397461,0.02762444,0.9687171578407288,-42.61043202877045,-2.38160211,1258.0
222208,140,57,1253,0.076171875,6928,0.0004092704424510632,0.6887479871511459,0.2,-0.012012514300295152,0.06734121590852737,0.45893537998199463,0.010169376,0.969379723072052,-42.65242254734039,-2.38160211,1258.0
222720,141,57,1253,0.3173828125,6944,0.0004092704424510632,0.007235654309624806,0.2,-0.025893654048559256,-0.0318571999669075,-2.5861711502075195,0.02396483,0.9712148904800415,-42.677974462509155,-2.38198452,1258.0
223232,142,58,1253,0.0267333984375,6960,0.0004092704424510632,1.127193777821958,0.2,-0.006511690247862134,0.13987544178962708,0.1467992067337036,0.0072335587,0.9715893268585205,-42.72872793674469,-2.38198452,1258.0
223744,143,58,1252,0.2890625,6976,0.0004092704424510632,0.004103476581803989,0.2,-0.028234445489943027,-0.041178446263074875,-0.24235379695892334,0.020227913,0.971618115901947,-42.72222661972046,-2.38198452,1258.0
224256,144,58,1252,0.2801513671875,6992,0.0004092704424510632,0.0016128798033605563,0.2,-0.031646020637708716,-0.042866967618465424,-0.8246680498123169,0.023362298,0.9714502096176147,-42.71793496608734,-2.3796938299999995,1258.0
224768,145,59,1252,0.035400390625,7008,0.0004092704424510632,0.6908642873167992,0.2,-0.008901707609766163,0.07988560944795609,0.46709108352661133,0.0076907948,0.9713845252990723,-42.71197557449341,-2.3796938299999995,1258.0
225280,146,59,1252,0.3179931640625,7024,0.0004092704424510632,0.01008648493734654,0.2,-0.02949041160172783,-0.04106724262237549,-5.167022705078125,0.025202654,0.9710715413093567,-42.70623850822449,-2.3762156399999994,1258.0
225792,147,60,1252,0.0146484375,7040,0.0004092704424510632,1.414790456648916,0.2,-0.005922248077695258,0.15608736872673035,0.20672261714935303,0.005184983,0.97107994556427,-42.70304596424103,-2.3762156399999994,1258.0
226304,1,0,4096,0.2735595703125,7056,0.0004092704424510632,0.005174393278139178,0.2,-0.026258062120177783,-0.03999657928943634,-2.1790928840637207,0.017781131,0.9706948399543762,-42.690765500068665,-2.3762156399999994,1258.0
226816,2,0,1926,0.247314453125,7072,0.0004092704424510632,0.002993482608872,0.2,-0.029575193097116426,-0.03213028237223625,0.0047067999839782715,0.018887062,0.9688811302185059,-42.650944232940674,-2.37349819,1258.0
227328,3,0,1631,0.06396484375,7088,0.0004092704424510632,1.0687070013955235,0.2,-0.00794573528401088,0.10013208538293839,0.1307963728904724,0.007898607,0.9682698845863342,-42.60145175457001,-2.37349819,1258.0
227840,4,1,1511,0.2298583984375,7104,0.0004092704424510632,0.005035591158957686,0.2,-0.025735749979503453,-0.03230180963873863,-1.7059226036071777,0.017103806,0.9666652083396912,-42.57599437236786,-2.3705651399999996,1258.0
228352,5,1,1457,0.0284423828125,7120,0.0004092704424510632,0.7433439320884645,0.2,-0.007071084648487158,0.09648595750331879,0.48916828632354736,0.0060686236,0.9662868976593018,-42.52661740779877,-2.3705651399999996,1258.0
228864,6,2,1418,0.2855224609375,7136,0.0004092704424510632,0.005587527637544554,0.2,-0.029269755206769332,-0.03461000323295593,-2.4597718715667725,0.024265721,0.9655182957649231,-42.51454138755798,-2.3705651399999996,1258.0
229376,7,2,1390,0.22265625,7152,0.0004092704424510632,0.0022455358994193375,0.2,-0.020408751122886315,-0.027357155457139015,0.20108890533447266,0.015461232,0.9656745195388794,-42.493098855018616,-2.36861678,1258.0
229888,8,2,1373,0.029052734375,7168,0.0004092704424510632,0.6915879645384848,0.2,-0.011642724755802192,0.06864191591739655,0.5084994435310364,0.008546859,0.9657853841781616,-42.506476402282715,-2.36861678,1258.0
230400,9,3,1359,0.2613525390625,7184,0.0004092704424510632,0.03653974464396015,0.2,-0.02723320570657961,-0.03725145757198334,-8.807305335998535,0.022806313,0.9659184217453003,-42.51437830924988,-2.36557308,1258.0
230912,10,3,1347,0.05615234375,7200,0.0004092704424510632,1.3146744198165834,0.2,-0.014183751962264068,0.0988353043794632,0.1961205005645752,0.011337015,0.9656231999397278,-42.53003680706024,-2.36557308,1258.0
231424,11,4,1338,0.3536376953125,7216,0.0004092704424510632,0.007822403887985274,0.2,-0.0297482053283602,-0.03170998394489288,-0.7599455118179321,0.03250223,0.9680644273757935,-42.553441286087036,-2.36557308,1258.0
231936,12,4,1331,0.3360595703125,7232,0.0004092704424510632,0.011287608678685501,0.2,-0.03560369246406481,-0.03591763973236084,0.5663566589355469,0.03003195,0.9697855710983276,-42.63128864765167,-2.3614771,1258.0
232448,13,5,1326,0.08837890625,7248,0.0004092704424510632,0.3136998841073364,0.2,-0.008887135307304561,-0.008452396839857101,0.6772188544273376,0.012534131,0.9701365828514099,-42.670361161231995,-2.3614771,1258.0
232960,14,5,1319,0.2081298828125,7264,0.0004092704424510632,0.055997702991589904,0.2,-0.02082543079450261,-0.015110984444618225,-4.549265384674072,0.02243315,0.9740060567855835,-42.71059572696686,-2.3618125500000002,1258.0
233472,15,5,1315,0.0567626953125,7280,0.0004092704424510632,0.7109395982697606,0.2,-0.012620636873180047,0.13186697661876678,0.44985395669937134,0.012760042,0.9756304621696472,-42.82600402832031,-2.3618125500000002,1258.0
233984,16,6,1310,0.2701416015625,7296,0.0004092704424510632,0.006895142461871728,0.2,-0.02276571065885946,-0.022376030683517456,-2.3804378509521484,0.023409724,0.9751838445663452,-42.843024015426636,-2.3618125500000002,1258.0
234496,17,6,1306,0.0982666015625,7312,0.0004092704424510632,0.47302898904308677,0.2,-0.0107232800219208,0.07116618007421494,0.4903915524482727,0.018289514,0.9752913117408752,-42.83782088756561,-2.36051124,1258.0
235008,18,7,1302,0.2769775390625,7328,0.0004092704424510632,0.034093428490450606,0.2,-0.02049710766004864,-0.02105865441262722,0.9404334425926208,0.028138068,0.9768632054328918,-42.86240220069885,-2.36051124,1258.0
235520,19,7,1300,0.265625,7344,0.0004092704424510632,0.006213185151864309,0.2,-0.026712073675298598,-0.03749077767133713,-7.44443416595459,0.02018987,0.9760015606880188,-42.87944793701172,-2.3559968,1258.0
236032,20,7,1297,0.025146484375,7360,0.0004092704424510632,1.594629667699337,0.2,-0.0029895429506723303,0.0803428664803505,0.20739436149597168,0.00533157,0.9752939343452454,-42.84348201751709,-2.3559968,1258.0
236544,21,8,1292,0.29150390625,7376,0.0004092704424510632,0.00555086818349082,0.2,-0.029885391908464953,-0.04825779050588608,-1.3997166156768799,0.024402246,0.9749719500541687,-42.8338223695755,-2.35551404,1258.0
237056,22,8,1290,0.050048828125,7392,0.0004092704424510632,1.2369328439235687,0.2,-0.007771282660542056,0.08220839500427246,0.09993666410446167,0.009112036,0.9746033549308777,-42.81997323036194,-2.35551404,1258.0
237568,23,9,1288,0.241455078125,7408,0.0004092704424510632,0.0034822996822185814,0.2,-0.020593613211531192,-0.02207966148853302,-3.335378646850586,0.02037178,0.9765307307243347,-42.83842122554779,-2.35551404,1258.0
238080,24,9,1286,0.21923828125,7424,0.0004092704424510632,0.002671170426765457,0.2,-0.02228282776195556,-0.02816888317465782,-0.02219867706298828,0.015987583,0.9758926630020142,-42.86635410785675,-2.35244726,1258.0
238592,25,9,1285,0.07080078125,7440,0.0004092704424510632,0.7483077016659081,0.2,-0.008547277429897804,0.08214713633060455,0.4682261347770691,0.011813201,0.975368320941925,-42.84484362602234,-2.35244726,1258.0
239104,26,10,1284,0.2835693359375,7456,0.0004092704424510632,0.009280510959797539,0.2,-0.027852327926666476,-0.03708719089627266,-6.081597805023193,0.018779479,0.9751158356666565,-42.83277380466461,-2.35091847,1258.0
239616,27,10,1283,0.0806884765625,7472,0.0004092704424510632,0.9716203999705613,0.2,-0.008982789026049431,0.07745331525802612,0.25491565465927124,0.010324637,0.9749392867088318,-42.822413086891174,-2.35091847,1258.0
240128,28,11,1282,0.19140625,7488,0.0004092704424510632,0.005075663357274607,0.2,-0.01975658646551892,-0.021157078444957733,-3.626211643218994,0.017561518,0.975230872631073,-42.82358109951019,-2.35091847,1258.0
240640,29,11,1282,0.2138671875,7504,0.0004092704424510632,0.002670019253855571,0.2,-0.022452244462328963,-0.023160375654697418,-0.011770009994506836,0.015712429,0.9762026071548462,-42.83768916130066,-2.35045918,1258.0
241152,30,11,1280,0.009521484375,7520,0.0004092704424510632,1.1783814779482782,0.2,-0.0029205032042227685,0.2156631201505661,0.429876446723938,0.004505179,0.9763914942741394,-42.86014544963837,-2.35045918,1258.0
241664,31,12,1279,0.3173828125,7536,0.0004092704424510632,0.007297144882613793,0.2,-0.034475605498300865,-0.04740086942911148,-2.8222198486328125,0.03378269,0.974655032157898,-42.83535993099213,-2.34706036,1258.0
242176,32,12,1279,0.0283203125,7552,0.0004092704424510632,1.3310601562261581,0.2,-0.012371596872981172,0.10323573648929596,0.4351944923400879,0.007275916,0.9742128849029541,-42.78543817996979,-2.34706036,1258.0
242688,33,13,1279,0.2354736328125,7568,0.0004092704424510632,0.011237037047976628,0.2,-0.01805842501926236,-0.027672691270709038,-4.8747711181640625,0.023209061,0.9714853763580322,-42.74732041358948,-2.34706036,1258.0
243200,34,13,1278,0.2222900390625,7584,0.0004092704424510632,0.0030075087524892297,0.2,-0.026098714995896444,-0.029360227286815643,0.05343812704086304,0.015588839,0.971696674823761,-42.69499051570892,-2.3454401099999997,1258.0
243712,35,14,1277,0.016357421875,7600,0.0004092704424510632,1.0270716748200357,0.2,-0.006643733126111329,0.1409444957971573,0.3409619927406311,0.008021727,0.9719647169113159,-42.70924210548401,-2.3454401099999997,1258.0
244224,36,14,1276,0.23876953125,7616,0.0004092704424510632,0.01014367607422173,0.2,-0.022888887935550883,-0.02484782226383686,-1.842043399810791,0.019551953,0.9743609428405762,-42.74623131752014,-2.34408486,1258.0
244736,37,14,1275,0.0152587890625,7632,0.0004092704424510632,1.371290136128664,0.2,-0.004837888634938281,0.30830952525138855,0.4294685125350952,0.004940852,0.9753066897392273,-42.81638252735138,-2.34408486,1258.0
245248,38,15,1275,0.2703857421875,7648,0.0004092704424510632,0.014080316439503804,0.2,-0.026899000979028642,-0.022849561646580696,-0.10339725017547607,0.020515144,0.9758607149124146,-42.83192706108093,-2.34408486,1258.0
245760,39,15,1274,0.3052978515625,7664,0.0004092704424510632,0.006910353928105906,0.2,-0.031650909018935636,-0.045245733112096786,0.5172204375267029,0.02111762,0.9729270935058594,-42.81132209300995,-2.34153419,1258.0
246272,40,16,1274,0.028564453125,7680,0.0004092704424510632,0.4534244993701577,0.2,-0.011158404522575438,0.04819797724485397,0.6721276044845581,0.010057079,0.9718818664550781,-42.731229305267334,-2.34153419,1258.0
246784,41,16,1273,0.2606201171875,7696,0.0004092704424510632,0.028747519914759323,0.2,-0.0229127999919001,-0.027871370315551758,-11.621756553649902,0.02453878,0.973883330821991,-42.74946916103363,-2.33824253,1258.0
247296,42,16,1273,0.01171875,7712,0.0004092704424510632,1.3216102286241949,0.2,-0.005811630981042981,0.0906454473733902,0.11123907566070557,0.0059836386,0.9745292663574219,-42.8043657541275,-2.33824253,1258.0
247808,43,17,1272,0.3458251953125,7728,0.0004092704424510632,0.009968011625460349,0.2,-0.0312512543896446,-0.03492845222353935,-1.6067123413085938,0.032342356,0.9759719967842102,-42.82361876964569,-2.33824253,1258.0
248320,44,17,1271,0.0894775390625,7744,0.0004092704424510632,0.3985467297025025,0.2,-0.010037816711701453,0.12825633585453033,0.4612686038017273,0.012123024,0.9764364957809448,-42.85885834693909,-2.33630142,1258.0
248832,45,18,1271,0.2781982421875,7760,0.0004092704424510632,0.046972452677437104,0.2,-0.02425873911124654,-0.03533539921045303,0.9522278904914856,0.036596194,0.9747667908668518,-42.84097731113434,-2.33630142,1258.0
249344,46,18,1270,0.2647705078125,7776,0.0004092704424510632,0.004450622283911798,0.2,-0.026203328248811886,-0.03890532627701759,-2.32897686958313,0.02036528,0.9728038907051086,-42.78476893901825,-2.33373308,1258.0
249856,47,18,1269,0.03662109375,7792,0.0004092704424510632,0.8417650195769966,0.2,-0.008225914731156081,0.14982712268829346,0.4390774369239807,0.009073827,0.9724692106246948,-42.74477195739746,-2.33373308,1258.0
250368,48,19,1269,0.2955322265625,7808,0.0004092704424510632,0.006498281305539422,0.2,-0.027333132456988096,-0.03753388300538063,-3.9986038208007812,0.02414202,0.9754610657691956,-42.782528042793274,-2.3340525199999997,1258.0
250880,49,19,1269,0.0733642578125,7824,0.0004092704424510632,1.1816038051620126,0.2,-0.007774316618451849,0.23078066110610962,0.4130880832672119,0.008771434,0.9761841297149658,-42.86443519592285,-2.3340525199999997,1258.0
251392,50,20,1269,0.26123046875,7840,0.0004092704424510632,0.0037674707527912688,0.2,-0.026903841768216807,-0.03294119983911514,-1.1272072792053223,0.020274987,0.9751542806625366,-42.85755407810211,-2.3340525199999997,1258.0
251904,51,20,1268,0.2757568359375,7856,0.0004092704424510632,0.0026385085911897477,0.2,-0.03210152775864117,-0.04290645569562912,-0.25677919387817383,0.01694389,0.9724756479263306,-42.814451456069946,-2.3326601,1258.0
252416,52,20,1268,0.0255126953125,7872,0.0004092704424510632,1.343438120558858,0.2,-0.0009848927293205634,0.09374061226844788,0.43536168336868286,0.0048046755,0.9715943932533264,-42.732638120651245,-2.3326601,1258.0
252928,53,21,1268,0.23583984375,7888,0.0004092704424510632,0.024406075157457963,0.2,-0.02144640774349682,-0.03321105241775513,-7.345383644104004,0.026597762,0.9724372029304504,-42.73154032230377,-2.3346455600000002,1258.0
253440,54,21,1267,0.0316162109375,7904,0.0004092704424510632,1.82146575441584,0.2,-0.009983897005440667,0.17163744568824768,0.21979069709777832,0.008557582,0.972817063331604,-42.759968638420105,-2.3346455600000002,1258.0
253952,55,22,1267,0.271728515625,7920,0.0004092704424510632,0.0043028742948081344,0.2,-0.021023108856752515,-0.01892927475273609,-3.5016589164733887,0.020537645,0.974236249923706,-42.784199595451355,-2.3346455600000002,1258.0
254464,56,22,1266,0.25927734375,7936,0.0004092704424510632,0.002075028467515949,0.2,-0.02332096178724896,-0.02082335203886032,0.002084076404571533,0.01590648,0.9729328155517578,-42.79077923297882,-2.33181036,1258.0
254976,57,23,1266,0.013916015625,7952,0.0004092704424510632,1.7935394658707082,0.2,-0.01152279245434329,0.16398519277572632,0.08390867710113525,0.005863972,0.9726331830024719,-42.757718443870544,-2.33181036,1258.0
255488,58,23,1266,0.26171875,7968,0.0004092704424510632,0.008702595281647518,0.2,-0.02598470171506051,-0.028271736577153206,-5.53823184967041,0.0228131,0.9703986048698425,-42.72508478164673,-2.33052771,1258.0
256000,59,23,1265,0.0152587890625,7984,0.0004092704424510632,1.3925993493758142,0.2,-0.003871307933877688,0.20546415448188782,0.15189599990844727,0.005812251,0.9697333574295044,-42.66143202781677,-2.33052771,1258.0
256512,60,24,1264,0.2803955078125,8000,0.0004092704424510632,0.004724481004814152,0.2,-0.02676004738896154,-0.028441710397601128,-0.10941779613494873,0.021678261,0.9697068929672241,-42.65688514709473,-2.33052771,1258.0
257024,61,24,1264,0.25537109375,8016,0.0004092704424510632,0.003976812746259384,0.2,-0.025917391874827445,-0.04532055929303169,-0.1285489797592163,0.020234078,0.9696594476699829,-42.643022298812866,-2.32763452,1258.0
257536,62,25,1264,0.0433349609375,8032,0.0004092704424510632,1.1871073781512678,0.2,-0.010592124344839249,0.09481312334537506,0.47660595178604126,0.00808276,0.969679594039917,-42.6359748840332,-2.32763452,1258.0
258048,63,25,1263,0.2445068359375,8048,0.0004092704424510632,0.02592777574318461,0.2,-0.021339331375202164,-0.029585067182779312,-6.083626747131348,0.03241638,0.9689593315124512,-42.630457520484924,-2.32417303,1258.0
258560,64,25,1263,0.0072021484375,8064,0.0004092704424510632,1.073723812121898,0.2,-0.003694323037052527,0.12228512763977051,0.2898620367050171,0.0047820276,0.9688594937324524,-42.61603569984436,-2.32417303,1258.0
259072,65,26,1263,0.24169921875,8080,0.0004092704424510632,0.008953303011367097,0.2,-0.021103437204146758,-0.022961493581533432,-5.163228511810303,0.02058065,0.9689127206802368,-42.62208080291748,-2.32417303,1258.0
259584,66,26,1263,0.2181396484375,8096,0.0004092704424510632,0.003227549997973256,0.2,-0.02551511001365725,-0.039441775530576706,0.0768965482711792,0.016744489,0.9677323698997498,-42.61578369140625,-2.32294686,1258.0
260096,67,27,1263,0.02978515625,8112,0.0004092704424510632,0.9085396230220795,0.2,-0.008406294320593588,0.15090304613113403,0.4009110927581787,0.009206984,0.9673541188240051,-42.58578956127167,-2.32294686,1258.0
260608,68,27,1263,0.2763671875,8128,0.0004092704424510632,0.008847419216181152,0.2,-0.025331526034278795,-0.03279248625040054,-4.991960048675537,0.03022446,0.9684252142906189,-42.595598220825195,-2.3210104400000002,1258.0
261120,69,27,1263,0.042724609375,8144,0.0004092704424510632,1.0252615804784,0.2,-0.012009627564111724,0.08097819238901138,0.28694164752960205,0.009786315,0.9685741662979126,-42.617849588394165,-2.3210104400000002,1258.0
261632,70,28,1263,0.2938232421875,8160,0.0004092704424510632,0.027678952261339873,0.2,-0.02824180736206472,-0.023692812770605087,-0.3823873996734619,0.02955765,0.9688655734062195,-42.61991572380066,-2.3210104400000002,1258.0
262144,71,28,1262,0.058349609375,8176,0.0004092704424510632,0.4747087340801954,0.2,-0.009685296048701275,0.12514889240264893,0.6444145441055298,0.010371888,0.9688209295272827,-42.62561357021332,-2.31963542,1258.0
262656,72,29,1262,0.2225341796875,8192,0.0004092704424510632,0.07385016971966252,0.2,-0.022118147593573667,-0.036821044981479645,0.9619518518447876,0.033960767,0.9668129086494446,-42.59938383102417,-2.31963542,1258.0
263168,73,29,1262,0.23681640625,8208,0.0004092704424510632,0.021050277835456654,0.2,-0.021249503100989386,-0.029285673052072525,-13.977925300598145,0.029092051,0.965961754322052,-42.53392171859741,-2.32133946,1258.0
263680,74,30,1261,0.0625,8224,0.0004092704424510632,1.859673005528748,0.2,-0.012042991205817088,0.3255451023578644,0.08977264165878296,0.010730684,0.9657460451126099,-42.519819378852844,-2.32133946,1258.0
264192,75,30,1262,0.29833984375,8240,0.0004092704424510632,0.012936779530718923,0.2,-0.024146504583768547,-0.02935856394469738,-2.604607105255127,0.027693357,0.9659689664840698,-42.5203195810318,-2.3183333499999996,1258.0
264704,76,30,1261,0.038330078125,8256,0.0004092704424510632,2.161510999314487,0.2,-0.007957098772749305,0.22856810688972473,0.08518785238265991,0.007196565,0.966214120388031,-42.53890669345856,-2.3183333499999996,1258.0
265216,77,31,1261,0.2677001953125,8272,0.0004092704424510632,0.0032682908640708774,0.2,-0.02674727694829926,-0.029536975547671318,-1.9471690654754639,0.018187892,0.9652280211448669,-42.52954626083374,-2.3183333499999996,1258.0
265728,78,31,1261,0.269775390625,8288,0.0004092704424510632,0.002519437275623204,0.2,-0.026900407945504412,-0.03520529344677925,0.04261744022369385,0.020532362,0.9629145264625549,-42.48649179935455,-2.31733355,1258.0
266240,79,32,1261,0.039794921875,8304,0.0004092704424510632,1.358388575259596,0.2,-0.003998877000412904,0.07610880583524704,0.43022996187210083,0.008363948,0.9619289040565491,-42.43148469924927,-2.31733355,1258.0
266752,80,32,1261,0.336669921875,8320,0.0004092704424510632,0.022587493964238092,0.2,-0.026032166060758755,-0.027433978393673897,-6.881546974182129,0.045594513,0.9618236422538757,-42.42084991931915,-2.3194369499999996,1258.0
267264,81,32,1261,0.0159912109375,8336,0.0004092704424510632,1.577369211241603,0.2,-0.005155593098606914,0.2054535150527954,0.2694327235221863,0.0053948034,0.9615806341171265,-42.41083204746246,-2.3194369499999996,1258.0
267776,82,33,1260,0.274658203125,8352,0.0004092704424510632,0.008090249917586334,0.2,-0.02074464452743996,-0.03575906157493591,0.26372939348220825,0.027383704,0.9604097008705139,-42.389081597328186,-2.3194369499999996,1258.0
268288,83,33,1260,0.3316650390625,8368,0.0004092704424510632,0.0033875414592330344,0.2,-0.02524826960870996,-0.035079170018434525,-6.214131832122803,0.03753153,0.9602166414260864,-42.35675656795502,-2.3183836600000003,1258.0
268800,84,34,1259,0.0423583984375,8384,0.0004092704424510632,1.0588751169852912,0.2,-0.008533404492482077,0.11841584742069244,0.36711668968200684,0.010148152,0.9604712724685669,-42.36886024475098,-2.3183836600000003,1258.0
269312,85,34,1260,0.2899169921875,8400,0.0004092704424510632,0.034327895555179566,0.2,-0.022005308070220053,-0.02784779667854309,-7.887290954589844,0.0343728,0.9632014632225037,-42.39880442619324,-2.31595633,1258.0
269824,86,34,1259,0.0556640625,8416,0.0004092704424510632,1.4829291524365544,0.2,-0.008951666859502438,0.1946033239364624,0.2800254225730896,0.00854167,0.9647135734558105,-42.48993635177612,-2.31595633,1258.0
270336,87,35,1259,0.3173828125,8432,0.0004092704424510632,0.004853095466387458,0.2,-0.03185953653883189,-0.045316100120544434,-0.2731761932373047,0.025530085,0.9655121564865112,-42.52105760574341,-2.31595633,1258.0
270848,88,35,1259,0.2652587890625,8448,0.0004092704424510632,0.004094289382919669,0.2,-0.027599331180681475,-0.032541774213314056,-0.17526865005493164,0.019637246,0.9651504755020142,-42.53934860229492,-2.31789052,1258.0
271360,89,36,1259,0.0506591796875,8464,0.0004092704424510632,0.8895733850076795,0.2,-0.012613516708370298,0.09284285455942154,0.49003273248672485,0.011882171,0.9647814631462097,-42.52238869667053,-2.31789052,1258.0
271872,90,36,1259,0.321533203125,8480,0.0004092704424510632,0.012977019214304164,0.2,-0.026178201340371743,-0.03286181390285492,-7.2651519775390625,0.04283468,0.9689517021179199,-42.574113965034485,-2.31648339,1258.0
272384,91,36,1259,0.032958984375,8496,0.0004092704424510632,1.4465147536247969,0.2,-0.002457084206980653,0.2280857414007187,0.16786062717437744,0.0061084405,0.9701981544494629,-42.68712663650513,-2.31648339,1258.0
272896,92,37,1259,0.2235107421875,8512,0.0004092704424510632,0.004369709538877942,0.2,-0.025214205641532317,-0.035998664796352386,-0.18134069442749023,0.019826557,0.9704315662384033,-42.70295250415802,-2.31648339,1258.0
273408,93,37,1259,0.23779296875,8528,0.0004092704424510632,0.0031024681411508936,0.2,-0.02200230296875816,-0.02852575294673443,0.03389561176300049,0.019823164,0.9686805605888367,-42.69221580028534,-2.31386644,1258.0
273920,94,38,1259,0.033203125,8544,0.0004092704424510632,0.780977884773165,0.2,-0.010501254284463357,0.03870391845703125,0.5043661594390869,0.008330124,0.967918336391449,-42.64220178127289,-2.31386644,1258.0
274432,95,38,1259,0.280029296875,8560,0.0004092704424510632,0.013196117201005109,0.2,-0.024136183666996658,-0.03174097090959549,-10.760547637939453,0.025682312,0.9679900407791138,-42.63805675506592,-2.3138129900000006,1258.0
274944,96,39,1259,0.051025390625,8576,0.0004092704424510632,2.1519325193949044,0.2,-0.008451666275504977,0.45127201080322266,0.1149250864982605,0.009123081,0.9680463671684265,-42.644575119018555,-2.3138129900000006,1258.0
275456,97,39,1259,0.290771484375,8592,0.0004092704424510632,0.011613067545113154,0.2,-0.02926080915494822,-0.03326926752924919,-5.3317718505859375,0.021035543,0.9670204520225525,-42.633458852767944,-2.3138129900000006,1258.0
275968,98,39,1258,0.2803955078125,8608,0.0004092704424510632,0.0035595742156147026,0.2,-0.027668539638398215,-0.039772577583789825,0.19457274675369263,0.019416783,0.9637429118156433,-42.58377742767334,-2.31381395,1258.0
276480,99,40,1258,0.1085205078125,8624,0.0004092704424510632,0.5450424498412758,0.2,-0.019137339389999397,-0.001660611480474472,0.3453001379966736,0.020206403,0.9627746939659119,-42.50327444076538,-2.31381395,1258.0
276992,100,40,1258,0.29296875,8640,0.0004092704424510632,0.022703365015331656,0.2,-0.02749797989963554,-0.021012375131249428,-2.701216697692871,0.02396247,0.9637329578399658,-42.50557804107666,-2.31395207,1258.0
277504,101,41,1258,0.02978515625,8656,0.0004092704424510632,1.2659198548644781,0.2,-0.004742114906548522,0.10277999937534332,0.4073331356048584,0.0065047224,0.9639958143234253,-42.52450346946716,-2.31395207,1258.0
278016,102,41,1258,0.2945556640625,8672,0.0004092704424510632,0.025936816033208743,0.2,-0.023604424903169274,-0.0244597215205431,-5.932722091674805,0.041392222,0.964153528213501,-42.528639793395996,-2.31395207,1258.0
278528,103,41,1258,0.2572021484375,8688,0.0004092704424510632,0.3422866463661194,0.2,-0.024900008545955643,0.1284162700176239,0.43907684087753296,0.024494253,0.9625365734100342,-42.509408354759216,-2.3133885100000002,1258.0
279040,104,42,1258,0.1661376953125,8704,0.0004092704424510632,0.05505594836722594,0.2,-0.01198731678596232,-0.014734532684087753,0.3852085471153259,0.02084899,0.9625213742256165,-42.469932317733765,-2.3133885100000002,1258.0
279552,105,42,1258,0.256103515625,8720,0.0004092704424510632,0.012910908582853153,0.2,-0.02166498577571474,-0.024624213576316833,-6.241574764251709,0.02089461,0.9650250673294067,-42.51564145088196,-2.31121732,1258.0
280064,106,43,1258,0.0572509765625,8736,0.0004092704424510632,1.475402801297605,0.2,-0.00671432628587354,0.24100664258003235,0.12510377168655396,0.0075115515,0.9659473299980164,-42.580517530441284,-2.31121732,1258.0
280576,107,43,1258,0.233642578125,8752,0.0004092704424510632,0.0039533952658530325,0.2,-0.025374941964400932,-0.015738440677523613,-0.2799924612045288,0.018701777,0.9666107296943665,-42.595911741256714,-2.3087250800000003,1258.0
281088,108,43,1258,0.02197265625,8768,0.0004092704424510632,1.1311509981751442,0.2,-0.008066789960139431,0.15094760060310364,0.5479969382286072,0.006631558,0.9669182896614075,-42.604214787483215,-2.3087250800000003,1258.0
281600,109,44,1258,0.25927734375,8784,0.0004092704424510632,0.02157141431234777,0.2,-0.02685671061044559,-0.02832193486392498,-0.7360666990280151,0.022020532,0.9665188193321228,-42.59971213340759,-2.3087250800000003,1258.0
282112,110,44,1258,0.36572265625,8800,0.0004092704424510632,0.003056559038668638,0.2,-0.03650844928051811,-0.03486563637852669,-0.3851003646850586,0.04173564,0.965628981590271,-42.5782790184021,-2.30698909,1258.0
282624,111,45,1258,0.0423583984375,8816,0.0004092704424510632,1.4305875361897051,0.2,-0.006976048287469894,0.13642382621765137,0.49679386615753174,0.007199647,0.9654514789581299,-42.563417077064514,-2.30698909,1258.0
283136,112,45,1257,0.2540283203125,8832,0.0004092704424510632,0.006470286825788207,0.2,-0.021493150590686128,-0.033265046775341034,-3.5320048332214355,0.020873025,0.9645476937294006,-42.54821240901947,-2.30722753,1258.0
283648,113,46,1257,0.065673828125,8848,0.0004092704424510632,1.3475437220185995,0.2,-0.012441759172361344,0.22093389928340912,0.12282228469848633,0.011084406,0.9643751382827759,-42.5234249830246,-2.30722753,1258.0
284160,114,46,1257,0.2633056640625,8864,0.0004092704424510632,0.004361623759905342,0.2,-0.028864300809800625,-0.03755710646510124,-0.0848618745803833,0.014958524,0.966192901134491,-42.549076557159424,-2.30722753,1258.0
284672,115,46,1257,0.2154541015625,8880,0.0004092704424510632,0.002819223198457621,0.2,-0.022082594223320484,-0.019959045574069023,-0.32410943508148193,0.015993187,0.9690967798233032,-42.63617777824402,-2.3085166599999996,1258.0
285184,116,47,1257,0.0179443359375,8896,0.0004092704424510632,1.201271262485534,0.2,-0.00635452005371917,0.08568743616342545,0.47910964488983154,0.008531757,0.9698424935340881,-42.70208656787872,-2.3085166599999996,1258.0
285696,117,47,1257,0.274658203125,8912,0.0004092704424510632,0.023607097478816286,0.2,-0.025563629664247856,-0.016695352271199226,-5.102975845336914,0.026193969,0.9721805453300476,-42.735448360443115,-2.3030519299999996,1258.0
286208,118,48,1257,0.05078125,8928,0.0004092704424510632,1.4199115252122283,0.2,-0.009039361866598483,0.09008105099201202,0.2528862953186035,0.010520786,0.9728801846504211,-42.78720831871033,-2.3030519299999996,1258.0
286720,119,48,1257,0.29248046875,8944,0.0004092704424510632,0.004506522156589199,0.2,-0.030063048820011318,-0.03575240075588226,-0.6410884857177734,0.026960908,0.9722697734832764,-42.78183841705322,-2.3030519299999996,1258.0
287232,120,48,1257,0.202392578125,8960,0.0004092704424510632,0.0028823537613789085,0.2,-0.02383967708738055,-0.038037192076444626,0.05003267526626587,0.012851629,0.9751715064048767,-42.800074338912964,-2.30342016,1258.0
287744,121,49,1257,0.032958984375,8976,0.0004092704424510632,0.9578676344826818,0.2,-0.009289642264775466,0.08438222855329514,0.37446296215057373,0.0110024735,0.976108193397522,-42.87117540836334,-2.30342016,1258.0
288256,122,49,1257,0.2803955078125,8992,0.0004092704424510632,0.017974672926357016,0.2,-0.02598798889084719,-0.030091140419244766,-8.41431999206543,0.03382771,0.975533664226532,-42.87332332134247,-2.30384379,1258.0
288768,123,50,1257,0.0318603515625,9008,0.0004092704424510632,1.7209116602316499,0.2,-0.0032635059615131468,0.12566469609737396,0.23536789417266846,0.005990451,0.9754331707954407,-42.865519642829895,-2.30384379,1258.0
289280,124,50,1257,0.2310791015625,9024,0.0004092704424510632,0.013878253172151744,0.2,-0.022499455997603945,-0.033759765326976776,-0.4081963300704956,0.0165007,0.9778098464012146,-42.89863109588623,-2.30384379,1258.0
289792,125,50,1257,0.2392578125,9040,0.0004092704424510632,0.004388116787595209,0.2,-0.02842516623059055,-0.027960041537880898,0.04297727346420288,0.017306287,0.9752331972122192,-42.91721200942993,-2.30436919,1258.0
290304,126,51,1257,0.020263671875,9056,0.0004092704424510632,0.9596321315038949,0.2,-0.01036524232767988,0.060716524720191956,0.15794456005096436,0.008175388,0.9739116430282593,-42.83401608467102,-2.30436919,1258.0
290816,127,51,1257,0.254150390625,9072,0.0004092704424510632,0.004935995821142569,0.2,-0.025650108960689977,-0.030283497646450996,-2.681485176086426,0.020409815,0.9760550856590271,-42.84333097934723,-2.3005962200000005,1258.0
291328,128,52,1257,0.05517578125,9088,0.0004092704424510632,1.2088373452425003,0.2,-0.008136232587276027,0.2171822488307953,0.38340896368026733,0.00899839,0.9770452976226807,-42.9176664352417,-2.3005962200000005,1258.0
291840,129,52,1257,0.2969970703125,9104,0.0004092704424510632,0.006915009536896832,0.2,-0.023714463517535478,-0.021087143570184708,-1.678898811340332,0.03683312,0.9789955615997314,-42.95365846157074,-2.3005962200000005,1258.0
292352,130,52,1257,0.02734375,9120,0.0004092704424510632,0.4456542143598199,0.2,-0.007153127575293183,0.07667561620473862,0.3798220157623291,0.007944351,0.9799087643623352,-43.00960421562195,-2.29713294,1258.0
292864,131,53,1257,0.245849609375,9136,0.0004092704424510632,0.08319065222895006,0.2,-0.021078780031530187,-0.02511010132730007,0.9190800786018372,0.025677504,0.981606125831604,-43.04086530208588,-2.29713294,1258.0
293376,132,53,1257,0.31103515625,9152,0.0004092704424510632,0.004531698054051958,0.2,-0.031053398677613586,-0.04304448887705803,-2.3705523014068604,0.023679473,0.9823448061943054,-43.081456899642944,-2.2990159599999997,1258.0
293888,133,54,1257,0.01416015625,9168,0.0004092704424510632,1.6420301999896765,0.2,-0.0014005880075274035,0.255259245634079,0.4289504289627075,0.005778408,0.9824661016464233,-43.09340190887451,-2.2990159599999997,1258.0
294400,134,54,1257,0.2569580078125,9184,0.0004092704424510632,0.004458771480130963,0.2,-0.023445720522431657,-0.04041013494133949,-3.2423830032348633,0.01944524,0.9796100854873657,-43.05606830120087,-2.2996056999999994,1258.0
294912,135,54,1257,0.0069580078125,9200,0.0004092704424510632,1.4217805583029985,0.2,-0.003040899806364905,0.11739252507686615,0.3802310824394226,0.004342852,0.978765606880188,-42.97726058959961,-2.2996056999999994,1258.0
295424,136,55,1257,0.301513671875,9216,0.0004092704424510632,0.007318460731767118,0.2,-0.03209260728908703,-0.04493626207113266,-1.302600622177124,0.0299167,0.9771854877471924,-42.951098799705505,-2.2996056999999994,1258.0
295936,137,55,1256,0.2969970703125,9232,0.0004092704424510632,0.0028246984838915523,0.2,-0.032776828898931853,-0.051890235394239426,-0.022838473320007324,0.023780204,0.9755041599273682,-42.90367579460144,-2.30040501,1258.0
296448,138,56,1256,0.0120849609375,9248,0.0004092704424510632,1.3896921183913946,0.2,-0.0046288044468383305,0.1290620118379593,0.45037949085235596,0.005131025,0.9749934077262878,-42.86721634864807,-2.30040501,1258.0
296960,139,56,1256,0.2947998046875,9264,0.0004092704424510632,0.03509447645046748,0.2,-0.027672015596181154,-0.027080770581960678,-7.117218017578125,0.03296479,0.9759949445724487,-42.874326944351196,-2.3019603399999995,1258.0
297472,140,57,1256,0.057861328125,9280,0.0004092704424510632,1.8918719068169594,0.2,-0.0022297529721981846,0.288210391998291,0.24673599004745483,0.0074009188,0.9763060808181763,-42.89177215099335,-2.3019603399999995,1258.0
297984,141,57,1256,0.280517578125,9296,0.0004092704424510632,0.007155422717914917,0.2,-0.02649296233721543,-0.031547773629426956,-3.927804470062256,0.025674883,0.9773849248886108,-42.91020631790161,-2.3019603399999995,1258.0
298496,142,57,1256,0.180419921875,9312,0.0004092704424510632,0.002578297528089024,0.2,-0.022388444311218336,-0.03553085774183273,0.001346886157989502,0.013985898,0.9741514325141907,-42.902573585510254,-2.30339118,1258.0
299008,143,58,1256,0.030517578125,9328,0.0004092704424510632,2.0158619405701756,0.2,-0.007100537943188101,0.2798267602920532,0.09557592868804932,0.006869178,0.9728291034698486,-42.798662066459656,-2.30339118,1258.0
299520,144,58,1256,0.27392578125,9344,0.0004092704424510632,0.016798952274257317,0.2,-0.024381057533901185,-0.027324825525283813,-9.200077056884766,0.028074395,0.9723581671714783,-42.77646744251251,-2.30158267,1258.0
300032,145,59,1256,0.0435791015625,9360,0.0004092704424510632,2.094678095076233,0.2,-0.011739144931198098,0.09145300090312958,0.14897286891937256,0.010211027,0.9721970558166504,-42.755916357040405,-2.30158267,1258.0
300544,146,59,1256,0.302490234375,9376,0.0004092704424510632,0.008468543586786836,0.2,-0.028325513849267736,-0.04461625963449478,-0.7872518301010132,0.025026405,0.973667323589325,-42.76846945285797,-2.30158267,1258.0
301056,147,59,1256,0.2274169921875,9392,0.0004092704424510632,0.004111972637474537,0.2,-0.02515241122455336,-0.03474532067775726,-0.0025321245193481445,0.018096155,0.9754042625427246,-42.82034194469452,-2.3019528,1258.0
