time/total_timesteps,time/fps,time/iterations,time/time_elapsed,train/policy_gradient_loss,train/loss,train/clip_range,train/std,train/value_loss,train/clip_fraction,train/n_updates,train/learning_rate,train/entropy_loss,train/approx_kl,train/explained_variance,rollout/ep_rew_mean,rollout/ep_len_mean
512,4219,1,0,,,,,,,,,,,,,
1024,1987,2,0,-0.03138114791363478,-0.03874794766306877,0.2,0.9987809062004089,0.20132641387317562,0.27490234375,16,0.0004092704424510632,-43.967280983924866,0.020975433,-0.608781099319458,,
1536,1694,3,0,-0.02738744267844595,-0.03682751581072807,0.2,0.9998246431350708,0.005232144118053839,0.2999267578125,32,0.0004092704424510632,-43.96098446846008,0.020485938,-0.005670905113220215,-2.934187,1258.0
2048,1575,4,1,-0.02633739629527554,-0.029417989775538445,0.2,0.9995887279510498,0.014490706118522212,0.252197265625,48,0.0004092704424510632,-43.98118305206299,0.013426647,0.007672667503356934,-2.934187,1258.0
2560,1512,5,1,-0.02889018674613908,-0.035868749022483826,0.2,1.000654697418213,0.005820591555675492,0.26611328125,64,0.0004092704424510632,-43.98241698741913,0.01918478,0.0059934258460998535,-2.910845,1258.0
3072,1477,6,2,-0.02901607655803673,-0.03172161430120468,0.2,0.9999639987945557,0.023193666886072606,0.298583984375,80,0.0004092704424510632,-44.00073957443237,0.019627348,0.007857024669647217,-2.910845,1258.0
3584,1450,7,2,-0.025343240151414648,-0.026584234088659286,0.2,0.9992024898529053,0.007634211826371029,0.25048828125,96,0.0004092704424510632,-43.96599316596985,0.01787674,-0.0021970272064208984,-2.910845,1258.0
4096,1429,8,2,-0.02809432818321511,-0.030563583597540855,0.2,0.9983164072036743,0.0022463992499979213,0.2435302734375,112,0.0004092704424510632,-43.94349646568298,0.016045637,0.03453505039215088,-2.86566,1258.0
4608,1414,9,3,-0.030895398696884513,-0.024918125942349434,0.2,0.9997209906578064,0.03629674360854551,0.3233642578125,128,0.0004092704424510632,-43.94647717475891,0.026264627,0.009620606899261475,-2.86566,1258.0
5120,1394,10,3,-0.027000910871720407,-0.03572428226470947,0.2,0.9986339807510376,0.004470155567105394,0.2716064453125,144,0.0004092704424510632,-43.965941429138184,0.01899106,0.33631211519241333,-2.86197225,1258.0
5632,1376,11,4,-0.016799337085103616,0.005750487558543682,0.2,0.9945812225341797,0.042961046448908746,0.1685791015625,160,0.0004092704424510632,-43.87737286090851,0.012817684,0.09301137924194336,-2.86197225,1258.0
6144,1359,12,4,-0.03017500357236713,-0.05409596487879753,0.2,0.9926400780677795,0.003945779284549644,0.2425537109375,176,0.0004092704424510632,-43.77276837825775,0.022595521,0.38375651836395264,-2.86197225,1258.0
6656,1353,13,4,-0.020594481771695428,-0.01734105683863163,0.2,0.9915161728858948,0.0029551734442065936,0.1922607421875,192,0.0004092704424510632,-43.73044490814209,0.01398378,0.27291417121887207,-2.8484132,1258.0
7168,1348,14,5,-0.030696645670104772,-0.03028755821287632,0.2,0.9910522103309631,0.04575657087843865,0.293701171875,208,0.0004092704424510632,-43.70008206367493,0.03260649,0.10847395658493042,-2.8484132,1258.0
7680,1344,15,5,-0.02493365622649435,-0.030462104827165604,0.2,0.9908471703529358,0.006236863468075171,0.280029296875,224,0.0004092704424510632,-43.691516399383545,0.02126884,0.14282816648483276,-2.804740333333333,1258.0
8192,1340,16,6,-0.021889749070396647,-0.02061854861676693,0.2,0.9883840084075928,0.05438573798164725,0.2265625,240,0.0004092704424510632,-43.65516209602356,0.015825495,0.23998814821243286,-2.804740333333333,1258.0
8704,1339,17,6,-0.02737277516280301,-0.03939557820558548,0.2,0.989187479019165,0.00673514590744162,0.2818603515625,256,0.0004092704424510632,-43.61058068275452,0.021468496,0.2767401933670044,-2.804740333333333,1258.0
9216,1337,18,6,-0.027754037073464133,-0.04456662759184837,0.2,0.9902790784835815,0.003012255678186193,0.2469482421875,272,0.0004092704424510632,-43.653533577919006,0.018065562,0.14461225271224976,-2.810228,1258.0
9728,1334,19,7,-0.02392268278345,-0.019867083057761192,0.2,0.9921836853027344,0.05444656644249335,0.253662109375,288,0.0004092704424510632,-43.69336128234863,0.022424262,0.13015294075012207,-2.810228,1258.0
10240,1333,20,7,-0.02383904327871278,-0.03215013071894646,0.2,0.993737518787384,0.011761676665628329,0.2042236328125,304,0.0004092704424510632,-43.74447822570801,0.016719744,-1.1294448375701904,-2.8229945,1258.0
10752,1331,21,8,-0.025711655893246643,-0.0014859791845083237,0.2,0.991425096988678,0.058421221445314586,0.2728271484375,320,0.0004092704424510632,-43.74794888496399,0.021591198,0.24706655740737915,-2.8229945,1258.0
11264,1330,22,8,-0.02658562973374501,-0.03927210345864296,0.2,0.9916165471076965,0.006160870572784916,0.2469482421875,336,0.0004092704424510632,-43.68613159656525,0.02352168,-0.20440459251403809,-2.8229945,1258.0
11776,1329,23,8,-0.020748583221575245,-0.037803590297698975,0.2,0.9921492338180542,0.0042849636665778235,0.1864013671875,352,0.0004092704424510632,-43.71009016036987,0.015756182,-0.00888967514038086,-2.810919,1258.0
12288,1327,24,9,-0.027400872204452753,-0.022473106160759926,0.2,0.9931308031082153,0.06209302099887282,0.258056640625,368,0.0004092704424510632,-43.730934500694275,0.026674617,0.09560692310333252,-2.810919,1258.0
12800,1327,25,9,-0.0313867770601064,-0.047576360404491425,0.2,0.9936639070510864,0.006378990859957412,0.308349609375,384,0.0004092704424510632,-43.75488066673279,0.024596348,-1.3540973663330078,-2.7937514,1258.0
13312,1322,26,10,-0.025188777115545236,-0.005423089489340782,0.2,0.9932172298431396,0.06838750152383,0.2786865234375,400,0.0004092704424510632,-43.75936532020569,0.023191938,0.15089374780654907,-2.7937514,1258.0
13824,1321,27,10,-0.02412315711262636,-0.024552108719944954,0.2,0.992473840713501,0.01126997679239139,0.22265625,416,0.0004092704424510632,-43.73836433887482,0.0176588,-0.030207514762878418,-2.7937514,1258.0
14336,1320,28,10,-0.02554820547811687,-0.03197002783417702,0.2,0.9927837252616882,0.01138225625618361,0.266845703125,432,0.0004092704424510632,-43.72662055492401,0.018121103,0.5550729036331177,-2.792314727272727,1258.0
14848,1320,29,11,-0.02148528627003543,-0.015789886936545372,0.2,0.9919960498809814,0.03257565348758362,0.2335205078125,448,0.0004092704424510632,-43.72079086303711,0.016539147,0.49681591987609863,-2.792314727272727,1258.0
15360,1319,30,11,-0.026269433816196397,-0.03769799321889877,0.2,0.9907015562057495,0.008851724560372531,0.2498779296875,464,0.0004092704424510632,-43.68695259094238,0.022933092,-4.09609317779541,-2.7928150833333336,1258.0
15872,1318,31,12,-0.028630013577640057,0.0018359832465648651,0.2,0.9902412295341492,0.10767944052349776,0.2982177734375,480,0.0004092704424510632,-43.655380606651306,0.031249832,0.10058611631393433,-2.7928150833333336,1258.0
16384,1318,32,12,-0.020588810068147723,-0.036925505846738815,0.2,0.9903640151023865,0.00993664751877077,0.1854248046875,496,0.0004092704424510632,-43.64814853668213,0.016278505,-1.318770170211792,-2.7771507692307695,1258.0
16896,1317,33,12,-0.02474920859094709,0.007879670709371567,0.2,0.9897972941398621,0.10084455157630146,0.20068359375,512,0.0004092704424510632,-43.64343726634979,0.02010391,0.17271000146865845,-2.7771507692307695,1258.0
17408,1317,34,13,-0.025200085583492182,-0.03443128615617752,0.2,0.9915398359298706,0.007343039367697202,0.2166748046875,528,0.0004092704424510632,-43.64682447910309,0.015358527,-0.8266042470932007,-2.7771507692307695,1258.0
17920,1317,35,13,-0.02641665472765453,-0.032029446214437485,0.2,0.9903566241264343,0.0028043451602570713,0.2403564453125,544,0.0004092704424510632,-43.67352342605591,0.019060317,0.05149716138839722,-2.791341,1258.0
18432,1315,36,14,-0.02249295957153663,0.0034492872655391693,0.2,0.989688515663147,0.1560645301360637,0.2662353515625,560,0.0004092704424510632,-43.632153272628784,0.023008715,0.02733713388442993,-2.791341,1258.0
18944,1314,37,14,-0.02623109903652221,-0.031141843646764755,0.2,0.9884904026985168,0.01169325242517516,0.2083740234375,576,0.0004092704424510632,-43.61224675178528,0.015760295,-1.195117473602295,-2.7878083333333334,1258.0
19456,1313,38,14,-0.026005121471825987,0.023997057229280472,0.2,0.9872885942459106,0.17401367449201643,0.2506103515625,592,0.0004092704424510632,-43.5682772397995,0.023377031,0.12939518690109253,-2.7878083333333334,1258.0
19968,1313,39,15,-0.026365408761193976,-0.025380704551935196,0.2,0.9874041676521301,0.007986616299604066,0.2568359375,608,0.0004092704424510632,-43.54533553123474,0.021337468,-2.191380262374878,-2.7878083333333334,1258.0
20480,1313,40,15,-0.025258483947254717,-0.04789063706994057,0.2,0.9876627922058105,0.0019233610455557937,0.2254638671875,624,0.0004092704424510632,-43.56506407260895,0.018486671,-0.05739176273345947,-2.78285875,1258.0
20992,1313,41,15,-0.014279663912020624,0.018447857350111008,0.2,0.9869436025619507,0.17871290794573724,0.113525390625,640,0.0004092704424510632,-43.55010628700256,0.011651032,0.12040978670120239,-2.78285875,1258.0
21504,1312,42,16,-0.031971687101759017,-0.03814541548490524,0.2,0.9875922203063965,0.021088682231493294,0.2733154296875,656,0.0004092704424510632,-43.54088878631592,0.02837428,-1.736677646636963,-2.782775705882353,1258.0
22016,1312,43,16,-0.016565860583796166,0.03694554418325424,0.2,0.9882105588912964,0.17863950715400279,0.1072998046875,672,0.0004092704424510632,-43.57145166397095,0.016882692,0.16520875692367554,-2.782775705882353,1258.0
22528,1312,44,17,-0.02365675667533651,-0.03440524637699127,0.2,0.9881958365440369,0.009779434563824907,0.2264404296875,688,0.0004092704424510632,-43.58056342601776,0.020440705,-0.9008257389068604,-2.782775705882353,1258.0
23040,1312,45,17,-0.021646065055392683,-0.03367166966199875,0.2,0.9873775839805603,0.003267557782237418,0.182373046875,704,0.0004092704424510632,-43.572059631347656,0.014897138,0.035055458545684814,-2.7820495,1258.0
23552,1312,46,17,-0.023477367576560937,0.01963290199637413,0.2,0.9872161746025085,0.17803941993042827,0.1480712890625,720,0.0004092704424510632,-43.545923471450806,0.020648845,0.11188173294067383,-2.7820495,1258.0
24064,1312,47,18,-0.02277154194598552,-0.03901795670390129,0.2,0.9863068461418152,0.02775034826481715,0.187744140625,736,0.0004092704424510632,-43.53766417503357,0.017634265,-2.163048505783081,-2.777729052631579,1258.0
24576,1312,48,18,-0.02223514369688928,0.029712669551372528,0.2,0.9861253499984741,0.2003961936570704,0.2408447265625,752,0.0004092704424510632,-43.51255750656128,0.021328516,0.0559617280960083,-2.777729052631579,1258.0
25088,1312,49,19,-0.024558834833442234,-0.03274308890104294,0.2,0.9858629107475281,0.008022286943742074,0.238525390625,768,0.0004092704424510632,-43.507296204566956,0.021906223,-1.924680233001709,-2.777729052631579,1258.0
25600,1311,50,19,-0.021228067838819697,-0.026129620149731636,0.2,0.9851424098014832,0.0028734224069921765,0.209716796875,784,0.0004092704424510632,-43.48853302001953,0.017586704,0.06959450244903564,-2.7844225,1258.0
26112,1311,51,19,-0.01850303004903253,0.03555227816104889,0.2,0.9852333068847656,0.19826986035332084,0.1240234375,800,0.0004092704424510632,-43.478806138038635,0.017192291,0.10524970293045044,-2.7844225,1258.0
26624,1311,52,20,-0.01998822310997639,-0.021400418132543564,0.2,0.9865208864212036,0.022075209039030597,0.169677734375,816,0.0004092704424510632,-43.494938254356384,0.014282612,-3.248260021209717,-2.7902099999999996,1258.0
27136,1310,53,20,-0.02495034836465493,0.020485427230596542,0.2,0.9876807332038879,0.24610003596171737,0.2742919921875,832,0.0004092704424510632,-43.54117226600647,0.024835818,0.021328449249267578,-2.7902099999999996,1258.0
27648,1310,54,21,-0.026876656018430367,-0.03607013076543808,0.2,0.9896126985549927,0.011300146114081144,0.2415771484375,848,0.0004092704424510632,-43.57596147060394,0.020822695,-1.4702987670898438,-2.7902099999999996,1258.0
28160,1311,55,21,-0.02716495307686273,-0.03753113001585007,0.2,0.9911021590232849,0.004612688870111015,0.2525634765625,864,0.0004092704424510632,-43.642345905303955,0.020304091,0.11011272668838501,-2.795453818181818,1258.0
28672,1310,56,21,-0.01790774569963105,0.04819035157561302,0.2,0.990659236907959,0.18419774901121855,0.1732177734375,880,0.0004092704424510632,-43.653480887413025,0.02124213,0.07471907138824463,-2.795453818181818,1258.0
29184,1310,57,22,-0.02188713214127347,-0.024307632818818092,0.2,0.9907087087631226,0.025944805791368708,0.2099609375,896,0.0004092704424510632,-43.641578912734985,0.020050555,-6.337095737457275,-2.7952270434782607,1258.0
29696,1310,58,22,-0.02431069225713145,0.00755772739648819,0.2,0.9905940294265747,0.19580557313747704,0.25244140625,912,0.0004092704424510632,-43.643412828445435,0.017993785,0.03428506851196289,-2.7952270434782607,1258.0
30208,1310,59,23,-0.02600782783702016,-0.030009785667061806,0.2,0.9896673560142517,0.012192104535643011,0.2393798828125,928,0.0004092704424510632,-43.63492679595947,0.020292727,-1.109537124633789,-2.7886002083333334,1258.0
30720,1309,60,23,-0.016643834562273696,0.031591299921274185,0.2,0.9879065752029419,0.15419220551848412,0.104736328125,944,0.0004092704424510632,-43.58465838432312,0.016859682,0.24841123819351196,-2.7886002083333334,1258.0
31232,1309,61,23,-0.02060791636176873,-0.025850754231214523,0.2,0.9882975220680237,0.004372508428787114,0.1849365234375,960,0.0004092704424510632,-43.55794394016266,0.012733768,-5.326444149017334,-2.7886002083333334,1258.0
31744,1309,62,24,-0.02871194129693322,-0.023625412955880165,0.2,0.988231360912323,0.0035145185538567603,0.2938232421875,976,0.0004092704424510632,-43.57025706768036,0.031371713,-0.0363161563873291,-2.79563564,1258.0
32256,1309,63,24,-0.018699448672123253,0.01655254140496254,0.2,0.9883983135223389,0.2321315067820251,0.1319580078125,992,0.0004092704424510632,-43.5639328956604,0.018147483,0.11458462476730347,-2.79563564,1258.0
32768,1309,64,25,-0.029133109172107652,-0.03652944415807724,0.2,0.9882342219352722,0.012549312552437186,0.339111328125,1008,0.0004092704424510632,-43.57028615474701,0.02302735,-1.9898216724395752,-2.7931160769230767,1258.0
33280,1309,65,25,-0.017864345252746716,0.023297172039747238,0.2,0.9878271222114563,0.22801813436672091,0.1224365234375,1024,0.0004092704424510632,-43.55595874786377,0.01812454,0.21416258811950684,-2.7931160769230767,1258.0
33792,1308,66,25,-0.02700914171873592,-0.041615139693021774,0.2,0.9884870648384094,0.01776732130383607,0.2716064453125,1040,0.0004092704424510632,-43.55579900741577,0.027421782,-2.5798609256744385,-2.7931160769230767,1258.0
34304,1308,67,26,-0.02707548116450198,-0.03964678570628166,0.2,0.9909823536872864,0.0026055067537527066,0.2479248046875,1056,0.0004092704424510632,-43.61005425453186,0.01764996,-0.3172096014022827,-2.783994629629629,1258.0
34816,1308,68,26,-0.0164481974352384,0.025308173149824142,0.2,0.9915048480033875,0.252709828549996,0.087646484375,1072,0.0004092704424510632,-43.660396218299866,0.014340688,0.17543655633926392,-2.783994629629629,1258.0
35328,1308,69,26,-0.021949749629129656,-0.024342771619558334,0.2,0.9917428493499756,0.01130751684831921,0.23779296875,1088,0.0004092704424510632,-43.65924096107483,0.018192202,-3.6628427505493164,-2.7837552499999996,1258.0
35840,1308,70,27,-0.016349364683264866,0.05664913356304169,0.2,0.9918728470802307,0.3276110398583114,0.103515625,1104,0.0004092704424510632,-43.67134511470795,0.013032917,0.0525781512260437,-2.7837552499999996,1258.0
36352,1308,71,27,-0.023790881314198487,-0.01902375929057598,0.2,0.9924835562705994,0.009922189274220727,0.259765625,1120,0.0004092704424510632,-43.67675828933716,0.018094238,-4.5723161697387695,-2.7837552499999996,1258.0
36864,1308,72,28,-0.024749462900217623,-0.03901999443769455,0.2,0.9912629127502441,0.002372720784478588,0.2320556640625,1136,0.0004092704424510632,-43.6792653799057,0.01595302,-0.008973956108093262,-2.7800811724137926,1258.0
37376,1308,73,28,-0.01816219257307239,0.07433129101991653,0.2,0.9906346797943115,0.37071256223134696,0.107177734375,1152,0.0004092704424510632,-43.638832092285156,0.016891394,0.08214491605758667,-2.7800811724137926,1258.0
37888,1308,74,28,-0.025199612631695345,-0.03889232501387596,0.2,0.991035521030426,0.01662258230498992,0.260498046875,1168,0.0004092704424510632,-43.6346720457077,0.021578902,-2.604121446609497,-2.7752819,1258.0
38400,1308,75,29,-0.01864366215886548,0.07086021453142166,0.2,0.9910963773727417,0.356369589921087,0.1148681640625,1184,0.0004092704424510632,-43.644906401634216,0.015980355,0.20020270347595215,-2.7752819,1258.0
38912,1308,76,29,-0.03447754328226438,-0.04842929542064667,0.2,0.9914795160293579,0.00823742087231949,0.335205078125,1200,0.0004092704424510632,-43.64985477924347,0.028177502,-5.970276832580566,-2.7752819,1258.0
39424,1307,77,30,-0.028507272654678673,-0.04448315128684044,0.2,0.9916813969612122,0.004207436133583542,0.2763671875,1216,0.0004092704424510632,-43.65707445144653,0.019140564,0.0340312123298645,-2.778856709677419,1258.0
39936,1306,78,30,-0.016841050310176797,0.12321425974369049,0.2,0.9919320344924927,0.4154834558721632,0.089599609375,1232,0.0004092704424510632,-43.66568303108215,0.013582574,0.10659581422805786,-2.778856709677419,1258.0
40448,1306,79,30,-0.027752469082770403,-0.0330970399081707,0.2,0.9944126009941101,0.020460574654862285,0.2806396484375,1248,0.0004092704424510632,-43.698577761650085,0.027147349,-2.4461920261383057,-2.7719373125,1258.0
40960,1306,80,31,-0.011760398585465737,0.13342732191085815,0.2,0.9953440427780151,0.40908363414928317,0.0517578125,1264,0.0004092704424510632,-43.76652133464813,0.011240032,0.23557883501052856,-2.7719373125,1258.0
41472,1306,81,31,-0.020159866398898885,0.010662177577614784,0.2,0.9946855306625366,0.0811521599534899,0.2266845703125,1280,0.0004092704424510632,-43.76538276672363,0.022954289,-0.20495843887329102,-2.7719373125,1258.0
41984,1306,82,32,-0.024567110333009623,-0.014645380899310112,0.2,0.9928270578384399,0.0561203642282635,0.2366943359375,1296,0.0004092704424510632,-43.72763276100159,0.019946767,0.5185480117797852,-2.7667784242424243,1258.0
42496,1306,83,32,-0.022796180506702513,0.012237422168254852,0.2,0.9928923845291138,0.1685718521475792,0.180908203125,1312,0.0004092704424510632,-43.68715500831604,0.020228662,0.7464802861213684,-2.7667784242424243,1258.0
43008,1306,84,32,-0.027707683941116557,-0.03174861520528793,0.2,0.9941343069076538,0.034287946473341435,0.22412109375,1328,0.0004092704424510632,-43.7100944519043,0.026426677,-4.614614486694336,-2.7639230588235293,1258.0
43520,1306,85,33,-0.014464520150795579,0.05631108582019806,0.2,0.9942912459373474,0.461233678041026,0.0706787109375,1344,0.0004092704424510632,-43.73296916484833,0.011872136,0.08489847183227539,-2.7639230588235293,1258.0
44032,1306,86,33,-0.02064947522012517,-0.025844363495707512,0.2,0.994329035282135,0.013703645745408721,0.2178955078125,1360,0.0004092704424510632,-43.73027145862579,0.019908186,-3.0396647453308105,-2.7605049142857143,1258.0
44544,1306,87,34,-0.009274852112866938,0.04464494436979294,0.2,0.9939989447593689,0.4214998669922352,0.0552978515625,1376,0.0004092704424510632,-43.73073732852936,0.012247416,0.13333064317703247,-2.7605049142857143,1258.0
45056,1306,88,34,-0.031778624310391024,-0.043755486607551575,0.2,0.9936460852622986,0.0032423026823380496,0.30029296875,1392,0.0004092704424510632,-43.715898871421814,0.020739518,-5.587111949920654,-2.7605049142857143,1258.0
45568,1306,89,34,-0.03159912972478196,-0.04291529580950737,0.2,0.9915787577629089,0.003986839008575771,0.298583984375,1408,0.0004092704424510632,-43.68541634082794,0.024241382,0.019071996212005615,-2.755407472222222,1258.0
46080,1306,90,35,-0.020867905070190318,0.11328765004873276,0.2,0.9907737374305725,0.4316908782348037,0.11962890625,1424,0.0004092704424510632,-43.629875898361206,0.017262936,0.15272009372711182,-2.755407472222222,1258.0
46592,1306,91,35,-0.01946740499988664,-0.01985427737236023,0.2,0.9938844442367554,0.04340077983215451,0.194091796875,1440,0.0004092704424510632,-43.652369260787964,0.02232561,-4.648876667022705,-2.7515417027027027,1258.0
47104,1306,92,36,-0.010614714759867638,0.06336352229118347,0.2,0.9950585961341858,0.40860583959147334,0.0550537109375,1456,0.0004092704424510632,-43.74163734912872,0.013285895,0.3113531470298767,-2.7515417027027027,1258.0
47616,1306,93,36,-0.02641144003428053,-0.04904063418507576,0.2,0.9931796193122864,0.014068155898712575,0.27197265625,1472,0.0004092704424510632,-43.72601008415222,0.032425497,-5.416137218475342,-2.7515417027027027,1258.0
48128,1306,94,36,-0.020518549405096564,-0.02581573650240898,0.2,0.9930194020271301,0.0029724384876317345,0.21630859375,1488,0.0004092704424510632,-43.68704533576965,0.016051084,-0.006321430206298828,-2.7505892894736843,1258.0
48640,1306,95,37,-0.013357160292798653,0.03492548316717148,0.2,0.9927716255187988,0.5864736344665289,0.0511474609375,1504,0.0004092704424510632,-43.68467879295349,0.011654818,0.07114332914352417,-2.7505892894736843,1258.0
49152,1306,96,37,-0.026439658111485187,-0.025048352777957916,0.2,0.9913133382797241,0.02674497099360451,0.2408447265625,1520,0.0004092704424510632,-43.65629577636719,0.018459585,-4.630838871002197,-2.7477953076923076,1258.0
49664,1306,97,38,-0.017212383332662284,0.09306257218122482,0.2,0.9910770654678345,0.626935894601047,0.0648193359375,1536,0.0004092704424510632,-43.62299418449402,0.0119680185,0.1956859827041626,-2.7477953076923076,1258.0
50176,1306,98,38,-0.02035313635133207,-0.019917046651244164,0.2,0.9908486008644104,0.01286640003672801,0.2227783203125,1552,0.0004092704424510632,-43.61847102642059,0.022847015,-5.650389671325684,-2.7477953076923076,1258.0
50688,1306,99,38,-0.02883011329686269,-0.03441992774605751,0.2,0.9897069334983826,0.004344643930380698,0.266357421875,1568,0.0004092704424510632,-43.590705156326294,0.019819703,-0.012910962104797363,-2.7516768,1258.0
51200,1306,100,39,-0.01296086917136563,0.05871264636516571,0.2,0.9894886612892151,0.484078424051404,0.066162109375,1584,0.0004092704424510632,-43.56244122982025,0.013265515,0.10078483819961548,-2.7516768,1258.0
51712,1306,101,39,-0.020241332167643122,0.0035369545221328735,0.2,0.9897951483726501,0.06384873227216303,0.2120361328125,1600,0.0004092704424510632,-43.56420922279358,0.015431801,-1.8136646747589111,-2.754429975609756,1258.0
52224,1306,102,39,-0.011533946875715628,0.15095290541648865,0.2,0.9897187352180481,0.6453144522383809,0.0821533203125,1616,0.0004092704424510632,-43.56627130508423,0.012938665,0.1364220380783081,-2.754429975609756,1258.0
52736,1305,103,40,-0.023814941683667712,-0.028297848999500275,0.2,0.9878133535385132,0.012644642643863335,0.2471923828125,1632,0.0004092704424510632,-43.539777636528015,0.019983359,-1.107682228088379,-2.754429975609756,1258.0
53248,1305,104,40,-0.03608989523490891,-0.04104119539260864,0.2,0.9847444891929626,0.003963835668400861,0.3209228515625,1648,0.0004092704424510632,-43.45567321777344,0.027323935,0.019889414310455322,-2.7519704761904764,1258.0
53760,1305,105,41,-0.007039617965347134,0.08583704382181168,0.2,0.9838760495185852,0.5836299587972462,0.01904296875,1664,0.0004092704424510632,-43.38961350917816,0.005883904,0.17453676462173462,-2.7519704761904764,1258.0
54272,1305,106,41,-0.02131129810004495,-0.0182297732681036,0.2,0.9826772809028625,0.012012505409074947,0.2579345703125,1680,0.0004092704424510632,-43.366469502449036,0.02423086,-2.4892282485961914,-2.751194627906977,1258.0
54784,1305,107,41,-0.007615726630319841,0.11487992852926254,0.2,0.9825353026390076,0.6586293503642082,0.03515625,1696,0.0004092704424510632,-43.33637249469757,0.009544941,0.24620920419692993,-2.751194627906977,1258.0
55296,1305,108,42,-0.02683556244301144,-0.031886134296655655,0.2,0.982194185256958,0.021070965041872114,0.2666015625,1712,0.0004092704424510632,-43.334888100624084,0.026053809,-7.414650917053223,-2.751194627906977,1258.0
55808,1305,109,42,-0.026171908393735066,-0.04381176456809044,0.2,0.9818627834320068,0.004370556562207639,0.253173828125,1728,0.0004092704424510632,-43.31845474243164,0.02107425,0.04183542728424072,-2.750683431818182,1258.0
56320,1305,110,43,-0.011505782647873275,0.007993031293153763,0.2,0.9815444946289062,0.4655525970738381,0.08544921875,1744,0.0004092704424510632,-43.30979084968567,0.011140762,0.10878866910934448,-2.750683431818182,1258.0
56832,1305,111,43,-0.024552024842705578,-0.02884221263229847,0.2,0.9810871481895447,0.03698145446833223,0.2403564453125,1760,0.0004092704424510632,-43.28989243507385,0.025639448,-5.194705486297607,-2.7490688222222226,1258.0
57344,1305,112,43,-0.007806058987625875,0.10742802172899246,0.2,0.9812314510345459,0.5546809262596071,0.0311279296875,1776,0.0004092704424510632,-43.285977602005005,0.007134827,0.21379071474075317,-2.7490688222222226,1258.0
57856,1305,113,44,-0.023742383433273062,-0.030822819098830223,0.2,0.9825805425643921,0.02348107469151728,0.2601318359375,1792,0.0004092704424510632,-43.30478298664093,0.025559042,-2.1829490661621094,-2.7490688222222226,1258.0
58368,1305,114,44,-0.02999904654279817,-0.019770314916968346,0.2,0.9825708866119385,0.05738192133139819,0.2650146484375,1808,0.0004092704424510632,-43.339367270469666,0.02224849,0.4964417815208435,-2.750858543478261,1258.0
58880,1305,115,45,-0.02035766138578765,0.0005263164639472961,0.2,0.9820302724838257,0.12746193748898804,0.19384765625,1824,0.0004092704424510632,-43.316579818725586,0.02518901,0.6006687879562378,-2.750858543478261,1258.0
59392,1303,116,45,-0.024067722843028605,-0.008895957842469215,0.2,0.983361005783081,0.06680314429104328,0.2398681640625,1840,0.0004092704424510632,-43.3256973028183,0.022123415,-1.4064052104949951,-2.7494332978723404,1258.0
59904,1302,117,45,-0.015539785483269952,0.04789382964372635,0.2,0.9838160276412964,0.5007784641347826,0.0780029296875,1856,0.0004092704424510632,-43.36178135871887,0.012226133,0.23946130275726318,-2.7494332978723404,1258.0
60416,1302,118,46,-0.019090758127276786,-0.02977876551449299,0.2,0.9826804399490356,0.02354678773554042,0.2105712890625,1872,0.0004092704424510632,-43.35096049308777,0.018537723,-5.382243633270264,-2.7505323333333327,1258.0
60928,1302,119,46,-0.009702059629489668,0.06866706907749176,0.2,0.9819635152816772,0.5962084527127445,0.0291748046875,1888,0.0004092704424510632,-43.31060874462128,0.0082967635,0.09622418880462646,-2.7505323333333327,1258.0
61440,1302,120,47,-0.02573832702182699,-0.034009188413619995,0.2,0.9829832911491394,0.012965202506165951,0.2685546875,1904,0.0004092704424510632,-43.3084899187088,0.02358389,-1.3207416534423828,-2.7505323333333327,1258.0
61952,1302,121,47,-0.02292600617511198,-0.03943166881799698,0.2,0.984143853187561,0.0029086231443216093,0.2537841796875,1920,0.0004092704424510632,-43.356401443481445,0.02070881,-0.21921980381011963,-2.74814087755102,1258.0
62464,1302,122,47,-0.01243379527295474,0.12613843381404877,0.2,0.9839286804199219,0.6744588422589004,0.0517578125,1936,0.0004092704424510632,-43.37077867984772,0.0088644875,0.18394577503204346,-2.74814087755102,1258.0
62976,1302,123,48,-0.02180825475079473,-0.031017884612083435,0.2,0.9806469678878784,0.008994310788693838,0.224609375,1952,0.0004092704424510632,-43.32587683200836,0.019200351,-2.0320286750793457,-2.7444760199999996,1258.0
63488,1302,124,48,-0.010895725572481751,0.11115016043186188,0.2,0.9794234037399292,0.6524410387501121,0.0614013671875,1968,0.0004092704424510632,-43.239694356918335,0.0095922295,0.24608910083770752,-2.7444760199999996,1258.0
64000,1302,125,49,-0.029164371284423396,-0.04205102473497391,0.2,0.9804806709289551,0.014076380568440072,0.28466796875,1984,0.0004092704424510632,-43.239829659461975,0.023923658,-9.525874137878418,-2.7444760199999996,1258.0
64512,1302,126,49,-0.024838129931595176,-0.036533039063215256,0.2,0.9806569218635559,0.001869067187726614,0.2664794921875,2000,0.0004092704424510632,-43.26140594482422,0.018174931,-0.04894733428955078,-2.7414313529411762,1258.0
65024,1302,127,49,-0.012924365204526111,0.04610065370798111,0.2,0.980741560459137,0.5584236993454397,0.04345703125,2016,0.0004092704424510632,-43.268391847610474,0.010213982,0.11245441436767578,-2.7414313529411762,1258.0
65536,1302,128,50,-0.025570040044840425,-0.03040488064289093,0.2,0.9808339476585388,0.02559273678343743,0.25341796875,2032,0.0004092704424510632,-43.27221417427063,0.025086269,-3.1300063133239746,-2.736683134615385,1258.0
66048,1302,129,50,-0.006373850708769169,0.16603706777095795,0.2,0.980879008769989,0.7256120266392827,0.0462646484375,2048,0.0004092704424510632,-43.273131132125854,0.008656255,0.18279331922531128,-2.736683134615385,1258.0
66560,1302,130,51,-0.02117609151173383,-0.0275565292686224,0.2,0.9799333214759827,0.00848176737781614,0.200439453125,2064,0.0004092704424510632,-43.261314392089844,0.018256176,-1.8578875064849854,-2.736683134615385,1258.0
67072,1302,131,51,-0.030949824227718636,-0.03828591853380203,0.2,0.9805166125297546,0.002543402271840023,0.2607421875,2080,0.0004092704424510632,-43.241445899009705,0.023265073,-0.08012008666992188,-2.7342059811320754,1258.0
67584,1302,132,51,-0.012980339335626923,0.09107654541730881,0.2,0.9804333448410034,0.68476323178038,0.03076171875,2096,0.0004092704424510632,-43.24879825115204,0.010413032,0.20989269018173218,-2.7342059811320754,1258.0
68096,1302,133,52,-0.02633175006485544,-0.03130161389708519,0.2,0.9806983470916748,0.008624289810541086,0.278076171875,2112,0.0004092704424510632,-43.24662661552429,0.022341607,-2.091526985168457,-2.7316650740740736,1258.0
68608,1302,134,52,-0.014516996787278913,0.13539493083953857,0.2,0.9809930920600891,0.6477793911471963,0.0562744140625,2128,0.0004092704424510632,-43.2581627368927,0.01335245,0.23489105701446533,-2.7316650740740736,1258.0
69120,1302,135,53,-0.022777011632570066,-0.03217712789773941,0.2,0.9820095300674438,0.007838872537831776,0.2353515625,2144,0.0004092704424510632,-43.271904826164246,0.022162078,-5.319248199462891,-2.7316650740740736,1258.0
69632,1302,136,53,-0.029336897569010034,-0.04002263769507408,0.2,0.9805942177772522,0.003936604392947629,0.2657470703125,2160,0.0004092704424510632,-43.27943933010101,0.018321903,-0.007305145263671875,-2.7309113636363636,1258.0
70144,1302,137,53,-0.012899774650577456,0.024789683520793915,0.2,0.9798183441162109,0.6939374641515315,0.0506591796875,2176,0.0004092704424510632,-43.228875041007996,0.011421887,0.090384840965271,-2.7309113636363636,1258.0
70656,1302,138,54,-0.018681529749301262,-0.012225220911204815,0.2,0.980705738067627,0.032267184054944664,0.2410888671875,2192,0.0004092704424510632,-43.22734260559082,0.020161677,-6.52005672454834,-2.727527678571429,1258.0
71168,1302,139,54,-0.0053987906758266035,0.13517260551452637,0.2,0.9808330535888672,0.7354156542569399,0.014892578125,2208,0.0004092704424510632,-43.24873411655426,0.005032083,0.1930851936340332,-2.727527678571429,1258.0
71680,1303,140,55,-0.017962824109417852,-0.022314144298434258,0.2,0.9832634925842285,0.015379829361336306,0.1929931640625,2224,0.0004092704424510632,-43.26999080181122,0.018256737,-0.82685387134552,-2.727527678571429,1258.0
72192,1302,141,55,-0.023099967802409083,0.01550794392824173,0.2,0.9840232133865356,0.10406543081626296,0.19921875,2240,0.0004092704424510632,-43.339191913604736,0.0197758,0.5689874291419983,-2.72659052631579,1258.0
72704,1302,142,55,-0.01638231686956715,0.011684872210025787,0.2,0.9837497472763062,0.18333701079245657,0.159912109375,2256,0.0004092704424510632,-43.33791649341583,0.019955277,0.7949774265289307,-2.72659052631579,1258.0
73216,1303,143,56,-0.02321178329293616,-0.027187995612621307,0.2,0.9849470853805542,0.024601181561592966,0.238037109375,2272,0.0004092704424510632,-43.34597945213318,0.0255564,-12.908173561096191,-2.7277768793103454,1258.0
73728,1303,144,56,-0.014225595266907476,0.11542782187461853,0.2,0.9854634404182434,0.9916904917918146,0.06640625,2288,0.0004092704424510632,-43.39118790626526,0.009713918,0.05754798650741577,-2.7277768793103454,1258.0
74240,1303,145,56,-0.027327446980052628,-0.029660336673259735,0.2,0.9849529266357422,0.008498959054122679,0.2786865234375,2304,0.0004092704424510632,-43.38900625705719,0.024981735,-2.5151844024658203,-2.7275446949152546,1258.0
74752,1303,146,57,-0.008101245854049921,0.09830937534570694,0.2,0.9850630760192871,0.709370122756809,0.0396728515625,2320,0.0004092704424510632,-43.3811354637146,0.008695208,0.26393771171569824,-2.7275446949152546,1258.0
75264,1303,147,57,-0.030859341903124005,-0.04932861402630806,0.2,0.9844898581504822,0.0031145586726779584,0.2984619140625,2336,0.0004092704424510632,-43.38030505180359,0.025775924,-4.118297576904297,-2.7275446949152546,1258.0
75776,4135,1,0,-0.022995826722763013,-0.02864046022295952,0.2,0.9818264245986938,0.004116155243536923,0.26513671875,2352,0.0004092704424510632,-43.32266175746918,0.025660213,-0.05420064926147461,-2.727064166666667,1258.0
76288,1958,2,0,-0.008956172736361623,0.09964434802532196,0.2,0.9807747006416321,0.7889032056555152,0.0648193359375,2368,0.0004092704424510632,-43.25244343280792,0.010572758,0.17950844764709473,-2.727064166666667,1258.0
76800,1665,3,0,-0.025800126903050113,-0.03243404999375343,0.2,0.9796193242073059,0.015653821756131947,0.2310791015625,2384,0.0004092704424510632,-43.22691059112549,0.020399291,-4.685290813446045,-2.728089688524591,1258.0
77312,1554,4,1,-0.004116389463888481,0.15520161390304565,0.2,0.9791337251663208,0.9045650246553123,0.010009765625,2400,0.0004092704424510632,-43.19838631153107,0.0051263855,0.1446545124053955,-2.728089688524591,1258.0
77824,1496,5,1,-0.021731684799306095,-0.02233307436108589,0.2,0.9805176258087158,0.01825961137365084,0.2283935546875,2416,0.0004092704424510632,-43.209367990493774,0.017003976,-6.664958953857422,-2.728089688524591,1258.0
78336,1459,6,2,-0.02672945692029316,-0.04722178727388382,0.2,0.9793712496757507,0.0027232394386373926,0.2412109375,2432,0.0004092704424510632,-43.230270743370056,0.018127574,-0.10795509815216064,-2.73031470967742,1258.0
78848,1435,7,2,-0.007422739698085934,0.1732034981250763,0.2,0.9788932204246521,0.9370545451529324,0.1138916015625,2448,0.0004092704424510632,-43.192837595939636,0.009041797,0.21643537282943726,-2.73031470967742,1258.0
79360,1414,8,2,-0.026956036977935582,-0.023264244198799133,0.2,0.9794034361839294,0.007594126436742954,0.234130859375,2464,0.0004092704424510632,-43.197182178497314,0.017406147,-2.7637555599212646,-2.7276035238095244,1258.0
79872,1402,9,3,-0.004721224613604136,0.28570884466171265,0.2,0.9796746373176575,1.0853620236739516,0.003173828125,2480,0.0004092704424510632,-43.2203950881958,0.0037057502,0.18059295415878296,-2.7276035238095244,1258.0
80384,1386,10,3,-0.02697991991590243,-0.03741934522986412,0.2,0.9763633012771606,0.007261041733727325,0.25390625,2496,0.0004092704424510632,-43.17947256565094,0.020852374,-1.6362380981445312,-2.7276035238095244,1258.0
80896,1374,11,4,-0.027677978883730248,-0.030228542163968086,0.2,0.9763526916503906,0.00308421730005648,0.2379150390625,2512,0.0004092704424510632,-43.10793721675873,0.01929282,-0.20744836330413818,-2.7269001250000002,1258.0
81408,1367,12,4,-0.006733601272571832,0.0800057053565979,0.2,0.9765276908874512,0.802670557051897,0.0169677734375,2528,0.0004092704424510632,-43.13129711151123,0.00748239,0.20148664712905884,-2.7269001250000002,1258.0
81920,1361,13,4,-0.022206823326996528,-0.00409199483692646,0.2,0.9771686792373657,0.09648567764088511,0.254150390625,2544,0.0004092704424510632,-43.137248516082764,0.017641129,-4.255361080169678,-2.7253435692307693,1258.0
82432,1356,14,5,-0.01261004272964783,0.22712352871894836,0.2,0.9776246547698975,0.9708255100995302,0.0806884765625,2560,0.0004092704424510632,-43.161810517311096,0.012583361,0.3820842504501343,-2.7253435692307693,1258.0
82944,1346,15,5,-0.022507786765345372,-0.0268974918872118,0.2,0.977904200553894,0.019857176521327347,0.23779296875,2576,0.0004092704424510632,-43.17105770111084,0.018358823,-10.840272903442383,-2.7253435692307693,1258.0
83456,1342,16,6,-0.032899933445150964,-0.04827933385968208,0.2,0.9765011072158813,0.0030819351559330244,0.294189453125,2592,0.0004092704424510632,-43.153125286102295,0.021227192,0.02783381938934326,-2.7256431666666665,1258.0
83968,1325,17,6,-0.01520096389867831,0.11674425005912781,0.2,0.9761376976966858,0.9187551126815379,0.08349609375,2608,0.0004092704424510632,-43.120378732681274,0.013537388,0.11156100034713745,-2.7256431666666665,1258.0
84480,1319,18,6,-0.025558151042787358,-0.02533785253763199,0.2,0.9728223085403442,0.01648085075430572,0.2486572265625,2624,0.0004092704424510632,-43.07234501838684,0.017652597,-0.8096818923950195,-2.7216716268656715,1258.0
84992,1317,19,7,-0.005731518074753694,0.24766835570335388,0.2,0.971947193145752,0.9289078395813704,0.01708984375,2640,0.0004092704424510632,-42.98960566520691,0.0067067007,0.3981955051422119,-2.7216716268656715,1258.0
85504,1317,20,7,-0.02567811554763466,0.012782793492078781,0.2,0.9724262356758118,0.11677768104709685,0.3046875,2656,0.0004092704424510632,-42.989944100379944,0.034085833,-0.606259822845459,-2.7216716268656715,1258.0
86016,1316,21,8,-0.02530531982483808,0.043360233306884766,0.2,0.9730600118637085,0.1764437099918723,0.221923828125,2672,0.0004092704424510632,-43.00830554962158,0.02186225,0.5519328117370605,-2.720277382352941,1258.0
86528,1315,22,8,-0.019593222583353054,0.006924722343683243,0.2,0.9727137684822083,0.17914999835193157,0.1187744140625,2688,0.0004092704424510632,-43.015578508377075,0.020230576,0.8850250244140625,-2.720277382352941,1258.0
87040,1314,23,8,-0.020109943783609197,-0.00815141387283802,0.2,0.9734079837799072,0.13277323846705258,0.1734619140625,2704,0.0004092704424510632,-43.00708532333374,0.02083731,-10.642193794250488,-2.718931231884058,1258.0
87552,1313,24,9,-0.008680242652189918,0.08860845863819122,0.2,0.973921000957489,0.8759933365508914,0.040771484375,2720,0.0004092704424510632,-43.039963722229004,0.011470611,0.16036087274551392,-2.718931231884058,1258.0
88064,1312,25,9,-0.024753017438342795,-0.03508319705724716,0.2,0.9750568270683289,0.011635222850600258,0.2138671875,2736,0.0004092704424510632,-43.057979702949524,0.015975181,-1.2810766696929932,-2.7183861,1258.0
88576,1312,26,10,-0.007657711539650336,0.15028269588947296,0.2,0.975256085395813,0.7702619666233659,0.0614013671875,2752,0.0004092704424510632,-43.07900846004486,0.01031197,0.40458226203918457,-2.7183861,1258.0
89088,1312,27,10,-0.03035540947166737,-0.045976974070072174,0.2,0.976768434047699,0.0034925424479297362,0.2972412109375,2768,0.0004092704424510632,-43.100139021873474,0.020948458,-6.048478603363037,-2.7183861,1258.0
89600,1312,28,10,-0.027279331086901948,-0.0366993322968483,0.2,0.9770111441612244,0.0041566810323274694,0.3306884765625,2784,0.0004092704424510632,-43.14613497257233,0.029205883,0.010954141616821289,-2.7174608732394363,1258.0
90112,1311,29,11,-0.009691555460449308,0.13432577252388,0.2,0.9765596985816956,0.972522288095206,0.0516357421875,2800,0.0004092704424510632,-43.134074211120605,0.012466984,0.24540364742279053,-2.7174608732394363,1258.0
90624,1310,30,11,-0.03186827729223296,-0.030634481459856033,0.2,0.9794288873672485,0.007217219230369665,0.3077392578125,2816,0.0004092704424510632,-43.166346192359924,0.023197692,-2.997805595397949,-2.7140297777777778,1258.0
91136,1310,31,12,-0.011448847311839927,0.0900520384311676,0.2,0.9805116057395935,1.1520142746157944,0.0242919921875,2832,0.0004092704424510632,-43.24387538433075,0.006818179,0.2576412558555603,-2.7140297777777778,1258.0
91648,1309,32,12,-0.02317057069740258,-0.026730215176939964,0.2,0.9802203178405762,0.011943462042836472,0.247314453125,2848,0.0004092704424510632,-43.255104303359985,0.019028291,-2.1565866470336914,-2.7140297777777778,1258.0
92160,1308,33,12,-0.03000329073984176,-0.020037507638335228,0.2,0.9802575707435608,0.0018495276490284596,0.2957763671875,2864,0.0004092704424510632,-43.251579999923706,0.02120297,-0.20156383514404297,-2.7115242465753426,1258.0
92672,1308,34,13,-0.007335556860198267,0.1266395002603531,0.2,0.9799920916557312,0.995840962510556,0.0552978515625,2880,0.0004092704424510632,-43.24707055091858,0.01575334,0.30138176679611206,-2.7115242465753426,1258.0
93184,1308,35,13,-0.022123581147752702,-0.02190532721579075,0.2,0.9795307517051697,0.011081039614509791,0.2462158203125,2896,0.0004092704424510632,-43.235697627067566,0.018330216,-2.698965072631836,-2.7133996216216216,1258.0
93696,1308,36,14,-0.0060615954898821656,0.12250848859548569,0.2,0.9795083403587341,0.9134589093737304,0.035888671875,2912,0.0004092704424510632,-43.230422377586365,0.009520178,0.1717490553855896,-2.7133996216216216,1258.0
94208,1307,37,14,-0.023331921111093834,-0.03876142203807831,0.2,0.979482889175415,0.008110920425679069,0.282470703125,2928,0.0004092704424510632,-43.22868514060974,0.020103257,-6.538636684417725,-2.7133996216216216,1258.0
94720,1306,38,14,-0.0213306145669776,-0.025015676394104958,0.2,0.9833320379257202,0.0018932224775198847,0.2222900390625,2944,0.0004092704424510632,-43.27495896816254,0.014554013,0.003350555896759033,-2.7096354266666665,1258.0
95232,1306,39,15,-0.004451275846804492,0.0832376554608345,0.2,0.9843398332595825,1.2119286539964378,0.0101318359375,2960,0.0004092704424510632,-43.37404477596283,0.005309759,0.12652575969696045,-2.7096354266666665,1258.0
95744,1306,40,15,-0.02156636447762139,-0.022714363411068916,0.2,0.9819745421409607,0.01437950911349617,0.2261962890625,2976,0.0004092704424510632,-43.34634602069855,0.019030025,-4.1317949295043945,-2.7061602631578947,1258.0
96256,1306,41,16,-0.011478736865683459,0.11680898070335388,0.2,0.9813684225082397,1.1683636289089918,0.0521240234375,2992,0.0004092704424510632,-43.28619170188904,0.012156963,0.22783833742141724,-2.7061602631578947,1258.0
96768,1306,42,16,-0.022457446582848206,-0.03412429988384247,0.2,0.9820219278335571,0.013550977266277187,0.2333984375,3008,0.0004092704424510632,-43.28523397445679,0.015421592,-4.270575523376465,-2.7061602631578947,1258.0
97280,1306,43,16,-0.0235723896039417,-0.0319674126803875,0.2,0.9816972017288208,0.0032375786686316133,0.230712890625,3024,0.0004092704424510632,-43.29676949977875,0.015334764,0.07047325372695923,-2.706280350649351,1258.0
97792,1306,44,17,-0.0074089924892177805,0.0871625691652298,0.2,0.9812403321266174,0.8673512861132622,0.0244140625,3040,0.0004092704424510632,-43.26924812793732,0.007410614,0.23423677682876587,-2.706280350649351,1258.0
98304,1306,45,17,-0.02269015232741367,-0.03237968683242798,0.2,0.9805086255073547,0.013360384487896226,0.271484375,3056,0.0004092704424510632,-43.25119495391846,0.021923766,-5.597958087921143,-2.7054121666666666,1258.0
98816,1305,46,18,-0.0005083813302917406,0.2112317830324173,0.2,0.9802953004837036,0.9762501837685704,0.071044921875,3072,0.0004092704424510632,-43.237791299819946,0.011113191,0.15341782569885254,-2.7054121666666666,1258.0
99328,1305,47,18,-0.025660530431196094,-0.04329778626561165,0.2,0.9817414283752441,0.00869499820691999,0.25439453125,3088,0.0004092704424510632,-43.25048065185547,0.020047987,-3.4692821502685547,-2.7054121666666666,1258.0
99840,1305,48,18,-0.024553955969167873,-0.024645213037729263,0.2,0.981476902961731,0.0035092331600026228,0.2294921875,3104,0.0004092704424510632,-43.27615714073181,0.015865546,0.29921025037765503,-2.7033123924050635,1258.0
100352,1305,49,19,-0.012465022431570105,0.015108417719602585,0.2,0.981273353099823,0.5006639985367656,0.134765625,3120,0.0004092704424510632,-43.25543940067291,0.011535201,0.38812029361724854,-2.7033123924050635,1258.0
100864,1304,50,19,-0.027531947882380337,-0.022657485678792,0.2,0.9819350838661194,0.030058981094043702,0.28369140625,3136,0.0004092704424510632,-43.26189374923706,0.022831585,-4.177988052368164,-2.7036952125000004,1258.0
101376,1304,51,20,-0.005099395057186484,0.07511535286903381,0.2,0.9823620915412903,0.9083426278084517,0.0360107421875,3152,0.0004092704424510632,-43.287285566329956,0.008543398,0.18471968173980713,-2.7036952125000004,1258.0
101888,1304,52,20,-0.02317430630500894,-0.0268467515707016,0.2,0.9847187399864197,0.01732814239221625,0.276611328125,3168,0.0004092704424510632,-43.32024526596069,0.029771458,-4.52825403213501,-2.7036952125000004,1258.0
102400,1303,53,20,-0.028030323068378493,0.006428360939025879,0.2,0.9853455424308777,0.08729067980311811,0.2542724609375,3184,0.0004092704424510632,-43.38474500179291,0.015826527,0.39455217123031616,-2.7016680864197533,1258.0
102912,1303,54,21,-0.01647441813838668,-0.008859759196639061,0.2,0.9847016334533691,0.1396252068807371,0.1328125,3200,0.0004092704424510632,-43.380820751190186,0.023846256,0.4043242335319519,-2.7016680864197533,1258.0
103424,1303,55,21,-0.02581390819977969,-0.03700632601976395,0.2,0.9847707152366638,0.021561672823736444,0.246337890625,3216,0.0004092704424510632,-43.3627952337265,0.01738426,-11.458226203918457,-2.7016582439024392,1258.0
103936,1303,56,22,-0.0026988971221726388,0.17233508825302124,0.2,0.9851242899894714,1.7125313598662615,0.0098876953125,3232,0.0004092704424510632,-43.377496123313904,0.004751675,0.04945194721221924,-2.7016582439024392,1258.0
104448,1303,57,22,-0.034081862977473065,-0.03913584351539612,0.2,0.9848848581314087,0.012612961130798794,0.3243408203125,3248,0.0004092704424510632,-43.378419637680054,0.026090352,-3.897566318511963,-2.701616373493976,1258.0
104960,1302,58,22,-0.003617383335949853,0.1476791501045227,0.2,0.9846813082695007,0.9782844251021743,0.0133056640625,3264,0.0004092704424510632,-43.36767256259918,0.005822356,0.16040778160095215,-2.701616373493976,1258.0
105472,1303,59,23,-0.024869052504072897,-0.030160341411828995,0.2,0.9812933802604675,0.02694038226036355,0.24560546875,3280,0.0004092704424510632,-43.32670605182648,0.020013131,-0.7882416248321533,-2.701616373493976,1258.0
105984,1302,60,23,-0.02609806356485933,-0.02548660710453987,0.2,0.97740638256073,0.002425469570880523,0.295166015625,3296,0.0004092704424510632,-43.20686185359955,0.028027773,-0.23394858837127686,-2.700751428571429,1258.0
106496,1302,61,23,-0.011368626364856027,0.0958949476480484,0.2,0.9765448570251465,1.1549305142834783,0.1400146484375,3312,0.0004092704424510632,-43.1285035610199,0.013067801,0.3295137882232666,-2.700751428571429,1258.0
107008,1302,62,24,-0.029773710106383078,-0.04038029909133911,0.2,0.9751608371734619,0.009126256409217604,0.297119140625,3328,0.0004092704424510632,-43.106380462646484,0.028586678,-4.06134033203125,-2.7000156941176474,1258.0
107520,1302,63,24,-0.0031035907595651224,0.12480825185775757,0.2,0.9742220640182495,1.0429695649072528,0.048583984375,3344,0.0004092704424510632,-43.06004798412323,0.006142988,0.1974729299545288,-2.7000156941176474,1258.0
108032,1302,64,25,-0.019173667809809558,-0.03314165025949478,0.2,0.9729001522064209,0.006585789597011171,0.2283935546875,3360,0.0004092704424510632,-43.030964612960815,0.0233691,-7.935593605041504,-2.7000156941176474,1258.0
108544,1302,65,25,-0.02331820531981066,-0.01690669357776642,0.2,0.9686940312385559,0.002383468050538795,0.224609375,3376,0.0004092704424510632,-42.93490207195282,0.016774286,0.007685661315917969,-2.6968920581395355,1258.0
109056,1302,66,25,-0.007621135860972572,0.21513010561466217,0.2,0.9675000309944153,1.2614431716501713,0.0816650390625,3392,0.0004092704424510632,-42.839239716529846,0.010811119,0.1568477749824524,-2.6968920581395355,1258.0
109568,1302,67,26,-0.02250255725812167,-0.028082948178052902,0.2,0.9666774868965149,0.009194655751343817,0.2430419921875,3408,0.0004092704424510632,-42.82245421409607,0.019736696,-1.5638089179992676,-2.695597160919541,1258.0
110080,1301,68,26,-0.004947602414176799,0.3078562617301941,0.2,0.9662920832633972,1.1496239136904478,0.0257568359375,3424,0.0004092704424510632,-42.80519199371338,0.007662824,0.20901429653167725,-2.695597160919541,1258.0
110592,1301,69,27,-0.026202098990324885,-0.025276515632867813,0.2,0.9669032096862793,0.007526357025199104,0.2813720703125,3440,0.0004092704424510632,-42.80982279777527,0.017353294,-1.8193747997283936,-2.695597160919541,1258.0
111104,1301,70,27,-0.022043339049560018,-0.026881346479058266,0.2,0.9646235704421997,0.003033641020010691,0.2335205078125,3456,0.0004092704424510632,-42.78687071800232,0.017446894,-0.029059886932373047,-2.695160488636364,1258.0
111616,1300,71,27,-0.002748935468844138,0.1759030520915985,0.2,0.9635865092277527,0.9425388746894896,0.022705078125,3472,0.0004092704424510632,-42.71881639957428,0.0045286454,0.27386850118637085,-2.695160488636364,1258.0
112128,1300,72,28,-0.02442235236230772,-0.014264499768614769,0.2,0.9636853933334351,0.0976530167972669,0.2620849609375,3488,0.0004092704424510632,-42.70594394207001,0.026380088,-5.419867038726807,-2.694128606741573,1258.0
112640,1300,73,28,-0.0033354492188664153,0.15426430106163025,0.2,0.96383136510849,0.93435665871948,0.0267333984375,3504,0.0004092704424510632,-42.71082293987274,0.0064958483,0.35774725675582886,-2.694128606741573,1258.0
113152,1300,74,29,-0.022523886495037004,-0.020549826323986053,0.2,0.9650168418884277,0.014480268087936565,0.255615234375,3520,0.0004092704424510632,-42.72808849811554,0.022504568,-2.850717067718506,-2.694128606741573,1258.0
113664,1298,75,29,-0.02526528976886766,-0.03902430832386017,0.2,0.964688241481781,0.004179928379016928,0.2374267578125,3536,0.0004092704424510632,-42.74870789051056,0.017729007,0.004899322986602783,-2.6930500777777775,1258.0
114176,1297,76,29,-0.01228330643789377,0.15332932770252228,0.2,0.9644257426261902,0.9950200221501291,0.0594482421875,3552,0.0004092704424510632,-42.73449730873108,0.0104260575,0.11573225259780884,-2.6930500777777775,1258.0
114688,1297,77,30,-0.02624016924528405,-0.04419071227312088,0.2,0.9641574621200562,0.0073884189914679155,0.24072265625,3568,0.0004092704424510632,-42.72629225254059,0.02248593,-3.752561569213867,-2.6914023076923077,1258.0
115200,1298,78,30,-0.012231400680320803,0.16854450106620789,0.2,0.964050829410553,1.537138594314456,0.0537109375,3584,0.0004092704424510632,-42.723304867744446,0.010453893,0.18564772605895996,-2.6914023076923077,1258.0
115712,1297,79,31,-0.027591256599407643,-0.028100157156586647,0.2,0.9662349820137024,0.009336854971479625,0.282958984375,3600,0.0004092704424510632,-42.75280511379242,0.02295183,-4.03226900100708,-2.6914023076923077,1258.0
116224,1298,80,31,-0.031990676317946054,-0.04938007891178131,0.2,0.9680866599082947,0.004080204453202896,0.2991943359375,3616,0.0004092704424510632,-42.82763051986694,0.023532469,0.04254031181335449,-2.690597260869565,1258.0
116736,1298,81,31,-0.01689643358986359,0.06005353480577469,0.2,0.968015730381012,1.0493257795460522,0.0865478515625,3632,0.0004092704424510632,-42.85392236709595,0.0121165225,0.01129680871963501,-2.690597260869565,1258.0
117248,1298,82,32,-0.015975132933817804,-0.0023063234984874725,0.2,0.9678726196289062,0.22734329220838845,0.1385498046875,3648,0.0004092704424510632,-42.845821142196655,0.021088649,-12.103822708129883,-2.6893096774193546,1258.0
117760,1298,83,32,-0.003058988120756112,0.10780992358922958,0.2,0.967901885509491,1.3379192324355245,0.0062255859375,3664,0.0004092704424510632,-42.844966650009155,0.00498313,0.07716268301010132,-2.6893096774193546,1258.0
118272,1298,84,33,-0.025931460375431925,-0.034552231431007385,0.2,0.9685861468315125,0.012757210381096229,0.2857666015625,3680,0.0004092704424510632,-42.849451541900635,0.027409472,-2.5340442657470703,-2.6912827765957448,1258.0
118784,1298,85,33,-0.008751014072913677,0.17031846940517426,0.2,0.9687054753303528,0.985441873781383,0.025390625,3696,0.0004092704424510632,-42.859249114990234,0.0075263316,0.38727378845214844,-2.6912827765957448,1258.0
119296,1298,86,33,-0.028571127681061625,-0.03771855682134628,0.2,0.9687253832817078,0.007888840074883774,0.284912109375,3712,0.0004092704424510632,-42.85677421092987,0.022161588,-3.6265087127685547,-2.6912827765957448,1258.0
119808,1298,87,34,-0.021476660709595308,-0.019503284245729446,0.2,0.9693852663040161,0.004079793179698754,0.24560546875,3728,0.0004092704424510632,-42.871532559394836,0.020568926,-0.04937267303466797,-2.6911202736842106,1258.0
120320,1297,88,34,-0.003760052641155198,0.1732071042060852,0.2,0.9695284366607666,0.9687311602756381,0.014404296875,3744,0.0004092704424510632,-42.884405970573425,0.0068016932,0.2692301869392395,-2.6911202736842106,1258.0
120832,1297,89,35,-0.02038143659592606,-0.021679330617189407,0.2,0.9684197902679443,0.04783340834546834,0.21923828125,3760,0.0004092704424510632,-42.872610449790955,0.028714176,-6.524206161499023,-2.691390927083333,1258.0
121344,1297,90,35,-0.006888669748150278,0.10611363500356674,0.2,0.9680590033531189,1.3008098127320409,0.0550537109375,3776,0.0004092704424510632,-42.842599749565125,0.009014748,0.2628244161605835,-2.691390927083333,1258.0
121856,1297,91,35,-0.021607649650832172,-0.029668357223272324,0.2,0.9668144583702087,0.007684253898332827,0.2430419921875,3792,0.0004092704424510632,-42.82205522060394,0.02310495,-4.242275714874268,-2.691390927083333,1258.0
122368,1297,92,36,-0.02591628293157555,-0.03224155306816101,0.2,0.967924952507019,0.001878518758530845,0.26611328125,3808,0.0004092704424510632,-42.80993187427521,0.01565121,-0.1506788730621338,-2.6905910412371132,1258.0
122880,1298,93,36,-0.0075403886585263535,0.07669194042682648,0.2,0.9683443903923035,0.9176277979277074,0.0499267578125,3824,0.0004092704424510632,-42.84727239608765,0.013692295,0.3090716600418091,-2.6905910412371132,1258.0
123392,1297,94,37,-0.02602601333637722,-0.029059601947665215,0.2,0.9682308435440063,0.013221504108514637,0.27978515625,3840,0.0004092704424510632,-42.84591352939606,0.023649693,-5.453407287597656,-2.691654683673469,1258.0
123904,1297,95,37,-0.005427083648100961,0.13234983384609222,0.2,0.9679738879203796,1.7359069716185331,0.0655517578125,3856,0.0004092704424510632,-42.83476912975311,0.008352736,0.15118259191513062,-2.691654683673469,1258.0
124416,1297,96,37,-0.02284313866402954,-0.038207560777664185,0.2,0.9672990441322327,0.006306617819063831,0.2373046875,3872,0.0004092704424510632,-42.823927998542786,0.022324014,-2.054624557495117,-2.691654683673469,1258.0
124928,1297,97,38,-0.02395654548308812,-0.02804936282336712,0.2,0.96412593126297,0.0038846371753606945,0.2210693359375,3888,0.0004092704424510632,-42.76688551902771,0.016809776,0.0014261603355407715,-2.689488797979798,1258.0
125440,1297,98,38,-0.008851190184941515,0.07360699027776718,0.2,0.9630617499351501,1.5324746374972165,0.1053466796875,3904,0.0004092704424510632,-42.686249017715454,0.01043205,0.03949558734893799,-2.689488797979798,1258.0
125952,1297,99,39,-0.021225834672804922,-0.03756706416606903,0.2,0.9633397459983826,0.01038141519529745,0.2332763671875,3920,0.0004092704424510632,-42.67854952812195,0.024578253,-2.734083414077759,-2.68944231,1258.0
126464,1297,100,39,0.0015365382205345668,0.283418744802475,0.2,0.9634731411933899,1.382151304744184,0.021240234375,3936,0.0004092704424510632,-42.6905711889267,0.00426875,0.3113595247268677,-2.68944231,1258.0
126976,1297,101,39,-0.024775764846708626,-0.03422558680176735,0.2,0.9617276191711426,0.005612438057141844,0.2294921875,3952,0.0004092704424510632,-42.67170298099518,0.01590215,-1.350318431854248,-2.68944231,1258.0
127488,1297,102,40,-0.02031909881043248,-0.021257080137729645,0.2,0.9615374803543091,0.003055631477764109,0.2066650390625,3968,0.0004092704424510632,-42.63148522377014,0.014333111,0.044384121894836426,-2.68636023,1258.0
128000,1297,103,40,-0.010825614590430632,0.08723258972167969,0.2,0.9614733457565308,0.8949532783590257,0.08984375,3984,0.0004092704424510632,-42.63350164890289,0.009356534,0.3378564715385437,-2.68636023,1258.0
128512,1297,104,41,-0.023312538163736463,-0.01612132228910923,0.2,0.9620792865753174,0.062436901149339974,0.25341796875,4000,0.0004092704424510632,-42.64108896255493,0.02420776,-1.8945519924163818,-2.68503576,1258.0
129024,1297,105,41,-0.001980472959985491,0.2599015235900879,0.2,0.9620500206947327,0.9896622318774462,0.0599365234375,4016,0.0004092704424510632,-42.65057384967804,0.00870007,0.6856479644775391,-2.68503576,1258.0
129536,1297,106,41,-0.026683191397751216,-0.012419681996107101,0.2,0.9637284874916077,0.033203807135578245,0.29638671875,4032,0.0004092704424510632,-42.667386412620544,0.027299479,-1.479212760925293,-2.68503576,1258.0
130048,1297,107,42,-0.0264737002144102,-0.02868145890533924,0.2,0.9654269814491272,0.004897948805592023,0.28515625,4048,0.0004092704424510632,-42.726489543914795,0.021887438,0.3254629373550415,-2.68193443,1258.0
130560,1297,108,42,-0.018921618320746347,0.019387152045965195,0.2,0.9658483862876892,0.3834421463543549,0.1339111328125,4064,0.0004092704424510632,-42.7652667760849,0.020587802,0.40569913387298584,-2.68193443,1258.0
131072,1297,109,43,-0.024070133906207047,-0.029548682272434235,0.2,0.9652965068817139,0.01599558438465465,0.250244140625,4080,0.0004092704424510632,-42.75965404510498,0.01962439,-5.649457931518555,-2.6799949999999995,1258.0
131584,1297,110,43,-0.0021926977788098156,0.09101736545562744,0.2,0.9653601050376892,1.246985025703907,0.0264892578125,4096,0.0004092704424510632,-42.745176672935486,0.004707454,0.11182862520217896,-2.6799949999999995,1258.0
132096,1297,111,43,-0.025331232842290774,-0.036583609879016876,0.2,0.9646021723747253,0.012209269363665953,0.237548828125,4112,0.0004092704424510632,-42.739046812057495,0.017387416,-2.22700572013855,-2.6779083200000007,1258.0
132608,1297,112,44,-0.01249590943189105,0.21149711310863495,0.2,0.9642041921615601,1.0062862681224942,0.040283203125,4128,0.0004092704424510632,-42.7175053358078,0.009046957,0.4363727569580078,-2.6779083200000007,1258.0
133120,1297,113,44,-0.02785023261094466,-0.032288674265146255,0.2,0.9649437665939331,0.006596253926545614,0.25439453125,4144,0.0004092704424510632,-42.71988070011139,0.019217618,-3.4870543479919434,-2.6779083200000007,1258.0
133632,1297,114,44,-0.02966886729700491,-0.041087791323661804,0.2,0.966463565826416,0.005235979981080163,0.2939453125,4160,0.0004092704424510632,-42.757681369781494,0.026539696,-0.05045211315155029,-2.67875008,1258.0
134144,1297,115,45,-0.0042872059348155744,0.28586190938949585,0.2,0.9667644500732422,1.1468194355256855,0.0380859375,4176,0.0004092704424510632,-42.78973138332367,0.006508165,0.32954835891723633,-2.67875008,1258.0
134656,1297,116,45,-0.0249185640423093,-0.03366239368915558,0.2,0.9683471918106079,0.008964801250840537,0.2420654296875,4192,0.0004092704424510632,-42.80731379985809,0.023887426,-2.3790442943573,-2.67828018,1258.0
135168,1297,117,46,-0.007928179758891929,0.18262727558612823,0.2,0.9691593050956726,1.410982633009553,0.0206298828125,4208,0.0004092704424510632,-42.862119913101196,0.0053689266,0.33335810899734497,-2.67828018,1258.0
135680,1297,118,46,-0.027824881733977236,-0.028121035546064377,0.2,0.96784508228302,0.022670155332889408,0.2548828125,4224,0.0004092704424510632,-42.85493505001068,0.017886907,0.043200910091400146,-2.67828018,1258.0
136192,1297,119,46,-0.02911255889921449,-0.04736541211605072,0.2,0.9676968455314636,0.006011943405610509,0.2642822265625,4240,0.0004092704424510632,-42.81778132915497,0.021058753,-3.452977180480957,-2.6761090399999996,1258.0
136704,1297,120,47,-0.004025242174975574,0.09789205342531204,0.2,0.9678481817245483,0.9308707341551781,0.04638671875,4256,0.0004092704424510632,-42.83061420917511,0.008456128,0.2691448926925659,-2.6761090399999996,1258.0
137216,1297,121,47,-0.018233738774142694,-0.027841011062264442,0.2,0.9681679606437683,0.015073988935910165,0.1961669921875,4272,0.0004092704424510632,-42.83367645740509,0.01895844,-8.086189270019531,-2.6768114200000004,1258.0
137728,1297,122,48,-0.0029529971652664244,0.23025135695934296,0.2,0.9683965444564819,1.385880927555263,0.0635986328125,4288,0.0004092704424510632,-42.846389055252075,0.007081051,0.10853546857833862,-2.6768114200000004,1258.0
138240,1297,123,48,-0.023641396095626988,-0.03169012814760208,0.2,0.9678806662559509,0.006744240665284451,0.265869140625,4304,0.0004092704424510632,-42.846667766571045,0.022872655,-0.6905684471130371,-2.6768114200000004,1258.0
138752,1297,124,48,-0.021385552172432654,-0.02958577685058117,0.2,0.9674302339553833,0.003468097584118368,0.2261962890625,4320,0.0004092704424510632,-42.82621777057648,0.016300721,-0.09852492809295654,-2.6779369600000003,1258.0
139264,1297,125,49,-0.007444723596563563,0.15212607383728027,0.2,0.967599630355835,0.9445555759593844,0.01953125,4336,0.0004092704424510632,-42.822258949279785,0.007433282,0.32843708992004395,-2.6779369600000003,1258.0
139776,1297,126,49,-0.017958915210328996,-0.012257165275514126,0.2,0.9677191972732544,0.06469882372766733,0.204345703125,4352,0.0004092704424510632,-42.83094894886017,0.027526084,-8.614739418029785,-2.6767872500000003,1258.0
140288,1297,127,50,-0.009947611091774888,0.13302350044250488,0.2,0.9678306579589844,1.2684825789183378,0.025634765625,4368,0.0004092704424510632,-42.83377289772034,0.008963479,0.3186609148979187,-2.6767872500000003,1258.0
140800,1297,128,50,-0.025164912272884976,-0.03606627508997917,0.2,0.9697924852371216,0.011862473431392573,0.31103515625,4384,0.0004092704424510632,-42.85890007019043,0.029912151,-4.91395902633667,-2.6767872500000003,1258.0
141312,1297,129,50,-0.028613353504624683,-0.04184694215655327,0.2,0.9716548323631287,0.003848836917313747,0.2659912109375,4400,0.0004092704424510632,-42.921974897384644,0.023198105,0.09796994924545288,-2.6731211800000008,1258.0
141824,1297,130,51,-0.013235293459729291,0.11247001588344574,0.2,0.9721866250038147,0.8340892712585628,0.08203125,4416,0.0004092704424510632,-42.95832908153534,0.012481798,0.30418795347213745,-2.6731211800000008,1258.0
142336,1297,131,51,-0.01941237467690371,-0.020074890926480293,0.2,0.9739829897880554,0.04964627488516271,0.2108154296875,4432,0.0004092704424510632,-42.9826180934906,0.02284408,-8.36098861694336,-2.6728741800000004,1258.0
142848,1297,132,52,-0.0050327625358477235,0.2634809613227844,0.2,0.9748006463050842,1.3062417851760983,0.1304931640625,4448,0.0004092704424510632,-43.043567419052124,0.009116124,0.3076278567314148,-2.6728741800000004,1258.0
143360,1297,133,52,-0.028074047586414963,-0.035195399075746536,0.2,0.9767718315124512,0.006870285025797784,0.2713623046875,4464,0.0004092704424510632,-43.073033452034,0.026303155,-0.7772623300552368,-2.6728741800000004,1258.0
143872,1297,134,52,-0.025575672276318073,-0.029410894960165024,0.2,0.9770978093147278,0.010333027312299237,0.23291015625,4480,0.0004092704424510632,-43.11765110492706,0.014908571,0.4419659972190857,-2.6678365600000005,1258.0
144384,1297,135,53,-0.005677033179381397,0.037778474390506744,0.2,0.9773499369621277,0.4227684400975704,0.043212890625,4496,0.0004092704424510632,-43.10984826087952,0.013715059,0.6487390398979187,-2.6678365600000005,1258.0
144896,1297,136,53,-0.01987214168184437,0.0356656014919281,0.2,0.9767085313796997,0.226315732114017,0.193603515625,4512,0.0004092704424510632,-43.11099898815155,0.019491035,-3.238499641418457,-2.667026950000001,1258.0
145408,1297,137,54,-0.009165129144093953,0.18407416343688965,0.2,0.9764989018440247,0.6538782105781138,0.05126953125,4528,0.0004092704424510632,-43.090696692466736,0.012820042,0.48588913679122925,-2.667026950000001,1258.0
145920,1297,138,54,-0.020975187537260354,-0.023348316550254822,0.2,0.9757489562034607,0.01724047801690176,0.2764892578125,4544,0.0004092704424510632,-43.07677412033081,0.027218813,-4.436839580535889,-2.667026950000001,1258.0
146432,1297,139,54,-0.02724936488084495,-0.00569022074341774,0.2,0.9750524759292603,0.04810020583681762,0.3297119140625,4560,0.0004092704424510632,-43.05277121067047,0.034832887,0.039138734340667725,-2.6683952100000004,1258.0
146944,1297,140,55,-0.017517138534458354,-0.018806610256433487,0.2,0.9748553037643433,0.14072378279524855,0.2005615234375,4576,0.0004092704424510632,-43.03955376148224,0.023197994,0.24153530597686768,-2.6683952100000004,1258.0
147456,1297,141,55,-0.025886962182994466,-0.03568578138947487,0.2,0.9767953157424927,0.018857080751331523,0.2623291015625,4592,0.0004092704424510632,-43.060096979141235,0.024926731,-12.734212875366211,-2.6674599800000003,1258.0
147968,1297,142,56,-0.006946069959667511,0.2019559144973755,0.2,0.9778140187263489,1.1970541873015463,0.0343017578125,4608,0.0004092704424510632,-43.12745916843414,0.0062783514,0.10671508312225342,-2.6674599800000003,1258.0
148480,1297,143,56,-0.0245723724947311,-0.03848354145884514,0.2,0.9789677858352661,0.008986629851278849,0.2552490234375,4624,0.0004092704424510632,-43.1507271528244,0.015934844,-0.752841591835022,-2.6657665800000006,1258.0
148992,1297,144,56,-0.008048068717471324,0.17102192342281342,0.2,0.9790331721305847,0.8806680450215936,0.0635986328125,4640,0.0004092704424510632,-43.17992079257965,0.009032091,0.4071091413497925,-2.6657665800000006,1258.0
149504,1297,145,57,-0.022764225301216356,0.001618172973394394,0.2,0.9777931571006775,0.05611021118238568,0.2396240234375,4656,0.0004092704424510632,-43.1565055847168,0.021960016,-0.11766946315765381,-2.6657665800000006,1258.0
150016,1298,146,57,-0.021198675502091646,-0.03769871965050697,0.2,0.9768614768981934,0.008124524661980104,0.2469482421875,4672,0.0004092704424510632,-43.1165657043457,0.01732267,-12.193827629089355,-2.66389743,1258.0
150528,1298,147,57,-0.0027744599647121504,0.17374315857887268,0.2,0.9766637086868286,1.2204229454509914,0.0262451171875,4688,0.0004092704424510632,-43.090503215789795,0.0044166967,0.12139451503753662,-2.66389743,1258.0
151040,4197,1,0,-0.027924721158342436,-0.0297371968626976,0.2,0.9798765778541565,0.005721075722249225,0.306396484375,4704,0.0004092704424510632,-43.12856328487396,0.023939013,-0.8424454927444458,-2.6595282499999997,1258.0
151552,1998,2,0,-0.00835640738660004,0.1646035760641098,0.2,0.9812584519386292,0.8135751290246844,0.0443115234375,4720,0.0004092704424510632,-43.21500265598297,0.010534514,0.45770925283432007,-2.6595282499999997,1258.0
152064,1708,3,0,-0.025150266374112107,-0.03618563711643219,0.2,0.9832903742790222,0.00479201867710799,0.264404296875,4736,0.0004092704424510632,-43.25383818149567,0.020829767,-7.620810508728027,-2.6595282499999997,1258.0
152576,1580,4,1,-0.023825812721042894,-0.04848259687423706,0.2,0.9827040433883667,0.003070259506785078,0.23291015625,4752,0.0004092704424510632,-43.29294955730438,0.014429786,-0.020335674285888672,-2.6579938399999996,1258.0
153088,1519,5,1,-0.004498497291933745,0.10654404014348984,0.2,0.9822335243225098,0.8915317747741938,0.021240234375,4768,0.0004092704424510632,-43.271637320518494,0.005936872,0.258602499961853,-2.6579938399999996,1258.0
153600,1472,6,2,-0.025235303241061047,-0.039409469813108444,0.2,0.9835060834884644,0.019110959954559803,0.2806396484375,4784,0.0004092704424510632,-43.279274106025696,0.022675283,-6.206798076629639,-2.6561931299999997,1258.0
154112,1441,7,2,-0.0020565673912642524,0.10096250474452972,0.2,0.9840194582939148,1.232787267304957,0.0074462890625,4800,0.0004092704424510632,-43.31425392627716,0.00491789,0.11701846122741699,-2.6561931299999997,1258.0
154624,1422,8,2,-0.028866097040008754,-0.04447152465581894,0.2,0.9852492809295654,0.00612621421169024,0.31884765625,4816,0.0004092704424510632,-43.32911968231201,0.029555848,-4.4992241859436035,-2.6561931299999997,1258.0
155136,1403,9,3,-0.022069651138735935,-0.0364156998693943,0.2,0.9839146733283997,0.0032973750167002436,0.2301025390625,4832,0.0004092704424510632,-43.34134328365326,0.017538505,0.014029145240783691,-2.65543656,1258.0
155648,1392,10,3,-0.002097819306072779,0.08589792996644974,0.2,0.9833635687828064,1.025278746150434,0.0032958984375,4848,0.0004092704424510632,-43.30052924156189,0.0038206503,0.3500738739967346,-2.65543656,1258.0
156160,1384,11,4,-0.023813839055947028,0.045538872480392456,0.2,0.9825796484947205,0.18669728003442287,0.2532958984375,4864,0.0004092704424510632,-43.285985469818115,0.025571415,-0.9235308170318604,-2.6558759000000003,1258.0
156672,1376,12,4,-0.0033582442047190852,0.1353854537010193,0.2,0.98215252161026,0.974445853382349,0.025390625,4880,0.0004092704424510632,-43.25471484661102,0.005942706,0.2235972285270691,-2.6558759000000003,1258.0
157184,1372,13,4,-0.020439262763829902,-0.019823703914880753,0.2,0.9821445941925049,0.015008794667664915,0.216552734375,4896,0.0004092704424510632,-43.248785972595215,0.020060042,-6.488173484802246,-2.6558759000000003,1258.0
157696,1362,14,5,-0.027011157653760165,-0.030005089938640594,0.2,0.9809207916259766,0.0027966884517809376,0.2568359375,4912,0.0004092704424510632,-43.238290190696716,0.015392454,-0.04124128818511963,-2.65208413,1258.0
158208,1357,15,5,-0.0058326244907220826,0.09852354973554611,0.2,0.9803763628005981,0.9204955373425037,0.0155029296875,4928,0.0004092704424510632,-43.20263135433197,0.0048596617,0.14111930131912231,-2.65208413,1258.0
158720,1354,16,6,-0.02280614001210779,-0.02819470316171646,0.2,0.980836808681488,0.0066907440923387185,0.2330322265625,4944,0.0004092704424510632,-43.20461928844452,0.015897457,-3.246873378753662,-2.6539843000000003,1258.0
159232,1350,17,6,-0.00551018507394474,0.16554279625415802,0.2,0.9807376861572266,1.6367423594929278,0.0106201171875,4960,0.0004092704424510632,-43.21743142604828,0.0047249678,0.211531400680542,-2.6539843000000003,1258.0
159744,1347,18,6,-0.024333857771125622,-0.02949640154838562,0.2,0.978597104549408,0.020530487032374367,0.235107421875,4976,0.0004092704424510632,-43.19050323963165,0.015133777,-0.5519132614135742,-2.6539843000000003,1258.0
160256,1342,19,7,-0.02958785160444677,-0.035608645528554916,0.2,0.9774150252342224,0.005459521933516953,0.29296875,4992,0.0004092704424510632,-43.13499891757965,0.018718075,0.363395631313324,-2.65549178,1258.0
160768,1338,20,7,-0.012837007234338671,-0.011402711272239685,0.2,0.9778664112091064,0.29460585641209036,0.1165771484375,5008,0.0004092704424510632,-43.11872684955597,0.022151459,0.3477240204811096,-2.65549178,1258.0
161280,1335,21,8,-0.022737896390026435,-0.02602871134877205,0.2,0.9767245650291443,0.013552210526540875,0.276611328125,5024,0.0004092704424510632,-43.121084570884705,0.024473675,-13.332022666931152,-2.6517194699999997,1258.0
161792,1332,22,8,-0.0058247772249160334,0.10133469104766846,0.2,0.9763699173927307,1.3003339595161378,0.0142822265625,5040,0.0004092704424510632,-43.08521580696106,0.005834016,0.1047900915145874,-2.6517194699999997,1258.0
162304,1330,23,8,-0.024623209901619703,-0.03560543805360794,0.2,0.9790278673171997,0.007622754797921516,0.25830078125,5056,0.0004092704424510632,-43.11628437042236,0.018968567,-2.730815887451172,-2.65084201,1258.0
162816,1330,24,9,-0.00569223148340825,0.13941818475723267,0.2,0.9799167513847351,0.8152628960087895,0.0269775390625,5072,0.0004092704424510632,-43.1887309551239,0.008371632,0.4254143238067627,-2.65084201,1258.0
163328,1329,25,9,-0.02961905102711171,-0.04999861866235733,0.2,0.9784508943557739,0.00408976025209995,0.294921875,5088,0.0004092704424510632,-43.18046021461487,0.02514042,-10.500947952270508,-2.65084201,1258.0
163840,1329,26,10,-0.018134491692762822,-0.030708618462085724,0.2,0.9769616723060608,0.0034132055661757477,0.2369384765625,5104,0.0004092704424510632,-43.11399817466736,0.0162612,-0.12968099117279053,-2.6511808799999996,1258.0
164352,1328,27,10,-0.002664443600224331,0.07632825523614883,0.2,0.976715624332428,1.2095216382294893,0.002685546875,5120,0.0004092704424510632,-43.09447705745697,0.0029454867,0.3745032548904419,-2.6511808799999996,1258.0
164864,1327,28,10,-0.025648336682934314,-0.03537359833717346,0.2,0.9769580364227295,0.016386109753511846,0.3111572265625,5136,0.0004092704424510632,-43.0901654958725,0.032206144,-6.405414581298828,-2.64891742,1258.0
165376,1326,29,11,-0.007150843972340226,0.10169165581464767,0.2,0.9770305752754211,1.3275332660414279,0.048583984375,5152,0.0004092704424510632,-43.09686636924744,0.008268173,0.32422536611557007,-2.64891742,1258.0
165888,1326,30,11,-0.02667565652518533,-0.04188862815499306,0.2,0.976669430732727,0.009840273174631875,0.2550048828125,5168,0.0004092704424510632,-43.0950208902359,0.023278132,-11.199161529541016,-2.64891742,1258.0
166400,1325,31,11,-0.023678993558860384,-0.027616852894425392,0.2,0.9776306748390198,0.002020968582655769,0.22021484375,5184,0.0004092704424510632,-43.095864057540894,0.013889702,0.0021682381629943848,-2.6499425499999996,1258.0
166912,1324,32,12,-0.009012364622321911,0.07067491859197617,0.2,0.9783446192741394,0.955678915604949,0.0277099609375,5200,0.0004092704424510632,-43.12583124637604,0.008504922,0.27611327171325684,-2.6499425499999996,1258.0
167424,1323,33,12,-0.026599068951327354,-0.028137443587183952,0.2,0.9781836867332458,0.01709986466448754,0.2818603515625,5216,0.0004092704424510632,-43.134896755218506,0.02210018,-5.23232889175415,-2.65052552,1258.0
167936,1322,34,13,-0.004282651945686666,0.15432007610797882,0.2,0.9778622984886169,1.8025013175792992,0.023681640625,5232,0.0004092704424510632,-43.12031412124634,0.00504995,0.2101963758468628,-2.65052552,1258.0
168448,1321,35,13,-0.027599887172982562,-0.037096913903951645,0.2,0.9770433902740479,0.004799056005140301,0.32275390625,5248,0.0004092704424510632,-43.10411870479584,0.030374099,-2.61712384223938,-2.65052552,1258.0
168960,1319,36,13,-0.02793485260917805,-0.03745979815721512,0.2,0.9776048064231873,0.00353024186915718,0.275390625,5264,0.0004092704424510632,-43.09370446205139,0.01721787,-0.0017355680465698242,-2.6492981600000003,1258.0
169472,1319,37,14,-0.007614222326083109,0.2067127823829651,0.2,0.9778257608413696,1.6529547655954957,0.0101318359375,5280,0.0004092704424510632,-43.110355734825134,0.0049625672,0.06446921825408936,-2.6492981600000003,1258.0
169984,1318,38,14,-0.028099588555051014,-0.037422362715005875,0.2,0.9767757058143616,0.013996436304296367,0.270263671875,5296,0.0004092704424510632,-43.097681760787964,0.022483848,-7.436367034912109,-2.6497433200000002,1258.0
170496,1317,39,15,-0.007483524037525058,0.1481274664402008,0.2,0.9765910506248474,1.2931026704609394,0.05859375,5312,0.0004092704424510632,-43.07201099395752,0.0073338817,0.11037474870681763,-2.6497433200000002,1258.0
171008,1316,40,15,-0.023813063380657695,-0.02754933014512062,0.2,0.9794031381607056,0.005915492911299225,0.248291015625,5328,0.0004092704424510632,-43.11088299751282,0.017383553,-0.6798604726791382,-2.6497433200000002,1258.0
171520,1314,41,15,-0.021783083298942074,-0.03363526239991188,0.2,0.9802798628807068,0.004744736936117988,0.2353515625,5344,0.0004092704424510632,-43.18305695056915,0.02015746,0.2663225531578064,-2.6504810099999996,1258.0
172032,1314,42,16,-0.007658310663828161,0.09462717920541763,0.2,0.980536162853241,0.6478611840866506,0.056396484375,5360,0.0004092704424510632,-43.19830870628357,0.013567492,0.5533292293548584,-2.6504810099999996,1258.0
172544,1313,43,16,-0.024441965739242733,0.18651024997234344,0.2,0.9829784631729126,0.5395402247086167,0.2010498046875,5376,0.0004092704424510632,-43.232333183288574,0.02203032,-0.23828089237213135,-2.6515675999999995,1258.0
173056,1313,44,17,-0.01948770129820332,0.4862092435359955,0.2,0.9838831424713135,1.3059177994728088,0.1512451171875,5392,0.0004092704424510632,-43.30315589904785,0.01850307,0.7969900369644165,-2.6515675999999995,1258.0
173568,1313,45,17,-0.02262543493998237,0.2192043662071228,0.2,0.9837885499000549,0.5552836321294308,0.2213134765625,5408,0.0004092704424510632,-43.30926752090454,0.027444715,-0.13057565689086914,-2.6515675999999995,1258.0
174080,1311,46,17,-0.013066485000308603,0.6109305620193481,0.2,0.9837440252304077,1.509967602789402,0.09716796875,5424,0.0004092704424510632,-43.30805432796478,0.012134962,0.6782544851303101,-2.6500705799999995,1258.0
174592,1311,47,18,-0.024504590895958245,-0.008110124617815018,0.2,0.9837286472320557,0.09321446600370109,0.182861328125,5440,0.0004092704424510632,-43.305450439453125,0.020142699,0.9772704839706421,-2.6500705799999995,1258.0
175104,1311,48,18,-0.019118262629490346,0.01943967491388321,0.2,0.983612596988678,0.16301189037039876,0.23486328125,5456,0.0004092704424510632,-43.30399417877197,0.02753928,-4.324380874633789,-2.6504847999999996,1258.0
175616,1310,49,19,-0.005872648980584927,0.16772615909576416,0.2,0.9834095239639282,0.9709120700135827,0.037353515625,5472,0.0004092704424510632,-43.28988337516785,0.007982652,0.6486243605613708,-2.6504847999999996,1258.0
176128,1310,50,19,-0.027527323240065016,-0.03114522062242031,0.2,0.9832867980003357,0.04681609373074025,0.3121337890625,5488,0.0004092704424510632,-43.286908745765686,0.034348384,-4.830262660980225,-2.64848593,1258.0
176640,1309,51,19,-0.010108981601661071,0.09015287458896637,0.2,0.98329097032547,0.7396638905629516,0.08154296875,5504,0.0004092704424510632,-43.278509855270386,0.011283074,0.3575029969215393,-2.64848593,1258.0
177152,1309,52,20,-0.02628683630609885,-0.03721490129828453,0.2,0.9820129871368408,0.009165268145807204,0.2506103515625,5520,0.0004092704424510632,-43.267638087272644,0.015229708,-2.669792652130127,-2.64848593,1258.0
177664,1309,53,20,-0.022387079749023542,-0.022567886859178543,0.2,0.9818508625030518,0.0030295331562228967,0.2659912109375,5536,0.0004092704424510632,-43.22783648967743,0.019175764,-0.0037469863891601562,-2.64626802,1258.0
178176,1308,54,21,-0.0013530852302210405,0.11056158691644669,0.2,0.9816049337387085,0.8321425961330533,0.0247802734375,5552,0.0004092704424510632,-43.22878074645996,0.008369349,0.3591466546058655,-2.64626802,1258.0
178688,1308,55,21,-0.02668497068225406,-0.030104732140898705,0.2,0.9803494811058044,0.011965233163209632,0.308349609375,5568,0.0004092704424510632,-43.200939774513245,0.026087437,-1.9891436100006104,-2.6489865200000002,1258.0
179200,1308,56,21,-0.010132394192623906,0.09887108206748962,0.2,0.9800090789794922,0.7235135245136917,0.055419921875,5584,0.0004092704424510632,-43.17116606235504,0.010726882,0.4514710307121277,-2.6489865200000002,1258.0
179712,1308,57,22,-0.02427997757331468,-0.026479270309209824,0.2,0.9805633425712585,0.008978910758742131,0.274169921875,5600,0.0004092704424510632,-43.17394733428955,0.021666601,-0.5164769887924194,-2.6489865200000002,1258.0
180224,1307,58,22,-0.02058327861595899,-0.024635720998048782,0.2,0.9808723330497742,0.0024216218262154143,0.189453125,5616,0.0004092704424510632,-43.179641008377075,0.014242994,-0.20995843410491943,-2.6501237100000004,1258.0
180736,1307,59,23,-0.009696935972897336,0.0690600723028183,0.2,0.9810907244682312,0.9176806858740747,0.017822265625,5632,0.0004092704424510632,-43.18627905845642,0.007677617,0.4496645927429199,-2.6501237100000004,1258.0
181248,1307,60,23,-0.01872894114057999,-0.018080856651067734,0.2,0.9811335802078247,0.0312993829138577,0.188720703125,5648,0.0004092704424510632,-43.19195640087128,0.014026949,-3.9439592361450195,-2.6498939900000007,1258.0
181760,1307,61,23,-0.005221749292104505,0.14716783165931702,0.2,0.9811883568763733,0.8882096018642187,0.02783203125,5664,0.0004092704424510632,-43.192121386528015,0.0071800007,0.23495429754257202,-2.6498939900000007,1258.0
182272,1307,62,24,-0.023315905389608815,-0.04100979119539261,0.2,0.9806349873542786,0.006769561776309274,0.2510986328125,5680,0.0004092704424510632,-43.182432532310486,0.019552108,-0.40394091606140137,-2.6498939900000007,1258.0
182784,1306,63,24,-0.02986291269917274,-0.04379410669207573,0.2,0.9805532693862915,0.00239715020506992,0.2877197265625,5696,0.0004092704424510632,-43.16992664337158,0.01903063,-0.6262542009353638,-2.65037203,1258.0
183296,1306,64,25,-0.0075937968358630314,0.08146390318870544,0.2,0.9804432988166809,0.8863603817299008,0.0350341796875,5712,0.0004092704424510632,-43.164780497550964,0.00986878,0.4251200556755066,-2.65037203,1258.0
183808,1306,65,25,-0.02132164228532929,-0.02276703715324402,0.2,0.9802786111831665,0.030330394336488098,0.2412109375,5728,0.0004092704424510632,-43.1555290222168,0.028388847,-4.688845634460449,-2.64957339,1258.0
184320,1307,66,25,-0.007447443924320396,0.09610474854707718,0.2,0.9806821942329407,0.824612095952034,0.0626220703125,5744,0.0004092704424510632,-43.161208510398865,0.010351865,0.2578386664390564,-2.64957339,1258.0
184832,1306,67,26,-0.023269334647920914,-0.016205914318561554,0.2,0.980803370475769,0.009000069796456955,0.2811279296875,5760,0.0004092704424510632,-43.16721594333649,0.022450753,-6.494130611419678,-2.64957339,1258.0
185344,1306,68,26,-0.027769809210440144,-0.03989316523075104,0.2,0.9806467890739441,0.0031907997145026457,0.26611328125,5776,0.0004092704424510632,-43.163971066474915,0.016394328,0.08714354038238525,-2.65111618,1258.0
185856,1306,69,27,-0.008449182634649333,0.07503380626440048,0.2,0.9810391664505005,0.7311307275667787,0.0396728515625,5792,0.0004092704424510632,-43.16467773914337,0.011233874,0.3088059425354004,-2.65111618,1258.0
186368,1306,70,27,-0.026299108256353065,-0.02989279106259346,0.2,0.9807882905006409,0.017516067513497546,0.2603759765625,5808,0.0004092704424510632,-43.171544432640076,0.024534663,-4.224734783172607,-2.6502100999999993,1258.0
186880,1305,71,27,-0.005375852597353514,0.1855103075504303,0.2,0.9805611371994019,0.8716161283664405,0.0296630859375,5824,0.0004092704424510632,-43.16078495979309,0.0077428203,0.3158038258552551,-2.6502100999999993,1258.0
187392,1305,72,28,-0.022520811849972233,-0.025471433997154236,0.2,0.9786055684089661,0.026275380805600435,0.273193359375,5840,0.0004092704424510632,-43.132437109947205,0.038292684,-3.527812957763672,-2.6502100999999993,1258.0
187904,1305,73,28,-0.026958465634379536,-0.0429864376783371,0.2,0.9760082960128784,0.003066858676902484,0.239990234375,5856,0.0004092704424510632,-43.058149099349976,0.016086875,0.3565889596939087,-2.649538829999999,1258.0
188416,1305,74,29,-0.023316992577747442,0.014087464660406113,0.2,0.9748377203941345,0.42532624246086925,0.1336669921875,5872,0.0004092704424510632,-42.99536728858948,0.018442001,0.4393806457519531,-2.649538829999999,1258.0
188928,1304,75,29,-0.02159513795049861,-0.025270430371165276,0.2,0.9733948707580566,0.01976476825075224,0.2513427734375,5888,0.0004092704424510632,-42.95781993865967,0.022102475,-4.877571105957031,-2.6478023499999996,1258.0
189440,1304,76,29,-0.012875421103672124,0.11758788675069809,0.2,0.9727628827095032,0.8439235803671181,0.078125,5904,0.0004092704424510632,-42.9183748960495,0.01371708,0.2849586606025696,-2.6478023499999996,1258.0
189952,1304,77,30,-0.026387383608380333,-0.024434570223093033,0.2,0.9729498624801636,0.023269671422895044,0.32421875,5920,0.0004092704424510632,-42.90892291069031,0.035475142,-4.679272651672363,-2.6478023499999996,1258.0
190464,1304,78,30,-0.019319108949275687,0.034399013966321945,0.2,0.9727182984352112,0.33939884463325143,0.163818359375,5936,0.0004092704424510632,-42.90889763832092,0.023703478,0.4150099754333496,-2.64973973,1258.0
190976,1304,79,31,-0.017946519394172356,-0.026458218693733215,0.2,0.971044659614563,0.06345067061192822,0.3497314453125,5952,0.0004092704424510632,-42.87800633907318,0.041631393,0.8784022331237793,-2.64973973,1258.0
191488,1304,80,31,-0.02234052258427255,-0.03116467036306858,0.2,0.9707849621772766,0.008003379531146493,0.274658203125,5968,0.0004092704424510632,-42.84263527393341,0.022117544,-10.828658103942871,-2.64865583,1258.0
192000,1303,81,31,-0.006485940815764479,0.08865369856357574,0.2,0.9707406163215637,0.8919147904962301,0.0863037109375,5984,0.0004092704424510632,-42.83902955055237,0.007470511,0.21583861112594604,-2.64865583,1258.0
192512,1303,82,32,-0.024195135425543413,-0.030763328075408936,0.2,0.9705463647842407,0.007859521603677422,0.27294921875,6000,0.0004092704424510632,-42.83207404613495,0.023059016,-2.1973588466644287,-2.6489316400000003,1258.0
193024,1303,83,32,-0.010639581028954126,0.15260447561740875,0.2,0.9705121517181396,0.9238492590375245,0.0535888671875,6016,0.0004092704424510632,-42.82375943660736,0.010399677,0.2326432466506958,-2.6489316400000003,1258.0
193536,1303,84,33,-0.023305067225010134,-0.0323813371360302,0.2,0.9688358306884766,0.0073427693350822665,0.238037109375,6032,0.0004092704424510632,-42.80118799209595,0.020552924,-3.255789279937744,-2.6489316400000003,1258.0
194048,1303,85,33,-0.030023105209693313,-0.04497930407524109,0.2,0.9684353470802307,0.0024653475848026574,0.311279296875,6048,0.0004092704424510632,-42.75235879421234,0.022706054,-0.05779147148132324,-2.6496139800000003,1258.0
194560,1303,86,33,-0.011589459085371345,0.06572520732879639,0.2,0.9686279296875,0.7826187591999769,0.0709228515625,6064,0.0004092704424510632,-42.75773644447327,0.012206687,0.43795549869537354,-2.6496139800000003,1258.0
195072,1302,87,34,-0.030516053055180237,-0.04105835780501366,0.2,0.9692349433898926,0.009054246489540674,0.31884765625,6080,0.0004092704424510632,-42.76856815814972,0.023017544,-3.2688350677490234,-2.65041743,1258.0
195584,1302,88,34,-0.011901504127308726,0.07536238431930542,0.2,0.9695870280265808,1.4697454390116036,0.0377197265625,6096,0.0004092704424510632,-42.790512442588806,0.008987272,0.05638992786407471,-2.65041743,1258.0
196096,1303,89,34,-0.03076581070490647,-0.03410504013299942,0.2,0.9695336818695068,0.006344665671349503,0.2991943359375,6112,0.0004092704424510632,-42.79357290267944,0.028514229,-1.2834210395812988,-2.65041743,1258.0
196608,1302,90,35,-0.030580614518839866,-0.03756595402956009,0.2,0.9694457650184631,0.002040310040683835,0.3177490234375,6128,0.0004092704424510632,-42.791643500328064,0.021246541,-0.3061937093734741,-2.65103994,1258.0
197120,1302,91,35,-0.008508225626428612,0.07428835332393646,0.2,0.9693507552146912,1.0552695617079735,0.0115966796875,6144,0.0004092704424510632,-42.79078447818756,0.006442354,0.38147151470184326,-2.65103994,1258.0
197632,1302,92,36,-0.022175928948854562,-0.028592657297849655,0.2,0.9692330956459045,0.024374499975237995,0.2545166015625,6160,0.0004092704424510632,-42.783305406570435,0.027161893,-6.562845706939697,-2.65098077,1258.0
198144,1302,93,36,-0.0015604715881636366,0.1264978051185608,0.2,0.9692308902740479,0.9724688013084233,0.120361328125,6176,0.0004092704424510632,-42.778114676475525,0.00834634,0.2518097758293152,-2.65098077,1258.0
198656,1302,94,36,-0.024979528156109154,-0.03802148252725601,0.2,0.9701211452484131,0.008224657583923545,0.274658203125,6192,0.0004092704424510632,-42.784687519073486,0.027206121,-6.358821392059326,-2.65098077,1258.0
199168,1302,95,37,-0.028933661727933213,-0.03311483561992645,0.2,0.9697721004486084,0.0032148095124284737,0.2772216796875,6208,0.0004092704424510632,-42.80043959617615,0.017645184,-0.01762974262237549,-2.64948721,1258.0
199680,1302,96,37,-0.011154765932587907,0.07374352216720581,0.2,0.9693776369094849,1.006048392970115,0.0369873046875,6224,0.0004092704424510632,-42.77533543109894,0.008724123,0.38545018434524536,-2.64948721,1258.0
200192,1302,97,38,-0.02035958423221018,-0.008783537894487381,0.2,0.968790590763092,0.022936563880648464,0.2584228515625,6240,0.0004092704424510632,-42.7647739648819,0.027258523,-5.743180274963379,-2.64883013,1258.0
200704,1302,98,38,-0.005025439211749472,0.1403268277645111,0.2,0.9687305092811584,1.656095358543098,0.014404296875,6256,0.0004092704424510632,-42.753347992897034,0.005308136,0.20375829935073853,-2.64883013,1258.0
201216,1302,99,38,-0.022416641120798886,-0.00940638966858387,0.2,0.9701984524726868,0.04858222254551947,0.229736328125,6272,0.0004092704424510632,-42.77482724189758,0.0153602455,-0.07585287094116211,-2.64883013,1258.0
201728,1302,100,39,-0.02027857833309099,-0.028605639934539795,0.2,0.9703843593597412,0.003974480590841267,0.204345703125,6288,0.0004092704424510632,-42.80681240558624,0.012087693,0.02036207914352417,-2.6487672200000003,1258.0
202240,1301,101,39,-0.012075118080247194,0.02379879541695118,0.2,0.9700052738189697,0.8937634993344545,0.068603515625,6304,0.0004092704424510632,-42.79806184768677,0.018570734,0.16946494579315186,-2.6487672200000003,1258.0
202752,1301,102,40,-0.02878606600279454,-0.03790409490466118,0.2,0.9682574272155762,0.010382629159721546,0.2960205078125,6320,0.0004092704424510632,-42.77064275741577,0.025506277,-4.293029308319092,-2.64651791,1258.0
203264,1301,103,40,-0.007889512271503918,0.09903216361999512,0.2,0.9677147269248962,1.6532876077108085,0.0418701171875,6336,0.0004092704424510632,-42.72990417480469,0.008089065,0.25704318284988403,-2.64651791,1258.0
203776,1300,104,40,-0.025235590030206367,-0.02734293043613434,0.2,0.9702013731002808,0.017029216804075986,0.2674560546875,6352,0.0004092704424510632,-42.75817346572876,0.021204516,-0.8211973905563354,-2.64651791,1258.0
204288,1300,105,41,-0.023607538212672807,-0.03104005567729473,0.2,0.9719468355178833,0.005186615519050974,0.24462890625,6368,0.0004092704424510632,-42.84186041355133,0.018772412,0.3356572985649109,-2.64466047,1258.0
204800,1300,106,41,-0.016124642512295395,-0.028294026851654053,0.2,0.9717469811439514,0.24372803966980428,0.1466064453125,6384,0.0004092704424510632,-42.86993587017059,0.0278938,0.4525696039199829,-2.64466047,1258.0
205312,1300,107,42,-0.023858865941292606,-0.02486860565841198,0.2,0.9735724329948425,0.011899880759301595,0.27490234375,6400,0.0004092704424510632,-42.87085294723511,0.023435473,-9.997123718261719,-2.6448300999999996,1258.0
205824,1301,108,42,-0.018089520977810025,0.13944780826568604,0.2,0.9741969704627991,1.3160790763795376,0.0755615234375,6416,0.0004092704424510632,-42.92064392566681,0.011289867,0.09542107582092285,-2.6448300999999996,1258.0
206336,1301,109,42,-0.022934625623747706,-0.026222670450806618,0.2,0.9742061495780945,0.00508015926607186,0.2803955078125,6432,0.0004092704424510632,-42.92176961898804,0.020455908,-0.8779792785644531,-2.6432802300000002,1258.0
206848,1301,110,43,-0.004022600282041822,0.1422988474369049,0.2,0.9739494323730469,1.0438116500154138,0.0274658203125,6448,0.0004092704424510632,-42.911104798316956,0.009566912,0.5111080408096313,-2.6432802300000002,1258.0
207360,1301,111,43,-0.022987031916272826,-0.04305744171142578,0.2,0.9707890748977661,0.003057974055991508,0.25,6464,0.0004092704424510632,-42.86492586135864,0.014126554,-3.1469345092773438,-2.6432802300000002,1258.0
207872,1300,112,44,-0.029222860845038667,-0.03740467503666878,0.2,0.9699112176895142,0.003201890522177564,0.2874755859375,6480,0.0004092704424510632,-42.7840301990509,0.024268234,-0.27234983444213867,-2.6441707500000002,1258.0
208384,1300,113,44,-0.007453462356352247,0.09156468510627747,0.2,0.970054566860199,1.3164168181829154,0.0157470703125,6496,0.0004092704424510632,-42.78027880191803,0.006460893,0.42336469888687134,-2.6441707500000002,1258.0
208896,1300,114,44,-0.02606786906835623,-0.03857292979955673,0.2,0.9681585431098938,0.02669359414721839,0.2689208984375,6512,0.0004092704424510632,-42.761165380477905,0.026532408,-6.2054009437561035,-2.6447474199999994,1258.0
209408,1300,115,45,-0.007469318938092329,0.1676856130361557,0.2,0.9674550890922546,1.5752563858404756,0.0684814453125,6528,0.0004092704424510632,-42.71451461315155,0.009585019,0.2234242558479309,-2.6447474199999994,1258.0
209920,1300,116,45,-0.021598749939585105,-0.025220107287168503,0.2,0.9669709205627441,0.005445855153084267,0.2587890625,6544,0.0004092704424510632,-42.7013943195343,0.024948034,-1.1813178062438965,-2.6447474199999994,1258.0
210432,1300,117,46,-0.029994810203788802,-0.04539482295513153,0.2,0.9672368764877319,0.0021165474063309375,0.256103515625,6560,0.0004092704424510632,-42.70088994503021,0.015696282,-0.4076981544494629,-2.6464954199999995,1258.0
210944,1300,118,46,0.00011177862324984744,0.11613526195287704,0.2,0.9670771956443787,1.1945981085300446,0.017333984375,6576,0.0004092704424510632,-42.70751714706421,0.0058506434,0.4109446406364441,-2.6464954199999995,1258.0
211456,1299,119,46,-0.024287756241392344,-0.024616898968815804,0.2,0.9684045314788818,0.028384634293615818,0.2691650390625,6592,0.0004092704424510632,-42.71759653091431,0.022090364,-6.079432487487793,-2.644794069999999,1258.0
211968,1300,120,47,-0.008195262984372675,0.1158357560634613,0.2,0.9690302014350891,1.8571470035240054,0.031005859375,6608,0.0004092704424510632,-42.76099455356598,0.0073740603,0.2121914029121399,-2.644794069999999,1258.0
212480,1299,121,47,-0.029198897085734643,-0.03534108027815819,0.2,0.9669131636619568,0.0069682782486779615,0.25244140625,6624,0.0004092704424510632,-42.738980174064636,0.019390412,-0.6899951696395874,-2.644794069999999,1258.0
212992,1299,122,48,-0.025563953851815313,-0.02997579425573349,0.2,0.9647772908210754,0.0032100409553095233,0.2362060546875,6640,0.0004092704424510632,-42.66154408454895,0.016219212,-0.0005056858062744141,-2.6448529199999995,1258.0
213504,1299,123,48,-0.010018516833952162,0.10440012812614441,0.2,0.9643383026123047,1.3240634053945541,0.0665283203125,6656,0.0004092704424510632,-42.6170175075531,0.011320149,0.10536831617355347,-2.6448529199999995,1258.0
214016,1299,124,48,-0.021458976028952748,-0.022261967882514,0.2,0.9656396508216858,0.009560240054270253,0.245361328125,6672,0.0004092704424510632,-42.62842929363251,0.019146185,-3.138101100921631,-2.6445035900000007,1258.0
214528,1299,125,49,-0.008620271859399509,0.2210770696401596,0.2,0.9661192297935486,1.354177974164486,0.0145263671875,6688,0.0004092704424510632,-42.6618355512619,0.0063262247,0.35024529695510864,-2.6445035900000007,1258.0
215040,1299,126,49,-0.025058972285478376,-0.028059329837560654,0.2,0.9623364806175232,0.00632724223396508,0.266357421875,6704,0.0004092704424510632,-42.617422699928284,0.025260473,-1.4024250507354736,-2.6445035900000007,1258.0
215552,1299,127,50,-0.026647289647371508,-0.026345811784267426,0.2,0.961304247379303,0.006096442797570489,0.2623291015625,6720,0.0004092704424510632,-42.510213971138,0.016732387,0.30174946784973145,-2.6437951100000006,1258.0
216064,1299,128,50,-0.004859917025896721,0.07573990523815155,0.2,0.9614205956459045,0.785273838788271,0.060791015625,6736,0.0004092704424510632,-42.50969994068146,0.0070830924,0.5979799032211304,-2.6437951100000006,1258.0
216576,1299,129,50,-0.023926144727738574,0.25664687156677246,0.2,0.9613965153694153,0.6047313762828708,0.2740478515625,6752,0.0004092704424510632,-42.50922334194183,0.038542863,-0.27139508724212646,-2.64531412,1258.0
217088,1299,130,51,-0.00443278782768175,0.38269487023353577,0.2,0.9614688754081726,1.2953817434608936,0.0794677734375,6768,0.0004092704424510632,-42.51471030712128,0.007831009,0.7974584102630615,-2.64531412,1258.0
217600,1299,131,51,-0.026303382008336484,0.06268846988677979,0.2,0.9612888693809509,0.22896406892687082,0.275634765625,6784,0.0004092704424510632,-42.512758016586304,0.031642813,-0.6977390050888062,-2.64531412,1258.0
218112,1299,132,52,-0.015977351376932347,0.4927082657814026,0.2,0.9609330892562866,1.0686060134321451,0.0667724609375,6800,0.0004092704424510632,-42.50431442260742,0.013847778,0.677587628364563,-2.6455587199999995,1258.0
218624,1299,133,52,-0.023671156784985214,-0.00910189189016819,0.2,0.9619203209877014,0.038227810931857675,0.2598876953125,6816,0.0004092704424510632,-42.51058745384216,0.020981863,0.9924405217170715,-2.6455587199999995,1258.0
219136,1299,134,52,-0.019363769810297526,-0.03385471552610397,0.2,0.9602110385894775,0.029071944969473407,0.2486572265625,6832,0.0004092704424510632,-42.513219237327576,0.02272833,-10.531758308410645,-2.6428644399999994,1258.0
219648,1299,135,53,-0.0017308294045506045,0.27593767642974854,0.2,0.9594506621360779,1.3157260064035654,0.0986328125,6848,0.0004092704424510632,-42.458531498909,0.006148627,0.11517459154129028,-2.6428644399999994,1258.0
220160,1299,136,53,-0.02733163353696,-0.03359038755297661,0.2,0.9571941494941711,0.0070027540205046535,0.281982421875,6864,0.0004092704424510632,-42.42104661464691,0.021274626,-0.0692911148071289,-2.6460797399999993,1258.0
220672,1299,137,53,-0.012481521640438586,0.18439939618110657,0.2,0.9563558101654053,1.0564657673239708,0.0460205078125,6880,0.0004092704424510632,-42.35946762561798,0.009647414,0.5846554636955261,-2.6460797399999993,1258.0
221184,1299,138,54,-0.026584350533084944,-0.036259472370147705,0.2,0.9568412899971008,0.003355564855155535,0.3018798828125,6896,0.0004092704424510632,-42.353777050971985,0.021379907,-3.0617012977600098,-2.6460797399999993,1258.0
221696,1299,139,54,-0.02719840797362849,-0.03615163266658783,0.2,0.9570276737213135,0.003266412426455645,0.305908203125,6912,0.0004092704424510632,-42.370885133743286,0.02513561,-0.24190294742584229,-2.6473920899999994,1258.0
222208,1299,140,55,-0.011969966377364472,0.17353752255439758,0.2,0.9569603204727173,1.012110507581383,0.06982421875,6928,0.0004092704424510632,-42.37095010280609,0.010827691,0.46367526054382324,-2.6473920899999994,1258.0
222720,1299,141,55,-0.02804305921017658,-0.03366123139858246,0.2,0.9571952819824219,0.008672772542922758,0.30224609375,6944,0.0004092704424510632,-42.37329399585724,0.028445296,-3.715332508087158,-2.6459124800000002,1258.0
223232,1299,142,55,-0.008081313178990968,0.197760209441185,0.2,0.9571255445480347,1.3538713520392776,0.06787109375,6960,0.0004092704424510632,-42.38147258758545,0.00664471,0.4193180203437805,-2.6459124800000002,1258.0
223744,1299,143,56,-0.02736112019920256,-0.023168137297034264,0.2,0.9564139246940613,0.006717791788105387,0.311767578125,6976,0.0004092704424510632,-42.37287402153015,0.022135656,-1.2883858680725098,-2.6459124800000002,1258.0
224256,1299,144,56,-0.029795935974107124,-0.0306024719029665,0.2,0.9566749334335327,0.002134056128852535,0.2681884765625,6992,0.0004092704424510632,-42.35386300086975,0.01915769,-0.3003791570663452,-2.64646367,1258.0
224768,1299,145,57,-0.009264244072255678,0.10136245936155319,0.2,0.9567952156066895,1.1678092502988875,0.0333251953125,7008,0.0004092704424510632,-42.35844099521637,0.007475225,0.44346117973327637,-2.64646367,1258.0
225280,1299,146,57,-0.017599142112885602,-0.011167613789439201,0.2,0.9580159187316895,0.024211480253143236,0.2454833984375,7024,0.0004092704424510632,-42.37007522583008,0.022093179,-5.554807186126709,-2.6470647900000004,1258.0
225792,1299,147,57,-0.010952070333587471,0.11504140496253967,0.2,0.9586440324783325,1.6661190958693624,0.0205078125,7040,0.0004092704424510632,-42.410712361335754,0.0071026124,0.24004322290420532,-2.6470647900000004,1258.0
226304,4205,1,0,-0.022793068637838587,-0.026828758418560028,0.2,0.9566386938095093,0.00511044839367969,0.277099609375,7056,0.0004092704424510632,-42.38878035545349,0.024664316,-1.2482450008392334,-2.6470647900000004,1258.0
226816,1964,2,0,-0.027935999518376775,-0.04011726751923561,0.2,0.955761730670929,0.002784032363706501,0.25537109375,7072,0.0004092704424510632,-42.33207845687866,0.017356973,-0.0007388591766357422,-2.6457472300000004,1258.0
227328,1663,3,0,-0.009709502293844707,0.2211621105670929,0.2,0.9556539058685303,1.6536585604771972,0.047119140625,7088,0.0004092704424510632,-42.33031737804413,0.008428313,0.10938459634780884,-2.6457472300000004,1258.0
227840,1560,4,1,-0.026712437873356976,-0.03535827249288559,0.2,0.955314576625824,0.014024954114574939,0.3089599609375,7104,0.0004092704424510632,-42.327455163002014,0.030731797,-5.79083251953125,-2.645347890000001,1258.0
228352,1494,5,1,-0.004403397208079696,0.2237401008605957,0.2,0.9549596309661865,1.3468385697342455,0.052734375,7120,0.0004092704424510632,-42.31380498409271,0.008116556,0.16548609733581543,-2.645347890000001,1258.0
228864,1448,6,2,-0.02628565568011254,-0.03805111348628998,0.2,0.9569660425186157,0.006254285181057639,0.271484375,7136,0.0004092704424510632,-42.32884109020233,0.017993728,-0.1410202980041504,-2.645347890000001,1258.0
229376,1425,7,2,-0.02670717510045506,-0.03175366297364235,0.2,0.9571757316589355,0.0029788939173158724,0.2607421875,7152,0.0004092704424510632,-42.36581349372864,0.020585658,0.10211467742919922,-2.641051800000001,1258.0
229888,1409,8,2,-0.003949590784031898,0.07626589387655258,0.2,0.9565762877464294,0.9699667957611382,0.0487060546875,7168,0.0004092704424510632,-42.34672129154205,0.0065669166,0.5016746520996094,-2.641051800000001,1258.0
230400,1394,9,3,-0.024778737002634443,-0.023203179240226746,0.2,0.9574457406997681,0.03591351368231699,0.2659912109375,7184,0.0004092704424510632,-42.34270513057709,0.02392094,-8.986912727355957,-2.63821675,1258.0
230912,1381,10,3,-0.004811888240510598,0.19838735461235046,0.2,0.9579750299453735,1.61213088221848,0.0689697265625,7200,0.0004092704424510632,-42.37986385822296,0.004497326,0.20766758918762207,-2.63821675,1258.0
231424,1369,11,4,-0.02997933882579673,-0.03285987302660942,0.2,0.9582619071006775,0.014006686251377687,0.3187255859375,7216,0.0004092704424510632,-42.3861209154129,0.025895342,-0.9023908376693726,-2.63821675,1258.0
231936,1360,12,4,-0.024173865152988583,-0.029898902401328087,0.2,0.9602385759353638,0.002808877390634734,0.2364501953125,7232,0.0004092704424510632,-42.41625356674194,0.017573595,0.16560661792755127,-2.6374419500000004,1258.0
232448,1353,13,4,-0.011436588989454322,0.028439830988645554,0.2,0.9604851007461548,0.6940592150203884,0.0906982421875,7248,0.0004092704424510632,-42.44760036468506,0.011976061,0.2115628719329834,-2.6374419500000004,1258.0
232960,1349,14,5,-0.021325979789253324,-0.024171311408281326,0.2,0.9596489071846008,0.010648218041751534,0.2093505859375,7264,0.0004092704424510632,-42.43717908859253,0.013849695,-0.713351845741272,-2.63664487,1258.0
233472,1343,15,5,-0.009349596963147633,0.07221956551074982,0.2,0.9593576788902283,1.2547945477999747,0.044677734375,7280,0.0004092704424510632,-42.4101402759552,0.00873866,0.36896049976348877,-2.63664487,1258.0
233984,1338,16,6,-0.03257551607384812,-0.03246734291315079,0.2,0.9587175846099854,0.007446471892762929,0.343017578125,7296,0.0004092704424510632,-42.40403962135315,0.028197382,-0.9852399826049805,-2.63664487,1258.0
234496,1333,17,6,-0.023491750500397757,0.14910288155078888,0.2,0.9572970271110535,0.25885900226421654,0.2047119140625,7312,0.0004092704424510632,-42.37077224254608,0.020317711,0.4066242575645447,-2.6367740900000003,1258.0
235008,1328,18,6,-0.012958397914189845,-0.015464367344975471,0.2,0.957370400428772,0.05440342657675501,0.199462890625,7328,0.0004092704424510632,-42.34407293796539,0.018246675,0.6894576549530029,-2.6367740900000003,1258.0
235520,1325,19,7,-0.021650856055202894,-0.02620377577841282,0.2,0.9567919373512268,0.004503107666096184,0.233154296875,7344,0.0004092704424510632,-42.34019684791565,0.014589824,-3.761432647705078,-2.6350204900000005,1258.0
236032,1321,20,7,-0.007125842108507641,0.10788476467132568,0.2,0.9567994475364685,1.7051491835154593,0.060302734375,7360,0.0004092704424510632,-42.33415913581848,0.008543272,0.21689659357070923,-2.6350204900000005,1258.0
236544,1319,21,8,-0.03205694240750745,-0.04523647949099541,0.2,0.9574484825134277,0.008520032570231706,0.2935791015625,7376,0.0004092704424510632,-42.33868432044983,0.025413044,-0.8333969116210938,-2.63516896,1258.0
237056,1315,22,8,-0.004237773893692065,0.25429031252861023,0.2,0.9576696753501892,1.3943230286240578,0.0218505859375,7392,0.0004092704424510632,-42.350335001945496,0.005916827,0.10658955574035645,-2.63516896,1258.0
237568,1309,23,8,-0.02303137822309509,-0.03660036623477936,0.2,0.9561132192611694,0.003660953923827037,0.2430419921875,7408,0.0004092704424510632,-42.33332657814026,0.022366967,-0.30063772201538086,-2.63516896,1258.0
238080,1305,24,9,-0.025610558412154205,-0.039040371775627136,0.2,0.9541833400726318,0.0023458843970729504,0.2430419921875,7424,0.0004092704424510632,-42.2748281955719,0.018007763,-0.16155946254730225,-2.63526655,1258.0
238592,1302,25,9,0.0008591546938987449,0.28273993730545044,0.2,0.9536522030830383,1.3145041884854436,0.02099609375,7440,0.0004092704424510632,-42.23647320270538,0.00432018,0.47515231370925903,-2.63526655,1258.0
239104,1299,26,10,-0.025882857880787924,-0.01965206116437912,0.2,0.9554181694984436,0.010869398043723777,0.2694091796875,7456,0.0004092704424510632,-42.25663959980011,0.026126005,-1.5477941036224365,-2.63512243,1258.0
239616,1298,27,10,-0.00517169800150441,0.18224792182445526,0.2,0.9559256434440613,1.4917667573317885,0.006591796875,7472,0.0004092704424510632,-42.2971066236496,0.004861648,0.43570923805236816,-2.63512243,1258.0
240128,1297,28,11,-0.027148395020049065,-0.040577590465545654,0.2,0.9554077386856079,0.0071513453221996315,0.277587890625,7488,0.0004092704424510632,-42.291234612464905,0.023679428,-3.633138656616211,-2.63512243,1258.0
240640,1296,29,11,-0.025610623895772733,-0.035121750086545944,0.2,0.953855574131012,0.0017068545112124411,0.2125244140625,7504,0.0004092704424510632,-42.25394546985626,0.015763953,-0.08229124546051025,-2.63457217,1258.0
241152,1294,30,11,-0.010659421575837769,0.1855582892894745,0.2,0.9534255862236023,1.2196245579980314,0.0335693359375,7520,0.0004092704424510632,-42.21469223499298,0.009170808,0.42025935649871826,-2.63457217,1258.0
241664,1294,31,12,-0.019981245772214606,-0.028393132612109184,0.2,0.9546476006507874,0.0077082032803446054,0.1956787109375,7536,0.0004092704424510632,-42.22855019569397,0.015613851,-1.657792568206787,-2.6338367799999993,1258.0
242176,1293,32,12,-0.005975411266263109,0.33431172370910645,0.2,0.9549602270126343,1.5771231353282928,0.0213623046875,7552,0.0004092704424510632,-42.25930738449097,0.0049539953,0.4630941152572632,-2.6338367799999993,1258.0
242688,1292,33,13,-0.028763509180862457,-0.03215738385915756,0.2,0.9553316831588745,0.005116775748319924,0.3079833984375,7568,0.0004092704424510632,-42.2649050951004,0.02500223,-0.8082022666931152,-2.6338367799999993,1258.0
243200,1290,34,13,-0.02982804262137506,-0.037186335772275925,0.2,0.9559860229492188,0.0029007460761931725,0.303955078125,7584,0.0004092704424510632,-42.283172726631165,0.029081788,0.009041368961334229,-2.6320988,1258.0
243712,1290,35,13,-0.006701336897094734,0.1106148287653923,0.2,0.956098735332489,1.2012657895684242,0.0201416015625,7600,0.0004092704424510632,-42.29737854003906,0.0066081975,0.4916732907295227,-2.6320988,1258.0
244224,1290,36,14,-0.01836269986233674,7.465481758117676e-06,0.2,0.9565043449401855,0.06738386687356979,0.248046875,7616,0.0004092704424510632,-42.30486285686493,0.022200346,-2.2680728435516357,-2.62965674,1258.0
244736,1289,37,14,-0.006458305870182812,0.13800278306007385,0.2,0.9564568996429443,1.2821910995990038,0.060791015625,7632,0.0004092704424510632,-42.309282541275024,0.008036349,0.33802199363708496,-2.62965674,1258.0
245248,1289,38,15,-0.022266423562541604,-0.024708501994609833,0.2,0.954604983329773,0.039519379613921046,0.232177734375,7648,0.0004092704424510632,-42.28866517543793,0.017782334,-0.2312544584274292,-2.62965674,1258.0
245760,1288,39,15,-0.025172618039505323,-0.035715170204639435,0.2,0.9536797404289246,0.00783936760853976,0.270751953125,7664,0.0004092704424510632,-42.216400146484375,0.024482625,0.5320031046867371,-2.628899460000001,1258.0
246272,1288,40,15,-0.017299217099207453,0.01153314858675003,0.2,0.9536226391792297,0.3831737495493144,0.1492919921875,7680,0.0004092704424510632,-42.19914782047272,0.0204783,0.7193745374679565,-2.628899460000001,1258.0
246784,1283,41,16,-0.020476172911003232,-0.0315215177834034,0.2,0.9534794688224792,0.019864629313815385,0.22900390625,7696,0.0004092704424510632,-42.195709228515625,0.018734682,-12.01601505279541,-2.62561015,1258.0
247296,1282,42,16,-0.004605140406056307,0.21562056243419647,0.2,0.9534398913383484,2.2215563217177987,0.01611328125,7712,0.0004092704424510632,-42.190176010131836,0.0055479743,0.0430682897567749,-2.62561015,1258.0
247808,1282,43,17,-0.0201113999937661,-0.030310021713376045,0.2,0.9558297991752625,0.011296741635305807,0.2613525390625,7728,0.0004092704424510632,-42.224899888038635,0.025141984,-1.8058922290802002,-2.62561015,1258.0
248320,1282,44,17,-0.018855324844480492,0.06273294985294342,0.2,0.9560731649398804,0.2845967602916062,0.1146240234375,7744,0.0004092704424510632,-42.29547321796417,0.02162671,0.41111689805984497,-2.6241762399999997,1258.0
248832,1281,45,17,-0.02605549969302956,-0.033756718039512634,0.2,0.9558160901069641,0.031012736973934807,0.3121337890625,7760,0.0004092704424510632,-42.28404414653778,0.04145997,0.9552868604660034,-2.6241762399999997,1258.0
249344,1281,46,18,-0.025855529063846916,-0.03731578215956688,0.2,0.9552596211433411,0.005924748809775338,0.282470703125,7776,0.0004092704424510632,-42.26935076713562,0.017273303,-1.7436749935150146,-2.62000629,1258.0
249856,1281,47,18,-0.009087612263101619,0.09055618941783905,0.2,0.9551733732223511,0.9029662245884538,0.05517578125,7792,0.0004092704424510632,-42.24688494205475,0.0140125835,0.44517266750335693,-2.62000629,1258.0
250368,1280,48,19,-0.018809039538609795,-0.029652807861566544,0.2,0.9546651244163513,0.009368629354867153,0.270751953125,7808,0.0004092704424510632,-42.243083238601685,0.024041139,-3.545889377593994,-2.6198197199999997,1258.0
250880,1281,49,19,-0.00488470564596355,0.10375245660543442,0.2,0.9542548656463623,1.132945510558784,0.1141357421875,7824,0.0004092704424510632,-42.22409653663635,0.009224458,0.2524614930152893,-2.6198197199999997,1258.0
251392,1280,50,19,-0.028078074334189296,-0.034114234149456024,0.2,0.9517786502838135,0.002953736126073636,0.3292236328125,7840,0.0004092704424510632,-42.18529772758484,0.02240504,-4.618973731994629,-2.6198197199999997,1258.0
251904,1281,51,20,-0.0225295492564328,-0.02911553718149662,0.2,0.950354814529419,0.0024667666875757277,0.2265625,7856,0.0004092704424510632,-42.117008566856384,0.016241018,-0.29782652854919434,-2.61680786,1258.0
252416,1282,52,20,-0.007975951419211924,0.11136209964752197,0.2,0.9502237439155579,1.4569562207907438,0.0369873046875,7872,0.0004092704424510632,-42.09694957733154,0.009156132,0.44705063104629517,-2.61680786,1258.0
252928,1281,53,21,-0.021373212584876455,-0.028300702571868896,0.2,0.950438380241394,0.00414957782777492,0.2677001953125,7888,0.0004092704424510632,-42.10367512702942,0.026473094,-3.347262382507324,-2.61328576,1258.0
253440,1281,54,21,-0.0025234834611183032,0.24893882870674133,0.2,0.9504645466804504,1.529678700491786,0.0142822265625,7904,0.0004092704424510632,-42.1170072555542,0.0056127273,0.14055758714675903,-2.61328576,1258.0
253952,1281,55,21,-0.02788415267423261,-0.03623206168413162,0.2,0.9497606754302979,0.003256553831306519,0.2921142578125,7920,0.0004092704424510632,-42.10769438743591,0.024118885,-0.29573512077331543,-2.61328576,1258.0
254464,1281,56,22,-0.024677268345840275,-0.03966032341122627,0.2,0.9467452168464661,0.001442908820536104,0.1942138671875,7936,0.0004092704424510632,-42.04966604709625,0.01325343,-0.45296263694763184,-2.60907021,1258.0
254976,1281,57,22,-0.004568532764096744,0.3409639298915863,0.2,0.9457761645317078,1.3583476478233933,0.0491943359375,7952,0.0004092704424510632,-41.97483789920807,0.0070541613,0.4621104598045349,-2.60907021,1258.0
255488,1281,58,23,-0.025160966877592728,-0.0337592251598835,0.2,0.9448999762535095,0.006202595221111551,0.3271484375,7968,0.0004092704424510632,-41.949137806892395,0.03791886,-3.193389892578125,-2.60956544,1258.0
256000,1281,59,23,-0.004174114546913188,0.21235765516757965,0.2,0.9447978734970093,1.4175587119534612,0.0255126953125,7984,0.0004092704424510632,-41.93386483192444,0.007941789,0.3869146704673767,-2.60956544,1258.0
256512,1281,60,23,-0.024650777835631743,-0.03727438673377037,0.2,0.9448897242546082,0.009311290094046853,0.257568359375,8000,0.0004092704424510632,-41.93077635765076,0.01961996,-0.6472858190536499,-2.60956544,1258.0
257024,1281,61,24,-0.02730645763222128,-0.036823589354753494,0.2,0.9454934000968933,0.002069415459118318,0.2750244140625,8016,0.0004092704424510632,-41.93039643764496,0.020278085,-0.3771630525588989,-2.6077240699999997,1258.0
257536,1280,62,24,-0.008087526701274328,0.18079932034015656,0.2,0.9455365538597107,1.2915666494518518,0.014892578125,8032,0.0004092704424510632,-41.941648840904236,0.0047262986,0.4591119885444641,-2.6077240699999997,1258.0
258048,1280,63,25,-0.022404120565624908,-0.03732678294181824,0.2,0.9458508491516113,0.01115334099449683,0.28564453125,8048,0.0004092704424510632,-41.94232439994812,0.028460052,-4.407515048980713,-2.60696987,1258.0
258560,1279,64,25,-0.0027913276717299595,0.17615529894828796,0.2,0.946024477481842,1.1605885969474912,0.05712890625,8064,0.0004092704424510632,-41.9426885843277,0.008416235,0.292049765586853,-2.60696987,1258.0
259072,1279,65,26,-0.022864401442348026,-0.031539034098386765,0.2,0.946134090423584,0.009189397031150293,0.2647705078125,8080,0.0004092704424510632,-41.943071722984314,0.025728967,-9.392339706420898,-2.60696987,1258.0
259584,1279,66,26,-0.025086877329158597,-0.03438097983598709,0.2,0.9478924870491028,0.0035462496744003147,0.2630615234375,8096,0.0004092704424510632,-41.97136402130127,0.016142115,0.06696349382400513,-2.6066153400000003,1258.0
260096,1279,67,26,-0.008351059459528187,0.06924863904714584,0.2,0.948334813117981,0.8886631731875241,0.0299072265625,8112,0.0004092704424510632,-42.015825271606445,0.010196733,0.3501468896865845,-2.6066153400000003,1258.0
260608,1279,68,27,-0.020986349598388188,-0.026116928085684776,0.2,0.948035478591919,0.018038358801277354,0.2716064453125,8128,0.0004092704424510632,-42.01770305633545,0.02911483,-7.383587837219238,-2.60258287,1258.0
261120,1279,69,27,-0.008153807269991376,0.14903424680233002,0.2,0.947858989238739,1.9050056356936693,0.0213623046875,8144,0.0004092704424510632,-42.01524341106415,0.005988608,0.24571436643600464,-2.60258287,1258.0
261632,1278,70,28,-0.026649016799638048,-0.025439724326133728,0.2,0.9483587741851807,0.025471318687777966,0.2843017578125,8160,0.0004092704424510632,-42.014829874038696,0.025386736,-0.021573424339294434,-2.60258287,1258.0
262144,1278,71,28,-0.027095198951428756,-0.039749875664711,0.2,0.9494476318359375,0.006809671118389815,0.2296142578125,8176,0.0004092704424510632,-42.03821539878845,0.014204739,0.4439923167228699,-2.59973116,1258.0
262656,1278,72,28,-0.015238993262755685,-0.02353757992386818,0.2,0.9493735432624817,0.27073523530270904,0.1500244140625,8192,0.0004092704424510632,-42.05305898189545,0.027188685,0.608508825302124,-2.59973116,1258.0
263168,1277,73,29,-0.027274447740637697,-0.031232329085469246,0.2,0.9512022733688354,0.007552791998023167,0.2991943359375,8208,0.0004092704424510632,-42.062910318374634,0.021499656,-9.364051818847656,-2.5966389399999996,1258.0
263680,1277,74,29,-0.01199735478439834,0.10226999223232269,0.2,0.951941967010498,1.475017597898841,0.0396728515625,8224,0.0004092704424510632,-42.11853873729706,0.009374436,0.09348040819168091,-2.5966389399999996,1258.0
264192,1277,75,30,-0.026313217618735507,-0.03208612650632858,0.2,0.9528974890708923,0.01879917405312881,0.267578125,8240,0.0004092704424510632,-42.130869030952454,0.027262725,-3.030966281890869,-2.59494168,1258.0
264704,1277,76,30,-0.0072212902014143765,0.14311788976192474,0.2,0.9531112909317017,1.287121201865375,0.021728515625,8256,0.0004092704424510632,-42.14866316318512,0.006560351,0.3272123336791992,-2.59494168,1258.0
265216,1277,77,30,-0.02218799495312851,-0.02488750033080578,0.2,0.9531562328338623,0.004346152618381893,0.2547607421875,8272,0.0004092704424510632,-42.14636957645416,0.020071832,-8.341170310974121,-2.59494168,1258.0
265728,1277,78,31,-0.03091763188422192,-0.05139956623315811,0.2,0.9511886239051819,0.0030322944912768435,0.333984375,8288,0.0004092704424510632,-42.121166706085205,0.025927715,-0.11612522602081299,-2.5925457900000004,1258.0
266240,1277,79,31,-0.008818157104542479,0.12095396220684052,0.2,0.9503981471061707,1.5068462155759335,0.0264892578125,8304,0.0004092704424510632,-42.05768537521362,0.0073104696,0.4691508412361145,-2.5925457900000004,1258.0
266752,1277,80,32,-0.02609273261623457,-0.0325947068631649,0.2,0.9502688050270081,0.022547977248905227,0.2833251953125,8320,0.0004092704424510632,-42.049859404563904,0.030607302,-7.410306930541992,-2.59212933,1258.0
267264,1276,81,32,-0.0026790571355377324,0.24855215847492218,0.2,0.950343906879425,1.7437586970627308,0.049560546875,8336,0.0004092704424510632,-42.047136425971985,0.006619183,0.23626458644866943,-2.59212933,1258.0
267776,1277,82,32,-0.026837820856599137,-0.03589403256773949,0.2,0.9505485892295837,0.007534057345765177,0.3251953125,8352,0.0004092704424510632,-42.04721999168396,0.030679483,0.19519275426864624,-2.59212933,1258.0
268288,1276,83,33,-0.027769079169956967,-0.03221283480525017,0.2,0.9513705968856812,0.00274333047127584,0.31298828125,8368,0.0004092704424510632,-42.06074261665344,0.028950887,-9.813061714172363,-2.5922979,1258.0
268800,1276,84,33,-0.007032740744762123,0.11711586266756058,0.2,0.9514148831367493,1.1545189479365945,0.0897216796875,8384,0.0004092704424510632,-42.065728068351746,0.0091130845,0.3505803346633911,-2.5922979,1258.0
269312,1276,85,34,-0.026207318471278995,-0.043122850358486176,0.2,0.9519982933998108,0.011622140460531227,0.3165283203125,8400,0.0004092704424510632,-42.07165718078613,0.031127898,-5.390889644622803,-2.59150692,1258.0
269824,1276,86,34,-0.00249761447776109,0.16085806488990784,0.2,0.9519279599189758,2.08791022002697,0.0272216796875,8416,0.0004092704424510632,-42.072445034980774,0.006133301,0.2631697654724121,-2.59150692,1258.0
270336,1276,87,34,-0.023041519860271364,-0.038266561925411224,0.2,0.9508454203605652,0.005381022259825841,0.228759765625,8432,0.0004092704424510632,-42.05377924442291,0.017710153,-1.079831838607788,-2.59150692,1258.0
270848,1276,88,35,-0.02157463830371853,-0.022446615621447563,0.2,0.9510419964790344,0.002047073974608793,0.220458984375,8448,0.0004092704424510632,-42.02651059627533,0.014713569,-0.0005702972412109375,-2.58841118,1258.0
271360,1276,89,35,-0.0045161688758526,0.2690025568008423,0.2,0.9510440230369568,1.9481897139921784,0.006103515625,8464,0.0004092704424510632,-42.032119393348694,0.0041397125,0.11273050308227539,-2.58841118,1258.0
271872,1276,90,36,-0.02305979454831686,-0.01973058097064495,0.2,0.9519644975662231,0.01571466401219368,0.2593994140625,8480,0.0004092704424510632,-42.04067397117615,0.026299149,-5.715847015380859,-2.58671761,1258.0
272384,1276,91,36,-0.005848408080055378,0.14713245630264282,0.2,0.9521331787109375,1.7167372098192573,0.0609130859375,8496,0.0004092704424510632,-42.058597683906555,0.0083525255,0.12792420387268066,-2.58671761,1258.0
272896,1276,92,36,-0.021068327929242514,-0.025701560080051422,0.2,0.9547588229179382,0.00501842302037403,0.2357177734375,8512,0.0004092704424510632,-42.09501266479492,0.019360214,-0.7902816534042358,-2.58671761,1258.0
273408,1276,93,37,-0.02530755770567339,-0.03623609244823456,0.2,0.9531490206718445,0.002051343566563446,0.2083740234375,8528,0.0004092704424510632,-42.12322759628296,0.015424604,-0.070992112159729,-2.5827961599999996,1258.0
273920,1276,94,37,-0.010896334744757041,0.09751187264919281,0.2,0.9522727727890015,1.1510613360442221,0.033935546875,8544,0.0004092704424510632,-42.05733501911163,0.008789599,0.4884377121925354,-2.5827961599999996,1258.0
274432,1276,95,38,-0.02065740698890295,-0.010773190297186375,0.2,0.9536276459693909,0.013677547161933035,0.248779296875,8560,0.0004092704424510632,-42.060287952423096,0.020637944,-6.781628131866455,-2.5793643000000004,1258.0
274944,1276,96,38,-0.006375407523592003,0.10765902698040009,0.2,0.9542010426521301,1.607164896093309,0.02783203125,8576,0.0004092704424510632,-42.09888172149658,0.006934019,0.2512565851211548,-2.5793643000000004,1258.0
275456,1276,97,38,-0.027981271254247986,-0.035909418016672134,0.2,0.9526523947715759,0.007238580321427435,0.32861328125,8592,0.0004092704424510632,-42.092966198921204,0.031157503,-2.616259813308716,-2.5793643000000004,1258.0
275968,1276,98,39,-0.026999646201147698,-0.03654084727168083,0.2,0.9497723579406738,0.0045008949673501775,0.2916259765625,8608,0.0004092704424510632,-42.00399315357208,0.027838355,0.46068274974823,-2.5785156000000002,1258.0
276480,1276,99,39,-0.01244845543988049,0.001175643876194954,0.2,0.9488454461097717,0.4297608104534447,0.087158203125,8624,0.0004092704424510632,-41.93295657634735,0.015853561,0.5683330297470093,-2.5785156000000002,1258.0
276992,1276,100,40,-0.025939085317077115,-0.03250684216618538,0.2,0.9481644034385681,0.015995922702131793,0.2603759765625,8640,0.0004092704424510632,-41.9114716053009,0.025941664,-2.3312039375305176,-2.58010195,1258.0
277504,1276,101,40,-0.0065928344847634435,0.13254624605178833,0.2,0.9480771422386169,1.926468513906002,0.0572509765625,8656,0.0004092704424510632,-41.90937888622284,0.012010288,0.23261767625808716,-2.58010195,1258.0
278016,1276,102,40,-0.03191147244069725,-0.040976881980895996,0.2,0.950721800327301,0.00697527511510998,0.322998046875,8672,0.0004092704424510632,-41.94355916976929,0.030498724,-1.1428155899047852,-2.58010195,1258.0
278528,1276,103,41,-0.01644704645877937,0.13964346051216125,0.2,0.9510138630867004,0.6059502149000764,0.17822265625,8688,0.0004092704424510632,-42.01059031486511,0.012806087,0.4448137879371643,-2.57777601,1258.0
279040,1276,104,41,-0.015160134164034389,-0.0039266422390937805,0.2,0.9493957161903381,0.06738250917987898,0.2564697265625,8704,0.0004092704424510632,-41.981884598731995,0.02561207,0.813708484172821,-2.57777601,1258.0
279552,1276,105,42,-0.028145743868662976,-0.034140270203351974,0.2,0.951483964920044,0.0074537840991979465,0.255859375,8720,0.0004092704424510632,-41.96819877624512,0.019754402,-3.548111915588379,-2.5738136,1258.0
280064,1276,106,42,-0.006074506425647996,0.19595932960510254,0.2,0.9523012638092041,1.341723944991827,0.0316162109375,8736,0.0004092704424510632,-42.03245663642883,0.007624375,0.2947964668273926,-2.5738136,1258.0
280576,1276,107,42,-0.022658521847915836,-0.024353213608264923,0.2,0.9502221345901489,0.02103644551243633,0.224853515625,8752,0.0004092704424510632,-42.0070298910141,0.020439653,-4.513874053955078,-2.5715780599999998,1258.0
281088,1276,108,43,-0.004641167244699318,0.18914072215557098,0.2,0.9495722651481628,1.389697483740747,0.0177001953125,8768,0.0004092704424510632,-41.949145555496216,0.005556907,0.29766374826431274,-2.5715780599999998,1258.0
281600,1276,109,43,-0.02481844938301947,-0.03930114582180977,0.2,0.9515062570571899,0.01126073430350516,0.241943359375,8784,0.0004092704424510632,-41.96045935153961,0.021983365,-0.9764231443405151,-2.5715780599999998,1258.0
282112,1276,110,44,-0.025836825225269422,-0.041732750833034515,0.2,0.9508709907531738,0.002150291078578448,0.264892578125,8800,0.0004092704424510632,-41.989688754081726,0.01730347,-0.0013030767440795898,-2.56957174,1258.0
282624,1276,111,44,-0.005171080745640211,0.1401599943637848,0.2,0.9506649971008301,0.9543237364850938,0.0286865234375,8816,0.0004092704424510632,-41.954951882362366,0.007919364,0.4720582962036133,-2.56957174,1258.0
283136,1276,112,44,-0.02487508815829642,-0.025936102494597435,0.2,0.9516904950141907,0.015649695676984265,0.304443359375,8832,0.0004092704424510632,-41.97503209114075,0.03344489,-6.560826301574707,-2.56806567,1258.0
283648,1276,113,45,-0.006454713817220181,0.1147875040769577,0.2,0.9518029093742371,1.967808810994029,0.061767578125,8848,0.0004092704424510632,-41.995643615722656,0.013703541,0.22221672534942627,-2.56806567,1258.0
284160,1276,114,45,-0.020750310795847327,-0.03843526914715767,0.2,0.9539589285850525,0.00693571596275433,0.2593994140625,8864,0.0004092704424510632,-42.01805329322815,0.025327679,-7.375025749206543,-2.56806567,1258.0
284672,1276,115,46,-0.028465569826948922,-0.041178252547979355,0.2,0.952914834022522,0.0016644545503368136,0.251220703125,8880,0.0004092704424510632,-42.04606378078461,0.02437634,0.022992193698883057,-2.56332974,1258.0
285184,1276,116,46,-0.002947486689663492,0.1761719435453415,0.2,0.9523878693580627,1.4507533200085163,0.02587890625,8896,0.0004092704424510632,-41.99337160587311,0.0058198143,0.3666040897369385,-2.56332974,1258.0
285696,1276,117,46,-0.020722495624795556,-0.031059924513101578,0.2,0.9521875977516174,0.008812023719656281,0.24755859375,8912,0.0004092704424510632,-41.98395645618439,0.018898392,-6.267671585083008,-2.56150194,1258.0
286208,1276,118,47,-0.008305319308419712,0.13498555123806,0.2,0.9518806338310242,1.437310976907611,0.0919189453125,8928,0.0004092704424510632,-41.970712304115295,0.009236822,0.2647579312324524,-2.56150194,1258.0
286720,1276,119,47,-0.02406870177219389,-0.041421789675951004,0.2,0.9510286450386047,0.005383418807468843,0.291015625,8944,0.0004092704424510632,-41.947325706481934,0.031443134,-3.678834915161133,-2.56150194,1258.0
287232,1276,120,48,-0.027163428749190643,-0.032174330204725266,0.2,0.9508797526359558,0.0024947411147877574,0.2900390625,8960,0.0004092704424510632,-41.924304127693176,0.022177212,0.08521324396133423,-2.5611470199999995,1258.0
287744,1276,121,48,-0.00031114829471334815,0.11109066009521484,0.2,0.9507653713226318,1.3655852042138577,0.023681640625,8976,0.0004092704424510632,-41.91887724399567,0.004976226,0.4045262932777405,-2.5611470199999995,1258.0
288256,1276,122,48,-0.022061283627408557,-0.023848172277212143,0.2,0.9504038691520691,0.03239129116991535,0.2830810546875,8992,0.0004092704424510632,-41.90836322307587,0.027356934,-8.897682189941406,-2.5603202899999995,1258.0
288768,1276,123,49,-0.0035848208935931325,0.23654571175575256,0.2,0.9502071738243103,1.7836076086387038,0.0166015625,9008,0.0004092704424510632,-41.90001702308655,0.0049388995,0.1710107922554016,-2.5603202899999995,1258.0
289280,1276,124,49,-0.03400351793970913,-0.03255500644445419,0.2,0.9519793391227722,0.008687675042892806,0.328125,9024,0.0004092704424510632,-41.92650866508484,0.023695868,-0.08382773399353027,-2.5603202899999995,1258.0
289792,1276,125,50,-0.02685737820866052,-0.0316903181374073,0.2,0.9533044695854187,0.0197740237636026,0.2711181640625,9040,0.0004092704424510632,-41.9989128112793,0.01817882,0.39350032806396484,-2.55752196,1258.0
290304,1276,126,50,-0.0074064475047634915,0.029337594285607338,0.2,0.9535177946090698,0.4288796882610768,0.05859375,9056,0.0004092704424510632,-42.03673505783081,0.012808395,0.7656357288360596,-2.55752196,1258.0
290816,1276,127,50,-0.023758206923957914,-0.03270798176527023,0.2,0.9533335566520691,0.022936666384339333,0.26171875,9072,0.0004092704424510632,-42.03694558143616,0.024178822,-14.844867706298828,-2.5571812099999995,1258.0
291328,1276,128,51,-0.004214226388285169,0.5091641545295715,0.2,0.9533584713935852,2.615594172850251,0.0313720703125,9088,0.0004092704424510632,-42.04058921337128,0.006012223,0.07982641458511353,-2.5571812099999995,1258.0
291840,1276,129,51,-0.026462269059265964,-0.03452783823013306,0.2,0.954245924949646,0.010403867097920738,0.3050537109375,9104,0.0004092704424510632,-42.04942858219147,0.02522464,-4.151627063751221,-2.5571812099999995,1258.0
292352,1276,130,52,-0.021828252662089653,0.012857012450695038,0.2,0.9544240832328796,0.10740563995204866,0.1937255859375,9120,0.0004092704424510632,-42.07253932952881,0.015086845,0.28087055683135986,-2.5561897,1258.0
292864,1275,131,52,-0.01853076583938673,-0.02617965266108513,0.2,0.9540097713470459,0.144623227766715,0.2197265625,9136,0.0004092704424510632,-42.06867969036102,0.032806333,0.6587580442428589,-2.5561897,1258.0
293376,1275,132,52,-0.026510624535148963,-0.026161212474107742,0.2,0.9533228874206543,0.012281021088710986,0.3153076171875,9152,0.0004092704424510632,-42.06066620349884,0.028432347,-9.904647827148438,-2.5521192399999997,1258.0
293888,1276,133,53,-0.003483209180558333,0.47118261456489563,0.2,0.9529895186424255,2.065346128307283,0.0301513671875,9168,0.0004092704424510632,-42.03804552555084,0.009176305,0.18156546354293823,-2.5521192399999997,1258.0
294400,1276,134,53,-0.02833144886244554,-0.027135947719216347,0.2,0.9529616236686707,0.015910034795524552,0.298828125,9184,0.0004092704424510632,-42.031440019607544,0.029200153,-3.4323983192443848,-2.55109003,1258.0
294912,1276,135,54,-0.008240720744652208,0.43540382385253906,0.2,0.953125,2.4527238812297583,0.0194091796875,9200,0.0004092704424510632,-42.033900141716,0.0063068694,0.07225906848907471,-2.55109003,1258.0
295424,1275,136,54,-0.023095530370483175,-0.03661494329571724,0.2,0.9522545337677002,0.003299406191217713,0.207275390625,9216,0.0004092704424510632,-42.02706241607666,0.014112629,-1.4601852893829346,-2.55109003,1258.0
295936,1275,137,54,-0.02545956918038428,-0.04020627215504646,0.2,0.9516222476959229,0.002049118218565127,0.2174072265625,9232,0.0004092704424510632,-42.002063632011414,0.012822163,-0.028246641159057617,-2.5485016000000003,1258.0
296448,1276,138,55,0.0020312864799052477,0.11270419508218765,0.2,0.9513071179389954,1.4536477867513895,0.09423828125,9248,0.0004092704424510632,-41.9872909784317,0.0076872306,0.3835453987121582,-2.5485016000000003,1258.0
296960,1275,139,55,-0.021831868900335394,-0.029196640476584435,0.2,0.9499443769454956,0.019199417263735086,0.2506103515625,9264,0.0004092704424510632,-41.964935541152954,0.027239166,-5.862236499786377,-2.5465461900000004,1258.0
297472,1275,140,56,-0.00473544372653123,0.21473029255867004,0.2,0.9495050311088562,1.2364711221307516,0.03271484375,9280,0.0004092704424510632,-41.92243707180023,0.006961272,0.2683301568031311,-2.5465461900000004,1258.0
297984,1275,141,56,-0.023416560608893633,-0.03306565061211586,0.2,0.9489205479621887,0.008568170891521731,0.2568359375,9296,0.0004092704424510632,-41.91142547130585,0.019601453,-13.145599365234375,-2.5465461900000004,1258.0
298496,1275,142,56,-0.019841848057694733,-0.02820124290883541,0.2,0.9490368962287903,0.002299219133419683,0.2049560546875,9312,0.0004092704424510632,-41.90154695510864,0.011597762,-0.016460537910461426,-2.5445992,1258.0
299008,1275,143,57,-0.005236015043919906,0.23670892417430878,0.2,0.9490420818328857,1.1890573832206428,0.0189208984375,9328,0.0004092704424510632,-41.910075426101685,0.0059691304,0.34260809421539307,-2.5445992,1258.0
299520,1275,144,57,-0.0225748958037002,-0.026668576523661613,0.2,0.9498031735420227,0.03678847721312195,0.2664794921875,9344,0.0004092704424510632,-41.92099618911743,0.03353176,-7.173308372497559,-2.54356425,1258.0
300032,1275,145,58,-0.0008275533764390275,0.1882718801498413,0.2,0.9504088163375854,2.0541072664782405,0.058837890625,9360,0.0004092704424510632,-41.95572245121002,0.0066069285,0.2417578101158142,-2.54356425,1258.0
300544,1275,146,58,-0.02661779861227842,-0.03436256945133209,0.2,0.9513784646987915,0.005719499211409129,0.3192138671875,9376,0.0004092704424510632,-41.971901535987854,0.03454054,-0.5465956926345825,-2.54356425,1258.0
301056,1275,147,58,-0.027251804975094274,-0.03793203830718994,0.2,0.9514682292938232,0.0024892582587199286,0.2518310546875,9392,0.0004092704424510632,-41.990376710891724,0.016837787,0.00492703914642334,-2.54028927,1258.0
