time/total_timesteps,time/time_elapsed,time/fps,time/iterations,train/entropy_loss,train/explained_variance,train/clip_fraction,train/value_loss,train/n_updates,train/learning_rate,train/clip_range,train/approx_kl,train/loss,train/std,train/policy_gradient_loss,rollout/ep_rew_mean,rollout/ep_len_mean
512,0,3855,1,,,,,,,,,,,,,
1024,0,1869,2,-44.02129900455475,-0.03895747661590576,0.207763671875,0.09943069724249654,16,0.0004092704424510632,0.2,0.015651586,-0.03140495344996452,1.0018004179000854,-0.023537018132628873,,
1536,0,1609,3,-44.049795508384705,0.013260185718536377,0.2901611328125,0.0028192051831865683,32,0.0004092704424510632,0.2,0.022527523,-0.04872846230864525,1.0021624565124512,-0.02887737628770992,-2.536378,1223.0
2048,1,1492,4,-44.05196666717529,-0.004212021827697754,0.322265625,0.022228701738640666,48,0.0004092704424510632,0.2,0.025257124,-0.027354124933481216,1.0022059679031372,-0.03055510186823085,-2.536378,1223.0
2560,1,1429,5,-44.05263364315033,0.0162661075592041,0.23779296875,0.0015608499525114894,64,0.0004092704424510632,0.2,0.015455276,-0.034668467938899994,1.0020383596420288,-0.022581278972211294,-2.4442515,1223.0
3072,2,1395,6,-44.027100682258606,0.004178524017333984,0.3275146484375,0.010099878956680186,80,0.0004092704424510632,0.2,0.023121733,-0.0349150151014328,1.0004605054855347,-0.032439770591736306,-2.4442515,1223.0
3584,2,1369,7,-43.96820056438446,0.01731020212173462,0.2205810546875,0.0025943938162527047,96,0.0004092704424510632,0.2,0.016643912,-0.025474028661847115,0.9987239241600037,-0.02361006967839785,-2.4442515,1223.0
4096,3,1349,8,-43.93117356300354,0.005674242973327637,0.294677734375,0.002542651734984247,112,0.0004092704424510632,0.2,0.019688634,-0.046094801276922226,0.9984657168388367,-0.03334178545628674,-2.4032033333333334,1223.0
4608,3,1333,9,-43.93235671520233,0.018827497959136963,0.228759765625,0.003177817812684225,128,0.0004092704424510632,0.2,0.017547082,-0.04584529250860214,0.9985998272895813,-0.02936433938157279,-2.4032033333333334,1223.0
5120,3,1323,10,-43.94804060459137,0.006276428699493408,0.2774658203125,0.0017186871882586274,144,0.0004092704424510632,0.2,0.019620089,-0.04029122367501259,0.999666154384613,-0.025938096223399043,-2.3659885,1223.0
5632,4,1316,11,-43.9709278345108,0.00977778434753418,0.22314453125,0.003628319507697597,160,0.0004092704424510632,0.2,0.016935196,-0.020809151232242584,0.999674379825592,-0.02374421284184791,-2.3659885,1223.0
6144,4,1309,12,-43.94602644443512,0.0008581280708312988,0.2572021484375,0.0014327209137263708,176,0.0004092704424510632,0.2,0.016991526,-0.03559093549847603,0.9980044364929199,-0.028401877119904384,-2.3742706,1223.0
6656,5,1304,13,-43.89760375022888,-0.00012183189392089844,0.22900390625,0.007014010785496794,192,0.0004092704424510632,0.2,0.017572423,-0.013659479096531868,0.9971643686294556,-0.022520517057273537,-2.3742706,1223.0
7168,5,1300,14,-43.88320529460907,0.0107688307762146,0.2022705078125,0.0028270330767554697,208,0.0004092704424510632,0.2,0.015143467,-0.02676849067211151,0.9969982504844666,-0.021084284293465316,-2.3742706,1223.0
7680,5,1295,15,-43.881685972213745,0.002805948257446289,0.270751953125,0.0035360969850444235,224,0.0004092704424510632,0.2,0.019359391,-0.03972294181585312,0.9970378279685974,-0.026726034644525498,-2.396608,1223.0
8192,6,1291,16,-43.87844502925873,0.0009830594062805176,0.2451171875,0.015793600003235042,240,0.0004092704424510632,0.2,0.014934226,-0.03059832751750946,0.9965392351150513,-0.02632092821295373,-2.396608,1223.0
8704,6,1289,17,-43.88527286052704,0.004784941673278809,0.247802734375,0.0020194668832118623,256,0.0004092704424510632,0.2,0.016196784,-0.03889000415802002,0.9982379674911499,-0.030390678148251027,-2.424323285714286,1223.0
9216,7,1287,18,-43.92998707294464,0.00045603513717651367,0.1939697265625,0.022731208242475986,272,0.0004092704424510632,0.2,0.012773436,-0.012690583243966103,0.998334527015686,-0.01989464956568554,-2.424323285714286,1223.0
9728,7,1284,19,-43.90487205982208,0.003130972385406494,0.234619140625,0.002281441480590729,288,0.0004092704424510632,0.2,0.021962743,-0.04023786634206772,0.9971749782562256,-0.02628508310590405,-2.424323285714286,1223.0
10240,7,1283,20,-43.85845601558685,0.002004086971282959,0.2354736328125,0.003051952997338958,304,0.0004092704424510632,0.2,0.019158272,-0.04032670333981514,0.9955276250839233,-0.026964900171151385,-2.43246875,1223.0
10752,8,1281,21,-43.83082902431488,0.0007140040397644043,0.2415771484375,0.034968289197422564,320,0.0004092704424510632,0.2,0.026116421,-0.020860780030488968,0.9951871633529663,-0.025562642753357068,-2.43246875,1223.0
11264,8,1279,22,-43.80356442928314,0.0018886923789978027,0.241943359375,0.003216993445676053,336,0.0004092704424510632,0.2,0.019643996,-0.033409055322408676,0.9939435720443726,-0.030504259091685526,-2.4474463333333336,1223.0
11776,9,1277,23,-43.771220088005066,0.0005685687065124512,0.1866455078125,0.04583280719816685,352,0.0004092704424510632,0.2,0.014577411,-0.01286790519952774,0.9931596517562866,-0.0221873532718746,-2.4474463333333336,1223.0
12288,9,1276,24,-43.7523307800293,0.007718205451965332,0.2598876953125,0.0013309349160408601,368,0.0004092704424510632,0.2,0.01944873,-0.041865818202495575,0.9930388927459717,-0.030748784716706723,-2.4424492,1223.0
12800,10,1274,25,-43.758301973342896,0.0007982254028320312,0.1904296875,0.04808601317927241,384,0.0004092704424510632,0.2,0.01649162,-0.014965778216719627,0.9936637878417969,-0.02440106146968901,-2.4424492,1223.0
13312,10,1273,26,-43.73190486431122,0.010459840297698975,0.1907958984375,0.0033296732581220567,400,0.0004092704424510632,0.2,0.018273886,-0.036257386207580566,0.9909362196922302,-0.022639053146122023,-2.4424492,1223.0
13824,10,1271,27,-43.65830588340759,0.0015354156494140625,0.2637939453125,0.00281779583383468,416,0.0004092704424510632,0.2,0.021009762,-0.044855572283267975,0.9899959564208984,-0.029369073221459985,-2.4455634545454545,1223.0
14336,11,1270,28,-43.624306201934814,0.0006431341171264648,0.23486328125,0.06339628191199154,432,0.0004092704424510632,0.2,0.020685771,-0.0018841028213500977,0.9879956245422363,-0.025740790297277272,-2.4455634545454545,1223.0
14848,11,1269,29,-43.569714426994324,0.0006299614906311035,0.21630859375,0.002240871177491499,448,0.0004092704424510632,0.2,0.02326022,-0.036666158586740494,0.9874300360679626,-0.02457614142622333,-2.4528647500000003,1223.0
15360,12,1268,30,-43.56968688964844,0.0006052851676940918,0.2562255859375,0.06971875566523522,464,0.0004092704424510632,0.2,0.025508272,0.0028511472046375275,0.9875723123550415,-0.026943037766613998,-2.4528647500000003,1223.0
15872,12,1267,31,-43.58841633796692,0.007412135601043701,0.231689453125,0.0022773007694922853,480,0.0004092704424510632,0.2,0.02124495,-0.03878015652298927,0.9892826676368713,-0.0259813763841521,-2.4528647500000003,1223.0
16384,12,1265,32,-43.60738909244537,0.003075718879699707,0.216796875,0.0032624295745335985,496,0.0004092704424510632,0.2,0.018201116,-0.034540459513664246,0.9879593253135681,-0.027091136333183385,-2.4469586153846157,1223.0
16896,13,1264,33,-43.53812849521637,0.00028586387634277344,0.2894287109375,0.06175620178692043,512,0.0004092704424510632,0.2,0.040439896,-0.0024407878518104553,0.9850475192070007,-0.025696599928778596,-2.4469586153846157,1223.0
17408,13,1264,34,-43.4693683385849,-0.001696467399597168,0.2314453125,0.00274038302450208,528,0.0004092704424510632,0.2,0.01825089,-0.03562251105904579,0.9844532608985901,-0.025968548281525727,-2.4401647857142854,1223.0
17920,14,1264,35,-43.48251175880432,0.0005284547805786133,0.2646484375,0.09212433476932347,544,0.0004092704424510632,0.2,0.020621657,0.005917951464653015,0.9850830435752869,-0.027278058048977982,-2.4401647857142854,1223.0
18432,14,1263,36,-43.498358726501465,-0.0023345947265625,0.2052001953125,0.0020622552328859456,560,0.0004092704424510632,0.2,0.014976396,-0.011990698985755444,0.9857193231582642,-0.02127955711330287,-2.4334524666666666,1223.0
18944,15,1262,37,-43.521989941596985,0.0004850029945373535,0.2320556640625,0.09749111928977072,576,0.0004092704424510632,0.2,0.016601589,0.006755076348781586,0.9859358668327332,-0.02624449566064868,-2.4334524666666666,1223.0
19456,15,1262,38,-43.520400285720825,0.008533358573913574,0.255615234375,0.004244673160428647,592,0.0004092704424510632,0.2,0.02577592,-0.03911815956234932,0.9860321879386902,-0.025844954696367495,-2.4334524666666666,1223.0
19968,15,1261,39,-43.55186581611633,-0.0003466606140136719,0.2342529296875,0.0031677017905167304,608,0.0004092704424510632,0.2,0.017205428,-0.034610141068696976,0.9880616664886475,-0.027281930233584717,-2.4379939999999998,1223.0
20480,16,1260,40,-43.592546701431274,0.0004985332489013672,0.2786865234375,0.12240362586453557,624,0.0004092704424510632,0.2,0.029127192,0.03368212282657623,0.9874515533447266,-0.030929691827623174,-2.4379939999999998,1223.0
20992,16,1260,41,-43.52810192108154,-0.0008013248443603516,0.2510986328125,0.0019579230047384044,640,0.0004092704424510632,0.2,0.021464963,-0.046627338975667953,0.9849264621734619,-0.03136508821626194,-2.4497806470588235,1223.0
21504,17,1260,42,-43.48992478847504,0.0008108019828796387,0.251953125,0.12321009044535458,656,0.0004092704424510632,0.2,0.02861007,0.028891146183013916,0.9852985739707947,-0.024329671970917843,-2.4497806470588235,1223.0
22016,17,1260,43,-43.50718319416046,-0.018893122673034668,0.2108154296875,0.001469003231250099,672,0.0004092704424510632,0.2,0.015845153,-0.030949044972658157,0.9855700135231018,-0.026749893728265306,-2.4450338333333335,1223.0
22528,17,1259,44,-43.50602877140045,0.001281142234802246,0.1710205078125,0.12206950993277133,688,0.0004092704424510632,0.2,0.01480853,0.04789447784423828,0.9852411150932312,-0.017894575656100642,-2.4450338333333335,1223.0
23040,18,1258,45,-43.4816335439682,0.014754414558410645,0.2281494140625,0.003001321339979768,704,0.0004092704424510632,0.2,0.018785901,-0.04387252405285835,0.9841728210449219,-0.027572273364057764,-2.4450338333333335,1223.0
23552,18,1258,46,-43.43180429935455,-0.0012418031692504883,0.253173828125,0.002941733688203385,720,0.0004092704424510632,0.2,0.026164804,-0.048298466950654984,0.9817934632301331,-0.02881081162195187,-2.4372480000000003,1223.0
24064,19,1258,47,-43.344059467315674,0.0007982850074768066,0.2530517578125,0.13561595208011568,736,0.0004092704424510632,0.2,0.019470874,0.013734422624111176,0.979080080986023,-0.029235978799988516,-2.4372480000000003,1223.0
24576,19,1257,48,-43.27745509147644,-0.009110569953918457,0.2264404296875,0.0018528026212152326,752,0.0004092704424510632,0.2,0.019113645,-0.033519044518470764,0.9779983162879944,-0.02351484340033494,-2.43975125,1223.0
25088,19,1257,49,-43.25275158882141,0.00022494792938232422,0.2264404296875,0.12889186036773026,768,0.0004092704424510632,0.2,0.018624125,0.041612815111875534,0.9771013855934143,-0.02313797858369071,-2.43975125,1223.0
25600,20,1257,50,-43.228580832481384,0.008282661437988281,0.2412109375,0.0023346718844550196,784,0.0004092704424510632,0.2,0.01581376,-0.02664770372211933,0.9764043688774109,-0.02405901415477274,-2.43975125,1223.0
26112,20,1257,51,-43.20230579376221,-0.004473447799682617,0.2352294921875,0.0029314199528016616,800,0.0004092704424510632,0.2,0.018395985,-0.03828302025794983,0.9754073023796082,-0.028763080772478133,-2.4366134761904763,1223.0
26624,21,1257,52,-43.19628727436066,0.00047653913497924805,0.1534423828125,0.15266370866447687,816,0.0004092704424510632,0.2,0.013850873,0.029876943677663803,0.976059079170227,-0.01926825358532369,-2.4366134761904763,1223.0
27136,21,1257,53,-43.20413148403168,-0.010154485702514648,0.1947021484375,0.0020985670871596085,832,0.0004092704424510632,0.2,0.018875437,-0.028503797948360443,0.9754372239112854,-0.02013216666819062,-2.4359682727272727,1223.0
27648,21,1257,54,-43.19610249996185,0.00039821863174438477,0.2017822265625,0.15184547053650022,848,0.0004092704424510632,0.2,0.019667035,0.03187701478600502,0.9762256741523743,-0.023842007271014154,-2.4359682727272727,1223.0
28160,22,1257,55,-43.23590278625488,0.0022212862968444824,0.175048828125,0.0015385477454401553,864,0.0004092704424510632,0.2,0.013612848,-0.035135459154844284,0.9777056574821472,-0.023250593134434894,-2.4334762173913043,1223.0
28672,22,1256,56,-43.25675332546234,0.001743316650390625,0.2301025390625,0.14928909949958324,880,0.0004092704424510632,0.2,0.019063696,0.04453955963253975,0.9771938323974609,-0.026740698303910904,-2.4334762173913043,1223.0
29184,23,1255,57,-43.23460650444031,0.008713483810424805,0.256591796875,0.0029185950770624913,896,0.0004092704424510632,0.2,0.023776768,-0.051553916186094284,0.977001428604126,-0.032375810187659226,-2.4334762173913043,1223.0
29696,23,1255,58,-43.22930145263672,-0.0004928112030029297,0.190673828125,0.004040367588459048,912,0.0004092704424510632,0.2,0.01466927,-0.03261227905750275,0.9773070812225342,-0.021712306450353935,-2.435314333333333,1223.0
30208,24,1254,59,-43.24162292480469,0.0004903078079223633,0.2901611328125,0.16788353468291461,928,0.0004092704424510632,0.2,0.022862267,0.038885898888111115,0.9775848984718323,-0.03417918653576635,-2.435314333333333,1223.0
30720,24,1254,60,-43.257187724113464,-0.008452653884887695,0.2149658203125,0.0017700628868624335,944,0.0004092704424510632,0.2,0.017969318,-0.0370832122862339,0.9782151579856873,-0.0207221152013517,-2.4363621199999996,1223.0
31232,24,1253,61,-43.25463843345642,0.0008501410484313965,0.2127685546875,0.16529312683269382,960,0.0004092704424510632,0.2,0.019297404,0.05570971220731735,0.9769632816314697,-0.022527609951794147,-2.4363621199999996,1223.0
31744,25,1253,62,-43.22673749923706,0.016844511032104492,0.22265625,0.002121784254995873,976,0.0004092704424510632,0.2,0.019372988,-0.03879772499203682,0.9771550297737122,-0.021647576926625334,-2.4363621199999996,1223.0
32256,25,1253,63,-43.23513340950012,-0.014252066612243652,0.2705078125,0.002982981182867661,992,0.0004092704424510632,0.2,0.021764334,-0.04800549894571304,0.9770247340202332,-0.030401205003727227,-2.4289130769230765,1223.0
32768,26,1253,64,-43.20386469364166,0.00022238492965698242,0.251220703125,0.16970902145840228,1008,0.0004092704424510632,0.2,0.027245356,0.03763282299041748,0.9755284786224365,-0.030257039616117254,-2.4289130769230765,1223.0
33280,26,1253,65,-43.16840744018555,0.030154407024383545,0.2265625,0.0024560937054047827,1024,0.0004092704424510632,0.2,0.016772494,-0.03780372068285942,0.9748547077178955,-0.027494720357935876,-2.429192629629629,1223.0
33792,26,1252,66,-43.165653586387634,0.0014481544494628906,0.170166015625,0.17443425953388214,1040,0.0004092704424510632,0.2,0.015620016,0.05512651056051254,0.9750282764434814,-0.020567444036714733,-2.429192629629629,1223.0
34304,27,1252,67,-43.16722095012665,-0.06780552864074707,0.19677734375,0.0011165263567818329,1056,0.0004092704424510632,0.2,0.020378817,-0.03291449695825577,0.9749781489372253,-0.022342231823131442,-2.429443464285714,1223.0
34816,27,1252,68,-43.1856552362442,0.0007175803184509277,0.274169921875,0.16637184424325824,1072,0.0004092704424510632,0.2,0.02189808,0.037158042192459106,0.976470947265625,-0.03158182646438945,-2.429443464285714,1223.0
35328,28,1252,69,-43.24814450740814,0.006753087043762207,0.18212890625,0.0026164547853113618,1088,0.0004092704424510632,0.2,0.014749872,-0.028557363897562027,0.9789571166038513,-0.020534870855044574,-2.429443464285714,1223.0
35840,28,1251,70,-43.316259026527405,-0.0008759498596191406,0.2978515625,0.003165436915878672,1104,0.0004092704424510632,0.2,0.031187933,-0.03618651628494263,0.980391263961792,-0.03191873800824396,-2.428797724137931,1223.0
36352,29,1251,71,-43.35929811000824,0.00016832351684570312,0.2027587890625,0.18994132755324244,1120,0.0004092704424510632,0.2,0.017558306,0.06237027794122696,0.9816425442695618,-0.024935355613706633,-2.428797724137931,1223.0
36864,29,1251,72,-43.371556520462036,-0.0011000633239746094,0.211669921875,0.0015794774899404729,1136,0.0004092704424510632,0.2,0.019097347,-0.044421661645174026,0.980696439743042,-0.026442271075211465,-2.4279734666666664,1223.0
37376,29,1251,73,-43.348151445388794,0.0004799365997314453,0.2078857421875,0.18225105525925756,1152,0.0004092704424510632,0.2,0.021522269,0.045717060565948486,0.980562686920166,-0.02415084511449095,-2.4279734666666664,1223.0
37888,30,1250,74,-43.32488453388214,0.031301677227020264,0.2642822265625,0.0021634446711686905,1168,0.0004092704424510632,0.2,0.028175414,-0.052040569484233856,0.9788893461227417,-0.03010516097128857,-2.4279734666666664,1223.0
38400,30,1250,75,-43.28814709186554,-0.0004181861877441406,0.2022705078125,0.0035804859071504325,1184,0.0004092704424510632,0.2,0.017394423,-0.035697091370821,0.9788857102394104,-0.020990934019209817,-2.4255976129032257,1223.0
38912,31,1250,76,-43.305771470069885,0.00012803077697753906,0.3115234375,0.139366413699463,1200,0.0004092704424510632,0.2,0.037342265,0.008131202310323715,0.9797421097755432,-0.030116304813418537,-2.4255976129032257,1223.0
39424,31,1250,77,-43.31449294090271,-0.0007348060607910156,0.248046875,0.003298673935205443,1216,0.0004092704424510632,0.2,0.020823883,-0.034055039286613464,0.9790157079696655,-0.024439986853394657,-2.42773653125,1223.0
39936,31,1249,78,-43.29254126548767,0.0002086162567138672,0.241943359375,0.20363499876111746,1232,0.0004092704424510632,0.2,0.025618985,0.08242239058017731,0.9792896509170532,-0.024655595829244703,-2.42773653125,1223.0
40448,32,1249,79,-43.30594325065613,-0.0020869970321655273,0.2506103515625,0.0018338149748160504,1248,0.0004092704424510632,0.2,0.01964242,-0.034319888800382614,0.979586124420166,-0.026780540822073817,-2.4286996969696966,1223.0
40960,32,1249,80,-43.32716417312622,0.00026702880859375,0.240478515625,0.19940083753317595,1264,0.0004092704424510632,0.2,0.02098798,0.0669332817196846,0.9808741807937622,-0.026008756045484915,-2.4286996969696966,1223.0
41472,33,1249,81,-43.340073347091675,0.011460483074188232,0.2164306640625,0.0026959372880810406,1280,0.0004092704424510632,0.2,0.018790402,-0.04281926155090332,0.9799594879150391,-0.026617903989972547,-2.4286996969696966,1223.0
41984,33,1248,82,-43.3136111497879,-0.0006382465362548828,0.2247314453125,0.003788153968343977,1296,0.0004092704424510632,0.2,0.017387759,-0.04377993568778038,0.9799948930740356,-0.02482247754232958,-2.429816558823529,1223.0
42496,34,1248,83,-43.30553472042084,9.822845458984375e-05,0.233642578125,0.21831066347658634,1312,0.0004092704424510632,0.2,0.02255629,0.08930803090333939,0.9790260791778564,-0.02287671807425795,-2.429816558823529,1223.0
43008,34,1248,84,-43.297266364097595,-0.00048172473907470703,0.19384765625,0.0017236396106454777,1328,0.0004092704424510632,0.2,0.013518965,-0.035328082740306854,0.980209469795227,-0.020060723967617378,-2.4311032,1223.0
43520,34,1248,85,-43.309245347976685,0.00025457143783569336,0.218994140625,0.20450064353644848,1344,0.0004092704424510632,0.2,0.020039372,0.06885041296482086,0.9786338210105896,-0.022611424370552413,-2.4311032,1223.0
44032,35,1248,86,-43.26525318622589,0.007725119590759277,0.2369384765625,0.001736873895424651,1360,0.0004092704424510632,0.2,0.018365163,-0.024948280304670334,0.9787177443504333,-0.026177129475399852,-2.430747444444444,1223.0
44544,35,1247,87,-43.2891206741333,0.00017142295837402344,0.19580078125,0.19913671165704727,1376,0.0004092704424510632,0.2,0.018399762,0.06527121365070343,0.9794818162918091,-0.024600376505986787,-2.430747444444444,1223.0
45056,36,1246,88,-43.30017924308777,0.0019197463989257812,0.2313232421875,0.0035070597514277324,1392,0.0004092704424510632,0.2,0.018147653,-0.05049778148531914,0.9791762232780457,-0.027917612344026566,-2.430747444444444,1223.0
45568,36,1246,89,-43.301263213157654,-4.744529724121094e-05,0.1790771484375,0.002631711329740938,1408,0.0004092704424510632,0.2,0.014754606,-0.018999643623828888,0.979955792427063,-0.018879857467254624,-2.4274758378378376,1223.0
46080,36,1246,90,-43.31890821456909,9.393692016601562e-05,0.255615234375,0.20811071246862411,1424,0.0004092704424510632,0.2,0.027484715,0.06642241030931473,0.9795564413070679,-0.02536820451496169,-2.4274758378378376,1223.0
46592,37,1246,91,-43.305094599723816,-0.00039076805114746094,0.2435302734375,0.0016778486697148765,1440,0.0004092704424510632,0.2,0.018022783,-0.036566030234098434,0.980009138584137,-0.023565781812067144,-2.4264221842105265,1223.0
47104,37,1246,92,-43.3233677148819,0.00018483400344848633,0.21484375,0.2051904913969338,1456,0.0004092704424510632,0.2,0.019583002,0.08478392660617828,0.9806077480316162,-0.024281816789880395,-2.4264221842105265,1223.0
47616,38,1246,93,-43.32304573059082,-0.00950467586517334,0.228759765625,0.002019474773987895,1472,0.0004092704424510632,0.2,0.017830037,-0.023994645103812218,0.9798972606658936,-0.022566856670891866,-2.4264221842105265,1223.0
48128,38,1246,94,-43.28703260421753,-0.0004292726516723633,0.2215576171875,0.0035910932201659307,1488,0.0004092704424510632,0.2,0.018750101,-0.034383129328489304,0.9781769514083862,-0.02741767605766654,-2.427062153846154,1223.0
48640,39,1246,95,-43.20803081989288,8.881092071533203e-05,0.17578125,0.21681175893172622,1504,0.0004092704424510632,0.2,0.013458741,0.06295998394489288,0.9752089381217957,-0.018291138534550555,-2.427062153846154,1223.0
49152,39,1246,96,-43.12550961971283,-0.00012028217315673828,0.2569580078125,0.001923323661685572,1520,0.0004092704424510632,0.2,0.022154724,-0.024623271077871323,0.973174512386322,-0.026257074321620166,-2.42652235,1223.0
49664,39,1245,97,-43.08410906791687,0.00023311376571655273,0.2098388671875,0.2133648069575429,1536,0.0004092704424510632,0.2,0.019527834,0.060526974499225616,0.973064124584198,-0.02246643285616301,-2.42652235,1223.0
50176,40,1245,98,-43.088122606277466,-0.011309146881103516,0.2122802734375,0.001142127402999904,1552,0.0004092704424510632,0.2,0.01669235,-0.0384955108165741,0.9737217426300049,-0.021822519323905,-2.429777195121951,1223.0
50688,40,1245,99,-43.10580837726593,9.97781753540039e-05,0.2724609375,0.20407553715631366,1568,0.0004092704424510632,0.2,0.020795982,0.04466387256979942,0.9737787842750549,-0.029431642178678885,-2.429777195121951,1223.0
51200,41,1245,100,-43.09920060634613,6.079673767089844e-06,0.2005615234375,0.0030248667535488494,1584,0.0004092704424510632,0.2,0.013779931,-0.032678935676813126,0.9737377166748047,-0.022131239529699087,-2.429777195121951,1223.0
51712,41,1245,101,-43.105496764183044,-0.0002033710479736328,0.215576171875,0.0032359416582039557,1600,0.0004092704424510632,0.2,0.019586243,-0.033501818776130676,0.9742648601531982,-0.02319909047218971,-2.4267891428571424,1223.0
52224,41,1245,102,-43.09751904010773,0.0001017451286315918,0.2001953125,0.21322364686056972,1616,0.0004092704424510632,0.2,0.018923316,0.0657067596912384,0.9731483459472656,-0.02419295208528638,-2.4267891428571424,1223.0
52736,42,1244,103,-43.056010127067566,-0.0013310909271240234,0.2462158203125,0.001889170063805068,1632,0.0004092704424510632,0.2,0.018475618,-0.04579111188650131,0.9716702103614807,-0.028306939027970657,-2.4296320930232556,1223.0
53248,42,1244,104,-43.00135338306427,0.00022161006927490234,0.2581787109375,0.21014012210071087,1648,0.0004092704424510632,0.2,0.02037301,0.070891834795475,0.9696505665779114,-0.02851690020179376,-2.4296320930232556,1223.0
53760,43,1244,105,-42.95800709724426,-0.003969073295593262,0.2237548828125,0.00163614183475147,1664,0.0004092704424510632,0.2,0.021039572,-0.040196094661951065,0.9692347645759583,-0.02576440604752861,-2.4296320930232556,1223.0
54272,43,1244,106,-42.972198843955994,8.034706115722656e-05,0.2135009765625,0.002889379655243829,1680,0.0004092704424510632,0.2,0.018266277,-0.027310002595186234,0.9702021479606628,-0.022379497546353377,-2.429397477272727,1223.0
54784,44,1244,107,-42.994651556015015,5.21540641784668e-05,0.2327880859375,0.21670649247244,1696,0.0004092704424510632,0.2,0.02161545,0.06518344581127167,0.9700114130973816,-0.022529618800035678,-2.429397477272727,1223.0
55296,44,1244,108,-42.97659707069397,0.00017011165618896484,0.2421875,0.002856036473531276,1712,0.0004092704424510632,0.2,0.017373715,-0.028293542563915253,0.9691813588142395,-0.025026009301654994,-2.4306465999999998,1223.0
55808,44,1244,109,-42.96070694923401,6.538629531860352e-05,0.2333984375,0.23481154488399625,1728,0.0004092704424510632,0.2,0.019738628,0.07079878449440002,0.9690040349960327,-0.02458816865691915,-2.4306465999999998,1223.0
56320,45,1244,110,-42.95621407032013,-0.0033055543899536133,0.2247314453125,0.0012147664529038593,1744,0.0004092704424510632,0.2,0.0142732635,-0.036835815757513046,0.9689571261405945,-0.02266136562684551,-2.4319687826086955,1223.0
56832,45,1243,111,-42.97181224822998,9.733438491821289e-05,0.2586669921875,0.2191059971228242,1760,0.0004092704424510632,0.2,0.019416215,0.07986290752887726,0.970380425453186,-0.026109111349796876,-2.4319687826086955,1223.0
57344,46,1243,112,-43.02423298358917,0.0028371810913085938,0.2362060546875,0.0029850130340491887,1776,0.0004092704424510632,0.2,0.021662252,-0.05272223427891731,0.9721444249153137,-0.025842485352768563,-2.4319687826086955,1223.0
57856,46,1243,113,-43.06232416629791,-0.0005174875259399414,0.2142333984375,0.003589692831155844,1792,0.0004092704424510632,0.2,0.01575651,-0.02655954472720623,0.9731820821762085,-0.021770160790765658,-2.4322579999999996,1223.0
58368,46,1243,114,-43.079023599624634,6.633996963500977e-05,0.238525390625,0.23662188602611423,1808,0.0004092704424510632,0.2,0.02405031,0.10229522734880447,0.9732784628868103,-0.024214252829551697,-2.4322579999999996,1223.0
58880,47,1243,115,-43.051108717918396,-0.0009285211563110352,0.23193359375,0.0015146217756409897,1824,0.0004092704424510632,0.2,0.018762676,-0.044748637825250626,0.97116619348526,-0.022266153420787305,-2.4322541041666668,1223.0
59392,47,1243,116,-42.96566092967987,5.65648078918457e-05,0.2681884765625,0.2203304637223482,1840,0.0004092704424510632,0.2,0.023844574,0.06344106793403625,0.9680349826812744,-0.03092157724313438,-2.4322541041666668,1223.0
59904,48,1243,117,-42.8858687877655,0.0005393028259277344,0.212158203125,0.0025044973190233577,1856,0.0004092704424510632,0.2,0.017082948,-0.03580243140459061,0.9665578603744507,-0.023521754803368822,-2.4322541041666668,1223.0
60416,48,1243,118,-42.8569415807724,0.0001761913299560547,0.1953125,0.003454358346061781,1872,0.0004092704424510632,0.2,0.017804846,-0.028360484167933464,0.9662589430809021,-0.019960192876169458,-2.432905693877551,1223.0
60928,49,1243,119,-42.83075833320618,4.649162292480469e-05,0.3116455078125,0.1592934427317232,1888,0.0004092704424510632,0.2,0.03895281,0.03363696113228798,0.9649866223335266,-0.02257321515935473,-2.432905693877551,1223.0
61440,49,1243,120,-42.78715181350708,-0.0003401041030883789,0.2786865234375,0.0034012055475614034,1904,0.0004092704424510632,0.2,0.018828705,-0.026129450649023056,0.963834822177887,-0.024165910406736657,-2.43351396,1223.0
61952,49,1243,121,-42.72697591781616,6.848573684692383e-05,0.261474609375,0.2521659922786057,1920,0.0004092704424510632,0.2,0.019286778,0.08125536143779755,0.9610589146614075,-0.026931817701552063,-2.43351396,1223.0
62464,50,1243,122,-42.6512850522995,-0.005223274230957031,0.2281494140625,0.001345174325251719,1936,0.0004092704424510632,0.2,0.020798218,-0.027835361659526825,0.9597399234771729,-0.021997873671352863,-2.430274901960784,1223.0
62976,50,1243,123,-42.64685010910034,0.00016176700592041016,0.2318115234375,0.22923868941143155,1952,0.0004092704424510632,0.2,0.020541012,0.08460952341556549,0.9605659246444702,-0.019548575015505776,-2.430274901960784,1223.0
63488,51,1243,124,-42.648120164871216,0.004509091377258301,0.2091064453125,0.002996156606968725,1968,0.0004092704424510632,0.2,0.014935258,-0.030753549188375473,0.959271252155304,-0.022501668572658673,-2.430274901960784,1223.0
64000,51,1243,125,-42.61288785934448,3.6597251892089844e-05,0.244873046875,0.0038215039603528567,1984,0.0004092704424510632,0.2,0.018999597,-0.044911060482263565,0.9593682289123535,-0.02623367539490573,-2.4289242884615385,1223.0
64512,51,1242,126,-42.598814845085144,4.458427429199219e-05,0.22265625,0.24558741971850395,2000,0.0004092704424510632,0.2,0.021254849,0.09658084064722061,0.9576548337936401,-0.024428447781247087,-2.4289242884615385,1223.0
65024,52,1242,127,-42.55739724636078,0.0001354217529296875,0.1922607421875,0.0015847306003706763,2016,0.0004092704424510632,0.2,0.013943357,-0.03254012390971184,0.9577755331993103,-0.018660914327483624,-2.428013226415094,1223.0
65536,52,1242,128,-42.58701050281525,0.00010776519775390625,0.2413330078125,0.22707647550851107,2032,0.0004092704424510632,0.2,0.018457998,0.10813406854867935,0.9585266709327698,-0.023305548093048856,-2.428013226415094,1223.0
66048,53,1242,129,-42.600101709365845,0.0003020167350769043,0.253662109375,0.0014566890749847516,2048,0.0004092704424510632,0.2,0.018239222,-0.0366770476102829,0.9587198495864868,-0.02528477952000685,-2.4275531481481476,1223.0
66560,53,1242,130,-42.58790969848633,9.34600830078125e-05,0.2642822265625,0.22382750269025564,2064,0.0004092704424510632,0.2,0.018518,0.0709080621600151,0.9576701521873474,-0.02748575342411641,-2.4275531481481476,1223.0
67072,53,1242,131,-42.52959096431732,0.0017358064651489258,0.201171875,0.003501965868053958,2080,0.0004092704424510632,0.2,0.012991335,-0.03216937556862831,0.9548459649085999,-0.02404847738216631,-2.4275531481481476,1223.0
67584,54,1242,132,-42.45214068889618,-5.5909156799316406e-05,0.223388671875,0.0026423631934449077,2096,0.0004092704424510632,0.2,0.017814565,-0.044605232775211334,0.953633189201355,-0.024731100056669675,-2.4234757636363633,1223.0
68096,54,1242,133,-42.43583917617798,3.49879264831543e-05,0.224365234375,0.23011228442192078,2112,0.0004092704424510632,0.2,0.021435712,0.08929724246263504,0.9538024663925171,-0.02357529014989268,-2.4234757636363633,1223.0
68608,55,1242,134,-42.43219459056854,-0.0002808570861816406,0.209716796875,0.0013018847112107323,2128,0.0004092704424510632,0.2,0.017584402,-0.0327906534075737,0.9534911513328552,-0.023079850448993966,-2.418254732142857,1223.0
69120,55,1242,135,-42.41248893737793,4.798173904418945e-05,0.2293701171875,0.20827408879995346,2144,0.0004092704424510632,0.2,0.020698296,0.06316810101270676,0.9527533650398254,-0.024045401019975543,-2.418254732142857,1223.0
69632,56,1242,136,-42.39523148536682,0.0004089474678039551,0.236328125,0.0017623224794078851,2160,0.0004092704424510632,0.2,0.017906757,-0.03135988488793373,0.9527122378349304,-0.024917435395764187,-2.418254732142857,1223.0
70144,56,1242,137,-42.39788031578064,-0.00011432170867919922,0.2115478515625,0.003609350991609972,2176,0.0004092704424510632,0.2,0.017992118,-0.04092252254486084,0.9526801109313965,-0.024277433898532763,-2.4148766842105265,1223.0
70656,56,1242,138,-42.383193135261536,3.361701965332031e-05,0.2672119140625,0.22006030846387148,2192,0.0004092704424510632,0.2,0.023061633,0.0723612979054451,0.9520462155342102,-0.02999345831631217,-2.4148766842105265,1223.0
71168,57,1241,139,-42.386043429374695,0.0002474188804626465,0.281005859375,0.0016431846815976314,2208,0.0004092704424510632,0.2,0.023490857,-0.04255790263414383,0.9531768560409546,-0.02943912209593691,-2.4115090172413796,1223.0
71680,57,1242,140,-42.40783894062042,6.645917892456055e-05,0.23486328125,0.21544565400108695,2224,0.0004092704424510632,0.2,0.015321519,0.06256034970283508,0.9531880021095276,-0.026273700917954557,-2.4115090172413796,1223.0
72192,58,1242,141,-42.38720512390137,-6.794929504394531e-06,0.2091064453125,0.0013701160987693584,2240,0.0004092704424510632,0.2,0.019926872,-0.02975272946059704,0.9516357779502869,-0.021855792772839777,-2.4121294576271186,1223.0
72704,58,1242,142,-42.346518754959106,8.475780487060547e-05,0.26220703125,0.20300461817532778,2256,0.0004092704424510632,0.2,0.020529974,0.06362456828355789,0.9513346552848816,-0.028011502479785122,-2.4121294576271186,1223.0
73216,58,1242,143,-42.3279128074646,0.0034801363945007324,0.2572021484375,0.003638285299530253,2272,0.0004092704424510632,0.2,0.022867803,-0.03538473695516586,0.949600100517273,-0.025198892901244108,-2.4121294576271186,1223.0
73728,59,1241,144,-42.24721384048462,-7.62939453125e-05,0.2454833984375,0.002787333960441174,2288,0.0004092704424510632,0.2,0.020654457,-0.03158910199999809,0.9467018246650696,-0.02706380507152062,-2.4105889833333336,1223.0
74240,59,1241,145,-42.14397490024567,5.2869319915771484e-05,0.204345703125,0.21936498396098614,2304,0.0004092704424510632,0.2,0.016341057,0.07609258592128754,0.9438755512237549,-0.019472095169476233,-2.4105889833333336,1223.0
74752,60,1241,146,-42.08789145946503,-0.0013463497161865234,0.1929931640625,0.0015653121954528615,2320,0.0004092704424510632,0.2,0.01693305,-0.0346212163567543,0.9441041350364685,-0.02099136471224483,-2.4092486885245905,1223.0
75264,60,1242,147,-42.10515248775482,3.141164779663086e-05,0.2261962890625,0.21022733440622687,2336,0.0004092704424510632,0.2,0.019960547,0.054995596408843994,0.9445347785949707,-0.022522374652908184,-2.4092486885245905,1223.0
75776,0,3934,1,-42.09018874168396,0.000907599925994873,0.2332763671875,0.0021077550736663397,2352,0.0004092704424510632,0.2,0.023859361,-0.040614183992147446,0.9429498314857483,-0.023170710657723248,-2.4092486885245905,1223.0
76288,0,1893,2,-42.06314420700073,-0.0001302957534790039,0.234375,0.0033905550808412954,2368,0.0004092704424510632,0.2,0.016929012,-0.04720310866832733,0.944108784198761,-0.026510601848713122,-2.4055743870967747,1223.0
76800,0,1614,3,-42.106706976890564,2.6464462280273438e-05,0.2467041015625,0.20721656503155828,2384,0.0004092704424510632,0.2,0.022750018,0.05989360809326172,0.9446179270744324,-0.023449906235327944,-2.4055743870967747,1223.0
77312,1,1499,4,-42.10346853733063,0.0002925992012023926,0.238525390625,0.0029540703835664317,2400,0.0004092704424510632,0.2,0.021108216,-0.03072524443268776,0.9445412158966064,-0.02349710583803244,-2.4048992380952385,1223.0
77824,1,1440,5,-42.10421276092529,4.1544437408447266e-05,0.2608642578125,0.22709226794540882,2416,0.0004092704424510632,0.2,0.019997476,0.06964932382106781,0.9440686702728271,-0.027483112877234817,-2.4048992380952385,1223.0
78336,2,1405,6,-42.058778166770935,-0.000457763671875,0.177001953125,0.0017345015239698114,2432,0.0004092704424510632,0.2,0.014348809,-0.031242361292243004,0.9417245388031006,-0.019033078351640143,-2.4050189843750003,1223.0
78848,2,1380,7,-41.987680554389954,4.64320182800293e-05,0.228271484375,0.2099379259161651,2448,0.0004092704424510632,0.2,0.017708318,0.06613697856664658,0.9397029876708984,-0.02023407892556861,-2.4050189843750003,1223.0
79360,3,1360,8,-41.95000219345093,0.00033986568450927734,0.25146484375,0.0035930378799093887,2464,0.0004092704424510632,0.2,0.017844815,-0.03582976758480072,0.9394346475601196,-0.02831903361948207,-2.4050189843750003,1223.0
79872,3,1343,9,-41.948875188827515,-1.0013580322265625e-05,0.2265625,0.002623455187858781,2480,0.0004092704424510632,0.2,0.016761307,-0.03202519938349724,0.9391805529594421,-0.0240720410074573,-2.4024791384615387,1223.0
80384,3,1330,10,-41.941346645355225,3.927946090698242e-05,0.2308349609375,0.22689828602597117,2496,0.0004092704424510632,0.2,0.020240515,0.08022784441709518,0.9390578866004944,-0.02448787636240013,-2.4024791384615387,1223.0
80896,4,1321,11,-41.927101492881775,2.8431415557861328e-05,0.27978515625,0.002267310715978965,2512,0.0004092704424510632,0.2,0.019567125,-0.05033963546156883,0.9384024739265442,-0.024959309754194692,-2.4015923333333333,1223.0
81408,4,1313,12,-41.90029323101044,5.638599395751953e-05,0.220703125,0.21207477245479822,2528,0.0004092704424510632,0.2,0.019064406,0.08718262612819672,0.9372864961624146,-0.023079620325006545,-2.4015923333333333,1223.0
81920,5,1307,13,-41.86965274810791,0.0005861520767211914,0.231201171875,0.0020629433329304447,2544,0.0004092704424510632,0.2,0.017851286,-0.03360265865921974,0.9371080994606018,-0.02547541944659315,-2.4015923333333333,1223.0
82432,5,1301,14,-41.87167489528656,0.00021195411682128906,0.17529296875,0.0031796514776942786,2560,0.0004092704424510632,0.2,0.011091904,-0.035074856132268906,0.9369052648544312,-0.01976699145961902,-2.399802492537314,1223.0
82944,5,1295,15,-41.85120439529419,2.9146671295166016e-05,0.2740478515625,0.14730811747722328,2576,0.0004092704424510632,0.2,0.028123189,0.06131025403738022,0.9361975789070129,-0.024335415568202734,-2.399802492537314,1223.0
83456,6,1293,16,-41.84156775474548,-0.00038444995880126953,0.2872314453125,0.0025698269419081043,2592,0.0004092704424510632,0.2,0.024794972,-0.0472383014857769,0.936497151851654,-0.030854514814564027,-2.4000932500000007,1223.0
83968,6,1290,17,-41.861395597457886,1.52587890625e-05,0.25390625,0.24330051895231009,2608,0.0004092704424510632,0.2,0.022971515,0.09249066561460495,0.9371687769889832,-0.02539495321980212,-2.4000932500000007,1223.0
84480,7,1284,18,-41.876258850097656,-2.777576446533203e-05,0.2210693359375,0.0017179434489662526,2624,0.0004092704424510632,0.2,0.020270415,-0.027749305590987206,0.9373142719268799,-0.022800780236138962,-2.3970676231884065,1223.0
84992,7,1285,19,-41.86703050136566,2.002716064453125e-05,0.27294921875,0.22623556945472956,2640,0.0004092704424510632,0.2,0.022432446,0.08170056343078613,0.9366074204444885,-0.027850263606524095,-2.3970676231884065,1223.0
85504,7,1285,20,-41.84107983112335,0.0002860426902770996,0.2286376953125,0.003193378375726752,2656,0.0004092704424510632,0.2,0.020242922,-0.03703514114022255,0.9359140992164612,-0.02331315854098648,-2.3970676231884065,1223.0
86016,8,1286,21,-41.840327978134155,3.933906555175781e-06,0.2310791015625,0.0031514472648268566,2672,0.0004092704424510632,0.2,0.018077472,-0.032898783683776855,0.9367603659629822,-0.024546805827412754,-2.3965018428571434,1223.0
86528,8,1287,22,-41.860352635383606,1.6510486602783203e-05,0.2039794921875,0.2514195046387613,2688,0.0004092704424510632,0.2,0.01839533,0.09500503540039062,0.9367156624794006,-0.021278200423694216,-2.3965018428571434,1223.0
87040,9,1287,23,-41.827385663986206,0.0001353621482849121,0.2681884765625,0.0020072487313882448,2704,0.0004092704424510632,0.2,0.022867579,-0.03600326552987099,0.935225248336792,-0.029035805695457384,-2.3973480563380285,1223.0
87552,9,1288,24,-41.79302167892456,3.62396240234375e-05,0.1844482421875,0.22879689512774348,2720,0.0004092704424510632,0.2,0.01515194,0.09118228405714035,0.9344130754470825,-0.020988094009226188,-2.3973480563380285,1223.0
88064,9,1288,25,-41.754754304885864,-2.0623207092285156e-05,0.232421875,0.0021988283151586074,2736,0.0004092704424510632,0.2,0.018040929,-0.03172009438276291,0.9326987862586975,-0.02431265846826136,-2.3960659583333332,1223.0
88576,10,1288,26,-41.707701086997986,4.83393669128418e-05,0.2474365234375,0.22376399533823133,2752,0.0004092704424510632,0.2,0.015372423,0.06515731662511826,0.9322749376296997,-0.02433181047672406,-2.3960659583333332,1223.0
89088,10,1289,27,-41.68640601634979,0.00031131505966186523,0.2442626953125,0.003372184142790502,2768,0.0004092704424510632,0.2,0.021835707,-0.04201167821884155,0.9312301874160767,-0.026900424156337976,-2.3960659583333332,1223.0
89600,11,1289,28,-41.6569619178772,-2.9087066650390625e-05,0.2060546875,0.002729276704485528,2784,0.0004092704424510632,0.2,0.016516577,-0.03588729724287987,0.931378185749054,-0.022776058583986014,-2.3953576027397263,1223.0
90112,11,1290,29,-41.662068486213684,1.9609928131103516e-05,0.2181396484375,0.22809542203322053,2800,0.0004092704424510632,0.2,0.01584858,0.08699170500040054,0.9308394193649292,-0.022421351866796613,-2.3953576027397263,1223.0
90624,11,1290,30,-41.61185145378113,-6.175041198730469e-05,0.26171875,0.0022876136608829256,2816,0.0004092704424510632,0.2,0.021603169,-0.03794800862669945,0.9284390807151794,-0.032206139439949766,-2.3942020405405406,1223.0
91136,12,1291,31,-41.56028485298157,3.063678741455078e-05,0.257568359375,0.21632770635187626,2832,0.0004092704424510632,0.2,0.020549946,0.09878000617027283,0.9286068677902222,-0.026144602583372034,-2.3942020405405406,1223.0
91648,12,1290,32,-41.59587359428406,0.0003746151924133301,0.2647705078125,0.0026466367962711956,2848,0.0004092704424510632,0.2,0.023102114,-0.02861759252846241,0.9301259517669678,-0.026993334060534835,-2.3942020405405406,1223.0
92160,13,1290,33,-41.640358567237854,-7.867813110351562e-06,0.2281494140625,0.002395362036622828,2864,0.0004092704424510632,0.2,0.019476704,-0.03535693883895874,0.9308539628982544,-0.025556001375662163,-2.39124252,1223.0
92672,13,1290,34,-41.63591742515564,2.2172927856445312e-05,0.297607421875,0.23070739582180977,2880,0.0004092704424510632,0.2,0.025872028,0.06286182254552841,0.9301753640174866,-0.02807927250978537,-2.39124252,1223.0
93184,13,1290,35,-41.59869563579559,7.975101470947266e-05,0.2308349609375,0.0021884089128434425,2896,0.0004092704424510632,0.2,0.020851355,-0.03867567703127861,0.928706705570221,-0.024001156794838607,-2.3903305,1223.0
93696,14,1290,36,-41.55645000934601,3.1948089599609375e-05,0.2080078125,0.22908444795757532,2912,0.0004092704424510632,0.2,0.016434561,0.0933036357164383,0.9276883602142334,-0.018350883154198527,-2.3903305,1223.0
94208,14,1290,37,-41.50865888595581,-0.00011944770812988281,0.23779296875,0.0017077311422326602,2928,0.0004092704424510632,0.2,0.019122278,-0.05003802478313446,0.9256279468536377,-0.032688896520994604,-2.390306194805195,1223.0
94720,15,1289,38,-41.44926464557648,5.02467155456543e-05,0.259765625,0.21034966176375747,2944,0.0004092704424510632,0.2,0.02285438,0.07781550288200378,0.9246257543563843,-0.030889929897966795,-2.390306194805195,1223.0
95232,15,1289,39,-41.41392123699188,0.003947138786315918,0.2415771484375,0.003205783596058609,2960,0.0004092704424510632,0.2,0.011671765,-0.04256664216518402,0.9234023690223694,-0.024861843034159392,-2.390306194805195,1223.0
95744,15,1288,40,-41.38817763328552,-4.8160552978515625e-05,0.23974609375,0.003245357653213432,2976,0.0004092704424510632,0.2,0.01874144,-0.021137051284313202,0.9232392907142639,-0.02574499418551568,-2.390639512820513,1223.0
96256,16,1288,41,-41.396852254867554,2.866983413696289e-05,0.2601318359375,0.22730155428871512,2992,0.0004092704424510632,0.2,0.021367729,0.07030926644802094,0.9235904216766357,-0.027974910015473142,-2.390639512820513,1223.0
96768,16,1287,42,-41.40801799297333,-0.000339508056640625,0.2388916015625,0.00237968927831389,3008,0.0004092704424510632,0.2,0.018132595,-0.03666818141937256,0.9237280488014221,-0.027457043732283637,-2.390376329113924,1223.0
97280,17,1287,43,-41.39936089515686,4.673004150390625e-05,0.23681640625,0.2153977327980101,3024,0.0004092704424510632,0.2,0.02747652,0.06767988204956055,0.9226629734039307,-0.0279035473940894,-2.390376329113924,1223.0
97792,17,1286,44,-41.36457180976868,0.00832587480545044,0.2239990234375,0.001980532879315433,3040,0.0004092704424510632,0.2,0.015637476,-0.05069403350353241,0.9222683310508728,-0.0278086147736758,-2.390376329113924,1223.0
98304,17,1286,45,-41.347232818603516,-9.40561294555664e-05,0.230712890625,0.003374293999513611,3056,0.0004092704424510632,0.2,0.018330399,-0.037625979632139206,0.9215108752250671,-0.025941613028408028,-2.3888403125,1223.0
98816,18,1286,46,-41.32069492340088,1.811981201171875e-05,0.2943115234375,0.2080685724504292,3072,0.0004092704424510632,0.2,0.032438375,0.05870728939771652,0.9206063151359558,-0.030541821237420663,-2.3888403125,1223.0
99328,18,1285,47,-41.315396666526794,-9.381771087646484e-05,0.205322265625,0.0025100193815887906,3088,0.0004092704424510632,0.2,0.015219575,-0.025336554273962975,0.9212908148765564,-0.023441460660251323,-2.387096814814815,1223.0
99840,19,1285,48,-41.35197424888611,2.3603439331054688e-05,0.2554931640625,0.2216339986771345,3104,0.0004092704424510632,0.2,0.02000547,0.0747494027018547,0.9222075939178467,-0.025675578275695443,-2.387096814814815,1223.0
100352,19,1285,49,-41.36113905906677,-0.00036323070526123047,0.198486328125,0.0018511410544306273,3120,0.0004092704424510632,0.2,0.014134158,-0.03963806852698326,0.921953022480011,-0.02293631376232952,-2.386621841463415,1223.0
100864,19,1284,50,-41.32640480995178,2.753734588623047e-05,0.2630615234375,0.2116612633690238,3136,0.0004092704424510632,0.2,0.021174777,0.07670404762029648,0.9203075766563416,-0.02721898707386572,-2.386621841463415,1223.0
101376,20,1284,51,-41.278337359428406,0.00038927793502807617,0.2086181640625,0.0035219640521972906,3152,0.0004092704424510632,0.2,0.017717533,-0.029724499210715294,0.9192771911621094,-0.023894534271676093,-2.386621841463415,1223.0
101888,20,1281,52,-41.23635160923004,-6.747245788574219e-05,0.232666015625,0.003087182187300641,3168,0.0004092704424510632,0.2,0.01682569,-0.036516252905130386,0.9174057245254517,-0.02452009824628476,-2.3866325301204823,1223.0
102400,21,1281,53,-41.17679941654205,1.627206802368164e-05,0.2852783203125,0.22521944856271148,3184,0.0004092704424510632,0.2,0.0265819,0.09455498307943344,0.916215717792511,-0.026905152240942698,-2.3866325301204823,1223.0
102912,21,1281,54,-41.13630270957947,-3.5643577575683594e-05,0.2489013671875,0.0022205330333235906,3200,0.0004092704424510632,0.2,0.017554723,-0.042252104729413986,0.9152880311012268,-0.026508285947784316,-2.3868235833333338,1223.0
103424,21,1280,55,-41.09922170639038,2.5093555450439453e-05,0.1668701171875,0.2214158894494176,3216,0.0004092704424510632,0.2,0.015544932,0.0763121247291565,0.913770318031311,-0.017561460175784305,-2.3868235833333338,1223.0
103936,22,1280,56,-41.05181562900543,0.0002630949020385742,0.20166015625,0.002136560526196263,3232,0.0004092704424510632,0.2,0.01719523,-0.030102640390396118,0.9133884310722351,-0.020378646906465292,-2.3868235833333338,1223.0
104448,22,1279,57,-41.04274892807007,2.2709369659423828e-05,0.25244140625,0.003045646160899196,3248,0.0004092704424510632,0.2,0.020744074,-0.046654071658849716,0.9129729866981506,-0.02835748775396496,-2.3854638705882354,1223.0
104960,23,1278,58,-41.02077543735504,2.0444393157958984e-05,0.35302734375,0.13844475569203496,3264,0.0004092704424510632,0.2,0.045076605,0.0047013163566589355,0.9121254682540894,-0.027649080817354843,-2.3854638705882354,1223.0
105472,23,1278,59,-40.97867405414581,-0.00038313865661621094,0.2391357421875,0.0022299730007944163,3280,0.0004092704424510632,0.2,0.021093985,-0.041946083307266235,0.9104804992675781,-0.027598059212323278,-2.382897755813954,1223.0
105984,24,1278,60,-40.923436999320984,2.205371856689453e-05,0.2637939453125,0.24694522889330983,3296,0.0004092704424510632,0.2,0.021063864,0.08855974674224854,0.9089141488075256,-0.02665001602144912,-2.382897755813954,1223.0
106496,24,1277,61,-40.87582266330719,-0.003646373748779297,0.2659912109375,0.0019201076811441453,3312,0.0004092704424510632,0.2,0.024616279,-0.04225439578294754,0.9076674580574036,-0.031245760997990146,-2.381487850574713,1223.0
107008,24,1277,62,-40.844308733940125,1.1563301086425781e-05,0.214111328125,0.22642017621546984,3328,0.0004092704424510632,0.2,0.018392678,0.07561250030994415,0.9064732193946838,-0.02426241885405034,-2.381487850574713,1223.0
107520,25,1277,63,-40.82454037666321,0.00011712312698364258,0.2332763671875,0.0029092346339893993,3344,0.0004092704424510632,0.2,0.01888993,-0.02701840177178383,0.9068565964698792,-0.025175582122756168,-2.381487850574713,1223.0
108032,25,1276,64,-40.83127152919769,3.612041473388672e-05,0.1778564453125,0.003021253261977108,3360,0.0004092704424510632,0.2,0.01366061,-0.028228197246789932,0.9063810706138611,-0.01956770040851552,-2.378912125,1223.0
108544,26,1276,65,-40.80486583709717,1.239776611328125e-05,0.1771240234375,0.24253141786903143,3376,0.0004092704424510632,0.2,0.0151850805,0.11801716685295105,0.9059584736824036,-0.019753780914470553,-2.378912125,1223.0
109056,26,1276,66,-40.79340922832489,-6.246566772460938e-05,0.20556640625,0.0015704974175605457,3392,0.0004092704424510632,0.2,0.016739557,-0.034433141350746155,0.9055655598640442,-0.02005352868582122,-2.3772331460674154,1223.0
109568,26,1276,67,-40.7659010887146,2.104043960571289e-05,0.27099609375,0.22576258704066277,3408,0.0004092704424510632,0.2,0.023453586,0.06243070960044861,0.9042553901672363,-0.03071522494428791,-2.3772331460674154,1223.0
110080,27,1276,68,-40.74281966686249,0.00017529726028442383,0.2415771484375,0.0017541910674481187,3424,0.0004092704424510632,0.2,0.016770845,-0.02884759195148945,0.904564380645752,-0.027961928193690255,-2.373826922222222,1223.0
110592,27,1276,69,-40.723671078681946,2.0623207092285156e-05,0.2117919921875,0.213302634190768,3440,0.0004092704424510632,0.2,0.017757518,0.08554598689079285,0.9021232724189758,-0.021696783107472584,-2.373826922222222,1223.0
111104,28,1276,70,-40.65622067451477,5.370378494262695e-05,0.218994140625,0.0035543512312870007,3456,0.0004092704424510632,0.2,0.013807673,-0.038246724754571915,0.9017279744148254,-0.025537681314744987,-2.373826922222222,1223.0
111616,28,1276,71,-40.64878571033478,4.76837158203125e-07,0.177978515625,0.0035219748388044536,3472,0.0004092704424510632,0.2,0.015418058,-0.025638291612267494,0.9008875489234924,-0.019451424333965406,-2.3734572637362636,1223.0
112128,28,1276,72,-40.611499309539795,1.6808509826660156e-05,0.2198486328125,0.2247431934811175,3488,0.0004092704424510632,0.2,0.018178374,0.06554786115884781,0.900014340877533,-0.02247937691572588,-2.3734572637362636,1223.0
112640,29,1276,73,-40.586174845695496,-0.00015687942504882812,0.196044921875,0.0018002952729148092,3504,0.0004092704424510632,0.2,0.015170364,-0.03888595104217529,0.8996320962905884,-0.02262631375924684,-2.373060358695652,1223.0
113152,29,1276,74,-40.579293608665466,1.6927719116210938e-05,0.26806640625,0.20834619970992208,3520,0.0004092704424510632,0.2,0.024661638,0.03508417680859566,0.8998926281929016,-0.02834161046484951,-2.373060358695652,1223.0
113664,30,1276,75,-40.58198118209839,6.699562072753906e-05,0.2283935546875,0.0024848055982147343,3536,0.0004092704424510632,0.2,0.01849233,-0.02871459536254406,0.8996968865394592,-0.022973415456363,-2.373060358695652,1223.0
114176,30,1276,76,-40.551571011543274,-0.0001436471939086914,0.2574462890625,0.0027311761768942233,3552,0.0004092704424510632,0.2,0.018018978,-0.03776618093252182,0.8977841734886169,-0.03149964049225673,-2.3706776451612903,1223.0
114688,30,1276,77,-40.484243750572205,1.2695789337158203e-05,0.247314453125,0.22527581872418523,3568,0.0004092704424510632,0.2,0.018700939,0.08482561260461807,0.8965355157852173,-0.024927293445216492,-2.3706776451612903,1223.0
115200,31,1276,78,-40.467291474342346,-0.00022113323211669922,0.279541015625,0.0016987437029456487,3584,0.0004092704424510632,0.2,0.022220887,-0.03829837962985039,0.8968845009803772,-0.027790792199084535,-2.3692792659574464,1223.0
115712,31,1276,79,-40.49612236022949,2.2113323211669922e-05,0.242919921875,0.2193303699605167,3600,0.0004092704424510632,0.2,0.01972206,0.07371266186237335,0.8980323672294617,-0.02510977517522406,-2.3692792659574464,1223.0
116224,32,1275,80,-40.52390658855438,-0.0015496015548706055,0.279296875,0.0012330909357842756,3616,0.0004092704424510632,0.2,0.019046329,-0.033320602029561996,0.898540735244751,-0.028323298989562318,-2.367797442105263,1223.0
116736,32,1275,81,-40.51672387123108,2.4557113647460938e-05,0.237548828125,0.20384816359728575,3632,0.0004092704424510632,0.2,0.02032979,0.06409742683172226,0.8978110551834106,-0.027282773269689642,-2.367797442105263,1223.0
117248,32,1275,82,-40.507360100746155,6.127357482910156e-05,0.253173828125,0.004201484072837047,3648,0.0004092704424510632,0.2,0.022020765,-0.027121825143694878,0.8982564210891724,-0.03036516922293231,-2.367797442105263,1223.0
117760,33,1275,83,-40.52596318721771,-1.6927719116210938e-05,0.2750244140625,0.0025204223493346944,3664,0.0004092704424510632,0.2,0.019656535,-0.05126949027180672,0.8985131978988647,-0.030026760694454424,-2.366584,1223.0
118272,33,1275,84,-40.53730666637421,2.0623207092285156e-05,0.2161865234375,0.2194451247341931,3680,0.0004092704424510632,0.2,0.017986666,0.06828617304563522,0.8987902402877808,-0.02213005474914098,-2.366584,1223.0
118784,34,1275,85,-40.55752074718475,-0.0001977682113647461,0.2099609375,0.0017130103660747409,3696,0.0004092704424510632,0.2,0.017409435,-0.03567596524953842,0.9002076387405396,-0.022284235630650073,-2.3653864742268045,1223.0
119296,34,1275,86,-40.5920205116272,2.658367156982422e-05,0.226318359375,0.2076485976576805,3712,0.0004092704424510632,0.2,0.016899735,0.06240740045905113,0.9002928137779236,-0.025507142549031414,-2.3653864742268045,1223.0
119808,34,1275,87,-40.57177805900574,0.0004773139953613281,0.2479248046875,0.002124847556842724,3728,0.0004092704424510632,0.2,0.01799028,-0.032156944274902344,0.8993636965751648,-0.025275981053709984,-2.3653864742268045,1223.0
120320,35,1275,88,-40.548293352127075,-4.851818084716797e-05,0.2242431640625,0.0034562169821583666,3744,0.0004092704424510632,0.2,0.016962392,-0.026994900777935982,0.8987300992012024,-0.022227732639294118,-2.3652565714285716,1223.0
120832,35,1274,89,-40.51813018321991,1.1265277862548828e-05,0.22021484375,0.19889359641820192,3760,0.0004092704424510632,0.2,0.025246963,0.05672794580459595,0.8975115418434143,-0.01951767569698859,-2.3652565714285716,1223.0
121344,36,1274,90,-40.473008155822754,2.4199485778808594e-05,0.2159423828125,0.002600247007649159,3776,0.0004092704424510632,0.2,0.021278344,-0.02963201142847538,0.8961901068687439,-0.022918581191333942,-2.3649373535353537,1223.0
121856,36,1274,91,-40.4343044757843,2.193450927734375e-05,0.234130859375,0.22372334729880095,3792,0.0004092704424510632,0.2,0.017375283,0.07284323126077652,0.8951513767242432,-0.02424985490506515,-2.3649373535353537,1223.0
122368,36,1274,92,-40.410343050956726,7.927417755126953e-06,0.2353515625,0.0013767161653959192,3808,0.0004092704424510632,0.2,0.016236678,-0.04009741172194481,0.8952312469482422,-0.02602318668505177,-2.36302952,1223.0
122880,37,1274,93,-40.41978573799133,2.5510787963867188e-05,0.216552734375,0.20793620543554425,3824,0.0004092704424510632,0.2,0.016189916,0.054523173719644547,0.895771861076355,-0.023978279103175737,-2.36302952,1223.0
123392,37,1274,94,-40.44121813774109,5.453824996948242e-05,0.2213134765625,0.0037993358928360976,3840,0.0004092704424510632,0.2,0.015078487,-0.034362372010946274,0.896976888179779,-0.024824661115417257,-2.36302952,1223.0
123904,38,1273,95,-40.49590241909027,-4.8995018005371094e-05,0.2415771484375,0.003360531227372121,3856,0.0004092704424510632,0.2,0.02258093,-0.0313878059387207,0.898773193359375,-0.02481051575159654,-2.36087026,1223.0
124416,38,1273,96,-40.54176473617554,2.2232532501220703e-05,0.2613525390625,0.2273303042165935,3872,0.0004092704424510632,0.2,0.018229578,0.06409009546041489,0.8995651006698608,-0.02626980750937946,-2.36087026,1223.0
124928,39,1273,97,-40.544010281562805,5.245208740234375e-05,0.2777099609375,0.001698248359389254,3888,0.0004092704424510632,0.2,0.022658544,-0.05243122577667236,0.8992328643798828,-0.02981277447543107,-2.35970578,1223.0
125440,39,1272,98,-40.52283596992493,3.230571746826172e-05,0.2283935546875,0.20609495230019093,3904,0.0004092704424510632,0.2,0.02114248,0.06832556426525116,0.8982651233673096,-0.023296422663406702,-2.35970578,1223.0
125952,39,1272,99,-40.47658121585846,0.00012195110321044922,0.2532958984375,0.002717891515203519,3920,0.0004092704424510632,0.2,0.020622555,-0.04001611843705177,0.8965933322906494,-0.02691791694087442,-2.35970578,1223.0
126464,40,1272,100,-40.43087446689606,0.00010865926742553711,0.204833984375,0.0033592862127989065,3936,0.0004092704424510632,0.2,0.014760153,-0.03636147081851959,0.8960897922515869,-0.02159924198349472,-2.36015279,1223.0
126976,40,1272,101,-40.417739510536194,1.519918441772461e-05,0.304931640625,0.12409405421931297,3952,0.0004092704424510632,0.2,0.036807578,0.026614714413881302,0.8957949280738831,-0.025194671674398705,-2.36015279,1223.0
127488,41,1272,102,-40.40747904777527,-0.00015223026275634766,0.2474365234375,0.0025280733716499526,3968,0.0004092704424510632,0.2,0.023789719,-0.03826460614800453,0.8954644203186035,-0.025467614439548925,-2.3596334,1223.0
128000,41,1272,103,-40.389424324035645,1.627206802368164e-05,0.1688232421875,0.24093042872846127,3984,0.0004092704424510632,0.2,0.013558537,0.09799560904502869,0.894501268863678,-0.017400121949322056,-2.3596334,1223.0
128512,41,1271,104,-40.33793604373932,0.00010854005813598633,0.252197265625,0.0017134966929006623,4000,0.0004092704424510632,0.2,0.021101598,-0.03341006115078926,0.892881453037262,-0.02486254672112409,-2.35902365,1223.0
129024,42,1271,105,-40.29386627674103,1.3709068298339844e-05,0.2720947265625,0.22848394652828574,4016,0.0004092704424510632,0.2,0.024374105,0.08984258770942688,0.8922924995422363,-0.02912384012597613,-2.35902365,1223.0
129536,42,1271,106,-40.27003717422485,0.0001226663589477539,0.2159423828125,0.003241657468606718,4032,0.0004092704424510632,0.2,0.01803298,-0.02831922471523285,0.8911893963813782,-0.022759796935133636,-2.35902365,1223.0
130048,43,1269,107,-40.240822553634644,5.424022674560547e-05,0.2777099609375,0.0029298901499714702,4048,0.0004092704424510632,0.2,0.020405285,-0.046596724539995193,0.8912706971168518,-0.030216726969229057,-2.3565203500000003,1223.0
130560,43,1269,108,-40.241068601608276,1.1324882507324219e-05,0.2047119140625,0.2410461432300508,4064,0.0004092704424510632,0.2,0.01411226,0.10073533654212952,0.8915004730224609,-0.02102054565330036,-2.3565203500000003,1223.0
131072,43,1269,109,-40.24478507041931,7.539987564086914e-05,0.237060546875,0.0016298052614729386,4080,0.0004092704424510632,0.2,0.021713238,-0.03561851754784584,0.8917866945266724,-0.025883761394652538,-2.3531516000000003,1223.0
131584,44,1269,110,-40.26814067363739,2.104043960571289e-05,0.2603759765625,0.2252531899139285,4096,0.0004092704424510632,0.2,0.016413609,0.06925773620605469,0.8925405740737915,-0.02745137487363536,-2.3531516000000003,1223.0
132096,44,1269,111,-40.25537812709808,5.7578086853027344e-05,0.22216796875,0.001606081472345977,4112,0.0004092704424510632,0.2,0.019078147,-0.0367303267121315,0.8905263543128967,-0.024601150238595437,-2.350484270000001,1223.0
132608,45,1269,112,-40.20039188861847,2.5153160095214844e-05,0.274169921875,0.2138988166116178,4128,0.0004092704424510632,0.2,0.02286325,0.06145380437374115,0.8905337452888489,-0.0311480567252147,-2.350484270000001,1223.0
133120,45,1269,113,-40.18257653713226,3.4689903259277344e-05,0.2537841796875,0.0035749582857533824,4144,0.0004092704424510632,0.2,0.021104388,-0.042724840342998505,0.8887535929679871,-0.028627064573811367,-2.350484270000001,1223.0
133632,45,1269,114,-40.13266170024872,-2.0503997802734375e-05,0.2823486328125,0.0030596828291891143,4160,0.0004092704424510632,0.2,0.02412548,-0.04643368721008301,0.8885263204574585,-0.027121045597596094,-2.34704289,1223.0
134144,46,1269,115,-40.12791383266449,1.6570091247558594e-05,0.251953125,0.22523036831989884,4176,0.0004092704424510632,0.2,0.018611519,0.0717625543475151,0.8882326483726501,-0.024834221287164837,-2.34704289,1223.0
134656,46,1269,116,-40.11117887496948,3.6597251892089844e-05,0.2327880859375,0.0017809680539357942,4192,0.0004092704424510632,0.2,0.018677669,-0.04702087119221687,0.8879279494285583,-0.02399614712339826,-2.3450336899999997,1223.0
135168,47,1269,117,-40.09669589996338,1.9609928131103516e-05,0.2186279296875,0.21251464495435357,4208,0.0004092704424510632,0.2,0.01652812,0.0679081380367279,0.8871806859970093,-0.018864312118239468,-2.3450336899999997,1223.0
135680,47,1269,118,-40.07015359401703,0.00015246868133544922,0.2156982421875,0.002902259562688414,4224,0.0004092704424510632,0.2,0.015031835,-0.023806296288967133,0.8863527774810791,-0.020513365700026043,-2.3450336899999997,1223.0
136192,47,1269,119,-40.043375730514526,-7.927417755126953e-05,0.3004150390625,0.0034052490736939944,4240,0.0004092704424510632,0.2,0.025086204,-0.055049605667591095,0.8855425119400024,-0.03351474410737865,-2.34352713,1223.0
136704,48,1269,120,-40.017412185668945,2.0682811737060547e-05,0.2528076171875,0.2238619583658874,4256,0.0004092704424510632,0.2,0.021819174,0.06434354186058044,0.8849397897720337,-0.024052259337622672,-2.34352713,1223.0
137216,48,1269,121,-39.998167991638184,0.0001506209373474121,0.290283203125,0.0020943661547789816,4272,0.0004092704424510632,0.2,0.018896412,-0.05643923580646515,0.8844946026802063,-0.03361765216686763,-2.34018003,1223.0
137728,49,1269,122,-39.96385633945465,2.9027462005615234e-05,0.2166748046875,0.21701958635821939,4288,0.0004092704424510632,0.2,0.018810691,0.06212658807635307,0.8828871250152588,-0.01989612160832621,-2.34018003,1223.0
138240,49,1269,123,-39.915868639945984,-0.0002713203430175781,0.2451171875,0.0014227410092644277,4304,0.0004092704424510632,0.2,0.019996727,-0.039202071726322174,0.8818870782852173,-0.02897668382502161,-2.33815314,1223.0
138752,50,1269,124,-39.90756571292877,2.7477741241455078e-05,0.25,0.20631329016759992,4320,0.0004092704424510632,0.2,0.019849489,0.08004293590784073,0.8825002312660217,-0.02478005657758331,-2.33815314,1223.0
139264,50,1269,125,-39.9325977563858,-2.467632293701172e-05,0.1953125,0.0032464819560118485,4336,0.0004092704424510632,0.2,0.017224684,-0.02679908648133278,0.8826714754104614,-0.020315612957347184,-2.33815314,1223.0
139776,50,1269,126,-39.9286208152771,5.3882598876953125e-05,0.2513427734375,0.0033575123925402295,4352,0.0004092704424510632,0.2,0.020485554,-0.040952395647764206,0.8829083442687988,-0.024782209569821134,-2.33752027,1223.0
140288,51,1269,127,-39.923067569732666,2.676248550415039e-05,0.2386474609375,0.21841345680877566,4368,0.0004092704424510632,0.2,0.021930197,0.0804273933172226,0.8819661736488342,-0.02396928872622084,-2.33752027,1223.0
140800,51,1268,128,-39.89432215690613,-4.649162292480469e-06,0.2314453125,0.0018321108145755716,4384,0.0004092704424510632,0.2,0.016582754,-0.02337847650051117,0.881799578666687,-0.019837911298964173,-2.3356924599999997,1223.0
141312,52,1268,129,-39.883397936820984,3.0279159545898438e-05,0.224365234375,0.20733769284561276,4400,0.0004092704424510632,0.2,0.01798531,0.0629117488861084,0.8807916045188904,-0.02313221611257177,-2.3356924599999997,1223.0
141824,52,1268,130,-39.82879412174225,0.00021094083786010742,0.201904296875,0.002813974399032304,4416,0.0004092704424510632,0.2,0.017939676,-0.036056146025657654,0.8792518973350525,-0.021908669601543806,-2.3356924599999997,1223.0
142336,52,1268,131,-39.7945773601532,-4.458427429199219e-05,0.22021484375,0.003077577053772984,4432,0.0004092704424510632,0.2,0.019903587,-0.020913979038596153,0.8794457316398621,-0.02313362152199261,-2.33281662,1223.0
142848,53,1268,132,-39.81667387485504,2.0444393157958984e-05,0.2105712890625,0.19568079430609941,4448,0.0004092704424510632,0.2,0.017841427,0.052465133368968964,0.8797887563705444,-0.019738958428206388,-2.33281662,1223.0
143360,53,1268,133,-39.81318426132202,-9.953975677490234e-05,0.2337646484375,0.00243287241391954,4464,0.0004092704424510632,0.2,0.021128468,-0.02570260316133499,0.8791916966438293,-0.024643767756060697,-2.3278013,1223.0
143872,54,1268,134,-39.806992411613464,2.9981136322021484e-05,0.2777099609375,0.22084313025698066,4480,0.0004092704424510632,0.2,0.020331673,0.06421936303377151,0.8794479966163635,-0.029159318859456107,-2.3278013,1223.0
144384,54,1268,135,-39.82649290561676,-7.987022399902344e-05,0.1937255859375,0.0014793812179050292,4496,0.0004092704424510632,0.2,0.017942116,-0.03653008118271828,0.8799901008605957,-0.01863877488358412,-2.3255600000000003,1223.0
144896,54,1268,136,-39.8381564617157,3.30805778503418e-05,0.2607421875,0.20483493944630027,4512,0.0004092704424510632,0.2,0.023869723,0.05158471316099167,0.8801925182342529,-0.02963025146164,-2.3255600000000003,1223.0
145408,55,1268,137,-39.83964264392853,7.033348083496094e-05,0.22119140625,0.0030485796232824214,4528,0.0004092704424510632,0.2,0.017376557,-0.03888949751853943,0.8804577589035034,-0.024297528158058412,-2.3255600000000003,1223.0
145920,55,1268,138,-39.84330654144287,-8.368492126464844e-05,0.227783203125,0.002922879852121696,4544,0.0004092704424510632,0.2,0.016212525,-0.03112538531422615,0.8801459074020386,-0.025979936035582796,-2.3239911400000004,1223.0
146432,56,1268,139,-39.800352573394775,2.9742717742919922e-05,0.2391357421875,0.2195672644302249,4560,0.0004092704424510632,0.2,0.019044083,0.07270149141550064,0.8779178261756897,-0.026035243572550826,-2.3239911400000004,1223.0
146944,56,1268,140,-39.74278950691223,0.00014060735702514648,0.3006591796875,0.0017918689300131518,4576,0.0004092704424510632,0.2,0.026390117,-0.047291528433561325,0.8778185248374939,-0.028860573220299557,-2.32083394,1223.0
147456,56,1267,141,-39.76849901676178,4.482269287109375e-05,0.268798828125,0.20399743551388383,4592,0.0004092704424510632,0.2,0.024773214,0.07144112884998322,0.8784863352775574,-0.02781430972390808,-2.32083394,1223.0
147968,57,1268,142,-39.76352095603943,0.0005019307136535645,0.3150634765625,0.0024747751231188886,4608,0.0004092704424510632,0.2,0.026093928,-0.04950253665447235,0.8772463798522949,-0.03588368184864521,-2.32083394,1223.0
148480,57,1268,143,-39.69686138629913,7.349252700805664e-05,0.234375,0.0035958492990175728,4624,0.0004092704424510632,0.2,0.02092061,-0.04257415235042572,0.874725341796875,-0.024993685219669715,-2.32026717,1223.0
148992,58,1267,144,-39.62972438335419,2.288818359375e-05,0.3466796875,0.11241468135267496,4640,0.0004092704424510632,0.2,0.040642098,0.038446180522441864,0.8738058805465698,-0.028225073067005724,-2.32026717,1223.0
149504,58,1267,145,-39.613895773887634,-0.000588536262512207,0.287353515625,0.0029911670681030955,4656,0.0004092704424510632,0.2,0.026607435,-0.03052014485001564,0.874016523361206,-0.025090783354244195,-2.3172803500000003,1223.0
150016,58,1267,146,-39.63066065311432,1.8537044525146484e-05,0.2557373046875,0.23901162203401327,4672,0.0004092704424510632,0.2,0.022790322,0.07898944616317749,0.8741607069969177,-0.02699039626168087,-2.3172803500000003,1223.0
150528,59,1267,147,-39.620081067085266,-0.01194155216217041,0.2705078125,0.0011046199306292692,4688,0.0004092704424510632,0.2,0.018906854,-0.04395795240998268,0.8736175894737244,-0.027140064135892317,-2.31520991,1223.0
151040,0,3808,1,-39.605345487594604,1.5020370483398438e-05,0.2606201171875,0.21973657887429,4704,0.0004092704424510632,0.2,0.02241284,0.0797809287905693,0.873680055141449,-0.02802955181687139,-2.31520991,1223.0
151552,0,1878,2,-39.57068061828613,0.0001684427261352539,0.2620849609375,0.0026418341913085897,4720,0.0004092704424510632,0.2,0.022547375,-0.03127346560359001,0.8708487749099731,-0.027531955245649442,-2.31520991,1223.0
152064,0,1608,3,-39.4697961807251,-4.661083221435547e-05,0.2459716796875,0.002456376445479691,4736,0.0004092704424510632,0.2,0.018026724,-0.024493666365742683,0.8688331246376038,-0.026524718443397433,-2.3113939400000003,1223.0
152576,1,1509,4,-39.444045186042786,4.708766937255859e-06,0.2008056640625,0.22896262304857373,4752,0.0004092704424510632,0.2,0.014813857,0.08057167381048203,0.8694510459899902,-0.023264404888323043,-2.3113939400000003,1223.0
153088,1,1448,5,-39.446314096450806,-1.9073486328125e-05,0.2442626953125,0.00171107401001791,4768,0.0004092704424510632,0.2,0.022505052,-0.03193104267120361,0.8679735660552979,-0.0242954260611441,-2.30748014,1223.0
153600,2,1411,6,-39.37671983242035,1.0311603546142578e-05,0.2652587890625,0.2117266058921814,4784,0.0004092704424510632,0.2,0.02400368,0.05273483321070671,0.866305947303772,-0.029992696538101882,-2.30748014,1223.0
154112,2,1387,7,-39.32095503807068,0.0004455447196960449,0.2481689453125,0.00180877823731862,4800,0.0004092704424510632,0.2,0.018716872,-0.036059677600860596,0.8644432425498962,-0.028229808143805712,-2.30581012,1223.0
154624,2,1368,8,-39.25797641277313,6.139278411865234e-06,0.270263671875,0.19685227470472455,4816,0.0004092704424510632,0.2,0.025475264,0.06888225674629211,0.8632534146308899,-0.024077328911516815,-2.30581012,1223.0
155136,3,1355,9,-39.239254117012024,-1.811981201171875e-05,0.2449951171875,0.0028578166056831833,4832,0.0004092704424510632,0.2,0.02051321,-0.03036418743431568,0.863679826259613,-0.02771055602352135,-2.30581012,1223.0
155648,3,1344,10,-39.277119517326355,-3.4570693969726562e-06,0.2537841796875,0.003130237993900664,4848,0.0004092704424510632,0.2,0.01839222,-0.03659279644489288,0.8657243847846985,-0.02555945208587218,-2.3017909999999997,1223.0
156160,4,1336,11,-39.32495880126953,8.285045623779297e-06,0.250244140625,0.20946266734972596,4864,0.0004092704424510632,0.2,0.024823004,0.06781410425901413,0.8656752109527588,-0.0254745100683067,-2.3017909999999997,1223.0
156672,4,1329,12,-39.297452330589294,-8.058547973632812e-05,0.25830078125,0.001421727962224395,4880,0.0004092704424510632,0.2,0.017846555,-0.02944854274392128,0.8646460175514221,-0.026448330434504896,-2.29856841,1223.0
157184,5,1323,13,-39.25034749507904,1.7940998077392578e-05,0.263671875,0.1948984544724226,4896,0.0004092704424510632,0.2,0.020352596,0.06603381037712097,0.8629938960075378,-0.026099621230969205,-2.29856841,1223.0
157696,5,1318,14,-39.230990529060364,0.0013497471809387207,0.2098388671875,0.0021331608513719402,4912,0.0004092704424510632,0.2,0.01623598,-0.019153915345668793,0.8640419840812683,-0.020235443371348083,-2.29856841,1223.0
158208,5,1313,15,-39.25383114814758,-8.821487426757812e-06,0.22998046875,0.0028020140816806816,4928,0.0004092704424510632,0.2,0.015474193,-0.038103681057691574,0.8632171154022217,-0.022358800590154715,-2.29633365,1223.0
158720,6,1309,16,-39.23906111717224,2.980232238769531e-07,0.267333984375,0.20392614882439375,4944,0.0004092704424510632,0.2,0.025611686,0.08240694552659988,0.8641232848167419,-0.026602666068356484,-2.29633365,1223.0
159232,6,1306,17,-39.255024552345276,2.562999725341797e-06,0.1844482421875,0.0018094971601385623,4960,0.0004092704424510632,0.2,0.013493375,-0.020417215302586555,0.8627356886863708,-0.015040341386338696,-2.29413012,1223.0
159744,7,1304,18,-39.21496820449829,1.0132789611816406e-06,0.21728515625,0.2060612733475864,4976,0.0004092704424510632,0.2,0.019802641,0.07865041494369507,0.8630008101463318,-0.02497521367331501,-2.29413012,1223.0
160256,7,1303,19,-39.22343111038208,1.1324882507324219e-06,0.2117919921875,0.00138395680096437,4992,0.0004092704424510632,0.2,0.016306866,-0.035938818007707596,0.8627141118049622,-0.026022758829640225,-2.29159113,1223.0
160768,7,1300,20,-39.20282161235809,9.5367431640625e-07,0.2427978515625,0.19285179674625397,5008,0.0004092704424510632,0.2,0.019819522,0.06005029007792473,0.8614578247070312,-0.02670789445983246,-2.29159113,1223.0
161280,8,1299,21,-39.139553904533386,2.86102294921875e-06,0.2720947265625,0.003824726889433805,5024,0.0004092704424510632,0.2,0.018492866,-0.046399861574172974,0.8594701886177063,-0.030958831281168386,-2.29159113,1223.0
161792,8,1297,22,-39.10621619224548,3.039836883544922e-06,0.281005859375,0.0033173046322190203,5040,0.0004092704424510632,0.2,0.018951705,-0.03759186342358589,0.8603293895721436,-0.029981888001202606,-2.2887811100000004,1223.0
162304,9,1295,23,-39.156850934028625,1.0132789611816406e-06,0.2808837890625,0.20316684152930975,5056,0.0004092704424510632,0.2,0.02394701,0.06065218523144722,0.8615337610244751,-0.02614112591254525,-2.2887811100000004,1223.0
162816,9,1294,24,-39.185887932777405,-2.1457672119140625e-06,0.2283935546875,0.001674295510383672,5072,0.0004092704424510632,0.2,0.016763754,-0.0314178541302681,0.8622086644172668,-0.02441182757320348,-2.28581696,1223.0
163328,9,1292,25,-39.18137609958649,1.0132789611816406e-06,0.2294921875,0.19176100147888064,5088,0.0004092704424510632,0.2,0.018243026,0.05102171748876572,0.8608477115631104,-0.021654965035850182,-2.28581696,1223.0
163840,10,1290,26,-39.15558207035065,3.7550926208496094e-06,0.23974609375,0.002359815964155132,5104,0.0004092704424510632,0.2,0.017003424,-0.04634549096226692,0.8617350459098816,-0.027371406147722155,-2.28581696,1223.0
164352,10,1289,27,-39.19139051437378,3.516674041748047e-06,0.247314453125,0.0033260775126109365,5120,0.0004092704424510632,0.2,0.021761619,-0.0303870290517807,0.862650990486145,-0.02598912767280126,-2.28407967,1223.0
164864,11,1288,28,-39.214797496795654,8.344650268554688e-07,0.2354736328125,0.1835731454193592,5136,0.0004092704424510632,0.2,0.024730572,0.04740612953901291,0.8632484674453735,-0.02251092513324693,-2.28407967,1223.0
165376,11,1286,29,-39.2255882024765,5.960464477539062e-07,0.26025390625,0.0022227539666346274,5152,0.0004092704424510632,0.2,0.021223318,-0.03903811797499657,0.8633729219436646,-0.024841550686687697,-2.27986687,1223.0
165888,12,1267,30,-39.227627635002136,1.3113021850585938e-06,0.2935791015625,0.20823174295946956,5168,0.0004092704424510632,0.2,0.025054768,0.039753060787916183,0.8629335165023804,-0.02783623266441282,-2.27986687,1223.0
166400,12,1267,31,-39.19326043128967,3.2782554626464844e-06,0.2548828125,0.00164543583196064,5184,0.0004092704424510632,0.2,0.021548877,-0.02227529138326645,0.861682116985321,-0.026954196917358786,-2.2771215999999996,1223.0
166912,12,1268,32,-39.15653860569,1.0728836059570312e-06,0.241943359375,0.19459686940535903,5200,0.0004092704424510632,0.2,0.018729672,0.055189214646816254,0.8611147403717041,-0.027156416239449754,-2.2771215999999996,1223.0
167424,13,1269,33,-39.1679105758667,8.344650268554688e-07,0.21923828125,0.002944703654065961,5216,0.0004092704424510632,0.2,0.018027352,-0.03431185707449913,0.8623365759849548,-0.02512739328085445,-2.2771215999999996,1223.0
167936,13,1269,34,-39.20790779590607,2.6226043701171875e-06,0.1995849609375,0.0036119569049333222,5232,0.0004092704424510632,0.2,0.016584406,-0.024789119139313698,0.8627473711967468,-0.023952121497131884,-2.2755138,1223.0
168448,14,1269,35,-39.205613017082214,9.5367431640625e-07,0.2772216796875,0.21052767056971788,5248,0.0004092704424510632,0.2,0.022835331,0.07891528308391571,0.8625213503837585,-0.029378622421063483,-2.2755138,1223.0
168960,14,1269,36,-39.18613791465759,-2.5033950805664062e-06,0.2591552734375,0.0018771841896523256,5264,0.0004092704424510632,0.2,0.024075545,-0.045648884028196335,0.8609005808830261,-0.027533505170140415,-2.27355501,1223.0
169472,14,1270,37,-39.12178361415863,1.4901161193847656e-06,0.2491455078125,0.19452806981280446,5280,0.0004092704424510632,0.2,0.025374684,0.0457955077290535,0.8595619201660156,-0.02234153638710268,-2.27355501,1223.0
169984,15,1270,38,-39.08540451526642,8.881092071533203e-06,0.2955322265625,0.0022847424006613437,5296,0.0004092704424510632,0.2,0.022030184,-0.03903573006391525,0.8585878014564514,-0.026707175362389535,-2.27355501,1223.0
170496,15,1271,39,-39.06882929801941,-2.1457672119140625e-06,0.2337646484375,0.003293225574452663,5312,0.0004092704424510632,0.2,0.016296951,-0.027682840824127197,0.8589238524436951,-0.023669283764320426,-2.27179489,1223.0
171008,16,1271,40,-39.08085811138153,1.6689300537109375e-06,0.2890625,0.09788751963060349,5328,0.0004092704424510632,0.2,0.03568361,0.0030683446675539017,0.8587563633918762,-0.025603656875318848,-2.27179489,1223.0
171520,16,1271,41,-39.102354407310486,-9.5367431640625e-07,0.2269287109375,0.00296044036076637,5344,0.0004092704424510632,0.2,0.012813153,-0.04418367147445679,0.8607156872749329,-0.023573520680656657,-2.2706773499999997,1223.0
172032,16,1271,42,-39.12910580635071,1.3709068298339844e-06,0.2415771484375,0.22494833311066031,5360,0.0004092704424510632,0.2,0.02239105,0.08518682420253754,0.8593102693557739,-0.023911059979582205,-2.2706773499999997,1223.0
172544,17,1272,43,-39.07955837249756,4.291534423828125e-06,0.2481689453125,0.001621800280190655,5376,0.0004092704424510632,0.2,0.019577578,-0.03815817832946777,0.8587357401847839,-0.02721893769921735,-2.2677929299999997,1223.0
173056,17,1273,44,-39.06789219379425,1.430511474609375e-06,0.2266845703125,0.21748804347589612,5392,0.0004092704424510632,0.2,0.017213088,0.08519807457923889,0.8583201766014099,-0.023824193340260535,-2.2677929299999997,1223.0
173568,18,1273,45,-39.04645299911499,7.450580596923828e-06,0.27685546875,0.0028045411745551974,5408,0.0004092704424510632,0.2,0.021089464,-0.03591594099998474,0.8576557636260986,-0.02949656888085883,-2.2677929299999997,1223.0
174080,18,1273,46,-39.048606872558594,2.86102294921875e-06,0.2303466796875,0.002742667023994727,5424,0.0004092704424510632,0.2,0.018718578,-0.030217861756682396,0.858919620513916,-0.02280848246300593,-2.26554792,1223.0
174592,18,1273,47,-39.063722252845764,1.8477439880371094e-06,0.285400390625,0.22472149319946766,5440,0.0004092704424510632,0.2,0.019486032,0.0733814686536789,0.8574503064155579,-0.030636904411949217,-2.26554792,1223.0
175104,19,1274,48,-38.99767589569092,1.239776611328125e-05,0.2821044921875,0.0020527550259430427,5456,0.0004092704424510632,0.2,0.02463825,-0.040159404277801514,0.8558936715126038,-0.02587074277107604,-2.2615309099999994,1223.0
175616,19,1274,49,-38.94627892971039,2.4437904357910156e-06,0.2347412109375,0.2114266618154943,5472,0.0004092704424510632,0.2,0.013544001,0.09186641126871109,0.8545144200325012,-0.02172125384095125,-2.2615309099999994,1223.0
176128,20,1274,50,-38.910826206207275,1.1324882507324219e-06,0.1890869140625,0.0018219310586573556,5488,0.0004092704424510632,0.2,0.012962677,-0.026743853464722633,0.8544633984565735,-0.01882474079320673,-2.2583081099999998,1223.0
176640,20,1274,51,-38.89638090133667,1.6093254089355469e-06,0.22265625,0.19403764232993126,5504,0.0004092704424510632,0.2,0.017956167,0.06458607316017151,0.853195309638977,-0.02210627033491619,-2.2583081099999998,1223.0
177152,20,1274,52,-38.871084809303284,4.5299530029296875e-06,0.2313232421875,0.003148349653201876,5520,0.0004092704424510632,0.2,0.01921069,-0.04697728157043457,0.8536624312400818,-0.028421024151612073,-2.2583081099999998,1223.0
177664,21,1273,53,-38.89553380012512,3.7550926208496094e-06,0.2266845703125,0.0029844988603144884,5536,0.0004092704424510632,0.2,0.018721826,-0.03115689940750599,0.8540761470794678,-0.024888606247259304,-2.25477276,1223.0
178176,21,1273,54,-38.90541625022888,1.5497207641601562e-06,0.2484130859375,0.2112565180286765,5552,0.0004092704424510632,0.2,0.018964691,0.07138217985630035,0.8543033003807068,-0.024549750000005588,-2.25477276,1223.0
178688,22,1273,55,-38.91691696643829,-2.384185791015625e-06,0.2943115234375,0.0017329331876680953,5568,0.0004092704424510632,0.2,0.02729217,-0.05164577066898346,0.8547700047492981,-0.032238510248134844,-2.2506463599999997,1223.0
179200,22,1273,56,-38.928262591362,2.205371856689453e-06,0.2652587890625,0.196244060061872,5584,0.0004092704424510632,0.2,0.019872647,0.07210373133420944,0.8550361394882202,-0.026502849446842447,-2.2506463599999997,1223.0
179712,22,1274,57,-38.93835508823395,2.384185791015625e-07,0.23583984375,0.002394082704995526,5600,0.0004092704424510632,0.2,0.017685685,-0.03684749826788902,0.8552546501159668,-0.025874828847008757,-2.2506463599999997,1223.0
180224,23,1274,58,-38.94184958934784,-5.0067901611328125e-06,0.23095703125,0.002968031883938238,5616,0.0004092704424510632,0.2,0.017746184,-0.03963394835591316,0.8553280234336853,-0.026023304846603423,-2.24737961,1223.0
180736,23,1274,59,-38.944369077682495,2.086162567138672e-06,0.3345947265625,0.20294970087707043,5632,0.0004092704424510632,0.2,0.032003965,0.06424857676029205,0.8553475141525269,-0.034978043782757595,-2.24737961,1223.0
181248,24,1274,60,-38.93966615200043,-2.2649765014648438e-06,0.191650390625,0.0020638582136598416,5648,0.0004092704424510632,0.2,0.014826318,-0.03283342719078064,0.8553341031074524,-0.021886146598262712,-2.24407014,1223.0
181760,24,1274,61,-38.92723798751831,2.8014183044433594e-06,0.232421875,0.2050327928736806,5664,0.0004092704424510632,0.2,0.021332366,0.08398760110139847,0.8544839024543762,-0.021237225562799722,-2.24407014,1223.0
182272,24,1274,62,-38.900039076805115,-2.0623207092285156e-05,0.2672119140625,0.0014871690491418121,5680,0.0004092704424510632,0.2,0.022940803,-0.03678572177886963,0.8540188670158386,-0.02596750686643645,-2.2413272399999995,1223.0
182784,25,1274,63,-38.886687874794006,3.2186508178710938e-06,0.2274169921875,0.19341928232461214,5696,0.0004092704424510632,0.2,0.014186993,0.07446008175611496,0.8540557026863098,-0.023120315730920993,-2.2413272399999995,1223.0
183296,25,1275,64,-38.93592965602875,3.3974647521972656e-06,0.1976318359375,0.0036795301275560632,5712,0.0004092704424510632,0.2,0.013902545,-0.034100912511348724,0.8574845790863037,-0.025735220493515953,-2.2413272399999995,1223.0
183808,26,1275,65,-39.033292055130005,5.364418029785156e-06,0.22998046875,0.0036093042508582585,5728,0.0004092704424510632,0.2,0.016252674,-0.030987009406089783,0.8584787249565125,-0.02425610111822607,-2.2393098499999997,1223.0
184320,26,1274,66,-39.04033815860748,4.231929779052734e-06,0.2259521484375,0.20263597462326288,5744,0.0004092704424510632,0.2,0.013365356,0.06518540531396866,0.8583541512489319,-0.023076904384652153,-2.2393098499999997,1223.0
184832,26,1275,67,-39.029738664627075,9.775161743164062e-06,0.1978759765625,0.0015872247586230515,5760,0.0004092704424510632,0.2,0.011631894,-0.03524090349674225,0.8578565120697021,-0.022820006823167205,-2.23740601,1223.0
185344,27,1275,68,-39.01232171058655,4.410743713378906e-06,0.2296142578125,0.192692831158638,5776,0.0004092704424510632,0.2,0.016435215,0.04173654317855835,0.8570729494094849,-0.019808169570751488,-2.23740601,1223.0
185856,27,1274,69,-38.99068236351013,3.6656856536865234e-05,0.209716796875,0.0021157349838176742,5792,0.0004092704424510632,0.2,0.016122103,-0.02797745354473591,0.856859564781189,-0.022307023144094273,-2.23740601,1223.0
186368,28,1274,70,-38.97691822052002,7.68899917602539e-06,0.2601318359375,0.0026222365340800025,5808,0.0004092704424510632,0.2,0.021568028,-0.036076370626688004,0.8567157983779907,-0.025464612917858176,-2.2342847900000002,1223.0
186880,28,1274,71,-38.977060198783875,3.3974647521972656e-06,0.278076171875,0.1758857541717589,5824,0.0004092704424510632,0.2,0.02543651,0.04884358495473862,0.8572306632995605,-0.027535180386621505,-2.2342847900000002,1223.0
187392,28,1274,72,-39.002445220947266,-1.0967254638671875e-05,0.2203369140625,0.002582046337920474,5840,0.0004092704424510632,0.2,0.018144911,-0.024571195244789124,0.8582319021224976,-0.02080804729484953,-2.2321107700000002,1223.0
187904,29,1274,73,-39.02499449253082,5.602836608886719e-06,0.2142333984375,0.2051596324890852,5856,0.0004092704424510632,0.2,0.01990836,0.05595027655363083,0.8581098318099976,-0.021129183151060715,-2.2321107700000002,1223.0
188416,29,1274,74,-39.01918387413025,1.8656253814697266e-05,0.2919921875,0.0016817600280774059,5872,0.0004092704424510632,0.2,0.030820206,-0.040890634059906006,0.8581507205963135,-0.030974306835560128,-2.23009469,1223.0
188928,30,1274,75,-39.01805627346039,3.6954879760742188e-06,0.2152099609375,0.19168357318267226,5888,0.0004092704424510632,0.2,0.017790327,0.06831666827201843,0.8575424551963806,-0.02163877293060068,-2.23009469,1223.0
189440,30,1274,76,-39.022390723228455,2.9206275939941406e-05,0.2620849609375,0.0030177514381648507,5904,0.0004092704424510632,0.2,0.021980733,-0.050471462309360504,0.8592073917388916,-0.029778010182781145,-2.23009469,1223.0
189952,30,1274,77,-39.05323147773743,-4.76837158203125e-07,0.2059326171875,0.0029655357539013494,5920,0.0004092704424510632,0.2,0.016976912,-0.03754495829343796,0.8584577441215515,-0.0234145045542391,-2.22977432,1223.0
190464,31,1274,78,-39.00096845626831,6.735324859619141e-06,0.2379150390625,0.20777249708771706,5936,0.0004092704424510632,0.2,0.018317753,0.07000069320201874,0.8570990562438965,-0.02295413296087645,-2.22977432,1223.0
190976,31,1274,79,-38.95275676250458,1.436471939086914e-05,0.2528076171875,0.001216457606460608,5952,0.0004092704424510632,0.2,0.016575173,-0.04282214492559433,0.8558287620544434,-0.030000292172189802,-2.23069334,1223.0
191488,32,1274,80,-38.91426861286163,3.6954879760742188e-06,0.2615966796875,0.19205743493512273,5968,0.0004092704424510632,0.2,0.020361245,0.06669744104146957,0.8554242849349976,-0.029125004381057806,-2.23069334,1223.0
192000,32,1274,81,-38.895872831344604,3.325939178466797e-05,0.2811279296875,0.0021335873352654744,5984,0.0004092704424510632,0.2,0.023524322,-0.040377579629421234,0.8546496033668518,-0.03194258769508451,-2.23069334,1223.0
192512,32,1274,82,-38.867504239082336,3.337860107421875e-06,0.2344970703125,0.0032582662242930382,6000,0.0004092704424510632,0.2,0.019836329,-0.02677212655544281,0.8543353080749512,-0.020685809693532065,-2.23028395,1223.0
193024,33,1274,83,-38.856996297836304,4.231929779052734e-06,0.2911376953125,0.08349710877519101,6016,0.0004092704424510632,0.2,0.04070096,0.006579170003533363,0.8538185954093933,-0.02360450207197573,-2.23028395,1223.0
193536,33,1274,84,-38.8390496969223,-1.800060272216797e-05,0.221923828125,0.00279503494311939,6032,0.0004092704424510632,0.2,0.013915015,-0.033675700426101685,0.8533974885940552,-0.02294554050604347,-2.22929321,1223.0
194048,34,1274,85,-38.84370470046997,5.9604644775390625e-06,0.209716796875,0.22192257875576615,6048,0.0004092704424510632,0.2,0.016269615,0.08707719296216965,0.8541638255119324,-0.02593145454011392,-2.22929321,1223.0
194560,34,1274,86,-38.87735140323639,2.384185791015625e-07,0.190185546875,0.0015098525418579811,6064,0.0004092704424510632,0.2,0.015215552,-0.028869973495602608,0.8554648756980896,-0.021289820986567065,-2.2251082600000003,1223.0
195072,34,1274,87,-38.89911460876465,6.198883056640625e-06,0.239501953125,0.2033723797649145,6080,0.0004092704424510632,0.2,0.015921159,0.05534543842077255,0.8554180860519409,-0.02250614672084339,-2.2251082600000003,1223.0
195584,35,1274,88,-38.877846002578735,4.589557647705078e-05,0.2083740234375,0.002376726220973069,6096,0.0004092704424510632,0.2,0.016707715,-0.037515316158533096,0.8547798991203308,-0.021839281951542944,-2.2251082600000003,1223.0
196096,35,1274,89,-38.87343490123749,1.1861324310302734e-05,0.2281494140625,0.0022810904520156328,6112,0.0004092704424510632,0.2,0.02072618,-0.03759095445275307,0.8554036021232605,-0.02472284866962582,-2.2223148,1223.0
196608,36,1274,90,-38.88889002799988,7.748603820800781e-06,0.2314453125,0.2169369156472385,6128,0.0004092704424510632,0.2,0.02398124,0.06485221534967422,0.8550320267677307,-0.02544028981719748,-2.2223148,1223.0
197120,36,1274,91,-38.87219476699829,1.7881393432617188e-05,0.22119140625,0.00208078926516464,6144,0.0004092704424510632,0.2,0.015641864,-0.026153089478611946,0.8548673987388611,-0.023239731788635254,-2.2206164499999996,1223.0
197632,36,1274,92,-38.876612186431885,7.271766662597656e-06,0.23779296875,0.20452273916453123,6160,0.0004092704424510632,0.2,0.019481147,0.04710703343153,0.8549749255180359,-0.02435023686848581,-2.2206164499999996,1223.0
198144,37,1274,93,-38.87516510486603,0.0,0.2305908203125,0.0017421872325940058,6176,0.0004092704424510632,0.2,0.016143002,-0.05064743384718895,0.8554989099502563,-0.028237048492883332,-2.2206737999999997,1223.0
198656,37,1274,94,-38.9052038192749,7.808208465576172e-06,0.243896484375,0.19308829680085182,6192,0.0004092704424510632,0.2,0.022041844,0.07208077609539032,0.8569693565368652,-0.024831838134559803,-2.2206737999999997,1223.0
199168,38,1274,95,-38.9586980342865,2.980232238769531e-07,0.2135009765625,0.003183913835528074,6208,0.0004092704424510632,0.2,0.013992476,-0.042610906064510345,0.8584595322608948,-0.025403479652595706,-2.2206737999999997,1223.0
199680,38,1274,96,-38.96898686885834,1.5079975128173828e-05,0.2113037109375,0.0025958440091926605,6224,0.0004092704424510632,0.2,0.013829206,-0.03448628634214401,0.8566112518310547,-0.023634128359844908,-2.21804815,1223.0
200192,38,1274,97,-38.88766396045685,5.7220458984375e-06,0.204345703125,0.19847581395879388,6240,0.0004092704424510632,0.2,0.0153822005,0.059603095054626465,0.8549688458442688,-0.0232921391580021,-2.21804815,1223.0
200704,39,1274,98,-38.849687337875366,1.1324882507324219e-05,0.279052734375,0.001458322230973863,6256,0.0004092704424510632,0.2,0.027577445,-0.04586808755993843,0.8546245694160461,-0.028392465581418946,-2.21439197,1223.0
201216,39,1274,99,-38.83086013793945,7.987022399902344e-06,0.2484130859375,0.19307785667479038,6272,0.0004092704424510632,0.2,0.018717313,0.07817573845386505,0.8536269664764404,-0.026840285427169874,-2.21439197,1223.0
201728,40,1274,100,-38.800790309906006,2.1755695343017578e-05,0.2325439453125,0.0021642121937475167,6288,0.0004092704424510632,0.2,0.016176347,-0.03940243273973465,0.8528717756271362,-0.026837341370992362,-2.21439197,1223.0
202240,40,1274,101,-38.76012051105499,-1.895427703857422e-05,0.2357177734375,0.0031700475883553736,6304,0.0004092704424510632,0.2,0.020662423,-0.033891212195158005,0.8513194918632507,-0.0262691297539277,-2.2135116499999996,1223.0
202752,40,1274,102,-38.71546983718872,6.198883056640625e-06,0.266845703125,0.19382090028375387,6320,0.0004092704424510632,0.2,0.02449252,0.05627945065498352,0.8505585193634033,-0.025418416058528237,-2.2135116499999996,1223.0
203264,41,1274,103,-38.72165536880493,4.690885543823242e-05,0.262451171875,0.0019486732471705182,6336,0.0004092704424510632,0.2,0.022311797,-0.03244534134864807,0.8514530062675476,-0.02895380576956086,-2.2103676699999997,1223.0
203776,41,1274,104,-38.73987090587616,4.76837158203125e-07,0.2044677734375,0.19790201587602496,6352,0.0004092704424510632,0.2,0.010651039,0.06195162981748581,0.8504841923713684,-0.022671738086501136,-2.2103676699999997,1223.0
204288,42,1274,105,-38.68214213848114,-3.600120544433594e-05,0.193359375,0.0014240747805160936,6368,0.0004092704424510632,0.2,0.013665618,-0.03192643076181412,0.8486810326576233,-0.01910405230592005,-2.20772274,1223.0
204800,42,1274,106,-38.64265239238739,2.7418136596679688e-06,0.2183837890625,0.18219450348988175,6384,0.0004092704424510632,0.2,0.01875903,0.06644017994403839,0.8487375974655151,-0.022637275571469218,-2.20772274,1223.0
205312,42,1275,107,-38.66735291481018,-2.384185791015625e-07,0.1629638671875,0.003506991168251261,6400,0.0004092704424510632,0.2,0.013551322,-0.03940129652619362,0.8499771356582642,-0.02140769368270412,-2.20772274,1223.0
205824,43,1274,108,-38.681055545806885,-9.5367431640625e-07,0.2349853515625,0.0029268818761920556,6416,0.0004092704424510632,0.2,0.01699111,-0.04891711100935936,0.8491579294204712,-0.02861103616305627,-2.2056308,1223.0
206336,43,1274,109,-38.648967266082764,3.039836883544922e-06,0.206298828125,0.19794520875439048,6432,0.0004092704424510632,0.2,0.018683441,0.07034081220626831,0.8488711714744568,-0.020390928752021864,-2.2056308,1223.0
206848,44,1274,110,-38.66974377632141,-3.337860107421875e-06,0.293701171875,0.001741661017149454,6448,0.0004092704424510632,0.2,0.022287145,-0.05289863049983978,0.8502733111381531,-0.03083731175865978,-2.2048396599999998,1223.0
207360,44,1274,111,-38.704092144966125,1.3709068298339844e-06,0.2490234375,0.18570566619746387,6464,0.0004092704424510632,0.2,0.024237456,0.07315675914287567,0.8497763872146606,-0.02529221169243101,-2.2048396599999998,1223.0
207872,44,1274,112,-38.688339948654175,1.9669532775878906e-06,0.2620849609375,0.0017521485515317181,6480,0.0004092704424510632,0.2,0.017872324,-0.03195152431726456,0.8499718308448792,-0.025953444797778502,-2.2048396599999998,1223.0
208384,45,1274,113,-38.70016133785248,-1.6689300537109375e-06,0.21533203125,0.0029220680880825967,6496,0.0004092704424510632,0.2,0.014442671,-0.03555550426244736,0.8496421575546265,-0.022613022883888334,-2.2017361599999994,1223.0
208896,45,1274,114,-38.67448925971985,1.1920928955078125e-06,0.33984375,0.1665072743780911,6512,0.0004092704424510632,0.2,0.040739574,0.035120151937007904,0.8480156064033508,-0.03046167182037607,-2.2017361599999994,1223.0
209408,46,1274,115,-38.62463307380676,-4.887580871582031e-06,0.2626953125,0.0020061333598277997,6528,0.0004092704424510632,0.2,0.020564893,-0.03294672444462776,0.8471685647964478,-0.032190057943807915,-2.19626096,1223.0
209920,46,1274,116,-38.60784363746643,1.7285346984863281e-06,0.24560546875,0.2011261973530054,6544,0.0004092704424510632,0.2,0.020368716,0.05428920313715935,0.8470128774642944,-0.021923052016063593,-2.19626096,1223.0
210432,46,1274,117,-38.59658491611481,-2.3603439331054688e-05,0.2652587890625,0.0015350055327871814,6560,0.0004092704424510632,0.2,0.025192348,-0.03006148152053356,0.846350371837616,-0.024661881965585053,-2.1945949700000003,1223.0
210944,47,1275,118,-38.58826243877411,1.7881393432617188e-06,0.2327880859375,0.18667498137801886,6576,0.0004092704424510632,0.2,0.016859218,0.06757776439189911,0.8469818830490112,-0.02518129048985429,-2.1945949700000003,1223.0
211456,47,1275,119,-38.60865640640259,2.9206275939941406e-06,0.208251953125,0.003301788990938803,6592,0.0004092704424510632,0.2,0.01450013,-0.03782135620713234,0.8468366861343384,-0.025324586575152352,-2.1945949700000003,1223.0
211968,48,1275,120,-38.56767690181732,-5.960464477539062e-07,0.2279052734375,0.002698381224035984,6608,0.0004092704424510632,0.2,0.016494105,-0.029682090505957603,0.8450798392295837,-0.02545755260507576,-2.1932607500000003,1223.0
212480,48,1275,121,-38.486854672431946,3.993511199951172e-06,0.2381591796875,0.20136400451883674,6624,0.0004092704424510632,0.2,0.024776854,0.07060856372117996,0.8426622748374939,-0.02457614755257964,-2.1932607500000003,1223.0
212992,48,1275,122,-38.42704093456268,6.556510925292969e-06,0.280517578125,0.0018660899513633922,6640,0.0004092704424510632,0.2,0.022825602,-0.0399877205491066,0.842759907245636,-0.0283239977525227,-2.1901209600000002,1223.0
213504,49,1275,123,-38.43619167804718,1.9669532775878906e-06,0.192626953125,0.18741536093875766,6656,0.0004092704424510632,0.2,0.014240531,0.07566206157207489,0.8431410193443298,-0.019086498417891562,-2.1901209600000002,1223.0
214016,49,1275,124,-38.42644548416138,1.8596649169921875e-05,0.2333984375,0.0021503769639821257,6672,0.0004092704424510632,0.2,0.019392533,-0.02590261772274971,0.8424570560455322,-0.02201786443765741,-2.1901209600000002,1223.0
214528,50,1275,125,-38.406299471855164,-3.6954879760742188e-06,0.2606201171875,0.00289410804543877,6688,0.0004092704424510632,0.2,0.019646615,-0.03640197589993477,0.8429601192474365,-0.026438105844135862,-2.1899705600000003,1223.0
215040,50,1275,126,-38.4086731672287,3.635883331298828e-06,0.309814453125,0.06802857434377074,6704,0.0004092704424510632,0.2,0.027236123,-0.0051327235996723175,0.842255175113678,-0.021840328263351694,-2.1899705600000003,1223.0
215552,50,1275,127,-38.37166404724121,-4.172325134277344e-06,0.21533203125,0.0028295351403357927,6720,0.0004092704424510632,0.2,0.013643242,-0.03598789870738983,0.8415026068687439,-0.020405227405717596,-2.18814875,1223.0
216064,51,1275,128,-38.33019828796387,1.7285346984863281e-06,0.228271484375,0.2150789019651711,6736,0.0004092704424510632,0.2,0.02170883,0.08813798427581787,0.8397833108901978,-0.024029257445363328,-2.18814875,1223.0
216576,51,1275,129,-38.27912151813507,-2.5153160095214844e-05,0.2530517578125,0.001724133735478972,6752,0.0004092704424510632,0.2,0.01721207,-0.041022833436727524,0.8392018675804138,-0.02806835129740648,-2.1853600899999996,1223.0
217088,52,1275,130,-38.267385363578796,3.2782554626464844e-06,0.2373046875,0.1981650236994028,6768,0.0004092704424510632,0.2,0.01937212,0.06516025960445404,0.8390932679176331,-0.024771476455498487,-2.1853600899999996,1223.0
217600,52,1275,131,-38.258291125297546,1.043081283569336e-05,0.257568359375,0.002703160967939766,6784,0.0004092704424510632,0.2,0.01594546,-0.036458469927310944,0.8388715982437134,-0.026825839013326913,-2.1853600899999996,1223.0
218112,53,1274,132,-38.2735538482666,-7.3909759521484375e-06,0.253173828125,0.0027132518589496613,6800,0.0004092704424510632,0.2,0.019817833,-0.029204294085502625,0.8400420546531677,-0.023746811973978765,-2.18207766,1223.0
218624,53,1274,133,-38.29401361942291,4.5299530029296875e-06,0.2425537109375,0.2102603716775775,6816,0.0004092704424510632,0.2,0.01533455,0.06449377536773682,0.83989018201828,-0.02577442256733775,-2.18207766,1223.0
219136,53,1274,134,-38.280139327049255,-2.5987625122070312e-05,0.2376708984375,0.001586424757988425,6832,0.0004092704424510632,0.2,0.01822698,-0.040701743215322495,0.8397936820983887,-0.024279455275973305,-2.17799102,1223.0
219648,54,1274,135,-38.26399254798889,4.351139068603516e-06,0.2578125,0.20165217155590653,6848,0.0004092704424510632,0.2,0.02085642,0.082763671875,0.8384900689125061,-0.025990146728872787,-2.17799102,1223.0
220160,54,1274,136,-38.21211123466492,8.881092071533203e-06,0.2796630859375,0.0014332902374007972,6864,0.0004092704424510632,0.2,0.022209432,-0.0417918786406517,0.8373979330062866,-0.029272543339175172,-2.17628045,1223.0
220672,55,1274,137,-38.18628001213074,7.271766662597656e-06,0.2685546875,0.18536076322197914,6880,0.0004092704424510632,0.2,0.020503469,0.054547980427742004,0.8371186852455139,-0.028786285052774474,-2.17628045,1223.0
221184,55,1274,138,-38.20708429813385,5.245208740234375e-06,0.2080078125,0.003110592646407895,6896,0.0004092704424510632,0.2,0.014335226,-0.02808084897696972,0.8387512564659119,-0.023398716570227407,-2.17628045,1223.0
221696,55,1274,139,-38.2505259513855,2.8014183044433594e-06,0.230712890625,0.0025701766862766817,6912,0.0004092704424510632,0.2,0.017994225,-0.040571440011262894,0.8388867378234863,-0.03007995811640285,-2.17332017,1223.0
222208,56,1274,140,-38.22530710697174,6.67572021484375e-06,0.2230224609375,0.1944102542474866,6928,0.0004092704424510632,0.2,0.018148612,0.054366860538721085,0.8384221792221069,-0.02342949486046564,-2.17332017,1223.0
222720,56,1274,141,-38.199763774871826,4.231929779052734e-06,0.2559814453125,0.0018233223709103186,6944,0.0004092704424510632,0.2,0.021048656,-0.050124816596508026,0.8370782732963562,-0.028678055037744343,-2.17191846,1223.0
223232,57,1274,142,-38.16630721092224,5.4836273193359375e-06,0.283447265625,0.18800981156527996,6960,0.0004092704424510632,0.2,0.023094228,0.05853608250617981,0.8363060355186462,-0.0316555424942635,-2.17191846,1223.0
223744,57,1274,143,-38.132885694503784,-5.7220458984375e-06,0.2474365234375,0.0020792008290300146,6976,0.0004092704424510632,0.2,0.018342523,-0.02215995453298092,0.8353059887886047,-0.02395621270989068,-2.17191846,1223.0
224256,57,1274,144,-38.113272190093994,-1.71661376953125e-05,0.244873046875,0.002249894507258432,6992,0.0004092704424510632,0.2,0.020575583,-0.04268424212932587,0.8354988098144531,-0.02499919311958365,-2.16784504,1223.0
224768,58,1274,145,-38.12979543209076,2.3245811462402344e-06,0.2103271484375,0.18850381672382355,7008,0.0004092704424510632,0.2,0.015497971,0.08348539471626282,0.8358582854270935,-0.017145987745607272,-2.16784504,1223.0
225280,58,1274,146,-38.11705565452576,3.463029861450195e-05,0.247314453125,0.0025954072079912294,7024,0.0004092704424510632,0.2,0.019155722,-0.02606060542166233,0.8351042866706848,-0.02112647188187111,-2.1657527400000003,1223.0
225792,59,1274,147,-38.10731506347656,2.980232238769531e-07,0.231201171875,0.1934237410314381,7040,0.0004092704424510632,0.2,0.01705126,0.08286795020103455,0.8355037569999695,-0.02249015607230831,-2.1657527400000003,1223.0
226304,0,4121,1,-38.117263317108154,-7.152557373046875e-05,0.2667236328125,0.001214921870996477,7056,0.0004092704424510632,0.2,0.018618358,-0.04163304716348648,0.8351378440856934,-0.03194736526347697,-2.16304565,1223.0
226816,0,1925,2,-38.076475620269775,4.410743713378906e-06,0.222412109375,0.1781065915711224,7072,0.0004092704424510632,0.2,0.01724524,0.06377488374710083,0.8332726955413818,-0.02549052154063247,-2.16304565,1223.0
227328,0,1649,3,-38.023391246795654,-2.5033950805664062e-06,0.238037109375,0.0027684272899932694,7088,0.0004092704424510632,0.2,0.014806017,-0.033705342561006546,0.8331209421157837,-0.024126242118654773,-2.16304565,1223.0
227840,1,1531,4,-38.04210078716278,-2.384185791015625e-07,0.2510986328125,0.0028578228047990706,7104,0.0004092704424510632,0.2,0.018332098,-0.03442779928445816,0.833952009677887,-0.02606034281780012,-2.1616962799999997,1223.0
228352,1,1472,5,-38.03134822845459,1.7285346984863281e-06,0.2132568359375,0.19065627316012979,7120,0.0004092704424510632,0.2,0.014306322,0.05510076507925987,0.8322654366493225,-0.02352447941666469,-2.1616962799999997,1223.0
228864,2,1438,6,-37.98125183582306,-2.3245811462402344e-05,0.2261962890625,0.0012017039625789039,7136,0.0004092704424510632,0.2,0.01580996,-0.0414830818772316,0.8324123024940491,-0.026102197662112303,-2.15955933,1223.0
229376,2,1411,7,-37.985722064971924,2.7418136596679688e-06,0.2528076171875,0.1836188519373536,7152,0.0004092704424510632,0.2,0.020932348,0.047412071377038956,0.8316853046417236,-0.027995232114335522,-2.15955933,1223.0
229888,2,1390,8,-37.94578421115875,4.649162292480469e-06,0.2415771484375,0.002314205328730168,7168,0.0004092704424510632,0.2,0.017079197,-0.041299063712358475,0.8308378458023071,-0.025369584298459813,-2.15955933,1223.0
230400,3,1377,9,-37.92749786376953,-9.059906005859375e-06,0.2867431640625,0.002506857279513497,7184,0.0004092704424510632,0.2,0.022263719,-0.05131996050477028,0.8306177258491516,-0.032514728503883816,-2.1586362,1223.0
230912,3,1366,10,-37.904813289642334,1.0132789611816406e-06,0.27099609375,0.15847906563431025,7200,0.0004092704424510632,0.2,0.026685722,0.03269411623477936,0.8293130993843079,-0.024975924883619882,-2.1586362,1223.0
231424,4,1359,11,-37.861117124557495,-2.2649765014648438e-06,0.218017578125,0.002211788440035889,7216,0.0004092704424510632,0.2,0.016561214,-0.031769122928380966,0.8287850022315979,-0.02259015297750011,-2.15640248,1223.0
231936,4,1352,12,-37.84842348098755,2.6226043701171875e-06,0.2261962890625,0.19448760617524385,7232,0.0004092704424510632,0.2,0.01669799,0.07062849402427673,0.8287014961242676,-0.02526631241198629,-2.15640248,1223.0
232448,4,1345,13,-37.8376259803772,-3.528594970703125e-05,0.2451171875,0.0016517609437869396,7248,0.0004092704424510632,0.2,0.015383884,-0.03811056911945343,0.8280201554298401,-0.028206713061081246,-2.15655102,1223.0
232960,5,1341,14,-37.82961022853851,2.2649765014648438e-06,0.2633056640625,0.17996482527814806,7264,0.0004092704424510632,0.2,0.023892518,0.055150359869003296,0.8285068869590759,-0.03390463889809325,-2.15655102,1223.0
233472,5,1338,15,-37.82897925376892,5.239248275756836e-05,0.1834716796875,0.0029319040113477968,7280,0.0004092704424510632,0.2,0.012611213,-0.028160609304904938,0.8282772302627563,-0.01973254172480665,-2.15655102,1223.0
233984,6,1334,16,-37.81290578842163,-2.2649765014648438e-06,0.2130126953125,0.002509958292648662,7296,0.0004092704424510632,0.2,0.01672506,-0.025339525192975998,0.8280485272407532,-0.02120196257601492,-2.15285773,1223.0
234496,6,1331,17,-37.82790398597717,5.0067901611328125e-06,0.1912841796875,0.19030461553484201,7312,0.0004092704424510632,0.2,0.01624065,0.06485071778297424,0.8293094038963318,-0.021474683366250247,-2.15285773,1223.0
235008,6,1327,18,-37.855276584625244,1.7881393432617188e-05,0.2044677734375,0.001220492078573443,7328,0.0004092704424510632,0.2,0.0139942,-0.035595521330833435,0.8294516205787659,-0.023747750296024606,-2.14785973,1223.0
235520,7,1326,19,-37.858471751213074,1.7285346984863281e-06,0.2554931640625,0.1691516349092126,7344,0.0004092704424510632,0.2,0.021556366,0.08372030407190323,0.8296762108802795,-0.025026251780218445,-2.14785973,1223.0
236032,7,1323,20,-37.86824154853821,2.1636486053466797e-05,0.2835693359375,0.002196044930315111,7360,0.0004092704424510632,0.2,0.02251114,-0.05625273287296295,0.8297572135925293,-0.03573262510326458,-2.14785973,1223.0
236544,8,1321,21,-37.84126579761505,3.4570693969726562e-06,0.225830078125,0.0026354066612839233,7376,0.0004092704424510632,0.2,0.016576963,-0.03820955008268356,0.8286376595497131,-0.02626057704037521,-2.14703935,1223.0
237056,8,1319,22,-37.79977822303772,4.172325134277344e-06,0.2781982421875,0.05280033516464755,7392,0.0004092704424510632,0.2,0.030888522,-0.00629488006234169,0.8285483717918396,-0.022249841975281015,-2.14703935,1223.0
237568,8,1318,23,-37.804495334625244,-4.172325134277344e-06,0.24462890625,0.0030729710379091557,7408,0.0004092704424510632,0.2,0.019313369,-0.0511552169919014,0.828386127948761,-0.027442984748631716,-2.14543484,1223.0
238080,9,1314,24,-37.811803221702576,2.2649765014648438e-06,0.211181640625,0.19574729818850756,7424,0.0004092704424510632,0.2,0.018643528,0.07307971268892288,0.8295971155166626,-0.02083407895406708,-2.14543484,1223.0
238592,9,1313,25,-37.83522689342499,-1.0967254638671875e-05,0.2353515625,0.0016296190697175916,7440,0.0004092704424510632,0.2,0.017816138,-0.03690214455127716,0.8291473388671875,-0.026400279253721237,-2.14328682,1223.0
239104,10,1312,26,-37.8067547082901,4.231929779052734e-06,0.2662353515625,0.18000243697315454,7456,0.0004092704424510632,0.2,0.020145686,0.046100568026304245,0.8284600377082825,-0.028033748210873455,-2.14328682,1223.0
239616,10,1311,27,-37.79681634902954,2.6226043701171875e-05,0.2301025390625,0.0031698601887910627,7472,0.0004092704424510632,0.2,0.017578948,-0.038028817623853683,0.8285731077194214,-0.024642819771543145,-2.14328682,1223.0
240128,10,1310,28,-37.79719686508179,-2.4318695068359375e-05,0.191162109375,0.0022989269891695585,7488,0.0004092704424510632,0.2,0.0130269695,-0.03415553271770477,0.8274589776992798,-0.018561909993877634,-2.14164302,1223.0
240640,11,1309,29,-37.7484005689621,3.516674041748047e-06,0.2598876953125,0.20100157288834453,7504,0.0004092704424510632,0.2,0.025354,0.07629738748073578,0.8261088132858276,-0.02707232655666303,-2.14164302,1223.0
241152,11,1307,30,-37.7181875705719,-0.0003178119659423828,0.2691650390625,0.001357234975330357,7520,0.0004092704424510632,0.2,0.023684327,-0.04482632875442505,0.8257683515548706,-0.027736471660318784,-2.14017285,1223.0
241664,12,1305,31,-37.71145057678223,-2.384185791015625e-07,0.247802734375,0.18780400790274143,7536,0.0004092704424510632,0.2,0.020422,0.06249845027923584,0.8252657055854797,-0.027873792976606637,-2.14017285,1223.0
242176,12,1304,32,-37.68262958526611,0.00013506412506103516,0.22021484375,0.0017768942743714433,7552,0.0004092704424510632,0.2,0.01585567,-0.03585389629006386,0.824041485786438,-0.026343348203226924,-2.13721533,1223.0
242688,12,1302,33,-37.657185673713684,9.5367431640625e-07,0.2581787109375,0.17615504655987024,7568,0.0004092704424510632,0.2,0.021256134,0.04407858848571777,0.8242690563201904,-0.028095549234421924,-2.13721533,1223.0
243200,13,1301,34,-37.70171809196472,-1.4424324035644531e-05,0.2005615234375,0.002591706816019723,7584,0.0004092704424510632,0.2,0.014900366,-0.03871279954910278,0.8261466026306152,-0.02474939715466462,-2.13721533,1223.0
243712,13,1300,35,-37.76479697227478,-5.602836608886719e-06,0.2191162109375,0.0029530272768170107,7600,0.0004092704424510632,0.2,0.018605618,-0.033869240432977676,0.827741265296936,-0.026071428685099818,-2.1338035000000004,1223.0
244224,14,1300,36,-37.79611420631409,5.364418029785156e-06,0.257568359375,0.1877772407606244,7616,0.0004092704424510632,0.2,0.023481635,0.0561022087931633,0.8273746371269226,-0.023509930673753843,-2.1338035000000004,1223.0
244736,14,1299,37,-37.761070251464844,5.9604644775390625e-06,0.2723388671875,0.0013391595675784629,7632,0.0004092704424510632,0.2,0.024214998,-0.03035256452858448,0.8263543844223022,-0.02765122553682886,-2.13230753,1223.0
245248,14,1299,38,-37.740426421165466,1.9669532775878906e-06,0.2578125,0.1737112512346357,7648,0.0004092704424510632,0.2,0.019126488,0.0465724840760231,0.8264345526695251,-0.02642714740068186,-2.13230753,1223.0
245760,15,1298,39,-37.7467896938324,3.516674041748047e-06,0.3074951171875,0.003013765628566034,7664,0.0004092704424510632,0.2,0.026953284,-0.04067578911781311,0.8268260359764099,-0.03203622065484524,-2.13230753,1223.0
246272,15,1298,40,-37.74786710739136,3.874301910400391e-06,0.21240234375,0.0060226140631129965,7680,0.0004092704424510632,0.2,0.013135775,-0.02839701436460018,0.8269811868667603,-0.023404504157952033,-2.13065661,1223.0
246784,16,1297,41,-37.70987522602081,4.76837158203125e-07,0.26123046875,0.18388462346047163,7696,0.0004092704424510632,0.2,0.021975469,0.042819298803806305,0.8244069218635559,-0.02921117885853164,-2.13065661,1223.0
247296,16,1297,42,-37.61281168460846,6.377696990966797e-06,0.1981201171875,0.0031595013970218133,7712,0.0004092704424510632,0.2,0.015550541,-0.04140022397041321,0.822637677192688,-0.019474314205581322,-2.1307924099999997,1223.0
247808,16,1296,43,-37.57687044143677,2.205371856689453e-06,0.25244140625,0.1896851328201592,7728,0.0004092704424510632,0.2,0.022338497,0.05682418495416641,0.8216914534568787,-0.02345034918107558,-2.1307924099999997,1223.0
248320,17,1294,44,-37.56063675880432,-9.894371032714844e-06,0.220703125,0.0012512328939919826,7744,0.0004092704424510632,0.2,0.016402852,-0.03415049985051155,0.8221224546432495,-0.023208200029330328,-2.12650183,1223.0
248832,17,1294,45,-37.56830680370331,3.516674041748047e-06,0.2347412109375,0.17696449486538768,7760,0.0004092704424510632,0.2,0.017619662,0.060582052916288376,0.8212912082672119,-0.023666156062972732,-2.12650183,1223.0
249344,18,1293,46,-37.5296151638031,-4.172325134277344e-06,0.218017578125,0.0031433713593287393,7776,0.0004092704424510632,0.2,0.018561784,-0.03412160277366638,0.8207643628120422,-0.02482849978696322,-2.12650183,1223.0
249856,18,1293,47,-37.52864468097687,2.09808349609375e-05,0.2469482421875,0.0028584639840119053,7792,0.0004092704424510632,0.2,0.020759273,-0.041420385241508484,0.8206310868263245,-0.028898334508994594,-2.1251093200000004,1223.0
250368,19,1293,48,-37.50711274147034,-2.0265579223632812e-06,0.250244140625,0.1878053294494748,7808,0.0004092704424510632,0.2,0.020267125,0.03066905587911606,0.8193712830543518,-0.029338065505726263,-2.1251093200000004,1223.0
250880,19,1293,49,-37.47203063964844,4.172325134277344e-06,0.2540283203125,0.0019936702883569524,7824,0.0004092704424510632,0.2,0.021045402,-0.041418690234422684,0.8195586800575256,-0.02690219003125094,-2.12237669,1223.0
251392,19,1293,50,-37.505040407180786,3.039836883544922e-06,0.1749267578125,0.1730022302363068,7840,0.0004092704424510632,0.2,0.012587788,0.0491190031170845,0.8202933669090271,-0.019783554220339283,-2.12237669,1223.0
251904,20,1293,51,-37.54081964492798,1.239776611328125e-05,0.2447509765625,0.002634345226397272,7856,0.0004092704424510632,0.2,0.01805311,-0.03783039748668671,0.8211281895637512,-0.024002109916182235,-2.12237669,1223.0
252416,20,1292,52,-37.58264935016632,-3.4570693969726562e-06,0.2166748046875,0.003498363046674058,7872,0.0004092704424510632,0.2,0.01726669,-0.03954780101776123,0.8222936391830444,-0.02214150471263565,-2.12103288,1223.0
252928,20,1292,53,-37.61499238014221,1.4901161193847656e-06,0.2786865234375,0.1515276024583727,7888,0.0004092704424510632,0.2,0.027948046,0.02884555235505104,0.822262167930603,-0.025490349071333185,-2.12103288,1223.0
253440,21,1292,54,-37.61923015117645,-1.0371208190917969e-05,0.19287109375,0.0020785509441338945,7904,0.0004092704424510632,0.2,0.012476204,-0.029154988005757332,0.8225327730178833,-0.018698040643357672,-2.11734623,1223.0
253952,21,1291,55,-37.638399958610535,1.8477439880371094e-06,0.210205078125,0.1893592686392367,7920,0.0004092704424510632,0.2,0.01919755,0.07607518136501312,0.8237079977989197,-0.02137222963210661,-2.11734623,1223.0
254464,22,1290,56,-37.66799736022949,-2.7894973754882812e-05,0.239501953125,0.0016506604169990169,7936,0.0004092704424510632,0.2,0.017318327,-0.03765416145324707,0.824172854423523,-0.026428036886500195,-2.11466236,1223.0
254976,22,1290,57,-37.666054368019104,1.7881393432617188e-06,0.275634765625,0.17678372422233224,7952,0.0004092704424510632,0.2,0.022456365,0.027040299028158188,0.8237267136573792,-0.030261363557656296,-2.11466236,1223.0
255488,23,1290,58,-37.63026809692383,4.8279762268066406e-05,0.2115478515625,0.002831715020874981,7968,0.0004092704424510632,0.2,0.015819442,-0.02558080479502678,0.8222336173057556,-0.023176841961685568,-2.11466236,1223.0
256000,23,1290,59,-37.58380603790283,-1.7881393432617188e-06,0.2547607421875,0.0027945445144723635,7984,0.0004092704424510632,0.2,0.016512483,-0.04205599054694176,0.8218153119087219,-0.027390594681492075,-2.1121960599999996,1223.0
256512,23,1289,60,-37.57478308677673,5.7220458984375e-06,0.281982421875,0.18473155982792377,8000,0.0004092704424510632,0.2,0.018595453,0.04645306617021561,0.8214983344078064,-0.03191496859653853,-2.1121960599999996,1223.0
257024,24,1289,61,-37.56060338020325,1.4543533325195312e-05,0.2796630859375,0.0016747196750657167,8016,0.0004092704424510632,0.2,0.021348592,-0.03551024571061134,0.8212639689445496,-0.024828302004607394,-2.11259937,1223.0
257536,24,1288,62,-37.567681312561035,5.662441253662109e-06,0.230224609375,0.17339952616021037,8032,0.0004092704424510632,0.2,0.0173598,0.04040006548166275,0.8219656348228455,-0.02045048793661408,-2.11259937,1223.0
258048,25,1288,63,-37.57710289955139,0.00046688318252563477,0.254638671875,0.0014088554144109366,8048,0.0004092704424510632,0.2,0.016922325,-0.033052485436201096,0.8216838240623474,-0.024905828831833787,-2.11259937,1223.0
258560,25,1288,64,-37.571128129959106,2.7418136596679688e-06,0.25390625,0.002195456672779983,8064,0.0004092704424510632,0.2,0.016184099,-0.04442122206091881,0.8213856816291809,-0.029366998103796504,-2.10840504,1223.0
259072,25,1287,65,-37.5598828792572,2.0265579223632812e-06,0.231689453125,0.040636010802700184,8080,0.0004092704424510632,0.2,0.022625871,-0.012419041246175766,0.8212457299232483,-0.02075880265329033,-2.10840504,1223.0
259584,26,1287,66,-37.569018483161926,-3.6954879760742188e-06,0.1939697265625,0.002405142324278131,8096,0.0004092704424510632,0.2,0.014135832,-0.03288735821843147,0.8215904235839844,-0.020270679699024186,-2.10503134,1223.0
260096,26,1287,67,-37.55512487888336,3.516674041748047e-06,0.29638671875,0.1995384362526238,8112,0.0004092704424510632,0.2,0.03192892,0.047627177089452744,0.820455014705658,-0.027056748047471046,-2.10503134,1223.0
260608,27,1287,68,-37.5328803062439,-1.704692840576172e-05,0.2481689453125,0.001267019930310198,8128,0.0004092704424510632,0.2,0.017434709,-0.04198185354471207,0.8214870691299438,-0.025769660191144794,-2.10171939,1223.0
261120,27,1287,69,-37.55159831047058,-1.430511474609375e-06,0.2979736328125,0.18232281040400267,8144,0.0004092704424510632,0.2,0.022727964,0.03204422816634178,0.8203849792480469,-0.029628884949488565,-2.10171939,1223.0
261632,27,1286,70,-37.49076068401337,1.424551010131836e-05,0.1888427734375,0.002521317062928574,8160,0.0004092704424510632,0.2,0.013064796,-0.022131212055683136,0.8193404674530029,-0.018574363726656884,-2.10171939,1223.0
262144,28,1286,71,-37.47483468055725,-1.1324882507324219e-05,0.2158203125,0.0033269443447352387,8176,0.0004092704424510632,0.2,0.018961377,-0.029005033895373344,0.8195121884346008,-0.020330047875177115,-2.10060388,1223.0
262656,28,1286,72,-37.49333727359772,3.337860107421875e-06,0.228271484375,0.20127646857872605,8192,0.0004092704424510632,0.2,0.015360528,0.04675142467021942,0.8202389478683472,-0.0224199704680359,-2.10060388,1223.0
263168,29,1285,73,-37.504204630851746,-7.271766662597656e-06,0.2449951171875,0.0017060775444406318,8208,0.0004092704424510632,0.2,0.017828088,-0.04074369743466377,0.8200698494911194,-0.025331223878310993,-2.0991735100000004,1223.0
263680,29,1285,74,-37.4702570438385,6.556510925292969e-07,0.2552490234375,0.18891948740929365,8224,0.0004092704424510632,0.2,0.022585068,0.06100879982113838,0.8183810710906982,-0.02760407507594209,-2.0991735100000004,1223.0
264192,29,1285,75,-37.42049980163574,1.8477439880371094e-06,0.225341796875,0.0017235851992154494,8240,0.0004092704424510632,0.2,0.016761597,-0.02770833671092987,0.8185341358184814,-0.021641167666530237,-2.09685697,1223.0
264704,30,1285,76,-37.42430126667023,3.3974647521972656e-06,0.28759765625,0.17457322543486953,8256,0.0004092704424510632,0.2,0.028459212,0.027194291353225708,0.8183084726333618,-0.030127666832413524,-2.09685697,1223.0
265216,30,1285,77,-37.416035413742065,-2.7418136596679688e-06,0.2469482421875,0.0026721278045442887,8272,0.0004092704424510632,0.2,0.016020471,-0.04341111332178116,0.818443775177002,-0.030850604191073216,-2.09685697,1223.0
265728,31,1285,78,-37.38305974006653,9.5367431640625e-07,0.21142578125,0.0033224793151021004,8288,0.0004092704424510632,0.2,0.015420008,-0.035349976271390915,0.816204309463501,-0.02595220167131629,-2.0958523700000002,1223.0
266240,31,1285,79,-37.29270839691162,2.0265579223632812e-06,0.2435302734375,0.1785741508938372,8304,0.0004092704424510632,0.2,0.018106958,0.04663756489753723,0.8139351606369019,-0.025838482048129663,-2.0958523700000002,1223.0
266752,31,1285,80,-37.2267165184021,-2.9802322387695312e-06,0.254150390625,0.0011844834934890969,8320,0.0004092704424510632,0.2,0.019392688,-0.04290856048464775,0.813260555267334,-0.02691799434251152,-2.0928098,1223.0
267264,32,1285,81,-37.21176338195801,4.76837158203125e-06,0.263427734375,0.17048854567110538,8336,0.0004092704424510632,0.2,0.02385282,0.04263201728463173,0.8128154277801514,-0.030037087330128998,-2.0928098,1223.0
267776,32,1284,82,-37.21061646938324,-5.602836608886719e-06,0.2406005859375,0.0019840758686768822,8352,0.0004092704424510632,0.2,0.01595594,-0.03587421774864197,0.8137026429176331,-0.023517196445027366,-2.0928098,1223.0
268288,33,1284,83,-37.24642479419708,-4.1365623474121094e-05,0.257080078125,0.0026769020114443265,8368,0.0004092704424510632,0.2,0.024355803,-0.03700689226388931,0.8146829009056091,-0.03096180086140521,-2.09032759,1223.0
268800,33,1284,84,-37.27308928966522,-9.5367431640625e-07,0.241943359375,0.17374337697401643,8384,0.0004092704424510632,0.2,0.018437969,0.04845872148871422,0.8158699870109558,-0.025262598381232237,-2.09032759,1223.0
269312,33,1284,85,-37.26129448413849,9.47713851928711e-06,0.2406005859375,0.0032563146924076136,8400,0.0004092704424510632,0.2,0.020541297,-0.035947345197200775,0.8136547803878784,-0.026473645615624264,-2.08982403,1223.0
269824,34,1284,86,-37.18527388572693,2.682209014892578e-06,0.2191162109375,0.18125896574929357,8416,0.0004092704424510632,0.2,0.012275588,0.050799209624528885,0.8127341866493225,-0.025112467381404713,-2.08982403,1223.0
270336,34,1284,87,-37.150280237197876,-1.1682510375976562e-05,0.20068359375,0.0014000833698446513,8432,0.0004092704424510632,0.2,0.014234188,-0.027150660753250122,0.8117774724960327,-0.025054235011339188,-2.08779837,1223.0
270848,35,1284,88,-37.128674149513245,1.2695789337158203e-05,0.2003173828125,0.16893675411120057,8448,0.0004092704424510632,0.2,0.018449558,0.05181025341153145,0.8118584156036377,-0.02284365192463156,-2.08779837,1223.0
271360,35,1284,89,-37.15086102485657,-1.0728836059570312e-06,0.246337890625,0.0027604945680650417,8464,0.0004092704424510632,0.2,0.016967572,-0.05179104208946228,0.8125965595245361,-0.026608401836710982,-2.08779837,1223.0
271872,35,1284,90,-37.15824246406555,-8.702278137207031e-06,0.2830810546875,0.002374954739934765,8480,0.0004092704424510632,0.2,0.025882367,-0.018955832347273827,0.812140166759491,-0.029288935533259064,-2.08572048,1223.0
272384,36,1284,91,-37.15167510509491,-2.0265579223632812e-06,0.226318359375,0.1795111580286175,8496,0.0004092704424510632,0.2,0.0154153835,0.05395827069878578,0.8124989867210388,-0.022828737972304225,-2.08572048,1223.0
272896,36,1283,92,-37.16121029853821,4.76837158203125e-06,0.2603759765625,0.001765129885825445,8512,0.0004092704424510632,0.2,0.022098977,-0.034605421125888824,0.8124455809593201,-0.024971336068119854,-2.0851013999999997,1223.0
273408,37,1283,93,-37.129042625427246,1.3113021850585938e-06,0.2896728515625,0.17062438745051622,8528,0.0004092704424510632,0.2,0.026119318,0.04018006473779678,0.8109816312789917,-0.03021003543108236,-2.0851013999999997,1223.0
273920,37,1283,94,-37.064088225364685,-4.5299530029296875e-06,0.16015625,0.0017376576724927872,8544,0.0004092704424510632,0.2,0.013778707,-0.023199813440442085,0.8090730309486389,-0.017358946875901893,-2.0851013999999997,1223.0
274432,37,1284,95,-37.01934027671814,-3.0994415283203125e-06,0.24560546875,0.0029109863462508656,8560,0.0004092704424510632,0.2,0.019009067,-0.04839932918548584,0.80945885181427,-0.02334585800417699,-2.0833413199999997,1223.0
274944,38,1283,96,-37.02011001110077,5.364418029785156e-07,0.2705078125,0.14190912735648453,8576,0.0004092704424510632,0.2,0.022277538,0.042413175106048584,0.8084337711334229,-0.02220325898088049,-2.0833413199999997,1223.0
275456,38,1284,97,-36.944050431251526,-1.9073486328125e-06,0.2437744140625,0.0022877418450661935,8592,0.0004092704424510632,0.2,0.019874558,-0.035293933004140854,0.8064151406288147,-0.027133216040965635,-2.08251496,1223.0
275968,39,1283,98,-36.881752729415894,6.556510925292969e-07,0.1552734375,0.1801370452158153,8608,0.0004092704424510632,0.2,0.011919457,0.07003524899482727,0.8055722117424011,-0.016852475731866434,-2.08251496,1223.0
276480,39,1283,99,-36.8576055765152,-7.867813110351562e-06,0.208984375,0.0013260650121083017,8624,0.0004092704424510632,0.2,0.01592188,-0.038262419402599335,0.8052470088005066,-0.02069277817645343,-2.0802947,1223.0
276992,39,1283,100,-36.832430601119995,6.556510925292969e-07,0.223876953125,0.1673667379654944,8640,0.0004092704424510632,0.2,0.01801256,0.039662644267082214,0.803782045841217,-0.02781978520215489,-2.0802947,1223.0
277504,40,1283,101,-36.76621055603027,4.649162292480469e-06,0.275634765625,0.0024866276326065417,8656,0.0004092704424510632,0.2,0.023645295,-0.028719082474708557,0.802325963973999,-0.028783667221432552,-2.0802947,1223.0
278016,40,1283,102,-36.73091983795166,-1.430511474609375e-06,0.2535400390625,0.0025563785748090595,8672,0.0004092704424510632,0.2,0.017499685,-0.028592918068170547,0.8020145297050476,-0.026953385167871602,-2.07953661,1223.0
278528,41,1283,103,-36.70919108390808,5.960464477539062e-07,0.263671875,0.1757827252149582,8688,0.0004092704424510632,0.2,0.021846328,0.045450467616319656,0.8015425801277161,-0.02775249971455196,-2.07953661,1223.0
279040,41,1283,104,-36.66546714305878,5.364418029785156e-07,0.2301025390625,0.0016179345675482182,8704,0.0004092704424510632,0.2,0.017011788,-0.04115527123212814,0.800055742263794,-0.02509112517873291,-2.07700397,1223.0
279552,41,1283,105,-36.610012888908386,9.5367431640625e-07,0.2513427734375,0.16243812115862966,8720,0.0004092704424510632,0.2,0.024371289,0.05249945819377899,0.7990104556083679,-0.02488116402673768,-2.07700397,1223.0
280064,42,1283,106,-36.56610715389252,5.245208740234375e-06,0.2001953125,0.002038771523075411,8736,0.0004092704424510632,0.2,0.016629938,-0.022372499108314514,0.7972976565361023,-0.02240206703208969,-2.07700397,1223.0
280576,42,1283,107,-36.549991965293884,-1.430511474609375e-06,0.24951171875,0.0024576742252975237,8752,0.0004092704424510632,0.2,0.01957918,-0.03377050161361694,0.7987715005874634,-0.02528211090248078,-2.0751947800000003,1223.0
281088,43,1283,108,-36.62882912158966,2.980232238769531e-07,0.26171875,0.02394478787755361,8768,0.0004092704424510632,0.2,0.022776302,-0.020639533177018166,0.8007605075836182,-0.017252922261832282,-2.0751947800000003,1223.0
281600,43,1283,109,-36.67688322067261,-1.7881393432617188e-06,0.232177734375,0.0026442499438417144,8784,0.0004092704424510632,0.2,0.01818524,-0.03544166311621666,0.8011025190353394,-0.026395484106615186,-2.0719841000000003,1223.0
282112,43,1283,110,-36.68647515773773,7.152557373046875e-07,0.2705078125,0.1902315430343151,8800,0.0004092704424510632,0.2,0.024050655,0.060252416878938675,0.8013132810592651,-0.026445284678629832,-2.0719841000000003,1223.0
282624,44,1283,111,-36.69970381259918,-9.417533874511719e-06,0.2464599609375,0.0014804714319325285,8816,0.0004092704424510632,0.2,0.01757896,-0.0368429459631443,0.8019322156906128,-0.030393646971788257,-2.0705214300000008,1223.0
283136,44,1283,112,-36.699808955192566,5.960464477539062e-07,0.2159423828125,0.17897063866257668,8832,0.0004092704424510632,0.2,0.016757183,0.061442144215106964,0.8016000390052795,-0.022987613279838115,-2.0705214300000008,1223.0
283648,45,1282,113,-36.66986536979675,1.1324882507324219e-06,0.2305908203125,0.0024615855036245193,8848,0.0004092704424510632,0.2,0.02276942,-0.040507979691028595,0.8016036748886108,-0.022208214621059597,-2.0705214300000008,1223.0
284160,45,1282,114,-36.70693051815033,-5.960464477539062e-07,0.2008056640625,0.0028407547761162277,8864,0.0004092704424510632,0.2,0.014375798,-0.03162437304854393,0.803753137588501,-0.022635959001490846,-2.06772486,1223.0
284672,45,1282,115,-36.74749183654785,6.556510925292969e-07,0.2486572265625,0.18619263032451272,8880,0.0004092704424510632,0.2,0.02285224,0.07425783574581146,0.8030194044113159,-0.02391601461567916,-2.06772486,1223.0
285184,46,1282,116,-36.72423303127289,-4.649162292480469e-06,0.3076171875,0.0018493330280762166,8896,0.0004092704424510632,0.2,0.022279058,-0.040345046669244766,0.8036182522773743,-0.027254476939560845,-2.06484227,1223.0
285696,46,1282,117,-36.75449597835541,1.1324882507324219e-06,0.221435546875,0.17376780649647117,8912,0.0004092704424510632,0.2,0.017513365,0.05368374288082123,0.8037382960319519,-0.021697467367630452,-2.06484227,1223.0
286208,47,1282,118,-36.77054679393768,2.7418136596679688e-06,0.287109375,0.0013462136084854137,8928,0.0004092704424510632,0.2,0.024772279,-0.0374397449195385,0.8054431080818176,-0.03190540272044018,-2.06144071,1223.0
286720,47,1282,119,-36.8298624753952,1.6689300537109375e-06,0.2938232421875,0.16466109035536647,8944,0.0004092704424510632,0.2,0.019300608,0.022858180105686188,0.8060604333877563,-0.033194920426467434,-2.06144071,1223.0
287232,47,1282,120,-36.812594056129456,1.1324882507324219e-06,0.21337890625,0.0027177589108760003,8960,0.0004092704424510632,0.2,0.015214225,-0.026777233928442,0.8047778010368347,-0.02155558367667254,-2.06144071,1223.0
287744,48,1282,121,-36.77220380306244,-6.67572021484375e-06,0.2236328125,0.002422077493974939,8976,0.0004092704424510632,0.2,0.018306099,-0.03790364786982536,0.8043091297149658,-0.02298087656527059,-2.0603638199999996,1223.0
288256,48,1282,122,-36.75623667240143,-1.430511474609375e-06,0.1864013671875,0.17437865305691957,8992,0.0004092704424510632,0.2,0.016181871,0.06086036562919617,0.8033942580223083,-0.02000050959759392,-2.0603638199999996,1223.0
288768,49,1282,123,-36.69723844528198,-3.266334533691406e-05,0.1746826171875,0.0013031810958636925,9008,0.0004092704424510632,0.2,0.012324048,-0.029410555958747864,0.8011730313301086,-0.018810775713063776,-2.0583165599999997,1223.0
289280,49,1282,124,-36.63071966171265,3.5762786865234375e-07,0.1888427734375,0.1596439415588975,9024,0.0004092704424510632,0.2,0.013746448,0.041742660105228424,0.8007892370223999,-0.021600205174763687,-2.0583165599999997,1223.0
289792,49,1282,125,-36.61628592014313,8.821487426757812e-06,0.2613525390625,0.002101217967720004,9040,0.0004092704424510632,0.2,0.019993607,-0.039181143045425415,0.8001367449760437,-0.027972803538432345,-2.0583165599999997,1223.0
290304,50,1281,126,-36.601194024086,-1.3113021850585938e-06,0.2476806640625,0.0026211941039946396,9056,0.0004092704424510632,0.2,0.017599842,-0.02562982402741909,0.8000948429107666,-0.025114937001490034,-2.05618898,1223.0
290816,50,1281,127,-36.61152136325836,1.3709068298339844e-06,0.213623046875,0.1655686260201037,9072,0.0004092704424510632,0.2,0.015515002,0.0551266148686409,0.8000837564468384,-0.02144617203157395,-2.05618898,1223.0
291328,51,1281,128,-36.62005066871643,-1.9073486328125e-06,0.2442626953125,0.0017964079688681522,9088,0.0004092704424510632,0.2,0.019550387,-0.04668380692601204,0.8011204600334167,-0.02443195367231965,-2.05325004,1223.0
291840,51,1281,129,-36.6558792591095,4.76837158203125e-07,0.26220703125,0.1690163891762495,9104,0.0004092704424510632,0.2,0.018834753,0.046775635331869125,0.8020743131637573,-0.02854622623999603,-2.05325004,1223.0
292352,51,1281,130,-36.678008675575256,-1.239776611328125e-05,0.179443359375,0.0010946166639769217,9120,0.0004092704424510632,0.2,0.011586271,-0.036722466349601746,0.8022010922431946,-0.02007383202726487,-2.04972163,1223.0
292864,52,1281,131,-36.67478156089783,0.0,0.24072265625,0.15703531447798014,9136,0.0004092704424510632,0.2,0.020487327,0.0494854710996151,0.8019439578056335,-0.026509542833082378,-2.04972163,1223.0
293376,52,1281,132,-36.656402468681335,5.662441253662109e-06,0.26318359375,0.0028749011435138527,9152,0.0004092704424510632,0.2,0.018991427,-0.0316556952893734,0.8017939925193787,-0.026342959390603937,-2.04972163,1223.0
293888,53,1281,133,-36.64427053928375,-1.1920928955078125e-06,0.22021484375,0.0029574413456430193,9168,0.0004092704424510632,0.2,0.01714529,-0.033557597547769547,0.8009876608848572,-0.023831624479498714,-2.04635635,1223.0
294400,53,1281,134,-36.60058534145355,3.5762786865234375e-06,0.2059326171875,0.17167988047003746,9184,0.0004092704424510632,0.2,0.016009983,0.059512875974178314,0.8000489473342896,-0.022873143083415926,-2.04635635,1223.0
294912,53,1281,135,-36.57256329059601,-2.6464462280273438e-05,0.2568359375,0.001341794702966581,9200,0.0004092704424510632,0.2,0.02184306,-0.043562132865190506,0.7988591194152832,-0.027416542507125996,-2.04180208,1223.0
295424,54,1281,136,-36.53304982185364,-8.344650268554688e-07,0.2257080078125,0.15681475680321455,9216,0.0004092704424510632,0.2,0.015837323,0.034175481647253036,0.798331081867218,-0.027508218598086387,-2.04180208,1223.0
295936,54,1281,137,-36.537585496902466,3.2782554626464844e-06,0.3028564453125,0.0023290573954000138,9232,0.0004092704424510632,0.2,0.0254124,-0.031426481902599335,0.7990760803222656,-0.028455989027861506,-2.04180208,1223.0
296448,55,1281,138,-36.53130388259888,0.0,0.2603759765625,0.0032525366768823005,9248,0.0004092704424510632,0.2,0.018542815,-0.03582336753606796,0.7973624467849731,-0.028483899135608226,-2.04183395,1223.0
296960,55,1281,139,-36.480993151664734,7.152557373046875e-07,0.3048095703125,0.12781363492831588,9264,0.0004092704424510632,0.2,0.029197488,0.024839453399181366,0.7972216010093689,-0.028362343116896227,-2.04183395,1223.0
297472,55,1281,140,-36.50660538673401,-1.1086463928222656e-05,0.245849609375,0.0023898239014670253,9280,0.0004092704424510632,0.2,0.020370621,-0.029604094102978706,0.7992336750030518,-0.02566545852459967,-2.04076717,1223.0
297984,56,1281,141,-36.56931757926941,5.364418029785156e-07,0.2279052734375,0.17630181042477489,9296,0.0004092704424510632,0.2,0.017112888,0.058653607964515686,0.7999952435493469,-0.02699231398582924,-2.04076717,1223.0
298496,56,1281,142,-36.58630192279816,-3.9577484130859375e-05,0.27880859375,0.001183564425446093,9312,0.0004092704424510632,0.2,0.019289365,-0.04888564348220825,0.8000361919403076,-0.029375525016803294,-2.03913226,1223.0
299008,57,1281,143,-36.58395314216614,1.5497207641601562e-06,0.2626953125,0.16439128876663744,9328,0.0004092704424510632,0.2,0.02817871,0.021376442164182663,0.7995628714561462,-0.030220124041079544,-2.03913226,1223.0
299520,57,1281,144,-36.56857144832611,0.0,0.258544921875,0.0022061795207264367,9344,0.0004092704424510632,0.2,0.017318748,-0.038787420839071274,0.7993229031562805,-0.029244989200378768,-2.03913226,1223.0
300032,57,1281,145,-36.56092596054077,-4.76837158203125e-07,0.2738037109375,0.003349047008669004,9360,0.0004092704424510632,0.2,0.019650534,-0.04350181668996811,0.798907995223999,-0.02838987350696698,-2.03746191,1223.0
300544,58,1281,146,-36.54610061645508,4.172325134277344e-07,0.2413330078125,0.17554070334881544,9376,0.0004092704424510632,0.2,0.01572038,0.04395458847284317,0.7989383339881897,-0.02324540287372656,-2.03746191,1223.0
301056,58,1281,147,-36.53849422931671,6.079673767089844e-06,0.2220458984375,0.001279262271054904,9392,0.0004092704424510632,0.2,0.01442579,-0.020968137308955193,0.7984099984169006,-0.019507722929120064,-2.0360010500000003,1223.0
